#
#model:
#
#<?xml version="1.0" encoding="UTF-8" standalone="no"?><input id="posterior" spec="beast.base.inference.CompoundDistribution">
#    <distribution id="prior" spec="beast.base.inference.CompoundDistribution">
#        <distribution id="CoalescentConstant.t:H_clade_3_5state" spec="beast.base.evolution.tree.coalescent.Coalescent">
#            <populationModel id="ConstantPopulation.t:H_clade_3_5state" spec="beast.base.evolution.tree.coalescent.ConstantPopulation">
#                <parameter id="popSize.t:H_clade_3_5state" lower="0.0" name="popSize" spec="beast.base.inference.parameter.RealParameter">0.3</parameter>
#            </populationModel>
#            <treeIntervals id="TreeIntervals.t:H_clade_3_5state" spec="beast.base.evolution.tree.TreeIntervals">
#                <tree id="Tree.t:H_clade_3_5state" spec="beast.base.evolution.tree.Tree">
#                    <trait id="dateTrait.t:H_clade_3_5state" spec="beast.base.evolution.tree.TraitSet" traitname="date-backward" value="KU666057|procyonid|2012.896=2012.896,PX789676|procyonid|2019.312=2019.312,MT932511|wild_felid|1992.787=1992.787,MT932504|wild_felid|1992.667=1992.667,MT932505|procyonid|1992.000=1992.000,MT932510|procyonid|2013.268=2013.268,MT932509|procyonid|2013.230=2013.230,MT932507|wild_canid|2013.238=2013.238,MT932506|procyonid|2013.164=2013.164,MT932508|procyonid|2013.195=2013.195,EU716337|domestic_dog|2004.675=2004.675,PX789675|wild_canid|2019.304=2019.304,MW984532|wild_felid|2015.964=2015.964,MW984531|wild_felid|2015.989=2015.989,MW984530|wild_felid|2015.912=2015.912,MW984527|wild_felid|2015.951=2015.951,MW984533|procyonid|2016.322=2016.322,MW984534|mustelid|2016.336=2016.336,MW984536|mustelid|2016.301=2016.301,MH644852|mustelid|2017.660=2017.660,MH644855|mustelid|2016.973=2016.973,MH644853|mustelid|2016.973=2016.973,MH644854|mustelid|2017.301=2017.301,MH644851|procyonid|2017.167=2017.167,MH644849|wild_canid|2016.210=2016.210,PX789692|procyonid|2023.030=2023.030,PX789695|procyonid|2022.819=2022.819,PX789698|procyonid|2022.805=2022.805,PX789703|procyonid|2023.392=2023.392,MH644850|mustelid|2016.361=2016.361,PX789700|procyonid|2022.926=2022.926,MT943490|wild_felid|2013.748=2013.748,MH810099|domestic_dog|2017.970=2017.970,MW984535|procyonid|2015.951=2015.951,PX789678|domestic_dog|2021.041=2021.041,PX789674|domestic_dog|2023.622=2023.622,MK487379|procyonid|2016.500=2016.500,MK473365|wild_canid|2017.500=2017.500,MK473366|wild_canid|2017.500=2017.500,KJ123771|domestic_dog|2004.500=2004.500,KF430374|mustelid|2004.500=2004.500,KF430373|mustelid|2007.500=2007.500,KF430371|mustelid|2007.500=2007.500,KF430372|mustelid|2007.500=2007.500,MN824467|procyonid|2018.500=2018.500,MG797669|domestic_dog|2017.500=2017.500,JF283477|domestic_dog|2010.500=2010.500,OK667001|procyonid|2014.500=2014.500,OK666993|procyonid|2014.500=2014.500,OK666919|wild_canid|2013.500=2013.500,OK666870|wild_canid|2016.500=2016.500,OK666917|domestic_dog|2012.500=2012.500,OK667043|procyonid|2017.500=2017.500,OK666936|wild_canid|2017.500=2017.500,OK667038|procyonid|2017.500=2017.500,OK667026|procyonid|2016.500=2016.500,OK666884|mustelid|2016.500=2016.500,OK666997|procyonid|2014.500=2014.500,OK666983|procyonid|2014.500=2014.500,OK666886|mustelid|2016.500=2016.500,OK666974|procyonid|2014.500=2014.500,OK667009|procyonid|2015.500=2015.500,OK666928|wild_canid|2016.500=2016.500,OK666932|wild_canid|2017.500=2017.500,OK666909|wild_canid|2017.500=2017.500,OK666908|wild_canid|2017.500=2017.500,OK666912|wild_canid|2017.500=2017.500,OK667023|procyonid|2015.500=2015.500,OK666924|wild_canid|2015.500=2015.500,OK666994|procyonid|2014.500=2014.500,OK666926|wild_canid|2015.500=2015.500,OK666920|wild_canid|2015.500=2015.500,OK667030|procyonid|2016.500=2016.500,OK666872|mustelid|2015.500=2015.500,OK667039|procyonid|2017.500=2017.500,OK666905|wild_canid|2017.500=2017.500,OK666934|wild_canid|2017.500=2017.500,OK666906|wild_canid|2017.500=2017.500,OK666914|wild_canid|2017.500=2017.500,OK667025|procyonid|2016.500=2016.500,OK666904|wild_canid|2016.500=2016.500,OK666890|mustelid|2016.500=2016.500,OK666910|wild_canid|2017.500=2017.500,OK666880|mustelid|2016.500=2016.500,OK666885|mustelid|2016.500=2016.500,OK667020|procyonid|2015.500=2015.500,OK667021|procyonid|2015.500=2015.500,OK666971|procyonid|2014.500=2014.500,OK666970|procyonid|2014.500=2014.500,OK666963|procyonid|2014.500=2014.500,OK666959|procyonid|2014.500=2014.500,OK666955|procyonid|2013.500=2013.500,OK666952|procyonid|2013.500=2013.500,OK666958|procyonid|2014.500=2014.500,OK666973|procyonid|2014.500=2014.500,OK666986|procyonid|2014.500=2014.500,OK666985|procyonid|2014.500=2014.500,OK667005|procyonid|2015.500=2015.500,OK667004|procyonid|2015.500=2015.500,OK667003|procyonid|2014.500=2014.500,OK667007|procyonid|2015.500=2015.500,OK666999|procyonid|2014.500=2014.500,OK666978|procyonid|2014.500=2014.500,OK666925|wild_canid|2015.500=2015.500,OK666998|procyonid|2014.500=2014.500,OK666977|procyonid|2014.500=2014.500,OK666950|procyonid|2013.500=2013.500,OK666948|procyonid|2013.500=2013.500,OK666946|procyonid|2013.500=2013.500,OK666954|procyonid|2013.500=2013.500,OK666980|procyonid|2014.500=2014.500,OK666976|procyonid|2014.500=2014.500,OK666975|procyonid|2014.500=2014.500,OK666949|procyonid|2013.500=2013.500,OK666940|procyonid|2010.500=2010.500,OK666979|procyonid|2014.500=2014.500,OK666933|wild_canid|2017.500=2017.500,OK666911|wild_canid|2017.500=2017.500,OK666921|wild_canid|2015.500=2015.500,OK666960|procyonid|2014.500=2014.500,OK666951|procyonid|2013.500=2013.500,OK666945|procyonid|2013.500=2013.500,OK666984|procyonid|2014.500=2014.500,OK666939|mustelid|2014.500=2014.500,OK667000|procyonid|2014.500=2014.500,OK667036|procyonid|2016.500=2016.500,OK667031|procyonid|2016.500=2016.500,OK667035|procyonid|2016.500=2016.500,OK667002|procyonid|2014.500=2014.500,OK666992|procyonid|2014.500=2014.500,OK667010|procyonid|2015.500=2015.500,OK667042|procyonid|2017.500=2017.500,OK667034|procyonid|2016.500=2016.500,OK667033|procyonid|2016.500=2016.500,OK667019|procyonid|2015.500=2015.500,OK667041|procyonid|2017.500=2017.500,OK667044|procyonid|2017.500=2017.500,OK667032|procyonid|2016.500=2016.500,OK667024|procyonid|2016.500=2016.500,OK667018|procyonid|2015.500=2015.500,OK667006|procyonid|2015.500=2015.500,OK667013|procyonid|2015.500=2015.500,OK667028|procyonid|2016.500=2016.500,OK667012|procyonid|2015.500=2015.500,OK666931|wild_canid|2017.500=2017.500,OK667029|procyonid|2016.500=2016.500,OK667016|procyonid|2015.500=2015.500,OK666877|mustelid|2016.500=2016.500,OK666878|mustelid|2016.500=2016.500,OK666876|mustelid|2016.500=2016.500,OK667040|procyonid|2017.500=2017.500,OK667015|procyonid|2015.500=2015.500,OK666935|wild_canid|2017.500=2017.500,OK667037|procyonid|2016.500=2016.500,OK666927|wild_canid|2015.500=2015.500,OK666889|mustelid|2016.500=2016.500,OK667022|procyonid|2015.500=2015.500,OK666879|mustelid|2016.500=2016.500,OK666937|wild_canid|2017.500=2017.500,OK666907|wild_canid|2017.500=2017.500,MK487378|wild_felid|2016.500=2016.500,OK666930|wild_canid|2017.500=2017.500">
#                        <taxa id="TaxonSet.H_clade_3_5state" spec="beast.base.evolution.alignment.TaxonSet">
#                        </taxa>
#                    </trait>
#                    <taxonset idref="TaxonSet.H_clade_3_5state"/>
#                </tree>
#            </treeIntervals>
#        </distribution>
#        <prior id="FrequenciesPrior.s:H_clade_3_5state" name="distribution">
#            <parameter dimension="4" id="freqParameter.s:H_clade_3_5state" lower="0.0" name="x" spec="beast.base.inference.parameter.RealParameter" upper="1.0">0.25</parameter>
#            <distr id="Dirichlet.0" spec="beast.base.inference.distribution.Dirichlet">
#                <parameter dimension="4" estimate="false" id="RealParameter.12" name="alpha" spec="beast.base.inference.parameter.RealParameter">4.0 4.0 4.0 4.0</parameter>
#            </distr>
#        </prior>
#        <prior id="GammaShapePrior.s:H_clade_3_5state" name="distribution">
#            <parameter id="gammaShape.s:H_clade_3_5state" lower="0.1" name="x" spec="beast.base.inference.parameter.RealParameter">1.0</parameter>
#            <Exponential id="Exponential.0" name="distr">
#                <parameter estimate="false" id="RealParameter.0" name="mean" spec="beast.base.inference.parameter.RealParameter">1.0</parameter>
#            </Exponential>
#        </prior>
#        <prior id="KappaPrior.s:H_clade_3_5state" name="distribution">
#            <parameter id="kappa.s:H_clade_3_5state" lower="0.0" name="x" spec="beast.base.inference.parameter.RealParameter">2.0</parameter>
#            <LogNormal id="LogNormalDistributionModel.0" name="distr">
#                <parameter estimate="false" id="RealParameter.10" name="M" spec="beast.base.inference.parameter.RealParameter">1.0</parameter>
#                <parameter estimate="false" id="RealParameter.11" name="S" spec="beast.base.inference.parameter.RealParameter">1.25</parameter>
#            </LogNormal>
#        </prior>
#        <prior id="PopSizePrior.t:H_clade_3_5state" name="distribution" x="@popSize.t:H_clade_3_5state">
#            <OneOnX id="OneOnX.1" name="distr"/>
#        </prior>
#        <prior id="relativeGeoRatesPrior.s:host" name="distribution">
#            <parameter dimension="10" id="relativeGeoRates.s:host" name="x" spec="beast.base.inference.parameter.RealParameter">1.0</parameter>
#            <Gamma id="Gamma.2" name="distr">
#                <parameter estimate="false" id="RealParameter.5" name="alpha" spec="beast.base.inference.parameter.RealParameter">1.0</parameter>
#                <parameter estimate="false" id="RealParameter.6" name="beta" spec="beast.base.inference.parameter.RealParameter">1.0</parameter>
#            </Gamma>
#        </prior>
#        <prior id="geoclockPrior.c:host" name="distribution">
#            <parameter id="traitClockRate.c:host" name="x" spec="beast.base.inference.parameter.RealParameter">1.0</parameter>
#            <LogNormal id="LogNormalDistributionModel.1" name="distr">
#                <parameter estimate="false" id="RealParameter.18" name="M" spec="beast.base.inference.parameter.RealParameter">1.0</parameter>
#                <parameter estimate="false" id="RealParameter.19" lower="0.0" name="S" spec="beast.base.inference.parameter.RealParameter" upper="5.0">1.25</parameter>
#            </LogNormal>
#        </prior>
#        <prior id="MeanRatePrior.c:H_clade_3_5state" name="distribution">
#            <parameter id="ucldMean.c:H_clade_3_5state" lower="0.0" name="x" spec="beast.base.inference.parameter.RealParameter">7.46E-4</parameter>
#            <LogNormal id="LogNormalDistributionModel.2" meanInRealSpace="true" name="distr">
#                <parameter estimate="false" id="RealParameter.20" name="M" spec="beast.base.inference.parameter.RealParameter">7.46E-4</parameter>
#                <parameter estimate="false" id="RealParameter.21" lower="0.0" name="S" spec="beast.base.inference.parameter.RealParameter" upper="5.0">1.0</parameter>
#            </LogNormal>
#        </prior>
#        <prior id="ucldStdevPrior.c:H_clade_3_5state" name="distribution">
#            <parameter id="ucldStdev.c:H_clade_3_5state" lower="0.0" name="x" spec="beast.base.inference.parameter.RealParameter">0.1</parameter>
#            <Gamma id="Gamma.4" name="distr">
#                <parameter estimate="false" id="RealParameter.14" name="alpha" spec="beast.base.inference.parameter.RealParameter">0.5396</parameter>
#                <parameter estimate="false" id="RealParameter.15" name="beta" spec="beast.base.inference.parameter.RealParameter">0.3819</parameter>
#            </Gamma>
#        </prior>
#    </distribution>
#    <distribution id="likelihood" spec="beast.base.inference.CompoundDistribution" useThreads="true">
#        <distribution data="@H_clade_3_5state" id="treeLikelihood.H_clade_3_5state" spec="beast.base.evolution.likelihood.ThreadedTreeLikelihood" tree="@Tree.t:H_clade_3_5state">
#            <siteModel gammaCategoryCount="4" id="SiteModel.s:H_clade_3_5state" shape="@gammaShape.s:H_clade_3_5state" spec="beast.base.evolution.sitemodel.SiteModel">
#                <parameter estimate="false" id="mutationRate.s:H_clade_3_5state" lower="0.0" name="mutationRate" spec="beast.base.inference.parameter.RealParameter">1.0</parameter>
#                <parameter estimate="false" id="proportionInvariant.s:H_clade_3_5state" lower="0.0" name="proportionInvariant" spec="beast.base.inference.parameter.RealParameter" upper="1.0">0.0</parameter>
#                <substModel id="hky.s:H_clade_3_5state" kappa="@kappa.s:H_clade_3_5state" spec="beast.base.evolution.substitutionmodel.HKY">
#                    <frequencies frequencies="@freqParameter.s:H_clade_3_5state" id="estimatedFreqs.s:H_clade_3_5state" spec="beast.base.evolution.substitutionmodel.Frequencies"/>
#                </substModel>
#            </siteModel>
#            <branchRateModel clock.rate="@ucldMean.c:H_clade_3_5state" id="RelaxedClock.c:H_clade_3_5state" spec="beast.base.evolution.branchratemodel.UCRelaxedClockModel" tree="@Tree.t:H_clade_3_5state">
#                <LogNormal S="@ucldStdev.c:H_clade_3_5state" id="LogNormalDistributionModel.c:H_clade_3_5state" meanInRealSpace="true" name="distr">
#                    <parameter estimate="false" id="RealParameter.13" lower="0.0" name="M" spec="beast.base.inference.parameter.RealParameter" upper="1.0">1.0</parameter>
#                </LogNormal>
#                <rateCategories dimension="322" id="rateCategories.c:H_clade_3_5state" spec="beast.base.inference.parameter.IntegerParameter">1</rateCategories>
#            </branchRateModel>
#        </distribution>
#        <distribution id="traitedtreeLikelihood.host" spec="beastclassic.evolution.likelihood.AncestralStateTreeLikelihood" tag="location" tree="@Tree.t:H_clade_3_5state">
#            <data id="host" spec="beastclassic.evolution.alignment.AlignmentFromTrait">
#                <traitSet id="traitSet.host" spec="beast.base.evolution.tree.TraitSet" taxa="@TaxonSet.H_clade_3_5state" traitname="discrete">KU666057|procyonid|2012.896=procyonid,
#PX789676|procyonid|2019.312=procyonid,
#MT932511|wild_felid|1992.787=wild_felid,
#MT932504|wild_felid|1992.667=wild_felid,
#MT932505|procyonid|1992.000=procyonid,
#MT932510|procyonid|2013.268=procyonid,
#MT932509|procyonid|2013.230=procyonid,
#MT932507|wild_canid|2013.238=wild_canid,
#MT932506|procyonid|2013.164=procyonid,
#MT932508|procyonid|2013.195=procyonid,
#EU716337|domestic_dog|2004.675=domestic_dog,
#PX789675|wild_canid|2019.304=wild_canid,
#MW984532|wild_felid|2015.964=wild_felid,
#MW984531|wild_felid|2015.989=wild_felid,
#MW984530|wild_felid|2015.912=wild_felid,
#MW984527|wild_felid|2015.951=wild_felid,
#MW984533|procyonid|2016.322=procyonid,
#MW984534|mustelid|2016.336=mustelid,
#MW984536|mustelid|2016.301=mustelid,
#MH644852|mustelid|2017.660=mustelid,
#MH644855|mustelid|2016.973=mustelid,
#MH644853|mustelid|2016.973=mustelid,
#MH644854|mustelid|2017.301=mustelid,
#MH644851|procyonid|2017.167=procyonid,
#MH644849|wild_canid|2016.210=wild_canid,
#PX789692|procyonid|2023.030=procyonid,
#PX789695|procyonid|2022.819=procyonid,
#PX789698|procyonid|2022.805=procyonid,
#PX789703|procyonid|2023.392=procyonid,
#MH644850|mustelid|2016.361=mustelid,
#PX789700|procyonid|2022.926=procyonid,
#MT943490|wild_felid|2013.748=wild_felid,
#MH810099|domestic_dog|2017.970=domestic_dog,
#MW984535|procyonid|2015.951=procyonid,
#PX789678|domestic_dog|2021.041=domestic_dog,
#PX789674|domestic_dog|2023.622=domestic_dog,
#MK487379|procyonid|2016.500=procyonid,
#MK473365|wild_canid|2017.500=wild_canid,
#MK473366|wild_canid|2017.500=wild_canid,
#KJ123771|domestic_dog|2004.500=domestic_dog,
#KF430374|mustelid|2004.500=mustelid,
#KF430373|mustelid|2007.500=mustelid,
#KF430371|mustelid|2007.500=mustelid,
#KF430372|mustelid|2007.500=mustelid,
#MN824467|procyonid|2018.500=procyonid,
#MG797669|domestic_dog|2017.500=domestic_dog,
#JF283477|domestic_dog|2010.500=domestic_dog,
#OK667001|procyonid|2014.500=procyonid,
#OK666993|procyonid|2014.500=procyonid,
#OK666919|wild_canid|2013.500=wild_canid,
#OK666870|wild_canid|2016.500=wild_canid,
#OK666917|domestic_dog|2012.500=domestic_dog,
#OK667043|procyonid|2017.500=procyonid,
#OK666936|wild_canid|2017.500=wild_canid,
#OK667038|procyonid|2017.500=procyonid,
#OK667026|procyonid|2016.500=procyonid,
#OK666884|mustelid|2016.500=mustelid,
#OK666997|procyonid|2014.500=procyonid,
#OK666983|procyonid|2014.500=procyonid,
#OK666886|mustelid|2016.500=mustelid,
#OK666974|procyonid|2014.500=procyonid,
#OK667009|procyonid|2015.500=procyonid,
#OK666928|wild_canid|2016.500=wild_canid,
#OK666932|wild_canid|2017.500=wild_canid,
#OK666909|wild_canid|2017.500=wild_canid,
#OK666908|wild_canid|2017.500=wild_canid,
#OK666912|wild_canid|2017.500=wild_canid,
#OK667023|procyonid|2015.500=procyonid,
#OK666924|wild_canid|2015.500=wild_canid,
#OK666994|procyonid|2014.500=procyonid,
#OK666926|wild_canid|2015.500=wild_canid,
#OK666920|wild_canid|2015.500=wild_canid,
#OK667030|procyonid|2016.500=procyonid,
#OK666872|mustelid|2015.500=mustelid,
#OK667039|procyonid|2017.500=procyonid,
#OK666905|wild_canid|2017.500=wild_canid,
#OK666934|wild_canid|2017.500=wild_canid,
#OK666906|wild_canid|2017.500=wild_canid,
#OK666914|wild_canid|2017.500=wild_canid,
#OK667025|procyonid|2016.500=procyonid,
#OK666904|wild_canid|2016.500=wild_canid,
#OK666890|mustelid|2016.500=mustelid,
#OK666910|wild_canid|2017.500=wild_canid,
#OK666880|mustelid|2016.500=mustelid,
#OK666885|mustelid|2016.500=mustelid,
#OK667020|procyonid|2015.500=procyonid,
#OK667021|procyonid|2015.500=procyonid,
#OK666971|procyonid|2014.500=procyonid,
#OK666970|procyonid|2014.500=procyonid,
#OK666963|procyonid|2014.500=procyonid,
#OK666959|procyonid|2014.500=procyonid,
#OK666955|procyonid|2013.500=procyonid,
#OK666952|procyonid|2013.500=procyonid,
#OK666958|procyonid|2014.500=procyonid,
#OK666973|procyonid|2014.500=procyonid,
#OK666986|procyonid|2014.500=procyonid,
#OK666985|procyonid|2014.500=procyonid,
#OK667005|procyonid|2015.500=procyonid,
#OK667004|procyonid|2015.500=procyonid,
#OK667003|procyonid|2014.500=procyonid,
#OK667007|procyonid|2015.500=procyonid,
#OK666999|procyonid|2014.500=procyonid,
#OK666978|procyonid|2014.500=procyonid,
#OK666925|wild_canid|2015.500=wild_canid,
#OK666998|procyonid|2014.500=procyonid,
#OK666977|procyonid|2014.500=procyonid,
#OK666950|procyonid|2013.500=procyonid,
#OK666948|procyonid|2013.500=procyonid,
#OK666946|procyonid|2013.500=procyonid,
#OK666954|procyonid|2013.500=procyonid,
#OK666980|procyonid|2014.500=procyonid,
#OK666976|procyonid|2014.500=procyonid,
#OK666975|procyonid|2014.500=procyonid,
#OK666949|procyonid|2013.500=procyonid,
#OK666940|procyonid|2010.500=procyonid,
#OK666979|procyonid|2014.500=procyonid,
#OK666933|wild_canid|2017.500=wild_canid,
#OK666911|wild_canid|2017.500=wild_canid,
#OK666921|wild_canid|2015.500=wild_canid,
#OK666960|procyonid|2014.500=procyonid,
#OK666951|procyonid|2013.500=procyonid,
#OK666945|procyonid|2013.500=procyonid,
#OK666984|procyonid|2014.500=procyonid,
#OK666939|mustelid|2014.500=mustelid,
#OK667000|procyonid|2014.500=procyonid,
#OK667036|procyonid|2016.500=procyonid,
#OK667031|procyonid|2016.500=procyonid,
#OK667035|procyonid|2016.500=procyonid,
#OK667002|procyonid|2014.500=procyonid,
#OK666992|procyonid|2014.500=procyonid,
#OK667010|procyonid|2015.500=procyonid,
#OK667042|procyonid|2017.500=procyonid,
#OK667034|procyonid|2016.500=procyonid,
#OK667033|procyonid|2016.500=procyonid,
#OK667019|procyonid|2015.500=procyonid,
#OK667041|procyonid|2017.500=procyonid,
#OK667044|procyonid|2017.500=procyonid,
#OK667032|procyonid|2016.500=procyonid,
#OK667024|procyonid|2016.500=procyonid,
#OK667018|procyonid|2015.500=procyonid,
#OK667006|procyonid|2015.500=procyonid,
#OK667013|procyonid|2015.500=procyonid,
#OK667028|procyonid|2016.500=procyonid,
#OK667012|procyonid|2015.500=procyonid,
#OK666931|wild_canid|2017.500=wild_canid,
#OK667029|procyonid|2016.500=procyonid,
#OK667016|procyonid|2015.500=procyonid,
#OK666877|mustelid|2016.500=mustelid,
#OK666878|mustelid|2016.500=mustelid,
#OK666876|mustelid|2016.500=mustelid,
#OK667040|procyonid|2017.500=procyonid,
#OK667015|procyonid|2015.500=procyonid,
#OK666935|wild_canid|2017.500=wild_canid,
#OK667037|procyonid|2016.500=procyonid,
#OK666927|wild_canid|2015.500=wild_canid,
#OK666889|mustelid|2016.500=mustelid,
#OK667022|procyonid|2015.500=procyonid,
#OK666879|mustelid|2016.500=mustelid,
#OK666937|wild_canid|2017.500=wild_canid,
#OK666907|wild_canid|2017.500=wild_canid,
#MK487378|wild_felid|2016.500=wild_felid,
#OK666930|wild_canid|2017.500=wild_canid</traitSet>
#                <userDataType codeMap="domestic_dog=0,mustelid=1,procyonid=2,wild_canid=3,wild_felid=4,? = 0 1 2 3 4 " codelength="-1" id="traitDataType.host" spec="beast.base.evolution.datatype.UserDataType" states="5"/>
#            </data>
#            <siteModel gammaCategoryCount="1" id="geoSiteModel.s:host" spec="beast.base.evolution.sitemodel.SiteModel">
#                <parameter estimate="false" id="mutationRate.s:host" name="mutationRate" spec="beast.base.inference.parameter.RealParameter">1.0</parameter>
#                <parameter estimate="false" id="gammaShape.s:host" name="shape" spec="beast.base.inference.parameter.RealParameter">1.0</parameter>
#                <parameter estimate="false" id="proportionInvariant.s:host" lower="0.0" name="proportionInvariant" spec="beast.base.inference.parameter.RealParameter" upper="1.0">0.0</parameter>
#                <substModel id="svs.s:host" rates="@relativeGeoRates.s:host" spec="beastclassic.evolution.substitutionmodel.SVSGeneralSubstitutionModel">
#                    <rateIndicator dimension="10" estimate="false" id="rateIndicator.s:host" spec="beast.base.inference.parameter.BooleanParameter">true</rateIndicator>
#                    <frequencies id="traitfreqs.s:host" spec="beast.base.evolution.substitutionmodel.Frequencies">
#                        <parameter dimension="5" id="traitfrequencies.s:host" name="frequencies" spec="beast.base.inference.parameter.RealParameter">0.2</parameter>
#                    </frequencies>
#                </substModel>
#            </siteModel>
#            <branchRateModel clock.rate="@traitClockRate.c:host" id="StrictClockModel.c:host" spec="beast.base.evolution.branchratemodel.StrictClockModel"/>
#        </distribution>
#    </distribution>
#</input>
#
Sample	posterior	likelihood	prior	treeLikelihood	Tree.height	Tree.treeLength	traitClockRate.host	relativeGeoRates.host.1	relativeGeoRates.host.2	relativeGeoRates.host.3	relativeGeoRates.host.4	relativeGeoRates.host.5	relativeGeoRates.host.6	relativeGeoRates.host.7	relativeGeoRates.host.8	relativeGeoRates.host.9	relativeGeoRates.host.10	geoSubstModelLogger.host.relGeoRate_domestic_dog_mustelid	geoSubstModelLogger.host.relGeoRate_domestic_dog_procyonid	geoSubstModelLogger.host.relGeoRate_domestic_dog_wild_canid	geoSubstModelLogger.host.relGeoRate_domestic_dog_wild_felid	geoSubstModelLogger.host.relGeoRate_mustelid_procyonid	geoSubstModelLogger.host.relGeoRate_mustelid_wild_canid	geoSubstModelLogger.host.relGeoRate_mustelid_wild_felid	geoSubstModelLogger.host.relGeoRate_procyonid_wild_canid	geoSubstModelLogger.host.relGeoRate_procyonid_wild_felid	geoSubstModelLogger.host.relGeoRate_wild_canid_wild_felid	kappa.H_clade_3_5state	freqParameter.H_clade_3_5state.1	freqParameter.H_clade_3_5state.2	freqParameter.H_clade_3_5state.3	freqParameter.H_clade_3_5state.4	gammaShape.H_clade_3_5state	popSize	CoalescentConstant	ucldMean.H_clade_3_5state	ucldStdev.H_clade_3_5state	rate.H_clade_3_5state.mean	rate.H_clade_3_5state.variance	rate.H_clade_3_5state.coefficientOfVariation
0	-38486.59120353074	-38133.888952003595	-352.7022515271448	-37904.07720084843	33.513796540822156	76.4083526090271	1.0	1.0	1.0	1.0	1.0	1.0	1.0	1.0	1.0	1.0	1.0	1.0	1.0	1.0	1.0	1.0	1.0	1.0	1.0	1.0	1.0	2.0	0.25	0.25	0.25	0.25	1.0	0.3	-350.6516939561442	7.46E-4	0.1	7.332960614465534E-4	5.017791004420235E-9	0.09486143278952672
100000	-10295.281600601471	-9405.080682852271	-890.2009177492001	-9238.26730590312	148.3601815921859	1037.2583890025917	0.15163515132058406	0.32012998118558034	0.02533600330114377	0.741693945936013	0.983919744377516	0.8243307654079594	2.004154711195816	0.3407173871716078	1.9424271684905383	0.1514895784511409	0.20720105326963487	0.32012998118558034	0.02533600330114377	0.741693945936013	0.983919744377516	0.8243307654079594	2.004154711195816	0.3407173871716078	1.9424271684905383	0.1514895784511409	0.20720105326963487	6.798923646341947	0.31447111560670826	0.2536821618315852	0.20960368874893961	0.222243033812767	0.32373768956812493	79.10578682581577	-879.5233865378626	9.757154858536572E-4	1.0849717286193437	8.269627002304937E-4	3.0488240391171296E-7	0.598190149513979
200000	-10157.239897179086	-9188.019825930363	-969.2200712487224	-9022.1111276573	123.3683094545704	1419.1181032855486	0.07407399276474495	0.696709431585975	0.04956950990221118	0.6740724326980395	0.4049949200508618	1.039580217034699	0.23223584645758988	0.13995265082395034	2.890113887042382	0.1740037839145055	0.03027516992348015	0.696709431585975	0.04956950990221118	0.6740724326980395	0.4049949200508618	1.039580217034699	0.23223584645758988	0.13995265082395034	2.890113887042382	0.1740037839145055	0.03027516992348015	7.233691605031402	0.30782876558017835	0.23468726463682046	0.21842666005803107	0.23905730972497022	0.32373768956812493	128.52662916262585	-957.818558316912	7.433523308629581E-4	1.4423007607607132	6.399582119388918E-4	3.4142961043263856E-7	0.8142048691469329
300000	-9686.70304589002	-8712.39019406972	-974.3128518203018	-8549.87138029291	102.84476105158129	1351.5733217638451	0.0925178836820643	0.2645943302732529	0.1278278569930647	0.10325553512902533	1.2231267856595174	0.2939142189911881	2.245508589689391	0.05914539185953365	4.106040381526467	0.11241101447714788	1.0601900862990339	0.2645943302732529	0.1278278569930647	0.10325553512902533	1.2231267856595174	0.2939142189911881	2.245508589689391	0.05914539185953365	4.106040381526467	0.11241101447714788	1.0601900862990339	6.71764812304055	0.30721319172515155	0.2177769249709393	0.20791645203395817	0.26709343126995105	0.42924881019289346	168.33634292508972	-961.6578171735403	4.970808998126371E-4	0.9383194730554786	4.4743181357604587E-4	1.1909465967389384E-7	0.7069317397265871
400000	-9680.815257287815	-8717.357088968232	-963.4581683195823	-8546.529980731677	97.30191932597239	1249.7240900318375	0.113093410423254	0.31804466809179616	0.1983837597150369	0.024713054592395745	0.3854360306856323	0.700613273959946	1.4173836952523409	0.7325231228627408	4.332355348067794	0.16151022508003995	1.0900378860994517	0.31804466809179616	0.1983837597150369	0.024713054592395745	0.3854360306856323	0.700613273959946	1.4173836952523409	0.7325231228627408	4.332355348067794	0.16151022508003995	1.0900378860994517	7.262806508703677	0.29844558404075794	0.21361000454962004	0.21029649676345386	0.2776479146461683	0.5868335879510345	147.9867217717389	-951.7957522179561	4.3641359896881836E-4	0.763943182190342	4.242458189462038E-4	1.5811821571940644E-7	0.8662795157569743
500000	-9731.983869961201	-8688.553963335342	-1043.4299066258598	-8527.983256308806	159.61624982747196	2019.1642982105686	0.09385111800386428	0.8990165766076166	0.016770825355929456	0.06151902718471815	2.7881427478766514	0.7420587953082531	3.38634152328641	0.3017730436056029	4.305908455605119	0.316962616132835	0.11244040917952376	0.8990165766076166	0.016770825355929456	0.06151902718471815	2.7881427478766514	0.7420587953082531	3.38634152328641	0.3017730436056029	4.305908455605119	0.316962616132835	0.11244040917952376	6.263562637366358	0.29325354692378036	0.20464612175958385	0.21363344824646963	0.28846688307016627	0.4332250426364674	203.52582966443356	-1027.2999687775023	4.30769963368189E-4	1.00439186216619	3.4017324185718335E-4	1.0654338832696128E-7	0.7780653489534759
600000	-9689.0180859748	-8716.57650480792	-972.4415811668799	-8542.414834260237	104.4214391563346	1367.3013301526473	0.08057471949549133	0.8661600189203361	0.07527575266555865	0.13575357751593176	0.9075873729746089	1.011765913235971	0.22073658080031933	0.1932179509019534	5.510693240336626	0.9035192165074357	0.5881699198512952	0.8661600189203361	0.07527575266555865	0.13575357751593176	0.9075873729746089	1.011765913235971	0.22073658080031933	0.1932179509019534	5.510693240336626	0.9035192165074357	0.5881699198512952	6.273647771179966	0.2971720816759802	0.20332754221407284	0.21441228185124195	0.2850880942587051	0.4107602737120834	142.97077836942802	-959.0763050597996	5.09188391774635E-4	0.9287977815056176	4.209186261833798E-4	2.7952022460230683E-7	1.041077087792495
700000	-9715.502020345179	-8714.814827506387	-1000.6871928387918	-8543.45453690914	119.00588950023077	1514.7082801014299	0.09652929064413625	0.011411147441089137	0.451516372330474	0.22189499073056326	0.6134393946426816	0.007575420724156187	4.035450464701761	0.1636829327240378	5.432016535256508	1.169194043650527	0.29398240899397216	0.011411147441089137	0.451516372330474	0.22189499073056326	0.6134393946426816	0.007575420724156187	4.035450464701761	0.1636829327240378	5.432016535256508	1.169194043650527	0.29398240899397216	6.2760097101268215	0.3129552377807292	0.20136350396625569	0.21805337653419776	0.2676278817188174	0.46573739557688554	189.9615177046137	-985.4620432571484	4.2020407887651586E-4	0.9069818288869089	3.688601545080757E-4	1.4818590329389025E-7	0.9227422681914376
800000	-9685.777889637138	-8699.86688919891	-985.9110004382283	-8536.93319023617	117.7511895941153	1442.3622778583967	0.08001854784730687	0.03665082809618672	0.21272385150904602	3.7465349371247445	0.9497911403852518	1.088999863558219	1.1474342929306083	0.09436026195265163	5.526613149989117	0.2642173602798039	1.455407732422802	0.03665082809618672	0.21272385150904602	3.7465349371247445	0.9497911403852518	1.088999863558219	1.1474342929306083	0.09436026195265163	5.526613149989117	0.2642173602798039	1.455407732422802	6.02769525419618	0.2971792593007847	0.20173099429528044	0.21423406179594554	0.2868556846079894	0.4685180089117554	152.02024382637805	-969.2490701955029	4.263413868653065E-4	0.70746596943383	4.070331494783305E-4	1.283576743085017E-7	0.8339541238920339
900000	-9658.515916259148	-8681.675928526443	-976.8399877327046	-8517.911698286824	131.08361011871762	1441.6965754576952	0.06320690499482605	0.26385598540549876	0.20874564609862112	0.020631157853917705	0.6987733554665954	1.4513569908707484	0.13279313552527883	0.08719409613208588	3.03546707886514	0.11737992031763354	1.1050135587927175	0.26385598540549876	0.20874564609862112	0.020631157853917705	0.6987733554665954	1.4513569908707484	0.13279313552527883	0.08719409613208588	3.03546707886514	0.11737992031763354	1.1050135587927175	4.949893836977676	0.29651912617938864	0.20372165261833736	0.21423406179594554	0.28552515940632855	0.5136709307052281	158.6502409927384	-967.5123292544367	4.2514502197279466E-4	0.695793901719643	3.7276081909187346E-4	1.200046291510565E-7	0.8089840019181362
1000000	-9657.512229836202	-8662.869155771667	-994.6430740645359	-8503.353189442865	122.7985050084925	1576.6517294524456	0.05396263462096621	0.7434414277629933	0.10955498293704313	0.2615989617197254	0.39309960963006246	0.806214630979765	1.1035504231806843	0.33326906537940787	6.620401159330243	0.6365732361996047	1.6163607817938557E-4	0.7434414277629933	0.10955498293704313	0.2615989617197254	0.39309960963006246	0.806214630979765	1.1035504231806843	0.33326906537940787	6.620401159330243	0.6365732361996047	1.6163607817938557E-4	6.226690246859959	0.3040364293232677	0.21594455605584092	0.21434189749677143	0.26567711712412	0.6028768094915181	157.46454861158128	-980.1630929554352	4.7929867686197263E-4	0.862292614990264	3.6669037168831915E-4	1.7416667110587308E-7	0.8809155035509854
1100000	-9629.258704455428	-8674.406027988754	-954.8526764666733	-8505.613259733987	94.94461964335393	1216.6621848661284	0.14219272390719148	1.5057051746613332	0.1258809159610425	1.0067365689778582	0.13865171309041724	0.07553130026223824	3.23515542423919	0.04114741239635576	1.9123981160153427	0.0215794004169934	0.45521544438384637	1.5057051746613332	0.1258809159610425	1.0067365689778582	0.13865171309041724	0.07553130026223824	3.23515542423919	0.04114741239635576	1.9123981160153427	0.0215794004169934	0.45521544438384637	6.728004054867012	0.3044962310283095	0.20599397245621204	0.21316648347211276	0.2763433130433656	0.6142905810210678	124.83496380917605	-944.3982694678627	5.429545787157147E-4	0.7219487863967626	4.588621799232723E-4	1.7441090839381386E-7	0.8196764841364519
1200000	-9597.84357964586	-8670.199836919923	-927.6437427259372	-8505.119443875888	83.61592456386242	1049.8197086895116	0.08488431237633662	0.2523997213581865	0.02128082720693664	0.7270119757820143	1.1149916460273481	1.882737379298746	0.42496686005928036	1.5357905257561306	4.517347556992448	0.0996543927463997	1.4897333421253762	0.2523997213581865	0.02128082720693664	0.7270119757820143	1.1149916460273481	1.882737379298746	0.42496686005928036	1.5357905257561306	4.517347556992448	0.0996543927463997	1.4897333421253762	6.298598840873227	0.30483295762434826	0.2062499408888668	0.21357311853420954	0.2753439829525753	0.5093908788530641	92.90857107722476	-912.8082584124105	6.258845029591056E-4	0.9156139904919296	5.191575224315647E-4	3.0803420238186716E-7	0.8805273721040853
1300000	-9628.074677220424	-8670.94993669845	-957.1247405219747	-8504.432502981152	119.50478488543742	1264.2178495449148	0.10055417701434895	1.3092475594777773	0.04021413858551079	3.3389021633461042	0.03939619496729746	2.1972340214626382	1.4510536866063193	0.40932967784456137	5.313741701303871	1.1303532471103142	0.08240657316368727	1.3092475594777773	0.04021413858551079	3.3389021633461042	0.03939619496729746	2.1972340214626382	1.4510536866063193	0.40932967784456137	5.313741701303871	1.1303532471103142	0.08240657316368727	6.333012833366494	0.32007260646074204	0.20724841362746868	0.2033128584981489	0.2693661214136403	0.5093908788530641	155.69734726867685	-938.8006324752955	5.614157202489866E-4	0.9157974904167894	4.6833396641352454E-4	2.0717231695077583E-7	0.8249425333398903
1400000	-9657.532942344162	-8677.306193450633	-980.2267488935279	-8505.389904058768	108.41522375231986	1419.0757000306066	0.09971220741056873	0.21865142448903327	0.506642726008582	1.9602189636043887	0.12389457702955899	0.7511376025321326	0.3019910370896404	0.6455239753943105	2.243371235902923	0.12033022342443955	0.30386935826159195	0.21865142448903327	0.506642726008582	1.9602189636043887	0.12389457702955899	0.7511376025321326	0.3019910370896404	0.6455239753943105	2.243371235902923	0.12033022342443955	0.30386935826159195	6.49770728598865	0.303429954048276	0.21185935616137605	0.20606282478544585	0.278647865004902	0.5093908788530641	148.6184887315235	-970.7957950637859	4.437380881126026E-4	0.77253751503874	3.856902522757822E-4	1.3786418768391763E-7	0.8578151709885297
1500000	-9642.854107006113	-8688.329991257555	-954.5241157485576	-8512.379521492749	136.87335595663305	1383.756518784473	0.1556506350220793	1.0059609247018364	0.017849208383822257	0.17251537938522443	0.590172356382751	0.4806855032198195	0.5885721296496417	0.4917279364795117	1.0728737044487433	0.40861870563385655	0.7195119499681608	1.0059609247018364	0.017849208383822257	0.17251537938522443	0.590172356382751	0.4806855032198195	0.5885721296496417	0.4917279364795117	1.0728737044487433	0.40861870563385655	0.7195119499681608	6.212717118508791	0.30791391015768893	0.2149558839505309	0.19748672797776481	0.2796434779140153	0.3890856255916608	146.98245681714818	-947.440996020877	4.509752009024621E-4	0.7316564455439066	3.66690661320257E-4	1.5537078343806636E-7	0.868755635132786
1600000	-9665.90663382373	-8686.62428227413	-979.2823515496008	-8519.154008724885	121.90019665913596	1487.6400795604611	0.09260902252088506	1.1519642430863846	0.12204386317627722	0.3149374490489908	0.009011877995684765	1.3990986093474012	1.1929330973480814	0.8252741378674875	6.096191607206344	0.37724989051093266	0.7427237688476304	1.1519642430863846	0.12204386317627722	0.3149374490489908	0.009011877995684765	1.3990986093474012	1.1929330973480814	0.8252741378674875	6.096191607206344	0.37724989051093266	0.7427237688476304	6.7568461827903326	0.31778972854023146	0.20879227761693264	0.20705172286814646	0.2663662709746894	0.5946819380349903	149.28651193977976	-964.7526697628098	4.013055428919228E-4	0.7338876159616102	3.674086112805725E-4	1.47783538303652E-7	0.9025238375773316
1700000	-9603.609479810486	-8677.789174368625	-925.8203054418615	-8508.675757480501	88.46943055790928	1066.856334398747	0.07693316584801499	0.25483451549679403	1.1377124847192115	1.2651291616756075	0.2441178832232851	0.8637281583672884	1.0273179852711576	0.2540458104531385	4.6406041589899125	0.165676482164622	0.23758397902304715	0.25483451549679403	1.1377124847192115	1.2651291616756075	0.2441178832232851	0.8637281583672884	1.0273179852711576	0.2540458104531385	4.6406041589899125	0.165676482164622	0.23758397902304715	6.24371183332262	0.30268576141380715	0.20509728328244392	0.20467989793539076	0.2875370573683581	0.4054139141796757	115.87282216546282	-912.9721494856653	6.853742578013106E-4	0.789462978688218	5.489331653829672E-4	3.8557070918028345E-7	0.955871162949381
1800000	-9588.641385166437	-8683.551648075827	-905.0897370906104	-8519.368112192054	82.8006920940998	955.3913388536226	0.05748826813357437	1.0615229003137698	0.8326053851569781	0.41663907180296933	0.4260882099487594	1.147109022775388	0.8164097257212182	0.23095055751674465	4.292194853074493	0.8563076176472993	0.7592487911141149	1.0615229003137698	0.8326053851569781	0.41663907180296933	0.4260882099487594	1.147109022775388	0.8164097257212182	0.23095055751674465	4.292194853074493	0.8563076176472993	0.7592487911141149	6.607743446787837	0.29894919603868186	0.20042028030149972	0.2068510433696541	0.29377948029016426	0.4386997936443855	85.54755139027158	-890.3861031626998	6.950141755907377E-4	1.0647814830847961	6.118068647411462E-4	3.510855695545562E-7	0.8478966598329518
1900000	-9617.819146087755	-8687.136919345987	-930.6822267417676	-8524.52207851079	104.38077232649479	1167.0983937866317	0.09519130500714149	0.7374387141979981	0.3455092059480733	0.10212506832606619	0.2855495407758814	0.9257480948484003	1.1953543998154692	0.07419053979806167	6.043301834685267	0.41068847236301687	0.49249177324278515	0.7374387141979981	0.3455092059480733	0.10212506832606619	0.2855495407758814	0.9257480948484003	1.1953543998154692	0.07419053979806167	6.043301834685267	0.41068847236301687	0.49249177324278515	5.923116228252829	0.31313555760749656	0.20730223932085004	0.2008459797082732	0.27871622336338014	0.5179822411782772	105.71322952107465	-917.5718310728955	5.859371056390692E-4	0.8686336844440337	5.016748175814315E-4	3.83191585011001E-7	1.0320278826651297
2000000	-9605.473069461323	-8687.105331139051	-918.3677383222714	-8517.903131275332	81.31450728548826	1076.6990887673653	0.1442555812292464	0.4936155836759913	0.06230065875340598	1.1870816206732955	0.2548991971578603	0.7846436158536942	0.21613310479449352	1.2471190787824697	4.888058055772587	0.09613379917881157	1.5725858771479693	0.4936155836759913	0.06230065875340598	1.1870816206732955	0.2548991971578603	0.7846436158536942	0.21613310479449352	1.2471190787824697	4.888058055772587	0.09613379917881157	1.5725858771479693	5.957709816950537	0.30184916288896174	0.1875406541409545	0.22517930457259627	0.2854308783974874	0.4501532925283765	83.15136687835351	-905.696397276212	6.066821443801331E-4	0.8845761283923013	5.017767059465768E-4	6.017846657197195E-7	1.211459119109977
2100000	-9642.472901384435	-8685.116040600458	-957.3568607839774	-8521.905102421306	88.02136856462633	1288.9620381397147	0.08897447904605817	0.4472876215830987	0.06745594265463178	1.3333504975312576	0.6021909467223269	0.7120750330861556	1.6334071806378283	0.7427941653691651	2.293987724986243	0.2604469587981144	0.0976970336692672	0.4472876215830987	0.06745594265463178	1.3333504975312576	0.6021909467223269	0.7120750330861556	1.6334071806378283	0.7427941653691651	2.293987724986243	0.2604469587981144	0.0976970336692672	6.966937428213623	0.30142413454726463	0.19829769186586546	0.21525406199999236	0.2850241115868773	0.5358462298847404	117.4266037094367	-947.0564956657331	4.95281948625655E-4	0.6768858138650334	4.2606818134661154E-4	1.276021986647497E-7	0.737276969898454
2200000	-9602.293165488947	-8693.802243408509	-908.4909220804376	-8511.162410754861	86.32676975116222	1073.5562152008677	0.28477719024103715	0.2509007243861355	0.036869608267526485	0.20831746629235387	1.64824092394531	0.18984803682668513	0.803477014213567	0.16641815092408233	1.1778619207875145	0.14754728995654673	0.18546262337016506	0.2509007243861355	0.036869608267526485	0.20831746629235387	1.64824092394531	0.18984803682668513	0.803477014213567	0.16641815092408233	1.1778619207875145	0.14754728995654673	0.18546262337016506	6.490043600311426	0.3012756633887838	0.19865401018442863	0.2296567586876714	0.2704135677391159	0.5100192277123741	99.9209139346779	-901.3745069161133	7.045232277173461E-4	1.002858125670294	5.712527247453228E-4	5.793983361076054E-7	1.0369295683300646
2300000	-9625.072561145382	-8707.514565040248	-917.5579961051334	-8541.724222184275	103.38614517768244	1099.8335866052535	0.12261425624069304	0.37654365747697327	0.10332011725571985	0.2720730329998535	1.502521921289139	1.631934447345893	2.2500561141050035	0.6758648321936339	4.688696291987354	0.16300639805415343	0.17137250551749586	0.37654365747697327	0.10332011725571985	0.2720730329998535	1.502521921289139	1.631934447345893	2.2500561141050035	0.6758648321936339	4.688696291987354	0.16300639805415343	0.17137250551749586	5.77732562390429	0.2924927076418112	0.21921654105987998	0.21364108242788557	0.274649668870423	0.5938314276920554	102.18630006646946	-903.2000327038909	7.83736433074839E-4	0.8639053711099315	5.458874537153895E-4	3.9853746866279406E-7	0.867846888371361
2400000	-9615.359706999967	-8688.64986003489	-926.7098469650775	-8511.93749420741	84.94422596591986	1112.8961930701353	0.1808302332508403	0.02972710162486727	0.08534580689730464	0.41707967561784726	3.3755887616196754	0.7975817121433944	0.07871024161415457	0.2321328502304788	4.097222041064747	0.31291991182856477	0.40900907658076135	0.02972710162486727	0.08534580689730464	0.41707967561784726	3.3755887616196754	0.7975817121433944	0.07871024161415457	0.2321328502304788	4.097222041064747	0.31291991182856477	0.40900907658076135	7.146390218173721	0.2932602743178725	0.2114962883613623	0.22034236043758995	0.27490107688317494	0.40716747209853216	105.31204610231215	-915.6667256533076	5.411513673404484E-4	0.6613612527254045	4.847939514326993E-4	2.2692630613708903E-7	0.8609793917843102
2500000	-9637.06350978319	-8657.699510960105	-979.363998823085	-8489.06898842059	122.59275882632815	1546.704367696083	0.0743978085885471	0.6201014446750079	0.18210903313247678	0.32338406982527496	0.01536193877982454	0.7350738702371642	2.7478049323193305	1.2041546867067972	6.564852680857462	0.04699978078526665	0.7895109605880322	0.6201014446750079	0.18210903313247678	0.32338406982527496	0.01536193877982454	0.7350738702371642	2.7478049323193305	1.2041546867067972	6.564852680857462	0.04699978078526665	0.7895109605880322	6.668150678200343	0.2932602743178725	0.22856418947594814	0.20991007471799908	0.26826546148818	0.5747704044998228	147.6414011367602	-963.1733877302885	4.3971456878342385E-4	0.875863346969632	3.7280093560198744E-4	2.6176731236508807E-7	1.0800066680587803
2600000	-9649.256977958614	-8673.736700758764	-975.5202771998494	-8502.666934724995	124.69791852402722	1445.0761237235586	0.08217364951275638	0.15211159909851163	0.03514627351070575	1.6723595445777988	0.7283478254399425	1.1866996336751254	0.7199880814472429	1.4234285592915235	5.82235920023627	0.6379891453267796	2.279118025503772	0.15211159909851163	0.03514627351070575	1.6723595445777988	0.7283478254399425	1.1866996336751254	0.7199880814472429	1.4234285592915235	5.82235920023627	0.6379891453267796	2.279118025503772	5.772324974581174	0.28642042241432564	0.21684160753673062	0.210971575625726	0.28576639442321744	0.5041812928692374	121.92261939799866	-958.6494291454438	4.8566323114726897E-4	0.7923985326764211	3.709108429170174E-4	2.355970117388345E-7	1.0450322671862369
2700000	-9663.122304334685	-8678.478815023569	-984.6434893111157	-8511.010541608282	129.01500512055543	1543.356040957716	0.13859514157487177	0.007116633685178439	0.09683641501167395	0.0631689529176259	1.0916477029261666	0.3332781656459682	2.3186945655998947	0.10541876149403906	2.3992837237959916	0.0564755787752816	1.1739729317172631	0.007116633685178439	0.09683641501167395	0.0631689529176259	1.0916477029261666	0.3332781656459682	2.3186945655998947	0.10541876149403906	2.3992837237959916	0.0564755787752816	1.1739729317172631	6.939420651254362	0.30200404551354393	0.20779861158063095	0.2154786320770938	0.27471871082873106	0.5041812928692374	155.98709745202865	-974.0040446385824	5.453830713744837E-4	1.0016686653191107	4.1402861515767327E-4	1.6488124027233579E-7	0.7818271667660356
2800000	-9666.630252462552	-8669.690852091031	-996.9394003715198	-8508.54683333618	113.59584330003165	1528.7033823408146	0.08300941288802753	0.3025284373651899	0.16061870595369315	0.1414594255864072	2.2572189937685367	0.3419290366566314	1.161093425182832	0.12634415236488192	1.6538258988875782	0.22374884130702297	0.022863459557648694	0.3025284373651899	0.16061870595369315	0.1414594255864072	2.2572189937685367	0.3419290366566314	1.161093425182832	0.12634415236488192	1.6538258988875782	0.22374884130702297	0.022863459557648694	6.693893992439818	0.28770837580599756	0.20123478993361849	0.21765641644507797	0.29340041781530574	0.47427666266960095	184.55486195978304	-987.707161352547	4.6536537441398796E-4	0.8035026201377453	3.625385794245683E-4	1.627731316142516E-7	0.8679081339638208
2900000	-9723.00722524846	-8694.207668260353	-1028.7995569881077	-8514.221186425424	141.30331253893647	1839.6288220513982	0.08847913597102432	0.046073089837484135	0.24682327026890277	0.7827963260427006	1.7022646809171782	1.3968633354805597	4.092259557267956	1.8066514106416893	3.5466645172171254	0.8779277612964838	0.04894984525281851	0.046073089837484135	0.24682327026890277	0.7827963260427006	1.7022646809171782	1.3968633354805597	4.092259557267956	1.8066514106416893	3.5466645172171254	0.8779277612964838	0.04894984525281851	5.095126165981816	0.29393004563012826	0.2142238908889707	0.2180123074377912	0.2738337560431096	0.47427666266960095	195.78353119076675	-1012.3370381142707	3.4731965291206026E-4	0.7434849593360975	2.8740626336420054E-4	8.693412988516909E-8	0.8760120874160364
3000000	-9648.275377571505	-8682.569027898739	-965.7063496727654	-8513.015040681179	99.20893129630362	1316.800138190232	0.11816699582273608	0.19791329435089294	0.08108608700325973	0.09886771475640894	1.4794183614802168	0.7272390437069467	1.141554803389591	0.7343103612171125	2.691803034503466	0.1528471345713754	1.4806530897952348	0.19791329435089294	0.08108608700325973	0.09886771475640894	1.4794183614802168	0.7272390437069467	1.141554803389591	0.7343103612171125	2.691803034503466	0.1528471345713754	1.4806530897952348	6.041989355479679	0.2950326197985883	0.20934762131382612	0.2115647323708244	0.28405502651676096	0.5562323967792583	143.09731181075662	-954.8339316399899	4.713376994927661E-4	0.7943525015512574	4.212021020997996E-4	2.211755344908524E-7	0.917967474084181
3100000	-9626.88042725045	-8697.462995322092	-929.417431928358	-8528.321015138994	106.31318312844517	1047.0199189725215	0.08925805564332022	0.44533249436049843	0.0035483212311578634	0.5001284952725081	1.2855881551467732	1.3810200051325308	1.2521390582527019	0.006095241377006776	2.693020891583302	0.34299593941964596	0.5847581115514815	0.44533249436049843	0.0035483212311578634	0.5001284952725081	1.2855881551467732	1.3810200051325308	1.2521390582527019	0.006095241377006776	2.693020891583302	0.34299593941964596	0.5847581115514815	6.2573925628032745	0.2950326197985883	0.2126111580685095	0.20830119561614102	0.28405502651676096	0.4461218938619054	109.59412752953769	-917.7052832298325	7.179381086426101E-4	0.9920137290097959	5.256392942985244E-4	3.104336686551184E-7	0.8297982769867006
3200000	-9670.917912209941	-8701.389829566604	-969.5280826433363	-8528.475483797029	146.44246310098552	1558.0080710193092	0.07989415901466873	0.006983962062608955	0.03318188913521754	0.2708133690670297	0.6264716971093234	0.20450334262159772	1.1815511004587533	0.04756332825313938	1.1052592873675064	0.07041077165849308	0.5059427916896937	0.006983962062608955	0.03318188913521754	0.2708133690670297	0.6264716971093234	0.20450334262159772	1.1815511004587533	0.04756332825313938	1.1052592873675064	0.07041077165849308	0.5059427916896937	6.131322572104855	0.31436150962194753	0.21434132927642033	0.20129097780012156	0.2700061833015104	0.5502745658064293	138.9689806178287	-962.4583163742035	5.355918183751915E-4	0.8950606502238014	3.608529138936878E-4	2.728458768463232E-7	1.0162827921288504
3300000	-9728.2451771253	-8692.715280774295	-1035.529896351005	-8534.66387658237	143.88646568843149	1720.286573383538	0.05396206826403061	0.3481358870834379	0.26557825101357985	0.5721889934482591	2.4162878668097014	2.0414283169551024	1.5363265413365348	0.7001869254953752	5.437201977168632	0.031539312860436285	1.4403553640950257	0.3481358870834379	0.26557825101357985	0.5721889934482591	2.4162878668097014	2.0414283169551024	1.5363265413365348	0.7001869254953752	5.437201977168632	0.031539312860436285	1.4403553640950257	5.708296392747335	0.3057793339324828	0.22042288267456608	0.20379160009144048	0.2700061833015104	0.4177719812713213	204.168619771587	-1017.4240254114472	3.6902258091552883E-4	0.9000576814817842	3.2137522323652485E-4	1.241824471081518E-7	0.9614989316209195
3400000	-9699.610982333315	-8682.673790305702	-1016.9371920276141	-8522.288251923772	92.13166374512838	1492.8066920749543	0.10559626945336152	0.3275202501516783	0.02949618370246811	0.3619977980325585	1.1151593146897425	0.5473828482783842	0.08658660767214298	0.06293444805574863	7.485336369107643	0.1337522661036817	1.012951218809992	0.3275202501516783	0.02949618370246811	0.3619977980325585	1.1151593146897425	0.5473828482783842	0.08658660767214298	0.06293444805574863	7.485336369107643	0.1337522661036817	1.012951218809992	6.830253736534683	0.291337407300214	0.20760238071918602	0.21610256269573128	0.28495764928486844	0.45486937661155624	211.56527190524656	-1003.2462417357114	3.754676046616783E-4	0.8147671005884972	3.6135880372413563E-4	1.147125346422007E-7	0.8936651518296804
3500000	-9673.400330116503	-8707.097312041975	-966.3030180745279	-8550.082824486532	91.21386799377522	1290.5042718132322	0.060396157868991544	0.35286567065702146	0.029574846084637927	1.1378903649111354	0.3809934079090031	1.3381750510160446	1.1507118663645202	0.17921318528548275	2.0450268278007133	0.40366280433593105	0.5875918039444885	0.35286567065702146	0.029574846084637927	1.1378903649111354	0.3809934079090031	1.3381750510160446	1.1507118663645202	0.17921318528548275	2.0450268278007133	0.40366280433593105	0.5875918039444885	5.880263738482632	0.28866601152734017	0.20570539947681182	0.2266687382879405	0.27895985070790724	0.5782041374982002	137.07807897202716	-956.3066549401261	4.6029382983167735E-4	0.6726235270910661	4.653301022405282E-4	1.5481771111653224E-7	0.7959214024414947
3600000	-9577.946745692641	-8675.664083056457	-902.2826626361843	-8510.556500504917	85.20184276819303	938.1724920362167	0.13056438119416278	0.4996834730750259	0.008543907983615692	0.5000447860291013	0.8413334252897453	0.27506099387737126	0.9129088856592444	0.5495824031428187	1.99572405896476	0.11411476776286072	0.1850864830792285	0.4996834730750259	0.008543907983615692	0.5000447860291013	0.8413334252897453	0.27506099387737126	0.9129088856592444	0.5495824031428187	1.99572405896476	0.11411476776286072	0.1850864830792285	5.936287479215645	0.3024147684878605	0.21176795362192583	0.21378840248878273	0.27202887540143067	0.4826927500646724	97.08858276821331	-894.0447419038148	6.755267265063892E-4	0.9291760062723783	6.021843860877886E-4	3.7222720775015543E-7	0.9042600171358852
3700000	-9584.26944749851	-8664.436399234199	-919.8330482643097	-8506.687355668655	80.76231601318614	1020.8221013289293	0.11098629060829007	0.14600032685877626	0.009079288938040834	0.3849103797286775	0.9238155462377899	0.5520389802444529	1.344026930662181	0.06482069534721549	5.507608836621303	0.18850443399536798	0.18817493696893506	0.14600032685877626	0.009079288938040834	0.3849103797286775	0.9238155462377899	0.5520389802444529	1.344026930662181	0.06482069534721549	5.507608836621303	0.18850443399536798	0.18817493696893506	6.294222312544591	0.2912625351004066	0.2172139457315057	0.20580734106393647	0.2857161781041509	0.44726273845853093	106.53203578983384	-907.88905401637	7.277242487950878E-4	0.8846459038433218	5.517491285265977E-4	5.495788675485851E-7	1.030122156120169
3800000	-9674.02838444685	-8709.844513407414	-964.1838710394367	-8545.418986133944	103.55370095810349	1326.037832370021	0.0962938546459226	1.8630672065841514	0.15643859101694513	0.6444232084923862	1.513106445886755	1.4500135081918477	0.13074680791547152	0.5110887528276372	5.075684681897113	0.7152239943061716	1.3816141978467245	1.8630672065841514	0.15643859101694513	0.6444232084923862	1.513106445886755	1.4500135081918477	0.13074680791547152	0.5110887528276372	5.075684681897113	0.7152239943061716	1.3816141978467245	7.195284091305883	0.3117196792210362	0.2052154848962367	0.21325135814597782	0.26981347773674896	0.49359270352564927	133.65565370817836	-947.9519620841465	4.896193990176922E-4	0.8814117137266818	4.0172096868452E-4	3.003895578483135E-7	1.0868245378683379
3900000	-9606.36308751827	-8654.61412830978	-951.7489592084897	-8491.57678698302	98.14985612751627	1282.4392257200188	0.09246976512897899	0.46065764407639886	0.04728934181948419	0.1265935189163751	0.6828842434254975	0.4273548393846734	0.657999939200142	0.010489355685958034	2.0813912457377484	0.4056213261090786	0.1451552480916835	0.46065764407639886	0.04728934181948419	0.1265935189163751	0.6828842434254975	0.4273548393846734	0.657999939200142	0.010489355685958034	2.0813912457377484	0.4056213261090786	0.1451552480916835	6.0939275707344445	0.2938677150348621	0.211308627539583	0.20615945135164074	0.28866420607391385	0.4478234863600092	121.17318906319697	-944.001780045456	5.357561760573427E-4	0.9390218531393419	4.2686146956022073E-4	3.8862517889189407E-7	1.0880797044877213
4000000	-9724.455841934221	-8699.713675111372	-1024.7421668228499	-8529.766793265388	133.61895488444077	1797.752019897982	0.09821788372301929	0.4515222497643528	0.019660167968081056	0.4628867745203442	0.80757896766901	1.4645856617207487	1.3560548458965147	0.1349801242371592	4.458936297937021	0.10839466092563571	1.1433322271346404	0.4515222497643528	0.019660167968081056	0.4628867745203442	0.80757896766901	1.4645856617207487	1.3560548458965147	0.1349801242371592	4.458936297937021	0.10839466092563571	1.1433322271346404	7.159543876206765	0.29833875086787653	0.2145394804255168	0.21187213059304733	0.27524963811355907	0.48194657736592045	202.6248843034678	-1012.0352609747849	3.6433129373807474E-4	0.7100464634349112	3.093455621628619E-4	1.5979792049693304E-7	1.0223287509565115
4100000	-9673.960470628264	-8707.315853624612	-966.6446170036521	-8534.538820421109	95.72902178603184	1287.0554900528018	0.07758013330259222	0.574600454458656	0.06743538600094756	0.4188403128498024	0.3021525694558023	0.6799199979448101	1.213575065341663	0.07284182508818655	3.875396074119703	0.35142122576111073	0.3093751575002999	0.574600454458656	0.06743538600094756	0.4188403128498024	0.3021525694558023	0.6799199979448101	1.213575065341663	0.07284182508818655	3.875396074119703	0.35142122576111073	0.3093751575002999	6.691483098590099	0.28981179669378354	0.2051672436643731	0.21937503368859596	0.28564592595324706	0.5829578535390724	150.13958110185217	-956.1036100047495	5.027582024395589E-4	0.7378852114154031	4.1327585170028663E-4	2.20610870942041E-7	0.9728108868291668
4200000	-9615.473369779802	-8672.820920887509	-942.6524488922927	-8506.565240908227	110.38545088037942	1204.4873187998865	0.0787203849737101	1.006656111395031	0.3498689196317765	0.38289224746888856	0.8540014294145222	0.7808149353697152	1.8946119854558405	1.832838107378791	4.073636924486676	0.28230854969158686	0.3848954003711193	1.006656111395031	0.3498689196317765	0.38289224746888856	0.8540014294145222	0.7808149353697152	1.8946119854558405	1.832838107378791	4.073636924486676	0.28230854969158686	0.3848954003711193	7.210678182512315	0.29719225908587277	0.2148002288362105	0.2011992656439705	0.28680824643394587	0.49047846589157257	134.52868058697683	-927.4869745082372	5.493238308802861E-4	0.9310002138621897	4.5071097560486014E-4	4.79666652832474E-7	1.1371128089763398
4300000	-9696.221813005985	-8684.47349060362	-1011.7483224023646	-8516.620513943977	115.72311175772742	1584.9072395526412	0.06532051485144062	0.8172586941729649	0.08063874639295034	0.17052198736886556	0.18950130770328769	1.1198686780913607	1.0495421851373872	0.21066799495558966	4.223431505876387	0.7602412147373799	0.14679069630464522	0.8172586941729649	0.08063874639295034	0.17052198736886556	0.18950130770328769	1.1198686780913607	1.0495421851373872	0.21066799495558966	4.223431505876387	0.7602412147373799	0.14679069630464522	6.670365489976781	0.30330988051601543	0.21467803869402677	0.20046225417414254	0.2815498266158149	0.5326081738154551	151.28362108041708	-999.7805113654605	4.112592308059101E-4	0.8959521006275282	3.569191056846734E-4	1.8449461283653411E-7	1.035816043196106
4400000	-9645.506270509426	-8694.791667639996	-950.7146028694298	-8525.279418782666	126.20727666356038	1258.4464715710246	0.12689339844072547	1.2544879084084655	0.2962085320325329	0.0723303332384059	0.2834623750843531	0.36509686302670485	1.9569477736918144	0.846036425790863	2.874687664414783	0.1919586783900834	1.306699758339059	1.2544879084084655	0.2962085320325329	0.0723303332384059	0.2834623750843531	0.36509686302670485	1.9569477736918144	0.846036425790863	2.874687664414783	0.1919586783900834	1.306699758339059	6.2933824683313695	0.2938780529349651	0.204388554543088	0.21075923324431103	0.29097415927763565	0.3867350670088133	128.9840759714591	-939.4310306261152	5.313643643680968E-4	0.7555554258090604	4.327501048405577E-4	2.755823402642722E-7	0.9764648961943554
4500000	-9679.992723136462	-8676.05096821158	-1003.9417549248802	-8505.180944191801	103.6672088664817	1514.530803824299	0.13614142813988303	1.449976902601951	0.03192554472520199	0.32788546410377195	2.8725096653034345	1.2963877083500253	3.3806701294635393	2.1313380781476052	5.358180611238723	0.19315479599940596	0.17486792881287247	1.449976902601951	0.03192554472520199	0.32788546410377195	2.8725096653034345	1.2963877083500253	3.3806701294635393	2.1313380781476052	5.358180611238723	0.19315479599940596	0.17486792881287247	6.413139778408187	0.2995122070731306	0.19849362572899812	0.21087745446234518	0.29111671273552586	0.5138658659865449	145.99309766998385	-985.1772229756529	3.993239892924578E-4	0.6822399385405792	3.604852000600033E-4	1.0053322626361836E-7	0.8230361256358307
4600000	-9630.050722176034	-8679.945189772685	-950.1055324033487	-8509.982284793177	89.34267429792159	1238.3463961497303	0.08640222395909711	0.5844714588189472	0.19529375087869605	0.11344570361194471	0.5192144181368814	0.03299513143834557	0.7332305106473678	0.6026620111108654	3.7224118574909726	0.24786943187933536	0.26649141133629545	0.5844714588189472	0.19529375087869605	0.11344570361194471	0.5192144181368814	0.03299513143834557	0.7332305106473678	0.6026620111108654	3.7224118574909726	0.24786943187933536	0.26649141133629545	6.2922832407131075	0.3004970414174685	0.2051379720849723	0.21378601200695238	0.2805789744906066	0.564785818907493	117.64358620083898	-940.8378988906559	5.179074088783493E-4	0.7408129955839433	4.54129507097106E-4	2.41026669578082E-7	0.9092827010355727
4700000	-9596.031948453941	-8664.547719962558	-931.4842284913825	-8494.680184666395	91.52368094846783	1053.7682026039959	0.08676034885330064	0.3698180404461325	0.0883246500428541	0.5737580908679625	0.2742280741451583	1.1866431487273128	0.3535154947453988	0.07869334556480244	5.162498683063018	0.5466030023007931	0.012481813654245454	0.3698180404461325	0.0883246500428541	0.5737580908679625	0.2742280741451583	1.1866431487273128	0.3535154947453988	0.07869334556480244	5.162498683063018	0.5466030023007931	0.012481813654245454	5.79755310909472	0.29100104671231986	0.21395137583052634	0.21002247096713658	0.285025106490017	0.6346591176483	117.69428177271713	-919.766936429238	6.481532793265823E-4	0.9375372492513638	5.199149459563885E-4	5.323897997415825E-7	1.1956667917729829
4800000	-9660.859487743654	-8695.158373151156	-965.7011145924968	-8531.354152704524	122.61002090256679	1396.784946272608	0.08274791528199922	0.2897775083461155	0.248213477447798	0.5210562580334783	0.2960489077668757	0.16436815627340717	1.8487106809360838	0.07778056149637912	2.2277292677316654	0.3174520367282032	0.11633408723304844	0.2897775083461155	0.248213477447798	0.5210562580334783	0.2960489077668757	0.16436815627340717	1.8487106809360838	0.07778056149637912	2.2277292677316654	0.3174520367282032	0.11633408723304844	6.417241031463073	0.28904755906531515	0.20479983516052833	0.22990999638628937	0.276242609387867	0.5589377886270583	147.3296927029044	-957.009894923172	4.427766831579644E-4	0.817909616847927	3.722295815989211E-4	3.293615136420367E-7	1.1924881666600073
4900000	-9637.975809127523	-8672.207866129847	-965.7679429976763	-8501.888995797073	89.44307515888981	1241.1207596981176	0.0839952689885229	0.7182850769464701	0.10806783534627779	0.9242677757158364	0.513652574076813	2.357213231072023	2.283635602451282	0.4433834339240925	5.236009231626067	0.06824050150317837	1.6264450681094307	0.7182850769464701	0.10806783534627779	0.9242677757158364	0.513652574076813	2.357213231072023	2.283635602451282	0.4433834339240925	5.236009231626067	0.06824050150317837	1.6264450681094307	5.954871204551028	0.3023255291079947	0.21025625250779045	0.20301452344349566	0.28440369494071904	0.47605181213676306	115.74485992043972	-948.8748721069142	5.351841909036601E-4	0.8847311067390685	4.6885092416332897E-4	3.087356102363994E-7	1.034317215976711
5000000	-9605.324872869025	-8678.930959225076	-926.39391364395	-8511.938196152436	75.30964694856233	1031.092581649848	0.09985484002384841	0.07712664674504659	0.5510324015066265	0.6413744178173657	0.4425632017541056	0.6981091558069287	2.941425878072656	0.7742021330405363	3.7651559477671173	0.22980247750505572	0.12164390374705104	0.07712664674504659	0.5510324015066265	0.6413744178173657	0.4425632017541056	0.6981091558069287	2.941425878072656	0.7742021330405363	3.7651559477671173	0.22980247750505572	0.12164390374705104	6.297459190222231	0.311568275972239	0.20558786909118523	0.2074483844783402	0.2753954704582354	0.4586921397512136	99.83943161480423	-913.4793099280497	6.578718920072586E-4	0.9069833380515724	5.358922994057805E-4	3.211966829668908E-7	0.9316923530327684
5100000	-9576.092077740002	-8670.279508520398	-905.8125692196041	-8508.164411349202	90.60176336799634	1013.9003360045799	0.1339592590485756	0.1363285273884028	0.10555258086911543	0.12130475159222251	2.576578753381049	1.0426131627611936	1.817245561971377	1.4527163734695898	3.4555288985697294	0.07962765542178285	0.8033718377578362	0.1363285273884028	0.10555258086911543	0.12130475159222251	2.576578753381049	1.0426131627611936	1.817245561971377	1.4527163734695898	3.4555288985697294	0.07962765542178285	0.8033718377578362	6.44145639338364	0.31085662991609736	0.20355688061504362	0.2049345103933678	0.2806519790754911	0.45451045751857866	86.97866664280268	-891.5527345512128	6.732282297242687E-4	1.0217390115897695	5.643771369638265E-4	7.107178046430632E-7	1.2183357649826971
5200000	-9643.813739461082	-8683.050569179755	-960.7631702813266	-8520.925153912975	73.90551274648813	1121.9788162614566	0.06434065378910139	0.5296166754574008	0.07164646814191908	0.7843996328857544	0.39143693895311404	4.016774869800063	1.8744206109158335	0.26611804476972717	4.920791285015587	0.7408955813093204	0.1492775581452925	0.5296166754574008	0.07164646814191908	0.7843996328857544	0.39143693895311404	4.016774869800063	1.8744206109158335	0.26611804476972717	4.920791285015587	0.7408955813093204	0.1492775581452925	7.148637578522751	0.30150893880811486	0.20644966972886167	0.21306663394580502	0.27897475751721834	0.5223035004221145	128.52147362457046	-943.8111387400265	5.483694552656074E-4	0.8223157760939465	5.08219065267617E-4	2.9649841584490066E-7	0.9744154064506426
5300000	-9603.664292701143	-8666.696158178089	-936.9681345230545	-8497.610041090522	134.13005681930835	1275.07759612244	0.0924927937100697	0.0940433090098098	0.28119565891745085	0.25624302688598927	1.6430148633533064	1.6700831257912558	1.4828653574027495	1.3964377245800863	5.375573203752597	0.6748632143709722	0.7066452164881079	0.0940433090098098	0.28119565891745085	0.25624302688598927	1.6430148633533064	1.6700831257912558	1.4828653574027495	1.3964377245800863	5.375573203752597	0.6748632143709722	0.7066452164881079	6.769611598837445	0.29445425683713616	0.21681285150653845	0.20985628211643453	0.2788766095398908	0.418044608744212	110.78292155074718	-920.1381122171565	6.11015951893158E-4	1.0606919017495884	4.5722809631473755E-4	4.6582977413187277E-7	1.1629460235294502
5400000	-9671.850399646319	-8695.69478681185	-976.15561283447	-8527.340602782175	166.17571002437978	1514.9673926626178	0.07733001963611118	0.3190690415062044	0.07186213408995532	1.6092295200261006	0.7133315833271797	3.2183209893101954	3.712154319725907	0.39407392980153244	5.324866938267541	0.432540680264255	0.7627882791109808	0.3190690415062044	0.07186213408995532	1.6092295200261006	0.7133315833271797	3.2183209893101954	3.712154319725907	0.39407392980153244	5.324866938267541	0.432540680264255	0.7627882791109808	5.819582108129254	0.30113320203643223	0.2067336425884812	0.21355458011266143	0.278578575262425	0.48878837474742426	142.02373278419114	-956.6244577900426	5.378678356796953E-4	0.9147365535167251	3.6687228801577504E-4	2.2680558640433518E-7	0.9879313286049775
5500000	-9667.52107718727	-8674.482632645719	-993.0384445415509	-8501.504958382282	156.64032509039794	1606.1119186318756	0.06295087766808602	0.43876359302712614	0.1168059558954349	0.6972290544040476	0.036803573131158195	0.24693220842289718	2.24458639050623	0.18532748163723847	2.015969573889507	0.5246256738537998	0.49567137954307666	0.43876359302712614	0.1168059558954349	0.6972290544040476	0.036803573131158195	0.24693220842289718	2.24458639050623	0.18532748163723847	2.015969573889507	0.5246256738537998	0.49567137954307666	6.274705578948051	0.29863666564717445	0.20757124503407465	0.20904341926233355	0.2847486700564173	0.5616445205615809	143.3548763306371	-983.0425895538781	4.5438558130780785E-4	0.8258426351736439	3.535653446263959E-4	1.983775633725048E-7	0.9981036512936439
5600000	-9686.866189366718	-8715.158741627818	-971.7074477389001	-8543.126498182179	134.26155757992922	1362.9886812460945	0.04193145853437137	0.15711625032593327	0.35297769866157036	0.4037682068468513	0.9168770594178424	2.0512333235292424	0.7564608266940245	2.070129225350736	4.195237010765789	0.33379575134820166	1.3225606955966203	0.15711625032593327	0.35297769866157036	0.4037682068468513	0.9168770594178424	2.0512333235292424	0.7564608266940245	2.070129225350736	4.195237010765789	0.33379575134820166	1.3225606955966203	7.607952690410378	0.3055328405509054	0.19893207890509157	0.21815817323579909	0.2773769073082039	0.5025643360151489	133.66312246869578	-954.9339928682979	4.803927305137362E-4	0.9368455197903984	4.171227621071174E-4	1.7565682360354818E-7	0.868741356080371
5700000	-9623.783344134757	-8686.279048730352	-937.5042954044047	-8522.44258868201	133.89106949321587	1192.7495846072543	0.09352514817934879	0.8065241532376795	0.10434678491078601	1.6241516489411236	0.19160928232304655	2.859257187042061	0.6758802235091952	0.4726898205513425	8.99965042186253	0.32100567084103293	0.4760881937765222	0.8065241532376795	0.10434678491078601	1.6241516489411236	0.19160928232304655	2.859257187042061	0.6758802235091952	0.4726898205513425	8.99965042186253	0.32100567084103293	0.4760881937765222	5.898765808479933	0.31433657557255396	0.2021632808383666	0.2093325112447012	0.2741676323443783	0.4851528065461766	100.3096860537858	-918.7289598308489	5.755725480060886E-4	0.8213912232963703	4.2122346065155095E-4	4.685758208923221E-7	1.1918727682629775
5800000	-9647.396409908606	-8700.361947435233	-947.0344624733733	-8527.95573100794	109.46465721825372	1272.171056867598	0.042879844364854966	1.4962575722834162	0.08880099778265145	2.189599698372559	0.9566959870951717	1.5912184089814565	0.3932683395731875	1.695349267425516	3.184661156428668	1.2089528809698598	0.27415644544379225	1.4962575722834162	0.08880099778265145	2.189599698372559	0.9566959870951717	1.5912184089814565	0.3932683395731875	1.695349267425516	3.184661156428668	1.2089528809698598	0.27415644544379225	6.535519707139359	0.29995824453394027	0.2107612409583676	0.20362230170731882	0.28565821280037335	0.6361569914588504	133.9005267956538	-929.8532979796555	5.409499075251067E-4	0.905394495938381	4.0754924550629503E-4	3.116274225475155E-7	1.0266309982019848
5900000	-9682.791115301161	-8693.44586137563	-989.3452539255309	-8528.262558786228	129.08190055325332	1466.5896249698724	0.06457940944095271	0.47561477065468954	0.6489678181923305	0.9457020989595315	0.1879231933651328	1.3263744130408892	2.284044276222753	0.6717115431515158	7.929670503662718	0.4711732397308364	0.7637100147738934	0.47561477065468954	0.6489678181923305	0.9457020989595315	0.1879231933651328	1.3263744130408892	2.284044276222753	0.6717115431515158	7.929670503662718	0.4711732397308364	0.7637100147738934	7.08448082335019	0.2913056595295171	0.21344715374019374	0.21027102795686456	0.2849761587734247	0.6010060482988888	161.0136454382473	-970.5138560715016	4.3441247725557557E-4	0.7931608431997648	3.6788146526455586E-4	3.1755600651574725E-7	1.2460821301305556
6000000	-9644.496174721548	-8690.960952457914	-953.5352222636341	-8523.131210032212	90.26776042390314	1235.2527355112704	0.07574472219493787	0.0505137046975358	0.31214527363587447	0.32766523064339736	0.25376799620111334	0.3273336737331394	1.4349746230805551	0.47848459229639395	1.4599872795567697	0.45108921047326894	0.030744580315452602	0.0505137046975358	0.31214527363587447	0.32766523064339736	0.25376799620111334	0.3273336737331394	1.4349746230805551	0.47848459229639395	1.4599872795567697	0.45108921047326894	0.030744580315452602	6.575584113274591	0.29527481856197696	0.1931693373767595	0.20825548581340422	0.30330035824785945	0.4733258960629382	127.43776086722148	-945.0042964316362	6.443754362123822E-4	0.924688643743927	4.643842060254768E-4	4.6147290099816337E-7	1.159332877245102
6100000	-9666.296695480421	-8698.430547016102	-967.866148464319	-8533.904644698747	112.07254460458171	1419.1004680003064	0.07465727364069347	0.3110380304134411	0.22936101456424024	1.1584866831073541	2.598795640379726	0.9864300941730434	1.8498298079021274	2.5389366692694653	5.695903804147692	0.23764452688004228	1.2336232368439959	0.3110380304134411	0.22936101456424024	1.1584866831073541	2.598795640379726	0.9864300941730434	1.8498298079021274	2.5389366692694653	5.695903804147692	0.23764452688004228	1.2336232368439959	6.1246346279668025	0.2926530942196596	0.21960253043600605	0.2021181312559412	0.2856262440883932	0.4356079626346578	128.8437222222051	-948.2884417987982	5.294800724387524E-4	0.8563517091874064	3.987544840197863E-4	2.0875896716820162E-7	0.9426141013432063
6200000	-9619.950403860053	-8683.357542850059	-936.5928610099953	-8522.365871378388	125.3023972487378	1280.5196043518708	0.0903786542709367	0.020197988017292952	0.12635986716878586	0.45789530703212233	0.4755479979945091	0.35760638104085374	0.8116937620219068	0.48295025493743265	4.260725632252142	0.2646289685276309	0.03997205744021844	0.020197988017292952	0.12635986716878586	0.45789530703212233	0.4755479979945091	0.35760638104085374	0.8116937620219068	0.48295025493743265	4.260725632252142	0.2646289685276309	0.03997205744021844	6.524702657817005	0.3118191499768044	0.2092093072412748	0.21466000209644232	0.2643115406854786	0.49298294347355087	120.59447010846141	-926.7665689433007	4.903164472348387E-4	0.8620705461232692	4.1638147277440584E-4	4.350937940442195E-7	1.2588547512656396
6300000	-9630.740999666108	-8683.737321529901	-947.0036781362072	-8520.65640203382	110.01278566439856	1288.168152443969	0.058241329385943535	0.31090687249401844	0.19031974529488413	0.1738973207682758	1.7497502180965385	0.6536729539497732	0.1091532808544548	0.07128984271954848	3.1498913985077426	0.46534315114169966	0.2965904152489909	0.31090687249401844	0.19031974529488413	0.1738973207682758	1.7497502180965385	0.6536729539497732	0.1091532808544548	0.07128984271954848	3.1498913985077426	0.46534315114169966	0.2965904152489909	6.001325237247255	0.3060790884658182	0.2092093072412748	0.21758274044727965	0.26712886384562745	0.41637180703457044	125.8860701430297	-936.2156181700393	6.429704237876127E-4	0.976795728541917	4.4088696224497845E-4	4.552359960853761E-7	1.1174370083513248
6400000	-9665.227521621338	-8698.449691745056	-966.7778298762817	-8531.244085019494	117.36937361158948	1437.6715537852588	0.09750733692309761	0.5190724497479289	0.25409748889545225	0.2828139005244378	0.08248552633106558	1.3499470597137457	0.48170331401079464	0.3104120369170503	4.4757694076062515	0.22443233514805697	0.5930603478144634	0.5190724497479289	0.25409748889545225	0.2828139005244378	0.08248552633106558	1.3499470597137457	0.48170331401079464	0.3104120369170503	4.4757694076062515	0.22443233514805697	0.5930603478144634	6.494806285667039	0.294530220486378	0.2092093072412748	0.21758274044727965	0.27867773182506766	0.4314518819924973	150.88573525669244	-956.1005252345643	4.5282558885522474E-4	0.7424548034645132	3.679218421702722E-4	1.969495186960211E-7	1.0002022053751822
6500000	-9634.866556088582	-8681.500296696797	-953.3662593917844	-8513.710362150032	129.50128217341424	1355.3753509887356	0.10201418497986417	0.2591289377168346	0.022420428873661965	0.022445131759056217	0.990667642950721	0.9550058887311984	0.4572939806506862	0.15317279485219434	1.8414600913748562	0.42870496243429695	0.16686967396971988	0.2591289377168346	0.022420428873661965	0.022445131759056217	0.990667642950721	0.9550058887311984	0.4572939806506862	0.15317279485219434	1.8414600913748562	0.42870496243429695	0.16686967396971988	5.8588310478022425	0.29788531026452636	0.20177188870143567	0.22232280560938947	0.27801999542464867	0.39871181500247305	130.92472719452368	-945.7380038126261	4.885634636720624E-4	0.9040373548147457	3.959442945967907E-4	1.5943478447915138E-7	0.9035228284868594
6600000	-9602.727062348496	-8663.536701639556	-939.1903607089414	-8486.061245215013	113.66642268984063	1243.9956715831909	0.06789311899462162	0.21190795385528452	0.025974434321178515	0.225097089849609	0.1907168124647666	0.5188988836239671	0.22857331472258338	0.04515259197859379	2.7031957833814406	0.1568649323080945	0.43901469560712103	0.21190795385528452	0.025974434321178515	0.225097089849609	0.1907168124647666	0.5188988836239671	0.22857331472258338	0.04515259197859379	2.7031957833814406	0.1568649323080945	0.43901469560712103	5.8425398827562365	0.3107847938489114	0.21176285783654827	0.21256302095186466	0.2648893273626758	0.4943894858349469	132.09493740039665	-931.3054796087464	5.4084137847514E-4	0.9310802935301878	4.283400792661362E-4	3.21751312802646E-7	1.0758771653535741
6700000	-9602.114878033733	-8667.093631470627	-935.0212465631059	-8505.014438870545	88.47657893776406	1125.720604057654	0.07665987631357084	0.22144625897750542	0.15354527640164767	0.5101965212447109	0.24115962983338296	0.4822209912690275	0.8854167488595253	0.27563726656691423	3.25037916261457	0.2317436436644814	0.017712878731458877	0.22144625897750542	0.15354527640164767	0.5101965212447109	0.24115962983338296	0.4822209912690275	0.8854167488595253	0.27563726656691423	3.25037916261457	0.2317436436644814	0.017712878731458877	6.1446621499184975	0.28373636784682393	0.21832664325769918	0.22497188363212703	0.27296510526335	0.4826842737631264	110.15244578531805	-926.2309753431889	5.475628720244878E-4	0.8429583758998995	5.038681703028276E-4	4.3739527189019064E-7	1.0946114579199493
6800000	-9602.883022766031	-8676.6084211313	-926.2746016347311	-8515.732137943121	109.32079315413121	1128.2781982666097	0.08645152966736021	0.2997308590644845	0.10511804991556709	0.6029912481266112	0.16995593396269415	1.250445677842165	0.6929074431600051	0.2376997702477764	3.8215798288991216	0.15074703242276735	0.3434914782187692	0.2997308590644845	0.10511804991556709	0.6029912481266112	0.16995593396269415	1.250445677842165	0.6929074431600051	0.2376997702477764	3.8215798288991216	0.15074703242276735	0.3434914782187692	6.36153259411137	0.2989120415695948	0.209254947918359	0.2104920746730375	0.28134093583900893	0.6104734433267348	113.76036144624256	-915.5353661192432	5.739788494704879E-4	0.9525133045560881	4.8449996062706146E-4	4.073821661960137E-7	1.1093767024603276
6900000	-9716.452570474228	-8692.731992655648	-1023.7205778185795	-8525.499075858706	119.24716073689913	1715.0836761907392	0.07269606924327299	0.25935791106777767	0.5300827192846177	0.20132636730928663	1.7785450254613029	0.5984643447183622	1.0619069683129976	0.06870257551367051	3.9275011729473133	0.03309108003954496	0.22627112605192995	0.25935791106777767	0.5300827192846177	0.20132636730928663	1.7785450254613029	0.5984643447183622	1.0619069683129976	0.06870257551367051	3.9275011729473133	0.03309108003954496	0.22627112605192995	6.687173635345046	0.3042120167445154	0.2109061526349686	0.22687504347600407	0.2580067871445121	0.5158095806212799	181.8668056154822	-1012.4802956115182	3.642714142134982E-4	0.7378094431117953	3.3667946285198855E-4	8.43937922525372E-8	0.7900045098161155
7000000	-9596.588150568545	-8662.564000445196	-934.024150123348	-8499.111651469046	95.65178396780118	1085.7784603342673	0.07286962668245077	0.30560710291425214	0.4406320800773991	0.425586348315564	0.7428503534478247	1.1344967009956042	1.7721499787292103	0.07140374517420732	3.504999658841789	0.2615945311660314	0.31810688547153476	0.30560710291425214	0.4406320800773991	0.425586348315564	0.7428503534478247	1.1344967009956042	1.7721499787292103	0.07140374517420732	3.504999658841789	0.2615945311660314	0.31810688547153476	6.432331459182405	0.30049645477074205	0.19678746680090645	0.20839864932266977	0.29431742910568187	0.4746456029401773	95.17249635441375	-921.8749850427539	6.364921841853962E-4	0.9500023539330574	5.290213772996551E-4	2.91337792799473E-7	0.8979270677020996
7100000	-9633.281074666313	-8680.319224516357	-952.9618501499563	-8504.284742101436	103.56184086635022	1261.714609898384	0.09375923445069217	0.568452115715618	0.48717653346638135	0.4735370485481118	0.5573312975099669	1.0090101608094193	2.6082058605875393	0.11901786911406671	2.735519676934399	1.053406603892745	0.00770751474045201	0.568452115715618	0.48717653346638135	0.4735370485481118	0.5573312975099669	1.0090101608094193	2.6082058605875393	0.11901786911406671	2.735519676934399	1.053406603892745	0.00770751474045201	5.800174860962428	0.3071581904164155	0.2065515322269033	0.20839864932266977	0.2778916280340115	0.5364084877560004	128.99762089705484	-940.9663866656427	5.027647792479152E-4	0.833363583913694	4.521236391298523E-4	1.7433766768544174E-7	0.8246575373122881
7200000	-9656.448041313715	-8692.041273840572	-964.4067674731425	-8525.536625648769	91.45908769304737	1271.5892582754632	0.10455659194262028	0.08623369387157642	0.09755670362672779	0.9514894442432569	0.07835179928317484	0.5275604521500192	2.577170289601912	0.7048303990921106	2.7950008542009837	0.21469255308488486	1.0995267093096452	0.08623369387157642	0.09755670362672779	0.9514894442432569	0.07835179928317484	0.5275604521500192	2.577170289601912	0.7048303990921106	2.7950008542009837	0.21469255308488486	1.0995267093096452	6.243443121010145	0.29401691137434155	0.21284559798289257	0.21111702240550415	0.2820204682372619	0.4561323180048242	143.5128864138107	-952.9067173910937	5.347326389777484E-4	0.8170311072297716	4.2578162492965297E-4	2.613841657463561E-7	0.9658168938263725
7300000	-9640.316411719132	-8690.286838786018	-950.0295729331136	-8521.183683457404	92.7532631578787	1199.8825698529852	0.09974362398843375	0.15435232125470608	0.24093200082566013	0.4700126875565699	0.5230630177956057	1.2305272461762067	0.8973347556989262	0.29999383508799415	2.6356793200958735	0.3594588452872937	2.004407493018144	0.15435232125470608	0.24093200082566013	0.4700126875565699	0.5230630177956057	1.2305272461762067	0.8973347556989262	0.29999383508799415	2.6356793200958735	0.3594588452872937	2.004407493018144	5.753484409615404	0.3161123666120835	0.21292645083222966	0.20257148868314143	0.26838969387254563	0.582343345848473	138.82640594272243	-938.5045091408931	5.146817048835954E-4	0.9153311863392911	4.996169743417834E-4	2.862547454938279E-7	0.9802970747378564
7400000	-9621.74527679571	-8690.743052690137	-931.0022241055718	-8521.835887968813	100.58160844397571	1173.2234979098832	0.11168087205921792	0.017739305990106955	0.10733972727675992	1.3384198842049846	0.8904514662617561	1.5290765171191916	0.29522416847654026	0.20262320499654246	5.952918315334819	0.3096483707092004	0.21701725030981128	0.017739305990106955	0.10733972727675992	1.3384198842049846	0.8904514662617561	1.5290765171191916	0.29522416847654026	0.20262320499654246	5.952918315334819	0.3096483707092004	0.21701725030981128	6.929332729796517	0.31548975156029646	0.22663897875759775	0.1891517162899308	0.2687195533921752	0.636775988927042	97.76784084083258	-917.1573356472709	6.498986487475057E-4	0.946135530332208	4.6118900334125493E-4	5.637077055768508E-7	1.2102859165703697
7500000	-9612.374442417315	-8665.396814186734	-946.9776282305818	-8504.152404008048	101.27142708028875	1232.54618931112	0.06829317729635208	0.19188598339005603	0.2605449699947656	0.6019849965080376	0.2592655206805931	0.8751212418882744	0.8389997782091334	0.4013276827227761	3.635769092610987	0.25826934564980863	0.6065303349835319	0.19188598339005603	0.2605449699947656	0.6019849965080376	0.2592655206805931	0.8751212418882744	0.8389997782091334	0.4013276827227761	3.635769092610987	0.25826934564980863	0.6065303349835319	6.298479335711248	0.30800362471866405	0.21290864653483454	0.2256422679470141	0.25344546079948754	0.4308887895988596	126.07376015734133	-935.8377638033663	5.467549729482267E-4	0.9626671599825911	4.4421454934018127E-4	3.7032831351701036E-7	1.0934877920756618
7600000	-9603.317271244608	-8664.758086937743	-938.5591843068659	-8495.63087333131	97.21024887667087	1142.3789622391937	0.09232264265569846	0.07744467522848798	0.06025650328894463	0.26800611221427395	0.6176436262019681	0.7457268452907954	2.0069432291784532	0.13070058397294304	3.148839850726264	0.04455933068682274	0.19683972446058093	0.07744467522848798	0.06025650328894463	0.26800611221427395	0.6176436262019681	0.7457268452907954	2.0069432291784532	0.13070058397294304	3.148839850726264	0.04455933068682274	0.19683972446058093	6.562366123102365	0.30369265074534535	0.19339735314647047	0.22547231383557362	0.2774376822726108	0.545779566531377	111.3109683931742	-928.5927452604326	5.833149104645355E-4	0.8491291363987737	4.884172246181891E-4	5.625191834075297E-7	1.2112411628421493
7700000	-9605.11409903065	-8687.608696192376	-917.5054028382747	-8514.6281110341	87.43428103999578	974.0172642147807	0.1139889791038475	0.3005610383533568	0.3285889447652279	1.3872153436521855	0.4742981469527195	2.0250572865817564	2.7205550525092277	0.27155117435235065	6.09064622441744	0.22128245459628645	2.0304479067377312	0.3005610383533568	0.3285889447652279	1.3872153436521855	0.4742981469527195	2.0250572865817564	2.7205550525092277	0.27155117435235065	6.09064622441744	0.22128245459628645	2.0304479067377312	5.553108665102404	0.3026804052062331	0.22107268213446538	0.20572528100879983	0.27052163165050186	0.47488554658571375	105.06890032015026	-899.1785020446068	6.702573071919651E-4	0.9372039656042866	5.660413078481756E-4	8.138320261153776E-7	1.2349265743713966
7800000	-9641.961041498638	-8682.425283572384	-959.5357579262537	-8522.608190825424	160.86507473105087	1422.6936314108611	0.10413615328489133	0.32195473207187436	0.015103735144161	0.15452835790680694	0.4507292755680447	1.1452422005262914	1.9000038807762716	0.8830564864389838	2.5695363013204346	0.08223017669361131	0.6583891463933006	0.32195473207187436	0.015103735144161	0.15452835790680694	0.4507292755680447	1.1452422005262914	1.9000038807762716	0.8830564864389838	2.5695363013204346	0.08223017669361131	0.6583891463933006	7.069289930113416	0.2816538388082313	0.2044206631910137	0.2114218465363402	0.302503651464415	0.47658671921539697	133.3735514383074	-948.8071922426345	4.981967858513026E-4	0.8416198987352027	3.778684938405183E-4	2.913175718948053E-7	1.087558511961847
7900000	-9684.837670267763	-8668.086342203302	-1016.7513280644613	-8500.015749259475	165.00471849960704	1707.587307533704	0.047483828227490164	0.0592648007922476	0.3373436282330728	0.576363538648078	0.48147986763659084	0.2564923139918243	0.6045151329275394	0.30629090699079214	3.8413067962953242	1.1270302479385546	0.13576411106059344	0.0592648007922476	0.3373436282330728	0.576363538648078	0.48147986763659084	0.2564923139918243	0.6045151329275394	0.30629090699079214	3.8413067962953242	1.1270302479385546	0.13576411106059344	7.018271957403047	0.30362368856937155	0.2036208721294612	0.21529216916498636	0.2774632701361811	0.5585241094252912	203.86113520753943	-1005.4429031281447	3.5111701832075997E-4	0.7850395005421056	3.253227396038025E-4	1.731316729158715E-7	1.1427542629829195
8000000	-9682.594667631258	-8677.424346921993	-1005.1703207092654	-8504.700032728995	142.29533574964788	1555.6586603743428	0.055276022291951804	0.12244925934857089	0.5852717359613244	0.9057327824021868	2.3951067856305404	3.2511969914996524	0.15252305940632693	0.16309668636799696	5.309518322073885	0.8295272496895826	0.28681658050954173	0.12244925934857089	0.5852717359613244	0.9057327824021868	2.3951067856305404	3.2511969914996524	0.15252305940632693	0.16309668636799696	5.309518322073885	0.8295272496895826	0.28681658050954173	6.128412089468847	0.3039630893087276	0.2099706167336583	0.20860302382143323	0.2774632701361811	0.4745853194646874	171.27540331098064	-987.7539351267898	4.820563517557114E-4	0.8640180923896331	3.8890307839292666E-4	1.8856889008615026E-7	0.9683866839408389
8100000	-9613.529016989532	-8685.63653229821	-927.8924846913234	-8511.031004269962	108.9594673277276	1164.968649696301	0.08308344077854354	0.02529647223108575	0.20012544506192004	1.7152767818685561	0.008087614368416459	1.170083838022991	0.09505344058311953	0.2967455537204957	2.5416755910514377	0.43631854779780893	0.07777688080462113	0.02529647223108575	0.20012544506192004	1.7152767818685561	0.008087614368416459	1.170083838022991	0.09505344058311953	0.2967455537204957	2.5416755910514377	0.43631854779780893	0.07777688080462113	5.678842799666501	0.29272571330467934	0.2179006347481423	0.21051971145769732	0.2788539404894813	0.47252915916265503	128.8908111917959	-917.6953787568332	6.795758325493265E-4	1.119310726331714	4.837236215501009E-4	4.867310580153022E-7	1.0840360774762403
8200000	-9650.041302042682	-8699.023070288871	-951.0182317538101	-8530.132684120665	119.9876388772086	1253.540528808588	0.06591337643636123	0.9665032420070978	1.6262423627032332	0.6029508700828562	0.35573832763233465	0.953685733422007	1.8017310007303577	0.22511786656018162	6.231282847006789	0.49449020705115915	1.4130241131680379	0.9665032420070978	1.6262423627032332	0.6029508700828562	0.35573832763233465	0.953685733422007	1.8017310007303577	0.22511786656018162	6.231282847006789	0.49449020705115915	1.4130241131680379	6.548946003300418	0.3044193586999499	0.2077046704356592	0.19886466820050153	0.2890113026638896	0.47212668494607585	106.84136413553355	-933.4332130139512	5.493905586871869E-4	0.8410115619549775	4.159642444397874E-4	3.362504878454409E-7	1.0516942427832636
8300000	-9591.56252044685	-8657.111905870717	-934.4506145761333	-8489.430678695762	97.73926634567772	1150.4796717154463	0.1481973539003606	0.5485109439446502	0.08932231952349078	0.4056375107301943	0.4375519022267277	0.17014302898845177	1.850188887804102	0.16375787473943249	4.528677748767429	0.5823952661312148	0.2577395688018594	0.5485109439446502	0.08932231952349078	0.4056375107301943	0.4375519022267277	0.17014302898845177	1.850188887804102	0.16375787473943249	4.528677748767429	0.5823952661312148	0.2577395688018594	5.637097469257797	0.29479000030096064	0.20936737506265043	0.2135104194443991	0.28233220519199004	0.5122443709740396	98.94926539372472	-922.9158666959103	7.391108948828951E-4	0.9789125837707046	5.227727435544267E-4	6.246604696498717E-7	1.0859605054083197
8400000	-9658.91925746789	-8659.470313070802	-999.4489443970864	-8500.40388643276	123.62672607479399	1499.9203054864165	0.09932196645620228	0.6874527229507092	0.14278982564035753	0.8343675358778101	1.7034595939687733	0.10500678069774545	5.8323815283463745	0.6352361977910866	5.179771741415819	0.23498403524436126	0.5273300815573485	0.6874527229507092	0.14278982564035753	0.8343675358778101	1.7034595939687733	0.10500678069774545	5.8323815283463745	0.6352361977910866	5.179771741415819	0.23498403524436126	0.5273300815573485	6.049028524174035	0.3094498050083919	0.20894917579199804	0.21238947317632084	0.26921154602328945	0.5030167822419535	183.7260895713673	-980.9724174864976	4.5259059297937914E-4	0.8425982222167708	3.8008750002559096E-4	2.803920079757122E-7	1.1447625291925467
8500000	-9632.620317186747	-8688.360725498691	-944.2595916880568	-8522.132798737668	103.71315184014186	1200.2651726165795	0.08541010459284837	0.43291433334516866	0.2516225657617886	0.2417248934068383	1.1749774561455235	0.7432548743200059	1.708729157302804	0.20781168043957196	3.7628813177206983	0.11119534383943633	0.608445211418225	0.43291433334516866	0.2516225657617886	0.2417248934068383	1.1749774561455235	0.7432548743200059	1.708729157302804	0.20781168043957196	3.7628813177206983	0.11119534383943633	0.608445211418225	6.757382522835361	0.300670224738725	0.20894917579199804	0.20126103427824332	0.28911956519103393	0.4683488780272314	125.16207245927205	-931.840194816609	6.795328530098539E-4	0.8839580170234733	4.3176502327307436E-4	3.052537054747277E-7	0.9287705028071995
8600000	-9614.652703642392	-8664.803031996027	-949.8496716463653	-8493.081781929035	105.02002938844298	1305.5716051242684	0.1098023358319267	0.019938621193326605	0.22140566817104773	0.14219370967343561	1.475537841881454	0.8086510110352096	0.6662150241612227	0.09645709383686084	3.595885247522119	0.28604275390932093	0.5814165794393148	0.019938621193326605	0.22140566817104773	0.14219370967343561	1.475537841881454	0.8086510110352096	0.6662150241612227	0.09645709383686084	3.595885247522119	0.28604275390932093	0.5814165794393148	7.110655101911498	0.300670224738725	0.20894917579199804	0.20126103427824332	0.28911956519103393	0.4726840854673948	110.9513277466632	-939.1008628368917	6.241187607970394E-4	0.9206781894020624	4.422289775866775E-4	2.528481760101476E-7	0.9539631402301364
8700000	-9641.07733395306	-8672.554170664042	-968.5231632890183	-8510.168615316037	144.02626962723133	1492.1544557343786	0.057096330031865185	0.2665382692954372	0.04564380986849637	2.144040107203954	1.1754448335451955	2.3366416201796367	0.030839341053573794	0.2654390106267506	10.710743301538459	0.5085858041264318	1.5701254683184969	0.2665382692954372	0.04564380986849637	2.144040107203954	1.1754448335451955	2.3366416201796367	0.030839341053573794	0.2654390106267506	10.710743301538459	0.5085858041264318	1.5701254683184969	6.367318463059012	0.2985539714357098	0.20894917579199804	0.20182316988153892	0.2906736828907535	0.5331508115128448	132.34073658019227	-945.3077912891711	6.140256481651338E-4	1.06425616505307	4.0569777062316636E-4	3.4318552887760186E-7	0.9940905637175518
8800000	-9700.171886647706	-8714.766081917438	-985.4058047302669	-8542.55840440441	102.56862750620623	1459.1107352570361	0.08433288936812235	0.6425977191584143	0.19334878540019024	0.32943329291737616	0.3033014489288756	1.2762163319012323	2.3206151672703363	0.3120989990624051	2.3605992026339124	0.25875426987496664	0.7688038046465878	0.6425977191584143	0.19334878540019024	0.32943329291737616	0.3033014489288756	1.2762163319012323	2.3206151672703363	0.3120989990624051	2.3605992026339124	0.25875426987496664	0.7688038046465878	6.675346670862984	0.2995611259792232	0.20894917579199804	0.20699492706144584	0.2844947711673332	0.4619284011330427	160.58696918010358	-974.2107082891965	4.4345345042212897E-4	0.7422866126560697	3.6622849969729945E-4	2.6842470848274276E-7	1.1838267713986024
8900000	-9664.550623952486	-8670.550980111593	-993.9996438408931	-8498.0210802369	106.62185990173916	1493.7878496418361	0.10461333967502548	0.03597578305963527	0.04919897615618106	0.26973316997922414	1.9930242879020454	0.7081314892075905	0.777023979540261	0.4582677774227867	3.576801812851957	0.18797542106576073	2.727550418040089	0.03597578305963527	0.04919897615618106	0.26973316997922414	1.9930242879020454	0.7081314892075905	0.777023979540261	0.4582677774227867	3.576801812851957	0.18797542106576073	2.727550418040089	6.686683241794952	0.2995611259792232	0.20097020153890288	0.21615598573688757	0.28331268674498666	0.521837769783514	167.07433907568947	-980.4912083531224	4.630949350884355E-4	0.8673260597619469	3.6791092254359587E-4	2.422673883142145E-7	1.0832992335939893
9000000	-9661.05426929531	-8678.121374269238	-982.9328950260708	-8506.628726842395	140.23910096824733	1477.362505029563	0.07445533294627191	0.5860418315152413	0.1362709972516843	0.10649160721945618	0.783337518736462	0.6735970344033667	1.3786095044727869	0.042626027513324775	4.180510871124066	0.578603545718138	1.068779763580626	0.5860418315152413	0.1362709972516843	0.10649160721945618	0.783337518736462	0.6735970344033667	1.3786095044727869	0.042626027513324775	4.180510871124066	0.578603545718138	1.068779763580626	6.523646865347977	0.29141990137703166	0.21570910824379722	0.20538909170396288	0.2874818986752085	0.5950829063015798	169.66970010344417	-970.2072338330029	4.8620457727933513E-4	0.8607792588310436	3.5342967637080506E-4	2.2558448854141638E-7	0.9916528812229674
9100000	-9692.700662249186	-8703.5477703372	-989.1528919119868	-8533.02157977108	125.39905030728022	1441.4925768074147	0.10204668932465707	0.7436277160594487	0.7521350641223264	0.02985544109357184	2.378637199855163	0.24253975188454466	5.206343866891519	0.08408028303710721	3.7336272633888954	0.8204995339834882	0.8981197653844103	0.7436277160594487	0.7521350641223264	0.02985544109357184	2.378637199855163	0.24253975188454466	5.206343866891519	0.08408028303710721	3.7336272633888954	0.8204995339834882	0.8981197653844103	5.677258465234617	0.29141990137703166	0.20764594420478716	0.20538909170396288	0.2955450627142186	0.5016649523675397	147.92330805922492	-971.5920954070623	4.755760558727833E-4	0.9543981356111465	3.561426755071174E-4	2.8637014481757386E-7	1.1472864012064776
9200000	-9687.06597020213	-8684.517237697077	-1002.5487325050522	-8515.5234526167	124.56412018188693	1568.5817680641787	0.07352160260419725	0.25645424232233355	0.036773943968124986	2.0343730795549764	0.34015202613815976	1.029083116826308	0.7728100996405046	1.342481356332546	3.7452017508773694	0.20556343755569187	0.3396471881842775	0.25645424232233355	0.036773943968124986	2.0343730795549764	0.34015202613815976	1.029083116826308	0.7728100996405046	1.342481356332546	3.7452017508773694	0.20556343755569187	0.3396471881842775	7.408914447343828	0.31000565353096193	0.19796877467900975	0.20145415947182488	0.29057141231820377	0.4674647611432298	172.84798785858925	-989.40541956023	4.1595568835981156E-4	0.7965040868460198	3.505415855107124E-4	1.2419115062558618E-7	0.8812573796778932
9300000	-9655.510180219078	-8680.099941227214	-975.4102389918651	-8518.040288437162	161.880528516657	1518.5575864446894	0.0807668820094217	0.3503031316286084	0.18671248395519263	0.24312195192855293	0.21271974921707967	1.6928453095347678	0.2263051251800055	0.21852591549314584	4.770469224325193	0.4599897137580401	0.12368582593983049	0.3503031316286084	0.18671248395519263	0.24312195192855293	0.21271974921707967	1.6928453095347678	0.2263051251800055	0.21852591549314584	4.770469224325193	0.4599897137580401	0.12368582593983049	6.489408216499744	0.3047039455919558	0.20939014290960262	0.20627165877528303	0.2796342527231589	0.37821099240705836	142.47554174514397	-964.5554419170566	4.0235738983288255E-4	0.8110188601471535	3.4491923620389396E-4	1.6629609304365241E-7	0.9359890202246157
9400000	-9735.073259552786	-8687.76667052483	-1047.3065890279554	-8523.441117389953	129.78902146471904	1908.8800836624207	0.051125361296510664	0.1847431177059316	0.047457205775720414	1.2532821586361151	0.16740945675933316	0.5444571904489275	2.2202452050403076	0.24642348151762705	1.8233753084149233	0.2945983356292509	0.14266990552035463	0.1847431177059316	0.047457205775720414	1.2532821586361151	0.16740945675933316	0.5444571904489275	2.2202452050403076	0.24642348151762705	1.8233753084149233	0.2945983356292509	0.14266990552035463	7.1084355056113715	0.30779134295952154	0.20939014290960262	0.21396730188116736	0.2688512122497088	0.5145297078579254	242.7394335003908	-1037.1022828195946	3.0993379518738423E-4	0.7104300204999384	2.8133539769741386E-4	8.482528949077576E-8	0.989500837747013
9500000	-9639.552942669587	-8691.136307469604	-948.4166351999831	-8521.333428034948	101.06461180833304	1239.0807892688103	0.12818753960886314	0.3447367047728556	0.016631324408491282	2.245835783875221	0.700766011487651	0.16909121366586571	2.429647531864627	0.23728960913552394	4.722835864521046	0.7055699161444022	0.007103920167522941	0.3447367047728556	0.016631324408491282	2.245835783875221	0.700766011487651	0.16909121366586571	2.429647531864627	0.23728960913552394	4.722835864521046	0.7055699161444022	0.007103920167522941	6.495639730011609	0.29567520409535575	0.22556288360433685	0.22792701822450862	0.2508348940757991	0.5501116561795735	125.03429551914604	-934.3356502349061	5.992111826201637E-4	0.8975967725354084	4.7573840830842046E-4	2.4569242874658515E-7	0.8687747208436182
9600000	-9611.763029562884	-8685.910959453746	-925.8520701091379	-8515.113082042557	96.03033611569639	1055.2661288612783	0.11900737964051415	0.2007643633123861	0.16525023985081289	0.560113264782887	0.5356888496071588	1.2554293380077133	0.532654668165006	0.2596097852980748	4.822250899884917	0.4981500605830517	0.24835066235754355	0.2007643633123861	0.16525023985081289	0.560113264782887	0.5356888496071588	1.2554293380077133	0.532654668165006	0.2596097852980748	4.822250899884917	0.4981500605830517	0.24835066235754355	7.52431029780141	0.29288610286188005	0.2125849223676366	0.20874985516099231	0.2857791196094913	0.5058455881352267	110.8724657418487	-914.0058249316579	6.53172275481963E-4	0.8751679813565084	5.467321324161513E-4	3.122487960187776E-7	0.8990217766436038
9700000	-9691.719233781463	-8659.084626743157	-1032.6346070383056	-8488.63469659953	151.51464883533268	1921.5873629494768	0.0585600594812444	0.2483125705117561	0.07138063305965373	1.0068482694798542	0.08736455704993082	0.8066774730720245	0.09272452225717791	0.4816393793760287	3.4482379504234895	0.022885199739138735	0.869992993073162	0.2483125705117561	0.07138063305965373	1.0068482694798542	0.08736455704993082	0.8066774730720245	0.09272452225717791	0.4816393793760287	3.4482379504234895	0.022885199739138735	0.869992993073162	6.573499291652191	0.3034923374942191	0.20873261230381504	0.20942483798666778	0.2783502122152984	0.490236552782582	213.01051252885807	-1022.3504988078034	3.448720832879095E-4	0.793179341495653	2.8065201573055797E-4	7.510746984711723E-8	0.8431605735302924
9800000	-9642.695865152782	-8682.513940352113	-960.1819248006694	-8522.059368126205	96.25847954000145	1297.401203139379	0.10361040057912128	0.4579793144974005	0.1695990749834395	1.8801885356851393	1.3450590423328987	0.8547340086742693	3.6026309323305274	0.26270268020116205	7.077425345308247	0.7299334473747632	0.8268060909758074	0.4579793144974005	0.1695990749834395	1.8801885356851393	1.3450590423328987	0.8547340086742693	3.6026309323305274	0.26270268020116205	7.077425345308247	0.7299334473747632	0.8268060909758074	6.372957611114672	0.28103203749042055	0.2026449737966457	0.22996314485135338	0.28635984386158064	0.5698855539083637	132.1305125474283	-940.6573756687432	4.919943210232883E-4	0.8140411829055483	3.9864110814456E-4	1.8078767656259135E-7	0.8723750712878031
9900000	-9683.502211272336	-8696.623666856654	-986.8785444156819	-8527.863139258972	179.25144013412242	1617.882865668577	0.10127758994689914	0.47975775863345865	0.2902736510634147	3.159805045373106	0.18010825493930901	1.721355370566751	0.7023779857490094	0.14116683680604006	3.7207969081141	0.25571183160585736	0.5546824524584406	0.47975775863345865	0.2902736510634147	3.159805045373106	0.18010825493930901	1.721355370566751	0.7023779857490094	0.14116683680604006	3.7207969081141	0.25571183160585736	0.5546824524584406	7.362617005592149	0.2977788653525463	0.22190203451310572	0.20192573753573373	0.2783933625986145	0.6521613222054957	154.7209642719304	-972.6493928705949	5.077454206715697E-4	0.860564643812294	3.651194486577696E-4	2.5381914920087584E-7	1.0088272300530015
10000000	-9645.287566959236	-8688.251255798195	-957.0363111610409	-8520.651533664684	128.46313581735492	1300.3269342147619	0.08589056545397042	0.2652844557494461	0.6431233967730152	1.4867349624022541	0.6545822167361681	0.5494769323460535	2.737234062408257	1.4239921184135595	4.138707778923293	0.19209610736907817	0.8184207231035622	0.2652844557494461	0.6431233967730152	1.4867349624022541	0.6545822167361681	0.5494769323460535	2.737234062408257	1.4239921184135595	4.138707778923293	0.19209610736907817	0.8184207231035622	6.647317732367229	0.2966148657703347	0.21105292539829978	0.21870494217623662	0.27362726665512915	0.5356258848576728	122.80795992170593	-941.7240981498902	5.486840959529518E-4	0.7466037309570399	4.23324653891236E-4	2.3848907781171734E-7	0.9328009952105178
10100000	-9690.344389754253	-8668.962747706066	-1021.3816420481867	-8503.680334840512	135.86922442595093	1721.1500936670593	0.07305120960883556	0.11097505119311049	0.24347929850895672	0.08511185508820251	1.7732092053728528	0.5049295665658387	1.499679868607907	0.5319117194238611	3.9122663527874324	0.6749461777886793	3.323385318127882	0.11097505119311049	0.24347929850895672	0.08511185508820251	1.7732092053728528	0.5049295665658387	1.499679868607907	0.5319117194238611	3.9122663527874324	0.6749461777886793	3.323385318127882	4.910366852884082	0.30901933907732776	0.21026146956977107	0.20597277285012483	0.2747464185027766	0.5127071433925133	199.57123662514138	-1005.9344006294663	4.2387336713862214E-4	0.8666598496491447	3.275844202719381E-4	9.650511671547794E-8	0.81272940422402
10200000	-9686.117656234796	-8703.757777064182	-982.3598791706139	-8531.608224193418	125.39463668378849	1553.3104578166092	0.07999507170190225	0.6555159635873649	0.10825676109562504	0.8658647809889413	0.6940046436175449	0.6490859339592204	1.5821230008552378	0.5448597702738021	3.6797618346061385	0.27725771686764833	0.18809409792097437	0.6555159635873649	0.10825676109562504	0.8658647809889413	0.6940046436175449	0.6490859339592204	1.5821230008552378	0.5448597702738021	3.6797618346061385	0.27725771686764833	0.18809409792097437	5.995383766040874	0.3154020895380594	0.2106390036857138	0.21484715052614212	0.2591117562500849	0.5127071433925133	143.36093520405836	-970.3825325969146	5.021571891882305E-4	0.8506472956655408	3.7799511263120824E-4	1.9472620297521535E-7	0.9011145244142558
10300000	-9638.019345532903	-8685.171274202985	-952.8480713299175	-8510.979486506241	119.4338426785223	1351.5070663463032	0.07443938494549368	0.591783485698709	0.24845067187172973	0.22247542680889096	0.2904568360715202	0.9748164231024625	3.0252973539841137	0.12832304022806154	4.264073544714699	1.3508678208822757	1.2999907251548446	0.591783485698709	0.24845067187172973	0.22247542680889096	0.2904568360715202	0.9748164231024625	3.0252973539841137	0.12832304022806154	4.264073544714699	1.3508678208822757	1.2999907251548446	5.918131368981196	0.3068232030006476	0.20033974169404184	0.21500268719233806	0.2778343681129728	0.44077297588615394	108.7915040342226	-938.0499901925843	5.026927133136857E-4	0.8258465455692063	4.1113618984109536E-4	2.7894153582362465E-7	1.0572429057936708
10400000	-9681.834468199158	-8677.882850357762	-1003.9516178413954	-8511.301983892057	144.94713795055168	1687.6548628421272	0.0787808583993152	7.329183127978344E-4	0.39302898175806444	1.3762169208021908	8.32519566701474	1.0936541954438592	1.2151872836189965	1.0805601387677484	8.97410772177603	0.40675944564559896	0.6255322517880458	7.329183127978344E-4	0.39302898175806444	1.3762169208021908	8.32519566701474	1.0936541954438592	1.2151872836189965	1.0805601387677484	8.97410772177603	0.40675944564559896	0.6255322517880458	5.958338329749962	0.295823863092989	0.21456061145489605	0.20392958514256515	0.2856859403095501	0.5302681821491163	177.61973753521073	-977.8442416302468	4.361926743541807E-4	0.7837704946001677	3.452681185537716E-4	1.4027086852815649E-7	0.8810064725365326
10500000	-9668.397181933966	-8697.83009488191	-970.5670870520555	-8528.311706057035	93.41497918887613	1295.664521373616	0.08719726432229319	0.002852251897174253	0.19284577730766175	0.8172450747130744	1.1825989007220161	0.5206237735202003	1.1733403708414816	0.06593208156064767	2.9226328159543544	0.1884069547946071	3.143981495975819	0.002852251897174253	0.19284577730766175	0.8172450747130744	1.1825989007220161	0.5206237735202003	1.1733403708414816	0.06593208156064767	2.9226328159543544	0.1884069547946071	3.143981495975819	6.1323193120393595	0.2876423345768775	0.21539549179429301	0.20757812056545788	0.28938405306337195	0.4772970646481893	145.25212970793407	-957.8221533049212	5.460485976716208E-4	0.7936466723514641	4.199801181602645E-4	2.404154942072338E-7	0.9434465224668264
10600000	-9646.767913056901	-8689.36884964049	-957.3990634164116	-8524.538574570146	116.37910635672374	1330.0690379667526	0.0979217595101642	0.18403057728019592	0.33006964953010876	0.239739535917985	0.3846000713070549	0.4132612043105999	3.4035640273773176	0.14712299625133968	6.088397915309118	0.29375259867747805	0.07590281836644852	0.18403057728019592	0.33006964953010876	0.239739535917985	0.3846000713070549	0.4132612043105999	3.4035640273773176	0.14712299625133968	6.088397915309118	0.29375259867747805	0.07590281836644852	6.969432563070806	0.306425946828165	0.21563504232627406	0.20807441270979404	0.26986459813576724	0.4086619161839577	128.52268362327194	-943.1681763302805	4.8139432223285504E-4	0.9186718871447778	3.9163001686356167E-4	2.7817176340336704E-7	1.1003574703723502
10700000	-9724.040966294793	-8673.647822913366	-1050.3931433814278	-8506.563999004424	176.92154842593683	2103.809084299524	0.052514467052392454	0.746897794669944	0.6002515584284028	0.28792830373831796	0.04738078972869687	0.8219468640209358	1.1397548285632704	0.5643872905448446	8.627279865873778	0.44103662478498673	0.4714953845162058	0.746897794669944	0.6002515584284028	0.28792830373831796	0.04738078972869687	0.8219468640209358	1.1397548285632704	0.5643872905448446	8.627279865873778	0.44103662478498673	0.4714953845162058	5.894618548142303	0.29860143965358993	0.20500917074586955	0.2196245523593379	0.276764837241203	0.5933719143298567	232.48456335136262	-1032.9786207938137	3.7383525904278396E-4	0.885566296386164	2.604286189380577E-4	1.3607649048114077E-7	1.1092732451143927
10800000	-9665.538271643629	-8674.513272334303	-991.0249993093256	-8508.36684083035	120.7038256848427	1604.7696254520781	0.06872101015699414	0.3397162393374494	0.04439001527163552	0.06051993890027271	3.622930589344817	0.7934398431551101	2.3924188359429026	0.10856931406723638	2.4188111270934995	0.3890165702319104	0.8152994511987405	0.3397162393374494	0.04439001527163552	0.06051993890027271	3.622930589344817	0.7934398431551101	2.3924188359429026	0.10856931406723638	2.4188111270934995	0.3890165702319104	0.8152994511987405	5.9991094014273365	0.29934153128333213	0.20500917074586955	0.2135037378881455	0.2821455600826531	0.4975290303518973	176.3961030191482	-977.3583197359324	4.822275957333521E-4	0.725847669027875	3.4752019634415044E-4	1.7034803260430742E-7	0.869130760320126
10900000	-9642.619462801234	-8680.316665804712	-962.3027969965217	-8513.260261493311	97.73202367956	1255.386625414569	0.11526254196294282	0.09285482272682007	0.3233856015494463	0.5749564939381918	0.5464938109162188	0.6033535916435556	2.114203451003414	1.9507682714280685	2.7141200347053984	0.05455595167382518	0.2591218783607645	0.09285482272682007	0.3233856015494463	0.5749564939381918	0.5464938109162188	0.6033535916435556	2.114203451003414	1.9507682714280685	2.7141200347053984	0.05455595167382518	0.2591218783607645	6.8705314845584216	0.30348872794933535	0.21075237862194732	0.1994749479640237	0.2862839454646938	0.6372095415374583	125.54279526460051	-950.2147767442248	5.965723659730904E-4	0.8799948150569169	4.6528865106815095E-4	1.8438843357512632E-7	0.7884186026208079
11000000	-9666.873934946367	-8664.08839704615	-1002.7855379002182	-8493.924448021311	118.59330510344029	1597.137530256498	0.050764996186246136	0.05708107516600335	0.01775156075648389	0.7495040176540061	0.48384892181174155	1.267289825234626	0.4534215386414418	0.6338709385628324	1.9781419042155794	0.20075206253506728	0.42512148696966784	0.05708107516600335	0.01775156075648389	0.7495040176540061	0.48384892181174155	1.267289825234626	0.4534215386414418	0.6338709385628324	1.9781419042155794	0.20075206253506728	0.42512148696966784	6.410812981158259	0.3047778435045931	0.21269732868630073	0.19698292598609116	0.28554190182301525	0.4386825857476594	192.8432944046755	-992.5360944900069	3.597482073646444E-4	1.029994102569905	3.355599469893939E-4	1.2732653814482612E-7	0.8918338266198479
11100000	-9621.01314584508	-8672.898515174626	-948.1146306704538	-8510.969498952165	110.7179372512135	1225.5103437410335	0.10115505386140836	0.012260035216465957	0.5639378204159579	1.1635891164793932	0.5798726063971095	0.30011462243425174	2.978340088974464	0.020816171267215848	3.5733925304560987	1.1396215207680986	0.5411259133171425	0.012260035216465957	0.5639378204159579	1.1635891164793932	0.5798726063971095	0.30011462243425174	2.978340088974464	0.020816171267215848	3.5733925304560987	1.1396215207680986	0.5411259133171425	6.670927532206815	0.29864456046939125	0.1896943539971455	0.22317600875723106	0.2884850767762324	0.4345593748915148	117.74343867451164	-934.3436878005408	6.289301931989798E-4	0.9263669835474904	4.785165984317176E-4	5.819287763035223E-7	1.1677397928619886
11200000	-9654.419807892391	-8694.392944644253	-960.0268632481376	-8519.094176075498	118.30483591074844	1387.3054148130343	0.07372378089764962	0.9515500202286047	0.11734159812460652	0.012716143219049994	0.46493710433085333	0.1252714603487713	1.9871637335061478	0.1923583621742092	2.227965898131799	0.2069736496998679	0.36791976476533755	0.9515500202286047	0.11734159812460652	0.012716143219049994	0.46493710433085333	0.1252714603487713	1.9871637335061478	0.1923583621742092	2.227965898131799	0.2069736496998679	0.36791976476533755	5.918217748464561	0.30331235585990074	0.2174063583271303	0.2003668020250596	0.2789144837879095	0.5088992013299313	119.41447977123764	-950.599507480757	5.049710131691657E-4	0.8903573946294536	3.9459022998293656E-4	3.202562756241008E-7	1.158859765191932
11300000	-9623.400880591218	-8670.412335820252	-952.9885447709659	-8504.426399186901	156.37056958591572	1387.8276292708435	0.1048165684004879	2.492253998807895	0.39997377624405245	0.13299875572244196	0.19176451809663894	1.3709643286069546	2.7256474661367616	0.7699785057191805	5.329271076494206	0.37627880027653227	1.3728542022241763	2.492253998807895	0.39997377624405245	0.13299875572244196	0.19176451809663894	1.3709643286069546	2.7256474661367616	0.7699785057191805	5.329271076494206	0.37627880027653227	1.3728542022241763	6.646702349114137	0.2771586399049179	0.2174063583271303	0.21696779954292092	0.288467202225031	0.4844561839801149	136.53611323890016	-934.1587885530126	6.278958213362012E-4	1.161227689972957	3.9839099359260103E-4	6.2328944506492E-7	1.2860041134306845
11400000	-9616.387315595768	-8667.143248843531	-949.2440667522361	-8502.695647639175	110.12613283773854	1234.1339746762555	0.08802302871495583	1.2068764858823549	0.08504466915571603	0.30975214098645903	0.8240504430063085	0.9039660198093188	1.3652332514554664	1.0267587128911229	5.753613186715022	0.8545145540432222	0.42399433439956674	1.2068764858823549	0.08504466915571603	0.30975214098645903	0.8240504430063085	0.9039660198093188	1.3652332514554664	1.0267587128911229	5.753613186715022	0.8545145540432222	0.42399433439956674	6.679925375518951	0.2978216965137288	0.21923719701455874	0.22217979006407515	0.2607613164076374	0.5990455998429038	129.95273841967062	-933.3113805732706	5.559813599507365E-4	0.9654626204688505	4.110955811889178E-4	4.915633675204559E-7	1.2809229211374833
11500000	-9581.537206883317	-8670.712672450934	-910.8245344323816	-8502.647136993482	82.12106302217146	982.4502829626739	0.16426532924355078	0.3821432832773434	0.033815441804571994	0.023564246406584718	1.48415810010083	0.17320167462149066	3.07532014682241	0.04787619571139273	3.4675250021057993	0.3928782992261512	0.15809849294790285	0.3821432832773434	0.033815441804571994	0.023564246406584718	1.48415810010083	0.17320167462149066	3.07532014682241	0.04787619571139273	3.4675250021057993	0.3928782992261512	0.15809849294790285	6.270006657139828	0.2885421149553322	0.200097655959226	0.22704271303789295	0.2843175160475489	0.4737112216161106	96.07469475577423	-898.6855794187961	7.841136224348162E-4	1.0795577992339813	5.721625700489452E-4	6.616352434806363E-7	1.1593230612361909
11600000	-9565.851974426823	-8687.427409559934	-878.4245648668891	-8514.652237562512	90.50195412256662	869.6907971514629	0.17430374066965548	0.3611079630463095	0.060590257749087044	0.42493169137920545	0.44826545428027603	0.1899314349426427	1.5345744242401897	0.1740140777214456	2.453936010042569	0.25713323278231504	0.7869563536406571	0.3611079630463095	0.060590257749087044	0.42493169137920545	0.44826545428027603	0.1899314349426427	1.5345744242401897	0.1740140777214456	2.453936010042569	0.25713323278231504	0.7869563536406571	7.43468406954873	0.3131085268806886	0.2093296003773618	0.19656131379878686	0.28100055894316284	0.5221874701676904	88.12789053822321	-868.6495449595499	8.01153862054731E-4	1.0387962490963418	6.45296334271127E-4	8.968165041280717E-7	1.17706976204975
11700000	-9610.829180436993	-8657.854633031919	-952.9745474050735	-8491.58111237417	122.817477738155	1269.6199781337125	0.09072684878406775	0.13903523204743973	0.14825870210042214	0.544045052246563	1.0039024821070157	0.5101740871431866	1.3909929184222878	0.8647546330899295	1.364143845314785	0.0786608100653377	0.02342280091066724	0.13903523204743973	0.14825870210042214	0.544045052246563	1.0039024821070157	0.5101740871431866	1.3909929184222878	0.8647546330899295	1.364143845314785	0.0786608100653377	0.02342280091066724	6.43487775608957	0.2979518854612114	0.21039015195089572	0.2140507091649229	0.2776072534229701	0.45257642783016894	133.26489804374012	-943.3629715615676	6.527262237768576E-4	1.0723717149518712	4.4973758442084605E-4	4.111379071478116E-7	1.0851611258408231
11800000	-9622.53669640245	-8680.870017269843	-941.6666791326086	-8505.262802147301	114.80998962638043	1299.728823419157	0.08998699572937913	0.8671333600510082	0.026434513802390983	0.5912861282824772	0.798959409200845	2.0533168854268506	0.042273356515986266	0.28850203351583975	6.3079218899415554	0.27226382992794734	0.18541754626287324	0.8671333600510082	0.026434513802390983	0.5912861282824772	0.798959409200845	2.0533168854268506	0.042273356515986266	0.28850203351583975	6.3079218899415554	0.27226382992794734	0.18541754626287324	7.410750957936038	0.2979518854612114	0.20065330860343678	0.22378755251238183	0.2776072534229701	0.4512392566160834	109.8583480316008	-927.194349811434	5.95503075906492E-4	0.9315602641384654	4.372433873001671E-4	5.823045770336084E-7	1.2471953882114737
11900000	-9637.918964517865	-8647.101335131754	-990.8176293861106	-8486.828239342132	137.5843780182538	1543.9633179275281	0.0741274436375974	0.689080406037974	0.235532371663614	0.20662202420691292	0.6310933171243202	0.6216064778054156	0.6300122985469006	0.19857481504297203	2.6404112738333096	0.07399742821793998	0.5186322740904501	0.689080406037974	0.235532371663614	0.20662202420691292	0.6310933171243202	0.6216064778054156	0.6300122985469006	0.19857481504297203	2.6404112738333096	0.07399742821793998	0.5186322740904501	6.485024410668951	0.2966089296748842	0.21822384308875753	0.2110057714191824	0.27416145581717594	0.47834613720532737	161.13820318749762	-981.3027973301841	4.473715123571426E-4	0.9125319750959816	3.5526283567862386E-4	2.2304846899344021E-7	1.0636247021670637
12000000	-9673.226608963361	-8652.750354584947	-1020.4762543784137	-8488.785510139203	188.53407389190397	1933.5702648607862	0.07584038045074727	0.06448454104628262	0.22112385858971947	0.41523908856040964	1.3862419640980141	0.224700243187382	0.3017705829707253	0.3884813940662902	3.354437409375381	1.0595837793707816	0.9263937055894119	0.06448454104628262	0.22112385858971947	0.41523908856040964	1.3862419640980141	0.224700243187382	0.3017705829707253	0.3884813940662902	3.354437409375381	1.0595837793707816	0.9263937055894119	6.485024410668951	0.29700589729601024	0.21822384308875753	0.19708057577024174	0.28768968384499055	0.5168141133071821	214.2586141460362	-1008.8465316015778	4.000347066197575E-4	0.903658210961813	2.8673263583464984E-4	3.4886806369206434E-7	1.3413921259675397
12100000	-9633.023366341415	-8687.091035931466	-945.932330409948	-8527.830827357682	121.52379853410693	1286.561892998258	0.10384706338082936	0.5024181222970707	0.020504210934534008	0.5922079564954434	3.006348567415672	0.8744674943858206	0.028257220608070226	0.4901429143897549	4.0017675681575255	0.05439291197200119	0.39434595392121785	0.5024181222970707	0.020504210934534008	0.5922079564954434	3.006348567415672	0.8744674943858206	0.028257220608070226	0.4901429143897549	4.0017675681575255	0.05439291197200119	0.39434595392121785	6.2636129233070035	0.3094447781201988	0.20955356103605738	0.2046055985996448	0.2763960622440991	0.41702516317286564	128.87434431878572	-932.836948214771	6.181941330491188E-4	1.0317617334237554	4.332179805710444E-4	7.721097267900786E-7	1.4045935421443065
12200000	-9686.811130706687	-8672.696382117223	-1014.1147485894636	-8510.059360092624	115.00049225446051	1672.5481287767643	0.05146780900653803	0.2891925223456491	0.1883881917762934	0.29640604854564556	0.08461906682450686	1.4164037681067723	0.6892377281620611	0.3221639140306912	3.1132373993364197	1.599044347957386	0.8083224489751049	0.2891925223456491	0.1883881917762934	0.29640604854564556	0.08461906682450686	1.4164037681067723	0.6892377281620611	0.3221639140306912	3.1132373993364197	1.599044347957386	0.8083224489751049	5.9705841196580245	0.29229425750085736	0.211079816561886	0.20332189987603763	0.2933040260612191	0.47375684453309985	198.27522999985385	-1002.5156513893869	3.744987315294633E-4	0.6737344230324437	3.229151578875786E-4	8.099369566834966E-8	0.7804495460922333
12300000	-9717.646035414578	-8692.146884297654	-1025.4991511169237	-8527.608951097003	128.5211685161859	1702.9670313618326	0.06134007086413626	0.3885635720657071	0.18847113704077675	0.2748291064930386	1.0676405142923153	2.015907957619807	4.340889291154218	0.0022626426561798666	6.377047791938182	1.2712812843401922	1.08517258057926	0.3885635720657071	0.18847113704077675	0.2748291064930386	1.0676405142923153	2.015907957619807	4.340889291154218	0.0022626426561798666	6.377047791938182	1.2712812843401922	1.08517258057926	6.226228205483015	0.29992093642170337	0.2004042399858997	0.20332189987603763	0.29635292371635935	0.5403421714417967	203.5446130269189	-1005.9233327774937	3.4328266625531956E-4	0.6420327638012477	3.281051402435389E-4	8.512510119101922E-8	0.7910163068153182
12400000	-9650.497321036091	-8669.76342304225	-980.7338979938414	-8497.383052147741	159.0768728796018	1555.0349009140782	0.1086396799088284	0.45487705128878314	0.024722559399494994	0.5463684725754399	0.4898773534092867	0.31299174465552115	1.1470493013789445	0.01821443378033743	2.9259221773583204	0.2151494532326175	0.3403031249498156	0.45487705128878314	0.024722559399494994	0.5463684725754399	0.4898773534092867	0.31299174465552115	1.1470493013789445	0.01821443378033743	2.9259221773583204	0.2151494532326175	0.3403031249498156	6.963564852036075	0.2971373960609229	0.2218880374193426	0.2138503871155462	0.2671241794041885	0.5911592817747037	157.06562742062746	-971.5613842400344	5.203867739937187E-4	0.8289322697703605	4.0235602400816E-4	1.503671549301248E-7	0.7672420120072955
12500000	-9753.292954091827	-8706.422679292802	-1046.8702747990249	-8550.431661723871	103.81534563740271	1781.705989298475	0.04902117519399738	0.27710133208008203	0.023022214103611712	1.3714829361308556	0.6223086097765149	0.9219784032248468	1.0577086289077215	0.30874995139881073	3.6981398974441433	0.5038849920806202	1.9065122308506588	0.27710133208008203	0.023022214103611712	1.3714829361308556	0.6223086097765149	0.9219784032248468	1.0577086289077215	0.30874995139881073	3.6981398974441433	0.5038849920806202	1.9065122308506588	6.499325723605951	0.2968896302491999	0.21204515307547828	0.2165654235021816	0.2744997931731404	0.5504287904712243	235.86140849175317	-1032.8061686349115	3.3685733649252805E-4	0.7523243789331446	3.20080152342655E-4	5.313900957533474E-8	0.6893961828226312
12600000	-9719.444148956898	-8697.73625802691	-1021.7078909299885	-8523.123509524747	160.98312163527544	1935.1063018541154	0.0662326757057721	0.469628258050574	0.16233417607118447	1.0450083378827164	0.08660559759304463	0.7329006643702394	0.026300816705881577	0.49880024424538427	2.7808318797200022	0.2925116092145382	0.9955235581425974	0.469628258050574	0.16233417607118447	1.0450083378827164	0.08660559759304463	0.7329006643702394	0.026300816705881577	0.49880024424538427	2.7808318797200022	0.2925116092145382	0.9955235581425974	5.797847780942583	0.30952310079881007	0.19941168252586813	0.2165654235021816	0.2744997931731404	0.3612029975434383	187.63603484391882	-1011.6772288203057	4.388379327029074E-4	0.8530168927557602	2.975427925098829E-4	1.3758770992313354E-7	0.9206243833527596
12700000	-9643.100252464303	-8691.812097625847	-951.2881548384552	-8524.561569493042	134.36421343014993	1311.0127449683714	0.07996595195281112	0.2107934963414901	0.08873707726420571	0.22768223333602683	0.7249382508612687	1.455859247602291	1.981333449260387	0.3062915037746958	1.9668087779707228	0.4219648255970364	0.12282999571069748	0.2107934963414901	0.08873707726420571	0.22768223333602683	0.7249382508612687	1.455859247602291	1.981333449260387	0.3062915037746958	1.9668087779707228	0.4219648255970364	0.12282999571069748	6.345260654415703	0.2927965526276438	0.21681292891665807	0.20810537499692994	0.2822851434587684	0.4897262112703805	130.34768122284163	-940.7188723034026	6.53575163668461E-4	0.8696400524235482	4.480921904888647E-4	2.3596048914409926E-7	0.822029174640636
12800000	-9656.513302347528	-8683.52111819162	-972.9921841559086	-8511.65142639193	170.42859112277358	1600.0962400220658	0.09954236834683357	0.6509289813301246	0.051275005816507575	0.27243218912350015	1.496294432880825	0.31272014095582606	1.323909528814067	0.22318807070937555	2.3432039668798814	0.03749396898754344	1.1655133186486197	0.6509289813301246	0.051275005816507575	0.27243218912350015	1.496294432880825	0.31272014095582606	1.323909528814067	0.22318807070937555	2.3432039668798814	0.03749396898754344	1.1655133186486197	6.701629123517906	0.295218084698191	0.20553897031197144	0.20810537499692994	0.2911375699929078	0.5627326141561877	174.86220997289547	-962.4695518589104	4.861741507183799E-4	0.7782303519778079	3.527418081438183E-4	1.3518780341213418E-7	0.8313536020629091
12900000	-9653.563845881072	-8679.361533568499	-974.2023123125733	-8514.776173651671	135.6577746116782	1445.3830093674062	0.07792529158924369	0.37275064315162276	0.12754781478904584	0.3425464107222983	0.3411581021354877	0.5005415535560132	3.205420369187307	0.15138967592345254	3.0356063235965793	0.31192660131831274	0.02720541985560894	0.37275064315162276	0.12754781478904584	0.3425464107222983	0.3411581021354877	0.5005415535560132	3.205420369187307	0.15138967592345254	3.0356063235965793	0.31192660131831274	0.02720541985560894	6.565893691024352	0.29449291398838	0.2067331266146959	0.20810537499692994	0.2906685843999943	0.435256896526074	142.14052067173887	-962.5176061620072	5.600703458515194E-4	0.9497030544999121	4.141454674808948E-4	2.0519677739949639E-7	0.8582858347266639
13000000	-9667.179360196807	-8699.156737089334	-968.0226231074735	-8531.10272149497	97.22885327662291	1282.1693507821685	0.06801931328785563	0.1409621338994075	7.710967807286522E-4	0.4657352671289422	0.43404319272104996	0.5104578506485449	0.15789055624045265	0.5336911418887726	4.50163766376097	0.3879158865622719	0.6555108520478397	0.1409621338994075	7.710967807286522E-4	0.4657352671289422	0.43404319272104996	0.5104578506485449	0.15789055624045265	0.5336911418887726	4.50163766376097	0.3879158865622719	0.6555108520478397	6.873773664943232	0.3062749574354849	0.2030745226091544	0.1981704510322977	0.2924800689230631	0.556610561852067	125.01712046947561	-957.3435479354034	4.8182017278663915E-4	0.7861575911721527	4.399732242684635E-4	1.0402556372634732E-7	0.7165711955656349
13100000	-9628.27169221564	-8676.203496877211	-952.0681953384285	-8513.946364087831	100.78899799311736	1339.8186573505259	0.09061623744544398	0.3390404539053201	0.10694164442179695	0.5655026061653079	0.7490651089087494	0.9597654020646788	1.5110609164028235	0.042994727798947675	3.626740765698786	0.38660783449941105	0.19249125568839084	0.3390404539053201	0.10694164442179695	0.5655026061653079	0.7490651089087494	0.9597654020646788	1.5110609164028235	0.042994727798947675	3.626740765698786	0.38660783449941105	0.19249125568839084	6.387920807046495	0.29892212959917763	0.21710151255329121	0.20679554355606095	0.27718081429147035	0.5224233589084699	128.80287959575702	-940.7591019449956	5.574201597361808E-4	0.8967949606187711	4.887030639632953E-4	3.738953844761981E-7	1.008424720361732
13200000	-9644.088211462771	-8677.676028120504	-966.4121833422669	-8506.79796092131	92.84879198435323	1245.3767831178297	0.06864962354947453	1.8637086232210665	0.030543705263021914	0.16609823778418092	0.18724754651722406	1.0574474581304363	0.9182143596144929	0.5115869766959945	3.8217196356984613	0.05932338548726018	0.6889972799763271	1.8637086232210665	0.030543705263021914	0.16609823778418092	0.18724754651722406	1.0574474581304363	0.9182143596144929	0.5115869766959945	3.8217196356984613	0.05932338548726018	0.6889972799763271	7.282258665845151	0.3038602484035411	0.2041029698251718	0.22262468585530124	0.269412095915986	0.627071508050634	160.01070898006685	-953.5300682281307	5.515249512902923E-4	0.858595445294184	4.390508332151551E-4	4.0584130890584204E-7	1.1489495089557145
13300000	-9597.078791484808	-8672.150871366703	-924.9279201181051	-8501.657704620786	111.00256226015762	1124.9979063868138	0.10076685030928732	0.9555157112428628	0.17397312243935284	0.9235216352736638	0.13028712635066458	1.3347055169804858	1.3631438887792633	0.012039945108000322	2.42539896665508	0.30982518748970134	0.15970238311406326	0.9555157112428628	0.17397312243935284	0.9235216352736638	0.13028712635066458	1.3347055169804858	1.3631438887792633	0.012039945108000322	2.42539896665508	0.30982518748970134	0.15970238311406326	6.714769644503073	0.30161399236661196	0.2075138375205959	0.20970906794597918	0.28116310216681306	0.6319843925314684	119.02002198405472	-913.4682112208114	6.787917549410027E-4	1.0829094270111	5.28680058265374E-4	3.840272840558895E-7	0.9845106533283736
13400000	-9646.12959431547	-8682.392171042393	-963.7374232730757	-8517.057285310068	106.27004896190687	1333.9974252479844	0.09754494518622384	0.04707186185352151	0.015607504670979079	0.366468601407482	1.1187207049087384	0.31997071333224886	0.09530326353003703	0.14397330379665763	0.9169583574387907	0.11760705486220788	0.1885442749416292	0.04707186185352151	0.015607504670979079	0.366468601407482	1.1187207049087384	0.31997071333224886	0.09530326353003703	0.14397330379665763	0.9169583574387907	0.11760705486220788	0.1885442749416292	6.646620482436316	0.3001048042493133	0.21233312088326578	0.215832672694754	0.271729402172667	0.4845372159867364	137.84456709325002	-958.1177348003848	4.448055106291561E-4	0.8065654983170026	4.1711282244919076E-4	1.2930167061713491E-7	0.8423470956389113
13500000	-9683.764077331965	-8709.078840815413	-974.6852365165532	-8535.7773547027	106.58442150071282	1407.333895157963	0.08888766300307556	0.1449167866005651	0.33982223819294466	0.5728263323707925	0.7959693140183732	0.4929232358860393	1.082193985319818	0.9434017596459123	2.042857774109011	0.17317237548678954	0.3179272896329663	0.1449167866005651	0.33982223819294466	0.5728263323707925	0.7959693140183732	0.4929232358860393	1.082193985319818	0.9434017596459123	2.042857774109011	0.17317237548678954	0.3179272896329663	6.044467651200181	0.3031174935161435	0.21233312088326578	0.19596464094868962	0.2885847446519012	0.5077633148359365	169.70694974421735	-965.1514698463291	4.3768367302508956E-4	0.8324543468025594	3.9209115741468525E-4	1.4274124765544698E-7	0.9019878140131158
13600000	-9610.7248450775	-8696.429983916863	-914.294861160638	-8526.55205599292	93.19121180528391	1085.8054899292472	0.13120363833448373	0.014910909504431403	0.3132457868584859	1.123934452772205	0.48326020549465937	1.024979596610607	1.3456210771336063	0.5223601414563449	9.92170446158288	0.39984151560108216	0.4004128558988935	0.014910909504431403	0.3132457868584859	1.123934452772205	0.48326020549465937	1.024979596610607	1.3456210771336063	0.5223601414563449	9.92170446158288	0.39984151560108216	0.4004128558988935	6.339681346084188	0.2874642236218058	0.2145972986439415	0.21730840006685567	0.2806300776673971	0.5094284108750419	102.37438796271647	-896.0402852307409	6.206100208824897E-4	1.0323354831321112	4.6740431861345245E-4	5.892559127174717E-7	1.265006694831493
13700000	-9629.554044920375	-8708.755442526235	-920.7986023941392	-8535.848128496227	89.51057193322194	1110.8846785890157	0.09845761696337155	0.6952178891217411	0.15135398198040023	0.5073457047709277	0.4703398026085367	0.9293248468041669	0.7773434269087601	0.04060693838651096	2.640188996809587	0.6360596865036809	0.9039119308823352	0.6952178891217411	0.15135398198040023	0.5073457047709277	0.4703398026085367	0.9293248468041669	0.7773434269087601	0.04060693838651096	2.640188996809587	0.6360596865036809	0.9039119308823352	5.966320474608179	0.2916230347041428	0.21451176011610074	0.21323512751235943	0.2806300776673971	0.5614244259223778	103.43053898247959	-911.0735351218826	5.931169142937699E-4	0.7293625681297815	4.7004205396701445E-4	4.0992106768491784E-7	1.1277063467704238
13800000	-9670.983521084017	-8690.208689644513	-980.7748314395042	-8517.976248700192	108.60190157800572	1339.3748439935362	0.1009047136740061	0.5496115106104811	0.8853715884113851	0.0026689508783969817	0.7967500962038252	0.27394424498706055	4.169733564993112	0.8697537562165266	4.652321120199344	1.1154458694259182	0.3115972496604599	0.5496115106104811	0.8853715884113851	0.0026689508783969817	0.7967500962038252	0.27394424498706055	4.169733564993112	0.8697537562165266	4.652321120199344	1.1154458694259182	0.3115972496604599	5.916437393704789	0.3149400116624839	0.20433886859322875	0.20655562872408992	0.2741654910201975	0.5283205315704059	155.23167282880277	-965.0612523221299	4.0223213012332193E-4	0.7657706525981952	4.1236942626731533E-4	2.2443642263385837E-7	1.1238524283625495
13900000	-9686.285017217324	-8693.365167275577	-992.9198499417475	-8525.769828093822	141.037743555136	1602.3477938857277	0.08516948909172119	1.3585349147189274	0.10195617686486716	0.6798008103162857	0.03762652621112649	1.2482735178093112	0.5794416777084433	2.724103785635445	4.781962685473159	0.19690395165063077	1.0186937453675255	1.3585349147189274	0.10195617686486716	0.6798008103162857	0.03762652621112649	1.2482735178093112	0.5794416777084433	2.724103785635445	4.781962685473159	0.19690395165063077	1.0186937453675255	5.65235830805669	0.31768643785120754	0.2015924424045052	0.20655562872408992	0.2741654910201975	0.43646446406387823	159.00315131781775	-977.8542297196608	3.9875415744867673E-4	0.823167811185504	3.388751321105177E-4	1.4038299054949117E-7	0.9274793973724618
14000000	-9614.27121357093	-8669.252649387072	-945.018564183858	-8505.684966387926	110.92728250689302	1284.7585502074985	0.11004663979009187	0.2422701792384911	0.09479373910749456	0.9522338889803186	0.2858870988591935	0.26320171002549797	1.2304938262237068	1.1252801918778494	5.563166227679641	1.2133982793559759	0.013229067086126487	0.2422701792384911	0.09479373910749456	0.9522338889803186	0.2858870988591935	0.26320171002549797	1.2304938262237068	1.1252801918778494	5.563166227679641	1.2133982793559759	0.013229067086126487	5.937655626419798	0.3112925325253332	0.2015924424045052	0.20655562872408992	0.28055939634607185	0.5248107955228909	113.35341981957585	-932.0607458834663	5.106775086967636E-4	0.7807761713105064	4.306804838070159E-4	3.429572670339489E-7	1.0247242590196888
14100000	-9702.374684229884	-8697.057745159424	-1005.316939070461	-8521.865688448064	138.85080628478693	1667.4732513181668	0.06003251954911697	0.6993566104261608	0.9292637476250426	0.3371568549258653	1.651970133533544	2.21205807682238	3.27962941896028	1.534935074175812	2.5077945667058037	0.46176087508486363	0.6466577092304565	0.6993566104261608	0.9292637476250426	0.3371568549258653	1.651970133533544	2.21205807682238	3.27962941896028	1.534935074175812	2.5077945667058037	0.46176087508486363	0.6466577092304565	5.604995314314192	0.2988329642564199	0.21628179699565814	0.20730393926901242	0.2775812994789097	0.5270248302059524	174.22611697947704	-987.9933686268322	4.122738668648119E-4	0.8662174506281108	3.301412583595487E-4	2.0553284780829188E-7	1.0796356000082092
14200000	-9648.32979759276	-8697.134502620756	-951.1952949720029	-8522.746550471442	98.7930874784774	1294.668537007187	0.11707033600299496	0.1130445370637159	0.4813830176565722	0.051339455018300034	1.2641401779287353	0.15349708024043518	1.2217994734183577	0.07236455330719488	3.0347451040328814	0.0487195613912163	0.20445780868448515	0.1130445370637159	0.4813830176565722	0.051339455018300034	1.2641401779287353	0.15349708024043518	1.2217994734183577	0.07236455330719488	3.0347451040328814	0.0487195613912163	0.20445780868448515	6.637247153381592	0.29622321398945906	0.20883734879141402	0.20730393926901242	0.28763549795011467	0.4619566091346861	125.09615817441842	-942.218173359337	4.979988459479915E-4	0.8706172231808524	4.077812332286195E-4	2.1448370418908437E-7	0.9491719191271452
14300000	-9684.219846120879	-8696.414023585838	-987.8058225350411	-8523.097286760887	113.75141104549931	1461.8612921347026	0.05338373350977799	0.0462934651861004	0.5884576690122761	1.3745385002750068	0.05426276280740767	3.787422661896064	1.7231118691235414	0.7716874243794827	5.552129104606486	2.8157515195992273	0.49466407196375084	0.0462934651861004	0.5884576690122761	1.3745385002750068	0.05426276280740767	3.787422661896064	1.7231118691235414	0.7716874243794827	5.552129104606486	2.8157515195992273	0.49466407196375084	6.18039069868826	0.31093982518905194	0.21051965679844553	0.20470591072203026	0.27383460729047243	0.4945203885522331	157.15476188858713	-967.5490499685475	5.083585582876478E-4	0.725270187548501	4.038814357504769E-4	1.7713221296120034E-7	0.8605755018297377
14400000	-9694.710991688291	-8696.455947073935	-998.2550446143568	-8535.805128497168	115.39937782231615	1489.4395913928035	0.08846617140942406	0.1537477727290465	0.026022509283592166	0.6154410422220095	0.5644493392130251	0.30330308638940084	1.8850041153153256	0.020366560242735688	2.845607298845315	0.30480432323120904	1.0671096112437115	0.1537477727290465	0.026022509283592166	0.6154410422220095	0.5644493392130251	0.30330308638940084	1.8850041153153256	0.020366560242735688	2.845607298845315	0.30480432323120904	1.0671096112437115	7.366183950204626	0.3042704528382884	0.20318625043943167	0.2187086894318077	0.27383460729047243	0.5909783189623348	180.78576162486905	-987.9210175583127	3.817776631220881E-4	0.7176250118119102	3.5940959425196067E-4	2.1375366183358454E-7	1.1481795999267002
14500000	-9630.316566606318	-8681.17263648936	-949.1439301169581	-8516.51652794246	79.97645553537565	1120.0789628215407	0.09127601072751369	1.0291332116220826	0.6789591499922584	0.48904090734110317	1.5478072960172964	1.3390997106698725	1.0193293496849067	0.6849070638071958	5.413309074658614	0.19296463867532335	0.043260173855307095	1.0291332116220826	0.6789591499922584	0.48904090734110317	1.5478072960172964	1.3390997106698725	1.0193293496849067	0.6849070638071958	5.413309074658614	0.19296463867532335	0.043260173855307095	6.632170149143359	0.3129629255223633	0.19934268360638033	0.2038027077303417	0.2838916831409149	0.5149906802428323	105.51453381496229	-934.1120980300865	5.651300222123612E-4	0.8380725323793683	4.994617265661168E-4	2.8051785617156936E-7	0.9417144246660397
14600000	-9667.541167837862	-8691.79152556734	-975.7496422705225	-8520.103739834034	150.43017675431352	1543.7435927498648	0.10717130309853543	0.19252735055243306	0.3456209757375026	0.38038565150520115	1.7039117262730747	0.5227128324022401	1.5891180001627985	0.012799132057216108	1.4375894475975373	0.1094328928829448	0.9441505516665164	0.19252735055243306	0.3456209757375026	0.38038565150520115	1.7039117262730747	0.5227128324022401	1.5891180001627985	0.012799132057216108	1.4375894475975373	0.1094328928829448	0.9441505516665164	6.26864934061994	0.29723779465089506	0.19777664270795567	0.21352299279535839	0.2914625698457911	0.7659142480620805	146.4021397565107	-965.6431510525148	5.141643417683427E-4	0.8744176192778778	3.802105471611395E-4	2.4233388944205654E-7	1.0294890138510326
14700000	-9649.75455788889	-8681.627343056836	-968.1272148320523	-8509.86949812697	106.69384564303977	1308.4636697793658	0.09439131751197599	0.14212878320211783	0.13414963062022658	0.11665007064025286	0.5470103262144524	0.7810183537527029	1.334682839014112	0.2522652897772164	1.8569964548168942	0.05399794641419979	0.547080504737754	0.14212878320211783	0.13414963062022658	0.11665007064025286	0.5470103262144524	0.7810183537527029	1.334682839014112	0.2522652897772164	1.8569964548168942	0.05399794641419979	0.547080504737754	5.707510065075832	0.2911893859366035	0.20110179407130568	0.23431972378912827	0.2733890962029628	0.5689913006628495	146.96721997222443	-958.8999014946195	5.765466799633751E-4	1.109685349961878	4.636882035526519E-4	3.532815987367201E-7	1.0712014253984137
14800000	-9656.990474457436	-8662.350090194403	-994.6403842630327	-8497.971223671375	157.71328682409327	1653.1167280785105	0.05460599021845622	0.054856006478590603	0.4138898371904996	0.24827476814196794	0.014931694887906164	0.3254228990448096	3.467032311999972	0.08858012233358423	2.0320500703608553	0.4329772508993146	0.3345795169686269	0.054856006478590603	0.4138898371904996	0.24827476814196794	0.014931694887906164	0.3254228990448096	3.467032311999972	0.08858012233358423	2.0320500703608553	0.4329772508993146	0.3345795169686269	6.250982305771495	0.31284481606949643	0.2022192398850253	0.2010054287187099	0.2839305153267686	0.4979737248204128	174.02578330450243	-983.8081381698292	3.948667854166851E-4	0.8768290722255312	3.2344903799069074E-4	1.3881266890136516E-7	0.9290018071654873
14900000	-9629.290536001094	-8692.747024365326	-936.5435116357672	-8518.95727334663	126.96279127950042	1315.5469556814303	0.1197856294795529	0.04718840997494856	0.3107072031460846	0.18002950954392266	0.9784696161417163	0.43829031795960854	0.8783706156693808	0.13769374030519327	3.126363762923099	0.5758774071994748	1.5270057179140564	0.04718840997494856	0.3107072031460846	0.18002950954392266	0.9784696161417163	0.43829031795960854	0.8783706156693808	0.13769374030519327	3.126363762923099	0.5758774071994748	1.5270057179140564	5.525519270888692	0.3154968341376629	0.20496187047372577	0.2031946734648605	0.27634662192375115	0.5284281683703361	130.62267183816607	-926.1009706472091	5.631526006764785E-4	0.8427335711926701	4.2273039044208655E-4	2.989955684174361E-7	0.9698259394602249
15000000	-9621.172350168417	-8659.83269243073	-961.339657737688	-8497.974491401526	134.28571117054784	1408.296146035607	0.08199849887039479	0.3725680964191777	0.06602160384753573	0.21263405329055338	0.7449125690888532	0.36483868992215523	1.5900642943491254	0.6393250845140298	1.9139056315564595	0.16298305167149912	0.056002250572103715	0.3725680964191777	0.06602160384753573	0.21263405329055338	0.7449125690888532	0.36483868992215523	1.5900642943491254	0.6393250845140298	1.9139056315564595	0.16298305167149912	0.056002250572103715	5.915043824682385	0.30346050670942726	0.20179524484490724	0.2116227369287141	0.2831215115169517	0.5039872285107247	120.74769088110313	-952.2400978370133	5.756863660001348E-4	0.9435887635783087	4.120711386333312E-4	3.091798636929361E-7	1.0813118010984013
15100000	-9657.445975788252	-8681.43267222161	-976.0133035666429	-8506.653213692167	136.31541775063482	1417.1494066173007	0.06877234656232818	0.03619872673023193	0.0032008685821663277	1.5933127763408896	0.264605029222461	1.048363650389578	0.9216846197613148	0.06702491270898803	1.925874368047427	0.31097917710445144	1.4780615404788695	0.03619872673023193	0.0032008685821663277	1.5933127763408896	0.264605029222461	1.048363650389578	0.9216846197613148	0.06702491270898803	1.925874368047427	0.31097917710445144	1.4780615404788695	6.536973319290207	0.29218757356644137	0.20974667241301675	0.21858988116271946	0.2794758728578227	0.48337018550366706	146.45370594019303	-964.7156749744669	5.393242443469774E-4	1.0272165671854372	4.118254931429332E-4	3.026773366201761E-7	1.0334356402218368
15200000	-9583.835311618754	-8667.378673050283	-916.4566385684711	-8500.529023674824	166.51236610242142	1301.3674342632735	0.11566904414470887	0.439350511048791	0.05664499701334677	0.11278678990379806	0.11829332075735753	0.5770819013743095	1.5752686857014415	0.23797216849442968	2.025782568225173	0.7904461104099281	1.1007920322313926E-4	0.439350511048791	0.05664499701334677	0.11278678990379806	0.11829332075735753	0.5770819013743095	1.5752686857014415	0.23797216849442968	2.025782568225173	0.7904461104099281	1.1007920322313926E-4	5.902604946888133	0.30431935606625726	0.20305079293963085	0.2155159568749832	0.277113894119129	0.5852862009569443	93.93386437816409	-907.7827105953712	7.056459184929082E-4	0.9661489225171437	4.459422559307005E-4	4.951888174783266E-7	1.0027027547556298
15300000	-9616.549963712168	-8690.099856476992	-926.4501072351751	-8518.863654226308	103.64137210260225	1106.5588947610854	0.08541768019952338	0.18397338039922725	0.3359359333476646	0.02929817290665051	0.08547305079258907	0.36177734620383684	1.2790465381627454	0.1809036777206557	2.079149306905052	0.3716743326225953	0.2211096651391447	0.18397338039922725	0.3359359333476646	0.02929817290665051	0.08547305079258907	0.36177734620383684	1.2790465381627454	0.1809036777206557	2.079149306905052	0.3716743326225953	0.2211096651391447	5.520195138052738	0.29981763728790706	0.189296751467931	0.22488403611375263	0.2860015751304097	0.42384897006340005	128.10046605629518	-919.017993307781	5.470685654011514E-4	0.7997479850984685	4.7188173895351974E-4	6.738985942827518E-7	1.3515046398252595
15400000	-9648.00956175799	-8709.970743665834	-938.0388180921568	-8530.41557078252	113.69087933777233	1218.486969280585	0.06734095599639761	0.876004377894322	0.37502455784672467	0.4962268995444969	0.9822741998070509	1.3181671628173184	0.4845250417748097	0.13941459886240573	2.4195065277623335	0.4635149821289887	0.5266337378686433	0.876004377894322	0.37502455784672467	0.4962268995444969	0.9822741998070509	1.3181671628173184	0.4845250417748097	0.13941459886240573	2.4195065277623335	0.4635149821289887	0.5266337378686433	7.06971346097967	0.2890511935325296	0.21652233173693733	0.20955912815594835	0.28486734657458507	0.43798332102160636	119.53830604730236	-926.5538595509513	6.352816662313536E-4	0.9104622941212805	4.461550749587043E-4	3.81607326272984E-7	1.0708747255876698
15500000	-9604.104417239761	-8680.859937798685	-923.2444794410769	-8512.576028685593	93.07585818005546	1079.915512406825	0.15238987827999256	0.0999914050753357	0.38274747573011614	0.10707280640272186	4.364806527339578	0.40932701125599114	1.3388498772681008	0.012633365947985347	2.4054342475269603	0.7190717367291873	0.22317443278704985	0.0999914050753357	0.38274747573011614	0.10707280640272186	4.364806527339578	0.40932701125599114	1.3388498772681008	0.012633365947985347	2.4054342475269603	0.7190717367291873	0.22317443278704985	6.289579929394148	0.3009732150164778	0.22275245298420393	0.20768920268531738	0.26858512931400125	0.6067016522192122	112.53956595747646	-910.4161386395468	7.16069127416851E-4	0.9668738269149986	5.449170329903121E-4	7.126174021215335E-7	1.1571998363235234
15600000	-9628.0505479408	-8658.010828820312	-970.0397191204888	-8501.905960122293	130.80098010656275	1418.0901844985754	0.06994262997027828	1.5266686230466786	0.03345379148206273	0.5648827967280596	0.3030722720779454	0.8127378426658831	1.787773732280641	0.07213484668391351	5.436831573311894	0.3509142635190528	1.1325762890248057	1.5266686230466786	0.03345379148206273	0.5648827967280596	0.3030722720779454	0.8127378426658831	1.787773732280641	0.07213484668391351	5.436831573311894	0.3509142635190528	1.1325762890248057	6.937390480932304	0.28792479170429336	0.21187497835447722	0.2216470038769403	0.27855322606428945	0.5693640445544975	135.196499941947	-954.2174899352964	6.024677042432874E-4	1.0132989964273937	3.884056094533852E-4	2.3483820292676166E-7	0.922525852490106
15700000	-9688.47112483215	-8659.730935299802	-1028.7401895323478	-8494.896911387532	229.9054249710311	2167.8012319722393	0.06540002184655144	0.45873199233602835	0.33273208900586454	0.3393309718194138	0.74662939807591	1.2446186988369856	1.4904590122178663	0.29165371430216236	3.8353216956377296	0.3415059053589285	0.03208727066086182	0.45873199233602835	0.33273208900586454	0.3393309718194138	0.74662939807591	1.2446186988369856	1.4904590122178663	0.29165371430216236	3.8353216956377296	0.3415059053589285	0.03208727066086182	5.819159178566139	0.2990069368241396	0.2019221517662564	0.21019252105611966	0.28887839035348467	0.5381371666378811	195.37157471808135	-1016.1854838855645	4.2160993109811076E-4	0.9477596031891328	2.584872417547018E-4	1.4034567026823048E-7	0.9367733343530391
15800000	-9644.089606086678	-8662.47696338484	-981.6126427018395	-8502.439280343837	158.2092365011158	1512.5232670218002	0.07934528240838486	0.09247529802225389	0.02654657682279892	0.35176139014737356	1.9575737796886088	2.8749745857852225	0.6107516140962116	1.0726712290935752	5.319195261454043	0.5273854635835652	0.5986129090171844	0.09247529802225389	0.02654657682279892	0.35176139014737356	1.9575737796886088	2.8749745857852225	0.6107516140962116	1.0726712290935752	5.319195261454043	0.5273854635835652	0.5986129090171844	6.148614962873851	0.2990069368241396	0.2122820413172617	0.21180818425590722	0.27690283760269185	0.5425290223559084	170.33634609585542	-965.3937683424666	4.637123600599327E-4	0.8216527468797035	3.6397023404441056E-4	2.3636155075160089E-7	1.0681990189168153
15900000	-9642.826844160805	-8680.137737602445	-962.6891065583607	-8510.082857075866	137.94274114678035	1340.5177196317204	0.11403458248123284	0.15889832254624311	0.06493321818571726	0.7968632989080279	3.4563895387755137	0.871004206015632	0.8197534525482194	0.18382216134271917	4.768311889925545	0.5474381331824878	1.2122041474885061	0.15889832254624311	0.06493321818571726	0.7968632989080279	3.4563895387755137	0.871004206015632	0.8197534525482194	0.18382216134271917	4.768311889925545	0.5474381331824878	1.2122041474885061	6.2224541956634205	0.2957303095002671	0.20662098365475526	0.2144851412855235	0.2831635655594545	0.6029970664407992	139.60793962243116	-947.9431585690849	4.5905397347153294E-4	0.7025638853098128	3.8580322329337076E-4	2.3798600989315562E-7	1.0545173146492919
16000000	-9689.263652508107	-8715.552479103939	-973.7111734041674	-8545.195941082575	130.08614578421526	1364.5115563247116	0.0814093084918173	0.395503804872561	0.6111437062628469	1.2667275948495451	0.5174105298548003	1.008813077575049	2.27251794189119	0.5632997938580074	2.956368413324104	0.9349007064584837	0.18792050534295024	0.395503804872561	0.6111437062628469	1.2667275948495451	0.5174105298548003	1.008813077575049	2.27251794189119	0.5632997938580074	2.956368413324104	0.9349007064584837	0.18792050534295024	6.692168375523964	0.2946184633007225	0.20129063313389048	0.20959637713675777	0.29449452642862955	0.39597260805026485	141.429509849268	-960.2066197585203	4.6024452740319155E-4	0.8829333172482808	3.7471079965188924E-4	2.930266472365599E-7	1.1062711986967584
16100000	-9679.99848831425	-8685.166132668399	-994.8323556458512	-8517.20024559848	150.4486721769946	1519.163411419349	0.1139039219604986	0.2615858163076289	0.14987616224334546	0.40163169935132365	4.520434461208224	1.230584340159345	0.6768752172245568	0.21472079743189393	5.438245206411138	0.391258823529548	0.4378558078877589	0.2615858163076289	0.14987616224334546	0.40163169935132365	4.520434461208224	1.230584340159345	0.6768752172245568	0.21472079743189393	5.438245206411138	0.391258823529548	0.4378558078877589	6.784780823555693	0.29783195113624467	0.20875281585833189	0.2079539435320829	0.28546128947334093	0.46297363663717445	156.34447525287126	-977.4048223548829	6.085641701647151E-4	1.1461138053142519	4.332122638962742E-4	3.2041199066365033E-7	0.9951996819892728
16200000	-9689.466860658584	-8676.625525825137	-1012.8413348334464	-8500.720614437678	134.88020698092384	1766.388635378841	0.07298994165188628	0.4486209708630361	0.40499884550514187	1.2020644749802216	0.22749664770296138	0.3156085760652948	2.116812863417126	1.925603300966142	3.6430264571087547	0.5112066833752285	0.19072851396077276	0.4486209708630361	0.40499884550514187	1.2020644749802216	0.22749664770296138	0.3156085760652948	2.116812863417126	1.925603300966142	3.6430264571087547	0.5112066833752285	0.19072851396077276	5.921960829671713	0.29783195113624467	0.21250099638137926	0.2047628400508019	0.28490421243157454	0.5157949507756332	184.66848495205284	-999.2977246810754	4.0104642378257274E-4	0.7526979757149437	2.8930454500914783E-4	1.3221390366104718E-7	1.000684447508663
16300000	-9640.81210238839	-8690.087869159623	-950.724233228768	-8511.672516776936	178.33411098676086	1409.8147344272897	0.17958705881930784	0.3013825405419523	0.08002032627642336	0.2105902388670461	2.041048540179186	1.3415945891514514	0.778710522370546	0.0043072676877	3.1147072237385873	0.5712864046130383	0.3773251663534416	0.3013825405419523	0.08002032627642336	0.2105902388670461	2.041048540179186	1.3415945891514514	0.778710522370546	0.0043072676877	3.1147072237385873	0.5712864046130383	0.3773251663534416	6.647792738391343	0.28241166165088993	0.22960461030090698	0.21047108851722582	0.27751263953097766	0.41997663978369043	131.8685104797978	-939.4072878542161	5.388195976531623E-4	1.0368093742343094	4.200542662160086E-4	2.6212821712294373E-7	0.9551104897331707
16400000	-9658.99706910154	-8690.323893733774	-968.6731753677675	-8522.727205958201	123.63743397557063	1292.1384444343278	0.09609838961349915	1.667396398487438	0.06293500900584272	2.2553521094804196	0.3039435993780176	1.976079839714191	3.6269433807666243	0.07096801521569622	7.014639517299182	0.6768271601469019	0.15351830533364097	1.667396398487438	0.06293500900584272	2.2553521094804196	0.3039435993780176	1.976079839714191	3.6269433807666243	0.07096801521569622	7.014639517299182	0.6768271601469019	0.15351830533364097	5.460603541621196	0.29298225789483184	0.22112818460797007	0.21635183926930684	0.2695377182278917	0.5130229988060697	132.44357519454957	-948.799940737806	4.864887551269135E-4	0.8087348604215726	4.4365971330106107E-4	2.904255363947033E-7	1.067896480105675
16500000	-9603.310995702308	-8683.691652490234	-919.6193432120737	-8519.496179748005	126.1418132563844	1104.5966620370943	0.09178302878717316	0.3609351937933484	0.17544785456082215	0.28297597223366394	0.4667380672779349	1.6525379558535052	0.45701011849132117	0.36522301519949923	4.479636742335504	0.017390103709441055	0.4633740850514786	0.3609351937933484	0.17544785456082215	0.28297597223366394	0.4667380672779349	1.6525379558535052	0.45701011849132117	0.36522301519949923	4.479636742335504	0.017390103709441055	0.4633740850514786	6.332255661770235	0.30217009338887846	0.20976547176038174	0.21325817880765052	0.2748062560430897	0.4198720023883274	106.36682881136433	-908.3733833281636	5.541254660396414E-4	0.9035733921310972	4.5198546306869154E-4	3.4480163529583623E-7	1.070777801279978
16600000	-9623.606763770473	-8662.449769519155	-961.1569942513185	-8492.066442141597	127.09466273328577	1331.489859361726	0.09400462811650503	0.5891165329515786	0.39427920648340503	1.1546547533211058	1.0403505380476685	1.2999503500822884	1.542208715626453	0.1248046661647935	5.168011316992491	0.31070386763748387	0.3495987875066347	0.5891165329515786	0.39427920648340503	1.1546547533211058	1.0403505380476685	1.2999503500822884	1.542208715626453	0.1248046661647935	5.168011316992491	0.31070386763748387	0.3495987875066347	6.346184581532073	0.30617143688378573	0.21171466626112606	0.21339752552358499	0.2687163713315037	0.415232406080351	135.99907413228266	-946.2441093591935	5.141563696253727E-4	0.996031742933643	4.376463558660769E-4	2.793789796136636E-7	1.0421381707844246
16700000	-9615.678653782483	-8677.962762239084	-937.7158915434	-8508.372443420532	90.67341786805142	1128.7585123037632	0.15591013917740734	0.12735207839105062	0.044579395980413425	0.26702848372548704	0.48800770798636345	0.8387707689143434	0.43447723753860995	1.1551763975188205	4.14786477360099	0.08940858332252918	0.21267768886456204	0.12735207839105062	0.044579395980413425	0.26702848372548704	0.48800770798636345	0.8387707689143434	0.43447723753860995	1.1551763975188205	4.14786477360099	0.08940858332252918	0.21267768886456204	5.940258983057753	0.2932455048551138	0.21171466626112606	0.21339752552358499	0.28164230336017565	0.5094132900408216	98.437819975606	-927.8188043694898	6.121223025199984E-4	0.9260887406959919	4.7644168712317864E-4	3.5901076100441266E-7	1.0011582408999318
16800000	-9656.443772292447	-8667.855807549611	-988.5879647428359	-8491.735893233597	151.24751830727777	1587.064152739915	0.11583328411240813	0.20374240240818034	0.0984307124663512	0.44063980354838383	1.8570983732104775	0.7988872633421259	0.3568705912832736	0.20258104659038448	5.7021192713283195	0.07746342982628097	1.2729774040781239	0.20374240240818034	0.0984307124663512	0.44063980354838383	1.8570983732104775	0.7988872633421259	0.3568705912832736	0.20258104659038448	5.7021192713283195	0.07746342982628097	1.2729774040781239	6.528205534328127	0.2859576105256811	0.20768264480497745	0.21339752552358499	0.29296221914575704	0.45243553629243094	170.91492160706696	-974.9151116674915	4.442737518517745E-4	0.928467832802105	3.509634546830958E-4	2.4646929205104685E-7	1.0280344252618778
16900000	-9628.884337675656	-8707.308535369508	-921.5758023061476	-8545.79850958168	121.80714184112438	1065.5150192266192	0.12071173564801328	0.1426016160346331	0.026809027695293003	0.8918379380065413	0.8653913303587483	0.8198132842993974	2.2025253248098045	0.7340867021303594	5.2542753824783235	0.1650261021000301	0.37372315978019155	0.1426016160346331	0.026809027695293003	0.8918379380065413	0.8653913303587483	0.8198132842993974	2.2025253248098045	0.7340867021303594	5.2542753824783235	0.1650261021000301	0.37372315978019155	5.179644541725917	0.28510138273991387	0.20505210462900217	0.21577604820158677	0.29407046442949775	0.5662773842974964	127.15828474374453	-907.2574633552913	6.864604203835984E-4	1.0005457801093418	5.615946398956032E-4	7.311596799319436E-7	1.2092913432581271
17000000	-9606.291211948725	-8683.743399346191	-922.5478126025342	-8518.271182770333	129.16211272545956	1151.9070188603675	0.06841996878609057	0.323798221603719	0.21940470741302542	0.27091816247216305	0.3277322308067349	0.9709584165308793	2.43506530274008	0.027978772698208414	5.482518510623485	0.5107771044149555	0.18481139406992533	0.323798221603719	0.21940470741302542	0.27091816247216305	0.3277322308067349	0.9709584165308793	2.43506530274008	0.027978772698208414	5.482518510623485	0.5107771044149555	0.18481139406992533	6.607763966839477	0.2920655065841462	0.20056763489907523	0.2119080993997173	0.29545875911706176	0.5105343959722719	104.04547575248056	-908.4662453336393	6.594880981119585E-4	0.914612060090173	4.6155888635363723E-4	5.265948015906129E-7	1.0936301299049656
17100000	-9653.251360676588	-8696.960468928663	-956.2908917479257	-8525.348787474048	122.60690811640174	1267.3161462734158	0.10657860795201392	1.8025975360565443	0.07308094433663442	0.9089019115714073	0.3516562266736873	1.8978168782015568	1.755977097339392	1.4602587284101876	3.14657681849595	0.5193090481126588	1.7138869461514081	1.8025975360565443	0.07308094433663442	0.9089019115714073	0.3516562266736873	1.8978168782015568	1.755977097339392	1.4602587284101876	3.14657681849595	0.5193090481126588	1.7138869461514081	6.773501170129331	0.2807159205556078	0.2226624205470813	0.212360536020311	0.28426112287700045	0.4717538275269494	127.73102135171112	-940.5765105053825	4.983715264072761E-4	0.7635217744622962	4.4250063263281085E-4	3.021376629895257E-7	0.9972549293091778
17200000	-9670.352095587428	-8697.27487578189	-973.0772198055379	-8528.365338367386	112.73877450369338	1344.4803312782685	0.06629016974104109	0.3032768864877185	0.11993361142074072	0.022692668521290985	1.6167528565203697	0.10375979166354778	0.7360190810203081	0.11996544077633857	3.7165274613295947	0.7880901981949313	0.43375080158715607	0.3032768864877185	0.11993361142074072	0.022692668521290985	1.6167528565203697	0.10375979166354778	0.7360190810203081	0.11996544077633857	3.7165274613295947	0.7880901981949313	0.43375080158715607	5.942403585080727	0.2947308983139451	0.20864543865502236	0.22538016580995776	0.2712434972210753	0.4580454205989692	144.41948250825723	-963.1211396132397	3.983927177214249E-4	0.6509128728161845	3.917933760770117E-4	8.365719542997712E-8	0.6824278657210728
17300000	-9755.232512466206	-8699.753476694223	-1055.4790357719828	-8530.319894948858	137.09805300801804	2053.6922222716416	0.05150677786211003	0.5521300497436449	0.026419685327824207	1.1994985347881382	2.363556094689715	0.9027698425341858	1.2833091829236427	0.32002679395338185	3.8924790790396044	0.3324254508025766	0.07625695733505035	0.5521300497436449	0.026419685327824207	1.1994985347881382	2.363556094689715	0.9027698425341858	1.2833091829236427	0.32002679395338185	3.8924790790396044	0.3324254508025766	0.07625695733505035	6.242406299599845	0.2963508164547649	0.21442816715320054	0.21344598547838828	0.2757750309136468	0.4987317133516147	233.61361700804994	-1041.3264534888458	3.6090656862840665E-4	0.7456475413374543	3.118341067460025E-4	8.152031631261265E-8	0.815170917097287
17400000	-9666.330088632827	-8694.282224183593	-972.0478644492342	-8516.449129016732	117.25392884160343	1414.455194206545	0.09112878069427445	0.40719892342006586	0.025162342168802674	0.8118572505395081	0.39711614069558665	0.3433328970973651	2.1364797616690887	0.11777815527884553	1.5315443207892567	1.3976833467170011	1.2625721066417943	0.40719892342006586	0.025162342168802674	0.8118572505395081	0.39711614069558665	0.3433328970973651	2.1364797616690887	0.11777815527884553	1.5315443207892567	1.3976833467170011	1.2625721066417943	6.3787054178201	0.29832350482223974	0.22008013973628687	0.20639983484860566	0.27519652059286825	0.4690589653736191	141.46626190412846	-961.2636709030885	4.647551691073905E-4	0.8030831709094077	3.8574293578641847E-4	1.6984916378343457E-7	0.8665928550567734
17500000	-9665.931333861983	-8687.07258752827	-978.8587463337135	-8520.315823954996	150.3262851366218	1446.7228630213829	0.0905746952966315	0.17613510339231175	0.05544802522135623	0.3897633350674017	2.0418394859462357	1.0145107334803494	2.4052895937014354	0.06393178204797248	4.569236280820433	0.5518941382236956	0.07130075261137854	0.17613510339231175	0.05544802522135623	0.3897633350674017	2.0418394859462357	1.0145107334803494	2.4052895937014354	0.06393178204797248	4.569236280820433	0.5518941382236956	0.07130075261137854	7.037617660635577	0.28702624493238516	0.21030604755422638	0.21723477226138088	0.28543293525200814	0.5057750154871461	147.11953679918236	-965.4067657282698	4.668326479379097E-4	0.6577098744669985	4.1813575174927566E-4	9.498706852712619E-8	0.663984902130085
17600000	-9726.411743145294	-8689.401814054605	-1037.00992909069	-8509.367551140642	114.80260816272514	1789.3513071757102	0.07505255980754268	0.9718773087156142	0.5568343611756847	0.6207364575768747	1.4167475810250785	0.21929558888230016	1.9545665372811898	0.7359132095525418	2.6395804427880787	0.5304779902755479	1.733585309868701	0.9718773087156142	0.5568343611756847	0.6207364575768747	1.4167475810250785	0.21929558888230016	1.9545665372811898	0.7359132095525418	2.6395804427880787	0.5304779902755479	1.733585309868701	6.38551805359745	0.2977380799631915	0.22332784981027892	0.2180160231380987	0.2609180470884314	0.5628003941836206	203.0354820177847	-1023.5081421706083	3.478487763490527E-4	0.6107282624549337	3.2754173315071265E-4	7.270212957684062E-8	0.7390821606574645
17700000	-9668.140368719953	-8673.484329082044	-994.6560396379077	-8509.187334343167	137.89154123196369	1644.0347785610775	0.049947299653114306	0.29320607466596993	0.5613579302966735	0.4429772523515391	0.3389217052668782	0.7478844528647784	0.5219200482970908	0.4439385817176967	2.5821427899700966	0.7227996374935748	0.5731517506962622	0.29320607466596993	0.5613579302966735	0.4429772523515391	0.3389217052668782	0.7478844528647784	0.5219200482970908	0.4439385817176967	2.5821427899700966	0.7227996374935748	0.5731517506962622	6.853165343254544	0.3097571760604355	0.20800406389639514	0.20215011945354622	0.2800886405896237	0.5844039005950211	174.55130367297465	-984.4071628495896	4.2681634707513485E-4	0.6272278097145757	3.6225018143300436E-4	7.75743522347805E-8	0.6754447712107048
17800000	-9633.776949292129	-8694.394399016943	-939.3825502751853	-8528.416395344268	109.5684694730117	1145.89782586465	0.09603610545800118	0.15666909401879625	0.06110419754296607	0.39342752163046135	1.067542127263951	1.603264867685121	0.16406438759753306	0.7923560230835061	5.1276485470422895	0.38526868559262056	0.9409794148293249	0.15666909401879625	0.06110419754296607	0.39342752163046135	1.067542127263951	1.603264867685121	0.16406438759753306	0.7923560230835061	5.1276485470422895	0.38526868559262056	0.9409794148293249	7.027129891748172	0.29588878747328684	0.20867933767033003	0.21849425495777447	0.2769376198986092	0.40692677479400097	112.66901233702364	-926.3049558495129	5.844450624291355E-4	0.794811131379484	4.914119739764453E-4	2.583634028937764E-7	0.861251652989472
17900000	-9659.846328251824	-8687.862752062218	-971.9835761896067	-8521.507718052062	132.09325681038302	1499.106590946843	0.10465747267125246	0.3068612508351738	0.13622573488265088	0.2759573706268049	0.37882571647689933	0.7002862749194821	0.4982931931333969	0.023617761836895575	3.1227001331091677	0.0036803796223741805	0.5885840968156888	0.3068612508351738	0.13622573488265088	0.2759573706268049	0.37882571647689933	0.7002862749194821	0.4982931931333969	0.023617761836895575	3.1227001331091677	0.0036803796223741805	0.5885840968156888	6.681062967592444	0.27396964176927496	0.21373601876359627	0.2132829644281517	0.2990113750389776	0.44511563415053196	149.6219194941983	-963.5682711230612	4.469159959387272E-4	0.8415476849977662	3.634913850731317E-4	1.5850704683715158E-7	0.9303360710512608
18000000	-9662.277696619483	-8662.611506832549	-999.6661897869341	-8495.249190320374	132.86445367552253	1618.0229980442698	0.08159971937229625	1.3974522077639728	0.005426159730553961	0.7642508482431831	0.10281593878930213	0.24963185049423614	1.1478261608026221	0.13454402912732844	5.067074017189658	0.28582262725575597	0.012705509702489137	1.3974522077639728	0.005426159730553961	0.7642508482431831	0.10281593878930213	0.24963185049423614	1.1478261608026221	0.13454402912732844	5.067074017189658	0.28582262725575597	0.012705509702489137	7.0726847722184285	0.2929963128930235	0.20703932254153115	0.21538153396651685	0.2845828305989289	0.5530152328752005	172.86767371578372	-987.8842166067042	4.240314590292786E-4	0.7288761073800512	3.2928900142115277E-4	1.2887855957332623E-7	0.8861231408042309
18100000	-9669.843181563348	-8703.815672863038	-966.02750870031	-8530.12219008512	87.9944789113869	1273.4395547343038	0.1353876149907514	0.052376519375613974	0.08946495166904776	0.7460183496534037	3.174729934983076	0.790717369474976	0.8886832940957319	0.8774567418533491	2.016630963924758	0.7437638009225225	1.0604270332179784	0.052376519375613974	0.08946495166904776	0.7460183496534037	3.174729934983076	0.790717369474976	0.8886832940957319	0.8774567418533491	2.016630963924758	0.7437638009225225	1.0604270332179784	6.6375178328324305	0.28496505677009604	0.20968936553775197	0.2254492678619581	0.2798963098301943	0.5768850540588881	148.05468482719186	-953.472400190854	4.8459397388943536E-4	0.7873207375972973	4.1327641901484975E-4	1.9078039191320878E-7	0.8954693584032933
18200000	-9678.079559921787	-8693.796874519727	-984.2826854020609	-8527.25598419784	136.39108487287723	1476.8591485387567	0.09140806326831333	0.029727793380138378	0.17848740343505995	0.3254932152090552	2.39272599504326	1.2652009871922008	0.5093637024457872	0.3016258160132348	2.304923690225616	0.06659156984759079	0.5762574524856798	0.029727793380138378	0.17848740343505995	0.3254932152090552	2.39272599504326	1.2652009871922008	0.5093637024457872	0.3016258160132348	2.304923690225616	0.06659156984759079	0.5762574524856798	6.974009023562265	0.30039466025902317	0.1936716148172116	0.2122322338487143	0.29370149107505134	0.5446563533988182	166.79770899612944	-972.7991718892858	4.5538808722734E-4	1.0399528245080287	3.826713741067858E-4	1.494970948416111E-7	0.8430450434031797
18300000	-9713.400111400779	-8696.362868153694	-1017.0372432470842	-8525.154768471712	153.72695388378588	1636.9839333666023	0.12082059938404388	1.0454618932072275	0.03332142907620406	0.9123386440244085	0.2002831557449413	1.8037548548944868	7.128633097959937	2.0245136175583496	3.9824360715238853	0.33565770321340316	0.56410041686686	1.0454618932072275	0.03332142907620406	0.9123386440244085	0.2002831557449413	1.8037548548944868	7.128633097959937	2.0245136175583496	3.9824360715238853	0.33565770321340316	0.56410041686686	5.795335712266794	0.29292313648749896	0.21678845729380503	0.21837192431884372	0.2719164818998527	0.5321302980481586	151.18779465290478	-997.2338787981673	4.260434183848539E-4	0.7592167719526116	3.4563165892501833E-4	1.6079546416902298E-7	0.9412992525018966
18400000	-9684.984437038338	-8702.333973102617	-982.6504639357211	-8535.97255093268	142.88888846638412	1584.6041848560492	0.08030083029273989	0.028325592148180898	0.07730360524755327	1.8304705564568957	0.46590101820088364	0.05024309662160229	1.6650029399934145	0.4188617089550411	2.5634085978837087	0.4051080001363448	1.0053288011828396	0.028325592148180898	0.07730360524755327	1.8304705564568957	0.46590101820088364	0.05024309662160229	1.6650029399934145	0.4188617089550411	2.5634085978837087	0.4051080001363448	1.0053288011828396	5.866428955426944	0.31586601053003743	0.19947796449094027	0.21158439522096786	0.2730716297580549	0.530558794786331	164.5522451868711	-971.6072817105245	4.3512161155468635E-4	0.7824432281089297	3.367593359382969E-4	1.0455610651839964E-7	0.7807564204491422
18500000	-9649.608953698778	-8692.779176257776	-956.8297774410025	-8522.628435223609	84.74893264286331	1218.7939111888734	0.08507087515846	1.2786734547806826	0.4524795045951729	0.47335815695553546	0.8535725096772383	0.3226385990942227	1.207177504099422	2.225096966642769	5.356431519948109	0.25295029077727427	0.621393635010299	1.2786734547806826	0.4524795045951729	0.47335815695553546	0.8535725096772383	0.3226385990942227	1.207177504099422	2.225096966642769	5.356431519948109	0.25295029077727427	0.621393635010299	5.8591886449432495	0.28333352582326493	0.20603624265941572	0.21945617524745797	0.2911740562698618	0.5265771072642512	118.87584036210995	-941.1045565195323	6.134023484656974E-4	0.8562224446582911	4.689704823607301E-4	2.2815697673811384E-7	0.847573465523988
18600000	-9676.929946906093	-8685.263403397992	-991.666543508102	-8507.284712602439	120.43089211552902	1542.6717066751316	0.13504849415154188	0.13982132714908332	0.5415805741440155	0.20920727150163712	2.039847371608628	0.8470848460986581	0.7518987750498018	0.04540260349757633	2.3661038336494005	0.004664875575007427	0.5449410467169461	0.13982132714908332	0.5415805741440155	0.20920727150163712	2.039847371608628	0.8470848460986581	0.7518987750498018	0.04540260349757633	2.3661038336494005	0.004664875575007427	0.5449410467169461	6.87308654367435	0.3143818720027101	0.2066499134853757	0.20783924748136282	0.27112896703055184	0.6145553704669753	173.4591235502566	-981.7399474193852	4.959842672997612E-4	0.7729955980315406	3.8993137075283527E-4	1.5994907789123876E-7	0.8420636361953151
18700000	-9668.48831260299	-8683.387059046305	-985.1012535566855	-8515.057482464617	91.23110211503119	1337.013701245085	0.09672037551272898	0.47197172930686054	0.06651820051125677	0.6309006766138965	0.020813356807612215	0.5306422544741598	1.778760514045659	0.37268652496595583	3.959499429097224	0.20151056816343021	0.8738363234352825	0.47197172930686054	0.06651820051125677	0.6309006766138965	0.020813356807612215	0.5306422544741598	1.778760514045659	0.37268652496595583	3.959499429097224	0.20151056816343021	0.8738363234352825	5.67700010898112	0.29756144268258133	0.20960643417560654	0.21163500236698296	0.28119712077482967	0.5316377194643003	163.14610884980937	-973.7906979311284	4.5538451639964405E-4	0.833238555768784	3.89739267522101E-4	1.8342014845878853E-7	0.9764173699657676
18800000	-9661.808451851679	-8694.123322586722	-967.6851292649573	-8527.611183426614	124.42420953471854	1388.0688490997313	0.10515716619564451	0.23724595908363996	0.23447968372740033	1.5191078836489156	0.5954244840399326	1.0080722560387514	3.4122182631563254	0.9329957593379349	3.9579420734907433	0.4247789970852126	0.3736471357974926	0.23724595908363996	0.23447968372740033	1.5191078836489156	0.5954244840399326	1.0080722560387514	3.4122182631563254	0.9329957593379349	3.9579420734907433	0.4247789970852126	0.3736471357974926	6.32943447767452	0.3104982014689423	0.19928379396029922	0.21163500236698296	0.278583002203776	0.5858047583778412	134.78329378928427	-952.4127645502783	4.762837733597613E-4	0.8777980643539738	4.1174031021647025E-4	2.0234267708062186E-7	0.8788085027850128
18900000	-9668.197586598497	-8690.788920024832	-977.4086665736659	-8513.815589309294	107.2493962402084	1456.711267351089	0.13901399488129282	0.48150403592441815	0.13648150602412712	0.44839991746814584	0.6987836274087276	0.8066168477678106	4.075628414267356	0.039521116437030636	3.8161782854466546	0.34270177185406053	0.49128989302708503	0.48150403592441815	0.13648150602412712	0.44839991746814584	0.6987836274087276	0.8066168477678106	4.075628414267356	0.039521116437030636	3.8161782854466546	0.34270177185406053	0.49128989302708503	6.472948171219256	0.2958919622254056	0.21066414784510368	0.20995737065110354	0.28348651927838775	0.5560623845530057	140.36282252366968	-964.3359137923748	4.410172565090687E-4	0.7272085099362164	3.8682237986831084E-4	1.2318404707816053E-7	0.8141597570019069
19000000	-9622.549874340513	-8671.187408060137	-951.3624662803762	-8511.916468512636	112.93814852242075	1296.250271142593	0.0811913113797982	0.23252966769883834	0.009351122290711717	0.021520391249300965	1.7736841198887903	1.8092291223865322	0.35527721336043633	0.19602799901998666	1.9781010706086275	0.2939974241103503	0.334777064059414	0.23252966769883834	0.009351122290711717	0.021520391249300965	1.7736841198887903	1.8092291223865322	0.35527721336043633	0.19602799901998666	1.9781010706086275	0.2939974241103503	0.334777064059414	5.96977651400611	0.2995128766775006	0.19764423290376143	0.20702613530620562	0.2958167551125329	0.4890892651164949	112.1968690928857	-941.1146898842605	5.914721516138533E-4	1.027628974913311	4.7505585588773986E-4	3.151788027842993E-7	0.9884875651226684
19100000	-9647.089272397165	-8696.277219468724	-950.8120529284414	-8531.237064221645	99.19221526618769	1161.0284050933521	0.12109940547700546	0.6804556944094076	0.14808447872679614	0.11590745987327665	1.6896453906689792	0.10919537667045744	2.1745892761308	0.0637187819786692	4.639523117510806	0.13749548846259818	0.6110892476227524	0.6804556944094076	0.14808447872679614	0.11590745987327665	1.6896453906689792	0.10919537667045744	2.1745892761308	0.0637187819786692	4.639523117510806	0.13749548846259818	0.6110892476227524	6.544532796438546	0.2860188613050954	0.20757585750294058	0.22784924233034237	0.27855603886162233	0.5224830013140729	116.81927250429204	-937.6915134669507	6.197239493368024E-4	0.9614235466737867	4.95288704127415E-4	3.080761155215473E-7	0.9688013181765277
19200000	-9594.648334607353	-8706.006265161877	-888.6420694454756	-8540.429936270266	68.61498587921903	928.2448511898284	0.15475944348666465	0.4319501641932691	0.008229416167065335	0.09603169189881465	0.414186032917558	0.4971261197858783	1.2625071742631215	0.059497814560273414	2.0125888576931685	0.03283330791428305	0.6190559939407305	0.4319501641932691	0.008229416167065335	0.09603169189881465	0.414186032917558	0.4971261197858783	1.2625071742631215	0.059497814560273414	2.0125888576931685	0.03283330791428305	0.6190559939407305	5.910212914538595	0.2916226072622162	0.20481899991096994	0.21914303289074383	0.28441535993607076	0.47210537842392786	84.95160465693802	-880.8030089435127	8.161235279217698E-4	0.9507207016209455	6.439671158460522E-4	7.559908301317072E-7	1.0667626265713455
19300000	-9645.801689031157	-8657.55694223854	-988.2447467926178	-8482.822981415124	113.71169913905099	1367.2496177983016	0.08468820686584264	1.17094734159822	0.3041283975578229	0.1804920100244033	0.45942909729677883	1.806712750281787	3.968162254738358	0.41645664073854954	5.043301283794006	0.12756256676680175	0.3088255698446247	1.17094734159822	0.3041283975578229	0.1804920100244033	0.45942909729677883	1.806712750281787	3.968162254738358	0.41645664073854954	5.043301283794006	0.12756256676680175	0.3088255698446247	6.423593618081549	0.30157934817826626	0.20673684932408312	0.21310482786682255	0.2785789746308288	0.5704641620675427	144.55187237792455	-971.3475052524747	4.817264754806182E-4	0.9545705539107836	3.9355726450986545E-4	2.4125855102945416E-7	0.9915860742077984
19400000	-9673.520800645068	-8678.011527161392	-995.5092734836762	-8508.63552665026	135.11925336701603	1465.1418322578993	0.12411913433636156	0.018869630715821477	0.19225458676257495	0.005602862274561404	4.098899378957161	0.47605559799179953	1.0056580462459082	0.5747226679295113	5.582791164188767	0.8785550902117327	0.36376551846347477	0.018869630715821477	0.19225458676257495	0.005602862274561404	4.098899378957161	0.47605559799179953	1.0056580462459082	0.5747226679295113	5.582791164188767	0.8785550902117327	0.36376551846347477	5.374256568199022	0.3019301384175624	0.21161926106680035	0.200666475437792	0.285784125077846	0.5708025231122297	142.99916683367024	-980.7612857886648	3.7896358097059375E-4	0.7433836205262416	3.4068512692609775E-4	1.3026460824903683E-7	0.9353632488105742
19500000	-9622.33194133737	-8657.112554588204	-965.2193867491662	-8487.65482134189	88.68586319439933	1204.8568780943776	0.07020885142023926	1.0389056501170535	0.043478723364297374	0.6611559779428287	0.09469971603922656	0.877337802636685	3.658894417048587	0.8528010750081494	7.455779483772964	0.4123337308248354	0.43577400352029744	1.0389056501170535	0.043478723364297374	0.6611559779428287	0.09469971603922656	0.877337802636685	3.658894417048587	0.8528010750081494	7.455779483772964	0.4123337308248354	0.43577400352029744	5.751199395849403	0.3107871773046124	0.2113616939185846	0.20099027004199727	0.2768608587348064	0.5979940756749502	129.34234024916628	-945.3595429156975	6.56607171000657E-4	1.2220078018231015	4.2347096671777637E-4	5.057749807954939E-7	1.2871863928391134
19600000	-9646.555099961519	-8685.928421629302	-960.626678332217	-8512.95407000118	88.86377158424992	1261.749391205594	0.08075195237371009	0.2166100417007326	0.3319137242760301	1.3915652490872676	1.1187097682933762	0.5183861639210416	1.2574624037919313	0.2483360368350267	3.531963618490651	0.07371737790606685	0.03564063760831684	0.2166100417007326	0.3319137242760301	1.3915652490872676	1.1187097682933762	0.5183861639210416	1.2574624037919313	0.2483360368350267	3.531963618490651	0.07371737790606685	0.03564063760831684	6.13081507816824	0.3067615885526394	0.19672642163513498	0.21256341899727182	0.2839485708149545	0.45921907607210655	133.75215401176743	-948.9654872223163	5.978185515495734E-4	0.8670351798187537	4.5827813589976795E-4	2.048496024073407E-7	0.8646495392101954
19700000	-9539.687496069464	-8676.96872848676	-862.718767582704	-8508.97004074545	81.19628651419748	813.3944352470907	0.11459355256549841	1.3063344644384862	0.1251046235075042	0.15076832705696322	0.3523245690761997	0.685309930324387	1.6193135012935105	0.06135033617347842	2.425644089087427	0.21840919263249786	0.011971722578438246	1.3063344644384862	0.1251046235075042	0.15076832705696322	0.3523245690761997	0.685309930324387	1.6193135012935105	0.06135033617347842	2.425644089087427	0.21840919263249786	0.011971722578438246	6.531225209868857	0.28175074063097505	0.21977257417788235	0.21288113445693435	0.28559555073420895	0.49032817127702716	81.48081537835726	-852.6323266490118	8.996813322135867E-4	1.0122061438624264	6.758855118539264E-4	1.0154452496097976E-6	1.1745872395278958
19800000	-9644.744399263227	-8704.115945530344	-940.6284537328829	-8530.781408687732	91.73105480206166	1095.0023817474312	0.06991657068225443	0.13258519740108304	0.25179074740392327	0.028128018447411692	2.031546072409209	1.7444269685633602	0.203840519966003	0.05192072072929621	2.2893768061239834	0.23313664641253484	1.6592069200439452	0.13258519740108304	0.25179074740392327	0.028128018447411692	2.031546072409209	1.7444269685633602	0.203840519966003	0.05192072072929621	2.2893768061239834	0.23313664641253484	1.6592069200439452	6.367747289102865	0.28838244112221	0.22067318294815416	0.21711844525625243	0.2738259306733841	0.47706182615681403	117.65264485357216	-928.5262746001514	6.249555076881732E-4	1.0153411889647173	5.62079206286057E-4	6.023859517020868E-7	1.2261594291139444
19900000	-9613.717187734146	-8700.162331461339	-913.5548562728067	-8530.05196473273	96.25003205635889	997.486353819774	0.12539011883336917	0.7800130090993834	0.07511979809687898	0.4893930123924346	0.9745309297784516	0.8304317213904883	2.4198666739029244	0.31830063967881583	3.5461509596933567	0.0888839819501691	1.065334120754878	0.7800130090993834	0.07511979809687898	0.4893930123924346	0.9745309297784516	0.8304317213904883	2.4198666739029244	0.31830063967881583	3.5461509596933567	0.0888839819501691	1.065334120754878	6.3078550014385115	0.2961016791545641	0.21152559382565933	0.20939920722389838	0.2829735197958789	0.43368437266844434	112.16364754305971	-900.4916258694803	6.571289407103725E-4	0.9038054451480291	5.542840423537468E-4	6.509071893172618E-7	1.1251148144051002
20000000	-9670.684632180868	-8698.92503527669	-971.759596904178	-8532.70710210533	122.68239812622971	1446.6739655026383	0.08610616100868017	0.31951557355207894	0.02350965422398017	0.1901299901737605	1.9592999165716865	0.7575060391367126	0.6622097166598235	0.7586774230415663	1.7051429127889448	0.33551247351517766	0.2753162545827621	0.31951557355207894	0.02350965422398017	0.1901299901737605	1.9592999165716865	0.7575060391367126	0.6622097166598235	0.7586774230415663	1.7051429127889448	0.33551247351517766	0.2753162545827621	6.018594480668478	0.30814226290806923	0.2116235993144473	0.20287370435940033	0.27736043341808386	0.3744825861687245	143.23620094812603	-961.6953869588164	5.112300222221936E-4	1.0194162775484157	3.861233001976403E-4	5.214488846873164E-7	1.3867477113856563
20100000	-9617.04161589077	-8673.201401659378	-943.8402142313919	-8508.201004299426	151.7667923583635	1233.8143505766795	0.06617600572131366	0.308611390136979	0.37944236016929	0.09170311016202812	0.340067387755775	1.0550873904165847	1.590742174082259	1.1157341481803262	4.357329714705245	0.46389468742346046	1.0376883553416731	0.308611390136979	0.37944236016929	0.09170311016202812	0.340067387755775	1.0550873904165847	1.590742174082259	1.1157341481803262	4.357329714705245	0.46389468742346046	1.0376883553416731	6.438459313463899	0.30007664417147956	0.21289304831338807	0.2140113274692413	0.27301898004589176	0.5888056091843387	117.82663416710719	-929.0396494346086	6.685202828298325E-4	1.0961931670180867	4.4079462704149966E-4	6.299014735636797E-7	1.2838039525792375
20200000	-9625.451088900481	-8676.53013048269	-948.920958417792	-8505.768677941922	159.52178250765064	1321.451272796589	0.08721859067177132	1.1640348859853265	0.128278423459324	1.1785528169604684	1.3332365577442458	0.743916093093707	1.402824965825515	0.11284159318404931	4.6581303048457565	0.40393662888328263	0.3023450727723123	1.1640348859853265	0.128278423459324	1.1785528169604684	1.3332365577442458	0.743916093093707	1.402824965825515	0.11284159318404931	4.6581303048457565	0.40393662888328263	0.3023450727723123	7.399001153585424	0.3055275461257905	0.21289304831338807	0.20254303813701083	0.27903636742381144	0.48552323913583273	112.68225414151152	-933.7264221430682	6.673830513774458E-4	1.078013997804816	4.278261802829999E-4	4.817283179510401E-7	1.1294058022227913
20300000	-9643.592679335263	-8702.447073046747	-941.1456062885154	-8528.54411116646	120.53155413136817	1150.8972726557968	0.06952966129469129	0.5043448636527134	0.4118590772042652	0.5673904558068125	1.6288517673579608	0.7587670796900792	1.4476932736008377	1.3401142096089464	7.15448635303126	1.0276635980165507	0.06224743233612902	0.5043448636527134	0.4118590772042652	0.5673904558068125	1.6288517673579608	0.7587670796900792	1.4476932736008377	1.3401142096089464	7.15448635303126	1.0276635980165507	0.06224743233612902	6.597415231599742	0.306796841272687	0.19497937495582018	0.21245140463167428	0.2857723791398193	0.3924597462021946	127.98269731397048	-923.3179029826256	5.777270434194796E-4	0.8118000220401022	4.312970238563836E-4	4.716007282543409E-7	1.2216359415064266
20400000	-9637.544323760618	-8692.637379432685	-944.9069443279332	-8522.777186294734	149.4711911402344	1348.2325707690245	0.14400970664596152	0.006284985189330487	0.21007270377864032	0.16322166795433612	0.9143161128960521	0.32815905850331495	0.9229319138982292	0.03647680483683173	2.8906742356458697	0.26615052512880044	0.07732075441028202	0.006284985189330487	0.21007270377864032	0.16322166795433612	0.9143161128960521	0.32815905850331495	0.9229319138982292	0.03647680483683173	2.8906742356458697	0.26615052512880044	0.07732075441028202	6.888687927577173	0.306796841272687	0.21988777888056044	0.20100974284380624	0.272305637002947	0.6148444227567905	116.19637274928179	-936.7527410805702	5.167440910678776E-4	0.8791897438787293	4.2897313984673036E-4	2.841939125450303E-7	0.9912238226623793
20500000	-9625.573897024475	-8672.596672197626	-952.9772248268494	-8500.534303313025	90.36867333476728	1229.6928926645014	0.08975803810434084	0.45142502988370914	0.6265825013855026	0.06415612316913366	0.33676832293976666	0.7511846490565578	0.3161274606953792	0.6830364581261874	7.986250788165704	0.06101112663888246	0.6968673963560668	0.45142502988370914	0.6265825013855026	0.06415612316913366	0.33676832293976666	0.7511846490565578	0.3161274606953792	0.6830364581261874	7.986250788165704	0.06101112663888246	0.6968673963560668	6.0739484991482025	0.3031706372340691	0.208141950348651	0.2072377629163011	0.2814496495009795	0.4895922241964616	121.14681787644082	-938.9706538835915	5.075121406803666E-4	0.7216782136911764	4.7397378942082757E-4	1.6191244709402254E-7	0.7754445327801385
20600000	-9657.50604894816	-8694.922146525536	-962.5839024226251	-8527.84022228054	130.0929437869426	1362.3061649409308	0.1024528030107932	0.22138737653584417	0.2946697765339988	0.8807991350891887	0.4076051018415113	0.4999565464475946	1.8893955974970176	0.48509355314998387	1.977079948710366	0.4714942693998627	0.04331846129703024	0.22138737653584417	0.2946697765339988	0.8807991350891887	0.4076051018415113	0.4999565464475946	1.8893955974970176	0.48509355314998387	1.977079948710366	0.4714942693998627	0.04331846129703024	6.400215314747282	0.27307453569162426	0.2180055969686259	0.23153313801915876	0.27738672932059183	0.40578040740927435	145.58554113972255	-953.9079302720803	4.245771256126917E-4	0.6427473341303767	3.9050234263348765E-4	9.752880382117267E-8	0.7164664840011419
20700000	-9652.272743578784	-8683.121205221189	-969.151538357596	-8515.8520859177	151.2481815978828	1456.3512673645268	0.09107454103029941	0.061728992143593314	0.021787627037537737	0.777059242042733	0.45554779789258476	0.25295757845126016	0.41865676278143693	0.04521771715278997	2.5200364499119288	0.18930364482734535	0.11605000205245555	0.061728992143593314	0.021787627037537737	0.777059242042733	0.45554779789258476	0.25295757845126016	0.41865676278143693	0.04521771715278997	2.5200364499119288	0.18930364482734535	0.11605000205245555	6.619103415145496	0.27307453569162426	0.20387804052313208	0.23153313801915876	0.2915142857660857	0.48217550689675576	134.6715106370316	-961.8149812344853	4.92737908840204E-4	0.8230545690239184	3.7195115055925986E-4	1.3881960832396806E-7	0.8671979194324642
20800000	-9689.858288068768	-8683.299117411236	-1006.5591706575324	-8513.629718246424	209.92336939174353	1776.5769424841678	0.07007171172286145	0.9938586809482317	0.126697441725731	0.5856588256708284	0.17858738371716676	0.9146734048042597	2.171414264221994	0.04882307420412459	3.919610517226002	0.4910344919339894	1.3355408270907168	0.9938586809482317	0.126697441725731	0.5856588256708284	0.17858738371716676	0.9146734048042597	2.171414264221994	0.04882307420412459	3.919610517226002	0.4910344919339894	1.3355408270907168	6.431589499481562	0.2950693249093381	0.2002747135993764	0.2157347344207831	0.28892122707050316	0.56437839028778	164.27079870233774	-993.3699882603071	3.6836021855756335E-4	0.6968428904784071	3.0723685945153073E-4	9.244731974515973E-8	0.7870398185131537
20900000	-9642.712452546924	-8676.55587655786	-966.1565759890636	-8505.604010544821	243.0305994975399	1621.3612553987534	0.12566235302710194	0.08659940123549774	0.07837475530290788	1.517955502646636	1.1161785534188131	0.5357876341139295	0.7178220852691842	0.18923188671923605	1.6012963023175981	0.0722529217351644	2.36899370227005	0.08659940123549774	0.07837475530290788	1.517955502646636	1.1161785534188131	0.5357876341139295	0.7178220852691842	0.18923188671923605	1.6012963023175981	0.0722529217351644	2.36899370227005	5.862545973682225	0.2903139193856415	0.22168062259539384	0.20768877169477384	0.2803166863241916	0.5740085937440559	149.92445061611977	-955.3590140037493	5.006109645943182E-4	0.9312120689299513	3.587476584389191E-4	1.7957824893931313E-7	0.8988157316301414
21000000	-9658.08715447831	-8699.164031775392	-958.9231227029171	-8528.718688097773	161.4478918619446	1350.8615169774623	0.10807075782992343	1.6633453272558456	0.004137472096751678	1.1384067923047052	0.6261590426107799	0.7505767202142851	0.05666229139231488	0.24187173694134714	1.8653410443742322	0.03511841150648027	0.6347423747503401	1.6633453272558456	0.004137472096751678	1.1384067923047052	0.6261590426107799	0.7505767202142851	0.05666229139231488	0.24187173694134714	1.8653410443742322	0.03511841150648027	0.6347423747503401	6.6771222192437705	0.3016686542112166	0.20730530999177524	0.21197357229242866	0.27905246350458024	0.4806381641743517	117.94877533370502	-949.2579630680232	5.310383692700493E-4	0.9348226128600781	4.338002509260022E-4	2.302732190574004E-7	0.8846419637225611
21100000	-9605.42429554793	-8697.915579308165	-907.5087162397651	-8527.956373643017	89.44613537397204	994.7985067542456	0.11000542213856647	0.22606566586265486	0.014260561607526118	0.4871481319644486	0.6707305495635787	1.0488905970383677	0.31888836536700044	0.17578997982313208	3.969088841584511	0.26701750508119954	0.6839321742933517	0.22606566586265486	0.014260561607526118	0.4871481319644486	0.6707305495635787	1.0488905970383677	0.31888836536700044	0.17578997982313208	3.969088841584511	0.26701750508119954	0.6839321742933517	6.861009262186065	0.28728561890771115	0.20730530999177524	0.21197357229242866	0.29343549880808567	0.4317020297492415	98.1963080716972	-896.8630793230317	7.143785182058446E-4	0.921711858881181	6.093178083553862E-4	5.3193723837907E-7	0.9117424822692444
21200000	-9629.61034584776	-8683.194286057906	-946.4160597898535	-8510.85565003292	87.07579975896957	1155.0054181819291	0.12713255064107476	1.4709575719101227	0.20734453550802878	0.5541555764762152	0.07876458574139582	0.18315397312931514	1.1323460050850085	0.09384331598522412	5.300513986684865	0.07471888600044428	0.31811846873377847	1.4709575719101227	0.20734453550802878	0.5541555764762152	0.07876458574139582	0.18315397312931514	1.1323460050850085	0.09384331598522412	5.300513986684865	0.07471888600044428	0.31811846873377847	6.048827481931102	0.3018426454962793	0.20626076397218487	0.2225986818570866	0.2692979086744499	0.5512847607027478	103.96602331031788	-935.1410855991236	5.312095002271288E-4	0.8111748778003675	4.5880945331833065E-4	2.9232590878352173E-7	0.9817138197004539
21300000	-9638.174442633559	-8688.988532220807	-949.1859104127519	-8522.34978817758	114.49060425605128	1204.00570312752	0.11156769211911413	2.0819467334735964	0.10674254742980628	0.2790599506164391	0.04247002830512249	0.8759884934048897	0.2962225807412765	0.6131310702251785	3.3292843952393687	0.11795647215193888	0.545371032515955	2.0819467334735964	0.10674254742980628	0.2790599506164391	0.04247002830512249	0.8759884934048897	0.2962225807412765	0.6131310702251785	3.3292843952393687	0.11795647215193888	0.545371032515955	6.557582484135504	0.30342350051936345	0.21058083604455521	0.2072038901250755	0.2787917733110066	0.5241431799462521	135.24443345339563	-938.9367076405318	4.7885953852852954E-4	0.7152503348991576	4.587202387622773E-4	1.2460953452995565E-7	0.7568133717557728
21400000	-9650.631995935271	-8675.936757003172	-974.6952389320995	-8511.029950281072	115.76751378308742	1375.7799721449385	0.11375768439546183	0.4834657750639551	0.012301296018661598	0.6196581819974342	1.4301033266679817	0.9155097327281805	0.7938378292343157	0.10126447884315885	4.522115569771327	0.24500108909655136	0.17363208318363618	0.4834657750639551	0.012301296018661598	0.6196581819974342	1.4301033266679817	0.9155097327281805	0.7938378292343157	0.10126447884315885	4.522115569771327	0.24500108909655136	0.17363208318363618	6.0091584931195205	0.2881035382936853	0.20469633452637254	0.21236443911693467	0.2948356880630082	0.37477897439047547	141.06993391445116	-963.6928593984162	4.743354211671474E-4	0.7205051406804551	3.919225908985117E-4	1.4907834848051573E-7	0.8243609948874698
21500000	-9663.945902045829	-8687.75521930437	-976.1906827414582	-8517.62002846963	107.65193151949288	1449.605764342205	0.10635996464349722	0.15507375666628492	0.0039185492324704365	0.4336446140419452	1.757271162926637	0.616975687948783	4.226676425777597	1.3160938164760108	4.039113782393931	0.6456469357155095	1.59970048620012	0.15507375666628492	0.0039185492324704365	0.4336446140419452	1.757271162926637	0.616975687948783	4.226676425777597	1.3160938164760108	4.039113782393931	0.6456469357155095	1.59970048620012	5.921339072042393	0.3088764196886945	0.20469633452637254	0.2097715744453511	0.2766556713395825	0.3914791217965357	145.2387415256995	-959.3235173849903	4.66965377296733E-4	0.8044141035717355	3.8609231281945886E-4	1.551303838957748E-7	0.8324287605309109
21600000	-9636.452050547772	-8705.35183439863	-931.1002161491414	-8532.12435124652	142.41215955509554	1202.5585090887398	0.09863540521145427	0.7872491982234433	0.04411550846515159	0.8821475453734952	1.184432236523297	0.22072865044577933	1.9575883136041217	1.2153203016151242	6.009411515280133	0.8956875560232168	0.6093671164322276	0.7872491982234433	0.04411550846515159	0.8821475453734952	1.184432236523297	0.22072865044577933	1.9575883136041217	1.2153203016151242	6.009411515280133	0.8956875560232168	0.6093671164322276	5.7906499885427305	0.3137020284863384	0.20212280834883473	0.21200761204116073	0.2721675511236668	0.4469961921220242	105.94169041721071	-914.5966311551741	6.93191373400431E-4	0.9123763687718954	4.744751912294183E-4	4.527818566209155E-7	1.0548160384732144
21700000	-9668.886081779761	-8671.7016919541	-997.1843898256618	-8511.063493564638	113.24988174012077	1521.9801962140436	0.08569498806161581	0.6021185723187303	0.1728213350643068	0.4261747629158993	2.272421073228345	0.8510041750323648	0.2361215757137606	0.16680306219257568	3.6891890090806525	0.49117399860533417	1.1778511973598844	0.6021185723187303	0.1728213350643068	0.4261747629158993	2.272421073228345	0.8510041750323648	0.2361215757137606	0.16680306219257568	3.6891890090806525	0.49117399860533417	1.1778511973598844	6.942679713148879	0.3050492856176619	0.1981902645730085	0.21200761204116073	0.28475283776816945	0.5946692433117124	181.7264626778202	-984.0257109285363	4.0940680701041294E-4	0.8644084234819923	3.563730023190109E-4	2.751025166934987E-7	1.1901466704988926
21800000	-9634.392623205638	-8701.664771274442	-932.7278519311975	-8531.732930480986	90.06448669438439	1116.3788086666257	0.11819367885617281	0.1275171386993123	1.0814789848409954	0.2781170154231968	0.7114153484214566	2.7455874455466818	0.8507070835039805	0.47815384396454047	5.927138282892395	0.25673819938290093	0.3146436779800213	0.1275171386993123	1.0814789848409954	0.2781170154231968	0.7114153484214566	2.7455874455466818	0.8507070835039805	0.47815384396454047	5.927138282892395	0.25673819938290093	0.3146436779800213	6.050227804258829	0.29988509161015314	0.20617433182341646	0.21032476691271287	0.28361580965371813	0.40737612412460217	100.69487249579684	-917.8723571236222	5.015663028810574E-4	0.9242727324347887	4.386967027211225E-4	1.9880563319372952E-7	0.8820718629097087
21900000	-9675.00892866886	-8700.629763348132	-974.379165320728	-8534.236844959898	103.0422382348247	1348.8310761562586	0.07660416739074294	0.41461587490805707	0.13976496723502502	0.7377529842516791	1.728863447791333	0.6329181846185223	0.441309391437154	0.16843603632555215	4.776273514297885	0.21167526580245352	0.8195957384030823	0.41461587490805707	0.13976496723502502	0.7377529842516791	1.728863447791333	0.6329181846185223	0.441309391437154	0.16843603632555215	4.776273514297885	0.21167526580245352	0.8195957384030823	6.284436512701066	0.2764371823778767	0.22262926966392774	0.21731773830447806	0.28361580965371813	0.5055396850758767	128.40578863873623	-962.1027693496575	4.0471473124967293E-4	0.7734824154540639	3.9302627276512466E-4	2.128481486553048E-7	1.0579448048642617
22000000	-9663.82373154696	-8673.847500194404	-989.976231352556	-8508.738990526894	104.91700621233124	1428.733043018355	0.05394086917456682	0.05859425011413711	0.2014615605183223	0.261455409420661	0.6246527267128151	1.2823492941869723	0.20879843303993925	0.003464922345776152	2.798956603092602	0.3066801220412635	0.40291724017198	0.05859425011413711	0.2014615605183223	0.261455409420661	0.6246527267128151	1.2823492941869723	0.20879843303993925	0.003464922345776152	2.798956603092602	0.3066801220412635	0.40291724017198	6.273642698652828	0.29451603316406816	0.20607164311156978	0.22333055781016242	0.2760817659142002	0.5695258030592854	162.45517398641562	-980.7969435818967	4.2005500100410177E-4	0.7622777797907964	3.909707126272086E-4	1.1978255585191607E-7	0.8645457508719305
22100000	-9636.521502725078	-8686.685476162074	-949.8360265630039	-8523.459086151719	140.9190782020759	1223.859190471895	0.09458240377912994	0.011954996655642612	0.06829717171821395	0.5072594185763478	0.8826337067300862	0.16632570521382894	1.6297356924082425	0.40419348233730545	6.871347459762574	0.05922456606177759	0.5240979691207653	0.011954996655642612	0.06829717171821395	0.5072594185763478	0.8826337067300862	0.16632570521382894	1.6297356924082425	0.40419348233730545	6.871347459762574	0.05922456606177759	0.5240979691207653	5.945448599469066	0.2931853617187607	0.21628847506276264	0.21863162664380334	0.2718945365746739	0.4503890285649703	124.48889153786396	-936.2631586813795	5.344189264492892E-4	0.8885251235484156	4.417773322356649E-4	3.137605338172939E-7	1.1040298609982335
22200000	-9612.542311652349	-8678.970118787494	-933.5721928648542	-8512.27527874141	85.48981089573343	1122.756617620327	0.1316303502185072	0.28356528263945563	0.16864078507330763	0.2478041149397933	0.483834972214846	0.7664584224137932	1.298551125218393	0.1119213580960223	2.3951038591786293	0.15285344324149663	1.3333308490101567	0.28356528263945563	0.16864078507330763	0.2478041149397933	0.483834972214846	0.7664584224137932	1.298551125218393	0.1119213580960223	2.3951038591786293	0.15285344324149663	1.3333308490101567	6.628867922226607	0.2850222024849862	0.2220509389875542	0.2095085194261771	0.283418339101283	0.4789516864437664	103.00354864968682	-924.1752786231569	5.806780607559267E-4	0.8682574351113103	5.072544103568007E-4	2.924683911690208E-7	0.9556687509165239
22300000	-9668.629177511893	-8692.205269873511	-976.4239076383819	-8525.256733473174	111.54753922713917	1380.3391389597762	0.11179371345834473	0.8898508684772335	9.958378324896465E-4	0.9205348543806414	2.707777329625819	0.1539605673231316	0.9634439538513341	0.3232041875907146	2.1684227725066654	0.34533037987926785	0.003989870443588976	0.8898508684772335	9.958378324896465E-4	0.9205348543806414	2.707777329625819	0.1539605673231316	0.9634439538513341	0.3232041875907146	2.1684227725066654	0.34533037987926785	0.003989870443588976	6.81477682287205	0.3027052122829639	0.21340251867034157	0.1997468485609411	0.284145420485754	0.5049069414178645	180.75850869109894	-965.5742167917762	3.998809306010168E-4	0.7882628419417611	3.981897732675325E-4	2.4929963928265723E-7	1.1660533286089843
22400000	-9690.95951683211	-8709.616312515242	-981.3432043168684	-8544.980780534976	103.84705461481616	1323.3076362329125	0.06031032322697801	0.2917346546374087	0.13187973435766395	0.6857077882212519	0.4079771066170691	0.0380957648665198	3.201483076730763	0.08848981038732981	9.69954624928738	0.31904534451868133	0.6329270270347472	0.2917346546374087	0.13187973435766395	0.6857077882212519	0.4079771066170691	0.0380957648665198	3.201483076730763	0.08848981038732981	9.69954624928738	0.31904534451868133	0.6329270270347472	6.761011384646849	0.29487319257020866	0.21340251867034157	0.211813514679287	0.2799107740801633	0.4203890533725255	144.6084675196574	-963.1575106300802	4.254176017225359E-4	0.7471864848674876	4.11233622482955E-4	2.8318822420270626E-7	1.0941715542882537
22500000	-9592.544973415177	-8646.001594232845	-946.5433791823334	-8484.22418093423	99.34923999169897	1189.1184749782108	0.10086321543660061	0.36496719848089126	0.07955476851229006	0.5642186234126775	0.11067197489458054	0.06971137759114639	2.0458462774663277	0.1583159889771777	4.715034923042821	0.5315093848030505	0.8394730663344242	0.36496719848089126	0.07955476851229006	0.5642186234126775	0.11067197489458054	0.06971137759114639	2.0458462774663277	0.1583159889771777	4.715034923042821	0.5315093848030505	0.8394730663344242	7.808720167745529	0.2897915335789505	0.2205771361702873	0.20224069157864166	0.2873906386721211	0.4536727079853574	99.90329724587355	-934.1616531032173	5.906711741827807E-4	0.935172441346036	4.782395272134165E-4	3.1725918006061607E-7	1.0200809846034677
22600000	-9654.589650506341	-8705.131630892585	-949.4580196137554	-8541.654937887313	107.84270522173082	1175.154345852352	0.06547451286101616	0.2994424375939679	0.20472910539031947	1.2110176725984128	2.0083617792081356	0.6190752265836943	3.271260760226749	0.19984230147629772	5.338660989034273	0.8737434927996737	0.13313287095590687	0.2994424375939679	0.20472910539031947	1.2110176725984128	2.0083617792081356	0.6190752265836943	3.271260760226749	0.19984230147629772	5.338660989034273	0.8737434927996737	0.13313287095590687	7.063164022135141	0.3116286834040635	0.191868061436822	0.20911261648699392	0.2873906386721211	0.48997175218976874	139.96226364527644	-932.1696952448582	5.485907767488487E-4	0.7675763840960387	4.340074302794784E-4	2.6868178110789336E-7	0.9600473282410301
22700000	-9633.661584655578	-8675.622212094706	-958.0393725608716	-8514.210342308628	103.49176350215919	1320.0151359303006	0.09412933191878979	0.08835174821866358	0.08827975849364546	0.39065839190584495	2.1210487908535387	0.9691657144457608	0.8836593988627506	0.09255931015831188	2.7088338634326568	0.009467384345739228	1.606235535468967	0.08835174821866358	0.08827975849364546	0.39065839190584495	2.1210487908535387	0.9691657144457608	0.8836593988627506	0.09255931015831188	2.7088338634326568	0.009467384345739228	1.606235535468967	6.402897421887008	0.29012322569201526	0.2214286086165212	0.21859244631486308	0.26985571937660097	0.49067401310189596	136.12113775561696	-945.7736496886279	6.680941111927629E-4	0.9986098854569163	4.551599786873801E-4	3.0865300651147386E-7	0.8936886953661178
22800000	-9628.176558633153	-8673.62512834502	-954.5514302881338	-8505.0308858711	146.4317084816722	1399.1752062971386	0.08556705415092748	0.3266402746842093	0.3217030534382423	0.4448973806552051	0.08541008376286975	0.343576707309795	2.511684737442778	0.4019214815245122	2.0158844452431453	0.15228166685229585	0.34958060983851313	0.3266402746842093	0.3217030534382423	0.4448973806552051	0.08541008376286975	0.343576707309795	2.511684737442778	0.4019214815245122	2.0158844452431453	0.15228166685229585	0.34958060983851313	7.210081494150802	0.3005066103133472	0.2214286086165212	0.21572661799668486	0.2623381630734472	0.519602987622644	130.72664591866894	-945.1394515424319	5.047402185463753E-4	0.7424476800352763	4.1685110727129166E-4	1.5159217861185323E-7	0.766221435992521
22900000	-9669.298014380547	-8686.938460632919	-982.3595537476276	-8516.314401639616	116.55763071336214	1476.411072638928	0.05788960255346721	0.5979107391197317	0.022742097569056333	0.8099595131321677	1.654886440098451	1.6217632859125544	0.7575133972641446	0.25327473134342016	6.50544859853337	0.3748388033150074	0.5687623883333901	0.5979107391197317	0.022742097569056333	0.8099595131321677	1.654886440098451	1.6217632859125544	0.7575133972641446	0.25327473134342016	6.50544859853337	0.3748388033150074	0.5687623883333901	6.3303563666344855	0.28646199076153495	0.1914545409773527	0.22553578733198038	0.2965476809291324	0.49975067368219145	151.67106971947257	-966.677687637171	4.053205216379766E-4	0.6663658053972619	3.774364160486092E-4	1.4203336708910857E-7	0.8563309141041296
23000000	-9632.442947469546	-8693.240342575902	-939.2026048936444	-8519.685428917566	100.07419970680834	1185.379960910785	0.08546870354241934	0.08485657207285872	0.11916137122106608	1.1244691048467674	0.9860517885252504	1.0372313893595004	0.3942427546444765	0.46912102999444233	2.6607168937894	0.37017320609170207	0.48981121779726644	0.08485657207285872	0.11916137122106608	1.1244691048467674	0.9860517885252504	1.0372313893595004	0.3942427546444765	0.46912102999444233	2.6607168937894	0.37017320609170207	0.48981121779726644	6.457895663019849	0.293854831603137	0.2104133659273625	0.20738527772815074	0.2883465247413502	0.5694718736911542	112.44323716092293	-928.8741540205904	5.697178617697831E-4	0.8084621527542944	4.900812351648202E-4	2.6255383241974724E-7	0.8362860010001939
23100000	-9668.509737120858	-8666.251591787044	-1002.2581453338131	-8503.537158081986	170.90022592855354	1726.1987047768682	0.05444694753276038	0.11551296389168263	0.2247469185570663	1.0448522894510417	1.0266874213635182	1.9904299004618555	1.2154308898384105	0.8570628759553471	5.1228101937690615	0.0676899760372704	1.9879518530732698	0.11551296389168263	0.2247469185570663	1.0448522894510417	1.0266874213635182	1.9904299004618555	1.2154308898384105	0.8570628759553471	5.1228101937690615	0.0676899760372704	1.9879518530732698	7.171370179038032	0.3129764914137095	0.20948472595266873	0.20665057765355524	0.27088820498006705	0.3851221258933124	166.25881786221746	-984.8406808848066	4.4664936210258606E-4	0.9463950020101303	3.3130170833857155E-4	2.764926125375145E-7	1.2035775409335974
23200000	-9696.489942341153	-8689.530065673436	-1006.9598766677175	-8516.624278406533	118.41692993435021	1590.5448356180516	0.0799998909559199	0.07209842719701044	0.6332005218699351	0.6368385438472757	3.265427942353383	0.5426997097729113	1.392577996070321	0.1585850643550164	2.249907917620677	0.48773307630639895	0.9725216373827597	0.07209842719701044	0.6332005218699351	0.6368385438472757	3.265427942353383	0.5426997097729113	1.392577996070321	0.1585850643550164	2.249907917620677	0.48773307630639895	0.9725216373827597	6.7679536385780805	0.3212486104499048	0.20788627082033767	0.19666078816519147	0.2742043305645665	0.4643098639701677	188.44403973127663	-994.1765844201121	4.268883964241016E-4	0.63873751507694	3.776754520511025E-4	1.0014353446427418E-7	0.7122237421491081
23300000	-9744.008745093293	-8693.449037597835	-1050.5597074954583	-8528.790913792676	121.09900744263828	1996.488246914315	0.055522334616448135	0.35326988352460603	0.20067979263316738	0.4242195491942991	1.941737666797013	0.37490935553982485	3.203384542912212	0.5163225830736625	1.9402497896970086	0.03710423043566649	0.1919033809605131	0.35326988352460603	0.20067979263316738	0.4242195491942991	1.941737666797013	0.37490935553982485	3.203384542912212	0.5163225830736625	1.9402497896970086	0.03710423043566649	0.1919033809605131	5.839741342654943	0.2839261730927936	0.2171938884510718	0.21341349119810402	0.28546644725803105	0.5265175449262044	237.46038695040139	-1038.6804473356117	3.026727026984769E-4	0.683098462920027	2.764163049935362E-4	4.977789308772449E-8	0.7255189641476277
23400000	-9693.36037665384	-8672.607265208111	-1020.7531114457288	-8511.991561367451	339.28152924930964	2080.6931891636605	0.08636641233608017	0.4641023443828332	0.15722447476362567	0.48396153204177833	1.7595201331532317	0.8891578122952538	2.7741272765331515	1.2623945278745592	3.742941766599859	0.4298612535855161	0.948475881686653	0.4641023443828332	0.15722447476362567	0.48396153204177833	1.7595201331532317	0.8891578122952538	2.7741272765331515	1.2623945278745592	3.742941766599859	0.4298612535855161	0.948475881686653	6.4290756296263565	0.2896394505274734	0.21403832517842902	0.21993109157738486	0.2763911327167131	0.5455041061439484	222.95918319637804	-1004.3641379867435	4.331689626628061E-4	1.000278620423862	3.173901736465732E-4	1.1678130007568776E-7	0.7784106700647716
23500000	-9684.297251687745	-8682.793184440658	-1001.5040672470875	-8505.779447126355	167.9964388946378	1748.96466782125	0.05193412667602841	0.20290287599024812	0.6403649486662378	0.3186693646912232	0.17612039706056629	2.5048085390922776	0.5020301953960152	0.986628779702925	2.754300985750191	0.7696943163122021	0.36293592526283197	0.20290287599024812	0.6403649486662378	0.3186693646912232	0.17612039706056629	2.5048085390922776	0.5020301953960152	0.986628779702925	2.754300985750191	0.7696943163122021	0.36293592526283197	6.800540435484063	0.3152239717301168	0.2016854578914279	0.19854326462884345	0.28454730574961234	0.43844201405976235	177.84749392307876	-988.7641119892742	4.181474519044834E-4	0.8341653399087892	3.350986328453996E-4	9.510344340439859E-8	0.7675006263499783
23600000	-9627.798783984128	-8667.544858828138	-960.2539251559904	-8499.892271510489	109.89183530877798	1290.2410105509825	0.08225825633795608	0.2904302611431808	0.8301130399283677	3.3881822256632517	0.35959273103001765	0.9410392846453046	0.960959240216946	1.6244489003200797	4.208644236702671	0.7226588549993532	2.328896456132245	0.2904302611431808	0.8301130399283677	3.3881822256632517	0.35959273103001765	0.9410392846453046	0.960959240216946	1.6244489003200797	4.208644236702671	0.7226588549993532	2.328896456132245	6.661207121921645	0.30232712511912135	0.21696951404072526	0.20922906305180808	0.2714742977883457	0.45179360571299637	144.2535954657388	-941.1027523278237	6.074080930279784E-4	1.0063059348019519	5.132857290055733E-4	1.587467072270322E-7	0.7065407220321424
23700000	-9662.039009794578	-8689.255936084557	-972.7830737100215	-8516.725446812852	121.67065296853498	1487.1171700544528	0.08583279009384116	0.26513724269900535	0.11434188885940781	0.39592058844936734	0.06415151144046229	0.5146748610776798	0.030183529995294316	0.3192789777536326	5.267568962473539	0.5474162629815237	0.008475783773554502	0.26513724269900535	0.11434188885940781	0.39592058844936734	0.06415151144046229	0.5146748610776798	0.030183529995294316	0.3192789777536326	5.267568962473539	0.5474162629815237	0.008475783773554502	7.342218483465468	0.2923512825297729	0.20391233726218339	0.2066004046847155	0.29713597552332865	0.44198229245459086	139.1832488538653	-962.5844152621285	4.6643085911031744E-4	0.8049486604081698	3.898399126527183E-4	1.5979098705697372E-7	0.8413697186413858
23800000	-9637.098822253358	-8670.799136085405	-966.2996861679534	-8502.866939680964	135.4664213970464	1377.4838540616447	0.13708026368445045	0.47747184220886996	0.031788572992633206	0.18213810852272844	1.5207984487116513	1.7044925453656714	0.26300145051185647	0.08020860922195701	3.5251252505866755	0.30332677355141163	0.1447058156257739	0.47747184220886996	0.031788572992633206	0.18213810852272844	1.5207984487116513	1.7044925453656714	0.26300145051185647	0.08020860922195701	3.5251252505866755	0.30332677355141163	0.1447058156257739	6.562322066991383	0.29307632444500675	0.20391233726218339	0.21927181396570627	0.28373952432710403	0.3768153921227171	144.76090159236088	-955.7290820276927	4.7345676280566653E-4	0.9321712592063905	4.066603757741705E-4	1.1465682314417945E-7	0.7277776677187608
23900000	-9684.803888328532	-8690.903036433596	-993.9008518949355	-8527.508239867839	116.53697141210121	1584.4661119273774	0.06685980987622116	0.40578122833671404	0.027683897877705123	0.2132687624535161	0.22362892830888326	0.8820722304693814	1.0489391504390941	0.01935108785520858	2.6750619814786805	0.13024045603867393	1.598504093328671	0.40578122833671404	0.027683897877705123	0.2132687624535161	0.22362892830888326	0.8820722304693814	1.0489391504390941	0.01935108785520858	2.6750619814786805	0.13024045603867393	1.598504093328671	6.382925778961111	0.3036790405412774	0.20520857947506457	0.20541992266217912	0.28569245732147924	0.4810865533093435	176.86240105814815	-983.8044104202784	4.6934290869346057E-4	0.7468939156567683	3.6158936339290734E-4	1.355732619286477E-7	0.8420383134445178
24000000	-9721.650938123681	-8689.006937206103	-1032.6440009175783	-8515.959281390355	128.7906267993046	1883.8695571119006	0.14054693841560978	0.13438087585834085	0.0014845761770035774	0.13812146940249306	1.7329240847034844	0.37853550686030807	5.510607412102034	1.0448833472225432	5.857581600343083	0.03982596477063859	0.5504265709028903	0.13438087585834085	0.0014845761770035774	0.13812146940249306	1.7329240847034844	0.37853550686030807	5.510607412102034	1.0448833472225432	5.857581600343083	0.03982596477063859	0.5504265709028903	7.338849495447994	0.29390315940733874	0.20910892177290724	0.2167358536568974	0.280252065162857	0.44739639715727164	210.66719103778976	-1015.4109013449958	3.396982510899655E-4	0.6842721731069709	3.0613331640490465E-4	8.658280693532688E-8	0.8346079965965842
24100000	-9618.335898722706	-8693.802963717124	-924.5329350055816	-8524.077147543556	134.17147554462056	1221.620449908379	0.09007950332036006	0.19769316051046656	0.03379628628776449	1.1485757847284104	0.055344017049425064	0.5184243145196213	2.5763991098588566	0.6439102440366247	5.151810045822843	0.08744181020698899	2.0044891666512807	0.19769316051046656	0.03379628628776449	1.1485757847284104	0.055344017049425064	0.5184243145196213	2.5763991098588566	0.6439102440366247	5.151810045822843	0.08744181020698899	2.0044891666512807	5.807274253943913	0.29354810616473104	0.20014842435098626	0.23713182351218545	0.2691716459720977	0.47037936309250705	101.99984605845913	-909.8639395804106	6.56199402933405E-4	0.7890535082923515	4.791832082436052E-4	4.975464140920041E-7	1.03812229986773
24200000	-9691.35371386628	-8688.179693018114	-1003.1740208481659	-8515.699093284977	227.16387649305221	1848.8734714334548	0.13927507487481225	0.03840093202308547	0.1485867648751153	0.16324067930887992	0.09076365576850831	0.2366530339874154	0.6406427470089242	0.4171862555181975	3.748533733524823	0.047351376947389404	0.3399981979438542	0.03840093202308547	0.1485867648751153	0.16324067930887992	0.09076365576850831	0.2366530339874154	0.6406427470089242	0.4171862555181975	3.748533733524823	0.047351376947389404	0.3399981979438542	6.485013470806482	0.29354810616473104	0.2085453595922327	0.20886826606411063	0.289038268178926	0.6330246006805555	179.51822399757287	-995.3245406924269	3.586807699860298E-4	0.7539534041963158	2.725932565107434E-4	1.3024707513369888E-7	0.9348123089656852
24300000	-9621.771937897456	-8690.312354599919	-931.459583297538	-8530.469625316648	133.4247706726238	1212.5247697640325	0.04313652765876482	0.2038595227056879	0.07652186541585562	1.5967175078186606	1.2229640157059196	0.8537293884211851	1.1274644529374434	0.0011447087947833458	5.4362198071429395	0.29052446566279566	1.0611693108003142	0.2038595227056879	0.07652186541585562	1.5967175078186606	1.2229640157059196	0.8537293884211851	1.1274644529374434	0.0011447087947833458	5.4362198071429395	0.29052446566279566	1.0611693108003142	5.96428414858725	0.3143898631995777	0.21583929652366204	0.19705334361686372	0.272717496659897	0.5659362402011785	113.06769842549836	-915.3284736164474	7.342910784785069E-4	0.9426197051542583	5.211571257319281E-4	4.31661208705371E-7	0.9536708702795513
24400000	-9683.211385796098	-8684.042854401554	-999.1685313945435	-8517.845929520026	114.79294963365435	1511.0452369816114	0.08995607340222624	0.1364349439702586	0.13363398484874117	0.23660497187944682	0.3241244673734065	0.5701888682521771	0.8419119476018211	2.550155929056489	3.8226385618648644	0.30101821220858954	1.1459234102194427	0.1364349439702586	0.13363398484874117	0.23660497187944682	0.3241244673734065	0.5701888682521771	0.8419119476018211	2.550155929056489	3.8226385618648644	0.30101821220858954	1.1459234102194427	6.178208456542427	0.2985859168113184	0.20497957842527234	0.20648844948443548	0.2899460552789742	0.5454504914271192	134.653971996862	-986.6497169355096	4.327993396764363E-4	0.8431677013586181	3.5976062624213767E-4	1.3465066207462895E-7	0.8500532985460088
24500000	-9713.469305566652	-8703.519524668109	-1009.9497808985426	-8534.622282303742	146.6005697403542	1662.0558327912563	0.10768794953895801	0.6080625884699207	0.02315246984294332	1.4291954101357467	2.8055573560380225	0.39088326214070596	2.1233326117181024	0.2928991751181132	3.1142674672583333	0.09879407099075542	0.11727154552919375	0.6080625884699207	0.02315246984294332	1.4291954101357467	2.8055573560380225	0.39088326214070596	2.1233326117181024	0.2928991751181132	3.1142674672583333	0.09879407099075542	0.11727154552919375	5.622213983013901	0.27672088080064744	0.22921275531427476	0.21894141125737254	0.27512495262770564	0.489187598841019	160.72831738442642	-997.2834527491178	3.519757279014329E-4	0.7588469528520053	3.215897094810237E-4	1.0599575393387915E-7	0.9183752266223129
24600000	-9651.748511186834	-8678.033625371621	-973.7148858152119	-8518.34143075217	134.70721058193243	1442.9140355964355	0.05734743260748542	0.08860993517769832	0.4163740976606151	1.1386250497902783	0.29774233282494	2.0115955056140793	0.6499693950643153	0.13209823549880867	7.498847410134771	0.5086935128481012	1.0428643871223542	0.08860993517769832	0.4163740976606151	1.1386250497902783	0.29774233282494	2.0115955056140793	0.6499693950643153	0.13209823549880867	7.498847410134771	0.5086935128481012	1.0428643871223542	6.126830633253029	0.30938944575446664	0.20210187222246603	0.20454974645623128	0.28395893556683643	0.45271441894579356	155.29483936357818	-957.1101321863791	4.350911586292304E-4	0.7485778800478667	3.661886945590966E-4	1.340251308653266E-7	0.8206877004307451
24700000	-9641.623434266823	-8671.477179938556	-970.1462543282668	-8502.126382687879	124.82332090939963	1422.8886635996598	0.06505129409334187	0.4013022227516504	0.08614479719714577	0.9905703075505069	0.23419373306306732	1.0776171297268435	0.012763907086871659	0.29780321972096463	1.7481935983479218	0.2506709616059682	0.38204801152708445	0.4013022227516504	0.08614479719714577	0.9905703075505069	0.23419373306306732	1.0776171297268435	0.012763907086871659	0.29780321972096463	1.7481935983479218	0.2506709616059682	0.38204801152708445	6.437627201005978	0.29428452920636805	0.20704068480347868	0.21890691438984494	0.27976787160030875	0.45766609416022574	141.2420453335519	-961.757439344007	4.513264779210164E-4	0.8510886446098521	3.649000039159458E-4	2.966737396013009E-7	1.077022890907513
24800000	-9644.507434802135	-8676.790545852979	-967.7168889491567	-8502.627476685568	96.63389198430065	1353.7882885183599	0.1296695645459095	0.22807109699308714	0.09968803974312564	1.4330734851607403	0.31717171134928623	1.496009281123313	0.9354212684138127	0.22834727472027852	3.335087297335303	0.14918632408491575	0.9536538701382193	0.22807109699308714	0.09968803974312564	1.4330734851607403	0.31717171134928623	1.496009281123313	0.9354212684138127	0.22834727472027852	3.335087297335303	0.14918632408491575	0.9536538701382193	6.240733738785171	0.3059659979401069	0.2106266866085449	0.21115344510093742	0.27225387035041126	0.4813112645278677	146.344389677094	-956.4118300062372	5.090708749097293E-4	0.8093253731329783	3.99781240227091E-4	3.025287379137195E-7	1.0699882008561934
24900000	-9647.196933235076	-8691.26216069279	-955.9347725422867	-8521.576926102163	155.4652236761699	1459.682290021136	0.08591735323992032	0.36364404363234343	0.4774201907973704	0.16157614204285503	0.33915830639655	0.32635073640066886	0.5800649765166663	0.32720971571169455	4.155969136608768	0.043564684713095526	0.09963667108003976	0.36364404363234343	0.4774201907973704	0.16157614204285503	0.33915830639655	0.32635073640066886	0.5800649765166663	0.32720971571169455	4.155969136608768	0.043564684713095526	0.09963667108003976	5.529526703381174	0.2886985524694664	0.20618833896670755	0.22012070712303813	0.2849924014407884	0.4721626468215064	120.83501923662102	-946.5611645738151	5.599693953816317E-4	0.8787210617386239	3.9613411766981473E-4	3.225761794429345E-7	1.04828651046391
25000000	-9671.477944756762	-8691.057884735968	-980.4200600207927	-8515.377671122624	93.86696600376288	1292.1876573432032	0.05733698033883596	1.1238766529402742	0.3900010310670557	1.3939816430336993	0.5077237207768224	0.7256920272714864	1.111033906642996	0.34586075985561543	2.5977462142348866	0.34423369566830164	0.6224099801841303	1.1238766529402742	0.3900010310670557	1.3939816430336993	0.5077237207768224	0.7256920272714864	1.111033906642996	0.34586075985561543	2.5977462142348866	0.34423369566830164	0.6224099801841303	5.657165714110249	0.29190538000405286	0.21225718886151818	0.2083979282267614	0.2874395029076681	0.450676535113729	168.18663255908615	-967.967003160535	4.8320841114039706E-4	0.8967481838566501	4.0969603898449654E-4	1.4942877964875974E-7	0.8674958014926318
25100000	-9691.896199344901	-8672.831855647244	-1019.0643436976566	-8494.003401094671	151.99708232462132	1818.0964892528436	0.09710768360272902	0.7537442105159	0.07293426766616062	0.23684921587842714	1.9247075121233181	0.864159944251925	0.8065132858185352	1.9580935121216096	3.8825755162255664	0.6474720491029863	0.2358075239843681	0.7537442105159	0.07293426766616062	0.23684921587842714	1.9247075121233181	0.864159944251925	0.8065132858185352	1.9580935121216096	3.8825755162255664	0.6474720491029863	0.2358075239843681	5.425771394218146	0.29413972332529853	0.2088081149824258	0.20961265878460808	0.2874395029076681	0.5187334978514447	192.7595275365991	-1005.3288333784169	4.068206581935366E-4	0.821858083931965	2.97578831237817E-4	1.2221330086968066E-7	0.9989109445781497
25200000	-9704.204479408283	-8674.535441914653	-1029.6690374936297	-8505.92734375248	132.22325881689773	1914.7135251807526	0.04979401483628535	0.07798708181239294	0.1504617750321899	0.4566745304583113	0.4472419745505546	0.7596526807120125	2.5111457803785036	0.278208571745136	3.203351357512038	0.1511994714833617	0.20380058738637594	0.07798708181239294	0.1504617750321899	0.4566745304583113	0.4472419745505546	0.7596526807120125	2.5111457803785036	0.278208571745136	3.203351357512038	0.1511994714833617	0.20380058738637594	6.919401441327761	0.29413972332529853	0.2071467285577749	0.21545005002764833	0.28326349808927875	0.47259167537848634	200.87709275336832	-1017.8749232288817	3.563143880953742E-4	0.8414153636730126	3.0512814821199617E-4	9.795154175309841E-8	0.860962116763534
25300000	-9667.552038472459	-8694.668373313816	-972.8836651586424	-8528.709026158085	126.12660070384769	1465.1326566190062	0.111213392571827	0.08326617459465793	0.0034081471976318647	0.4103779527080366	1.5314489379243743	1.4711391943056085	0.38989988858240465	0.4680384796263405	2.9003280553114617	0.13915914670834784	1.3560517630036173	0.08326617459465793	0.0034081471976318647	0.4103779527080366	1.5314489379243743	1.4711391943056085	0.38989988858240465	0.4680384796263405	2.9003280553114617	0.13915914670834784	1.3560517630036173	5.590665961923264	0.2934774013859361	0.20179762390184644	0.20350440543112155	0.3012205692810963	0.5832405959429738	161.14089509502196	-961.9909508322032	4.232610825467361E-4	0.7943218293748654	3.858865476558865E-4	1.685293465437792E-7	0.9110841445570059
25400000	-9670.879115541644	-8687.87222585912	-983.0068896825234	-8521.445025903009	129.38742030725584	1622.7324178130286	0.07112818690097183	0.7011741324619654	0.06389614791743889	0.03697379877163444	0.8033686337861059	0.454294870179655	0.8801067154118045	0.010573863642778113	2.1515539135538146	0.1567932895420649	0.7195260761161422	0.7011741324619654	0.06389614791743889	0.03697379877163444	0.8033686337861059	0.454294870179655	0.8801067154118045	0.010573863642778113	2.1515539135538146	0.1567932895420649	0.7195260761161422	6.175954548454557	0.283310998486105	0.21454990456945708	0.22031594255821402	0.2818231543862243	0.5291609345953165	154.2559717345592	-974.5675942639416	4.0039688754710755E-4	0.7650259233372204	3.3138291980246766E-4	1.8270231080531184E-7	0.9675452635317282
25500000	-9636.651073378185	-8671.704136334141	-964.9469370440445	-8507.318768470837	139.82682985694157	1421.6824483782925	0.09961938454234767	0.06998401045256829	0.1734354753998985	0.35569175385351864	1.22241876561248	0.6202218767471708	1.0697516087491463	0.36338706642049917	2.451348860653301	0.20265983890281228	0.18206651150025213	0.06998401045256829	0.1734354753998985	0.35569175385351864	1.22241876561248	0.6202218767471708	1.0697516087491463	0.36338706642049917	2.451348860653301	0.20265983890281228	0.18206651150025213	6.830886638958454	0.29854051175831514	0.22049852261225994	0.20519041430966817	0.2757705513197572	0.5442030877548788	131.1543712047605	-955.4274629416288	5.553946187078866E-4	0.8813816893643843	4.283772407105699E-4	2.92818008634791E-7	0.9527787052546518
25600000	-9618.771200145879	-8671.654945314714	-947.116254831165	-8511.470879755685	120.56125419624033	1204.9923243508813	0.08765633058918836	0.14620365227963575	0.33267780935537417	1.0476848489298114	0.06385024513338143	2.0104119236044586	0.6450303719866319	0.3617209108810114	8.597418473682172	0.018862089153799555	1.325942260159723	0.14620365227963575	0.33267780935537417	1.0476848489298114	0.06385024513338143	2.0104119236044586	0.6450303719866319	0.3617209108810114	8.597418473682172	0.018862089153799555	1.325942260159723	6.5872973838749145	0.310983804026184	0.19927016205398765	0.21397548260007163	0.2757705513197572	0.538800038381288	123.62202982618913	-929.1629683248973	6.781673788464539E-4	0.9624543997761348	5.073595273125733E-4	4.711743689764214E-7	1.0331981279957245
25700000	-9574.7012321113	-8694.551035887856	-880.1501962234424	-8526.22534055535	90.25946098532793	869.4624302804401	0.09737706419856434	1.1119243513925812	0.013131826438480095	0.621262101136374	0.26790304751625893	1.2046924130344696	0.5581419357845503	0.39847998182521627	3.4550773665954155	0.8611357051033784	0.6001316227237792	1.1119243513925812	0.013131826438480095	0.621262101136374	0.26790304751625893	1.2046924130344696	0.5581419357845503	0.39847998182521627	3.4550773665954155	0.8611357051033784	0.6001316227237792	6.0273906761346545	0.2869621069875381	0.21544862465363115	0.21146268413671823	0.28612658422211296	0.47111470944065087	81.49250965069133	-868.5428117095873	6.967529813712695E-4	0.9255355159865096	5.666843858656128E-4	3.707336690827467E-7	0.9566368477578506
25800000	-9652.05916943916	-8663.81670148497	-988.2424679541905	-8496.214641385217	99.60296626536238	1304.8362284298867	0.06377689833590117	0.09418173318327289	0.055526183542130805	1.683178915262173	0.20981198029966905	0.6844927474261777	0.5840293201651763	0.9258823505826603	2.6657046282771786	0.20111624891289548	0.6309363586157269	0.09418173318327289	0.055526183542130805	1.683178915262173	0.20981198029966905	0.6844927474261777	0.5840293201651763	0.9258823505826603	2.6657046282771786	0.20111624891289548	0.6309363586157269	7.0171532958109655	0.3066862448216358	0.20281793489246833	0.20874017357763686	0.2817556467082595	0.5085383337950838	145.61900653773432	-976.8440654877061	5.254950310376465E-4	0.9430858652660473	4.407970888618181E-4	3.2450103379802935E-7	1.1541545943651277
25900000	-9627.184714800173	-8701.358550664412	-925.826164135761	-8537.452830542808	109.9240120932318	1170.2637087148655	0.09358655205763301	0.3726166853322452	0.09997283436601705	0.39302058363690195	0.8223502321533396	1.5577995266108464	0.3068182512430442	0.3157019266908763	3.777930827009282	0.14024487655258208	0.5469256369373484	0.3726166853322452	0.09997283436601705	0.39302058363690195	0.8223502321533396	1.5577995266108464	0.3068182512430442	0.3157019266908763	3.777930827009282	0.14024487655258208	0.5469256369373484	6.626886873958483	0.30811733915964173	0.20156873878328865	0.20962782760148646	0.2806860944555836	0.5183083592791929	99.82195550593111	-914.8876742023277	5.378144434895883E-4	0.8983750248004194	4.2476298964600254E-4	4.3050357949841987E-7	1.2008388030139616
26000000	-9590.633735275944	-8693.393415382043	-897.2403198939003	-8533.12242507073	99.06753121157737	959.6624497050158	0.093498169024605	0.20967671895392814	0.3884091776016255	0.17594050807868833	1.1880181868815338	3.0309378599574797	2.0702999715358015	1.165328597325943	3.7976623661090065	0.39665361523722575	0.11646392874621747	0.20967671895392814	0.3884091776016255	0.17594050807868833	1.1880181868815338	3.0309378599574797	2.0702999715358015	1.165328597325943	3.7976623661090065	0.39665361523722575	0.11646392874621747	6.331609688753814	0.28136346989844574	0.2152132802793049	0.20962782760148646	0.2937954222207634	0.4846094272899284	79.37452505445773	-881.7405208624428	8.007682255809687E-4	0.9635494245621739	6.208952450175472E-4	6.893812952550206E-7	1.0690207842616164
26100000	-9607.605370940102	-8697.395252360659	-910.2101185794438	-8523.457759683384	96.54741169038847	1022.134442069844	0.12318917797681998	0.05105525177717319	0.09241864751825829	2.5366869252148363	0.40433289519138516	2.1046124574212017	0.13446941055360792	0.1905150331511965	2.147151205946462	0.24588739244926958	0.25931072133296984	0.05105525177717319	0.09241864751825829	2.5366869252148363	0.40433289519138516	2.1046124574212017	0.13446941055360792	0.1905150331511965	2.147151205946462	0.24588739244926958	0.25931072133296984	6.475748195601289	0.28643058419718104	0.2074437172456251	0.23009104096762695	0.27603465758956736	0.638149616770448	98.92487604465899	-898.8688571287299	6.971838079395786E-4	1.0756099777441122	5.337207700701607E-4	5.150438059511361E-7	1.0885941197468914
26200000	-9650.446461309612	-8679.909553485797	-970.5369078238148	-8504.608897296155	83.38137674924974	1281.3522394176034	0.14745027298737584	0.4727754650394141	0.051330908322437106	0.42828369371854824	1.3503365496987887	0.01058594905532317	0.6321379472019213	0.315805772695786	2.2291139715931085	0.15322267295519268	0.7944248926126458	0.4727754650394141	0.051330908322437106	0.42828369371854824	1.3503365496987887	0.01058594905532317	0.6321379472019213	0.315805772695786	2.2291139715931085	0.15322267295519268	0.7944248926126458	6.598252204541824	0.2859229747046313	0.21091693505240508	0.20534788246926164	0.2978122077737025	0.5190393692575689	125.30936667346285	-961.3978087518273	5.618504570116453E-4	0.9980214494310717	4.463748519494024E-4	4.038262130920352E-7	1.17316179070427
26300000	-9627.545190066514	-8678.309150078812	-949.236039987702	-8507.724298217725	100.20471032952743	1292.3524359497142	0.08839797469324798	0.645778111643439	0.06136745863694376	0.10129911721098787	0.7907666658833357	0.8772568532849477	0.9244716011074604	0.4423721314905712	2.5593382778281923	0.5244977697826633	0.1290168921480144	0.645778111643439	0.06136745863694376	0.10129911721098787	0.7907666658833357	0.8772568532849477	0.9244716011074604	0.4423721314905712	2.5593382778281923	0.5244977697826633	0.1290168921480144	6.031558945445527	0.29366199373232516	0.20823702353006074	0.21323056954944922	0.2848704131881654	0.4411994004061151	123.59503727703178	-939.6876373112552	5.018965116913419E-4	0.8844314532061727	3.964324338740011E-4	3.7051676521302723E-7	1.1478119678722576
26400000	-9617.393747947712	-8692.204409574895	-925.1893383728159	-8522.212854689164	99.43556114285511	1178.7736230527134	0.11415641050360714	1.6220179461676127	0.0606147943750585	1.0780265301858425	1.5607880962829208	1.323071761771384	2.151166861960439	0.07142539575389918	3.1268116194246622	0.9317522409401041	0.6563453691956077	1.6220179461676127	0.0606147943750585	1.0780265301858425	1.5607880962829208	1.323071761771384	2.151166861960439	0.07142539575389918	3.1268116194246622	0.9317522409401041	0.6563453691956077	6.280637463346435	0.29366199373232516	0.20823702353006074	0.21323056954944922	0.2848704131881654	0.42896175795809566	102.25764263563394	-909.7903987150848	6.377214654867346E-4	1.0314697852861088	4.642178907406973E-4	4.2808677028367626E-7	1.0356799522590938
26500000	-9644.262844951618	-8680.679624099024	-963.583220852593	-8505.690233226278	91.349301919845	1281.5913018099527	0.08705536780568598	0.5682772176689456	0.5004757440445913	1.4444990159538975	0.9872236937024713	1.1912106910927367	0.6376369182317053	0.10224085948276726	2.664858774960959	0.7001449774250926	0.6403390604623662	0.5682772176689456	0.5004757440445913	1.4444990159538975	0.9872236937024713	1.1912106910927367	0.6376369182317053	0.10224085948276726	2.664858774960959	0.7001449774250926	0.6403390604623662	6.0161741009619	0.29896581803268313	0.2045912887287116	0.19787453235225452	0.29856836088635125	0.36037055581716443	142.01253740648158	-951.7842521603362	5.012058782734158E-4	0.7948222108302985	4.055312007187857E-4	2.297930028816397E-7	1.0412983416353097
26600000	-9620.100049865043	-8694.677273443142	-925.4227764219013	-8521.605554884216	91.97424329392717	1102.8167348568693	0.09593202255450521	0.6713730419223264	0.3912994284629436	1.0947232676649465	0.29931238883922634	5.663143634689585	0.27254362530971415	0.48421312439040176	2.2684780492702172	0.011987675290120856	0.2050586430803101	0.6713730419223264	0.3912994284629436	1.0947232676649465	0.29931238883922634	5.663143634689585	0.27254362530971415	0.48421312439040176	2.2684780492702172	0.011987675290120856	0.2050586430803101	7.114523267387012	0.3019369435723811	0.201216520420568	0.20196606000243783	0.29488047600461353	0.5912113961544906	91.73488418966818	-911.0461216991098	6.362881137221902E-4	0.9288775093851698	4.792695784845838E-4	5.680458706034035E-7	1.1715742798030488
26700000	-9579.26887807749	-8669.220391153473	-910.048486924018	-8501.835342895181	76.94166297186833	986.6761178829014	0.10818510235293612	0.41031652652927675	0.6855194443824092	0.24363683558346336	0.7046165213742952	0.5551188484894941	0.6126182278967873	0.0371581800252753	4.38959971847209	0.1426041735057899	1.0928985016710322	0.41031652652927675	0.6855194443824092	0.24363683558346336	0.7046165213742952	0.5551188484894941	0.6126182278967873	0.0371581800252753	4.38959971847209	0.1426041735057899	1.0928985016710322	6.429573877708572	0.3019369435723811	0.20584361872689266	0.19733896169611317	0.29488047600461353	0.4791690387877936	103.19261154292418	-898.1614361489179	7.003331217615912E-4	0.9775580455571924	5.502679815916654E-4	6.012672997948383E-7	1.1604067317834392
26800000	-9728.591715808065	-8675.058494251189	-1053.5332215568767	-8511.990488494936	193.00418271100776	2100.5284074082774	0.06476991983878447	0.11457062770569362	0.004445872402651731	0.2275084243216162	0.12400556152497055	0.4479498061314799	0.6482812334029976	0.22230582391781162	2.3713250719133288	0.08837611314680398	0.2262894371237743	0.11457062770569362	0.004445872402651731	0.2275084243216162	0.12400556152497055	0.4479498061314799	0.6482812334029976	0.22230582391781162	2.3713250719133288	0.08837611314680398	0.2262894371237743	6.374913040245932	0.3024126258448216	0.20511829791793026	0.21333789677641002	0.27913117946083865	0.39901615634446075	243.0272044165489	-1045.8947849416575	3.281358383265562E-4	0.8566988734405095	2.5879124086250466E-4	1.0048191913085678E-7	0.9902833642251684
26900000	-9688.471761147508	-8698.956147902487	-989.5156132450209	-8535.009262812717	108.97623775689758	1494.507916206118	0.07771544949936136	1.3006487142294572	0.025227882562036518	0.19953314827521793	0.083500093306694	0.6697275556739977	0.8629072260774221	0.09949659501743338	5.062924583900835	0.7427172009094085	0.3547890894588816	1.3006487142294572	0.025227882562036518	0.19953314827521793	0.083500093306694	0.6697275556739977	0.8629072260774221	0.09949659501743338	5.062924583900835	0.7427172009094085	0.3547890894588816	6.175019774010307	0.3183175186582223	0.20777192434602154	0.19673515029472266	0.2771754067010341	0.48646096406137973	181.32025668663277	-977.4401435231731	4.532744082894133E-4	0.7516397231547619	3.8548536472239706E-4	1.6240157807580742E-7	0.8986669806738651
27000000	-9637.082617467508	-8659.831206349314	-977.2514111181937	-8494.333402710014	115.07181431331114	1405.1469150082864	0.06698959278706906	0.03364694682600813	0.22318991135498967	0.5066824700276947	1.6725238860938223	0.6716913394193414	0.9804647905784948	0.3140864778077613	2.0326528637261614	0.1392787737764861	0.4113384266469624	0.03364694682600813	0.22318991135498967	0.5066824700276947	1.6725238860938223	0.6716913394193414	0.9804647905784948	0.3140864778077613	2.0326528637261614	0.1392787737764861	0.4113384266469624	7.006218176195161	0.30699507547090193	0.2018746157320887	0.20482135665564044	0.2863089521413696	0.47086544116344303	157.6894876851745	-967.4874175186211	4.203596055951053E-4	0.7396784809335645	3.87816208225933E-4	3.203372551968896E-7	1.21433998007644
27100000	-9684.67716030019	-8684.203895442142	-1000.4732648580483	-8509.626756066426	137.65090779899433	1595.2047259551064	0.10009147526998646	0.4459162243547559	0.03979599544997311	0.6332420137711916	1.0652442603044316	0.22130779920048796	3.298122146013735	0.21010686611790033	2.7593718114916856	0.20752211933831036	1.1020533172516283	0.4459162243547559	0.03979599544997311	0.6332420137711916	1.0652442603044316	0.22130779920048796	3.298122146013735	0.21010686611790033	2.7593718114916856	0.20752211933831036	1.1020533172516283	6.709807136345713	0.28653170678073026	0.20816259160833908	0.20817301724052775	0.2971326843704036	0.484424828764965	172.6961677633214	-987.6517463360959	4.2189350196380305E-4	0.9175637045786246	3.577503915633136E-4	2.297907521036547E-7	1.0627709243504926
27200000	-9627.312243449818	-8685.973042332105	-941.3392011177124	-8512.168056928746	117.55759480025309	1253.0209106353086	0.09638949951015692	0.14529969008261445	0.3342267452692864	0.18403356830305023	1.0967730335232968	1.0665958334271681	1.4649979768680728	0.19408816574500148	3.2499732712923195	0.135253796635295	0.08884364011227341	0.14529969008261445	0.3342267452692864	0.18403356830305023	1.0967730335232968	1.0665958334271681	1.4649979768680728	0.19408816574500148	3.2499732712923195	0.135253796635295	0.08884364011227341	5.934718318967767	0.29242593133212946	0.20600939700740906	0.2158888328083177	0.28567583885214437	0.544759426149503	116.72824289141921	-930.6175740229385	5.23089240602282E-4	0.9815593382606759	4.553453211292041E-4	3.1939046945605393E-7	1.0244856965608962
27300000	-9622.620796594878	-8651.456164240923	-971.1646323539547	-8488.878471698423	123.29758735043718	1388.1137826237	0.07384156163912986	0.49539307406839356	0.15013746934845668	0.2299063945794348	0.0672066513814468	1.04014803194192	1.1182010692925808	0.3396077466392495	3.717450305458618	0.28240034104193784	0.7213379487390346	0.49539307406839356	0.15013746934845668	0.2299063945794348	0.0672066513814468	1.04014803194192	1.1182010692925808	0.3396077466392495	3.717450305458618	0.28240034104193784	0.7213379487390346	5.959280558445995	0.30028549027702645	0.2160913436773965	0.21235686253051556	0.2712663035150621	0.5145683645904089	139.8788709358133	-959.9137695372648	5.355276117225722E-4	0.9286040012913919	4.065914554283781E-4	3.0759351533207806E-7	1.094551918290198
27400000	-9639.767448263092	-8695.403938270278	-944.3635099928134	-8524.051475615366	121.18671909665483	1284.9837499676003	0.21015262901424714	0.043824202992322314	0.13484062759338353	0.3029555628117548	5.981021773710647	0.3915122819169956	1.5369801419462783	0.08789950692741863	1.8488731514292256	0.025405866258125374	0.8918366479186576	0.043824202992322314	0.13484062759338353	0.3029555628117548	5.981021773710647	0.3915122819169956	1.5369801419462783	0.08789950692741863	1.8488731514292256	0.025405866258125374	0.8918366479186576	7.634186376740137	0.2998659769754047	0.20087002086542316	0.2153237584541714	0.2839402437050013	0.46178408922122194	121.87752007410684	-931.0575907689122	5.579281842471266E-4	0.8314655865889802	4.2886124536311573E-4	2.6680161946993343E-7	0.9957824593664841
27500000	-9591.54380667815	-8671.673853762164	-919.8699529159854	-8505.439191278963	111.03010728673374	1136.6488635243786	0.10559205516798797	0.6984352408029222	0.06672706729690517	0.6177500783083465	0.12374363801578943	0.516039157261825	2.1364765237245686	0.06765499690670705	4.875692700727848	0.4681693574930872	0.03138602040182088	0.6984352408029222	0.06672706729690517	0.6177500783083465	0.12374363801578943	0.516039157261825	2.1364765237245686	0.06765499690670705	4.875692700727848	0.4681693574930872	0.03138602040182088	6.45540096602735	0.31264139090093	0.21609672255158577	0.21072565540571825	0.2605362311417666	0.5331625172662833	95.95032664040491	-907.9421697522773	6.157459919165064E-4	0.8342416785986092	4.7295001000686885E-4	3.622879396527024E-7	1.0109067346279053
27600000	-9679.341174077623	-8680.290373122869	-999.050800954754	-8506.965912825563	189.91950705311848	1720.1221381143268	0.07655340391074082	0.6846186181129619	0.28745529560468597	1.253296568038946	0.2834867554524528	0.2693871023606153	1.3184590474726485	0.00368824421174227	4.232307925734449	0.8251179191921286	0.1819994600610828	0.6846186181129619	0.28745529560468597	1.253296568038946	0.2834867554524528	0.2693871023606153	1.3184590474726485	0.00368824421174227	4.232307925734449	0.8251179191921286	0.1819994600610828	6.293747496464142	0.29765899195381784	0.2079406664394174	0.20561503903108433	0.2887853025756811	0.6588518664306499	155.96474456649517	-987.0131492608116	4.142146069653775E-4	0.7816246625140594	3.2389131313754945E-4	1.2988783721610415E-7	0.8668321844718307
27700000	-9704.930933874766	-8668.388664288188	-1036.5422695865784	-8496.006274525136	151.99030197809577	1900.7650595394605	0.09333457479631552	0.5688931828138192	0.260034952703829	0.19149568692813027	0.69224356446233	0.30573205554788324	2.030883175471206	0.38129253954955183	3.8677613603914716	0.40354487497255903	0.406223493671296	0.5688931828138192	0.260034952703829	0.19149568692813027	0.69224356446233	0.30573205554788324	2.030883175471206	0.38129253954955183	3.8677613603914716	0.40354487497255903	0.406223493671296	6.113508899211115	0.2889071901495103	0.20560879079347455	0.2166987164813347	0.2887853025756811	0.4734678890788574	221.30267993903556	-1025.3037247918473	3.183767274451358E-4	0.7178924131566427	2.786577293732972E-4	8.801790177911027E-8	0.9145456265803126
27800000	-9622.07683616662	-8706.983543750654	-915.0932924159653	-8535.892026424042	73.49333005952684	964.5809245354767	0.08610895697606934	0.6201801708308305	1.1355025855218583	0.02973343179713315	1.1263892757263485	0.6897517153102107	3.1182695224236046	0.11068815775720264	6.456063426469583	0.068537209610064	0.9309598683066042	0.6201801708308305	1.1355025855218583	0.02973343179713315	1.1263892757263485	0.6897517153102107	3.1182695224236046	0.11068815775720264	6.456063426469583	0.068537209610064	0.9309598683066042	6.290904822851818	0.2889071901495103	0.20560879079347455	0.22527353404912834	0.2802104850078875	0.4243723033289593	96.76486955914356	-898.6367527495582	6.30044525001742E-4	0.7572728565285977	5.737202878394223E-4	3.28951277660727E-7	0.859321889751986
27900000	-9621.907275481859	-8687.606095041887	-934.3011804399724	-8525.354779911904	109.55510203620999	1157.0487386765526	0.08304395504987214	0.2910613808338217	0.11622145064363222	1.035093782961497	0.2765974133775185	1.676842102916152	1.0104056084214161	0.013627608241413026	3.8769201571823797	0.4724313687625444	0.8810906699104514	0.2910613808338217	0.11622145064363222	1.035093782961497	0.2765974133775185	1.676842102916152	1.0104056084214161	0.013627608241413026	3.8769201571823797	0.4724313687625444	0.8810906699104514	6.08218455509583	0.2930608794094875	0.20807786549528767	0.21925382625192746	0.279607428843298	0.4523876632101333	124.47623027325118	-922.0634505551843	5.669731616207507E-4	0.8418229494025901	4.895013573201002E-4	3.512883503641764E-7	0.9903772811128387
28000000	-9659.565169396645	-8708.604133162962	-950.9610362336833	-8538.312511025959	101.1440920155352	1262.0682764102548	0.08349563554696258	0.9692057183885375	0.025567614454776535	0.3503455131477222	0.37933968513068544	0.8215427855854673	0.28165188538109553	0.4452284037747003	3.5408982193146143	0.16753523533249548	0.296487835807773	0.9692057183885375	0.025567614454776535	0.3503455131477222	0.37933968513068544	0.8215427855854673	0.28165188538109553	0.4452284037747003	3.5408982193146143	0.16753523533249548	0.296487835807773	5.925161221925719	0.3034711421893411	0.22647064279259935	0.2006449413291245	0.26941327368893564	0.623734643163279	125.35305359122658	-940.9537767770039	5.546537862100949E-4	0.8474358546552082	4.545812269819809E-4	1.856261129085242E-7	0.8180858519662533
28100000	-9620.250251110008	-8666.063207632847	-954.1870434771612	-8502.98684048938	123.5955944496223	1282.5681486579772	0.061250910230741064	0.6414038693480248	0.353581255753689	0.9766973862918792	1.0001466234828154	1.09079729717092	1.252167586317383	0.2680987296720108	5.966342324600755	0.02104245243615919	1.1272934090508628	0.6414038693480248	0.353581255753689	0.9766973862918792	1.0001466234828154	1.09079729717092	1.252167586317383	0.2680987296720108	5.966342324600755	0.02104245243615919	1.1272934090508628	7.050243097318893	0.2956416429404837	0.22605228946573622	0.20718329583708972	0.271122771756691	0.5546122089046238	132.32984232071644	-937.9676962348284	5.989870212179711E-4	0.8668451642847257	4.3515691437022013E-4	2.765009090979443E-7	0.956820176053877
28200000	-9652.346170018795	-8693.902368940764	-958.4438010780306	-8532.954071958075	107.16648141099105	1307.7664921778764	0.09882975985522366	0.3309823079336682	0.2781258212225455	0.4722051328266299	1.0351520968961017	0.3080476870163416	1.725107384489169	0.32443215572617884	6.67603463064965	0.44779805817509516	0.1589418096962395	0.3309823079336682	0.2781258212225455	0.4722051328266299	1.0351520968961017	0.3080476870163416	1.725107384489169	0.32443215572617884	6.67603463064965	0.44779805817509516	0.1589418096962395	6.354139718224762	0.296733218178035	0.2122143965299643	0.225100250922998	0.2659521343690033	0.6075123049323807	140.58074351262755	-943.7654177841974	4.7697521648388646E-4	0.9753062225843677	4.209669291495545E-4	2.513851855437301E-7	0.9588368483200048
28300000	-9565.795481320109	-8687.353034374017	-878.442446946092	-8522.526400101631	77.1197397567403	845.3835955108461	0.12760424893499592	0.12448435039498862	0.6451748337043041	0.024300062783340015	1.186700113072966	0.755610830512641	0.07353531849752555	0.13693278106606244	3.7105673848859015	0.07617834005695155	0.4097383322063091	0.12448435039498862	0.6451748337043041	0.024300062783340015	1.186700113072966	0.755610830512641	0.07353531849752555	0.13693278106606244	3.7105673848859015	0.07617834005695155	0.4097383322063091	5.882551564114248	0.3193624027299681	0.20350263895843393	0.20247106637106493	0.27466389194053364	0.5497201837592829	75.66575104884137	-867.7895783888121	9.91810614810275E-4	1.1333574546432637	6.267584065975078E-4	1.2848318098987674E-6	1.3283616600396644
28400000	-9611.762637197142	-8717.691735013106	-894.0709021840362	-8547.926242174335	74.93332643245814	867.6429382792466	0.1718457143303786	0.7754291650137314	0.35846540407736777	0.08780906712756514	0.7514057492264269	0.08255087135176283	5.162780015341205	0.32892571632628964	4.178313108541704	0.3941719867726167	0.2809543377293836	0.7754291650137314	0.35846540407736777	0.08780906712756514	0.7514057492264269	0.08255087135176283	5.162780015341205	0.32892571632628964	4.178313108541704	0.3941719867726167	0.2809543377293836	7.085639986217508	0.2985644625060118	0.20388236468612922	0.21286620009379478	0.2846869727140647	0.5401087468017753	96.04316570075775	-879.5170330274484	7.956103590266065E-4	0.7520049534548678	5.863865913070198E-4	6.276515875042892E-7	1.099860248209074
28500000	-9614.633221376274	-8685.525463171358	-929.1077582049163	-8516.4310598859	71.56295271163306	992.3138962875105	0.09141297505551185	0.3708296217913061	0.44759901186740875	0.8034533770354461	1.2824220957479786	1.3237892754219602	0.5746468731132383	0.2928507272710999	3.5075819878826318	0.023469184210997758	0.3247378024882107	0.3708296217913061	0.44759901186740875	0.8034533770354461	1.2824220957479786	1.3237892754219602	0.5746468731132383	0.2928507272710999	3.5075819878826318	0.023469184210997758	0.3247378024882107	6.3741523755953216	0.2867253280006463	0.2157214991914947	0.21286620009379478	0.2846869727140647	0.5251796263284105	101.15052824788053	-917.7543827829957	6.439787504553744E-4	0.7905123648004845	5.659332296516935E-4	3.9564377143915623E-7	1.0698140978444568
28600000	-9660.466251489106	-8701.418674996701	-959.047576492404	-8534.160684126162	138.07168619625904	1354.0092156021149	0.12294954548359421	0.015165445612609489	0.1176455606780702	0.7185766089354113	0.7913004445994505	0.24361861838570276	5.1266339248331425	0.053921863044897406	3.2227262103862975	0.23652601185084246	0.5465675772016999	0.015165445612609489	0.1176455606780702	0.7185766089354113	0.7913004445994505	0.24361861838570276	5.1266339248331425	0.053921863044897406	3.2227262103862975	0.23652601185084246	0.5465675772016999	6.913348775650934	0.2879380287532048	0.21893488357211444	0.21042947542559792	0.28269761224908324	0.4476103405466098	142.44083544716486	-945.6702532102673	5.297248641889849E-4	0.8142871650687965	4.046473522152128E-4	3.321055587750651E-7	1.0872507601690728
28700000	-9670.55859837866	-8673.640698586803	-996.9178997918568	-8507.71864604607	148.1852027347971	1667.940945728137	0.06829475899382063	0.30517123123798506	0.12279527651769516	0.3628407354149324	0.05459318480863131	1.1337830183006696	0.9478283087278024	0.1935610772292645	5.849819835326702	0.06545248953490447	1.536437571323499	0.30517123123798506	0.12279527651769516	0.3628407354149324	0.05459318480863131	1.1337830183006696	0.9478283087278024	0.1935610772292645	5.849819835326702	0.06545248953490447	1.536437571323499	6.481875983237069	0.28981382239639625	0.19579177727000266	0.23035406237701864	0.2840403379565829	0.5108961430026708	149.18890368697552	-983.7395573138856	4.028670025580062E-4	0.7690355855827915	3.302279245901852E-4	1.4370963833770144E-7	1.0347924689188457
28800000	-9681.533318876433	-8689.517463318292	-992.0158555581401	-8521.93082069606	118.08495795336691	1562.122295235209	0.0702893094014415	0.5573841483193019	0.2484333312085865	0.5585557647376047	0.4224514593877845	2.2137746657812283	0.4555169659248916	0.03150207741715567	7.341532645122512	0.6857501746608567	0.10149592212408753	0.5573841483193019	0.2484333312085865	0.5585557647376047	0.4224514593877845	2.2137746657812283	0.4555169659248916	0.03150207741715567	7.341532645122512	0.6857501746608567	0.10149592212408753	5.694468774092246	0.3039630314633662	0.21152318312145552	0.21620485331004868	0.26830893210513007	0.4397534585911506	149.35288117328156	-977.1076134946762	4.1069844956739224E-4	0.7651115823261933	3.339536778904614E-4	1.847525845140629E-7	1.1237192346100853
28900000	-9608.466653941268	-8681.249276473982	-927.2173774672863	-8506.123204939375	96.8105001081224	1106.6888068915212	0.083723701465497	0.9549002950024579	0.029867178633892558	0.4773661638814584	0.28442750570593267	2.556775896051578	1.115510530107595	0.7219575420731288	5.187704043783607	1.2704772494324645	0.42410190775327555	0.9549002950024579	0.029867178633892558	0.4773661638814584	0.28442750570593267	2.556775896051578	1.115510530107595	0.7219575420731288	5.187704043783607	1.2704772494324645	0.42410190775327555	6.572248071536265	0.3039630314633662	0.20579933762918956	0.2113110829498339	0.27892654795761085	0.4223924738324025	95.62729137453529	-911.0549953256985	7.41240277148461E-4	0.9472309946173084	5.333103644455705E-4	5.253402995331983E-7	1.0136591719115997
29000000	-9647.148160166915	-8690.937657342178	-956.210502824737	-8519.936505546699	100.67448306776632	1255.907463501191	0.11983813699905795	0.33375762557676164	0.020034387374230068	0.18931252631364073	1.3845131132208852	0.3786063247621304	2.037729480558001	2.6520569631974005	2.7300023242117444	0.12040710283846663	0.07994544233981789	0.33375762557676164	0.020034387374230068	0.18931252631364073	1.3845131132208852	0.3786063247621304	2.037729480558001	2.6520569631974005	2.7300023242117444	0.12040710283846663	0.07994544233981789	5.6185603729064555	0.3037704180216172	0.214035071139541	0.20135823294524108	0.2808362778936012	0.4839102622460683	140.06448167242343	-944.234819244656	4.6549941840101725E-4	0.845571472904885	4.0072399034458376E-4	1.9312409451873214E-7	0.9568717507989921
29100000	-9614.770783752581	-8671.66849425953	-943.1022894930522	-8497.57183893853	97.59437720094537	1191.184190308461	0.11574868670270677	0.09260226308312572	0.5175343854174783	0.7561221828140073	1.0977793969752343	0.674416966424908	1.043720929144149	0.8336831002649903	2.232087616598457	0.743801011259251	0.3052363633158047	0.09260226308312572	0.5175343854174783	0.7561221828140073	1.0977793969752343	0.674416966424908	1.043720929144149	0.8336831002649903	2.232087616598457	0.743801011259251	0.3052363633158047	6.60906336015358	0.2998392019947592	0.21886136158233932	0.2155386829877168	0.2657607534351852	0.5010658833298995	104.37506630243676	-932.6832701695032	5.46690541815876E-4	0.8318653489751464	4.4896381930996853E-4	2.3686690604104714E-7	0.8855708300092299
29200000	-9628.116502636503	-8676.839437186854	-951.2770654496484	-8508.486513836264	117.3981465952748	1265.7879432451584	0.09185380721697842	0.10992950560255899	0.13683320612904884	0.20327236094118462	1.422468538269907	0.6738646495202907	1.8654930516716128	0.5510918901871555	3.089559035630321	0.48671650345180345	0.02066042293302417	0.10992950560255899	0.13683320612904884	0.20327236094118462	1.422468538269907	0.6738646495202907	1.8654930516716128	0.5510918901871555	3.089559035630321	0.48671650345180345	0.02066042293302417	7.60157482824622	0.31279498224053764	0.20378099041512246	0.21554113957991428	0.2678828877644262	0.5291915633924313	107.36588734846094	-939.54591546749	5.87465856690837E-4	0.9474764617291355	4.652478685596063E-4	3.658797543170951E-7	0.987950136156066
29300000	-9654.409000112037	-8688.91239896898	-965.4966011430572	-8525.384027115644	101.62931956167019	1301.1962662199953	0.10337486072317081	1.2885543214824793	0.013536178116788122	0.6141109509879038	0.5786483556444715	0.6296736723660572	4.845462124987359	1.3475608326752309	2.0443449978428285	0.24234149799570687	0.4699781817437261	1.2885543214824793	0.013536178116788122	0.6141109509879038	0.5786483556444715	0.6296736723660572	4.845462124987359	1.3475608326752309	2.0443449978428285	0.24234149799570687	0.4699781817437261	6.520484823601465	0.30573318155900714	0.2015530388692839	0.21414527084140564	0.2785685087303039	0.5291915633924313	145.60468428889922	-951.1921470459997	4.581246996287168E-4	0.76191896889942	4.242117435933018E-4	2.1153659720147353E-7	1.0176241571946802
29400000	-9658.96861824032	-8679.34949986891	-979.6191183714109	-8512.006641492453	89.04958818250512	1319.7054817418234	0.06829745434057082	1.0794256774174036	0.07009048241086395	1.2455145548587692	0.6252844956210594	0.767927562903323	1.2156539920152232	0.1326181270372755	1.7837391631206436	0.39371587085767745	0.5103468176010719	1.0794256774174036	0.07009048241086395	1.2455145548587692	0.6252844956210594	0.767927562903323	1.2156539920152232	0.1326181270372755	1.7837391631206436	0.39371587085767745	0.5103468176010719	5.743171879941765	0.28996201174234476	0.21030846363764213	0.21597651780187135	0.2837530068181423	0.5233685232183475	150.1616876711076	-968.8977269887268	4.783813800955514E-4	0.8660787836677122	4.231249783138408E-4	2.0337050111081676E-7	0.9374367042884749
29500000	-9673.342771899255	-8672.901578953699	-1000.4411929455557	-8508.486471110018	94.3843023369877	1414.4054896383973	0.058557076818634854	0.7378987091450888	0.16837771547617866	0.64967495911396	1.2007463916058023	1.7452346588933139	1.0437567637359306	0.4143274485027843	4.482085865126991	0.17902853276203534	2.7275299401492634	0.7378987091450888	0.16837771547617866	0.64967495911396	1.2007463916058023	1.7452346588933139	1.0437567637359306	0.4143274485027843	4.482085865126991	0.17902853276203534	2.7275299401492634	6.455120671657668	0.29266325658866016	0.21265337569230153	0.22677368571345083	0.267909682005588	0.604863289417561	142.43453094925786	-983.0445727203477	4.8163752654912313E-4	1.111152324826409	3.827880826082759E-4	3.687823056208548E-7	1.2674218176739698
29600000	-9594.059780211992	-8666.385956951017	-927.6738232609754	-8493.435450243373	80.1625645032042	1031.1054460171438	0.15962933215401498	2.537450791207871	0.2955442581592587	1.0958860308047833	0.9333663078683877	1.6978791780008722	2.082897893979752	2.014169476151279	4.37854507918144	0.1698158378759288	0.8071114079799123	2.537450791207871	0.2955442581592587	1.0958860308047833	0.9333663078683877	1.6978791780008722	2.082897893979752	2.014169476151279	4.37854507918144	0.1698158378759288	0.8071114079799123	6.178061663430984	0.28977216707733766	0.22077769790241217	0.21180236904662986	0.27764776597362084	0.610307945396136	112.7199265599812	-908.7986129664044	7.577080655359897E-4	0.9966105131321548	5.901397093270344E-4	7.427373148243565E-7	1.1336121184569974
29700000	-9653.633588096338	-8681.01391793163	-972.619670164708	-8508.934142021966	80.58986675010067	1261.034794570238	0.12394576654168689	0.09518104393122417	0.4403600140994606	0.7402090424467089	1.3447598767625122	1.337599845820364	0.45873112072853933	0.10407372958693034	5.133774924224057	1.5359828482757885	1.0899777948223466	0.09518104393122417	0.4403600140994606	0.7402090424467089	1.3447598767625122	1.337599845820364	0.45873112072853933	0.10407372958693034	5.133774924224057	1.5359828482757885	1.0899777948223466	6.547854173457623	0.28115371390623944	0.20926444951903952	0.23493775020068192	0.27464408637403964	0.6046685302178196	134.86430885627453	-957.7059574905882	5.648242692848107E-4	0.9030823681250457	4.3796767323481495E-4	2.4986560842205074E-7	1.0725119522065183
29800000	-9599.393116179428	-8689.286915465165	-910.1062007142625	-8522.874902908787	71.89697809169007	981.2361840240353	0.07259904548330938	0.34667173025756143	0.017699562553509254	0.03867550140288218	0.2794775044151312	1.158831083895232	1.9394098328666105	0.12826858708462463	2.974695229710583	0.35576876307129646	0.9070683265092829	0.34667173025756143	0.017699562553509254	0.03867550140288218	0.2794775044151312	1.158831083895232	1.9394098328666105	0.12826858708462463	2.974695229710583	0.35576876307129646	0.9070683265092829	6.265398252532975	0.2912526863503508	0.19929432737804825	0.2190115996041	0.2904413866675015	0.60003628043879	102.45504703834321	-898.8073935746255	6.851128838124017E-4	0.8760650118730515	5.931733963067883E-4	6.441313402588345E-7	1.2383254048431263
29900000	-9568.176294205346	-8678.450271826521	-889.726022378825	-8504.998977336742	107.61965705290135	1066.3967191576492	0.16934522567268576	0.12895658984237804	0.11726865369351301	0.4143551050481319	0.1398812114758535	0.33059704403299717	1.2677515579228074	0.19085687463309572	0.5830019134530385	0.09393124372024507	7.087197517417148E-5	0.12895658984237804	0.11726865369351301	0.4143551050481319	0.1398812114758535	0.33059704403299717	1.2677515579228074	0.19085687463309572	0.5830019134530385	0.09393124372024507	7.087197517417148E-5	5.823944881971909	0.28140437935678464	0.21542086711770334	0.22390037396427956	0.279274379561233	0.49342542880646384	94.66416610779267	-884.4871415097463	6.398601073591738E-4	0.9325056962419687	5.27507180172654E-4	6.942919230264061E-7	1.2074454050493832
30000000	-9544.575908531197	-8680.026868110675	-864.5490404205203	-8517.451885617313	83.19599698954818	856.3100823381592	0.12817911678163596	1.7696774702516376	0.035347042124785885	1.0573811449118382	0.04071736626991232	0.21908629634057827	0.6230879537881879	1.1117239282678313	3.3528029157827657	0.07678487609586311	0.07440020459658614	1.7696774702516376	0.035347042124785885	1.0573811449118382	0.04071736626991232	0.21908629634057827	0.6230879537881879	1.1117239282678313	3.3528029157827657	0.07678487609586311	0.07440020459658614	6.337288619264686	0.2857498114029578	0.20654277860687534	0.23041841456381987	0.27728899542634755	0.5151629056420864	79.63577422685387	-853.196551344241	7.875678128873002E-4	1.0900890297971912	6.464613094977329E-4	1.4588102638556458E-6	1.3536654505540116
30100000	-9542.513509819555	-8678.024291749845	-864.4892180697099	-8516.40173099912	59.003087189405626	743.140759219836	0.08512096890532958	1.7192238604291852	0.036425141611904674	0.8593123669872647	0.03800814372053002	0.9731960541559684	1.7528042012485958	0.0021200804570853265	2.859637951742571	0.08644363169652029	2.064342304320494	1.7192238604291852	0.036425141611904674	0.8593123669872647	0.03800814372053002	0.9731960541559684	1.7528042012485958	0.0021200804570853265	2.859637951742571	0.08644363169652029	2.064342304320494	5.968116908081825	0.3016879824627666	0.20202123298656635	0.20906192819871586	0.2872288563519517	0.37704419138076034	72.2720140983115	-851.0255789085483	9.159394037005814E-4	0.9684135390853411	7.282051581569784E-4	1.0859525019700304E-6	1.1567842355918803
30200000	-9646.183042757228	-8679.064818154933	-967.1182246022944	-8513.970175108769	108.43702846415775	1402.0199524891436	0.1117501004665654	0.0991720553108098	0.194244387555313	0.02455980614865911	0.7900542028132613	0.9535410574581491	2.874285681907788	3.4467611409147003	5.213708973359311	0.191800423283002	0.0681970532012838	0.0991720553108098	0.194244387555313	0.02455980614865911	0.7900542028132613	0.9535410574581491	2.874285681907788	3.4467611409147003	5.213708973359311	0.191800423283002	0.0681970532012838	5.7981724996484765	0.31998016034789295	0.1967966968762749	0.20573108054512235	0.2774920622307104	0.5461467867825609	140.96634016741592	-951.379295151653	3.910259851650764E-4	0.7652089248110573	3.888065819274368E-4	1.0713010321592589E-7	0.7911741354069195
30300000	-9652.69709305251	-8666.302157485712	-986.3949355667983	-8502.162877903776	104.07445539383161	1417.9449607938664	0.08954444683845601	0.154313266550681	0.178752473124172	0.6002911353604268	1.6381098511861376	1.6498395782984614	0.4867902574020823	0.030216731510134986	4.034916891889079	0.3378202192560423	0.08020644391796673	0.154313266550681	0.178752473124172	0.6002911353604268	1.6381098511861376	1.6498395782984614	0.4867902574020823	0.030216731510134986	4.034916891889079	0.3378202192560423	0.08020644391796673	6.743004152257234	0.3046772123538679	0.21833739849583766	0.20684594875843462	0.27013944039186044	0.5132915496114739	161.9836850253732	-974.4965233624386	4.504369455252556E-4	0.8308478552749943	3.9149054746493545E-4	1.7092301935907356E-7	0.9059228582090464
30400000	-9603.442573051716	-8679.51252531944	-923.9300477322763	-8512.388197980916	86.16977749585817	1108.9593859065426	0.1501671733847133	1.1620825113727675	0.20633279023627185	0.2663589366955059	0.6331486168560344	0.3573660835227056	1.7268419301097988	0.18088890670455493	7.028581998051222	0.2896541834441491	0.20646218106357078	1.1620825113727675	0.20633279023627185	0.2663589366955059	0.6331486168560344	0.3573660835227056	1.7268419301097988	0.18088890670455493	7.028581998051222	0.2896541834441491	0.20646218106357078	5.508765873470113	0.2786492497466321	0.2084357996093582	0.22559388307870218	0.2873210675653082	0.41652846205529614	92.47551568276674	-909.9366059925143	6.251235772125205E-4	0.9512193233668838	4.94824069619092E-4	5.594706002579304E-7	1.1789511415077156
30500000	-9605.752212974561	-8686.768746861078	-918.9834661134832	-8520.468874445605	99.98990571884421	1082.2993808565357	0.09691953702082164	0.11449319548768815	0.11148325598733272	0.18573877416022538	1.3960255042197853	0.501280881422843	0.5912091046500931	0.25037221823366035	2.2644824102896086	0.4746449389189853	0.2517247328214874	0.11449319548768815	0.11148325598733272	0.18573877416022538	1.3960255042197853	0.501280881422843	0.5912091046500931	0.25037221823366035	2.2644824102896086	0.4746449389189853	0.2517247328214874	5.4640538427710155	0.2872948664529698	0.2084357996093582	0.21434919994431736	0.28992013399335526	0.48515684460768227	111.94040171333968	-909.8909872054122	6.842084299356461E-4	1.0075930975051386	5.363580671083352E-4	6.858094347742628E-7	1.2101719204435208
30600000	-9621.426792583634	-8655.678927861201	-965.747864722432	-8494.985766000378	102.36511297171147	1181.052452108148	0.09185649363393943	1.3600587604373167	0.09246793593512917	0.1216458624631103	0.03680826709978724	1.0659881041338055	1.5004104654921566	0.5397912146393488	4.952129988607288	0.05900494974051326	0.7837730295112966	1.3600587604373167	0.09246793593512917	0.1216458624631103	0.03680826709978724	1.0659881041338055	1.5004104654921566	0.5397912146393488	4.952129988607288	0.05900494974051326	0.7837730295112966	6.884857053933399	0.29244721475797797	0.22602829831883264	0.2079102336368051	0.27361425328638495	0.6552666821643155	124.20885620051091	-952.191113286543	5.222742021427137E-4	0.9373578815618517	4.402632936494857E-4	4.033062887881174E-7	1.1698314947306938
30700000	-9632.488885937597	-8664.711625495394	-967.7772604422023	-8496.967205999701	90.44280751145655	1275.1371900832405	0.06971719458472561	0.20483885448290207	0.41127478467684386	1.2990791312876875	0.050372359988263816	1.520229566370306	2.1641673768608443	0.5694558253872969	4.46791416150707	0.4194000379821257	0.04228057669317412	0.20483885448290207	0.41127478467684386	1.2990791312876875	0.050372359988263816	1.520229566370306	2.1641673768608443	0.5694558253872969	4.46791416150707	0.4194000379821257	0.04228057669317412	6.434201265759481	0.3057020992277668	0.21918039673039183	0.21269016123413248	0.2624273428077096	0.531158646095072	155.69650754472636	-953.7645613987489	4.5224329115240775E-4	0.8149727648875059	3.9691851044560404E-4	1.6920320944379336E-7	0.9586584852688388
30800000	-9680.794304381337	-8689.817430654648	-990.9768737266903	-8523.008673171544	109.1693515358664	1525.818162530196	0.08766095088079975	0.33014885545917694	0.06643693877817479	0.34766598540295884	1.1588220176266002	1.4538147033333937	0.17904374994233474	0.25978605639026753	2.593587558118069	0.34054180718183086	1.779583763913227	0.33014885545917694	0.06643693877817479	0.34766598540295884	1.1588220176266002	1.4538147033333937	0.17904374994233474	0.25978605639026753	2.593587558118069	0.34054180718183086	1.779583763913227	6.7530676072985925	0.3122211977932765	0.19969136770672422	0.20907901608382157	0.2790084184161784	0.46804990718936584	167.09878966541342	-979.4176435385526	4.347248759512759E-4	0.9258236290303806	3.6096675989462856E-4	2.652674535527147E-7	1.126093200996167
30900000	-9616.019550216402	-8679.560631581078	-936.4589186353239	-8507.645192287533	131.93988478495157	1139.3638494065628	0.1264893698038409	0.3503999416134578	0.20049839472589162	0.517550190785478	0.2913445755639349	1.0302369817616868	1.5179458546427014	0.5358041039536977	3.7917786871324553	0.3975697568252382	1.220368073609737	0.3503999416134578	0.20049839472589162	0.517550190785478	0.2913445755639349	1.0302369817616868	1.5179458546427014	0.5358041039536977	3.7917786871324553	0.3975697568252382	1.220368073609737	6.560579428582186	0.3117757544843467	0.20608342741160293	0.20815742907235882	0.2739833890316922	0.4070762426600104	120.5645372846393	-923.7473604049696	7.091434732809056E-4	0.9484412371794214	4.88376353409057E-4	6.045558252514724E-7	1.2413602290013068
31000000	-9639.920329394305	-8663.201894954258	-976.7184344400467	-8495.959977603849	118.2573226008499	1438.570772632543	0.08351296580520169	0.08849903088023868	0.1432061034716036	0.24140491548142923	1.6482296397335965	0.6638029450415088	0.4644153441635944	0.00556628191801512	2.1003672333367236	0.7065447948325104	0.41007405161756505	0.08849903088023868	0.1432061034716036	0.24140491548142923	1.6482296397335965	0.6638029450415088	0.4644153441635944	0.00556628191801512	2.1003672333367236	0.7065447948325104	0.41007405161756505	6.3151625175486155	0.2947760855335301	0.20608342741160293	0.20815742907235882	0.29098305798250884	0.44381819640210635	154.39930172030662	-967.5081509421543	4.4910180961591487E-4	0.8748865024660422	3.8569902087906604E-4	1.66389353904726E-7	0.9319331091832678
31100000	-9666.90919472199	-8654.455440336118	-1012.4537543858714	-8491.891132832847	111.45290188190168	1658.0245906149232	0.05955620272157516	0.1790173070922107	0.010630720445685114	1.3103261920857974	0.25392819614368145	1.0282557784023771	1.2005704125398369	0.3298292385603589	3.855375541859477	0.07355361197101126	0.6690568850113541	0.1790173070922107	0.010630720445685114	1.3103261920857974	0.25392819614368145	1.0282557784023771	1.2005704125398369	0.3298292385603589	3.855375541859477	0.07355361197101126	0.6690568850113541	5.914613658005585	0.30696312426399236	0.20608342741160293	0.22751047897288332	0.25944296935152206	0.4550675435071864	194.90719192412502	-1001.036276765786	3.5218695669325645E-4	0.6964497129300011	3.127754812645295E-4	1.947049368255752E-7	1.205245709240322
31200000	-9696.309965709626	-8709.824483757278	-986.4854819523488	-8538.544980387145	104.24085642190272	1381.8770633948143	0.07396352510336018	0.039192604559234324	0.3983293835034626	0.46071349620540103	0.607900230691432	0.5967698905598967	1.3118472777355807	0.4053779256363284	2.512353077666967	0.4253539023056231	1.8524533162713472	0.039192604559234324	0.3983293835034626	0.46071349620540103	0.607900230691432	0.5967698905598967	1.3118472777355807	0.4053779256363284	2.512353077666967	0.4253539023056231	1.8524533162713472	5.418073881947964	0.2692806023550583	0.20985340040480382	0.23593273653185792	0.28493326070828057	0.6709375439082828	156.88058604679665	-975.0147362355539	5.625232443807967E-4	0.81184559129439	4.138482524850249E-4	2.7304163776850576E-7	1.022957957141063
31300000	-9617.65272145309	-8692.360505517538	-925.2922159355537	-8508.23107094548	106.87924603503846	1155.0095487318601	0.11665390136214816	0.8595312878775537	0.2675787930217814	0.44504644198687066	0.576928717000832	0.6925953785630674	0.985204453424671	1.4297661481535715	2.030018051281473	0.7098162356146442	0.5755664790977141	0.8595312878775537	0.2675787930217814	0.44504644198687066	0.576928717000832	0.6925953785630674	0.985204453424671	1.4297661481535715	2.030018051281473	0.7098162356146442	0.5755664790977141	6.29442004201869	0.28489500629608794	0.21630298978465565	0.2239628088713415	0.27483919504791554	0.5982554974371461	123.51834978520837	-914.800364488293	5.592879952596695E-4	0.7123496545863456	4.8439487212591627E-4	4.791316579699881E-7	1.2008156972538178
31400000	-9617.100528807616	-8672.75276577183	-944.347763035787	-8504.543046737715	106.77595108773576	1225.0737828819415	0.11571114080087395	0.9699090262342693	0.006007436452242333	0.4621573888338863	1.040878745499558	1.0263817960036956	1.700139241062188	1.6129337590831592	2.6074127751874276	0.11957810147090203	0.1630097662845561	0.9699090262342693	0.006007436452242333	0.4621573888338863	1.040878745499558	1.0263817960036956	1.700139241062188	1.6129337590831592	2.6074127751874276	0.11957810147090203	0.1630097662845561	6.8750062459951575	0.2954598529414739	0.21242667060616782	0.20690477167945534	0.2852087047729036	0.409084754553128	109.77116276083177	-932.659038527683	5.480198525275926E-4	0.7660814734548392	4.376402643266164E-4	2.627586599778804E-7	0.9063586889126639
31500000	-9623.305644690792	-8676.715125906858	-946.590518783935	-8512.148509555393	99.58357429879595	1148.46903357298	0.0722715668025463	0.09610039598019587	0.015543315854531939	1.3171107610892792	0.22238004485973262	0.9421623450123394	0.4313066523617245	0.26096432750494225	4.568770037763109	0.46068289901995224	0.23160766620508597	0.09610039598019587	0.015543315854531939	1.3171107610892792	0.22238004485973262	0.9421623450123394	0.4313066523617245	0.26096432750494225	4.568770037763109	0.46068289901995224	0.23160766620508597	5.845430401018093	0.2954598529414739	0.21758021393748042	0.2160383415069686	0.27092159161407775	0.5618901478474639	141.76041373324054	-934.6716956442398	6.093806939999172E-4	0.9554714556547347	5.133345868578928E-4	2.5672391774924035E-7	0.8738756717844207
31600000	-9644.071404132741	-8667.435696130275	-976.6357080024673	-8498.092495288884	116.10676501233463	1374.1140744924933	0.08628873281634866	0.46289116864363233	0.14599331374344304	0.10988979911623567	0.5345902234391805	0.25262758342774805	2.313948751564025	0.0574329131885856	8.88928432780959	0.5797662265304159	0.005810476778836746	0.46289116864363233	0.14599331374344304	0.10988979911623567	0.5345902234391805	0.25262758342774805	2.313948751564025	0.0574329131885856	8.88928432780959	0.5797662265304159	0.005810476778836746	5.823053336800582	0.28334408021883745	0.2212163964585337	0.20060913037859976	0.29483039294402974	0.5342385128448897	153.06207931045572	-960.7215832524575	4.1639535857647137E-4	0.8746744426356462	3.9435318016662366E-4	1.4612473694444982E-7	0.8763553239281123
31700000	-9697.33005579798	-8716.564421582885	-980.7656342150941	-8546.939408628066	114.83139516036086	1505.4475881707338	0.10528424892906048	0.1853103581851358	0.3440981377612471	0.19153906244773597	3.01810126774778	0.09210727838141453	0.8926407293479941	0.40134059742498285	3.3652539556795382	0.14681663553150656	0.05714399606751697	0.1853103581851358	0.3440981377612471	0.19153906244773597	3.01810126774778	0.09210727838141453	0.8926407293479941	0.40134059742498285	3.3652539556795382	0.14681663553150656	0.05714399606751697	6.874113804627466	0.3033445335667262	0.20645542487251925	0.19789513836246925	0.29230490319828595	0.5302081220524992	149.85507583720988	-970.2040485472437	3.9919683822096496E-4	0.648839434701587	3.508394050364892E-4	7.285192266644084E-8	0.6688166511487044
31800000	-9662.089400008459	-8693.176047901396	-968.913352107063	-8534.744093640224	119.72917589501483	1418.427460784126	0.06658359638676965	0.013858862031355964	0.08573840247966634	0.39072134144410037	0.007227483749395079	0.30016416135099405	1.5108400051673523	0.15587332512437538	3.2131413091772307	0.18613694608095407	0.3266044358077722	0.013858862031355964	0.08573840247966634	0.39072134144410037	0.007227483749395079	0.30016416135099405	1.5108400051673523	0.15587332512437538	3.2131413091772307	0.18613694608095407	0.3266044358077722	5.907784279329511	0.288113592707362	0.20645542487251925	0.19789513836246925	0.30753584405765017	0.4190334128377767	131.34364271381187	-960.016577787552	4.6967908730693444E-4	0.8327271943006576	3.9406426846529027E-4	1.2317761347706864E-7	0.7714507854904835
31900000	-9690.503339395102	-8682.761472299344	-1007.7418670957582	-8510.311293267603	138.98901710384706	1788.0700792281095	0.09615448798128552	0.2307230154500442	0.08203701568743084	0.2648185114193625	0.5141240607682976	0.8850942479605984	1.2694632244917219	0.5378490331162836	4.581762668451613	0.5923393560327507	1.1291232492177983	0.2307230154500442	0.08203701568743084	0.2648185114193625	0.5141240607682976	0.8850942479605984	1.2694632244917219	0.5378490331162836	4.581762668451613	0.5923393560327507	1.1291232492177983	7.0617128342274516	0.30562626839196355	0.19767768316646342	0.21808236562787625	0.2786136828136974	0.40628998230410385	202.56747247566332	-995.1776443248594	4.380411834967262E-4	0.7225226556386783	3.043248461275641E-4	8.102136425304101E-8	0.7507425423300195
32000000	-9707.37041212595	-8698.53085188755	-1008.8395602384004	-8530.98542969134	145.32359758187596	1778.5236810729148	0.0968504086281552	0.3910950703491363	0.13371135608539167	1.3047483783601426	0.8963171029844622	0.6557823487774538	1.1704794131894123	0.6462180358104087	3.674468335719664	0.3923272823552965	0.07169614028792966	0.3910950703491363	0.13371135608539167	1.3047483783601426	0.8963171029844622	0.6557823487774538	1.1704794131894123	0.6462180358104087	3.674468335719664	0.3923272823552965	0.07169614028792966	5.988944292536606	0.2801998541831169	0.19693198308465334	0.23242839246285316	0.29043977026937723	0.5903433493597963	188.0806961189172	-997.2443765874727	3.563227195582454E-4	0.7716557674923132	3.1198219038215214E-4	6.342537436732298E-8	0.7087159745356962
32100000	-9609.12135776603	-8653.639626120466	-955.4817316455636	-8495.507349966316	87.85834899829291	1264.461275276468	0.0791238380539845	0.5796307504112185	0.4326433806668161	0.08875929403310907	0.4159448885024579	0.0845391732482866	2.1390169489536976	0.2449153832095276	3.1417405345476985	0.17003313875789047	0.19326193319624974	0.5796307504112185	0.4326433806668161	0.08875929403310907	0.4159448885024579	0.0845391732482866	2.1390169489536976	0.2449153832095276	3.1417405345476985	0.17003313875789047	0.19326193319624974	6.154349009633808	0.2925952906613113	0.20696261869533733	0.22186677889816053	0.2785753117451914	0.6215483892342181	130.44501803360706	-944.904615016207	5.156228415751822E-4	0.9440113973568676	4.65843568859566E-4	1.2921316878808163E-7	0.7177630700084104
32200000	-9671.61798751914	-8682.851561266363	-988.7664262527757	-8511.802375903097	83.62626560471189	1304.5056982535943	0.05984693035772502	0.7596951767055553	0.17588764222887004	1.2562371665862002	0.5712614107864488	1.1462733758937917	0.5369189784798528	0.5870296495694731	2.192681660131073	0.3763501202951937	0.2608911458320516	0.7596951767055553	0.17588764222887004	1.2562371665862002	0.5712614107864488	1.1462733758937917	0.5369189784798528	0.5870296495694731	2.192681660131073	0.3763501202951937	0.2608911458320516	6.43431926345422	0.2958539652706552	0.21634222723869342	0.21860810428881658	0.26919570320183533	0.45310248516623003	144.20528092156852	-978.273345112788	4.972626658920066E-4	0.7003864932158689	4.3257166910804125E-4	1.4478522078421292E-7	0.8087135650410147
32300000	-9663.181337006845	-8681.002108540568	-982.1792284662762	-8514.67480614523	115.91733884160203	1413.9909502329547	0.07516100259778105	0.3616860997983941	0.15659347552961916	0.2614017536291334	0.5435884268414022	1.1971694045313452	2.053625929660909	0.369162548000031	3.070580029127413	0.7718132731707443	0.2619918454379611	0.3616860997983941	0.15659347552961916	0.2614017536291334	0.5435884268414022	1.1971694045313452	2.053625929660909	0.369162548000031	3.070580029127413	0.7718132731707443	0.2619918454379611	5.748118300197625	0.312594326285203	0.21634222723869342	0.20186774327426876	0.26919570320183533	0.5168519925264967	142.21466406549337	-970.6093295194491	4.7179518572888584E-4	0.7955164731065418	4.150921797630834E-4	1.0163789962197394E-7	0.7253403935483562
32400000	-9599.531548409748	-8679.791297682485	-919.740250727264	-8520.748881407533	106.23206351624111	1082.5983786891977	0.09275458484086063	0.5703351449137615	0.2745471619270897	1.0311827984732893	0.49307119456643816	2.062973378974499	0.6633828346771903	0.0020908975984337136	5.264460505631735	0.18847352002940307	0.6295601409567346	0.5703351449137615	0.2745471619270897	1.0311827984732893	0.49307119456643816	2.062973378974499	0.6633828346771903	0.0020908975984337136	5.264460505631735	0.18847352002940307	0.6295601409567346	5.958812744447565	0.299536659718579	0.21634222723869342	0.2045846251398145	0.2795364879029135	0.42854976910256465	93.71442395114765	-905.8244898242084	6.377500051432035E-4	0.9833333707778026	5.406343195233256E-4	3.9171869586367973E-7	0.9787555871214906
32500000	-9683.419745989097	-8700.23038374756	-983.1893622415365	-8529.31067008496	178.14733146907517	1620.2833785228022	0.12950594469923288	0.24391878190956193	0.09005113829735896	0.5108040048181232	0.16002171857783187	0.8485726111307957	2.9751407353905663	0.3979642460087594	3.5531996973526128	0.040863906929480574	1.1978439426647676	0.24391878190956193	0.09005113829735896	0.5108040048181232	0.16002171857783187	0.8485726111307957	2.9751407353905663	0.3979642460087594	3.5531996973526128	0.040863906929480574	1.1978439426647676	6.409721186719024	0.2994690906190374	0.21401848684578806	0.21120071906556742	0.27531170346960754	0.5139805414984973	162.56736149434664	-971.3025040553091	3.712328913681255E-4	0.7717780075524429	3.0985900710833226E-4	1.6391907888387038E-7	1.0717239105347416
32600000	-9634.030025303588	-8678.15684993958	-955.8731753640081	-8507.713486994544	138.3400498989963	1343.5151773759474	0.08793701670072114	1.987827955592425	0.0016167102034728054	0.5495208125066346	0.07673331800891386	0.6100060680943971	0.6838513915525721	0.18542989511577462	4.683067495756119	0.6816958058917187	0.1314946498450694	1.987827955592425	0.0016167102034728054	0.5495208125066346	0.07673331800891386	0.6100060680943971	0.6838513915525721	0.18542989511577462	4.683067495756119	0.6816958058917187	0.1314946498450694	5.6921627731768085	0.31226244603390324	0.2102266677504669	0.19711552028639656	0.2803953659292338	0.7755699026890648	140.13492598292876	-942.8892434098192	5.361687200576146E-4	1.0051665846348974	3.869991096766182E-4	3.1765756100653994E-7	1.081964891796053
32700000	-9616.49049755393	-8668.597629273585	-947.8928682803457	-8502.526636598453	94.6467390471649	1217.9126236829359	0.11206583404475973	0.32555289448502966	0.11118288061498557	0.07226580959404603	1.3469388169374783	1.7107958847220293	0.7649482667768502	0.3194064210925519	4.633671005002861	0.19208418254679469	0.9207035978045147	0.32555289448502966	0.11118288061498557	0.07226580959404603	1.3469388169374783	1.7107958847220293	0.7649482667768502	0.3194064210925519	4.633671005002861	0.19208418254679469	0.9207035978045147	5.937807319104422	0.29162511741772107	0.20326696144336445	0.21519809165922543	0.2899098294796896	0.483688791264109	122.18008227680201	-934.8341160782275	5.949230060427398E-4	0.9521121885755156	4.4581085175888726E-4	3.254790428823261E-7	1.0149523697738871
32800000	-9614.760393105904	-8680.535296523927	-934.2250965819763	-8511.026421472376	92.77294604311976	1100.4304690583092	0.116518396319137	0.05708085862093549	0.10072046467102079	0.47147049190020934	0.6840953201015353	0.05278760287233735	1.6680743372710192	0.35363603910274644	2.062857260306265	0.008323992050686901	0.1431546314759248	0.05708085862093549	0.10072046467102079	0.47147049190020934	0.6840953201015353	0.05278760287233735	1.6680743372710192	0.35363603910274644	2.062857260306265	0.008323992050686901	0.1431546314759248	6.208171035852933	0.3099801145317473	0.21073597802414162	0.20813486230087688	0.27114904514323473	0.472023412920445	90.79797355736945	-926.3762297070123	6.135804943661531E-4	0.8935311904610894	5.234807523337609E-4	3.4766333408047295E-7	1.0283312611711766
32900000	-9610.838198168634	-8679.833100808506	-931.0050973601282	-8511.93101011843	95.39386868718702	1231.3725460324765	0.12972897312605375	0.0876390630317327	0.047972236026270675	0.4735557187501006	0.7307534916795507	0.13015466904712225	0.28997599957878456	0.05063763368613816	1.0413927271922385	0.02726332965199402	0.19412682641766893	0.0876390630317327	0.047972236026270675	0.4735557187501006	0.7307534916795507	0.13015466904712225	0.28997599957878456	0.05063763368613816	1.0413927271922385	0.02726332965199402	0.19412682641766893	7.143904809167935	0.2846483284873971	0.20857913663253336	0.21336550617637617	0.29340702870369395	0.5371229616664416	108.38416076220007	-926.0888187676696	5.052892644681453E-4	0.7357751679721987	3.871753098983403E-4	2.840385293048934E-7	1.0731052602570124
33000000	-9652.023244507507	-8699.052001542223	-952.9712429652844	-8523.955080105003	118.35377995747109	1264.1678919284466	0.10012464153001409	0.010188180359721898	0.9047621997921775	0.07586447233972092	1.188633482869936	2.3853382669897574	3.106969396977787	1.1822426802346568	5.526464506861613	0.9880613642007474	0.12021322495115595	0.010188180359721898	0.9047621997921775	0.07586447233972092	1.188633482869936	2.3853382669897574	3.106969396977787	1.1822426802346568	5.526464506861613	0.9880613642007474	0.12021322495115595	6.966727436216034	0.2816098411963152	0.21417110883523302	0.22319771782994718	0.28102133213850516	0.5032968597542888	118.73276356949445	-934.8136083161164	5.747354866541275E-4	0.8748966744615362	4.1375581242070794E-4	3.0013234027747475E-7	1.0427692941146192
33100000	-9665.37994083393	-8691.295198706499	-974.0847421274294	-8521.626770385668	97.58487045072275	1352.2804699637786	0.09288731693639643	1.03472682010576	0.35472301363592684	0.3202823272532206	0.20135368968494646	0.5813142044197139	0.6477153106791084	0.29825110745769307	2.593659419696378	0.20088327175952655	0.6196964263805379	1.03472682010576	0.35472301363592684	0.3202823272532206	0.20135368968494646	0.5813142044197139	0.6477153106791084	0.29825110745769307	2.593659419696378	0.20088327175952655	0.6196964263805379	7.12218372292052	0.2816098411963152	0.2146190574595201	0.21185616896826687	0.2919149323758984	0.5648588109270071	138.8647552867693	-963.7141728039237	5.930607652325702E-4	1.0147866944539599	4.2318473138048765E-4	3.549613852306941E-7	1.0915049534043995
33200000	-9603.04126073408	-8674.018666860766	-929.0225938733142	-8513.069965124281	80.4513454070594	1045.7230465150715	0.0707921803814161	0.3585192897613317	0.016871508636765436	0.7644927928280917	0.19238242907913808	0.8055610058654029	0.2247259969818768	0.11885909105006624	2.2106244342751222	0.29438991520862395	0.0905053865965759	0.3585192897613317	0.016871508636765436	0.7644927928280917	0.19238242907913808	0.8055610058654029	0.2247259969818768	0.11885909105006624	2.2106244342751222	0.29438991520862395	0.0905053865965759	6.443239920547149	0.3124421524808553	0.2041704562471807	0.21262390133631442	0.2707634899356502	0.47593992203177515	118.23318896401125	-921.2764831623844	5.806900772418468E-4	0.7583700938895459	4.694631761693124E-4	3.7968821655610807E-7	1.152566888310803
33300000	-9602.265018084716	-8690.864110024639	-911.4009080600779	-8523.603792239564	79.0784382277506	955.5416385598324	0.16594577398504848	2.9944182851303527	0.008952580555733116	0.233114753060347	0.33457953211757785	0.1945192184342543	0.9011234622855914	0.016915270308526627	2.523545295731404	0.03675015229613012	0.9291065744606517	2.9944182851303527	0.008952580555733116	0.233114753060347	0.33457953211757785	0.1945192184342543	0.9011234622855914	0.016915270308526627	2.523545295731404	0.03675015229613012	0.9291065744606517	6.240979914920876	0.30283624085588035	0.1980545082137986	0.21559721144160793	0.28351203948871373	0.5515512324048557	120.72796402817538	-900.7947934943973	6.976630391178382E-4	0.8746176573747154	6.252206530711769E-4	6.8872437177197E-7	1.1277903452654285
33400000	-9661.340801946124	-8683.484016753699	-977.8567851924246	-8528.063352971827	110.8066093164697	1477.6849755997207	0.09795033828098412	0.19987608280392838	0.014713449323119954	0.2380164950261491	0.6688907302178676	0.3713569646225912	0.5229401625239926	0.1676751606642642	2.881423702418534	0.11369583338374582	0.1982672934169977	0.19987608280392838	0.014713449323119954	0.2380164950261491	0.6688907302178676	0.3713569646225912	0.5229401625239926	0.1676751606642642	2.881423702418534	0.11369583338374582	0.1982672934169977	6.5168396057367195	0.30283624085588035	0.1980545082137986	0.21559721144160793	0.28351203948871373	0.46690299274157776	168.34460177941074	-969.6458335729016	4.4959176697321383E-4	0.9110805155904715	3.526688885833116E-4	2.3346864318783333E-7	1.0608177496066704
33500000	-9656.181193589126	-8680.820958381755	-975.3602352073707	-8511.322359778253	126.36560016890824	1440.6209664704347	0.0771713851949494	1.1867068243298864	0.14029112284183462	0.9008913162650826	0.23395592048474295	1.1232504327493391	0.39443285497218045	0.24829473492363105	4.991384494899276	0.6366963763667477	0.4411694962463333	1.1867068243298864	0.14029112284183462	0.9008913162650826	0.23395592048474295	1.1232504327493391	0.39443285497218045	0.24829473492363105	4.991384494899276	0.6366963763667477	0.4411694962463333	5.000312352227428	0.2925276244745934	0.21250638345847633	0.21487090098486766	0.28009509108206315	0.4058411909843447	137.17912530832305	-962.8129937329145	4.6209543330839057E-4	0.8534163813359528	3.6849875093227685E-4	1.7918288886202785E-7	0.9688056164218986
33600000	-9609.089830813751	-8677.313282699199	-931.7765481145519	-8519.221688554491	81.11542712617796	1017.9924853583157	0.0850560077578598	0.960539917139641	0.2900495313364302	0.1773610094283851	0.5815946859443054	1.9521942409427562	1.3604711113135044	0.05442231112394681	3.17018419411144	0.08996482674291564	2.6215388821624037	0.960539917139641	0.2900495313364302	0.1773610094283851	0.5815946859443054	1.9521942409427562	1.3604711113135044	0.05442231112394681	3.17018419411144	0.08996482674291564	2.6215388821624037	6.2098470461503705	0.31286197860581133	0.20040736739417495	0.22319102697567006	0.2635396270243443	0.5080539730108459	116.30791391707643	-917.1596950572426	6.586892599844219E-4	1.0168629092037098	5.381234445869556E-4	4.219013643176204E-7	1.0643661940337534
33700000	-9650.830370903395	-8684.74056063807	-966.0898102653243	-8523.468060442105	103.66307612853402	1305.6866625302318	0.0999640425413642	0.1264225765670857	0.038938828139480214	0.12964606634078069	1.606285583041781	0.22040691877328686	1.5270605368399393	1.075285381317158	4.4805900789013675	0.2023566326412132	0.47218032370908575	0.1264225765670857	0.038938828139480214	0.12964606634078069	1.606285583041781	0.22040691877328686	1.5270605368399393	1.075285381317158	4.4805900789013675	0.2023566326412132	0.47218032370908575	5.589394380298902	0.310465561611913	0.19571015265231123	0.2160519952572569	0.2777722904785195	0.4308715093116208	123.84152558400798	-953.9284748094105	4.55784042248982E-4	0.9162025832580554	4.210284665571178E-4	2.1873576950328854E-7	1.034784613295674
33800000	-9681.628445841714	-8664.37421323679	-1017.254232604924	-8501.127053511898	128.24261084498704	1694.6532008170864	0.04815961443723704	0.06995007782894762	0.10648012898975308	1.6700999166471011	0.1407837103937449	1.0677457261288021	0.30266663559495216	0.03472553618926187	2.3823932810644397	0.30204526523210334	1.560197967040882	0.06995007782894762	0.10648012898975308	1.6700999166471011	0.1407837103937449	1.0677457261288021	0.30266663559495216	0.03472553618926187	2.3823932810644397	0.30204526523210334	1.560197967040882	6.58053274038841	0.28994636782280087	0.21347322337507232	0.19720374199752938	0.2993766668045981	0.4987122796784564	195.44152354434993	-1006.0497008889043	3.920191645764825E-4	0.8136393350651799	3.3974188565648073E-4	1.74566126702738E-7	1.034677701736761
33900000	-9642.699438986272	-8675.726701299303	-966.9727376869687	-8510.865584521976	142.88912571560155	1350.4554375252246	0.08454941866761907	0.3098450666442031	0.3030623601337763	0.18471714109824103	0.7334714951148481	1.1161745369934906	0.7994176268513569	0.47217545860271753	3.2435650261998905	0.6522017290617095	0.7543916913562836	0.3098450666442031	0.3030623601337763	0.18471714109824103	0.7334714951148481	1.1161745369934906	0.7994176268513569	0.47217545860271753	3.2435650261998905	0.6522017290617095	0.7543916913562836	6.371173824631118	0.3091891611065444	0.2136814983821504	0.20454586015159748	0.2725834803597085	0.6122407077936177	150.06407257668633	-955.067025886284	5.847612636227977E-4	0.9281272870846772	4.1636389168791063E-4	2.0682314766765517E-7	0.9180304976286012
34000000	-9675.369235075055	-8690.954738923085	-984.4144961519703	-8531.206125695375	100.95908169303776	1453.362712142003	0.052179620587573305	1.1455946652507782	0.457797261442716	0.24004931528436615	0.27762724717486903	3.007599028319423	0.08205882048138818	0.12713770751757975	6.2194551406835465	0.6692496111371461	0.21572904209518418	1.1455946652507782	0.457797261442716	0.24004931528436615	0.27762724717486903	3.007599028319423	0.08205882048138818	0.12713770751757975	6.2194551406835465	0.6692496111371461	0.21572904209518418	6.963562348230995	0.29468065426974094	0.210947123486326	0.223981338010532	0.27039088423340185	0.47439533921884175	142.1090701765806	-968.6612548069861	4.8592131419823026E-4	0.814877683439885	4.0389759958181455E-4	1.54920817727858E-7	0.831769588521175
34100000	-9597.168449300216	-8669.22874540742	-927.9397038927958	-8508.019189079356	75.63462994152985	1035.4654354734762	0.11897572873737532	0.43290875649134747	0.05016637635332031	1.6461533492803884	0.06501354048113604	1.3047025999578745	2.017660897529452	3.188073389516815	7.030816523723336	0.0685080834743086	0.8256471092930062	0.43290875649134747	0.05016637635332031	1.6461533492803884	0.06501354048113604	1.3047025999578745	2.017660897529452	3.188073389516815	7.030816523723336	0.0685080834743086	0.8256471092930062	6.206606674551127	0.29468065426974094	0.210947123486326	0.223981338010532	0.27039088423340185	0.48916108183067053	100.68951277182813	-909.3370568188443	5.984006375280424E-4	0.8057344931680993	5.310073629273983E-4	3.229666857875399E-7	0.9308644928227796
34200000	-9682.398099715549	-8662.220116878007	-1020.1779828375427	-8494.607445937727	118.74676051474323	1719.8452610936336	0.06787265546801895	0.3375914389589703	0.011760004453750054	0.08377012783095275	1.0153464692408867	0.5135441444739919	0.9418042180846674	0.15650170587216064	6.613669838237942	0.7485319108327879	0.718707240944843	0.3375914389589703	0.011760004453750054	0.08377012783095275	1.0153464692408867	0.5135441444739919	0.9418042180846674	0.15650170587216064	6.613669838237942	0.7485319108327879	0.718707240944843	6.134458100953682	0.32191734175621384	0.19597699336052327	0.2004999461997435	0.28160571868352013	0.48916108183067053	211.06390545500958	-1005.2989614979497	4.2715159640626245E-4	0.9933390177203596	3.4298850017607706E-4	2.1898371561765962E-7	1.0680036117555725
34300000	-9707.030035658694	-8697.900148126873	-1009.1298875318215	-8526.641883594693	108.11046062768253	1614.0651839366794	0.06407426862617178	0.2352723797216422	0.18836952648806063	1.5992135797480733	0.7226525368377011	2.038359088478193	0.2831919434162377	0.9684833908211585	6.308421483144724	1.4182931009545063	0.35389454744862764	0.2352723797216422	0.18836952648806063	1.5992135797480733	0.7226525368377011	2.038359088478193	0.2831919434162377	0.9684833908211585	6.308421483144724	1.4182931009545063	0.35389454744862764	6.022114210176739	0.2963115185887391	0.2098702955089124	0.2126635579294399	0.28115462797290935	0.4251978912270098	173.12093645406176	-992.8273929071499	3.9345290820840076E-4	0.63688264413782	3.213717056326266E-4	2.190484624058113E-7	1.217021292359227
34400000	-9722.065873671769	-8715.205181711408	-1006.8606919603606	-8544.012332533932	99.68231176598565	1486.549920232334	0.06298137250705842	0.5016115584756112	0.3525440574617564	0.6987027067611267	0.5875558577314285	0.6680901947596523	0.44583437260995795	0.36096412848036186	3.453816596107807	0.262322700760796	0.09231077737416067	0.5016115584756112	0.3525440574617564	0.6987027067611267	0.5875558577314285	0.6680901947596523	0.44583437260995795	0.36096412848036186	3.453816596107807	0.262322700760796	0.09231077737416067	7.171687826787612	0.2996220765058309	0.20616435344494521	0.22009312069246423	0.2741204493567604	0.65868241844029	179.24247621544075	-996.1809352104834	4.2796543767265245E-4	0.7696700781713668	3.8439532153403756E-4	1.9435955625860165E-7	1.0226868977938794
34500000	-9611.949430728791	-8671.900063737428	-940.0493669913635	-8512.85816347941	83.77642151582276	1109.2875020286904	0.06903024325807203	0.05014682202036758	0.44981336116363113	0.944451623334785	0.4548309132690301	0.5599861819986045	1.1778523886939447	0.40351105089976386	4.845097054885297	0.3325922824969051	0.5653684316064527	0.05014682202036758	0.44981336116363113	0.944451623334785	0.4548309132690301	0.5599861819986045	1.1778523886939447	0.40351105089976386	4.845097054885297	0.3325922824969051	0.5653684316064527	5.976499539341609	0.29584689755864296	0.19864110997094975	0.22246296311927727	0.28304902935113074	0.519949216149901	120.87485368963435	-926.3975153129247	6.196704794349938E-4	1.128915924344014	5.393041653991493E-4	2.2627320262718769E-7	0.7681036519374778
34600000	-9604.015858440482	-8679.50454681126	-924.5113116292217	-8514.03414291754	83.95219760624845	1066.5435247486118	0.16849214914385496	0.7890986337026945	0.01413410119105304	0.27010101114491203	2.5465888953195783	0.12584887763433342	1.8125288024233484	0.20175530744429207	1.8039007441021586	0.22747055215193102	0.825692315961422	0.7890986337026945	0.01413410119105304	0.27010101114491203	2.5465888953195783	0.12584887763433342	1.8125288024233484	0.20175530744429207	1.8039007441021586	0.22747055215193102	0.825692315961422	7.220740834334417	0.29584689755864296	0.21194011266382012	0.2091639604264069	0.28304902935113074	0.5395047621535017	105.6679705492497	-914.0847078044878	5.782561036315382E-4	0.7467070616794653	5.180697334970283E-4	3.191069131843275E-7	0.8958542934179289
34700000	-9654.116113383907	-8671.243194560757	-982.87291882315	-8507.822432599396	120.49699040400533	1400.0944328834826	0.07142648233405119	0.23838832168588925	0.37732622879807604	1.0185289739317986	2.6992920599164023	1.0956370081213476	3.1392083994886324	2.8134581965607595	5.239208402106837	0.804553149921675	0.11930872489983319	0.23838832168588925	0.37732622879807604	1.0185289739317986	2.6992920599164023	1.0956370081213476	3.1392083994886324	2.8134581965607595	5.239208402106837	0.804553149921675	0.11930872489983319	6.735973374775158	0.30129588154756715	0.20898868005272922	0.2121153930374978	0.2776000453622065	0.39641078326629486	164.40705717425723	-962.3199822397361	4.757784514749711E-4	0.8488185194107499	4.0712834971250514E-4	1.697326834628341E-7	0.8628558298923873
34800000	-9654.142388435203	-8672.025080827703	-982.1173076074998	-8504.952875896806	103.5846519983373	1423.098275120251	0.0659314323171107	0.34658826947071525	0.6082754371448799	1.0239090732483045	2.0246346358541114	1.637768646571687	0.7720740490620118	1.3178550365339414	3.0698129863748767	0.4771283683952315	0.4819720683329468	0.34658826947071525	0.6082754371448799	1.0239090732483045	2.0246346358541114	1.637768646571687	0.7720740490620118	1.3178550365339414	3.0698129863748767	0.4771283683952315	0.4819720683329468	6.445312643571704	0.28878750649445817	0.20898868005272922	0.21728059775297048	0.2849432156998428	0.5386810872706214	147.51145135705514	-967.8351682342737	4.7583694657522634E-4	0.6825004164719742	4.089883724445662E-4	1.183116650470518E-7	0.7294775451397839
34900000	-9641.98747524797	-8659.46694122698	-982.5205340209906	-8489.869514141865	108.58114893418698	1417.8878362652279	0.09015541464538018	0.5913089025905335	0.04031297153975289	0.7331182362739556	2.8015589442522684	1.059101659413312	2.370898151055637	1.94496396065357	4.251152602998335	0.1206595131524836	0.317383198308393	0.5913089025905335	0.04031297153975289	0.7331182362739556	2.8015589442522684	1.059101659413312	2.370898151055637	1.94496396065357	4.251152602998335	0.1206595131524836	0.317383198308393	6.053737987845161	0.3034638491336851	0.2085784809915626	0.20187222678008088	0.2860854430946721	0.43687863765547474	146.47868476882044	-965.860797166849	4.743010115487605E-4	0.8217667053690227	3.7008051003688036E-4	1.424870589721831E-7	0.9253779350684738
35000000	-9652.745184901481	-8682.262181930013	-970.4830029714677	-8510.19868892457	117.6840718347277	1437.8976227440871	0.1122656315239055	0.1680900343978941	0.02783496890457639	2.661174128237524	1.1066564616789418	0.768424041284115	4.649266690358034	0.11276316672352325	4.59282515842142	0.7946859332863805	0.8419117475655623	0.1680900343978941	0.02783496890457639	2.661174128237524	1.1066564616789418	0.768424041284115	4.649266690358034	0.11276316672352325	4.59282515842142	0.7946859332863805	0.8419117475655623	6.111845592710401	0.2957928673259223	0.21592243416515983	0.22269420549326457	0.26559049301565396	0.42428102648461574	155.51233776242313	-952.5668617259573	4.478204985576749E-4	0.8539370867409054	3.678404365054259E-4	1.7689251531592916E-7	0.9661237104210567
35100000	-9656.937834553892	-8695.419500084641	-961.51833446925	-8521.656396901973	114.73703245934792	1405.8434558114675	0.1380840394849911	0.017051182962211465	0.011581588034007486	0.9984287920503032	1.4261873326647454	1.9383774120892205	0.5299143422068382	0.6826242918979245	3.1859673462387748	0.47055180408434555	0.9390207958652657	0.017051182962211465	0.011581588034007486	0.9984287920503032	1.4261873326647454	1.9383774120892205	0.5299143422068382	0.6826242918979245	3.1859673462387748	0.47055180408434555	0.9390207958652657	6.1072336403695076	0.2963294396513231	0.20085984649633426	0.20440445382767386	0.29840626002466947	0.5902313982200497	144.04267841858763	-949.5196218726428	4.903714572648759E-4	0.7004104522348451	4.104522325443137E-4	1.549870991313271E-7	0.7953692044259434
35200000	-9676.889462453992	-8669.860995186096	-1007.0284672678952	-8507.494936927642	199.32108458907217	1746.2096169865729	0.06570250659798808	0.8927234462419915	0.0173360557099892	0.716802853428674	0.07176946711472669	1.035028032168426	0.8063737914813948	0.286156686730872	3.3944189020607816	0.3882181405776514	1.9330062046583816	0.8927234462419915	0.0173360557099892	0.716802853428674	0.07176946711472669	1.035028032168426	0.8063737914813948	0.286156686730872	3.3944189020607816	0.3882181405776514	1.9330062046583816	6.5056147405926605	0.2963294396513231	0.20675346278273293	0.2140426004906807	0.28287449707526396	0.5568522336673499	195.42193344089964	-994.4695041438214	4.3085011004909834E-4	0.7604358449256203	3.382510283163111E-4	1.1999235977018349E-7	0.8262935733993937
35300000	-9617.377995819463	-8656.602250067474	-960.77574575199	-8494.923782709811	121.32616072164141	1296.2176633582085	0.08727825156856543	0.5747717957454536	0.08868056698250616	1.5150168081106832	0.29305978683277256	2.449612302255132	0.3735513821352895	0.06148424413822638	5.637546981701758	0.31956387366864775	0.5380619714438429	0.5747717957454536	0.08868056698250616	1.5150168081106832	0.29305978683277256	2.449612302255132	0.3735513821352895	0.06148424413822638	5.637546981701758	0.31956387366864775	0.5380619714438429	5.9172078407841475	0.30137459148857343	0.20675346278273293	0.22764000883134472	0.2642319368973496	0.5413827518632424	143.65852774648783	-945.0534151050587	7.164540901602221E-4	1.1156543951140923	5.191238318330168E-4	3.8271816578097903E-7	0.9233558881372838
35400000	-9623.279011081167	-8686.324460189306	-936.9545508918624	-8516.176890881496	152.85330434522407	1267.8272688002182	0.06850560315226122	0.0391054281465581	0.2713559911299653	0.7179889594896898	0.39626198299639886	0.9169699662825296	0.4279716776869953	0.015319517244280783	1.9826893362811677	0.2474179332514053	0.728388146038463	0.0391054281465581	0.2713559911299653	0.7179889594896898	0.39626198299639886	0.9169699662825296	0.4279716776869953	0.015319517244280783	1.9826893362811677	0.2474179332514053	0.728388146038463	6.482047968095807	0.29289549147585003	0.19712717814819636	0.2227620818570105	0.28721524851894376	0.44981610088595436	118.98304887115134	-927.1255800231307	7.059590867091419E-4	1.1234989752945614	4.838055534364156E-4	2.8653585838968665E-7	0.8137180912279864
35500000	-9636.305261577652	-8680.279592315108	-956.0256692625443	-8513.377045053732	101.30093445557894	1287.8882323279408	0.1079666974584701	1.0893089137980705	0.016893168293957535	0.5642056488747125	0.11344384261415773	0.6332860592848617	1.6015109620680752	0.5050720383588051	3.326339868751264	0.4063862528934452	0.5451236046072291	1.0893089137980705	0.016893168293957535	0.5642056488747125	0.11344384261415773	0.6332860592848617	1.6015109620680752	0.5050720383588051	3.326339868751264	0.4063862528934452	0.5451236046072291	5.93218604025841	0.3001188141379836	0.2151106768674179	0.20560600118300756	0.2791645078115916	0.5745413474278631	138.20085657131332	-945.0206561912412	5.206875335500217E-4	0.7798907024146281	4.160252303395902E-4	2.0088308092624467E-7	0.8919605597809758
35600000	-9623.653920149425	-8684.048930836503	-939.6049893129216	-8506.30213685705	106.43349276843458	1119.50360380067	0.10084429763378161	0.9282229049239884	0.025313097030575223	0.3730736223952432	0.01828834605066123	1.6417617357379901	2.4570505951835213	0.986637728608266	2.7507161413623	0.5860376035415328	0.29304248186125575	0.9282229049239884	0.025313097030575223	0.3730736223952432	0.01828834605066123	1.6417617357379901	2.4570505951835213	0.986637728608266	2.7507161413623	0.5860376035415328	0.29304248186125575	6.422273536234172	0.2929621864777366	0.2151106768674179	0.21748238937462638	0.2744447472802198	0.5458343074557586	123.15334873696828	-927.2190677933581	5.925023423038676E-4	0.7675517976938477	5.186602411970615E-4	2.115690837061312E-7	0.7725449672385465
35700000	-9666.239532613807	-8666.13216858417	-1000.1073640296364	-8496.987879705555	110.63754696934603	1632.9582178119176	0.07428684308905888	0.32889974357461704	0.12439923097426017	0.4818703773642574	0.2277425602673527	0.6465033173122448	0.9629578546547178	0.18249760053576866	2.8952197644733464	0.3237922269428224	0.2635597446637037	0.32889974357461704	0.12439923097426017	0.4818703773642574	0.2277425602673527	0.6465033173122448	0.9629578546547178	0.18249760053576866	2.8952197644733464	0.3237922269428224	0.2635597446637037	6.089444329411832	0.3110922111301745	0.20670809437352863	0.20483334229869427	0.27736635219760325	0.40251680305499554	161.80860748059632	-990.9005927135617	4.815593105157704E-4	0.8242220791789422	3.6910674295180144E-4	1.6337770114828873E-7	0.8735705316143257
35800000	-9655.362724327606	-8676.040056194	-979.3226681336046	-8510.484878271862	118.73801148796898	1424.3585401636738	0.05961129623530854	0.7592332271500615	0.025890338821112035	0.7551885877453269	0.7434434221669459	0.09595405480514844	1.65301217451907	0.0035401646651865674	3.3000461548912883	0.36804933761657727	0.6283537990567859	0.7592332271500615	0.025890338821112035	0.7551885877453269	0.7434434221669459	0.09595405480514844	1.65301217451907	0.0035401646651865674	3.3000461548912883	0.36804933761657727	0.6283537990567859	6.510186643706308	0.3028151387057727	0.21356704320321626	0.21201095787069307	0.2716068602203186	0.5551443091122347	137.73010847935106	-967.3445552021838	5.694987557196173E-4	0.9338408585904464	4.089518930596423E-4	2.462320875738768E-7	0.9068984653743054
35900000	-9743.854336281589	-8706.367425068984	-1037.486911212606	-8533.016472159086	125.14723295738702	1775.1625466409032	0.09446098791527284	0.017616760648717547	0.1276470607259819	0.5421582027846951	0.1785288370781484	0.3725678538968984	0.37694009765383985	0.42264913854278774	3.0779909449659653	0.15154482554308962	0.014344481929216649	0.017616760648717547	0.1276470607259819	0.5421582027846951	0.1785288370781484	0.3725678538968984	0.37694009765383985	0.42264913854278774	3.0779909449659653	0.15154482554308962	0.014344481929216649	7.207986001060482	0.3125528840099472	0.20553566547054133	0.21030459029919354	0.2716068602203186	0.556370608440584	227.93261334807445	-1029.5383350830368	3.9042610719958236E-4	0.7138356705684	3.3864787364384897E-4	6.444354125239683E-8	0.7188651075394186
36000000	-9639.211574862877	-8697.536208671496	-941.675366191381	-8533.292277921868	110.29332210533325	1151.3576063115875	0.05870251865918866	0.09128397558992946	0.36172882185088095	0.8169352145357661	0.3083220452928844	1.1533584383705333	1.1990890498869837	0.08491734304137107	2.7882220174833594	0.23500042637757243	0.1440867684145063	0.09128397558992946	0.36172882185088095	0.8169352145357661	0.3083220452928844	1.1533584383705333	1.1990890498869837	0.08491734304137107	2.7882220174833594	0.23500042637757243	0.1440867684145063	6.0539683004977265	0.29063880341526177	0.21373223997975108	0.22707607282490136	0.26855288378008646	0.48851314365443294	109.07026982372726	-931.7428791110832	5.064328382416265E-4	0.8326000962225323	4.828840169507936E-4	2.448522968874767E-7	0.9166747283115959
36100000	-9676.56993578495	-8686.01038451761	-990.5595512673394	-8514.303859028616	150.62566708353086	1678.0032747053672	0.06596578058617833	0.17743511766796544	0.004737078830000255	2.3646564770333756	0.8235958166385361	1.0149035051387385	0.9559193759186533	0.07104595545013807	3.0620331581555087	0.19064104236882748	0.03900877811656728	0.17743511766796544	0.004737078830000255	2.3646564770333756	0.8235958166385361	1.0149035051387385	0.9559193759186533	0.07104595545013807	3.0620331581555087	0.19064104236882748	0.03900877811656728	6.542764731996678	0.304466684548558	0.20949878019465173	0.21007471084876775	0.27595982440802314	0.4741708046142316	158.7364357919883	-978.8037486681062	4.450017518812465E-4	0.8485293326328107	3.411776733794716E-4	2.10586309974376E-7	1.0130382878335429
36200000	-9680.94827450925	-8703.267022521195	-977.6812519880552	-8532.298359428218	114.57734370324722	1417.6802096152571	0.11314913506983082	1.6127283463700772	0.03175828884754188	0.028144360425829053	2.809732142743665	0.70308743073228	1.4544860825913422	0.22658184311148935	3.7597860467327253	0.24138525294931099	1.1662409657884472	1.6127283463700772	0.03175828884754188	0.028144360425829053	2.809732142743665	0.70308743073228	1.4544860825913422	0.22658184311148935	3.7597860467327253	0.24138525294931099	1.1662409657884472	6.117119472172477	0.283241428636128	0.21433042536831848	0.2162692454429033	0.28615890055265086	0.5198701802584792	138.40263047292098	-963.5519470054387	4.660481435619776E-4	0.8142099740838757	3.956301404160502E-4	1.440389401873686E-7	0.8049047770806982
36300000	-9665.843296156734	-8689.502470833348	-976.3408253233865	-8522.140918524605	107.67375321135913	1437.9975235935985	0.10071356407915923	0.04431317657568237	0.0539699068804039	0.62371067141353	0.32578929734498274	0.315135032263582	3.509637417672275	1.4228453975718665	2.277752335268704	0.1977485285016321	0.1167428456460443	0.04431317657568237	0.0539699068804039	0.62371067141353	0.32578929734498274	0.315135032263582	3.509637417672275	1.4228453975718665	2.277752335268704	0.1977485285016321	0.1167428456460443	6.248834805483714	0.304637787178839	0.21024447004328237	0.20786727546343373	0.2772504673144456	0.513604405846498	138.30930405244777	-965.3576697221199	4.730595611620479E-4	0.7460489908160417	3.9535459818690734E-4	1.470446337613403E-7	0.8249173037498844
36400000	-9653.857176983227	-8702.93633352426	-950.9208434589675	-8536.283560449918	88.9548368935702	1163.313569699095	0.08559199002180584	0.3346649991491091	0.2935232258392646	0.459857305682657	0.3612466900203532	0.9764856528486291	2.3676580117167663	1.043158960293782	3.540041688961426	0.07129394306571195	0.2543366479335053	0.3346649991491091	0.2935232258392646	0.459857305682657	0.3612466900203532	0.9764856528486291	2.3676580117167663	1.043158960293782	3.540041688961426	0.07129394306571195	0.2543366479335053	6.768192430568162	0.30445739839721137	0.2284521452708586	0.19509094578610955	0.2719995105458211	0.4481877692707014	108.39563915057404	-938.6971589909258	4.926792542382611E-4	0.8645492171358425	4.7573223676358907E-4	1.7031844161404887E-7	0.8290387913719344
36500000	-9645.479964648071	-8671.453594654726	-974.0263699933448	-8498.604782609033	108.35330348831974	1411.7552504632847	0.06190361761425484	0.13451537848372502	0.20709044052335598	0.4481563168292362	0.6369624830482274	1.3428826518700385	1.3714062469309887	0.2355819948303856	3.1377485729909576	0.5445904861382194	0.043030090803623904	0.13451537848372502	0.20709044052335598	0.4481563168292362	0.6369624830482274	1.3428826518700385	1.3714062469309887	0.2355819948303856	3.1377485729909576	0.5445904861382194	0.043030090803623904	7.410921845996192	0.2825048575508098	0.23616906500024518	0.214048043512412	0.26727803393653365	0.47538858558503144	153.63155047873863	-962.8031378730998	5.088882054692266E-4	0.7752706028504079	4.284327304230781E-4	2.4397421806086925E-7	0.9389730378773512
36600000	-9628.462605655046	-8684.994806211384	-943.4677994436629	-8509.276607343963	77.76008616569054	1098.8607369767492	0.1027236496468462	0.22640743017760692	0.16553615735385857	0.8989307401881468	0.19801456882503632	0.62920811815691	1.6657261172721305	0.37154859431177334	3.1902504497365194	0.3761862079210027	0.06342530658321548	0.22640743017760692	0.16553615735385857	0.8989307401881468	0.19801456882503632	0.62920811815691	1.6657261172721305	0.37154859431177334	3.1902504497365194	0.3761862079210027	0.06342530658321548	6.5380814417440565	0.29748734353429035	0.20182250120408968	0.2206064374528679	0.2800837178087527	0.5286164516496794	131.30698812154665	-933.3011091011404	5.96944034864839E-4	0.7521448931138959	5.375874523353192E-4	3.4954952731273413E-7	0.9404597025240762
36700000	-9667.432385305126	-8683.345843938709	-984.0865413664176	-8517.216026070124	113.21939515371044	1404.2820259854511	0.08098314396459007	0.11217672165180702	0.3311526185338609	0.6580894487443973	0.06804864301500323	1.0908661642965833	0.7879031218076437	0.10304570112333547	3.864130775587165	0.37688887812680644	0.23594237829819512	0.11217672165180702	0.3311526185338609	0.6580894487443973	0.06804864301500323	1.0908661642965833	0.7879031218076437	0.10304570112333547	3.864130775587165	0.37688887812680644	0.23594237829819512	6.655843898176164	0.3030930850644115	0.20182250120408968	0.20857266721014348	0.28651174652135597	0.5719532186120186	127.51067712487038	-973.9545827994916	4.690270053136832E-4	0.7633510122460141	4.3163957143753693E-4	1.7301817404556176E-7	0.8776447407116438
36800000	-9657.981971087203	-8671.654282034542	-986.3276890526616	-8506.912859188296	97.05169508120886	1372.8798680283653	0.07305894569373005	0.13880500833983345	0.31296529011536683	2.1013679494210113	1.180661643905883	1.6921983604703323	0.5223504423897951	0.2153747972611151	5.210193797910064	0.4693567303432517	1.893050072513618	0.13880500833983345	0.31296529011536683	2.1013679494210113	1.180661643905883	1.6921983604703323	0.5223504423897951	0.2153747972611151	5.210193797910064	0.4693567303432517	1.893050072513618	5.955765000172048	0.28408417736915337	0.2231468423212459	0.20588487787320658	0.28688410243639484	0.6042193130673685	138.96376408508056	-970.1267419367906	4.6228698337274994E-4	0.7535621441263183	4.109755630742821E-4	2.2235000107249348E-7	1.0266584412082558
36900000	-9662.432666265562	-8680.927848924946	-981.5048173406166	-8508.026525492007	97.51449484855641	1387.5962915230443	0.05560733269188096	0.5392467251693683	0.0487998403841967	0.4711145620590629	0.5787658495358309	1.0651789680658388	0.9458387133025798	0.08537028059339417	1.5983200187396682	0.05319634133736021	0.2381047511774972	0.5392467251693683	0.0487998403841967	0.4711145620590629	0.5787658495358309	1.0651789680658388	0.9458387133025798	0.08537028059339417	1.5983200187396682	0.05319634133736021	0.2381047511774972	7.37584175404042	0.305742238249127	0.20513552502457355	0.1982286464140189	0.2908935903122812	0.525041977450793	174.44703561855556	-971.8231856305896	4.56284894504574E-4	0.9546699473585277	4.116058871080203E-4	1.487664298775676E-7	0.7933865423432742
37000000	-9646.850289563487	-8688.706969997962	-958.1433195655248	-8521.934445298686	100.83827086899554	1301.3087530819778	0.0713730325281592	0.014739141521584892	0.08085175953563666	0.2923886933587112	0.2877835782484791	0.7786751403628115	1.6723065542640232	0.6319062677376232	2.311642433698192	0.35464610426113224	0.3821588506985509	0.014739141521584892	0.08085175953563666	0.2923886933587112	0.2877835782484791	0.7786751403628115	1.6723065542640232	0.6319062677376232	2.311642433698192	0.35464610426113224	0.3821588506985509	6.8017778706688885	0.29714254513164634	0.19349802139204353	0.21648659425679334	0.29287283921951746	0.49172671160268	143.55153870849927	-948.8835107142634	5.024487483055911E-4	0.6507558853315203	4.289025895907616E-4	1.19783673529123E-7	0.7063412930430923
37100000	-9648.048369624636	-8676.446165290205	-971.6022043344316	-8504.974140153852	103.8786695883272	1394.4189269419412	0.0606160924202566	0.043970743175480574	0.020762757870249116	0.595457319745655	0.6044887317193428	1.3440535356447656	0.465360898555179	0.11969241297954106	2.950651132645536	0.5055563684537661	0.48968785441174545	0.043970743175480574	0.020762757870249116	0.595457319745655	0.6044887317193428	1.3440535356447656	0.465360898555179	0.11969241297954106	2.950651132645536	0.5055563684537661	0.48968785441174545	6.665961800595012	0.3040836929307864	0.21406788602597887	0.20787616120046917	0.2739722598427663	0.5410441417511337	155.62493327014002	-961.5091882799532	4.4046829241770383E-4	0.7619990816354808	3.77400083818071E-4	1.1757992479568574E-7	0.8043549161103958
37200000	-9635.961367959699	-8670.215909347506	-965.7454586121925	-8501.287636225756	125.16303060219778	1419.89989416089	0.13135203356050745	0.04818785378631471	0.3595996126972542	0.8797708418121482	4.986303604720377	1.526419697482659	1.1579448966738741	0.3119930128371945	7.567290079803914	0.2927694915056877	0.279644629597588	0.04818785378631471	0.3595996126972542	0.8797708418121482	4.986303604720377	1.526419697482659	1.1579448966738741	0.3119930128371945	7.567290079803914	0.2927694915056877	0.279644629597588	5.5980823727432485	0.3033012287559957	0.20617647164809408	0.20787616120046917	0.28264613839544184	0.5832768393677314	144.62496322674122	-945.5270322222126	5.440482218022163E-4	1.0214192109319753	4.2420794855838826E-4	3.1584739020092465E-7	0.9549375067513344
37300000	-9673.538837482394	-8689.714651978915	-983.8241855034794	-8514.918766383811	144.77196891161861	1626.008268993941	0.07238673458484206	0.11480276575393615	0.17628093017376514	0.020337260454024928	0.8027776769059042	1.5993201539927853	0.805523657155976	1.6346368253368355	5.528094869092202	0.5085256985743276	1.356887290293225	0.11480276575393615	0.17628093017376514	0.020337260454024928	0.8027776769059042	1.5993201539927853	0.805523657155976	1.6346368253368355	5.528094869092202	0.5085256985743276	1.356887290293225	6.368581229120698	0.3043674782684446	0.20699512759111066	0.213590903768066	0.27504649037237944	0.5925571666596761	166.3056710696212	-968.4162088933382	4.0766809324259743E-4	0.8158859658355253	3.281623483035104E-4	1.3490886729307345E-7	0.8659471374308985
37400000	-9655.030081005349	-8691.980854775447	-963.0492262299011	-8524.657680769258	111.02370957498304	1376.897847727958	0.08290683955088864	0.12545681540388975	0.0027381389388645675	0.004494369998780648	2.3344247309826436	0.4089607409665645	0.43472186589745493	0.22077173908114783	4.999969243559714	0.7060735536433781	1.0232681675612092	0.12545681540388975	0.0027381389388645675	0.004494369998780648	2.3344247309826436	0.4089607409665645	0.43472186589745493	0.22077173908114783	4.999969243559714	0.7060735536433781	1.0232681675612092	5.226173390653477	0.30075920982434245	0.22464132390930708	0.21506612636946507	0.25953333989688615	0.40391254191709414	126.11237882078733	-949.9308643911932	6.064400616813157E-4	0.9915411605490118	4.0597571536585785E-4	3.2000580122185273E-7	1.0604767434921207
37500000	-9725.212352414888	-8710.309430932022	-1014.902921482867	-8546.452514907332	109.33731572530127	1616.9322967968967	0.09563310709160824	0.311957260794704	0.08902610061042947	0.023192193472163572	2.8833960636762437	0.3204432081933438	1.4244994108219569	0.23936935143902632	2.5835115949828644	0.2279661328081799	0.5191678243219491	0.311957260794704	0.08902610061042947	0.023192193472163572	2.8833960636762437	0.3204432081933438	1.4244994108219569	0.23936935143902632	2.5835115949828644	0.2279661328081799	0.5191678243219491	5.921321953365867	0.3022158346695647	0.20333537308680727	0.20949978144484677	0.284949010798782	0.3777248936004953	168.82014116902158	-1004.6369271835688	3.536619643299821E-4	0.6698215302366496	3.178056364941096E-4	1.0650884490543866E-7	0.9396733132711071
37600000	-9658.93861581404	-8675.27559167103	-983.6630241430108	-8509.2708232545	98.6600688869204	1389.818755568358	0.06045030009760649	0.09694563903370908	0.5187726717325761	0.7378236599889878	2.8161997246327815	1.1930568218029485	1.7778510840761037	0.007520606831075196	5.882966396145447	0.728720273318346	0.06406085607683565	0.09694563903370908	0.5187726717325761	0.7378236599889878	2.8161997246327815	1.1930568218029485	1.7778510840761037	0.007520606831075196	5.882966396145447	0.728720273318346	0.06406085607683565	6.614486047951201	0.3109656056368688	0.20333537308680727	0.20105495037726206	0.2846440708990626	0.5362636461242191	167.6915987229233	-966.6600461084337	4.496572600445179E-4	0.7841362678688935	3.8550863567098526E-4	1.8845700026651627E-7	0.9334463368315046
37700000	-9669.684431345146	-8692.843820825286	-976.8406105198585	-8511.102021641142	115.64407964898838	1561.1589989224192	0.1159907085167946	0.0037796134025586594	0.17601293053596767	1.3877151471611715	1.9241529485767022	1.006759928313802	0.34968985669722413	0.9546490209988079	1.5457487606366545	0.9442541238526271	0.0613495119756536	0.0037796134025586594	0.17601293053596767	1.3877151471611715	1.9241529485767022	1.006759928313802	0.34968985669722413	0.9546490209988079	1.5457487606366545	0.9442541238526271	0.0613495119756536	5.307495203411361	0.29394963240793864	0.20162872697531176	0.22137832182079553	0.2830433187959548	0.4982371868889768	132.84734645741082	-966.2217078476965	5.165577497038142E-4	0.9159851178771931	3.5927184552332386E-4	1.4288091710300605E-7	0.8097446125959308
37800000	-9684.70023001464	-8668.821320244197	-1015.878909770443	-8504.557101639077	124.8367639728318	1763.4593300500594	0.06240617816915589	0.019805077787160157	0.06413209710682188	0.05638974471055211	0.6000127615364487	0.6787198504128128	1.3988972600084506	0.7187661915104785	2.206486338477919	0.3452561505260827	0.7670946052071388	0.019805077787160157	0.06413209710682188	0.05638974471055211	0.6000127615364487	0.6787198504128128	1.3988972600084506	0.7187661915104785	2.206486338477919	0.3452561505260827	0.7670946052071388	6.129416046682893	0.2978192877795371	0.2073911372644328	0.21061282500813477	0.284176749947896	0.5034359312119827	207.006229454271	-1005.9876461321188	4.0865443138409484E-4	0.7830159313688648	2.9558211748105816E-4	1.512547066784516E-7	1.0014746298471646
37900000	-9751.973599950801	-8681.748103667025	-1070.225496283776	-8508.045612585554	194.36773759841978	2370.427185690574	0.09042489705231417	0.2199012867006598	0.04850685630672201	0.17350164278296099	3.049858058796186	0.5392916621936857	0.4069876234294639	0.2976209859383234	3.288606005196244	0.1948819629309437	0.4076915184979266	0.2199012867006598	0.04850685630672201	0.17350164278296099	3.049858058796186	0.5392916621936857	0.4069876234294639	0.2976209859383234	3.288606005196244	0.1948819629309437	0.4076915184979266	6.168719248229765	0.306578414287681	0.19827325228359946	0.21650778400969128	0.27864054941902894	0.5828040130331806	285.86744799788266	-1059.1784528852959	2.9780229503630236E-4	0.6794606700947763	2.474446671919518E-4	5.998042648330084E-8	0.8056275379537232
38000000	-9679.190260590016	-8681.023793876386	-998.1664667136303	-8505.238269291167	112.97427083932084	1507.6767036511349	0.07646584623314828	0.8774218801234175	0.023513980599271317	1.4499189467560114	1.6067484098361775	2.0983158050552424	0.008847847478194205	0.819281581265749	1.906352217849328	0.3448765323357657	0.24790387297784935	0.8774218801234175	0.023513980599271317	1.4499189467560114	1.6067484098361775	2.0983158050552424	0.008847847478194205	0.819281581265749	1.906352217849328	0.3448765323357657	0.24790387297784935	6.376313320264803	0.3021592194913293	0.21584653716330565	0.20923877686518108	0.27275546648018467	0.6532400207523814	162.4347836521769	-986.2101510478903	3.7612793924854507E-4	0.7629710214869454	3.455862894926978E-4	8.279168078821827E-8	0.7465986581110596
38100000	-9660.803745666997	-8696.335829294942	-964.4679163720559	-8520.080581309812	127.4733205526261	1452.0929203469075	0.1098900115957168	0.20086349233540232	0.37310693930545735	0.34849343100802804	0.6944370193264341	0.34124071841095943	1.2775946286038127	0.13427050380601926	3.107042250305356	0.16435960386334067	0.6541824044073723	0.20086349233540232	0.37310693930545735	0.34849343100802804	0.6944370193264341	0.34124071841095943	1.2775946286038127	0.13427050380601926	3.107042250305356	0.16435960386334067	0.6541824044073723	6.891467134917201	0.2932862781466878	0.20618595027419848	0.22229648027769885	0.27823129130141555	0.5719815700875456	144.77977037438689	-954.5984000176754	4.572182619836501E-4	0.8683132937091304	4.0092578940054027E-4	1.2903011791363717E-7	0.7824666169404509
38200000	-9639.84957317082	-8678.421750610984	-961.4278225598365	-8514.576829996204	94.45715231180205	1238.3849265652484	0.09186640807934904	0.11845285039097019	0.3697010902403507	0.9579441793700164	0.35776819103093765	0.7267649872923478	3.115039628440959	0.6958365809123532	7.966509289478764	0.3404974619701197	0.6675410631976282	0.11845285039097019	0.3697010902403507	0.9579441793700164	0.35776819103093765	0.7267649872923478	3.115039628440959	0.6958365809123532	7.966509289478764	0.3404974619701197	0.6675410631976282	6.507525158428342	0.2983155130210335	0.20882240303070165	0.20899940648233375	0.2838626774659318	0.48765768676414445	136.09173018577334	-943.4517975795405	5.727189683629807E-4	0.8161667944615144	5.012562211461597E-4	2.080217238313718E-7	0.8175131981044077
38300000	-9556.700481381562	-8676.564900311063	-880.1355810704998	-8512.42681143996	71.72850108784488	861.4583693757165	0.14384027302293798	0.3548016900493004	0.17846873823839413	0.5277543992071104	2.798470262295915	0.6645728357364363	0.8051004101445942	0.05260065407342545	3.428863721312548	0.8554226185704505	0.24036983771215617	0.3548016900493004	0.17846873823839413	0.5277543992071104	2.798470262295915	0.6645728357364363	0.8051004101445942	0.05260065407342545	3.428863721312548	0.8554226185704505	0.24036983771215617	6.087324471273482	0.3143504000429128	0.20988913083797692	0.2081936746502298	0.26756679446888115	0.4044844026325971	85.72211281092963	-868.0010493011517	8.384038404886097E-4	0.8525505684253818	6.689426994738655E-4	6.885046902278905E-7	0.9827996941739502
38400000	-9639.63678915724	-8683.494373432433	-956.1424157248067	-8521.409730154508	139.62181824073673	1453.171271633875	0.05438990619927068	0.22166848696876387	0.767573256679071	0.12427998020472009	0.11832325737105044	0.7273701889039034	1.3635764987308503	0.5054134968615153	3.1180640782166136	0.017829264314746438	0.9924504555869039	0.22166848696876387	0.767573256679071	0.12427998020472009	0.11832325737105044	0.7273701889039034	1.3635764987308503	0.5054134968615153	3.1180640782166136	0.017829264314746438	0.9924504555869039	6.698497544273916	0.3010632087398147	0.21717797080633008	0.1993259564007114	0.2824328640531445	0.6308426057817341	135.74178975433017	-944.1158739549497	6.478577606945934E-4	0.9279871221154785	4.073691627250207E-4	4.7095086931443906E-7	1.1568369322792615
38500000	-9731.819020057475	-8695.785338466341	-1036.033681591135	-8525.94896293378	154.95048662472726	2094.204990467589	0.0821909047101421	0.2230363150254683	0.15602758062074157	0.14466209799434998	1.2150980477125217	0.3586917094223017	0.15753183929029196	1.2112561180782593	2.855406140438654	0.1349295959257605	0.24091794178390147	0.2230363150254683	0.15602758062074157	0.14466209799434998	1.2150980477125217	0.3586917094223017	0.15753183929029196	1.2112561180782593	2.855406140438654	0.1349295959257605	0.24091794178390147	6.251844870510844	0.30039893612572655	0.21061418358910866	0.206554016232021	0.2824328640531445	0.5030191742137385	237.68329759894152	-1026.2015818591638	3.8255503620231905E-4	0.8930857396571098	2.734528937141081E-4	1.2071346854736538E-7	0.9937262022089232
38600000	-9754.975910825056	-8676.3269920816	-1078.648918743457	-8504.115605558689	209.35968998622656	2632.2220629443573	0.059814131622148645	0.0864063877092803	0.20651984468613444	0.3028410727301079	0.6590771637264246	0.8282292287676672	2.3667527553944074	0.7861942136318985	3.1130913203261152	0.4578115859960808	0.2848597499891212	0.0864063877092803	0.20651984468613444	0.3028410727301079	0.6590771637264246	0.8282292287676672	2.3667527553944074	0.7861942136318985	3.1130913203261152	0.4578115859960808	0.2848597499891212	6.565873880102742	0.2845677914892545	0.20686552294957572	0.2205023306933282	0.2880643548678423	0.4626497928926733	301.4704207178826	-1065.9828884616875	2.8525377617617456E-4	0.8868477710506154	2.103488388577515E-4	8.717113247184548E-8	0.9966047556826605
38700000	-9663.06904798128	-8671.430553350616	-991.638494630665	-8504.626620297178	90.08603085494201	1369.8573747365915	0.08024191403792737	0.23303522813429847	0.4199757451791115	0.034839143482816755	0.11768862256945979	0.5937949914061204	2.223098211650287	0.2663422287157367	4.961219871952709	0.5317381316645043	0.5666714117494496	0.23303522813429847	0.4199757451791115	0.034839143482816755	0.11768862256945979	0.5937949914061204	2.223098211650287	0.2663422287157367	4.961219871952709	0.5317381316645043	0.5666714117494496	6.432786153675708	0.2948938090046461	0.2065134789300804	0.20689870297274118	0.291694009092533	0.4883916394937864	160.83407881882738	-979.5750751285939	4.51961056057238E-4	0.6287990499034276	4.0280315077907247E-4	1.457051966967733E-7	0.8776575049118631
38800000	-9687.596086104833	-8698.918166117566	-988.6779199872672	-8525.932058406383	98.30194868166768	1471.6070057902512	0.11552601126072755	0.5786984808842123	0.13761563633985394	0.09885492364428383	0.9944165586126512	0.41901222027576795	1.0433676702721755	0.1447792785650626	2.8112252817058954	0.7579807087142221	0.2454699920123517	0.5786984808842123	0.13761563633985394	0.09885492364428383	0.9944165586126512	0.41901222027576795	1.0433676702721755	0.1447792785650626	2.8112252817058954	0.7579807087142221	0.2454699920123517	6.964266729782456	0.309243345744339	0.20454591228406888	0.18967218283063902	0.29653855914095384	0.4206962837310482	172.84947922697182	-979.3368800686351	3.8931880215454644E-4	0.7258270926864309	3.4055777435367093E-4	1.491522472213181E-7	0.9563812069538489
38900000	-9739.043195738983	-8701.519060805307	-1037.5241349336754	-8529.063586295557	190.11270502267547	2086.2730457734197	0.07115912377870684	0.19633865841079912	0.1778573367002218	0.17709423158264323	0.6708733684420455	0.4400163827597454	3.286467346722329	0.7748330975078596	3.015471651872294	0.22064516775224777	0.4675285962810151	0.19633865841079912	0.1778573367002218	0.17709423158264323	0.6708733684420455	0.4400163827597454	3.286467346722329	0.7748330975078596	3.015471651872294	0.22064516775224777	0.4675285962810151	6.119996144595183	0.30904339627504973	0.19942786994817308	0.22503238690698746	0.26649634686979046	0.5328137862512614	227.67921279871783	-1025.4431292647364	3.09593486806698E-4	0.7477680133163531	2.6135310465808887E-4	7.627933489503001E-8	0.8482638338056538
39000000	-9597.8425205208	-8688.724482619122	-909.1180379016789	-8519.64445876294	88.09717133242914	1069.0159891420792	0.10721510601607584	0.165201310291679	0.10955766871446754	0.6397711343629059	0.38968165888990347	0.8233209511234378	0.11214571008435019	0.26219397250766036	1.9417100907545215	0.021236936852174086	0.4332433832012996	0.165201310291679	0.10955766871446754	0.6397711343629059	0.38968165888990347	0.8233209511234378	0.11214571008435019	0.26219397250766036	1.9417100907545215	0.021236936852174086	0.4332433832012996	6.246197439547927	0.2910150908846987	0.20724566358639593	0.2103096775957916	0.2914295679331145	0.4228971489191367	115.12368150988056	-901.4033969825409	7.087100770119469E-4	0.9240019391721442	5.059009127968218E-4	3.4828346101671593E-7	0.905908141354732
39100000	-9661.701561024714	-8665.402563899092	-996.2989971256233	-8508.151549382817	128.1757200336213	1640.1087863435162	0.07145011517323319	0.01614441656704222	0.14981013915272653	1.6612713463884647	1.4490670693422916	0.699326845187731	1.9350815243131103	0.0840661522503178	4.137660279285013	0.4046942707953438	0.30473968682840363	0.01614441656704222	0.14981013915272653	1.6612713463884647	1.4490670693422916	0.699326845187731	1.9350815243131103	0.0840661522503178	4.137660279285013	0.4046942707953438	0.30473968682840363	5.941566776921491	0.304470598115085	0.20056689543785694	0.21744134838044868	0.2775211580666101	0.5460775980827951	165.15217489074098	-982.6405106120079	4.270832412806581E-4	0.8290349754470574	3.5345362310539464E-4	1.5422575703819437E-7	0.8833087270148766
39200000	-9636.632255959907	-8685.625877491757	-951.0063784681499	-8517.67704587704	92.52002365581971	1233.2429481320066	0.07804117639637437	0.3989687692712592	0.5742914805433275	0.21099421128710663	0.22335616625064278	0.7050086341075339	0.3070534522258664	0.7269773688791112	4.374555540650441	0.29137639478461164	0.36851698722555093	0.3989687692712592	0.5742914805433275	0.21099421128710663	0.22335616625064278	0.7050086341075339	0.3070534522258664	0.7269773688791112	4.374555540650441	0.29137639478461164	0.36851698722555093	6.204093400267044	0.2909396174226075	0.21310982568346395	0.21239177595551068	0.2835587809384186	0.5794630183223798	116.08238338390899	-940.5854818329063	5.041513616766941E-4	0.723583697580821	4.8366961091796264E-4	2.6746146913525594E-7	0.9291241937427709
39300000	-9630.147977658557	-8685.044470531375	-945.1035071271824	-8526.340078055153	98.6168160188685	1167.7556819082251	0.06349338727568705	0.36377412670681386	0.24690002364836958	0.04006884659220075	0.008525333140493247	0.7085802471756414	0.6933875281862777	0.16457259079114092	2.352246465650939	0.2829327689310495	0.2578242338540504	0.36377412670681386	0.24690002364836958	0.04006884659220075	0.008525333140493247	0.7085802471756414	0.6933875281862777	0.16457259079114092	2.352246465650939	0.2829327689310495	0.2578242338540504	5.795892281828047	0.3014126563447043	0.20723370457257867	0.19444832291151387	0.2969053161712039	0.5175661511076647	128.24460003519548	-936.9849621452258	5.945163731401248E-4	0.8004373499418896	4.835267622416776E-4	2.6740271653106327E-7	0.8735662554500611
39400000	-9668.69974055462	-8689.118336383348	-979.5814041712721	-8531.373971596002	85.33887257508763	1312.4270075822046	0.06670061104484534	0.6048164834405085	1.237311483946727	0.4740799081805305	0.5872824173363305	0.7046490278795766	0.3834981942164102	0.5411236798937625	3.7672415751483888	0.6640451166023631	0.08118741339923158	0.6048164834405085	1.237311483946727	0.4740799081805305	0.5872824173363305	0.7046490278795766	0.3834981942164102	0.5411236798937625	3.7672415751483888	0.6640451166023631	0.08118741339923158	5.984136948015488	0.3065039751001253	0.20545556294827602	0.20053911817033152	0.28750134378126796	0.48030048737638825	133.86170436218072	-967.6679181737996	4.979561046303579E-4	0.8362276614076126	4.248180871726655E-4	1.830137183938432E-7	0.8832260792378621
39500000	-9621.377302390945	-8683.39026780691	-937.9870345840362	-8512.720850016172	95.20069348179409	1117.8186952522271	0.12436360817590633	0.20608075620831834	0.6054890605870406	0.30689780524951205	1.639549206472518	1.4437469186252567	0.5870131617106497	2.5589212337887046	4.2394242457604765	0.3755960546215329	0.13154391435360283	0.20608075620831834	0.6054890605870406	0.30689780524951205	1.639549206472518	1.4437469186252567	0.5870131617106497	2.5589212337887046	4.2394242457604765	0.3755960546215329	0.13154391435360283	6.34869272921577	0.30128804834616374	0.22392476617845944	0.20628331682717674	0.26850386864820086	0.5706489047980029	112.76003969016072	-923.1912311066069	6.585617452039101E-4	0.930625035187289	4.993664974609787E-4	6.410789298148579E-7	1.2377217008293484
39600000	-9616.042393573514	-8681.864863242341	-934.1775303311738	-8514.818555645223	112.200295781355	1242.788733437437	0.06864821310056439	0.3071087452093326	0.13778333389176592	0.5603864564577996	0.09530759638851555	0.36791680553560846	1.3532901967758144	0.4222195647489003	3.0858764400956527	0.11089951625114404	0.24772854069622716	0.3071087452093326	0.13778333389176592	0.5603864564577996	0.09530759638851555	0.36791680553560846	1.3532901967758144	0.4222195647489003	3.0858764400956527	0.11089951625114404	0.24772854069622716	7.866101464162129	0.3019880685110111	0.21148131918777427	0.20558329666232936	0.28094731563888603	0.5484373369849013	111.21068735056637	-923.8483734238492	5.79239723897482E-4	0.952312819594009	4.337114069304389E-4	3.0992427406826864E-7	1.0138492669233148
39700000	-9665.122286225851	-8687.448175673055	-977.6741105527954	-8517.292509924187	151.46375334613984	1583.770308576977	0.1105831874890694	0.3485253104653111	0.10565693544653305	0.3959722335601683	0.23932717550000754	0.8229267561495072	1.4826752829540688	0.014329492278250063	3.3226402223501372	0.0635496064096888	1.1920373666377528	0.3485253104653111	0.10565693544653305	0.3959722335601683	0.23932717550000754	0.8229267561495072	1.4826752829540688	0.014329492278250063	3.3226402223501372	0.0635496064096888	1.1920373666377528	5.795156366090443	0.2962128844199723	0.2041918098999802	0.21287280595012342	0.28672249972992486	0.6195065945695517	167.66194407465656	-967.4698971407117	4.0803200515832934E-4	0.8024442810382365	3.3089522736774214E-4	2.2440640212700556E-7	1.1479580195934955
39800000	-9717.179673256338	-8688.761095786798	-1028.418577469539	-8522.182727169144	243.3144994816314	2084.1798357083517	0.08629656160742752	0.2523675810314355	0.013636619315138515	0.8382892941970941	0.538592377182735	1.3694149771145392	0.8116804511638308	1.1226091043724598	4.2138739540081	1.341543542393223	1.8270341122149798	0.2523675810314355	0.013636619315138515	0.8382892941970941	0.538592377182735	1.3694149771145392	0.8116804511638308	1.1226091043724598	4.2138739540081	1.341543542393223	1.8270341122149798	6.844352568024116	0.3009742971866788	0.21536940642637267	0.2033237032937123	0.280332593093237	0.4453970606146512	167.12309032337	-1013.3593161959474	3.7197418049034214E-4	0.8770604844736066	2.4341335982215118E-4	1.3156761827262004E-7	1.0361098369995394
39900000	-9678.154443013762	-8692.803236761596	-985.3512062521651	-8521.102868343773	130.43047695493323	1606.9169159831183	0.08111771268596908	0.1353751552708753	0.3655036666552072	0.2706629458061697	0.7035740650955484	1.253401103044421	0.6606706617126309	0.05884549787159938	6.038893229992549	1.0400204034353637	0.13222125874841148	0.1353751552708753	0.3655036666552072	0.2706629458061697	0.7035740650955484	1.253401103044421	0.6606706617126309	0.05884549787159938	6.038893229992549	1.0400204034353637	0.13222125874841148	6.333700676370013	0.30390875519283445	0.21036742477285575	0.21204058235778728	0.27368323767652325	0.5562405216549082	156.85895123367075	-972.0957341031284	4.397298548381053E-4	0.7912972803508758	3.219441142282036E-4	1.859682679955863E-7	1.01224285659903
40000000	-9618.968864190296	-8673.396528476882	-945.5723357134141	-8508.08727860818	130.53594497469285	1300.882168832643	0.13409566240898715	0.348856652045697	0.023712010165311565	0.1529437774439121	0.038072401588145434	0.10089469377174197	0.7634210425221054	0.6128846065085101	2.450546638197747	0.05466001644792917	0.02024129799078178	0.348856652045697	0.023712010165311565	0.1529437774439121	0.038072401588145434	0.10089469377174197	0.7634210425221054	0.6128846065085101	2.450546638197747	0.05466001644792917	0.02024129799078178	6.361053215994866	0.3069895721960583	0.2143808126942635	0.2032410172022918	0.2753885979073871	0.46342607992423274	116.12790846698313	-938.6864863755181	5.170939015737412E-4	0.938581770448737	4.186119588179304E-4	2.556626314952066E-7	1.0192841296854702
40100000	-9742.430206939502	-8719.166198264758	-1023.2640086747433	-8546.07713339874	157.47431563432053	1922.1653307113716	0.06848274337611447	0.22607599334664005	0.6265791070077026	0.8520111734930881	0.31862048987071073	0.3632420976823518	0.8644344230358145	0.5123519877730376	3.7242535824028984	0.3969742406968071	0.20721740227137073	0.22607599334664005	0.6265791070077026	0.8520111734930881	0.31862048987071073	0.3632420976823518	0.8644344230358145	0.5123519877730376	3.7242535824028984	0.3969742406968071	0.20721740227137073	6.376135893280933	0.2948676684248607	0.2047591886647267	0.20088739174607223	0.2994857511643412	0.4735126892592338	213.40574295859622	-1012.5790638937543	3.2485148802107437E-4	0.7065268733348383	2.8066265574101925E-4	1.441639553088633E-7	1.1264117520444492
40200000	-9656.586020066634	-8674.52685867182	-982.0591613948153	-8514.98494572442	139.70930969067317	1492.7301930158283	0.05880538185128616	0.15696675463679294	0.08423626947393548	2.0297370277961044	0.3223380019921989	2.6659506094339926	0.3608383014326705	0.28270685573460985	4.907204882259231	0.40679506868600135	1.928678911688745	0.15696675463679294	0.08423626947393548	2.0297370277961044	0.3223380019921989	2.6659506094339926	0.3608383014326705	0.28270685573460985	4.907204882259231	0.40679506868600135	1.928678911688745	6.167923241078887	0.28674246330683034	0.21787149884140194	0.21419846228539485	0.2811875755663737	0.5148464672198975	131.63349080209213	-966.5646221729205	4.376891331204762E-4	0.6750615302810458	3.796556106190213E-4	2.6820783482559134E-7	1.1380786670269927
40300000	-9643.892765205032	-8685.903149811247	-957.9896153937838	-8520.99823373393	119.26620294429527	1399.0207915424708	0.0974316447788564	0.7944626513559085	0.43311285469788746	0.22613107982254066	1.1299216450141203	0.4907102816778522	0.450179591616056	1.5725657719622106	3.2701313554528113	1.4308753638220912	0.8903887056996772	0.7944626513559085	0.43311285469788746	0.22613107982254066	1.1299216450141203	0.4907102816778522	0.450179591616056	1.5725657719622106	3.2701313554528113	1.4308753638220912	0.8903887056996772	5.551720948871331	0.2977936317816795	0.21403812604575653	0.2034586846327913	0.28470955753977356	0.479407563638411	136.18521307606966	-945.2484259608746	5.806189829933667E-4	0.7190834734929507	3.656003725050197E-4	4.534703232160473E-7	1.2266224678412845
40400000	-9690.261795807437	-8695.70207056853	-994.5597252389076	-8537.968538377192	160.41641983785502	1604.1858288036547	0.06274931443508981	0.08875808330104751	0.21126947081755096	0.6351355785979795	1.681828371073442	0.969937936691895	1.8537810281336675	0.8889163953525738	3.64331608505101	1.014269668133623	0.6346907662283201	0.08875808330104751	0.21126947081755096	0.6351355785979795	1.681828371073442	0.969937936691895	1.8537810281336675	0.8889163953525738	3.64331608505101	1.014269668133623	0.6346907662283201	6.8412522271774225	0.30541234276807894	0.21403812604575653	0.20204386564683094	0.2785056655393344	0.4208727618808494	173.60069521799684	-979.6590095720628	4.480818597368869E-4	0.8574220964324002	3.3645820539427443E-4	1.835380160196735E-7	0.9570087600454265
40500000	-9636.823626542058	-8667.640754703029	-969.1828718390299	-8507.332558960286	109.00076926573907	1423.8430146962967	0.07782527774333542	0.17370039555665834	0.3530788605508274	0.093082084850155	0.08891939579828738	0.31176540347341397	3.0984739645141923	0.018885672889317404	2.796392364987303	0.307640104190162	0.310807334934227	0.17370039555665834	0.3530788605508274	0.093082084850155	0.08891939579828738	0.31176540347341397	3.0984739645141923	0.018885672889317404	2.796392364987303	0.307640104190162	0.310807334934227	6.0837530557119015	0.30541234276807894	0.20994918413718563	0.20940822428477832	0.2752302488099579	0.5468827033758715	144.63877232096237	-958.8357452005472	5.142580892898846E-4	0.8295062419751867	4.093284463359899E-4	1.850803462851377E-7	0.8616032396884901
40600000	-9636.342217890673	-8678.20130482073	-958.1409130699433	-8514.022402499872	101.20128543311728	1310.9344824240948	0.07712043579711184	0.3337807370432986	0.4568915339934985	0.45416102421618454	0.20954610546809238	1.0065777338283293	0.5360043558366915	0.5350463361073883	2.9484085759643937	0.5213936517296803	0.12175275835866636	0.3337807370432986	0.4568915339934985	0.45416102421618454	0.20954610546809238	1.0065777338283293	0.5360043558366915	0.5350463361073883	2.9484085759643937	0.5213936517296803	0.12175275835866636	5.970923678364366	0.30688020422247336	0.2130382888622985	0.21047997760892406	0.2696015293063048	0.47304229939849546	123.60726303737802	-948.4113921874672	5.698884565922312E-4	0.8136454447526745	4.4508693237721534E-4	2.7603823519762113E-7	0.9679722160073251
40700000	-9603.585515901945	-8683.763353428612	-919.8221624733328	-8510.90645695264	105.08774619926666	1101.715011089683	0.1138162851319964	0.037952494952870806	0.1362413941735909	0.12681297858287185	1.9081302321514664	1.0171411188326727	0.47706870936893253	1.255168154714841	3.586413399238263	0.3403216760996423	1.150488414731263	0.037952494952870806	0.1362413941735909	0.12681297858287185	1.9081302321514664	1.0171411188326727	0.47706870936893253	1.255168154714841	3.586413399238263	0.3403216760996423	1.150488414731263	5.86525006654007	0.2974255535648976	0.21124376134718317	0.2125791708734334	0.2787515142144865	0.4334120188174919	98.01063324750389	-907.6169612668058	7.051106358681583E-4	0.8254516377380159	5.404652987296277E-4	5.939384538293682E-7	1.063290421227351
40800000	-9608.344704910684	-8684.765374990327	-923.579329920356	-8517.340764546492	102.15134394097296	1166.7429985665128	0.07536735724015166	0.22855294875878285	0.24250687950642513	0.2804043847257885	0.2385975616537419	1.0409644032339025	1.014411543223625	0.5241562788073775	2.996708578928759	0.21636847064130507	0.6378060183808839	0.22855294875878285	0.24250687950642513	0.2804043847257885	0.2385975616537419	1.0409644032339025	1.014411543223625	0.5241562788073775	2.996708578928759	0.21636847064130507	0.6378060183808839	6.492714528556101	0.2974255535648976	0.20591530040258613	0.2125791708734334	0.28407997515908356	0.5286734797201816	96.36759190833595	-913.9083851341938	5.851326984683713E-4	0.7014683659070078	4.6693503888904544E-4	3.211734860814921E-7	0.9487712444339463
40900000	-9648.127224538352	-8676.509770328903	-971.6174542094489	-8512.165806672816	127.17663222287808	1403.3289369135339	0.08289985383769467	0.44363285245739364	0.012689052221045851	0.693384789718687	0.9001552698294389	0.7732039844802467	2.171116862483566	0.39390401994104884	4.55001186106208	0.2012343837593483	2.0183785625467934	0.44363285245739364	0.012689052221045851	0.693384789718687	0.9001552698294389	0.7732039844802467	2.171116862483566	0.39390401994104884	4.55001186106208	0.2012343837593483	2.0183785625467934	6.5215112522281915	0.2991330823198015	0.20591530040258613	0.2125791708734334	0.28237244640417963	0.3696859593129992	126.13579621485292	-957.3084757871078	4.59319443569778E-4	0.7563051396623613	3.971839474128999E-4	1.9904236357283198E-7	0.9613925726300784
41000000	-9589.705394252886	-8691.961857139178	-897.7435371137075	-8524.45371086709	102.55203526692165	1027.8079326385298	0.13558547507011404	0.07911214049548808	0.034603246461898975	0.8698697401781244	0.1871797655846883	0.928570738231298	0.20212069992864737	0.9546237761073686	3.578771058037167	0.045918793350918384	2.0273313247606723	0.07911214049548808	0.034603246461898975	0.8698697401781244	0.1871797655846883	0.928570738231298	0.20212069992864737	0.9546237761073686	3.578771058037167	0.045918793350918384	2.0273313247606723	5.823902256545471	0.2938149229964996	0.20861549966859444	0.21577279145853195	0.2817967858763747	0.5206439014685817	85.71535801021211	-887.0532221814609	7.316055874500059E-4	0.7597925320457563	5.620936225328719E-4	3.716875203130063E-7	0.8508271810320257
41100000	-9597.769496273317	-8672.433044850719	-925.3364514225984	-8507.146922895863	100.90045800122166	1116.0893815786992	0.12200333877754353	0.4599706611593699	0.055740076582495024	0.3415750035523487	0.7095014360247298	0.885574354808763	1.1838386254467352	0.13657780384790288	2.991681300905075	0.2584188453114256	0.6392545425582731	0.4599706611593699	0.055740076582495024	0.3415750035523487	0.7095014360247298	0.885574354808763	1.1838386254467352	0.13657780384790288	2.991681300905075	0.2584188453114256	0.6392545425582731	5.756742137738709	0.2883950192627264	0.2133663998852377	0.21140102563687027	0.28683755521516624	0.5226646647087739	107.65964492144353	-915.0787621377074	6.83135000564641E-4	0.950561712731452	5.561735028913379E-4	3.141143643359669E-7	0.8174631252190898
41200000	-9637.672739977961	-8666.578613617728	-971.0941263602331	-8501.583533260035	109.21314889043252	1380.8669176157387	0.07909352925688366	1.02895738586448	0.11045317853460229	1.0674781071138864	0.0673476116405639	0.9455996461464431	3.342789079910109	0.18860760089923	4.144374052832626	0.2570797704538298	0.5468785327335279	1.02895738586448	0.11045317853460229	1.0674781071138864	0.0673476116405639	0.9455996461464431	3.342789079910109	0.18860760089923	4.144374052832626	0.2570797704538298	0.5468785327335279	6.844396741754711	0.30312989909624755	0.21034090289208116	0.21850770473777187	0.2680214932739001	0.4899861099642025	151.79081728381254	-956.3929424508112	4.679309406286267E-4	0.8886243269455106	4.0547610927595227E-4	2.2831522461737977E-7	1.0234200378071718
41300000	-9594.157943491007	-8681.392267302814	-912.7656761881935	-8520.31028845122	104.4886115384333	1076.1750721496958	0.07729954130539113	0.7035267545110605	0.3700377483907745	0.373223605922661	0.19533273031995868	0.8884432155017374	0.4972512189123855	0.03368039204186036	3.8495734081995563	0.16280706163846792	0.006340813173592244	0.7035267545110605	0.3700377483907745	0.373223605922661	0.19533273031995868	0.8884432155017374	0.4972512189123855	0.03368039204186036	3.8495734081995563	0.16280706163846792	0.006340813173592244	5.589839991163206	0.31441183089244457	0.21062912541955653	0.2132283739117854	0.2617306697762142	0.3968616170346342	103.7859423023173	-903.0894308867945	5.969764502694425E-4	0.8998832899990005	4.819803376646142E-4	2.7262473306480996E-7	0.9216049059966951
41400000	-9623.984213605792	-8680.943323693496	-943.0408899122962	-8511.760386049622	68.05947497706771	1024.6713357181893	0.1122318692698157	3.2924459359371476	0.13005855632024405	0.19098698713421797	1.2737140796829376	0.782884162191345	0.716106615352224	0.17429698731527835	3.612647686791084	0.2784099750058468	0.05829228071566488	3.2924459359371476	0.13005855632024405	0.19098698713421797	1.2737140796829376	0.782884162191345	0.716106615352224	0.17429698731527835	3.612647686791084	0.2784099750058468	0.05829228071566488	6.400512832976417	0.29290643376048825	0.21062912541955653	0.2117949968591827	0.28466944396077315	0.5123777691983076	116.15771750485962	-930.0401210326039	6.75648454890068E-4	0.820203539465349	5.300989268078696E-4	2.4340060303098583E-7	0.8173199541697675
41500000	-9677.927298335766	-8667.305410134977	-1010.6218882007884	-8498.833868510399	96.92536624633419	1531.5254330695961	0.11467596574176227	0.19575235081879847	0.012502595990816387	0.08451179732799974	0.7328769902554108	0.19509006214935065	0.9174243639612415	0.276194357493521	6.418107183470231	0.3308572684293595	0.5613836246611607	0.19575235081879847	0.012502595990816387	0.08451179732799974	0.7328769902554108	0.19509006214935065	0.9174243639612415	0.276194357493521	6.418107183470231	0.3308572684293595	0.5613836246611607	5.837704401081717	0.29290643376048825	0.21062912541955653	0.22187985652197317	0.27458458429798266	0.5189298219977975	172.60603268897054	-998.9264618036825	4.3054142030527246E-4	0.7578517953565356	3.6351360080169305E-4	1.234822786755583E-7	0.8613519552466398
41600000	-9609.308996707832	-8680.457143842064	-928.8518528657677	-8512.612222425023	98.76320883796542	1100.458505141549	0.17027712564313693	0.22648230349288276	0.04664351036959968	0.7713824881483168	4.208066622737639	0.7679381545349814	3.11119229019036	1.9902178413576153	2.620767192173076	0.026520526517557087	0.6722504485858602	0.22648230349288276	0.04664351036959968	0.7713824881483168	4.208066622737639	0.7679381545349814	3.11119229019036	1.9902178413576153	2.620767192173076	0.026520526517557087	0.6722504485858602	6.318092961837333	0.29881490313640413	0.212810643510077	0.21378986905553682	0.27458458429798266	0.4259360543474954	124.82409143211208	-912.13793948073	6.68866705845287E-4	0.8894669374686831	5.260500351728585E-4	3.991596217476187E-7	0.9204350396663329
41700000	-9632.08448813674	-8656.16145358417	-975.9230345525688	-8492.305600609441	107.45253424761773	1380.8961061230111	0.09539395880327202	0.03512432328615778	0.06628086658252687	0.1556051384386757	1.0466773999360603	0.6320544337187449	0.9938010217298914	0.4721253518950889	1.2829783635942313	0.07566645035212272	0.09164350349984086	0.03512432328615778	0.06628086658252687	0.1556051384386757	1.0466773999360603	0.6320544337187449	0.9938010217298914	0.4721253518950889	1.2829783635942313	0.07566645035212272	0.09164350349984086	6.639616192113164	0.30135228296866057	0.2011032807801878	0.2148694218106694	0.2826750144404828	0.5374882543684751	162.8858277535415	-968.1411403544035	4.844838840674932E-4	0.88998986182537	3.8694113569665597E-4	2.8709403257991716E-7	1.0674088502824204
41800000	-9702.589141552673	-8689.214758113652	-1013.3743834390207	-8525.590339975783	143.54009915238166	1668.6986404101824	0.04804561605927943	0.05695582379883577	0.16578968061625507	0.40691050343074076	0.7146159311722523	1.0532433712527416	3.651646974475887	0.14937094403538764	5.1464129117974435	0.3139352670473865	0.5275573009882666	0.05695582379883577	0.16578968061625507	0.40691050343074076	0.7146159311722523	1.0532433712527416	3.651646974475887	0.14937094403538764	5.1464129117974435	0.3139352670473865	0.5275573009882666	6.4383928658620935	0.28739989685237244	0.20642040165592487	0.22350468705122045	0.2826750144404828	0.5152084516710507	189.66047158344844	-997.7745850299692	4.058704960065293E-4	0.793431670281105	3.5007352591565944E-4	1.444196753201925E-7	0.9573491032203749
41900000	-9729.532563888808	-8686.165878600505	-1043.3666852883027	-8516.900434310452	128.7841822709778	1862.0506572411862	0.07419666210447953	0.1683796986304156	0.56215839110023	0.15651732705292942	1.3151041825742131	0.9178380488444219	0.5411242385678385	1.831418838958019	4.984856468379467	0.0380994567403215	1.9664965767880807	0.1683796986304156	0.56215839110023	0.15651732705292942	1.3151041825742131	0.9178380488444219	0.5411242385678385	1.831418838958019	4.984856468379467	0.0380994567403215	1.9664965767880807	7.48272165441853	0.2960442903496462	0.20662011834742147	0.19912601650618544	0.2982095747967475	0.49226393677271124	212.75554391995982	-1028.127965283445	3.2046877634775124E-4	0.7088968131086334	2.891256592264517E-4	9.552941737337444E-8	0.9605468423070562
42000000	-9710.642513610695	-8701.778427331858	-1008.8640862788371	-8534.146964032232	151.53686800096935	1653.4343154262294	0.0660076883270246	0.3943028529955783	0.036636855049035306	0.5478035178213997	0.44269737619616417	1.0829984246647673	2.181811618204212	1.0828591721410232	3.4730501575256345	0.5029885690424365	0.2888907973739284	0.3943028529955783	0.036636855049035306	0.5478035178213997	0.44269737619616417	1.0829984246647673	2.181811618204212	1.0828591721410232	3.4730501575256345	0.5029885690424365	0.2888907973739284	7.104407397173328	0.3010626369807252	0.17691332277126887	0.22639334474724285	0.29563069550076365	0.45576445494459	179.7365977515135	-995.7464243661728	3.7710468165635534E-4	0.7966786321855038	3.276395005753583E-4	1.2724152927991742E-7	0.9037766842850813
42100000	-9692.138727088306	-8670.454947464272	-1021.6837796240338	-8496.664414341813	152.84784255932473	1786.2517284684843	0.06648010915853925	0.6584589294354649	0.2314677036488175	1.4386608574765078	0.31626336517127457	2.9845778608237215	1.7969613074348887	0.6991159191031362	5.310172412108308	1.3127008873941872	0.3272178430411465	0.6584589294354649	0.2314677036488175	1.4386608574765078	0.31626336517127457	2.9845778608237215	1.7969613074348887	0.6991159191031362	5.310172412108308	1.3127008873941872	0.3272178430411465	6.376067011655742	0.29749238868263156	0.22024715748917909	0.21277027363149795	0.269490180196692	0.42302293398267005	166.97859117681898	-1003.7519800197622	3.499452340263764E-4	0.8836998130753856	3.033964096695465E-4	1.5951617800926082E-7	1.0809594494704002
42200000	-9624.531341200134	-8697.730763739002	-926.8005774611311	-8530.23334166325	83.97178058356116	1130.6424103001664	0.0933957682548509	0.8219579727096387	0.11418136813209703	0.36779645835194874	1.2864568856630147	0.6378777946448483	0.2569863637414053	0.04798503045897129	3.236197827225252	0.8042111365059597	1.0070244137397286	0.8219579727096387	0.11418136813209703	0.36779645835194874	1.2864568856630147	0.6378777946448483	0.2569863637414053	0.04798503045897129	3.236197827225252	0.8042111365059597	1.0070244137397286	6.313463869431896	0.29227182303116894	0.22064060440340819	0.21277027363149795	0.27431729893392554	0.4862323335150244	99.7974548494398	-915.8901502132577	5.503839024629154E-4	0.863732476961002	4.7610912719842514E-4	3.380451753815861E-7	1.0092133694065948
42300000	-9676.537926939312	-8694.54794962217	-981.9899773171417	-8515.973230897605	105.54900549945478	1428.971410841535	0.06082040093439711	0.5272782008144765	0.007145007183645134	0.6259721132069491	2.000836628406096	1.4919664317018506	0.6187813842862282	0.6047116546912586	5.172626149532567	0.09877342947658366	1.4721851481924257	0.5272782008144765	0.007145007183645134	0.6259721132069491	2.000836628406096	1.4919664317018506	0.6187813842862282	0.6047116546912586	5.172626149532567	0.09877342947658366	1.4721851481924257	7.304441219272751	0.2937273479709185	0.20748695950643006	0.21277027363149795	0.2860154188911541	0.5179726484257626	153.3937577708717	-966.1912672313067	5.231132579748815E-4	0.7433923986274262	4.319105235849163E-4	3.9958108238771153E-7	1.142015855834119
42400000	-9721.619453273282	-8683.210865982463	-1038.4085872908206	-8518.858911518668	148.94294881665402	1993.0925028198913	0.05546469236063968	0.12029204374525952	0.1787590467931491	0.7976575240479452	0.07391658196707449	0.9270223965651208	0.8384995047224311	0.04330750756037026	2.07419263224465	0.36532937300003676	0.3432791693372114	0.12029204374525952	0.1787590467931491	0.7976575240479452	0.07391658196707449	0.9270223965651208	0.8384995047224311	0.04330750756037026	2.07419263224465	0.36532937300003676	0.3432791693372114	6.458899458939088	0.29875861022407224	0.20389301452818837	0.21421173415285055	0.28313664109488956	0.4540542930201087	226.757606521293	-1029.6725837687568	3.276569961935401E-4	0.7262481795009363	2.7439493404473486E-4	6.446431494911453E-8	0.814315293511509
42500000	-9620.55415801777	-8692.191574856664	-928.362583161106	-8519.122718527742	93.72047435011804	1058.6870319692546	0.10176541395405318	0.2564857674791922	0.01560566642740803	0.6514769311922958	0.3685144750422722	0.5797606179130272	1.645310187340297	1.1856707817301628	3.992257819665164	0.0691425014918769	0.624579415817313	0.2564857674791922	0.01560566642740803	0.6514769311922958	0.3685144750422722	0.5797606179130272	1.645310187340297	1.1856707817301628	3.992257819665164	0.0691425014918769	0.624579415817313	5.965567290603251	0.28941308040496494	0.21323854434729567	0.22634879565885366	0.27099957958888643	0.40855867914239136	111.49375026302586	-916.8513714482631	6.213544461140225E-4	0.8030383318639434	5.261661435005718E-4	2.2574460999978652E-7	0.8048658481871204
42600000	-9621.786348072505	-8692.83612925819	-928.9502188143141	-8519.370894543139	111.27484606942566	1182.9080797485042	0.15701234834670239	0.06559044223893946	0.2687264005588687	0.09576157275514595	0.5257460770243331	0.46301675672740517	1.243868210139226	2.0746647244878935	2.609880869358592	0.4394201068284268	0.5738284425784919	0.06559044223893946	0.2687264005588687	0.09576157275514595	0.5257460770243331	0.46301675672740517	1.243868210139226	2.0746647244878935	2.609880869358592	0.4394201068284268	0.5738284425784919	5.903343941797565	0.29836518994014805	0.21082395205685425	0.2008984139785863	0.2899124440244121	0.44335059343941535	121.91051118050895	-919.1326918322947	5.212778287080905E-4	0.7290661020233494	4.4601333016139983E-4	1.9844991060200177E-7	0.8751998188561502
42700000	-9656.290869917982	-8687.95086762766	-968.3400022903221	-8523.30868488321	110.84252695015672	1379.5047210862617	0.06894199716759672	0.5713720183960972	0.010843079889402007	1.0731034864989504	0.23049250884038586	0.5572999761645939	1.060046875233717	0.4262658069203652	2.603981576026565	0.6485816510728687	0.6316752992974038	0.5713720183960972	0.010843079889402007	1.0731034864989504	0.23049250884038586	0.5572999761645939	1.060046875233717	0.4262658069203652	2.603981576026565	0.6485816510728687	0.6316752992974038	6.220238269672568	0.28897939235839676	0.21347586280318945	0.21165681554008167	0.28588792929833284	0.5141162462030242	144.44290642395507	-957.78549803601	4.918593471900137E-4	0.7877826906900753	4.178906815972477E-4	1.301925915275929E-7	0.7615266350981322
42800000	-9655.439731335722	-8699.399006939017	-956.0407243967047	-8532.363773592042	118.86635545428902	1330.8649248327474	0.1325500100002041	0.3225116387946927	0.08920269104328782	0.32356918173156335	1.3873095364304282	0.3521110471640288	2.2220562969550595	0.7151780463870858	3.692613976515706	0.09852848988114057	0.3916837293259087	0.3225116387946927	0.08920269104328782	0.32356918173156335	1.3873095364304282	0.3521110471640288	2.2220562969550595	0.7151780463870858	3.692613976515706	0.09852848988114057	0.3916837293259087	6.740292169942012	0.305051563503973	0.2125885475822487	0.1964719596154462	0.28588792929833284	0.5132238802885332	140.3065287827368	-943.6390490117897	6.236891365466655E-4	0.9012379487301256	4.722570162629645E-4	2.3981908840697425E-7	0.8159145211493024
42900000	-9615.59760106291	-8668.655331765123	-946.9422692977868	-8501.233193858756	106.33457882267261	1349.3208780338402	0.0595864249027502	0.0716035942252187	0.049202215110827355	0.9894202579884899	1.4425548026275175	0.4256283511067269	1.1023338387415162	0.25267555555183857	2.137473239816571	0.5447356417837581	0.24094275605121065	0.0716035942252187	0.049202215110827355	0.9894202579884899	1.4425548026275175	0.4256283511067269	1.1023338387415162	0.25267555555183857	2.137473239816571	0.5447356417837581	0.24094275605121065	6.4731794821454995	0.3079624650917555	0.2113184057031167	0.20414640922478466	0.27657271998034394	0.5192359789826864	117.59733692749809	-936.4023757018033	5.970954395760556E-4	0.851081978215204	4.4600981043433415E-4	3.012402173958507E-7	0.9379323107666798
43000000	-9673.657922128437	-8679.507484070684	-994.1504380577542	-8514.428521653781	124.2240518397017	1688.796561742082	0.08964512731222445	0.3172450342704682	0.018419548398495255	0.22453558460954562	0.30832975983902006	0.5153205974537902	1.9467295896088788	0.0214314688114351	3.6782571679024114	0.06389424199895007	0.26330645502167865	0.3172450342704682	0.018419548398495255	0.22453558460954562	0.30832975983902006	0.5153205974537902	1.9467295896088788	0.0214314688114351	3.6782571679024114	0.06389424199895007	0.26330645502167865	6.156108217088719	0.3077316876933035	0.20134691770688132	0.21411789722102004	0.27680349737879595	0.6372163041702719	189.5056815028924	-983.9245015093016	4.1198486733328414E-4	0.8534852280372676	3.373657108039377E-4	1.1419495627072411E-7	0.7957633313981451
43100000	-9594.631176155019	-8676.335115528149	-918.2960606268704	-8517.79201592476	86.2444905369463	1092.6133463260942	0.10052998886022287	0.7520344389497128	0.005404551211971474	0.23963344255259136	0.11977541724391862	0.48392942298776215	0.7707922106103978	0.07916757133321996	1.5544903417072649	0.025384017205874465	0.29945484516162957	0.7520344389497128	0.005404551211971474	0.23963344255259136	0.11977541724391862	0.48392942298776215	0.7707922106103978	0.07916757133321996	1.5544903417072649	0.025384017205874465	0.29945484516162957	6.977787225795962	0.29577709533177854	0.22126579610063254	0.2094323621428879	0.2735247464247018	0.5412154499325036	109.67425840194657	-911.7339717902693	5.810066823068822E-4	0.7388469532460064	4.900827028667746E-4	2.2788346117382393E-7	0.8263149109136616
43200000	-9588.650462248741	-8677.836452304673	-910.8140099440685	-8511.488436165459	80.97786920087111	961.1160769536611	0.09339197215689683	0.1298189860292678	0.06260026116012901	1.2776967832856667	0.12204227114499425	1.5906510395662505	2.091130327363178	0.7064853338074053	4.68135588278176	0.293231603972475	0.6105035023647252	0.1298189860292678	0.06260026116012901	1.2776967832856667	0.12204227114499425	1.5906510395662505	2.091130327363178	0.7064853338074053	4.68135588278176	0.293231603972475	0.6105035023647252	6.06690682517046	0.2977423482748932	0.20199067160944315	0.20783770869490298	0.29242927142076147	0.4200285011332204	93.35879659010034	-896.4939823193935	7.083300687634023E-4	0.9266163373309986	5.847930249163963E-4	5.573135259840522E-7	1.0378226833261048
43300000	-9582.414088478523	-8656.415889254165	-925.9981992243571	-8492.735869562435	136.613084429999	1264.9783654402966	0.15661469498648964	0.08044029336971237	0.04899300228884852	2.11177410811884	3.2285786522247077	0.9968257527912926	1.826702645347457	0.5743176394500366	6.01713830077604	0.6387379000477041	0.934815702356903	0.08044029336971237	0.04899300228884852	2.11177410811884	3.2285786522247077	0.9968257527912926	1.826702645347457	0.5743176394500366	6.01713830077604	0.6387379000477041	0.934815702356903	6.416583594439647	0.3035504619896163	0.21558719953719163	0.20354399942128362	0.2773183390519093	0.424754157238475	92.10041604884842	-907.3553556106319	6.936304168967011E-4	0.9034220982597021	4.476642112448135E-4	4.992294163070904E-7	1.0741332776834887
43400000	-9657.738694414064	-8689.83686905229	-967.901825361775	-8513.487996152293	82.11172683203414	1232.1091789189304	0.09738989503309847	0.3993144529450247	0.025327900779220404	0.44882121240793155	0.31364613878999	1.0561909758676118	0.5218703111484169	0.26137579273252354	3.445684444945502	0.3414794922318134	0.4684735631624653	0.3993144529450247	0.025327900779220404	0.44882121240793155	0.31364613878999	1.0561909758676118	0.5218703111484169	0.26137579273252354	3.445684444945502	0.3414794922318134	0.4684735631624653	6.875593897429704	0.2907581416137226	0.2073485615471971	0.21106014027654527	0.29083315656253594	0.6378963867964178	167.30354937839945	-957.5783942028105	5.113817884061553E-4	0.861146421810329	4.607544296349923E-4	2.645582940330671E-7	0.9943130891565464
43500000	-9643.052679208464	-8700.996870573294	-942.0558086351706	-8530.563743136536	89.86130080646393	1211.038101011638	0.07929907207795324	1.3006115405871423	0.1552154629551682	0.19374505101110642	0.3626992529103673	0.42549713537653405	0.557330123996794	0.15256392397071786	2.533248103971023	0.24750875682034237	0.5263461865679135	1.3006115405871423	0.1552154629551682	0.19374505101110642	0.3626992529103673	0.42549713537653405	0.557330123996794	0.15256392397071786	2.533248103971023	0.24750875682034237	0.5263461865679135	5.8417981614025605	0.28704953452615506	0.20738196524335167	0.21106014027654527	0.29450835995394886	0.5005462431101757	120.27651769987554	-933.3172300745819	5.199997102878793E-4	0.7657194128496836	4.851164531916799E-4	2.1093471432190388E-7	0.8458722316904583
43600000	-9645.378639433156	-8706.925542926707	-938.4530965064499	-8534.074565952556	80.2967469048117	993.4207510342967	0.1022695628928943	2.481951199307023	0.03537768817050693	0.2999045438737895	0.25315553095883236	1.0563516754539553	2.273804220372924	0.7806068790872449	5.5895415661621435	0.7434101304044936	0.08095785840580441	2.481951199307023	0.03537768817050693	0.2999045438737895	0.25315553095883236	1.0563516754539553	2.273804220372924	0.7806068790872449	5.5895415661621435	0.7434101304044936	0.08095785840580441	6.044518815082878	0.30250491993184603	0.214346053450408	0.21106014027654527	0.2720888863412016	0.5218040409468866	116.39061362369824	-922.5439713392694	6.004204104933288E-4	0.8080873590779304	5.529347719495399E-4	2.5837160410422195E-7	0.8776479568924324
43700000	-9581.175173123363	-8678.1579426264	-903.0172304969639	-8505.314258947456	72.55318963791443	947.5241701272303	0.11222202774876217	0.02692260921582066	0.0019401374575938788	0.24443748800207266	0.28398847394528237	0.768851167121804	0.5807975464568675	0.18586045942221438	3.7842311859367523	0.15376804194460428	1.1940031536978468	0.02692260921582066	0.0019401374575938788	0.24443748800207266	0.28398847394528237	0.768851167121804	0.5807975464568675	0.18586045942221438	3.7842311859367523	0.15376804194460428	1.1940031536978468	6.751030142126303	0.31119716571339257	0.2100653115232334	0.21530843449558904	0.2634290882677859	0.5041315386237366	91.9356308870292	-893.9261103589586	5.38242679324662E-4	0.7630351062999077	5.302919888902539E-4	1.726550967787413E-7	0.7550805826076747
43800000	-9709.920417821126	-8660.719298148757	-1049.201119672369	-8500.525790669079	165.67995967669071	1903.2458816941194	0.051742230869373386	1.9963532001711426	0.4975419941560028	0.26627590073904295	0.20229567274377286	1.9261816229559663	2.866899906623461	0.03713428690388275	11.435291814347888	0.08324016550319491	1.7701298848609155	1.9963532001711426	0.4975419941560028	0.26627590073904295	0.20229567274377286	1.9261816229559663	2.866899906623461	0.03713428690388275	11.435291814347888	0.08324016550319491	1.7701298848609155	7.024910053527815	0.2996563644074509	0.21835811954890225	0.2084321628180289	0.2735533532256188	0.427252245156692	199.2641327026636	-1024.9253180626492	3.1446947157424065E-4	0.7866991020014762	2.91156474903821E-4	8.225312141783641E-8	0.8392428371118488
43900000	-9663.336102321091	-8675.144368915362	-988.1917334057289	-8516.347511001346	91.79880316834326	1406.4754516255155	0.08176519529833828	0.20207108858561093	0.06551298767299062	0.567428004751385	3.8520510102537893	2.2447111718409247	0.6705352872302346	0.40993328446912297	4.056392111107749	0.06941730504824146	0.8948863621344272	0.20207108858561093	0.06551298767299062	0.567428004751385	3.8520510102537893	2.2447111718409247	0.6705352872302346	0.40993328446912297	4.056392111107749	0.06941730504824146	0.8948863621344272	6.462172586346294	0.29620694242097045	0.2214738486841784	0.20669522264228568	0.2756239862525663	0.42035456547137007	141.37799964098122	-972.9258180266495	4.6412296442652234E-4	0.7364533665256484	4.035644631603816E-4	1.4797057884634537E-7	0.8497523821609578
44000000	-9622.675263882355	-8687.16583298961	-935.509430892744	-8500.405974607449	107.8038775291431	1234.1597725979468	0.13237343011932834	1.3153357025927628	0.3960961598921137	0.03868384660744484	0.16072837894074635	0.5261661548537847	0.13018769995265875	1.7878331695444727	1.4650764259076556	0.5974022895826154	0.5098319613376532	1.3153357025927628	0.3960961598921137	0.03868384660744484	0.16072837894074635	0.5261661548537847	0.13018769995265875	1.7878331695444727	1.4650764259076556	0.5974022895826154	0.5098319613376532	6.248448181387909	0.29620694242097045	0.20452986830643233	0.20669522264228568	0.29256796663031237	0.43965078880795666	107.05725925339942	-926.5914098493847	6.038872627591083E-4	0.8074728173172963	4.598669584644832E-4	2.955080262443911E-7	0.9232655662271366
44100000	-9678.224669059082	-8709.153060178678	-969.0716088804036	-8538.579521164409	106.01255239717837	1365.6015708897626	0.12745200588359948	0.48474612136597145	0.03185793460617011	0.46295266042604755	0.38842292809978946	0.06595342714271907	1.5209010238573981	1.2501131177385985	5.041982081999131	0.16981559077452946	0.26644698297913094	0.48474612136597145	0.03185793460617011	0.46295266042604755	0.38842292809978946	0.06595342714271907	1.5209010238573981	1.2501131177385985	5.041982081999131	0.16981559077452946	0.26644698297913094	7.483582109737474	0.29237028692083344	0.2166781692985382	0.20656265004005442	0.2843888937405748	0.4914128358242276	148.26958040355944	-956.9542817182122	5.335769044401027E-4	0.7893672458464128	4.2452173216510987E-4	2.538038496779594E-7	0.9461713181027614
44200000	-9620.21043053378	-8691.705526734599	-928.5049037991804	-8529.366171551042	112.5056879633574	1165.2111129124978	0.07181155578911616	0.12368486494134222	0.4475360188831058	1.5172464661397005	0.38127621237580883	1.158661613891718	0.16957621104730336	0.42997716356303095	2.9631224772617024	0.6365743623885944	0.4541673503970639	0.12368486494134222	0.4475360188831058	1.5172464661397005	0.38127621237580883	1.158661613891718	0.16957621104730336	0.42997716356303095	2.9631224772617024	0.6365743623885944	0.4541673503970639	6.960231093784824	0.28204420037123157	0.21756641871411236	0.22316688659550088	0.27722249431915597	0.5543148725821937	114.02344454250202	-917.0440989808233	6.772372966450351E-4	0.8398902878473399	4.975966971730347E-4	2.943836700378822E-7	0.8491923312670683
44300000	-9652.843781400275	-8695.759880931093	-957.0839004691828	-8525.829327384166	107.18607651192562	1304.5859013640375	0.08133315970454867	0.01946529424844374	0.19450174943542176	0.549767986854167	0.5233877850304388	0.6538110223099733	2.447603922616315	1.6997678154513882	4.171267146633521	0.3622752685773786	0.6640051960825788	0.01946529424844374	0.19450174943542176	0.549767986854167	0.5233877850304388	0.6538110223099733	2.447603922616315	1.6997678154513882	4.171267146633521	0.3622752685773786	0.6640051960825788	6.085779027361768	0.3126117939054771	0.2026688712450298	0.213559346418833	0.2711599884306609	0.49460266674199643	123.1192688453792	-942.960714603529	5.498037535754759E-4	0.8967459412759229	4.246688198148841E-4	1.578730436143052E-7	0.8112319984678134
44400000	-9648.382389267375	-8689.08953890287	-959.2928503645048	-8518.578279988196	134.88768516757372	1377.0613496057724	0.08883756821888891	0.38538116864910615	0.14898108698422746	0.12556807849397045	0.9108734013882195	0.35639692518796523	0.7648900657348146	0.05963204132246645	4.794856531982768	0.34643163171125496	0.34420402711704234	0.38538116864910615	0.14898108698422746	0.12556807849397045	0.9108734013882195	0.35639692518796523	0.7648900657348146	0.05963204132246645	4.794856531982768	0.34643163171125496	0.34420402711704234	7.497413902721055	0.30366485516355884	0.20294613895520294	0.213559346418833	0.279829659462406	0.3870474700925924	151.93674748374312	-948.1297488807738	4.9115707498076E-4	0.8658484030751824	4.142570162276562E-4	2.2104842161826475E-7	0.9670383065524366
44500000	-9634.181514994516	-8684.751791188479	-949.4297238060374	-8518.15432192307	115.63686441433694	1261.1489241841632	0.06798740098629795	0.04575251147084185	0.4022258435115436	0.04379322822413902	0.03974950415390858	0.781626356080795	0.7893181162552549	0.37153448905800796	3.5517275709754816	0.7009460077739211	0.3418133168064	0.04575251147084185	0.4022258435115436	0.04379322822413902	0.03974950415390858	0.781626356080795	0.7893181162552549	0.37153448905800796	3.5517275709754816	0.7009460077739211	0.3418133168064	6.445178170960087	0.30469349373620036	0.20191750038256143	0.213559346418833	0.279829659462406	0.5469721289636095	116.36487453552495	-938.7275882730806	5.953137053630705E-4	1.0215801064898276	4.23119376742515E-4	2.3084381140499618E-7	0.9237612791374766
44600000	-9626.010370232741	-8661.752861382862	-964.25750884988	-8495.117134595504	147.6962847729512	1648.9566875900732	0.08545480966503527	0.03433799913326338	0.1104020528621575	1.1426438356992188	0.16240646598961958	0.557278137836341	0.17998447956346186	0.09179165525855382	1.6089851204300443	0.17273700946324294	0.04086987288873677	0.03433799913326338	0.1104020528621575	1.1426438356992188	0.16240646598961958	0.557278137836341	0.17998447956346186	0.09179165525855382	1.6089851204300443	0.17273700946324294	0.04086987288873677	6.295246475615036	0.3121183664752427	0.20753861878255794	0.213559346418833	0.26678366832336714	0.413321883368466	139.9553451424906	-956.0563354195677	6.061632065006316E-4	1.2644321956503473	3.972576473585846E-4	3.6148523808878115E-7	1.1090987445141864
44700000	-9646.568195846346	-8704.815676003447	-941.7525198429003	-8535.196618230339	110.14472929188489	1213.811773035169	0.16976863901869882	1.5130638437027946	0.12998932545171324	0.020622967887876445	0.6819551263212463	0.8357898146893046	1.1320613501437136	0.3002081059363819	3.480197756725353	0.5012766152756134	1.6194408633913382	1.5130638437027946	0.12998932545171324	0.020622967887876445	0.6819551263212463	0.8357898146893046	1.1320613501437136	0.3002081059363819	3.480197756725353	0.5012766152756134	1.6194408633913382	6.7779404839197435	0.30894807600903923	0.21365294080396893	0.20744502439742202	0.2699539587895706	0.44670708310734125	103.53755237325979	-929.4639764731586	6.328479746183808E-4	0.8581714365413913	4.569705586601902E-4	4.429840294552191E-7	1.1452832923892882
44800000	-9608.330954588013	-8671.121207347545	-937.2097472404673	-8503.495050554751	116.35195737259485	1282.3409070064554	0.1568580251295193	0.012623678033348396	0.03010223220469518	1.0742687510211242	1.4737925887880958	0.6300438120175119	0.43909394361090515	0.049349126297295605	2.87803025521345	0.10771675883221218	0.20879597749778916	0.012623678033348396	0.03010223220469518	1.0742687510211242	1.4737925887880958	0.6300438120175119	0.43909394361090515	0.049349126297295605	2.87803025521345	0.10771675883221218	0.20879597749778916	5.712927228670334	0.29999886945660664	0.20858817285015313	0.2228719656805609	0.2685409920126802	0.6694456858359215	125.35785879997637	-927.747706430099	5.662423326746445E-4	1.0027278440432177	4.2287344095886473E-4	3.175781447160978E-7	1.0095379182147985
44900000	-9689.938278042744	-8680.228579298939	-1009.7096987438051	-8509.41668478226	107.62473409396958	1550.942502433401	0.0645350308799517	0.20433853356459752	0.048427500726818194	0.6827237524654981	0.4332052578187247	0.4669904451430131	1.420684645006923	0.007671428102388962	2.9153670684218724	0.55713024128649	0.1457690224834657	0.20433853356459752	0.048427500726818194	0.6827237524654981	0.4332052578187247	0.4669904451430131	1.420684645006923	0.007671428102388962	2.9153670684218724	0.55713024128649	0.1457690224834657	7.112305935228256	0.30628957408268437	0.19921977963295212	0.2122803185133626	0.2822103277710018	0.5880723854573787	180.96299701158367	-999.7007760065312	3.5868984779101776E-4	0.7922696775243669	3.280620484531686E-4	1.2893811294285143E-7	1.0445637211683831
45000000	-9618.725035563153	-8684.484163690373	-934.2408718727804	-8520.263635971529	73.83074313631671	1068.2256588196308	0.098772195676284	0.08045747455132161	0.10706560212775026	0.6496604140587736	1.5515726005261574	0.8146552016241629	2.930277650030101	0.1821791767212167	2.631115025421906	0.32942708586339714	1.518279393860632	0.08045747455132161	0.10706560212775026	0.6496604140587736	1.5515726005261574	0.8146552016241629	2.930277650030101	0.1821791767212167	2.631115025421906	0.32942708586339714	1.518279393860632	6.294353763183025	0.30362987041696815	0.19920891706905533	0.22397811156267403	0.2731831009513034	0.45498289828683963	105.27147732732037	-921.5524771486332	4.939738132953908E-4	0.764235200818778	4.993976642455037E-4	2.353666068867017E-7	0.9333317490625223
45100000	-9624.59482035232	-8688.353343842195	-936.2414765101249	-8518.004564230252	115.06178390062747	1237.494235919975	0.11307507940999743	0.6097255717200502	0.03280276466341635	0.07676619620470625	1.4411140648492888	2.7117180994028036	2.5183706934548113	0.9283721821756971	2.6449727837012604	0.9099951274768889	0.008275278680638341	0.6097255717200502	0.03280276466341635	0.07676619620470625	1.4411140648492888	2.7117180994028036	2.5183706934548113	0.9283721821756971	2.6449727837012604	0.9099951274768889	0.008275278680638341	5.139558438563179	0.2979780461740528	0.21362595274876384	0.2162523678957735	0.2721436331814107	0.5423137861452265	100.4810119518231	-922.3560981312783	5.944184450236662E-4	0.86825114306192	4.394782549722012E-4	2.588054046577164E-7	0.9003379252827672
45200000	-9582.94012541586	-8678.379597593348	-904.5605278225115	-8505.606059206404	79.01629364100255	961.2588027068912	0.11457106321285057	0.14128928514528485	0.3936697046207164	0.8820245034816004	0.3606763840091972	2.1895091251037258	1.253616716464084	1.2852563677042705	5.832479672487797	0.8577385805748563	0.3640345669528934	0.14128928514528485	0.3936697046207164	0.8820245034816004	0.3606763840091972	2.1895091251037258	1.253616716464084	1.2852563677042705	5.832479672487797	0.8577385805748563	0.3640345669528934	6.8364329495436476	0.29656514135466056	0.20307199472504658	0.21766527271516578	0.282697591205128	0.5723303943053919	85.39987777550778	-888.6051824141385	6.458414843326255E-4	0.8583082705347358	5.709431800632915E-4	5.306520227305431E-7	1.0374393370766897
45300000	-9549.33669572742	-8660.168239652836	-889.1684560745832	-8493.3569595738	88.03709685518967	995.0223096503214	0.15011246794777494	0.2411589166128754	0.23165514427049627	0.5193427665174254	0.06102878822465024	0.40735158648003444	2.0179228765133193	0.29981884874653825	1.7863454191404422	0.15509289069828072	1.1122007014630504	0.2411589166128754	0.23165514427049627	0.5193427665174254	0.06102878822465024	0.40735158648003444	2.0179228765133193	0.29981884874653825	1.7863454191404422	0.15509289069828072	1.1122007014630504	6.218110380295835	0.29707382660769965	0.21056355685220995	0.2087792121849635	0.2835834043551278	0.5203987286681482	91.371251629537	-879.3187129625395	8.285728345653302E-4	1.064271618654521	6.249042843911024E-4	5.388333759279035E-7	0.9521632852691458
45400000	-9624.86677855464	-8685.23406321318	-939.6327153414599	-8512.546253799392	86.78685074728762	1145.7082740931237	0.09330238399296462	0.2153752514447094	0.16758690480890176	1.9281356482633236	0.1804658652943342	0.2963334171343307	2.824520872952548	0.23112758801353492	3.3608844719953814	0.5342204084663631	1.0445548075821143	0.2153752514447094	0.16758690480890176	1.9281356482633236	0.1804658652943342	0.2963334171343307	2.824520872952548	0.23112758801353492	3.3608844719953814	0.5342204084663631	1.0445548075821143	5.917039801498631	0.2934745576281896	0.22195645190738628	0.21775217109195028	0.2668168193724748	0.42038557003088173	124.26128981590439	-926.454415085772	5.721395017327679E-4	0.8569384799423859	5.039627303213315E-4	3.283770303033202E-7	0.9605837864305503
45500000	-9684.730901837162	-8673.398058486764	-1011.3328433503971	-8500.38511411437	136.34354896569985	1657.4152205489627	0.07092150782482484	0.46170175278507597	0.022054577102533526	1.5469436426210035	1.089656134746034	0.3299628752230356	2.5050189351032737	0.9588680087195496	4.449659755893142	1.6908274801344438	0.015516740507648256	0.46170175278507597	0.022054577102533526	1.5469436426210035	1.089656134746034	0.3299628752230356	2.5050189351032737	0.9588680087195496	4.449659755893142	1.6908274801344438	0.015516740507648256	6.428012890123383	0.2986923651910214	0.2068049488095506	0.22013352279882997	0.274369163200599	0.5115051744202467	187.31057441224314	-995.2286727772158	3.9445190165465066E-4	0.8621836947594334	3.446590148526292E-4	1.765056656575246E-7	1.0370769428924023
45600000	-9647.582838813241	-8685.566503457429	-962.0163353558131	-8513.4780410259	125.08224426301872	1345.3165205934488	0.0680479427000395	0.17404425152435662	0.2765083015811322	1.322549167250552	0.16549240251396177	1.9062334892394008	2.158028694412071	0.0046234015437183525	3.1885996344117995	0.6012910270765605	0.976253171243995	0.17404425152435662	0.2765083015811322	1.322549167250552	0.16549240251396177	1.9062334892394008	2.158028694412071	0.0046234015437183525	3.1885996344117995	0.6012910270765605	0.976253171243995	6.2684191799816515	0.2974083792647933	0.1996689861268371	0.22563513559041296	0.27728749901795763	0.5382289060490153	144.898921072835	-947.973364800703	5.075504422193851E-4	0.9217473723605868	4.1215473557416806E-4	2.243846637527065E-7	0.9410869585012333
45700000	-9577.46541547881	-8689.70636789588	-887.7590475829287	-8522.262046639149	76.77834596683275	910.618379444015	0.12653026882989216	0.007533960067763477	0.12482094066898085	0.4156990768314072	1.2940400928824016	0.8908497528305106	0.28776494633646266	0.08768780272104768	2.726722975538568	0.2056060194095998	0.8330938394942617	0.007533960067763477	0.12482094066898085	0.4156990768314072	1.2940400928824016	0.8908497528305106	0.28776494633646266	0.08768780272104768	2.726722975538568	0.2056060194095998	0.8330938394942617	6.829677753581606	0.2941690674338081	0.20927916826355558	0.21414185087698093	0.28240991342565636	0.4234385098206205	91.64741606711654	-878.4192288470379	7.288375523634385E-4	0.8876582797718021	6.179018625813838E-4	4.858527347742468E-7	1.0049855900431766
45800000	-9595.745158084534	-8676.844826591856	-918.9003314926773	-8513.878665990125	95.41758093664248	1017.2781099417481	0.09293611750847887	0.18975356082635775	0.09420613124349282	1.151137410544182	1.4385905473023706	0.37860939111944675	0.6120238736617709	0.3938061171517093	1.4338874444324547	0.1909065823442853	0.35973352068486203	0.18975356082635775	0.09420613124349282	1.151137410544182	1.4385905473023706	0.37860939111944675	0.6120238736617709	0.3938061171517093	1.4338874444324547	0.1909065823442853	0.35973352068486203	5.821620901592384	0.2727669116887396	0.22564356613118003	0.22445202272697698	0.2771374994531044	0.7024190829952593	105.23217305859933	-908.936477402849	7.77954559732103E-4	1.12858130513065	6.191310885856432E-4	5.785508808316025E-7	1.0418041930328457
45900000	-9710.17924791852	-8671.921128121323	-1038.2581197971977	-8500.749604420831	147.30599454760915	1928.207246309386	0.08249150412812047	0.03615384127886029	0.7833296612446126	1.253777851452863	2.2445978103681368	0.4280506428537386	2.990456916217342	0.755290876310232	4.720388243107357	0.05474299861223574	0.7503256283248754	0.03615384127886029	0.7833296612446126	1.253777851452863	2.2445978103681368	0.4280506428537386	2.990456916217342	0.755290876310232	4.720388243107357	0.05474299861223574	0.7503256283248754	6.7329179490293996	0.29113069116327955	0.22233549466832048	0.19466862376796046	0.29186519040044057	0.6085899351575683	187.6386257056041	-1021.6421292124722	3.427599679927107E-4	0.754319089075306	2.942504080204898E-4	9.364676641380429E-8	0.8683773098070462
46000000	-9704.439297872812	-8683.909364731027	-1020.5299331417847	-8513.505256297447	136.44424572882792	1752.974522636912	0.07598633066956556	1.3123243799979343	0.07266819573731795	1.1830801677308014	0.12128251846119197	0.5537400869969629	2.7503045327825926	0.11976179348670082	6.6694333941083555	0.1874732969960843	1.4473241355481403	1.3123243799979343	0.07266819573731795	1.1830801677308014	0.12128251846119197	0.5537400869969629	2.7503045327825926	0.11976179348670082	6.6694333941083555	0.1874732969960843	1.4473241355481403	5.653528959375668	0.29333814236412636	0.20488109611521482	0.19466862376796046	0.3071121377526994	0.5371238715681819	192.28511433783387	-1003.7662573837505	3.8708247887350646E-4	0.6904302292652933	3.143262193159881E-4	8.744992052139451E-8	0.7736388549510375
46100000	-9674.92730435456	-8673.723340120634	-1001.2039642339261	-8510.525608198897	99.3760812022145	1522.4490194856774	0.08250965815633385	0.5163990076976488	0.11397793909666518	0.712105041611425	1.0907833189087075	0.5786711856516786	0.5333030405029624	0.23647094352274914	2.2236683201893377	0.4538640855442219	0.2775200199219334	0.5163990076976488	0.11397793909666518	0.712105041611425	1.0907833189087075	0.5786711856516786	0.5333030405029624	0.23647094352274914	2.2236683201893377	0.4538640855442219	0.2775200199219334	6.625762780569029	0.30887270540617595	0.19025007059213403	0.21617988854817283	0.2846973354535182	0.42151582896722306	172.88343391293367	-992.0009149330068	4.086269607632537E-4	0.7448187512624003	3.483428464467565E-4	1.350487164024343E-7	0.875164030344122
46200000	-9699.118498266693	-8681.10887325915	-1018.0096250075414	-8519.344911741247	132.84533134839307	1697.262583700331	0.043926805497297265	0.43398930769999916	1.3689675073867427	0.39876421828582315	0.4867553165196711	1.1779232517778946	0.617345665666703	1.267089710711934	5.867897120686775	0.7578408610929063	0.22719845707761013	0.43398930769999916	1.3689675073867427	0.39876421828582315	0.4867553165196711	1.1779232517778946	0.617345665666703	1.267089710711934	5.867897120686775	0.7578408610929063	0.22719845707761013	6.73597750682451	0.3133350939655609	0.21603809834161292	0.21842038180702192	0.2522064258858053	0.4762069552415078	186.64385631778705	-1002.0035556727416	3.50207165753826E-4	0.7728481146207314	3.104011302416926E-4	7.534146418237701E-8	0.8423163843431383
46300000	-9687.41117104036	-8694.956223992162	-992.4549470481982	-8531.300498284196	94.54581006896348	1390.5482481246354	0.10231489548342794	1.464021892146541	0.08861350832303773	0.04578999235078786	2.749065163249571	0.3943305305978015	0.19437149972158813	0.006915136705615152	4.707225596537465	0.5706892774054615	0.6028136985093602	1.464021892146541	0.08861350832303773	0.04578999235078786	2.749065163249571	0.3943305305978015	0.19437149972158813	0.006915136705615152	4.707225596537465	0.5706892774054615	0.6028136985093602	6.379175387719571	0.3063554562652138	0.21237971607181544	0.20921173895265371	0.272053088710318	0.4832946157773753	157.79980398892656	-979.7845883194667	3.870333031375203E-4	0.6952069305836134	3.9636124380406507E-4	1.0223102142502465E-7	0.7769045234563571
46400000	-9627.88591363469	-8664.876046245925	-963.0098673887649	-8495.762348541231	81.94156019621624	1165.8187467321964	0.06408815491332105	0.2179148031545162	0.28536260790356066	0.6996198450046779	0.9427768351814206	0.8997246902676778	0.8756514521304092	0.7248163989308938	6.824679010547671	1.3478120537143026	0.02978627577957829	0.2179148031545162	0.28536260790356066	0.6996198450046779	0.9427768351814206	0.8997246902676778	0.8756514521304092	0.7248163989308938	6.824679010547671	1.3478120537143026	0.02978627577957829	6.495676717431207	0.3005709525918721	0.21237971607181544	0.21513868772297115	0.27191064361334233	0.5133849409828544	127.3921401844522	-946.8869157795178	4.943145846619121E-4	0.9428426478034926	4.762276537074207E-4	1.3503978006499453E-7	0.7773039363784606
46500000	-9619.530593396836	-8697.277922007988	-922.252671388848	-8536.11565388291	85.67214612860923	1043.496593349613	0.0812081651819633	0.027638063896455657	0.834246285228287	1.4642808933801912	0.7369252585462859	1.6424835224224232	1.6965442202094014	0.6513215697493536	4.22525259051212	0.5932572754928952	0.8365338491943978	0.027638063896455657	0.834246285228287	1.4642808933801912	0.7369252585462859	1.6424835224224232	1.6965442202094014	0.6513215697493536	4.22525259051212	0.5932572754928952	0.8365338491943978	7.1450691324013595	0.3010057907977015	0.22670554164520848	0.20578676410539282	0.2665019034516983	0.5510975755308825	97.32338945478439	-906.9140800056491	6.513972327996593E-4	0.7583888137655861	5.262359393841354E-4	3.0902263141018784E-7	0.9103297113854042
46600000	-9607.752041231683	-8710.13537845463	-897.6166627770522	-8545.068524119153	81.07733829866268	988.4654185684917	0.11315124897004934	0.9763639984836611	0.448331421783107	0.7142032734536851	0.5659686641796798	1.804143127622923	0.4985563646617088	0.4653234488744492	3.9884450319482445	0.5616712168903788	0.1464556740568466	0.9763639984836611	0.448331421783107	0.7142032734536851	0.5659686641796798	1.804143127622923	0.4985563646617088	0.4653234488744492	3.9884450319482445	0.5616712168903788	0.1464556740568466	6.842261406418464	0.29532227770048874	0.22144807141226777	0.20194622856680314	0.2812834223204415	0.5033924988238088	97.42801117692365	-885.0914383253644	6.751812215133328E-4	0.8046638949804084	5.736074441646092E-4	3.860747063348849E-7	0.8704383709432717
46700000	-9592.306810531705	-8655.333163332481	-936.9736471992238	-8486.91239787855	88.87468518176823	1114.0894718109002	0.11026161960845489	0.26896858648924693	0.21219394355861915	0.6936949316376775	0.0339101781718652	0.6484856870595356	2.2829160946416605	0.9719843346550582	5.042616744300675	0.4789854225565944	0.5413919976670346	0.26896858648924693	0.21219394355861915	0.6936949316376775	0.0339101781718652	0.6484856870595356	2.2829160946416605	0.9719843346550582	5.042616744300675	0.4789854225565944	0.5413919976670346	6.241033077463214	0.2944067483879205	0.2068642284866973	0.20929295968092818	0.28943606344445516	0.5663155003856247	116.73897654125709	-923.4729910521087	5.954213618237522E-4	0.8015220966856575	5.455920694006973E-4	3.975676005433983E-7	1.0380342344400109
46800000	-9601.69510872662	-8690.247173262307	-911.447935464313	-8520.441663013054	94.55407210409854	986.5299390470828	0.12412164029820008	0.5037166410129807	0.08777196823498491	0.21149311330244347	0.6697178580184076	0.16137814373374024	0.5864078166467109	0.9899884308868613	2.592390222962514	0.23938969562988643	0.047470430789325856	0.5037166410129807	0.08777196823498491	0.21149311330244347	0.6697178580184076	0.16137814373374024	0.5864078166467109	0.9899884308868613	2.592390222962514	0.23938969562988643	0.047470430789325856	7.020709571669862	0.3078263701820218	0.2068642284866973	0.20929295968092818	0.2760164416503539	0.46996810083705853	116.40055340535856	-902.7466535512222	5.558274495845988E-4	0.9275182114569885	5.108684636680733E-4	4.6730817971950984E-7	1.0690652048190485
46900000	-9655.17232781352	-8686.196286180855	-968.9760416326648	-8514.604380456381	114.55791267719522	1261.0147154930037	0.07279338258878103	1.0234615485465326	0.3672168715276611	1.0668407731288927	2.1259652237363236	2.4599636622124277	1.6545193057806369	1.5558215143173308	3.9961792513710805	1.2341393186174745	1.5963530401454962	1.0234615485465326	0.3672168715276611	1.0668407731288927	2.1259652237363236	2.4599636622124277	1.6545193057806369	1.5558215143173308	3.9961792513710805	1.2341393186174745	1.5963530401454962	6.372436343932087	0.30617269945231446	0.20515066072199484	0.21292944403583947	0.2757471957898524	0.5090944705736614	158.3866896387914	-947.6159431120761	7.144966368997859E-4	1.101715825843597	5.242787754815042E-4	3.771699932353504E-7	0.8972851662933673
47000000	-9592.766714839667	-8662.891661302581	-929.875053537085	-8494.393779086511	100.10039132849346	1114.5664822184976	0.10556450231499698	0.2034896525763693	0.24649558579678352	1.452025750902385	1.0021950579910466	3.185686091095821	2.493365959208214	0.2944358080764308	3.345754037948065	0.2541855343784482	1.350623459397559	0.2034896525763693	0.24649558579678352	1.452025750902385	1.0021950579910466	3.185686091095821	2.493365959208214	0.2944358080764308	3.345754037948065	0.2541855343784482	1.350623459397559	6.223920110379247	0.2903112265263354	0.22625530753408327	0.21298159071297756	0.2704518752266049	0.5237566662864257	111.30986266741864	-912.869447477447	6.417817521807399E-4	1.0835053668638759	5.392407001241556E-4	4.0263039165188083E-7	0.9237903586888153
47100000	-9601.811174050936	-8689.918650716058	-911.8925233348779	-8520.245821887249	155.37623090945593	1216.5500135854943	0.08492218996617172	0.5331364236523152	0.6399350806330427	0.1612936520789126	1.513180648303107	1.222916951869381	0.3002268246027767	0.7890945565416579	3.799237411418269	0.5552840607497875	0.18424638196220383	0.5331364236523152	0.6399350806330427	0.1612936520789126	1.513180648303107	1.222916951869381	0.3002268246027767	0.7890945565416579	3.799237411418269	0.5552840607497875	0.18424638196220383	6.77751348511009	0.29582947946583693	0.20766220649689274	0.21260987119395933	0.2838984428433121	0.3783580594960094	86.01676978342189	-899.3826641873459	6.249103285831993E-4	0.9628318273159072	4.887806882745323E-4	4.4316485757498285E-7	1.0120434585692177
47200000	-9640.299246254872	-8698.99191619427	-941.3073300606004	-8532.127040679226	138.52424949997356	1284.2643466995753	0.09126969429024265	0.4959129293037884	0.2780797156455082	0.41245319497091043	0.8408301918093299	0.4602965896906735	0.12604196806603207	0.20475596010423702	3.2317797225663174	0.2579482059463437	0.49755025745438075	0.4959129293037884	0.2780797156455082	0.41245319497091043	0.8408301918093299	0.4602965896906735	0.12604196806603207	0.20475596010423702	3.2317797225663174	0.2579482059463437	0.49755025745438075	5.792100823514695	0.30802601310090977	0.21961011339188602	0.21068247421929437	0.26168139928791095	0.4918297216739071	108.24784382552939	-932.5103812507544	4.553667489518386E-4	0.8192636580048854	4.089355613161411E-4	2.4991049574428053E-7	0.9919867424657458
47300000	-9702.255786086653	-8686.352054985338	-1015.9037311013141	-8516.591789000515	130.91146161460514	1715.6134472745389	0.053736235662873166	1.3540808180575519	0.279247327457753	0.7434612138211681	0.057833407380885084	1.9261935145510432	1.3369513664307526	1.5029917490924452	4.403924729127918	0.6791386841528129	0.06512253599115717	1.3540808180575519	0.279247327457753	0.7434612138211681	0.057833407380885084	1.9261935145510432	1.3369513664307526	1.5029917490924452	4.403924729127918	0.6791386841528129	0.06512253599115717	5.630187649070711	0.294922450332514	0.2208600949230677	0.20434659666925217	0.2798708580751672	0.5068803772997399	173.29732411410484	-1000.8357532165031	3.71938849768187E-4	0.7422869203853405	3.064027407975098E-4	1.2082598236372782E-7	0.9381321724465629
47400000	-9597.916801215913	-8655.680419441718	-942.2363817741954	-8483.94850042921	111.26664396143788	1227.7493215576567	0.07276453357281357	0.5914497267180654	0.26577898599015254	0.44971081862649026	0.033509023787186974	0.8110939321570875	0.861241883192336	0.030024909005432157	2.87386742862057	0.3671269859779763	0.42965128938145947	0.5914497267180654	0.26577898599015254	0.44971081862649026	0.033509023787186974	0.8110939321570875	0.861241883192336	0.030024909005432157	2.87386742862057	0.3671269859779763	0.42965128938145947	5.452660807278531	0.30648385430464803	0.20667489107312678	0.22161784891944714	0.26522340570277914	0.4873340552695701	118.38089483360788	-932.2973049249669	6.361190777403901E-4	0.9978621552177446	4.936809467306775E-4	3.39250003053732E-7	0.9507534755200875
47500000	-9663.013895725406	-8704.369634366472	-958.6442613589326	-8532.13872791045	118.788492291689	1342.6959446023595	0.10011343946029456	1.2647127842037869	0.3106546783521144	0.022703714647204495	0.1405175188012359	1.2646568266872211	4.294757054248651	0.7951197014938389	2.492258753597106	0.43317568052446387	0.6769938383396034	1.2647127842037869	0.3106546783521144	0.022703714647204495	0.1405175188012359	1.2646568266872211	4.294757054248651	0.7951197014938389	2.492258753597106	0.43317568052446387	0.6769938383396034	6.514453246278329	0.29691614112421627	0.19647223470049177	0.22506986137830914	0.2815417627969839	0.47396380015393874	125.07562226490339	-944.523009171643	5.280147558588202E-4	0.8344124094723452	4.409937774532431E-4	1.872790839758951E-7	0.8616582833908885
47600000	-9680.26830720065	-8665.486284245682	-1014.7820229549664	-8502.541223444725	122.12123578619403	1733.339428660864	0.08457568268097528	0.6575014448686335	0.06344507959587259	0.5483261474252059	0.5914637472332802	0.34289304893409794	0.7902064756490215	0.18725987509824682	2.003357437493574	0.18253267833225048	0.21231823081882772	0.6575014448686335	0.06344507959587259	0.5483261474252059	0.5914637472332802	0.34289304893409794	0.7902064756490215	0.18725987509824682	2.003357437493574	0.18253267833225048	0.21231823081882772	5.7862468936955445	0.280769108655365	0.21200964046965612	0.21847944545945236	0.28874180541552763	0.4399386890257101	212.36992980050596	-1006.5522573188705	3.4049208621901854E-4	0.888431125285139	3.0889981152902135E-4	1.097314209073237E-7	0.9269694475059835
47700000	-9639.718386480046	-8666.28896708301	-973.429419397037	-8492.76197932844	123.82255823011947	1441.9240285305802	0.12679420951313813	0.20061861422586674	0.015569357890179658	0.16927353699645162	0.7239945829065486	0.39564745131410384	1.2814687432655465	0.007931319762822088	2.345877945355961	0.6442556139565225	0.4913026699621915	0.20061861422586674	0.015569357890179658	0.16927353699645162	0.7239945829065486	0.39564745131410384	1.2814687432655465	0.007931319762822088	2.345877945355961	0.6442556139565225	0.4913026699621915	6.51816160485029	0.28917477239912837	0.20442567219303692	0.22874753363088504	0.2776520217769508	0.509035674150664	158.042916834896	-964.7030908357225	4.7214565946521723E-4	0.888132806720388	4.152669773037319E-4	1.7203629708066672E-7	0.8968462054533227
47800000	-9664.727918260134	-8681.146736675402	-983.5811815847322	-8511.673129772971	88.46512421384503	1365.6480975473005	0.09237819311635907	0.1565472445360191	0.042453429357701966	0.5982220626454555	0.39072678915101167	1.1888127934066923	1.4376476182746634	0.2297268755405619	2.606912671330056	0.1398110205686088	0.15842592459806887	0.1565472445360191	0.042453429357701966	0.5982220626454555	0.39072678915101167	1.1888127934066923	1.4376476182746634	0.2297268755405619	2.606912671330056	0.1398110205686088	0.15842592459806887	7.208105647466058	0.29357230994978156	0.2142248236868859	0.20706095792647167	0.2851419084368621	0.553404196353745	170.1273542856099	-973.4206548745734	5.089573245825058E-4	0.8982412327981364	4.3539397332046997E-4	2.5205053221153553E-7	0.9706455895102616
47900000	-9699.49098727997	-8683.098118790844	-1016.3928684891263	-8515.989880632613	122.51995764977613	1750.9218452905318	0.09520416876827162	0.12991530481268132	0.14084675650319553	0.9054572772565492	1.594837198018498	0.3602018913472708	0.5834933367312893	0.2028543074930193	2.8630263089332666	0.08224502226452833	0.9319685591015133	0.12991530481268132	0.14084675650319553	0.9054572772565492	1.594837198018498	0.3602018913472708	0.5834933367312893	0.2028543074930193	2.8630263089332666	0.08224502226452833	0.9319685591015133	6.7867006780824015	0.2940036334163687	0.2041616441964411	0.21694852310029644	0.28488619928689496	0.5428745947965737	199.01740249894388	-1005.6555547434676	4.5008344104483595E-4	0.8485030634440414	3.203907145115662E-4	1.6081372079855E-7	0.9093526964694353
48000000	-9684.900911702152	-8691.596143773586	-993.3047679285669	-8514.1529239756	108.23014192231003	1414.7526999884578	0.08649633488940639	0.6085709274227051	0.1175024444181157	0.11181499668416	0.9359386182793068	2.386865041220163	1.1774480101604228	0.6557098595854225	2.2686065915611064	0.31695566051017987	0.4764381275715801	0.6085709274227051	0.1175024444181157	0.11181499668416	0.9359386182793068	2.386865041220163	1.1774480101604228	0.6557098595854225	2.2686065915611064	0.31695566051017987	0.4764381275715801	5.469523512911804	0.30851009998451995	0.19906620353683085	0.21362073556501968	0.27880296091363066	0.4916927027603794	176.71967711431563	-981.8647801297935	3.942132354047256E-4	0.8190817489877623	3.865159477717307E-4	1.4800167687416836E-7	0.9665383358599082
48100000	-9670.085708782086	-8683.086671010951	-986.9990377711339	-8512.58265866355	100.97308343688852	1445.3241006041221	0.08030826007330674	0.5453621915550587	0.4300868416846419	0.09613095237802656	1.0698574048044664	1.4668537160166863	1.241030255762409	0.31709497122429553	5.244105301699096	0.7680527512948371	0.17173295087506965	0.5453621915550587	0.4300868416846419	0.09613095237802656	1.0698574048044664	1.4668537160166863	1.241030255762409	0.31709497122429553	5.244105301699096	0.7680527512948371	0.17173295087506965	6.663412280804011	0.3015698770837324	0.20862498194258902	0.20530954361292447	0.2844955973607553	0.40686479268405984	156.2129389891058	-973.05888942459	4.4597235259223036E-4	0.7953587195631442	3.8347424682957676E-4	1.8085739653378118E-7	0.9482878503829385
48200000	-9691.969559957553	-8683.934097095002	-1008.0354628625514	-8519.8462673551	113.95249354877328	1691.589836785069	0.09806148838656056	0.3786240228560549	0.018853487860140752	0.23437774968884342	1.2380696314231068	0.41844826061778106	2.8543959341159226	0.7394693116713683	4.534517751830752	1.2097709761201962	0.45579254191580026	0.3786240228560549	0.018853487860140752	0.23437774968884342	1.2380696314231068	0.41844826061778106	2.8543959341159226	0.7394693116713683	4.534517751830752	1.2097709761201962	0.45579254191580026	7.167611674347338	0.30298129349270864	0.20862498194258902	0.20389812720394823	0.2844955973607553	0.5714713829897868	170.82128666795526	-993.2142745362273	3.8139401151451494E-4	0.8429746321449897	3.0251423110829064E-4	1.5759002562563405E-7	1.0458107845697495
48300000	-9702.139623063089	-8691.265145109957	-1010.8744779531308	-8521.80049374027	109.6411260726304	1662.2329466799717	0.08765532830066491	0.9769585692247097	0.12247087980562313	0.06827968721621984	0.31073409601447116	0.9689236029317149	0.907220904926282	1.1439614918684995	2.4574537379243755	0.03306920868550498	0.459159768161994	0.9769585692247097	0.12247087980562313	0.06827968721621984	0.31073409601447116	0.9689236029317149	0.907220904926282	1.1439614918684995	2.4574537379243755	0.03306920868550498	0.459159768161994	6.579663920005205	0.2882155553786917	0.20868988916606193	0.21796337665178528	0.2851311788034623	0.4475594390358751	220.89679805219706	-1001.2988285425013	3.5855798246239276E-4	0.6480490736823615	3.044183046287619E-4	1.2770524357655653E-7	1.0107632731119733
48400000	-9698.18615159217	-8674.683065685329	-1023.5030859068403	-8507.782806196159	140.09174974139057	1717.1583504260284	0.05749483605019659	0.031491823885453026	0.36520731582444393	2.1252212848315937	1.2237220073249535	0.5041800533246658	2.5457840867680694	0.1064298775694285	4.4967768736194325	0.3571040513507449	1.641079869603958	0.031491823885453026	0.36520731582444393	2.1252212848315937	1.2237220073249535	0.5041800533246658	2.5457840867680694	0.1064298775694285	4.4967768736194325	0.3571040513507449	1.641079869603958	6.525361969823379	0.29567155885824636	0.19507451153080807	0.2131888483647592	0.2960650812461876	0.4769244465383144	193.34490759314247	-1006.6855738846249	4.0195959027956906E-4	0.8565048793277885	3.505820132829581E-4	1.3185622603528203E-7	0.8897695865370053
48500000	-9608.646319947024	-8662.648732399583	-945.997587547442	-8505.73114993722	141.1648664101813	1360.181695274928	0.09687120704696264	0.13980577674569633	0.015951146088797104	0.382692786628584	1.4709935014655828	0.8906147234123463	0.629309774617203	0.41131807416150157	2.5267572567792245	0.06570570705477785	1.8572464352133065	0.13980577674569633	0.015951146088797104	0.382692786628584	1.4709935014655828	0.8906147234123463	0.629309774617203	0.41131807416150157	2.5267572567792245	0.06570570705477785	1.8572464352133065	5.500474908640479	0.29791241711978245	0.21527380227598428	0.2055930611189451	0.28122071948528937	0.40415810094196347	101.13332579447203	-935.3064577941827	6.128455095491357E-4	0.8982721235689601	4.297150395316685E-4	2.5646411045501984E-7	0.8815537261673935
48600000	-9662.82953962836	-8694.111092850138	-968.71844677822	-8521.465412186233	105.65057569633808	1335.479813352647	0.10770006520594426	0.4888554225602797	0.14598412610563027	0.5953918734863072	0.7400002851325563	1.4044729500728266	0.39017704477105236	1.641666120236986	2.311736174322975	0.2907315134122116	1.7818524652437182	0.4888554225602797	0.14598412610563027	0.5953918734863072	0.7400002851325563	1.4044729500728266	0.39017704477105236	1.641666120236986	2.311736174322975	0.2907315134122116	1.7818524652437182	6.047009382117515	0.3083335462721092	0.20393198309466865	0.21759633257835018	0.2701381380548732	0.4374677639811852	152.1338512312522	-956.4145019471462	5.166455063653406E-4	0.8808362005466984	4.4908249541118967E-4	2.1449929326118602E-7	0.9112471800106685
48700000	-9621.60109915733	-8687.028928265541	-934.5721708917882	-8516.21051338429	86.27247545678978	1051.0935073558703	0.10383994236434568	0.96110088795699	0.09963058977979981	0.426812239387345	1.4072654024114037	0.25669612581116374	2.6679399116067	0.1219268099989412	1.5075484541591833	0.8112173939063875	0.18249024789492996	0.96110088795699	0.09963058977979981	0.426812239387345	1.4072654024114037	0.25669612581116374	2.6679399116067	0.1219268099989412	1.5075484541591833	0.8112173939063875	0.18249024789492996	5.588203513404289	0.31375423826462245	0.2056305470895545	0.19639389642492705	0.2842213182208972	0.4473724026272507	113.53021095979385	-923.3233454691466	6.441276871519134E-4	0.9777473324682329	5.2828320979551E-4	3.043945969711878E-7	0.9502346608693283
48800000	-9642.86950598635	-8698.50480306563	-944.3647029207186	-8524.254976704253	78.04372235051355	1031.0991939616752	0.0886855455350662	0.5388159683802175	0.020768572048313966	1.035636039656673	1.4957510575192636	1.8554934931652198	1.3499429734224722	1.725602323956255	7.291631424291876	0.12261143444723926	0.5970111276281109	0.5388159683802175	0.020768572048313966	1.035636039656673	1.4957510575192636	1.8554934931652198	1.3499429734224722	1.725602323956255	7.291631424291876	0.12261143444723926	0.5970111276281109	6.672051121101675	0.2973137815465937	0.20957388883953937	0.20627012283022225	0.28684220678364586	0.38626848368267125	109.59048442357896	-925.4511289482605	6.488088388112378E-4	0.907595873007138	5.16228991519242E-4	4.1646533943485015E-7	1.0970696544267229
48900000	-9606.771717285934	-8680.034586848778	-926.7371304371563	-8518.32440795985	83.76741080175951	1066.1770674297918	0.09902945519916402	0.5232919162002349	0.06703684193082801	0.12191871844940882	2.4401393696668356	0.6498551479622169	1.8693348090870003	0.9590861577086334	2.9216522923243726	0.38252744335260186	0.5831253403110928	0.5232919162002349	0.06703684193082801	0.12191871844940882	2.4401393696668356	0.6498551479622169	1.8693348090870003	0.9590861577086334	2.9216522923243726	0.38252744335260186	0.5831253403110928	5.968508844021041	0.2880791938622121	0.20957388883953937	0.21825063693665545	0.2840962803615943	0.5179726214899236	104.11675919354096	-913.1175717112411	7.487536175129515E-4	0.9979986252524716	5.643617292603681E-4	6.116068508907825E-7	1.0801573938641202
49000000	-9614.815051022413	-8692.101560981446	-922.7134900409674	-8528.120642451178	86.82446923246992	1053.7050237059743	0.11997015340455375	2.459391510815156	0.09267409646904379	0.7274648676751935	0.9326607574032448	1.3431878520939702	1.3701097959474067	0.21456181147803896	4.935974501664953	0.2265886658868959	0.5654769753663684	2.459391510815156	0.09267409646904379	0.7274648676751935	0.9326607574032448	1.3431878520939702	1.3701097959474067	0.21456181147803896	4.935974501664953	0.2265886658868959	0.5654769753663684	6.319102941055394	0.2985989682500852	0.19866683034024363	0.22066228132506926	0.28207192008460313	0.432102640849193	92.25658121368691	-907.1278739324422	7.262798903116141E-4	0.9795395713698847	5.553722196716939E-4	4.950609799148679E-7	1.017238245308295
49100000	-9653.168568590718	-8695.385333985447	-957.7832346052703	-8518.668519085779	95.8036361680814	1312.606200129959	0.09040083809951323	0.015301255164427966	0.2684875751297294	0.28461882880724093	0.5427880983938576	0.6323651035947091	1.6712059293154247	0.2884566399932916	2.9189152352040937	0.229380102630455	0.337949778489567	0.015301255164427966	0.2684875751297294	0.28461882880724093	0.5427880983938576	0.6323651035947091	1.6712059293154247	0.2884566399932916	2.9189152352040937	0.229380102630455	0.337949778489567	6.415745822634872	0.2989575404095495	0.1976794483209338	0.2095299449678128	0.293833066301705	0.5039700299218938	130.723406064647	-947.9147520993854	4.897719547373656E-4	0.8731818279856282	3.9417264931326275E-4	2.1021930166207202E-7	1.023567304630073
49200000	-9648.444455985213	-8655.922331254218	-992.522124730995	-8487.83307279764	89.22134580042751	1447.3247608036825	0.08512855964559496	0.2788363943067134	0.03562467868231089	0.26061262355653503	0.853024764175261	1.307346496390742	0.21434273001789003	0.26748677190114023	2.9068714352426364	0.07328349604709004	0.3680831807978443	0.2788363943067134	0.03562467868231089	0.26061262355653503	0.853024764175261	1.307346496390742	0.21434273001789003	0.26748677190114023	2.9068714352426364	0.07328349604709004	0.3680831807978443	6.068822774476366	0.296176734407707	0.22470686092923803	0.20924775625924932	0.2698686484038068	0.5029679048712019	160.68443648672732	-983.9325538898856	3.619425784567778E-4	0.7263324224757239	3.851704071813214E-4	1.0738964072764122E-7	0.8531032962513838
49300000	-9651.334897839282	-8707.201334488129	-944.1335633511536	-8528.142565260056	93.87880808365964	1160.1351785536551	0.12376094981992687	0.12765866980319374	0.04794657266996633	1.688609505547576	1.1061828129591096	1.5472229998217728	0.9775183052343951	0.9576167769402294	1.922355213943654	0.14015685978280545	0.8292560741187515	0.12765866980319374	0.04794657266996633	1.688609505547576	1.1061828129591096	1.5472229998217728	0.9775183052343951	0.9576167769402294	1.922355213943654	0.14015685978280545	0.8292560741187515	5.990011551173145	0.29218930041910496	0.21110115963553644	0.21934974204034116	0.2773597979050185	0.5693084428440093	120.22067887505588	-932.7677409315713	5.399361820987483E-4	0.8058669468033401	4.953771143012436E-4	2.2253838518918102E-7	0.8692527668120239
49400000	-9661.004456717332	-8654.289680928821	-1006.7147757885109	-8493.701119554667	98.90446101768964	1480.905932908094	0.09430926150898823	0.3373917186721006	0.02507655592044363	0.28199637031043406	3.766294406749559	0.7395012340347934	0.9771823131547863	0.1714470603500133	4.468115295798832	0.1102955175605937	0.803214208835769	0.3373917186721006	0.02507655592044363	0.28199637031043406	3.766294406749559	0.7395012340347934	0.9771823131547863	0.1714470603500133	4.468115295798832	0.1102955175605937	0.803214208835769	7.304057239195185	0.2991525547211839	0.19464039647151785	0.2123864877382622	0.29382056106903714	0.537933519904358	180.93869845803405	-992.0371286093186	4.382735653098243E-4	0.8452049709226724	3.7296199665747204E-4	1.6079479024534588E-7	0.9644939429135181
49500000	-9691.148651176492	-8692.936557553308	-998.2120936231834	-8527.073799564829	112.23408274416302	1515.1093860955552	0.05897209354726754	0.4820429475726524	0.04786901855650036	0.07804610317747174	1.3231121579885436	1.5272437335227445	0.3272990041609504	0.021426469729251062	3.39709045918793	1.1792951574575048	0.0340039401298229	0.4820429475726524	0.04786901855650036	0.07804610317747174	1.3231121579885436	1.5272437335227445	0.3272990041609504	0.021426469729251062	3.39709045918793	1.1792951574575048	0.0340039401298229	6.977129605350641	0.312822398063667	0.2112341150314168	0.20137921070969045	0.2745642761952268	0.4745440725355694	166.0545333636201	-986.9251183092456	3.8634643812541884E-4	0.7252182178064669	3.6826772389354865E-4	1.417826563012524E-7	0.9021872284291883
49600000	-9674.90868096829	-8681.02102929246	-993.8876516758305	-8515.35790084504	131.14497619632698	1611.1013816439356	0.07758909930457139	0.3316812716107267	0.3800451106695498	0.7150199342392776	1.6437224740056748	0.27651869973065735	2.3306137103361984	0.6170146190787621	5.235552726000186	0.42346583519342573	0.1168074878532132	0.3316812716107267	0.3800451106695498	0.7150199342392776	1.6437224740056748	0.27651869973065735	2.3306137103361984	0.6170146190787621	5.235552726000186	0.42346583519342573	0.1168074878532132	6.804059948883116	0.31211704711603777	0.20758397929036207	0.19892891586986522	0.281370057723736	0.379743652770796	152.2086034558739	-979.01359768491	4.442456308738145E-4	0.8438925098472428	3.2876236676122303E-4	1.6813893311631072E-7	0.9672347211418244
49700000	-9695.584800753324	-8697.750104185197	-997.8346965681271	-8528.281117319444	101.65190454801288	1471.757693472265	0.051948744270342455	0.24628167400783121	0.7079794150138934	0.2605978538907125	0.20134060600361664	0.40286609160050646	1.4007225316730298	0.3604447032424243	2.768435468449095	0.30851481593043734	0.026497202065394496	0.24628167400783121	0.7079794150138934	0.2605978538907125	0.20134060600361664	0.40286609160050646	1.4007225316730298	0.3604447032424243	2.768435468449095	0.30851481593043734	0.026497202065394496	7.2527855204127984	0.31211704711603777	0.19679460381550778	0.21149239041034845	0.2795959586581071	0.45779258936916467	158.5730915543879	-987.9197239519331	4.2072209540564514E-4	0.7497809764109884	3.5118468112200433E-4	1.4702261093425417E-7	0.9367832961826558
49800000	-9629.138706342406	-8689.864332294563	-939.274374047843	-8519.623698065909	149.38256129482716	1209.115860445268	0.12476437818677691	0.3310614620190364	0.01991044275260078	0.18232504382025225	0.8479891535239572	0.8306118158490127	1.8286090408167088	0.018972419167517608	4.552963713575163	0.2625874960106742	0.0926602697655036	0.3310614620190364	0.01991044275260078	0.18232504382025225	0.8479891535239572	0.8306118158490127	1.8286090408167088	0.018972419167517608	4.552963713575163	0.2625874960106742	0.0926602697655036	6.366732432498452	0.31392990912661706	0.20155780543652407	0.21149239041034845	0.2730198950265115	0.521878793607495	115.93156648735737	-927.9496225394286	5.828316795698118E-4	0.8566967820047603	4.4921694081439677E-4	3.3896205962032195E-7	0.975807594097483
49900000	-9605.220097136067	-8685.045797498404	-920.1742996376629	-8523.040053427787	80.27830597839794	999.995394266117	0.0678467416724273	0.8593702412149504	0.2264323294152092	1.4011522044623683	0.16151622163547155	0.7217849301738407	2.8418563335023435	0.14288184616293678	3.6561342780222947	0.32249554505259775	1.202265573642313	0.8593702412149504	0.2264323294152092	1.4011522044623683	0.16151622163547155	0.7217849301738407	2.8418563335023435	0.14288184616293678	3.6561342780222947	0.32249554505259775	1.202265573642313	6.182489127434396	0.2810806621647232	0.20648294354117483	0.2200623998744699	0.29237399441963313	0.5623708237928499	106.81548677080002	-905.2012095085977	6.651746544631812E-4	0.9677353955785681	5.86009762450334E-4	5.141017390693207E-7	1.0501273136135871
50000000	-9686.941077070363	-8698.455715638862	-988.485361431501	-8526.821606355188	116.22850531889426	1540.840334165774	0.0541545531320162	0.027174766797135996	0.0738332657211275	2.3356160393863146	0.2817915527242108	1.0510852404212268	1.4265286834199202	1.1005080835165368	3.99697407781052	0.09629270592028463	0.2877646522970904	0.027174766797135996	0.0738332657211275	2.3356160393863146	0.2817915527242108	1.0510852404212268	1.4265286834199202	1.1005080835165368	3.99697407781052	0.09629270592028463	0.2877646522970904	6.706450157248683	0.2990649739566569	0.20648294354117483	0.2200623998744699	0.27438968262769947	0.5336380494612114	161.3216573603505	-974.9233530747308	3.8866607827128314E-4	0.7183522056540788	3.5256450779009186E-4	2.196936100464706E-7	1.116681925696528
50100000	-9665.77380745079	-8687.434956987201	-978.3388504635888	-8521.924458838943	90.69318960685358	1386.1595386113574	0.07738467500943247	0.25259077170837974	0.0899454680028615	0.6530632264472934	0.8056578010467405	0.9405019041053814	0.45644471085286625	1.1794863612910405	4.636355085503046	0.7314619522578892	0.8714129331854968	0.25259077170837974	0.0899454680028615	0.6530632264472934	0.8056578010467405	0.9405019041053814	0.45644471085286625	1.1794863612910405	4.636355085503046	0.7314619522578892	0.8714129331854968	5.824120801002629	0.2908853967956016	0.21468111813461327	0.20342701003627908	0.29100647503350713	0.44746535150005623	160.84682341918494	-965.9761551557966	4.5833975610803246E-4	0.5639556902494499	4.047751877880971E-4	1.0492344656072317E-7	0.7003588483417129
50200000	-9685.191586900624	-8677.803957441869	-1007.3876294587558	-8508.014451669847	116.73509773586417	1602.0084321377096	0.06970818393162749	0.16499743909812037	0.420262128496617	0.3831722958555915	0.022643081071046435	0.5130885263765824	0.3779326209011461	0.27919337963287805	5.024977115836285	0.061565877179515845	0.10068704712629088	0.16499743909812037	0.420262128496617	0.3831722958555915	0.022643081071046435	0.5130885263765824	0.3779326209011461	0.27919337963287805	5.024977115836285	0.061565877179515845	0.10068704712629088	6.158660375174019	0.29763630153549087	0.21468111813461327	0.21022167216398674	0.27746090816591024	0.39518638985186844	170.06033720727532	-997.7425282023565	3.548359312263798E-4	0.7372745590322128	3.4603408487605584E-4	6.785780641633081E-8	0.6766937726346401
50300000	-9697.820678327545	-8695.932883411038	-1001.8877949165075	-8525.975118948216	143.1755704079635	1627.0743765962934	0.08017116173884246	0.0826456142621612	0.25162298021979373	1.216330416079548	0.2531300839889238	1.4743898395705577	1.554506786818979	0.11357860430094209	5.471160605486049	0.31115544993006	1.0761235373210545	0.0826456142621612	0.25162298021979373	1.216330416079548	0.2531300839889238	1.4743898395705577	1.554506786818979	0.11357860430094209	5.471160605486049	0.31115544993006	1.0761235373210545	6.749956166141666	0.2950337670223264	0.21496195117648467	0.20035099972690115	0.28965328207428886	0.4644459418391864	163.92939591159066	-987.302098570884	4.676265920913192E-4	0.801507540364778	3.616735261420545E-4	7.59176336589019E-8	0.6493972077393217
50400000	-9578.331683585995	-8666.17517109874	-912.1565124872553	-8492.007047328967	94.0475292988962	1074.794439606671	0.09628850541055042	0.3948643449209925	0.1562652682326442	0.5861980002257953	0.22115927125154625	0.8146317897800643	0.7258300572663939	0.06886989265348337	2.3859149789046272	0.09595274488396102	0.10671004304654057	0.3948643449209925	0.1562652682326442	0.5861980002257953	0.22115927125154625	0.8146317897800643	0.7258300572663939	0.06886989265348337	2.3859149789046272	0.09595274488396102	0.10671004304654057	6.093953725948395	0.30511302660462686	0.20371668941192117	0.21618847099025926	0.2749818129931938	0.5125756681889492	97.31444274582935	-903.0077875919275	8.401247275999936E-4	1.0901107705269188	5.003463407374417E-4	7.219162321100073E-7	1.1791783804750726
50500000	-9638.009174305158	-8692.690843242643	-945.3183310625159	-8518.705701971998	89.85387949180017	1250.1278536850773	0.20111045297929384	0.8814614641865548	0.12112967842504285	0.007801177403710769	1.5866190083527867	0.4534540252934225	1.6462431580569115	0.3734875949569261	2.333106058227129	0.013300852219949118	0.10367316459330643	0.8814614641865548	0.12112967842504285	0.007801177403710769	1.5866190083527867	0.4534540252934225	1.6462431580569115	0.3734875949569261	2.333106058227129	0.013300852219949118	0.10367316459330643	6.82338697336851	0.30531870550935747	0.21212412303387904	0.2075753584635708	0.2749818129931938	0.42744535666751177	121.98340355539757	-935.9175542195688	5.555219166363133E-4	0.838929351919787	4.359527779736496E-4	2.5353419244685555E-7	0.9910667452107912
50600000	-9677.171321461414	-8719.536209473146	-957.6351119882671	-8535.340923972704	123.39776315399563	1363.4198544117894	0.07890674125080607	1.3970284563660056	0.5582308903521263	0.08898235600779128	4.472940298397941	2.510250092994903	1.1742015409134834	1.6557795061317981	2.994354433750651	0.3606302292084788	0.66301158770672	1.3970284563660056	0.5582308903521263	0.08898235600779128	4.472940298397941	2.510250092994903	1.1742015409134834	1.6557795061317981	2.994354433750651	0.3606302292084788	0.66301158770672	5.582573048825086	0.29950209527828964	0.2135054380889496	0.20366744351969945	0.28332502311306246	0.4701095549239376	123.39348832459812	-938.8815562103682	6.004617540040945E-4	0.9163921934113683	3.7934673907696355E-4	3.5819914436226983E-7	1.0920877942076532
50700000	-9700.536509485442	-8690.606477263818	-1009.9300322216236	-8518.009877693583	109.63361273383084	1638.6853844199413	0.06349120852520997	0.6252232017925394	0.21626959802494633	0.2411011157504436	1.6989879962721053	0.6762760659067563	0.8420278820890372	1.3000316781157286	1.7366733771396583	0.5971602533264989	0.3422432199528738	0.6252232017925394	0.21626959802494633	0.2411011157504436	1.6989879962721053	0.6762760659067563	0.8420278820890372	1.3000316781157286	1.7366733771396583	0.5971602533264989	0.3422432199528738	6.021453359182248	0.3129722020838826	0.20846103536543875	0.20495222841310226	0.2736145341375775	0.46691244349124195	158.58819000273442	-999.4224996278592	3.4760619852089594E-4	0.6757222581763422	3.359232362195499E-4	6.238188862147571E-8	0.6741760046991557
50800000	-9711.393323969047	-8688.672506044548	-1022.7208179244997	-8515.130184549445	137.14285282917874	1681.7639520825458	0.07699318876486423	3.161502893255739	0.5250498482277695	1.5355467614515457	0.956102556656016	0.5549194334099103	0.9121141931755595	1.1018183308161158	7.439739561868747	0.5509779310735134	2.7248418263972356	3.161502893255739	0.5250498482277695	1.5355467614515457	0.956102556656016	0.5549194334099103	0.9121141931755595	1.1018183308161158	7.439739561868747	0.5509779310735134	2.7248418263972356	5.843866732012826	0.2951111564183912	0.20449003101955385	0.21558174651507012	0.284817066046986	0.6156680614870393	192.9450360781735	-1000.4027661158863	3.7391536389337615E-4	0.8508047258383552	3.24772148432724E-4	1.6441477725008938E-7	1.0340759954843666
50900000	-9665.128501333053	-8692.329762315758	-972.7987390172954	-8521.593675194874	130.3817395732343	1453.7181521337018	0.10606157141861547	0.6935338841453579	0.05617123917302299	1.8791680210493082	0.6546205402753879	0.6167884033454316	3.571763089501404	0.21168006188275587	3.566956502923974	0.31459951449750584	1.7456463111541674	0.6935338841453579	0.05617123917302299	1.8791680210493082	0.6546205402753879	0.6167884033454316	3.571763089501404	0.21168006188275587	3.566956502923974	0.31459951449750584	1.7456463111541674	6.0955508972507495	0.2920844381917398	0.21290833074926555	0.21793346593544607	0.27707376512354975	0.5011224006418973	131.35957782932897	-956.9619753494048	5.116977676748337E-4	0.9210188887166185	3.7672310558512504E-4	2.540639760247578E-7	1.0800385969026984
51000000	-9705.348074446267	-8721.442220554773	-983.9058538914934	-8550.949922457161	97.50530088543607	1435.3333943581392	0.09635219326557702	0.12425473993749372	0.044037739382654616	0.30661164292585463	1.260070848063172	0.4946899469632259	2.271225564808656	0.3066338489943188	3.205700671031441	0.713345070190866	0.5419662857505546	0.12425473993749372	0.044037739382654616	0.30661164292585463	1.260070848063172	0.4946899469632259	2.271225564808656	0.3066338489943188	3.205700671031441	0.713345070190866	0.5419662857505546	6.03592866549079	0.2980658661853697	0.21290833074926555	0.20467022975091287	0.28435557331445305	0.5045165867988827	157.06510398538492	-972.9461715077392	4.065899887320597E-4	0.6332075755662995	3.8283189522886677E-4	1.9896314747485597E-7	1.0197087026099443
51100000	-9639.786000006381	-8712.317754345211	-927.4682456611705	-8536.07119838918	92.53545861713056	1124.6150839347238	0.1515480932941826	1.9077660785492436	0.08842230149448795	0.06407942152450509	0.8949349354139908	0.215612307820031	1.1550271205729328	0.13392739406464052	3.2743527677808597	0.09673099222664705	0.08149654466840618	1.9077660785492436	0.08842230149448795	0.06407942152450509	0.8949349354139908	0.215612307820031	1.1550271205729328	0.13392739406464052	3.2743527677808597	0.09673099222664705	0.08149654466840618	5.632981956330256	0.3159218779394291	0.1980979457066972	0.2141182531143769	0.27186192323949787	0.603910282214645	122.87356014065034	-917.2619145507233	5.6877810381806E-4	0.9139195186507866	5.010211979041419E-4	3.766633181653441E-7	1.0595341835296976
51200000	-9588.358981965577	-8697.10965214093	-891.2493298246455	-8532.04980555252	100.9505348585933	969.7362707572869	0.12386046580327918	0.05945717284618904	0.07324561288985056	0.8836132636533697	0.5262681448739323	1.0267256600426224	0.12252303598334571	0.17445089543774653	4.102578917822808	0.4043288114509767	0.10374956065534463	0.05945717284618904	0.07324561288985056	0.8836132636533697	0.5262681448739323	1.0267256600426224	0.12252303598334571	0.17445089543774653	4.102578917822808	0.4043288114509767	0.10374956065534463	6.35984115122132	0.30614310857175336	0.20173302221761452	0.21531085887899679	0.27681301033163636	0.5691746338918057	83.89155950466062	-881.2512614673926	6.648840885865335E-4	0.9472677275968522	5.551047120951903E-4	4.311130513797264E-7	0.938688861791946
51300000	-9650.954327949694	-8676.323200053317	-974.6311278963761	-8509.544820508345	94.62899476766798	1336.3011918378186	0.0480023905749522	0.6180619510124409	0.5372024608164302	0.22976246588819796	0.1420360057963496	0.5671554607071382	1.1445832953639132	0.36498090550962514	3.3039923538296567	0.2207569540971191	0.8516654316387635	0.6180619510124409	0.5372024608164302	0.22976246588819796	0.1420360057963496	0.5671554607071382	1.1445832953639132	0.36498090550962514	3.3039923538296567	0.2207569540971191	0.8516654316387635	5.65664883872388	0.30614310857175336	0.19986852669815666	0.20916507079733643	0.2848232939327546	0.42193238826834306	139.13601726980104	-963.3719988739134	4.9436442928249E-4	0.8513298268759171	4.050132265357623E-4	2.519940378677724E-7	1.076862299742891
51400000	-9632.692003286516	-8678.256088950107	-954.4359143364087	-8514.23349697141	105.98876708111189	1322.7486789851669	0.07132722988664794	0.005062485307094875	0.06051056126713617	0.295635263412693	0.20402493004811098	1.2838898998546302	0.3342321182635601	0.07565773466081435	3.3626865954458895	0.12798458747376562	1.1739929027045062	0.005062485307094875	0.06051056126713617	0.295635263412693	0.20402493004811098	1.2838898998546302	0.3342321182635601	0.07565773466081435	3.3626865954458895	0.12798458747376562	1.1739929027045062	5.8465649343925845	0.3071625625428462	0.20840878140112198	0.20916507079733643	0.27526358525869643	0.41271212949084496	145.4805414254443	-944.510624816722	5.472441447638814E-4	0.8934782820814461	4.0647002260680925E-4	2.0524395846825955E-7	0.935475433395034
51500000	-9658.517875812242	-8675.719067919643	-982.7988078925997	-8507.282115224356	146.00699310322997	1472.2711748839624	0.09604521160782283	0.035436290069550146	0.033242799962929066	0.7696989090231262	1.5958734065886395	0.8030530987435099	0.5016209591567906	0.6660700851901422	3.401961290736398	0.09087318778217467	0.7850565336934971	0.035436290069550146	0.033242799962929066	0.7696989090231262	1.5958734065886395	0.8030530987435099	0.5016209591567906	0.6660700851901422	3.401961290736398	0.09087318778217467	0.7850565336934971	6.693200464892489	0.2850236233692307	0.2271936519144481	0.2099894408950981	0.2777932838212241	0.5091750400129741	151.18792924992732	-971.2777048494983	5.280697817785415E-4	0.8862080055838366	4.012339035608232E-4	1.8837047855466663E-7	0.9133583492103516
51600000	-9620.23685221758	-8701.617183895769	-918.6196683218118	-8531.683755963166	96.0422706290502	1077.0961950513915	0.1562402301537681	0.4356569707577595	0.43578286460920046	0.551385713374393	6.207002250584745	0.5853844752359232	3.027816232594994	0.5885463309105007	7.420127391534151	0.6573194493655967	0.42715235617128794	0.4356569707577595	0.43578286460920046	0.551385713374393	6.207002250584745	0.5853844752359232	3.027816232594994	0.5885463309105007	7.420127391534151	0.6573194493655967	0.42715235617128794	5.835416746547917	0.2850236233692307	0.2144702596112447	0.21936364759940233	0.2811424694201233	0.5498949944964376	95.49338705235914	-896.8674350447328	6.082019647206676E-4	0.7314732732148913	5.382112619377863E-4	2.7577553805739496E-7	0.8682251604320835
51700000	-9628.545413548833	-8659.370397335308	-969.1750162135243	-8496.043340140472	178.25276210893398	1561.9164558944524	0.07602710482584882	0.7114844068603611	0.41678124228752605	1.5835656546872612	0.7624939485403536	0.6017584648690505	0.9903519914067109	0.19523952056639376	3.678588531722525	0.2640383523333605	0.6594669166806711	0.7114844068603611	0.41678124228752605	1.5835656546872612	0.7624939485403536	0.6017584648690505	0.9903519914067109	0.19523952056639376	3.678588531722525	0.2640383523333605	0.6594669166806711	6.699699319654401	0.3030041509943804	0.20035201747398954	0.20525641284098292	0.2913874186906481	0.500612167894524	157.07258230259345	-955.7036635319387	5.951494146513135E-4	0.9472400012777831	3.9431648898517903E-4	2.5176535240062965E-7	0.9106785371476639
51800000	-9671.912062953148	-8696.237335704844	-975.6747272483038	-8535.529368294203	102.8449673535558	1432.9167014240177	0.06781713398345415	0.5309163190768117	0.6030394219130786	0.19188608502378654	0.6133666824863497	2.3472649666080936	0.15115342086020028	0.46113791334663073	4.687325234657806	0.25558657555356673	0.3628046376330833	0.5309163190768117	0.6030394219130786	0.19188608502378654	0.6133666824863497	2.3472649666080936	0.15115342086020028	0.46113791334663073	4.687325234657806	0.25558657555356673	0.3628046376330833	6.011195332691856	0.30308748249396	0.20903267713516788	0.19995799920802748	0.2879218411628456	0.5241649242584693	140.0873978645682	-962.8806853752299	5.064349423064125E-4	0.7250128487069558	3.9607759297165756E-4	1.7596700239003534E-7	0.8721119669562822
51900000	-9664.023520900726	-8693.79464925232	-970.228871648405	-8532.475929543496	76.52717929158513	1197.836154054389	0.08570945847858279	1.0714887921596876	0.08527197452560345	0.10631573699024882	1.3462393899863019	0.8587651948821738	2.037568440399492	1.222166073224425	6.963549298076567	0.013793660809793988	0.6210767508147531	1.0714887921596876	0.08527197452560345	0.10631573699024882	1.3462393899863019	0.8587651948821738	2.037568440399492	1.222166073224425	6.963549298076567	0.013793660809793988	0.6210767508147531	7.19236086146752	0.30276537041491125	0.2239869077496939	0.19839472140759126	0.27485300042780453	0.47469530127141535	143.33498496062055	-952.8351375507294	5.662916375740993E-4	0.8611652853604833	4.6341018373872176E-4	1.7678031953160414E-7	0.809643526680913
52000000	-9659.940226693168	-8669.3017274208	-990.6384992723684	-8501.838815510739	89.55874335117842	1383.7653926083422	0.062472883416075584	0.3175616624624947	0.2896047521156458	0.13711555301219752	0.06982556164047307	0.18962261041312434	1.3444522160451648	0.34668359383920716	7.8901690336141135	0.10576036596951341	1.041770759827541	0.3175616624624947	0.2896047521156458	0.13711555301219752	0.06982556164047307	0.18962261041312434	1.3444522160451648	0.34668359383920716	7.8901690336141135	0.10576036596951341	1.041770759827541	6.394474530662445	0.30633883362994285	0.21545751271340302	0.20648269492913282	0.2717209587275223	0.4972150251121733	169.06147948885217	-976.0551759661632	4.4827629218031727E-4	0.7451870055360809	4.0266251451981085E-4	1.594361511556707E-7	0.9080221642476454
52100000	-9699.570438679977	-8691.764857723938	-1007.805580956039	-8529.468961281265	116.70747954002692	1650.8745675980247	0.04644780373059919	0.07433044090322992	0.4641143716732734	1.0468902304232577	0.5677642865322078	0.44336504506414665	3.0908861603717552	0.012710351609297952	5.6047732916646575	0.09086044753124253	0.2518051001709598	0.07433044090322992	0.4641143716732734	1.0468902304232577	0.5677642865322078	0.44336504506414665	3.0908861603717552	0.012710351609297952	5.6047732916646575	0.09086044753124253	0.2518051001709598	5.9683565449393114	0.30275220452228113	0.20370780744906614	0.21749452075740133	0.27604546727125234	0.4650160698578178	173.26590045528982	-993.0672999350978	4.197929749054892E-4	0.7353021779383234	3.457498187030109E-4	7.641393869110671E-8	0.7092759839457404
52200000	-9661.64777100829	-8694.342797860001	-967.3049731482889	-8519.348041199288	105.1488415748207	1341.1270600399653	0.08793467452733317	0.6039496375978818	0.11495190949939703	0.32057459665156807	0.21071496231752185	0.7535598981330625	0.7435600386193721	0.005890995217517546	1.6258404409979743	0.05774724143682996	0.1871997484144161	0.6039496375978818	0.11495190949939703	0.32057459665156807	0.21071496231752185	0.7535598981330625	0.7435600386193721	0.005890995217517546	1.6258404409979743	0.05774724143682996	0.1871997484144161	6.910808695946501	0.31417959405530094	0.20681196312223127	0.21153782166234622	0.2674706211601225	0.42619520742163114	141.08068080233505	-959.8349805531462	5.267771547914875E-4	0.8631950376559268	4.2874241899979094E-4	1.70594653021281E-7	0.8441451273771875
52300000	-9626.235539371412	-8663.053804576333	-963.1817347950777	-8494.448874287427	101.0435513074519	1275.8459052714927	0.08146581331306046	1.3155457702850444	0.32263777569660357	0.8433756302812424	0.045014543156004415	1.9345435982459158	1.138264678561416	2.9737378813968682	3.894563640579733	1.2997961524529498	0.7912271468231719	1.3155457702850444	0.32263777569660357	0.8433756302812424	0.045014543156004415	1.9345435982459158	1.138264678561416	2.9737378813968682	3.894563640579733	1.2997961524529498	0.7912271468231719	5.574387266985858	0.30826849229734987	0.2109988070714443	0.20570853108841847	0.2750241695427883	0.5930059732538913	140.3081928329613	-945.4130901424531	6.12428253025539E-4	0.9449633933676305	4.577879768185051E-4	3.2123874367580114E-7	0.9962622809928865
52400000	-9601.18555927423	-8672.721408508827	-928.4641507654038	-8508.540968460402	105.2120529540312	1168.7973620933465	0.07741854791160661	0.3883009304575008	0.0780117099795821	0.24560706337212038	1.0541585519233458	0.8741277820186661	0.6760044700359021	0.06489884597265926	3.7527691688018505	0.3360897959366162	2.1895531404103306	0.3883009304575008	0.0780117099795821	0.24560706337212038	1.0541585519233458	0.8741277820186661	0.6760044700359021	0.06489884597265926	3.7527691688018505	0.3360897959366162	2.1895531404103306	6.373049105390767	0.3138793574272759	0.2057538496578193	0.20012368279439152	0.2802431101205142	0.6327473954876874	113.16296457069019	-915.614547964447	6.144477029661582E-4	0.8930650433206113	4.828836634394207E-4	3.3154780674764174E-7	0.9109563773842518
52500000	-9696.113849089783	-8684.375453091598	-1011.7383959981861	-8523.042172458014	135.47626528020118	1646.6793982361594	0.09257006879928432	0.08112101014222603	0.00748262309355335	0.12285872400150435	2.8254140492558633	0.4754009823039777	0.7460676395039035	0.8832243193811122	1.78263122109184	0.22307320381691367	0.44800209908473404	0.08112101014222603	0.00748262309355335	0.12285872400150435	2.8254140492558633	0.4754009823039777	0.7460676395039035	0.8832243193811122	1.78263122109184	0.22307320381691367	0.44800209908473404	6.857229033534979	0.303567821184046	0.20365362197913836	0.2125354467163023	0.2802431101205142	0.5959399191864603	199.69363727896499	-1001.1498310992945	4.2066007681229237E-4	0.8447507447640721	3.471443696462598E-4	1.3782001980434631E-7	0.9198871364564799
52600000	-9625.628042559623	-8692.432625375675	-933.1954171839482	-8525.149224166944	128.6073316518719	1148.7515873691966	0.11713519519106293	0.2209927033059007	0.04688220740069817	0.7478048211673975	1.122620206152863	0.5117412359859876	2.9364967968622144	0.7057238434304046	2.8864176920997315	0.9262385458907819	0.020958846351465468	0.2209927033059007	0.04688220740069817	0.7478048211673975	1.122620206152863	0.5117412359859876	2.9364967968622144	0.7057238434304046	2.8864176920997315	0.9262385458907819	0.020958846351465468	5.7420954257340595	0.29686130762620505	0.20365362197913836	0.20679922190309272	0.2926858484915648	0.45397497709688467	125.28452040165655	-920.4335313175263	6.478766514019949E-4	0.9298354763475392	4.778954382414121E-4	3.345639826778306E-7	0.9331220194978138
52700000	-9531.917564384437	-8660.718680949496	-871.1988834349415	-8502.55463525972	69.60163068932289	816.3031556532283	0.12189336919901232	0.48343765961756413	0.13189064203201897	0.5314959778790788	0.572972645172817	0.5766601431740191	1.7874264496116417	0.042186124364998585	1.5214661333449149	0.09894490999321721	0.18851561365207734	0.48343765961756413	0.13189064203201897	0.5314959778790788	0.572972645172817	0.5766601431740191	1.7874264496116417	0.042186124364998585	1.5214661333449149	0.09894490999321721	0.18851561365207734	7.654718673168743	0.30710393888287246	0.20884706344646856	0.2141642399646043	0.26988475770605563	0.3996698580527461	86.29550275933097	-861.493786555728	9.720170502237276E-4	1.1105145605338087	6.905269335637686E-4	1.5915235327618133E-6	1.3919817975428774
52800000	-9567.263836347624	-8699.440840774112	-867.8229955735122	-8536.329758740127	61.440298458366684	754.9641443133092	0.09108221233249622	0.662667805263458	1.20452864358557	0.3182445889566149	0.03345555850851625	2.4159156525570156	0.17242702898812168	0.6285544004677983	5.364962762107	0.6983227022033968	0.1282511770919096	0.662667805263458	1.20452864358557	0.3182445889566149	0.03345555850851625	2.4159156525570156	0.17242702898812168	0.6285544004677983	5.364962762107	0.6983227022033968	0.1282511770919096	6.57600005873141	0.28436226921482416	0.20105141625429027	0.2291856481016689	0.28540066642921763	0.3554076900543742	72.87954456460055	-852.8249971631756	9.145626117248827E-4	1.0697352141854524	7.531663544144591E-4	1.2362978441765112E-6	1.2998543600532828
52900000	-9690.774192300334	-8685.94800974232	-1004.8261825580145	-8518.854169551925	111.7254397682379	1500.3850807816582	0.07020038057084554	0.817794057131939	1.8297480534125213E-4	0.7456887148530618	0.330578693532128	0.7020806021635283	0.617032693790169	0.5490359822974595	3.528011084054162	0.06435717757929922	0.3978317602411131	0.817794057131939	1.8297480534125213E-4	0.7456887148530618	0.330578693532128	0.7020806021635283	0.617032693790169	0.5490359822974595	3.528011084054162	0.06435717757929922	0.3978317602411131	7.1481522595726945	0.2906986766337142	0.210988950671959	0.2173554409266006	0.2809569317677271	0.5758305650775316	137.42837228541438	-993.8907660929833	4.647402052505747E-4	0.8841546886726531	3.573383300893834E-4	2.42474379522367E-7	1.1453267552220463
53000000	-9582.305211240366	-8690.873999280364	-891.4312119600025	-8530.917669490505	117.16432464435418	1040.4121083484827	0.13398545897939404	0.044302592483339655	0.0061619077446978	0.11873513134500428	2.4323184787841825	0.6137304669257759	0.40868091430981296	0.12385387142052937	3.5546990703896313	0.31980791613639714	0.30523977458170587	0.044302592483339655	0.0061619077446978	0.11873513134500428	2.4323184787841825	0.6137304669257759	0.40868091430981296	0.12385387142052937	3.5546990703896313	0.31980791613639714	0.30523977458170587	6.741282925409084	0.32037690127949886	0.19737324805453005	0.1991427957305189	0.2831070549354531	0.6300976023789051	80.60554075436056	-880.72935506568	7.524439741325639E-4	0.9283124457304295	4.930581976048214E-4	6.808458946107307E-7	1.1204473540463906
53100000	-9635.068392426714	-8693.001258109487	-942.0671343172277	-8522.342695931431	113.03662963353179	1287.627685574801	0.09006554003030938	0.7367346435039566	0.05123474292945889	0.5191351011763407	0.5852726151065316	0.33060835129402927	1.404850773744087	0.488590639384745	3.588994165893221	0.9589343188562942	0.6782266978843309	0.7367346435039566	0.05123474292945889	0.5191351011763407	0.5852726151065316	0.33060835129402927	1.404850773744087	0.488590639384745	3.588994165893221	0.9589343188562942	0.6782266978843309	6.089688330606719	0.3024555533815978	0.2135342656803842	0.20371125908569968	0.28029892185231925	0.42067385337659047	133.96646435281394	-930.3946565492695	5.118157389107728E-4	0.8028446796683555	3.951385125979143E-4	1.9972178682824884E-7	0.913092541218307
53200000	-9644.51512972832	-8707.331247085778	-937.1838826425418	-8545.20344169603	110.27271716164735	1171.9673835475953	0.07899058830707535	0.06413306713678654	0.06999495579143775	0.5000818744654513	0.01166885262324307	1.0279115247543047	0.665508414388511	0.02746492602876724	2.562247074271672	0.07852730777456345	0.592592901215768	0.06413306713678654	0.06999495579143775	0.5000818744654513	0.01166885262324307	1.0279115247543047	0.665508414388511	0.02746492602876724	2.562247074271672	0.07852730777456345	0.592592901215768	5.4741623360209255	0.31013750528621975	0.21205213705358134	0.21274223475751788	0.2650681229026819	0.5244460914513704	114.58812565206641	-928.8579827176942	5.889298394522971E-4	0.8962488514240385	5.017203568679588E-4	3.157981838262346E-7	0.9281529232745004
53300000	-9594.294227150585	-8667.636658385769	-926.6575687648171	-8503.885004008771	110.0239793852624	1221.0534721896524	0.09090793458128371	0.36395171309134083	0.024646851003912906	0.3811184898838195	0.14999318710131898	0.81362974210107	0.10282458920542846	0.04108550241618364	2.566050774479422	0.20269289937249516	0.03223554125046587	0.36395171309134083	0.024646851003912906	0.3811184898838195	0.14999318710131898	0.81362974210107	0.10282458920542846	0.04108550241618364	2.566050774479422	0.20269289937249516	0.03223554125046587	6.159254135149139	0.291333356755023	0.2109730430991779	0.21769340370473475	0.28000019644106516	0.5425317311454272	103.86006204692205	-919.1937464294691	6.375496948549008E-4	0.9165031481920606	4.786178350078981E-4	3.682045506741382E-7	0.9894697906340763
53400000	-9728.688470893776	-8686.749468158525	-1041.9390027352517	-8518.084476411535	126.19354886471311	1878.3382345098112	0.04933249392767524	0.5367267261871409	0.0034675293001296572	0.8355810133658984	1.237872484617157	0.7006219848659462	1.668909273752514	0.16399133805171556	4.435312435122991	0.7463457938490602	0.5419951932895282	0.5367267261871409	0.0034675293001296572	0.8355810133658984	1.237872484617157	0.7006219848659462	1.668909273752514	0.16399133805171556	4.435312435122991	0.7463457938490602	0.5419951932895282	6.018923109803581	0.3020226766695962	0.21448861993772855	0.20074466453181414	0.28274403886086197	0.48247317500705644	202.8035047486547	-1027.8030148876128	3.71783253969432E-4	0.786881782421482	2.8926109257233323E-4	1.0919721757235497E-7	0.8815552423429808
53500000	-9655.825791529118	-8669.878621474936	-985.9471700541808	-8509.95423472028	114.09156600809516	1440.4416648140932	0.07088698997438896	0.6095048530358816	0.042755325396094515	0.06681037130674879	0.9914112679338091	0.5704935050171156	1.311531571083084	0.062057233250788456	2.6038203952196977	0.2929603609525046	0.1179482998825466	0.6095048530358816	0.042755325396094515	0.06681037130674879	0.9914112679338091	0.5704935050171156	1.311531571083084	0.062057233250788456	2.6038203952196977	0.2929603609525046	0.1179482998825466	6.126797611256451	0.2920518545701541	0.2009786272534258	0.21421672239180106	0.2927527957846199	0.6279237366934949	130.43634952812369	-976.6852015159789	4.1581324989621604E-4	0.7960141191245614	3.674312127607823E-4	1.4281956030618393E-7	0.8810811191764776
53600000	-9641.207710768826	-8658.689254610752	-982.5184561580736	-8484.145161685707	120.87017045346963	1493.7296636541512	0.09134028438831637	0.04079297343316544	0.20397139601857356	0.6763724990395369	0.8028643832407181	0.2858033462375673	0.49271170175299406	1.8507582368893083	1.1506117954111543	0.10823355190867874	0.09423787550551657	0.04079297343316544	0.20397139601857356	0.6763724990395369	0.8028643832407181	0.2858033462375673	0.49271170175299406	1.8507582368893083	1.1506117954111543	0.10823355190867874	0.09423787550551657	7.117621797945112	0.30267141720265567	0.20062489439077297	0.20754711582671928	0.28915657257985294	0.5760355791141729	167.4388018757962	-973.2456717052904	4.3182378135432284E-4	1.0501510771043583	4.005045598225019E-4	2.1825685419175322E-7	0.9852526247549365
53700000	-9645.844073051441	-8670.881963741183	-974.9621093102584	-8500.829591811394	104.80989625718759	1414.4463024329118	0.10974141310196776	0.010043526533613768	0.10222357795213026	1.8223144072488962	2.444513453494924	1.477949101127145	1.3529619085779088	1.0197478771219013	3.4516874900644767	0.26585708054758833	0.1747975394477078	0.010043526533613768	0.10222357795213026	1.8223144072488962	2.444513453494924	1.477949101127145	1.3529619085779088	1.0197478771219013	3.4516874900644767	0.26585708054758833	0.1747975394477078	6.589604395479616	0.30267141720265567	0.22033035027024347	0.19793489737313655	0.27906333515396514	0.5581873782863662	157.84859467078667	-960.1262313427743	4.893366546429849E-4	0.8746680452900821	3.906664052422813E-4	2.016026311333373E-7	0.9649230764117376
53800000	-9682.525205777652	-8695.940222292407	-986.5849834852446	-8527.064477789194	125.18727651213908	1514.2843133537035	0.07614899991929801	0.5337968072513011	0.17970948528224992	0.27756231696787614	2.2129197455140996	0.9837607851823112	3.5716204711023356	1.0365135710056774	1.848468084338198	0.4950746530727629	1.1338257747629754	0.5337968072513011	0.17970948528224992	0.27756231696787614	2.2129197455140996	0.9837607851823112	3.5716204711023356	1.0365135710056774	1.848468084338198	0.4950746530727629	1.1338257747629754	6.027835520281411	0.3038306565876761	0.21164021135672792	0.20576290817438647	0.2787662238812103	0.47324938948598994	149.91010724331485	-971.7736504654882	4.100421975392224E-4	0.8268357206893411	3.577269736710811E-4	1.6781361171787383E-7	0.9386599863866595
53900000	-9609.098109343046	-8679.817155222849	-929.280954120196	-8516.457398963232	79.81408836856858	1074.1202231983054	0.10369613489552369	0.002208664386973378	0.34502103870695866	0.40895591133066395	0.3235719782963921	1.1597195788417183	0.5535834208024928	0.10927478062532235	4.095173033771637	0.8020038240828444	0.4473751452148799	0.002208664386973378	0.34502103870695866	0.40895591133066395	0.3235719782963921	1.1597195788417183	0.5535834208024928	0.10927478062532235	4.095173033771637	0.8020038240828444	0.4473751452148799	5.4823608629327305	0.2857593866068306	0.20417964149391676	0.21175812860566792	0.29830284329358553	0.48669883120057594	104.86805976262805	-918.781457802056	6.47978820108252E-4	0.841482898624355	5.264890138284792E-4	3.077594730162152E-7	0.9245968699763601
54000000	-9671.648546392293	-8671.944959065504	-999.7035873267881	-8501.156137262027	111.04569662185845	1624.8220393493023	0.07050890405285117	0.5029018948169869	0.23360109543100346	0.8410153469316165	0.46188469134153315	0.4236659019157036	0.5234074479669634	0.2879925113670935	2.0525115594288668	0.2869342728713963	0.22633761875806854	0.5029018948169869	0.23360109543100346	0.8410153469316165	0.46188469134153315	0.4236659019157036	0.5234074479669634	0.2879925113670935	2.0525115594288668	0.2869342728713963	0.22633761875806854	6.071539803796197	0.2851235108150195	0.2166635758042164	0.22674594378548557	0.27146696959527933	0.35224742890761046	174.23152932474662	-991.5004962823582	4.100081998392795E-4	0.7565311495876096	3.3281573619092547E-4	1.374093190114846E-7	0.9062371115338466
54100000	-9667.02155726037	-8673.237170013017	-993.7843872473535	-8507.503317149101	126.6455468027578	1561.2569697243257	0.08798424523927942	0.09352512133552185	0.06832197179203373	0.21335719855460988	1.8874812411969095	0.7180253473024195	1.8269233311228215	0.03179525447049354	2.1339885547013817	0.806121068553799	1.1695394742687284	0.09352512133552185	0.06832197179203373	0.21335719855460988	1.8874812411969095	0.7180253473024195	1.8269233311228215	0.03179525447049354	2.1339885547013817	0.806121068553799	1.1695394742687284	6.45797841681291	0.2900300096432345	0.20936203678323895	0.21397449222185358	0.28663346135167383	0.4663204724924048	173.23002695389707	-982.5148460258907	4.3684692168778296E-4	0.7297923941999397	3.644401979526702E-4	1.5672566322753528E-7	0.8681903950798314
54200000	-9659.63358940415	-8673.081569782356	-986.5520196217939	-8504.468442778947	123.37676422244688	1572.8141267450715	0.07634579883773486	0.9668603330145115	0.08766148852205653	0.08604381750008022	1.0380184120429075	0.8048620644288588	1.2824301393692232	0.040321645761209036	4.18612087115588	0.08455686786993055	0.5854927692239311	0.9668603330145115	0.08766148852205653	0.08604381750008022	1.0380184120429075	0.8048620644288588	1.2824301393692232	0.040321645761209036	4.18612087115588	0.08455686786993055	0.5854927692239311	6.308728815241939	0.29250366633526276	0.20936203678323895	0.21938190258573306	0.27875239429576604	0.43579866053928257	145.41544785071568	-975.1500030842532	4.3699315891918054E-4	0.7301611780710501	3.428570198285733E-4	1.176487041669621E-7	0.8406866760271741
54300000	-9689.124191001985	-8674.381288771383	-1014.7429022306019	-8505.810613559752	124.13109494508052	1647.7678040358421	0.048175753761750095	9.116779694765428E-4	0.055959692123593766	1.058285682543216	0.21701417984407356	0.8352100626390606	1.4209672793795136	0.14557580538409112	6.133467941114749	0.3369837578264737	0.7214404657002733	9.116779694765428E-4	0.055959692123593766	1.058285682543216	0.21701417984407356	0.8352100626390606	1.4209672793795136	0.14557580538409112	6.133467941114749	0.3369837578264737	0.7214404657002733	5.474571573194022	0.3049696351164105	0.20241295935996137	0.2123793490272099	0.2802380564964189	0.4943489147924009	187.29285846057485	-1000.9351261918973	3.7569207537843587E-4	0.7176874737568243	3.4417435267276565E-4	8.919718869343947E-8	0.7568287475589056
54400000	-9646.492051864376	-8674.797977543067	-971.6940743213091	-8515.295067961826	125.2447925731775	1497.7122670652413	0.0442586208665641	0.05570570051518595	0.21434178781407404	1.1126448510701425	0.8219973279253339	1.1916106937114965	0.6163027050020385	0.2269564965556389	3.7185334986616274	0.23407232886584478	0.22346285149762632	0.05570570051518595	0.21434178781407404	1.1126448510701425	0.8219973279253339	1.1916106937114965	0.6163027050020385	0.2269564965556389	3.7185334986616274	0.23407232886584478	0.22346285149762632	6.649398447626092	0.29617285005590777	0.21043142899260958	0.22147467306496435	0.271921047886519	0.35185338406574196	143.37380260532026	-959.5211347116854	5.159014042958744E-4	0.9093256381401431	4.0152314887236364E-4	1.8124039526777046E-7	0.8691821195044711
54500000	-9657.765558820194	-8721.651745316374	-936.1138135038206	-8554.047244386691	87.33826615651915	1147.9877233332481	0.09138793999218586	0.6207756000622575	0.10706710223460686	0.15371238885541716	0.5993958862535196	1.1310618133647863	1.040936587741088	0.14699829571787357	3.7271629008004203	0.34471905037194356	1.4012090145481477	0.6207756000622575	0.10706710223460686	0.15371238885541716	0.5993958862535196	1.1310618133647863	1.040936587741088	0.14699829571787357	3.7271629008004203	0.34471905037194356	1.4012090145481477	6.018195955133615	0.28130719177669805	0.21043142899260958	0.21992207846169687	0.28833930076899617	0.5957243414918432	108.94149229063831	-923.8496299790827	7.141819922553322E-4	0.914212839781154	4.999184052528797E-4	4.06210163935929E-7	1.0443302770516278
54600000	-9658.851574213413	-8683.48845267461	-975.3631215388037	-8509.150039028866	119.48986432489633	1531.0581894085885	0.06416744891890208	0.7272350138535311	0.10903488767161436	0.2560071824484133	0.08153127399473545	0.7813584419846674	2.7364725608485276	0.4022902834268601	3.2481052046814507	0.4637026293273383	0.527678601462387	0.7272350138535311	0.10903488767161436	0.2560071824484133	0.08153127399473545	0.7813584419846674	2.7364725608485276	0.4022902834268601	3.2481052046814507	0.4637026293273383	0.527678601462387	6.892602365159771	0.2961559119554395	0.21043142899260958	0.2030678682311663	0.2903447908207853	0.4191411919857076	155.5787286667833	-963.070384829621	5.064426607127985E-4	0.7568884566916583	3.459139418125522E-4	1.434992328641733E-7	0.8538102284208677
54700000	-9617.691347745205	-8669.408464855296	-948.2828828899097	-8504.218794246985	111.36262309850873	1254.0718520592475	0.1258850298376757	0.060111952286113754	0.012089879288231745	0.35688738832417727	2.1014470582033904	0.8096894735570551	0.19357175928026402	0.011510435402312934	2.125595265315408	0.062076320410697605	1.536589853393542	0.060111952286113754	0.012089879288231745	0.35688738832417727	2.1014470582033904	0.8096894735570551	0.19357175928026402	0.011510435402312934	2.125595265315408	0.062076320410697605	1.536589853393542	7.147023117295956	0.29159505823279747	0.21510376531002434	0.19889672439091724	0.29440445206626153	0.5390635326261979	123.51511454268599	-938.0546462082807	5.766073657830486E-4	0.9771603393383186	4.7603316207308764E-4	3.235204597293012E-7	1.0219344780400013
54800000	-9692.250501893981	-8683.30865293667	-1008.9418489573118	-8514.289107685616	121.16253230945415	1636.1696506061319	0.10014906545560673	0.16802670836561193	0.11526398835922001	0.3593663114123957	2.415578490146439	0.47250673379777186	4.779335160564256	0.28975157422352416	4.2412902133595045	0.3016976314911436	0.3533021179928409	0.16802670836561193	0.11526398835922001	0.3593663114123957	2.415578490146439	0.47250673379777186	4.779335160564256	0.28975157422352416	4.2412902133595045	0.3016976314911436	0.3533021179928409	6.195480263955243	0.28903429805139913	0.2142689787355782	0.21800361961557957	0.2786931035974437	0.48345825080049876	196.99897471787153	-993.2131341755908	4.2545980512282284E-4	0.7408296878937486	3.3859405605407046E-4	2.3679288939981143E-7	1.1626515715041479
54900000	-9689.655664461523	-8680.058726255971	-1009.5969382055528	-8511.897666319568	126.91968700622252	1612.4412318716988	0.05137436647285084	0.2108462499112293	0.4945991509647729	0.6156313002253884	0.10896873996690287	0.9175587004762743	2.037804526481484	1.0490480119742065	2.5127851756821764	0.767742588699711	1.987058654292542	0.2108462499112293	0.4945991509647729	0.6156313002253884	0.10896873996690287	0.9175587004762743	2.037804526481484	1.0490480119742065	2.5127851756821764	0.767742588699711	1.987058654292542	6.402789175992354	0.3080807329456711	0.2142689787355782	0.21587186220475135	0.26177842611399993	0.4376030582199438	206.07009568684202	-995.5806651385142	4.319277353264812E-4	0.7737997416616459	3.367556555932438E-4	1.7603351363738124E-7	1.0129111902618113
55000000	-9679.77627107631	-8697.621583476564	-982.154687599747	-8526.620991251126	123.33063968280281	1503.6546309121813	0.17399603542449787	0.52387717111869	0.011084351692760418	0.2683713928479947	5.891260616294638	0.9170768633336714	1.3564230242922684	2.730191189675488	2.0535544589879304	0.4337831697846575	0.04994751825977591	0.52387717111869	0.011084351692760418	0.2683713928479947	5.891260616294638	0.9170768633336714	1.3564230242922684	2.730191189675488	2.0535544589879304	0.4337831697846575	0.04994751825977591	5.95989494647071	0.31588972155859857	0.21628353909376302	0.20864493769711917	0.25918180165051985	0.38214698516094925	157.86092678831758	-966.4688285083594	4.043922774257802E-4	0.7742462719904236	3.3878930295062453E-4	1.5226542476600696E-7	0.9889838780478549
55100000	-9675.79868970195	-8690.376653671854	-985.4220360300953	-8521.387951944878	127.46173198372875	1408.4760517009227	0.10122586403835096	1.6036205095638136	0.022750322029038768	0.3038057730857994	0.0955379705731464	0.061869101469532714	1.2716282657888445	0.0715534183848016	2.7230170644155876	0.5398675533010794	0.4833022575555709	1.6036205095638136	0.022750322029038768	0.3038057730857994	0.0955379705731464	0.061869101469532714	1.2716282657888445	0.0715534183848016	2.7230170644155876	0.5398675533010794	0.4833022575555709	6.174896214211679	0.31997657932266527	0.20117140492815874	0.20871766477384485	0.27013435097533167	0.47174765705757027	148.73259292311957	-975.6561633620039	4.589082808003966E-4	0.892806928623646	4.3516118183223334E-4	1.7165702047097415E-7	0.8684183890702412
55200000	-9588.981388436961	-8706.52823179124	-882.4531566457207	-8535.849947211826	68.37921510146953	877.8416810165185	0.13352163087272145	0.5195591915185495	0.37651334646596485	1.005121470876831	0.17687980366323097	1.8408531855961459	1.0853183843391834	0.505106425245823	5.339544271228546	0.6079511022119053	0.37215325229583734	0.5195591915185495	0.37651334646596485	1.005121470876831	0.17687980366323097	1.8408531855961459	1.0853183843391834	0.505106425245823	5.339544271228546	0.6079511022119053	0.37215325229583734	6.037630544965471	0.30775327156436655	0.20795982372925778	0.19768963434646014	0.28659727035991606	0.533846135902485	85.61407699161617	-868.6470926362127	7.390879659629383E-4	0.7651320179867621	6.427766757897801E-4	6.398609967092539E-7	1.0336557756819544
55300000	-9651.287837574466	-8673.121843343471	-978.1659942309948	-8508.553829737051	112.04611498879856	1479.5956609757359	0.07411543136776132	0.17672291176509625	0.004123498143852753	0.44347873620414485	0.259356328188848	0.028336529219641467	4.534484467992195	0.3260589309093367	3.514546518554173	0.42721414540880503	0.18439950780655384	0.17672291176509625	0.004123498143852753	0.44347873620414485	0.259356328188848	0.028336529219641467	4.534484467992195	0.3260589309093367	3.514546518554173	0.42721414540880503	0.18439950780655384	6.351758988898119	0.28877640390372494	0.2107821299972439	0.216579228467692	0.28386223763133966	0.5685903915919678	144.30533735009337	-965.2078699337612	4.8188721580389116E-4	0.9010493888423994	3.7763113367889745E-4	3.3574797610533267E-7	1.169601718151991
55400000	-9588.342537075561	-8673.008383485507	-915.3341535900544	-8509.512395821508	113.37411886673323	1167.8172923339412	0.16230703324314097	0.17875251713264245	0.006062032010894731	0.17006014555614563	1.7525112684568211	0.21607361290730218	1.355987395846509	0.08183463382628198	3.429954421959359	0.1672621750149012	1.1739066131213187	0.17875251713264245	0.006062032010894731	0.17006014555614563	1.7525112684568211	0.21607361290730218	1.355987395846509	0.08183463382628198	3.429954421959359	0.1672621750149012	1.1739066131213187	6.4929041745836615	0.29470367933189273	0.2133205006196018	0.20818012547408438	0.28379569457442155	0.6740829007506965	105.0419541223	-904.5329410948152	6.028925121093923E-4	0.8781832820574207	4.553074312049536E-4	2.1579785301093454E-7	0.8567007333284102
55500000	-9591.090152421242	-8668.128591997653	-922.9615604235905	-8510.406919824143	185.95677515648708	1322.9533512530566	0.15109938673558354	0.002244187955235474	0.02675360145172275	1.1161821084273404	2.7228449980543132	0.32153292605851846	2.7836629710753518	1.7628195575049348	6.613968169474569	0.5216506426843557	1.4894765637553251	0.002244187955235474	0.02675360145172275	1.1161821084273404	2.7228449980543132	0.32153292605851846	2.7836629710753518	1.7628195575049348	6.613968169474569	0.5216506426843557	1.4894765637553251	6.114906275658195	0.3135070239904645	0.21278344356469261	0.1974999050533887	0.27620962739145466	0.5626214523920625	106.15108408277032	-902.3552756219946	7.339838560907792E-4	1.1303617373732024	3.9593684800533663E-4	1.4719241846017313E-6	1.6034532527042349
55600000	-9636.520489409148	-8697.476135980583	-939.0443534285638	-8527.019358675667	88.57264968779438	1106.8789786340974	0.11367349302368211	0.19544910990417974	0.531170757551305	1.6296053035044478	0.964078548632087	1.1794556431441203	4.067271024877549	0.014551159619394224	2.121801669345258	0.4017586095539914	1.0774683995826333	0.19544910990417974	0.531170757551305	1.6296053035044478	0.964078548632087	1.1794556431441203	4.067271024877549	0.014551159619394224	2.121801669345258	0.4017586095539914	1.0774683995826333	7.254092730015062	0.3007397880758504	0.22158292153487683	0.19973555105196936	0.27794173933730393	0.5084466766446344	109.9757853957482	-924.7286041568334	4.810845033368115E-4	0.794179370847144	4.661954236623188E-4	9.413563208834425E-7	1.6929580453513724
55700000	-9641.068396610559	-8682.240826167586	-958.8275704429732	-8512.983265818497	108.15768072055201	1235.971692991961	0.0797222424493592	0.09903384242332484	0.05491014650618683	1.5398889588857756	0.28914340091013335	1.8059208377585092	0.06859424381937171	0.5660489913111763	2.869412556576322	0.10440774848731914	1.4238536295825164	0.09903384242332484	0.05491014650618683	1.5398889588857756	0.28914340091013335	1.8059208377585092	0.06859424381937171	0.5660489913111763	2.869412556576322	0.10440774848731914	1.4238536295825164	6.7491725973622705	0.30220427948884265	0.20122493313457981	0.21870916626879314	0.2778616211077849	0.4665152372135036	137.95547947986995	-947.4739077218788	4.4215336164950736E-4	0.796344766554698	4.4772944574774195E-4	6.58612956929684E-7	1.6696711474778474
55800000	-9656.640481831162	-8675.194861516105	-981.4456203150565	-8507.233058065014	148.31998962157937	1524.9322481008462	0.08422856984931569	0.8509834314004553	0.13811833996995082	0.3753151180913123	1.5044475399482873	1.1477291984584657	0.6625365169686819	0.39400927249783824	5.926020219506558	0.1593443145233983	0.5274299150941285	0.8509834314004553	0.13811833996995082	0.3753151180913123	1.5044475399482873	1.1477291984584657	0.6625365169686819	0.39400927249783824	5.926020219506558	0.1593443145233983	0.5274299150941285	6.182851156927495	0.291715265298051	0.21171394732537147	0.2050541067293007	0.29151668064727737	0.45080659641088844	151.0261743706752	-966.9673126165764	4.991060394323808E-4	0.878656374588671	3.681758656308201E-4	4.811089641881328E-7	1.367011271917099
55900000	-9689.012115749774	-8704.242349338707	-984.769766411067	-8538.843910189307	125.6113040385725	1470.078471247585	0.078909755208193	0.35641905503833987	0.0979841399131891	0.2775363104091398	0.1264134764332461	1.856658698613116	1.6648955479632686	1.114602835043405	7.388899596869045	0.7473928858411668	1.4311014927314196	0.35641905503833987	0.0979841399131891	0.2775363104091398	0.1264134764332461	1.856658698613116	1.6648955479632686	1.114602835043405	7.388899596869045	0.7473928858411668	1.4311014927314196	5.63044825395352	0.291715265298051	0.21171394732537147	0.2050541067293007	0.29151668064727737	0.6234169010958157	151.77445844253182	-967.5401785477869	4.618252356595374E-4	0.6730318519073901	3.6077077586916807E-4	6.207238244224856E-7	1.5202998040096867
56000000	-9735.434218455914	-8724.191174449923	-1011.2430440059915	-8556.483284499203	148.19024325960243	1660.4083578768327	0.13230529994296877	0.03308124705291255	0.008445265111712967	0.8054950409939191	2.6895489148776877	0.22976232425169207	0.5937452562737399	0.07655304268379194	1.4348154300855915	0.04015777975714357	0.20836880685397585	0.03308124705291255	0.008445265111712967	0.8054950409939191	2.6895489148776877	0.22976232425169207	0.5937452562737399	0.07655304268379194	1.4348154300855915	0.04015777975714357	0.20836880685397585	5.7555184120394856	0.3032862118888493	0.20435476019823853	0.2197298080313943	0.2726292198815183	0.46474096262648273	199.9281540849508	-1003.4473406991624	4.0546330155686905E-4	0.6938530936629668	3.2158229384099326E-4	2.4787112828354997E-7	1.2524808814414705
56100000	-9713.315332694656	-8674.85423532431	-1038.461097370345	-8505.821772249888	286.86662482390636	2383.6696222286573	0.05468017555080782	0.0040718471361074725	0.13165401860516326	0.24836851274394228	1.1155000920754148	0.055764141418345244	2.0294863450356577	0.23478830351551583	2.6171057570786163	0.10156463900566039	0.36270621505873124	0.0040718471361074725	0.13165401860516326	0.24836851274394228	1.1155000920754148	0.055764141418345244	2.0294863450356577	0.23478830351551583	2.6171057570786163	0.10156463900566039	0.36270621505873124	6.000247457447711	0.2964231681296857	0.22408097523032924	0.20659485470904185	0.2729010019309436	0.47964809414198517	233.20996849783074	-1028.0461730404372	3.6739991090785525E-4	0.8938495114957971	2.1396801562353598E-4	1.3075803960736984E-7	1.1064734870923694
56200000	-9701.60260526367	-8657.8316704134	-1043.7709348502704	-8488.763600088116	187.3729521180324	2061.5836828264437	0.05902751312043855	0.26461558327181456	0.11737317798297006	0.49159258370730535	1.940410058713269	0.06161009901182383	1.5666774019290464	0.6884335734830804	4.687513630466823	0.21425622902186833	0.08639282527243186	0.26461558327181456	0.11737317798297006	0.49159258370730535	1.940410058713269	0.06161009901182383	1.5666774019290464	0.6884335734830804	4.687513630466823	0.21425622902186833	0.08639282527243186	6.1954106418814225	0.2935778951144764	0.21332820415829185	0.21634023970917804	0.27675366101805415	0.4673124674877547	233.0353786247614	-1030.2577642447136	3.3374122953981313E-4	0.9044289511079323	2.5137645171233153E-4	3.0152680980315224E-7	1.6574214740976296
56300000	-9725.586187392157	-8690.100441036066	-1035.4857463560907	-8523.186148790535	192.44893799632015	2093.3075790283456	0.08518133739369556	0.16451605238571212	0.05096319297432564	0.3757149784470805	1.368819637908506	1.3277903022036972	2.071519154388616	0.7427991301504993	7.110792459038584	0.508007123938758	0.4679177552756591	0.16451605238571212	0.05096319297432564	0.3757149784470805	1.368819637908506	1.3277903022036972	2.071519154388616	0.7427991301504993	7.110792459038584	0.508007123938758	0.4679177552756591	6.237841331300814	0.3127649336067102	0.19983332248895266	0.20138905938925608	0.28601268451508144	0.4740909436468831	208.19722980542596	-1018.5405241209174	2.849888351004182E-4	0.8795098336829298	2.3820050105345387E-4	2.011949358150372E-7	1.3662793781063909
56400000	-9691.764709740959	-8698.661873573818	-993.1028361671412	-8533.468545440424	87.91402490017924	1371.0604033459288	0.055852613238708194	0.4276895219755346	0.05636765434407427	1.4337989163969223	2.9858705355262494	1.2404873548364905	1.3110993886000382	0.851372889289287	4.090771515553857	0.7156746241624412	0.09343705277590006	0.4276895219755346	0.05636765434407427	1.4337989163969223	2.9858705355262494	1.2404873548364905	1.3110993886000382	0.851372889289287	4.090771515553857	0.7156746241624412	0.09343705277590006	7.464868603763671	0.288285857982694	0.19117375336548328	0.23673612690028845	0.2838042617515347	0.40756164107428283	151.69928824833767	-976.627566476714	3.90294742605897E-4	0.8495682574300123	3.959626215459499E-4	3.223924866034625E-7	1.329245186849439
56500000	-9642.938133571111	-8700.893128234085	-942.0450053370254	-8531.392683885559	91.73649436253268	1132.4606417394555	0.10191091799968506	0.031029978551133337	0.2919428457001301	1.0869695676249778	1.463543751711471	1.0027174868348616	0.012328902621691697	0.856844481153529	3.735609565737206	0.3664175032871422	1.7813002708089605	0.031029978551133337	0.2919428457001301	1.0869695676249778	1.463543751711471	1.0027174868348616	0.012328902621691697	0.856844481153529	3.735609565737206	0.3664175032871422	1.7813002708089605	6.512984528140139	0.28982811703839567	0.20405734687415683	0.22231027433591327	0.2838042617515347	0.46450627710315556	128.34607248039873	-929.129233511191	5.514710653169427E-4	0.7848728679572189	5.065333961642099E-4	6.266535688532783E-7	1.353049052511622
56600000	-9612.133242812377	-8688.823056806435	-923.3101860059413	-8519.648706725058	144.6106965634745	1209.0559280248708	0.07810257001069114	0.2928422522929189	0.002583336727631679	0.34199481178046637	1.1717009976487245	0.805288768350924	0.002057425387512646	0.18074844325711503	2.8361621597439868	0.547051890792142	1.092390929093169	0.2928422522929189	0.002583336727631679	0.34199481178046637	1.1717009976487245	0.805288768350924	0.002057425387512646	0.18074844325711503	2.8361621597439868	0.547051890792142	1.092390929093169	5.640217341003784	0.30030997608242277	0.22446595016443122	0.20243993042487785	0.27278414332826867	0.4719595882656625	99.22711389793916	-913.4532917570837	5.86343616622397E-4	0.9005992448513063	4.24132565525276E-4	8.816460895375097E-7	1.4633227518749499
56700000	-9684.5571004214	-8682.873261742137	-1001.6838386792632	-8512.402073081155	173.54281132339605	1646.419339144591	0.08187124351880777	0.4506251563185201	0.0029406613254112173	0.7080978875194927	1.4050605562455523	4.480977233076467	3.060604509802719	0.4939778273665459	3.480771330479088	0.023009358307997874	0.15416529765429718	0.4506251563185201	0.0029406613254112173	0.7080978875194927	1.4050605562455523	4.480977233076467	3.060604509802719	0.4939778273665459	3.480771330479088	0.023009358307997874	0.15416529765429718	6.673909600776563	0.3127859559102872	0.21198997033656677	0.20243993042487785	0.27278414332826867	0.3929658187883537	147.8503288194268	-985.1419677553436	3.683308707147919E-4	0.7771705591128236	3.0884348615194655E-4	2.21401179282676E-7	1.249446470350962
56800000	-9651.346594295199	-8673.89231791114	-977.4542763840591	-8507.901112922504	138.05850607596975	1495.575644585501	0.04678962606534625	0.6713661632247735	0.2693755711343995	0.6627193632285752	0.1548591421580661	0.7868469373378073	0.32643879893821703	0.10333959079669175	3.2375826106452488	0.5945583035549338	0.4205770536013644	0.6713661632247735	0.2693755711343995	0.6627193632285752	0.1548591421580661	0.7868469373378073	0.32643879893821703	0.10333959079669175	3.2375826106452488	0.5945583035549338	0.4205770536013644	6.459963661822312	0.29845104416777857	0.2069742018649949	0.2170951790255822	0.2774795749416448	0.44702651932584797	167.79002722717496	-966.6717610620391	4.923970233012343E-4	0.8160671803449528	3.615379781660539E-4	4.2741575290333575E-7	1.4078270932623036
56900000	-9599.910948708393	-8676.61881123531	-923.2921374730832	-8509.966301187891	81.76567351602559	1076.7026863833316	0.09299298672310477	0.8673439836013868	0.1583878461123226	0.45322797298854406	0.10631234313089673	0.39591381020385863	1.6663374854824222	0.01962271872506389	2.978905486257306	0.14480812161785547	0.09701947687033205	0.8673439836013868	0.1583878461123226	0.45322797298854406	0.10631234313089673	0.39591381020385863	1.6663374854824222	0.01962271872506389	2.978905486257306	0.14480812161785547	0.09701947687033205	5.820863674267665	0.2870920904561835	0.21617116520936858	0.20731544400001192	0.2894213003344365	0.45845661941393956	99.73501139884158	-914.3513930545903	5.734755843733458E-4	0.7967020207246949	5.128774521557755E-4	3.0126060368152255E-7	0.9082118019940345
57000000	-9636.031876253342	-8693.717071212048	-942.3148050412946	-8531.816901361659	77.21288480023946	1144.5688238994248	0.09806507739557133	0.2620902729955462	0.050683660199226835	0.7164237786577825	0.6754917883008199	1.325011425715537	0.5960084599921973	0.030793380152805454	4.891334011720366	0.2662133365360511	1.028494051645606	0.2620902729955462	0.050683660199226835	0.7164237786577825	0.6754917883008199	1.325011425715537	0.5960084599921973	0.030793380152805454	4.891334011720366	0.2662133365360511	1.028494051645606	6.3691596759123295	0.3095936341329691	0.20064122729871592	0.20731544400001192	0.2824496945683036	0.4065215960254908	114.92019282722052	-930.0330913609399	5.215766564606221E-4	0.8797638004978662	4.552775628204656E-4	1.8998002718081168E-7	0.848175982480315
57100000	-9587.776414863363	-8693.151387489615	-894.6250273737476	-8526.506087451537	79.75899757963931	912.6836845407832	0.1277564023433692	0.47119285483770607	0.5270109307189889	0.3456524354073032	0.7811034742168049	0.6806142269409652	0.35347124396707813	0.15616303342061638	1.9660929057910865	0.3292014803248211	0.24087757526487044	0.47119285483770607	0.5270109307189889	0.3456524354073032	0.7811034742168049	0.6806142269409652	0.35347124396707813	0.15616303342061638	1.9660929057910865	0.3292014803248211	0.24087757526487044	5.703461180050524	0.29400688068782543	0.21357486504587886	0.22136495123102817	0.27105330303526803	0.44610964127224095	93.08921549707354	-886.1308062134617	7.479307778548695E-4	1.0234323671982157	5.831023557750508E-4	8.756443873536576E-7	1.2238532800569786
57200000	-9636.468700142548	-8660.659491357765	-975.8092087847833	-8501.525114661541	139.22525406822	1508.800740337051	0.12189154398168431	0.16786025936511262	0.038692853858519935	0.5623868716388866	0.8084145949488816	0.22585722517812534	1.7462381862445095	0.40078547314035573	3.8302012591195704	0.008437924360071854	1.0769048573304592	0.16786025936511262	0.038692853858519935	0.5623868716388866	0.8084145949488816	0.22585722517812534	1.7462381862445095	0.40078547314035573	3.8302012591195704	0.008437924360071854	1.0769048573304592	6.840271294579962	0.30510669761038256	0.20600544287673236	0.21034581421380688	0.2785420452990787	0.5021453003735112	140.77350894438774	-964.2919224942985	5.170565267142246E-4	0.9048792178675924	3.968175965578467E-4	3.5289602376078203E-7	1.1571675097729488
57300000	-9622.088388543367	-8676.120506787267	-945.9678817560994	-8501.048386020984	89.69964163824211	1167.0711968039357	0.08886130869388463	0.5325276511560616	0.32432773009932725	0.8010512371700863	0.11556619684946022	2.1159775955028226	0.6415122799236419	1.4999556807368994	4.665274194992657	0.27912532779096777	1.3332223722328556	0.5325276511560616	0.32432773009932725	0.8010512371700863	0.11556619684946022	2.1159775955028226	0.6415122799236419	1.4999556807368994	4.665274194992657	0.27912532779096777	1.3332223722328556	5.873907762959837	0.28870225891100537	0.2038092842727514	0.2184602378820223	0.2890282189342214	0.4581457121442409	119.37343136574073	-931.4101915838575	5.46580890672553E-4	0.7971227720426124	4.4849450261665616E-4	3.525090629356713E-7	1.13625664075893
57400000	-9612.510959409949	-8681.109584090507	-931.4013753194413	-8518.893578347115	81.88332064718927	1047.1644290229551	0.10751979234633006	0.08953881358840426	0.004007137050684057	0.15354606514168861	1.409925142331487	0.24403240163342554	0.6093311059557517	0.21540389853108846	1.7382039750551783	0.02851940925074684	1.4955874853588613	0.08953881358840426	0.004007137050684057	0.15354606514168861	1.409925142331487	0.24403240163342554	0.6093311059557517	0.21540389853108846	1.7382039750551783	0.02851940925074684	1.4955874853588613	6.51632584402472	0.3088223465024184	0.21493313772878972	0.1937696779676527	0.28247483780113963	0.4939820567913251	98.73146796907285	-921.9709429341192	7.667303608330909E-4	1.0788630382716333	5.475823021428622E-4	5.137158849170888E-7	1.073626088820929
57500000	-9597.933120081863	-8674.230474166163	-923.7026459156998	-8509.973654346755	76.35450678019643	998.5206337920853	0.11628177964675193	0.14062625465283282	0.01903855320047884	0.5383436141960086	0.7976407666271048	0.8499136843190208	0.27051492397224663	1.1687407786814636	4.16705232237989	0.057057030929883644	1.7003282426159072	0.14062625465283282	0.01903855320047884	0.5383436141960086	0.7976407666271048	0.8499136843190208	0.27051492397224663	1.1687407786814636	4.16705232237989	0.057057030929883644	1.7003282426159072	5.968018174300515	0.28570586626267114	0.21079798151500823	0.21957299919666945	0.28392315302565163	0.5443411123767188	101.6222497965617	-911.0857945923493	6.714452055440891E-4	1.044420592496252	5.68681353537781E-4	5.352568833875855E-7	1.1001474735406087
57600000	-9624.939230385055	-8709.567114380598	-915.3721160044565	-8535.451847950611	86.80954908963753	1010.1804860912468	0.2411827213439948	0.15509183258199655	0.12418720087751997	0.09751581849626224	5.117357718108935	0.18012059722556997	3.151753798862198	1.1826698205246293	1.532333802919374	0.1833619806351342	0.042806761255110855	0.15509183258199655	0.12418720087751997	0.09751581849626224	5.117357718108935	0.18012059722556997	3.151753798862198	1.1826698205246293	1.532333802919374	0.1833619806351342	0.042806761255110855	6.739938208056309	0.2940470442428561	0.1959695816188068	0.22923190643077285	0.2807514677075647	0.38517845142067325	102.60602748951092	-901.816938436105	5.659780853857504E-4	0.9151617800186831	4.905203473235594E-4	4.5946120021746737E-7	1.1694389418593192
57700000	-9614.768090047262	-8671.36841363148	-943.3996764157814	-8505.419317748161	101.08801061694354	1190.1324446589733	0.1669058598169505	0.46398768762864107	0.08688302945046364	0.07743424610931925	2.113951511007588	0.022128890509788033	1.319154760458511	0.20182572322638342	2.201642430088203	0.06808420891149167	0.1494373031250466	0.46398768762864107	0.08688302945046364	0.07743424610931925	2.113951511007588	0.022128890509788033	1.319154760458511	0.20182572322638342	2.201642430088203	0.06808420891149167	0.1494373031250466	6.089822951770388	0.3054465291272189	0.19120618181929783	0.21488068975782185	0.2884665992956618	0.7134022422089802	121.58831721052194	-934.7102924876388	5.418787275402432E-4	0.785470720911727	4.0314676097230845E-4	4.451898036006825E-7	1.2619319621384248
57800000	-9554.798374735628	-8676.20493367138	-878.5934410642469	-8494.190653250098	70.75873108065932	883.1304875744041	0.16332527078262496	0.10216400352267158	0.017476138521825096	0.6871291899751745	0.5281622068663195	1.247472486643318	0.5685617367119173	0.08016663804292888	1.2846984555950887	0.3954911351909271	0.44171335766270714	0.10216400352267158	0.017476138521825096	0.6871291899751745	0.5281622068663195	1.247472486643318	0.5685617367119173	0.08016663804292888	1.2846984555950887	0.3954911351909271	0.44171335766270714	6.580872285029185	0.305541155854951	0.2061857414859837	0.20486996792109538	0.2834031347379703	0.5190557668298478	81.87279818524186	-870.5321150304569	8.751193985321446E-4	0.9527458534939491	6.317205704516475E-4	8.2302500833987E-7	1.151051607189642
57900000	-9606.187530171792	-8690.290614325026	-915.8969158467655	-8517.526691770221	87.19355385065279	1036.1502180535101	0.13988391006515052	0.3012146815227728	0.42623308197695114	0.37547055903623644	1.7750632477572583	0.1604115604082666	3.1154368014965548	0.9122751646535985	4.089608132035803	0.11304154220401683	0.30222005385336054	0.3012146815227728	0.42623308197695114	0.37547055903623644	1.7750632477572583	0.1604115604082666	3.1154368014965548	0.9122751646535985	4.089608132035803	0.11304154220401683	0.30222005385336054	6.509739336216192	0.305541155854951	0.2013622908500933	0.210576855900813	0.2825196973941431	0.6133488774105484	93.00090570324262	-901.945263796476	5.845256617647591E-4	0.9290730753784128	4.931665014551946E-4	5.127817926109496E-7	1.1868491735762317
58000000	-9563.181639901	-8675.72418077974	-887.4574591212603	-8507.242638867463	106.34247204084963	1024.6304965812762	0.1070928820737088	1.1802549631941945	0.0639523233778697	1.214642618418895	0.7956626704656815	1.20932473311617	1.5718781671464583	1.197528597820056	3.9846735001852283	1.343214586439962	0.5307462761027617	1.1802549631941945	0.0639523233778697	1.214642618418895	0.7956626704656815	1.20932473311617	1.5718781671464583	1.197528597820056	3.9846735001852283	1.343214586439962	0.5307462761027617	6.756163103416816	0.2992218530635487	0.20341841626431667	0.20319135415013057	0.29416837652200456	0.4868575305709819	80.88660037836145	-870.8734954078578	8.632006496513055E-4	1.082589348726545	6.060114511064348E-4	7.421619128563867E-7	1.0239321068163507
58100000	-9676.057005830655	-8691.505976986826	-984.5510288438281	-8526.211572221524	165.71048093011188	1501.6654630261014	0.07041928829017936	1.0419123679109938	0.1650960504755124	2.462088132900251	0.9908406626104854	1.115879661627602	2.9939050995818888	0.8212714129807325	8.263976067151187	0.16108901334734477	0.12517661917063144	1.0419123679109938	0.1650960504755124	2.462088132900251	0.9908406626104854	1.115879661627602	2.9939050995818888	0.8212714129807325	8.263976067151187	0.16108901334734477	0.12517661917063144	5.709871040550705	0.30052297519054716	0.20341841626431667	0.22536482127518137	0.2706937872699553	0.36711037541006075	140.0600143432991	-963.5169261232002	4.904549047992734E-4	0.9423562077179817	3.590500873024313E-4	2.832424276156224E-7	1.0765955961057052
58200000	-9644.112095242275	-8717.977199438754	-926.134895803521	-8551.372768800371	75.80701064212998	1043.5257460163348	0.0909844614983125	0.09686579369717643	0.04782482531368139	1.0941032000245887	0.661243998827448	0.43886651076544425	0.9440961635121068	0.10725582917673394	2.2870448074286442	0.1941833200706417	0.21918421501397645	0.09686579369717643	0.04782482531368139	1.0941032000245887	0.661243998827448	0.43886651076544425	0.9440961635121068	0.10725582917673394	2.2870448074286442	0.1941833200706417	0.21918421501397645	6.510480473437221	0.30889270463629986	0.2091318365645421	0.21868110620420333	0.2632943525949552	0.5273374337883755	121.08944071147276	-917.4929940765497	6.164296460680074E-4	0.7792290909771632	5.55885766076613E-4	3.5724984819287637E-7	0.9332729794661361
58300000	-9632.746314914437	-8670.828696640245	-961.9176182741924	-8501.930310767179	82.69449055608582	1196.8855345151092	0.08505058795720893	0.15552653249852286	0.11902057548815333	0.08497753179172711	1.9697780724460356	0.8653933224468713	0.05977896653663491	0.6460015215047865	1.7119343182535975	0.43277764769478466	1.134454278924482	0.15552653249852286	0.11902057548815333	0.08497753179172711	1.9697780724460356	0.8653933224468713	0.05977896653663491	0.6460015215047865	1.7119343182535975	0.43277764769478466	1.134454278924482	5.873391632124592	0.30381097308425453	0.20028723225290607	0.2138964694132036	0.28200532524963634	0.4147684493899663	141.88288656438257	-952.3524514739653	5.007669896538568E-4	0.8028368819544511	4.3417920962961074E-4	1.6948331278488082E-7	0.8479863432071797
58400000	-9632.422089389469	-8663.171859785381	-969.2502296040881	-8506.207164612028	100.75410303727206	1354.139347954976	0.08212416971849162	0.38190823338655533	0.009939398802353425	0.21065425971227458	0.6988949577144062	0.257095521992794	2.3909187574482726	0.060605615618660486	3.1125835313439723	0.5229790659670748	0.41618512705712934	0.38190823338655533	0.009939398802353425	0.21065425971227458	0.6988949577144062	0.257095521992794	2.3909187574482726	0.060605615618660486	3.1125835313439723	0.5229790659670748	0.41618512705712934	6.807338741920757	0.31181149280757864	0.20583349112488397	0.22324805388081775	0.25910696218672014	0.5365511255374793	155.04330557287986	-957.9713931905217	4.892127868564968E-4	0.9331359274126863	4.0198291410352085E-4	2.0335275328354617E-7	0.961269315963419
58500000	-9655.982095719679	-8680.501471675534	-975.4806240441455	-8515.98592916514	131.18888461296063	1418.3144506720773	0.0715603245096714	0.31727785968702843	0.026942456421008894	0.5715616844664623	0.5199112116639149	1.0854172981772976	0.6429587410542381	0.9845063493798609	1.9471991999467377	0.011129524878679404	1.2523447638054355	0.31727785968702843	0.026942456421008894	0.5715616844664623	0.5199112116639149	1.0854172981772976	0.6429587410542381	0.9845063493798609	1.9471991999467377	0.011129524878679404	1.2523447638054355	6.141317049766452	0.30387297590841705	0.2118138132184912	0.2103006324285835	0.27401257844450877	0.5170821881435129	151.25240532126898	-965.0839214710167	4.701699988492972E-4	0.8969490237711345	3.8807796657765187E-4	2.1480745436245006E-7	1.0194551395281404
58600000	-9634.107071214537	-8684.107586846554	-949.9994843679838	-8514.55447061511	108.45082020346864	1304.0399584367783	0.08287536944170511	0.0781548335105053	0.37296567321856466	2.0648345567091506	0.10429670355503996	1.040281624754313	1.044293016962966	0.5739801588481143	3.6689450740045886	0.92968575681488	1.0906484421289349	0.0781548335105053	0.37296567321856466	2.0648345567091506	0.10429670355503996	1.040281624754313	1.044293016962966	0.5739801588481143	3.6689450740045886	0.92968575681488	1.0906484421289349	6.707771517673125	0.298739056565375	0.2118138132184912	0.2040053284016886	0.2854418018144457	0.4923196003032092	115.91932218095006	-936.3627590198543	5.391945532462394E-4	0.8340943032357079	4.406857843608806E-4	2.6285666806506896E-7	0.9292373183601929
58700000	-9652.763248525853	-8705.124278610609	-947.6389699152439	-8531.890932691156	127.46702916230979	1287.654771805238	0.1250143199461537	1.0336297009935567	0.10536886917820884	0.2470943122627571	1.1968458490463356	1.2882380017807376	1.700369074778967	0.5023243334201023	1.754512718379058	0.2637386514545561	0.30485618145561455	1.0336297009935567	0.10536886917820884	0.2470943122627571	1.1968458490463356	1.2882380017807376	1.700369074778967	0.5023243334201023	1.754512718379058	0.2637386514545561	0.30485618145561455	5.859908421074206	0.29814889089316293	0.21282048215492513	0.21549829635796064	0.2735323305939518	0.39764326262369376	110.90228631884234	-937.0456823003815	5.885084071496889E-4	0.918475689249355	4.0957566993071964E-4	2.165705063927866E-7	0.8171424577567058
58800000	-9607.679757048847	-8684.994894166028	-922.6848628828201	-8513.486450441424	89.29567165720624	1139.9741143203619	0.10527399581904928	0.13025885221888162	0.07434264627221723	0.40368777722378607	0.4347310777957232	1.1781799626304246	0.30217155654743916	0.6404044985666725	4.078854253796102	0.8849540665690538	1.3343009597702824	0.13025885221888162	0.07434264627221723	0.40368777722378607	0.4347310777957232	1.1781799626304246	0.30217155654743916	0.6404044985666725	4.078854253796102	0.8849540665690538	1.3343009597702824	6.69796955394655	0.29814889089316293	0.21391438126476603	0.20257627546442944	0.2853604523776421	0.33521493799086455	94.65680172949277	-911.4153892067824	5.964235472918036E-4	0.7268861829120004	4.4170497708754424E-4	1.6378264936108893E-7	0.7621251135064028
58900000	-9695.038596009535	-8688.278774503136	-1006.7598215063991	-8525.943886397994	119.3335045995058	1588.3944709668308	0.08238165819592246	0.3055133994579332	0.12357691418779168	1.12975393839774	0.9161969411583503	0.04428188798958528	1.5012195861521067	0.19882748179606602	3.2386251035539306	0.31349507926686826	0.07863406253721714	0.3055133994579332	0.12357691418779168	1.12975393839774	0.9161969411583503	0.04428188798958528	1.5012195861521067	0.19882748179606602	3.2386251035539306	0.31349507926686826	0.07863406253721714	5.9659746272685785	0.2912903342567288	0.2195168159951126	0.21394206732664886	0.27525078242151024	0.5585449913963273	171.9455353076492	-996.2629893072018	3.915965476310773E-4	0.8595599384355651	3.599957060928368E-4	1.0442745079969036E-7	0.8171490857110175
59000000	-9650.905176705259	-8675.870536540438	-975.0346401648212	-8508.10167740357	122.45189222644706	1492.4138755002487	0.09318726618909332	0.25274902574398644	0.16822646316656067	1.4634672701746532	2.0963676067218024	1.7142012352534817	3.8175196474205815	1.099196994270801	3.012534762153479	0.35521943971968745	0.8751831385146206	0.25274902574398644	0.16822646316656067	1.4634672701746532	2.0963676067218024	1.7142012352534817	3.8175196474205815	1.099196994270801	3.012534762153479	0.35521943971968745	0.8751831385146206	5.691554589295441	0.29851491340106473	0.21252896401760055	0.20258927138886434	0.28636685119247096	0.47743904954278993	129.34736912358903	-958.5271512618631	4.368638848745545E-4	0.6799358249843898	3.66189560262838E-4	1.8165725168388647E-7	0.8993249271318576
59100000	-9647.737168348278	-8699.234062602718	-948.5031057455603	-8530.767689252503	138.5403756597995	1342.4637626043582	0.0793236238470999	0.26686561208938586	0.08454894021022188	0.16110408233367507	0.37869516912541545	0.8255740341462927	0.2835257231595116	0.2331256704898758	1.3001780338920212	0.12025045634329648	0.2785748628551724	0.26686561208938586	0.08454894021022188	0.16110408233367507	0.37869516912541545	0.8255740341462927	0.2835257231595116	0.2331256704898758	1.3001780338920212	0.12025045634329648	0.2785748628551724	6.1844335795047325	0.282027156722319	0.21332143287762717	0.2163513993459683	0.28830001105408615	0.5497077616506345	129.88285427641148	-941.993040248656	5.300563480668813E-4	0.7976369532349646	4.232581675491911E-4	2.673739760102991E-7	0.9752477033071402
59200000	-9601.452759065389	-8654.327918564513	-947.124840500876	-8488.615153702376	105.24598302314325	1188.3119514946184	0.07925470923086006	2.7906520255538427	0.12789552804035634	0.03456262398914404	0.4904996796255513	1.4475151360651823	3.753123619142347	0.6101382723663314	8.966220308903848	0.818515044666379	0.3944142573418909	2.7906520255538427	0.12789552804035634	0.03456262398914404	0.4904996796255513	1.4475151360651823	3.753123619142347	0.6101382723663314	8.966220308903848	0.818515044666379	0.3944142573418909	6.354840040191169	0.30110039958591284	0.21765704974622563	0.2042842054657026	0.27695834520215956	0.4725405152534109	119.23466159865463	-924.8256673352861	6.70925024961109E-4	0.8199934981892784	4.8747654364258747E-4	4.7177609893462546E-7	1.061391030551314
59300000	-9659.686476980158	-8686.700166906281	-972.9863100738759	-8519.341786703111	105.91809701360555	1378.3389538755473	0.1191591245165178	0.38228157974110155	0.05185427165822538	0.22136644381591608	0.13690952174557433	0.09842547424656609	0.7870742117018069	0.02518685755604858	1.5187881102125596	0.3615446624897731	1.8608396135716732	0.38228157974110155	0.05185427165822538	0.22136644381591608	0.13690952174557433	0.09842547424656609	0.7870742117018069	0.02518685755604858	1.5187881102125596	0.3615446624897731	1.8608396135716732	5.835688642618953	0.28735843542934203	0.1965278809906954	0.2207299943620654	0.2953836892178978	0.513130088820636	150.4699504234896	-965.4347703447515	4.235418454149748E-4	0.8432052136547911	3.746675995804796E-4	1.8158419004580372E-7	0.9586860078825099
59400000	-9708.638452635956	-8699.812682418007	-1008.8257702179485	-8532.526000458094	106.03766768463403	1434.0716122025767	0.08260962476384749	1.4454254927697954	0.34759758720403855	0.2991368966943393	2.552365740450374	0.4657423807281786	2.275508189955277	0.16439622998945094	3.1567349530678652	0.8104870847443241	0.033527551777511	1.4454254927697954	0.34759758720403855	0.2991368966943393	2.552365740450374	0.4657423807281786	2.275508189955277	0.16439622998945094	3.1567349530678652	0.8104870847443241	0.033527551777511	6.377570007666129	0.2995868091694439	0.217850711118794	0.21779392287413388	0.26476855683762884	0.6226323050847093	181.53514013742387	-994.5648555572191	4.148525790282478E-4	0.7947079467421239	3.685055488534676E-4	1.5199865992612056E-7	0.9505239145201697
59500000	-9584.856739758301	-8654.479301423113	-930.377438335189	-8493.143080140047	83.81927949249318	1129.6591557460868	0.08542672694325042	0.3705467401254004	0.15774092633077888	0.5797340800919356	0.5052367193608261	0.3693924166026629	2.0016928865056345	0.198877329744016	4.196992952650668	0.6774548533392937	0.05197373721049207	0.3705467401254004	0.15774092633077888	0.5797340800919356	0.5052367193608261	0.3693924166026629	2.0016928865056345	0.198877329744016	4.196992952650668	0.6774548533392937	0.05197373721049207	6.641819916609899	0.2845438636410575	0.22199807433955604	0.21908864996632593	0.27436941205306115	0.4477413669694613	122.23342796173523	-918.2072140871051	6.64508602435857E-4	0.9164020371642152	4.999976902521323E-4	4.1966536619775914E-7	1.0385762424915406
59600000	-9650.102005473798	-8683.118418763137	-966.9835867106611	-8516.340794782143	99.5056640362912	1347.270864667605	0.09938692797557262	0.23720654762949633	0.21116267089881974	0.14679940081696638	0.6164296235823622	0.3518199505136428	1.9995351825181362	0.2061556106593079	2.6951090591382387	0.6696745020582722	0.48430407182699436	0.23720654762949633	0.21116267089881974	0.14679940081696638	0.6164296235823622	0.3518199505136428	1.9995351825181362	0.2061556106593079	2.6951090591382387	0.6696745020582722	0.48430407182699436	5.996034530263713	0.2905696367684701	0.21641278969072575	0.21848527578539656	0.27453229775540816	0.59911189779473	150.29909490049988	-956.8240816873939	5.549978124678942E-4	0.8115763582755976	4.1588268215092766E-4	1.8718805351814244E-7	0.8291163725778364
59700000	-9644.764520357943	-8671.711793505832	-973.0527268521106	-8510.507611069803	101.44748087470703	1248.9996370505044	0.10164399869414853	0.28897772151825046	0.3524973641036137	0.6297786877418723	1.3408047058241195	0.5731843491594198	2.1882849643981146	1.0965248993119934	6.61000617281394	0.9677440205509977	1.0490320924286418	0.28897772151825046	0.3524973641036137	0.6297786877418723	1.3408047058241195	0.5731843491594198	2.1882849643981146	1.0965248993119934	6.61000617281394	0.9677440205509977	1.0490320924286418	6.890042708023708	0.2974100325370299	0.22349492304021598	0.20456274666734653	0.27453229775540816	0.5246040385645819	142.54735228940405	-955.302364598835	5.166248723475428E-4	0.8436029675722749	4.6117223537557714E-4	1.7156969083355798E-7	0.8024628398397038
59800000	-9631.319343380706	-8674.022999111658	-957.2963442690498	-8509.48275567329	97.68216663701233	1215.967279337214	0.08680906768726154	0.05413781357034909	0.2023462675655932	0.5517191469281394	1.4359248888735938	1.1576946240945527	1.2120257280838311	0.5185859008999244	3.854776511727492	0.4596872992553415	0.04574948880474985	0.05413781357034909	0.2023462675655932	0.5517191469281394	1.4359248888735938	1.1576946240945527	1.2120257280838311	0.5185859008999244	3.854776511727492	0.4596872992553415	0.04574948880474985	7.15869805586578	0.2994847736737242	0.21355152625399448	0.20886804693100067	0.2780956531412812	0.48893390198617875	131.21851098069845	-944.9300471524133	5.135710448552287E-4	0.8712670850989921	4.735206546726085E-4	2.153478930851267E-7	0.8735560412369872
59900000	-9589.917061698015	-8666.571120199507	-923.3459414985084	-8498.481786783523	76.93823239724735	1061.2635109636801	0.13781667174107906	0.21895353280808824	0.37615875570602736	0.10925230887561099	1.729087537262892	0.5919325903404126	2.369053419155237	0.014727491304422576	3.5346231222601783	0.2238939220284811	1.192837632379582	0.21895353280808824	0.37615875570602736	0.10925230887561099	1.729087537262892	0.5919325903404126	2.369053419155237	0.014727491304422576	3.5346231222601783	0.2238939220284811	1.192837632379582	6.148021033439719	0.2994847736737242	0.20365087951974603	0.21223576900133762	0.28462857780519274	0.5245313532452517	101.47632919717178	-911.002546571254	6.165427355516558E-4	0.8114581704087219	5.012542578044426E-4	2.3152264999290758E-7	0.8119819081394123
60000000	-9642.56551647918	-8696.249237820637	-946.3162786585431	-8529.155265784391	130.82218017615992	1295.0581904046846	0.15532478984177236	0.2408694720678806	0.00978810377468723	0.1910928643272227	1.9843558242028292	0.2762182979094392	0.55970872880219	0.1694850919042347	1.7041477571306236	0.4733275288977067	0.12237879130838122	0.2408694720678806	0.00978810377468723	0.1910928643272227	1.9843558242028292	0.2762182979094392	0.55970872880219	0.1694850919042347	1.7041477571306236	0.4733275288977067	0.12237879130838122	6.259422621851649	0.29381870256481724	0.2016740209258213	0.21593247188591055	0.28857480462345153	0.5803330349796709	107.60619264278597	-938.7779112940417	5.867701045860308E-4	0.7666174497187185	4.2411043899110926E-4	2.0473641830570742E-7	0.8340523274661608
60100000	-9663.20360622085	-8668.666123652383	-994.5374825684671	-8500.258914645132	139.05991621450872	1560.9337670350737	0.10244865831721861	0.30246094451956945	0.02111699223600406	0.2160260975566577	2.4343121427038525	0.4536039055002275	0.950546961165199	0.04212259225254534	1.8920139427897043	0.7057353653244443	2.103192907925602	0.30246094451956945	0.02111699223600406	0.2160260975566577	2.4343121427038525	0.4536039055002275	0.950546961165199	0.04212259225254534	1.8920139427897043	0.7057353653244443	2.103192907925602	6.355240209249727	0.3021760577271269	0.2150156297439568	0.20333079322208142	0.27947751930683545	0.4570175355363477	175.92521353710126	-982.8234263429588	4.0860443097005724E-4	0.887194137082102	3.5000680124267115E-4	1.4324775704252723E-7	0.9276663578811919
60200000	-9562.116714365646	-8668.231568952411	-893.8851454132355	-8499.794276173558	108.73154524044065	960.8210478589016	0.13948410176702933	1.078821689582598	0.8646598353467835	0.5736837303214741	3.288906317992583	0.5487221964570098	1.627196204181697	0.20168626551865218	8.631056056715467	1.3899941715062119	0.0028888401296170065	1.078821689582598	0.8646598353467835	0.5736837303214741	3.288906317992583	0.5487221964570098	1.627196204181697	0.20168626551865218	8.631056056715467	1.3899941715062119	0.0028888401296170065	7.5351873946503245	0.28925459401710224	0.20787492062029433	0.2233929660557685	0.27947751930683545	0.5980591481395208	82.0834398718359	-872.4687363604522	8.02241717912483E-4	1.0454065627174307	5.892915108114841E-4	5.941749666056478E-7	1.0178641366373864
60300000	-9616.331166665499	-8670.57878121512	-945.7523854503803	-8505.01208645929	112.2479527936914	1206.1743702157205	0.09757632640312333	0.8902187480955683	0.15274229948362522	0.07890535816179302	0.9070188585346485	0.6716744701504312	1.0543191084024743	0.35825369286789893	2.047633925133647	0.15298799699701132	0.41190722044837313	0.8902187480955683	0.15274229948362522	0.07890535816179302	0.9070188585346485	0.6716744701504312	1.0543191084024743	0.35825369286789893	2.047633925133647	0.15298799699701132	0.41190722044837313	6.337345367331047	0.2921433432497401	0.19360238518944003	0.2247576994551247	0.2894965721056957	0.5506060996146643	134.99904061687542	-935.5632014025646	5.891346039594215E-4	1.0770998266838918	4.6593209272816896E-4	4.2741166936750235E-7	1.161637192151649
60400000	-9687.86405840082	-8701.79348819652	-986.0705702043024	-8537.368993666983	109.23753042359245	1518.6388798763094	0.06369920271553231	0.7064785005866407	0.4502851927856472	0.1149779755076776	0.024776693156305513	0.12517365060890262	1.5174384484578025	0.10812594476377412	2.145420182634463	0.29328649711865273	0.06507851726967497	0.7064785005866407	0.4502851927856472	0.1149779755076776	0.024776693156305513	0.12517365060890262	1.5174384484578025	0.10812594476377412	2.145420182634463	0.29328649711865273	0.06507851726967497	5.813254138549711	0.2877160666909414	0.21532031411316988	0.19930253841017712	0.2976610807857121	0.5346052841529471	158.47973609522867	-977.2055779633096	5.074549474343516E-4	0.9053907340454251	3.588824010830308E-4	3.126084320977979E-7	1.214211122306923
60500000	-9619.109816317185	-8694.81881434618	-924.2910019710052	-8523.820930607217	83.09195294417003	1077.830634959068	0.17614019181810864	0.01831639227156892	0.0200941538644579	0.37949075275342903	2.9058617384028853	1.2828084329971952	2.312792272797338	0.012328595409482097	5.831037867349618	0.27139840852140906	0.23810831421487724	0.01831639227156892	0.0200941538644579	0.37949075275342903	2.9058617384028853	1.2828084329971952	2.312792272797338	0.012328595409482097	5.831037867349618	0.27139840852140906	0.23810831421487724	6.332448542237653	0.3084995776553589	0.19793323011399735	0.21300195283241355	0.28056523939823064	0.38902166161662943	111.22514745449038	-909.5719439340003	5.759821028071982E-4	0.7257142231062814	4.890468891196258E-4	3.75367141952976E-7	1.1015104248164298
60600000	-9673.599417009988	-8668.366804306908	-1005.23261270308	-8495.212469794424	107.39111121556502	1463.6937033723189	0.09717073467308258	0.01783768720976851	0.06319301272793715	0.7482775161556571	2.324781035185693	1.7314008167829893	11.045839621511954	0.7841680969626642	4.9046877860446285	0.5923580766359611	0.5232840790290825	0.01783768720976851	0.06319301272793715	0.7482775161556571	2.324781035185693	1.7314008167829893	11.045839621511954	0.7841680969626642	4.9046877860446285	0.5923580766359611	0.5232840790290825	6.8414803074763935	0.30387736219130396	0.2133103961098492	0.19807694240004112	0.28473529929880614	0.39038291369953054	156.40465313740378	-980.2872795635606	3.9075762767788107E-4	0.7724422472726002	3.683975295260195E-4	1.2800415968048357E-7	0.8602320666466474
60700000	-9681.596050560245	-8712.250554931812	-969.3454956284322	-8539.682988125775	109.62334070081776	1341.800995582384	0.11023305165354047	1.3520486350523524	0.03494399711520097	0.4601787373275659	0.48404831850018326	2.0594963263097883	0.7907084031949029	0.11891483517120331	6.945440445658973	0.1819947572995749	0.4631477797940738	1.3520486350523524	0.03494399711520097	0.4601787373275659	0.48404831850018326	2.0594963263097883	0.7907084031949029	0.11891483517120331	6.945440445658973	0.1819947572995749	0.4631477797940738	6.63945961810074	0.30387736219130396	0.2138491613256735	0.21096822295906392	0.271305253523959	0.44332122005295344	147.76745336053852	-954.5764225888561	4.4853989120979435E-4	0.7052547243307317	3.9937560984033415E-4	1.1387390543196607E-7	0.7806121865739406
60800000	-9650.915477280663	-8675.622119956868	-975.2933573237943	-8504.72817809442	99.19578717962992	1383.4929130443938	0.09609061295772879	0.020928651461347515	0.11380832454849799	0.19173774222489384	0.29614042623005976	0.7724965075282484	2.1528462209825356	0.08560498648609167	1.0722520192384366	0.23768896531313127	0.1934849579465107	0.020928651461347515	0.11380832454849799	0.19173774222489384	0.29614042623005976	0.7724965075282484	2.1528462209825356	0.08560498648609167	1.0722520192384366	0.23768896531313127	0.1934849579465107	5.425812508493472	0.2993979059254574	0.19736573387983644	0.2188034975746552	0.2844328626200513	0.48905943795592177	139.30618947341605	-967.9634230852697	4.567885334746855E-4	0.8388152370060218	4.139241189123939E-4	1.845081619358981E-7	0.9431382252596385
60900000	-9648.964102825601	-8683.49285199762	-965.4712508279806	-8512.29838533002	100.58348822610787	1334.4289753509538	0.09251124287485286	1.1365104145469722	0.14303735852361468	0.017054330053204236	0.8736696762371958	1.123314927733815	0.993406299863755	0.5738513860571244	2.256393284093093	0.7894923218575217	0.6909213664666063	1.1365104145469722	0.14303735852361468	0.017054330053204236	0.8736696762371958	1.123314927733815	0.993406299863755	0.5738513860571244	2.256393284093093	0.7894923218575217	0.6909213664666063	6.37219861012472	0.2889291156940497	0.19594975865687372	0.22279055759457503	0.2923305680545018	0.42585324282519116	148.57665417193635	-954.3813826914487	4.4285573548466566E-4	0.855554613766854	4.270178278399899E-4	1.8794919546768702E-7	0.9611640690004122
61000000	-9648.15576566949	-8695.872406585382	-952.2833590841069	-8529.256078501123	144.74393607445856	1369.0101423951367	0.13264181732725125	1.19821002925693	0.11724375140741135	0.4770082826638101	3.4840590158232825	1.5210907321470848	1.451506374842265	0.44776589491785	4.823508363471766	0.26302591151745036	2.9856023981322966	1.19821002925693	0.11724375140741135	0.4770082826638101	3.4840590158232825	1.5210907321470848	1.451506374842265	0.44776589491785	4.823508363471766	0.26302591151745036	2.9856023981322966	6.0986422382728795	0.29453585493833606	0.20658936503750377	0.20440361175607125	0.29447116826808917	0.4571468632861326	124.76319281715432	-933.2213284126407	5.0014679186536E-4	0.932897595296423	4.2830958133571745E-4	2.3351149550806246E-7	0.9380858196280812
61100000	-9692.965959286274	-8680.89042438118	-1012.0755349050951	-8513.526050807588	120.5298995423563	1647.6473783463248	0.07516810379551699	0.09856859153752066	0.004809556151401613	1.0600932909359069	2.5763971241071473	1.7968696406264675	2.66931600359771	0.1430879335466615	4.647006500964932	1.0009067746747942	1.9937777360186546	0.09856859153752066	0.004809556151401613	1.0600932909359069	2.5763971241071473	1.7968696406264675	2.66931600359771	0.1430879335466615	4.647006500964932	1.0009067746747942	1.9937777360186546	6.05080747059316	0.3203381275052061	0.1977179188828235	0.2023125063217219	0.2796314472902488	0.4862848462930408	195.56961442741866	-993.0628717339829	4.4001673863769994E-4	0.836098155840922	3.39955301897187E-4	1.846375530978899E-7	1.0025701237311455
61200000	-9665.022088598635	-8686.462011891053	-978.5600767075808	-8525.682372455985	111.48630714180267	1465.6329109981789	0.09903966486507805	0.024865627871231262	0.06250024109273762	0.4610781467206517	2.0811748188357586	0.36100678015310084	0.5879284509291423	0.064423135904912	2.195285491696338	0.3108376933860366	0.004404863044994381	0.024865627871231262	0.06250024109273762	0.4610781467206517	2.0811748188357586	0.36100678015310084	0.5879284509291423	0.064423135904912	2.195285491696338	0.3108376933860366	0.004404863044994381	6.135596072993479	0.30836544218800643	0.2037639900261091	0.19751823281607117	0.2903523349698136	0.44355508610457245	148.1956737868617	-970.1334031241594	5.088727981668999E-4	0.7574695448850997	3.637324868231614E-4	1.4029808653658534E-7	0.8364634674698594
61300000	-9658.887409536603	-8694.174325273689	-964.7130842629148	-8522.929889765328	129.36897439314188	1444.4153791886997	0.07890375579892828	0.2805575438572797	0.16668171711112897	1.372580764126497	0.028480885093711286	0.7060574194758226	1.2416757707866901	0.08709112613938713	3.2009687763683528	0.6382329386569101	0.8495833590388033	0.2805575438572797	0.16668171711112897	1.372580764126497	0.028480885093711286	0.7060574194758226	1.2416757707866901	0.08709112613938713	3.2009687763683528	0.6382329386569101	0.8495833590388033	7.078042529035662	0.2920063484724399	0.21182464115379895	0.22404113289518893	0.27212787747857253	0.4716751280343858	125.48814524493193	-953.8013565405115	4.821302243113748E-4	0.7281869403774279	3.95041537465778E-4	1.4219740353158956E-7	0.7854813825877823
61400000	-9632.916202001508	-8682.83777333806	-950.0784286634479	-8516.432950999144	105.16746303557144	1269.6549587611755	0.093422067382168	0.5317392701317905	0.042932948703785896	0.25792199771207774	0.7775269710876812	0.816815118989689	0.9430238376165587	0.8671088446647794	4.383632020341619	0.34272047765270375	1.2250720571025648	0.5317392701317905	0.042932948703785896	0.25792199771207774	0.7775269710876812	0.816815118989689	0.9430238376165587	0.8671088446647794	4.383632020341619	0.34272047765270375	1.2250720571025648	6.540084256850203	0.2920063484724399	0.21455215385470908	0.2068139795302676	0.28662751814258375	0.4318454474895057	122.969338228438	-936.7282775651917	6.987035614454773E-4	0.9498210580361744	5.33571360713431E-4	3.7807173302134617E-7	0.9453386062049559
61500000	-9631.558998626151	-8669.740720600903	-961.8182780252477	-8504.670272204568	113.24828795152457	1417.5126485554447	0.06804546935767063	0.5203952290531226	0.007401716029688763	0.2753934947885608	0.2847267114581181	1.023003492842197	0.4329541930753903	0.4195809937732912	1.8919214816544976	0.22161762784049047	0.4563686000505713	0.5203952290531226	0.007401716029688763	0.2753934947885608	0.2847267114581181	1.023003492842197	0.4329541930753903	0.4195809937732912	1.8919214816544976	0.22161762784049047	0.4563686000505713	6.888823066123989	0.2973869759250027	0.21455215385470908	0.2230950515431091	0.26496581867717944	0.4724081935519565	145.0625339667867	-953.7474484867082	4.8553043099779916E-4	0.6957320915288299	4.1106437588358147E-4	2.2627839474566379E-7	0.9431794479468191
61600000	-9621.867753581319	-8686.915147965208	-934.9526056161105	-8516.784910474202	124.75259884459977	1256.4527222992858	0.10631891940885325	1.6229064025916096	0.07926284837898426	0.6927083280924365	1.214828895245487	0.5923547069079474	1.7605389634230764	1.0821094432248504	3.867729427306383	0.23784567059476036	1.5660092428430248	1.6229064025916096	0.07926284837898426	0.6927083280924365	1.214828895245487	0.5923547069079474	1.7605389634230764	1.0821094432248504	3.867729427306383	0.23784567059476036	1.5660092428430248	6.3467852200292585	0.3048284093320117	0.18281416874266834	0.21775234110481861	0.2946050808205016	0.49318540183441945	111.59441067623578	-919.9706862910379	5.94028081591151E-4	0.7710382990655602	4.2385128295911105E-4	4.607932601205926E-7	1.0623785773186099
61700000	-9692.729427812557	-8667.008651928621	-1025.7207758839359	-8502.932800257071	190.00854956771315	1930.2833405989493	0.05192043335641275	0.06020138255061598	0.09042007544013815	0.8657611417783255	1.5342186891790612	1.3340310514253912	0.49340093446279304	0.9497016120137534	4.408145051268698	0.6652964342745334	1.384560120388349	0.06020138255061598	0.09042007544013815	0.8657611417783255	1.5342186891790612	1.3340310514253912	0.49340093446279304	0.9497016120137534	4.408145051268698	0.6652964342745334	1.384560120388349	7.357635380187385	0.3142751689995044	0.20050394961516702	0.20006256023231994	0.2851583211530089	0.4972553811586861	188.3278747224278	-1010.0704014088142	3.668237779254165E-4	0.902254546645797	2.949894411641838E-4	1.1266470094260142E-7	0.8931426075133778
61800000	-9662.39697237944	-8666.6506331511	-995.7463392283405	-8497.154414813405	121.06342605380487	1547.875762471635	0.125810009155073	0.1988324573455998	0.21757105074910163	0.6586727406465781	6.097706489965294	0.7805663690251532	0.5019503061732072	0.07305560737008754	2.3419591872540115	0.277554575890238	0.40551028740626294	0.1988324573455998	0.21757105074910163	0.6586727406465781	6.097706489965294	0.7805663690251532	0.5019503061732072	0.07305560737008754	2.3419591872540115	0.277554575890238	0.40551028740626294	5.68044868915713	0.30169582606392986	0.20934948182703156	0.21314667936123155	0.27580801274780725	0.4430460451378591	165.8721016240917	-982.2920545272092	4.301119941998715E-4	0.8023683150871013	3.7377367009084635E-4	1.9007412526071895E-7	0.9769268236169102
61900000	-9606.800000575142	-8681.724381323776	-925.0756192513663	-8515.054449585576	183.38015377567913	1321.743356517842	0.13277258835888503	0.2845287581784168	0.05660401537130447	1.4740610776358856	0.27489155093267076	1.0282197030146643	2.3983701175500225	0.3196546702526814	8.39057530175305	0.23389992161702136	0.15024844275049845	0.2845287581784168	0.05660401537130447	1.4740610776358856	0.27489155093267076	1.0282197030146643	2.3983701175500225	0.3196546702526814	8.39057530175305	0.23389992161702136	0.15024844275049845	6.520869284665195	0.29953376070586557	0.20617630929285458	0.2096428421843764	0.2846470878169036	0.5306481182307398	106.34793647578479	-908.1315612943723	5.911750804631116E-4	0.8832390363380047	4.4248992009628195E-4	2.8911581462756125E-7	0.8989331491207081
62000000	-9631.149189890632	-8681.086309893451	-950.06287999718	-8515.20816488979	133.96459787707443	1335.6904419353314	0.08486024993196181	0.09721441002454936	0.1268238404290587	1.1436374450734879	0.05524362150788477	0.43136662201787523	3.8082676900232966	0.04951015401437406	2.606202056824857	0.25699214476209825	0.19843851070190904	0.09721441002454936	0.1268238404290587	1.1436374450734879	0.05524362150788477	0.43136662201787523	3.8082676900232966	0.04951015401437406	2.606202056824857	0.25699214476209825	0.19843851070190904	6.1537623074581935	0.300466685620799	0.20617630929285458	0.21530040721635932	0.27805659786998727	0.49565616577122334	131.1038164768394	-938.7035508506796	5.797802553574586E-4	0.797870733723538	4.080632688313816E-4	2.1663851852255097E-7	0.8651495375414813
62100000	-9701.399500007856	-8685.697908134336	-1015.7015918735194	-8513.892700290755	213.05654916589071	2002.8377555520515	0.1012185048333979	1.3487955808163261	0.13770207581190144	0.19440489370845618	0.35759221365495336	0.1637164514299136	1.7179771272308806	1.7713948706986928	2.4484977102922496	0.07573450758401597	1.000971520699551	1.3487955808163261	0.13770207581190144	0.19440489370845618	0.35759221365495336	0.1637164514299136	1.7179771272308806	1.7713948706986928	2.4484977102922496	0.07573450758401597	1.000971520699551	7.39120273129624	0.3001407912257938	0.2063499088109016	0.2061042309997517	0.28740506896355306	0.4630850024451003	169.67836316641947	-1003.3248175580735	4.8532169988481887E-4	0.936818079169392	3.129996779411026E-4	1.2021362187462544E-7	0.7943138852530842
62200000	-9701.081205623052	-8691.79475401898	-1009.2864516040721	-8533.634739405876	170.04578610790986	1859.273644293817	0.0579345030155284	0.3796697415976951	0.019518623056793003	0.6592541615862122	0.5498529961172207	0.7419903262556725	1.1321267499338532	0.2846726710969413	4.029322552612996	0.15328502965341873	0.7787621095055126	0.3796697415976951	0.019518623056793003	0.6592541615862122	0.5498529961172207	0.7419903262556725	1.1321267499338532	0.2846726710969413	4.029322552612996	0.15328502965341873	0.7787621095055126	6.5915252472902	0.3001407912257938	0.2063499088109016	0.20678946536555826	0.28671983459774647	0.45752615229093574	174.41567884787617	-997.523499605301	4.212720309820059E-4	0.7671376639008733	3.0003014876870483E-4	1.4137599992417304E-7	0.9111459338362428
62300000	-9656.23035408285	-8672.341199892118	-983.889154190732	-8504.43639291136	232.47276538990715	1961.9291175443475	0.06130056770141262	0.24972115695195257	0.029883372604132364	0.02714871837628409	0.6201521020498149	0.5912213916203185	0.6462970082066003	0.028715473536801036	1.4244027967779413	0.18636184891311391	1.0259601050314888	0.24972115695195257	0.029883372604132364	0.02714871837628409	0.6201521020498149	0.5912213916203185	0.6462970082066003	0.028715473536801036	1.4244027967779413	0.18636184891311391	1.0259601050314888	6.918028276892552	0.30966334467900025	0.20597189593905063	0.21123600853036884	0.2731287508515804	0.6084142447883268	141.93902195875313	-975.2612650916984	4.689450077738254E-4	0.9977391093800323	3.0682539906234414E-4	1.7942775609179084E-7	0.9122421486843153
62400000	-9702.34210799184	-8708.16118006887	-994.1809279229705	-8539.49346927585	155.19586843838766	1623.34011272473	0.10536214025625369	0.2892143606385926	0.22371356014221275	1.0967788675309396	2.4466970123840874	1.392099131427226	1.610543438609837	0.17837425721173927	5.708501354944803	0.9197935012892894	2.0357099223985538	0.2892143606385926	0.22371356014221275	1.0967788675309396	2.4466970123840874	1.392099131427226	1.610543438609837	0.17837425721173927	5.708501354944803	0.9197935012892894	2.0357099223985538	6.6739061140661	0.30886279521668386	0.21484347813538918	0.20167623475946422	0.27461749188846285	0.5246273185500041	142.03615104170157	-975.6753571171704	4.493793055351223E-4	0.8897518607524372	3.592923190645626E-4	1.316025636565516E-7	0.8455214660088376
62500000	-9632.640322083951	-8687.570793915444	-945.0695281685071	-8519.216450120419	116.52442291943117	1247.8949373381845	0.087610487492792	0.4934539727288913	0.4694514377933865	0.8726126610214577	0.8155553982217494	1.934360994593345	0.003726536118527982	0.7661672210126528	4.5937807948878	0.4795728719200807	0.6150437443505501	0.4934539727288913	0.4694514377933865	0.8726126610214577	0.8155553982217494	1.934360994593345	0.003726536118527982	0.7661672210126528	4.5937807948878	0.4795728719200807	0.6150437443505501	6.136179288256277	0.30886279521668386	0.21064861653928604	0.2137413714144252	0.26674721682960495	0.5383693336756651	117.19572650693287	-931.1499402581424	5.5742882510723E-4	0.9412544379639558	4.4569171565703115E-4	3.179460765343642E-7	0.9426728423450633
62600000	-9661.384345616569	-8700.824085894294	-960.5602597222755	-8530.748117010946	143.16914255560079	1336.873250537175	0.07940681664691066	0.4133421846274274	0.3269217053828648	1.508420843066189	1.4363425354015573	1.1018684680599677	0.09007750011555649	0.7741235262162334	4.280664830568097	0.28171383553921087	0.5447259237053926	0.4133421846274274	0.3269217053828648	1.508420843066189	1.4363425354015573	1.1018684680599677	0.09007750011555649	0.7741235262162334	4.280664830568097	0.28171383553921087	0.5447259237053926	5.60352945764167	0.2830185591429518	0.2265572893312134	0.20267345273536166	0.2877506987904731	0.6002391937199691	159.1409654567689	-947.0752130138253	5.037729567270093E-4	0.8263176071296057	3.791785767360378E-4	2.0410884657166644E-7	0.881566010864659
62700000	-9644.047250777725	-8672.377824363553	-971.6694264141718	-8495.351014707167	137.32638464731727	1501.114253936005	0.16640279699004532	0.10968437313077803	0.0767930532893665	0.17583522603305313	0.1912512325450905	0.27616625834458597	0.45165932864225283	0.08211339152873257	1.3040633017831835	0.0022813160303344444	0.8668086720887503	0.10968437313077803	0.0767930532893665	0.17583522603305313	0.1912512325450905	0.27616625834458597	0.45165932864225283	0.08211339152873257	1.3040633017831835	0.0022813160303344444	0.8668086720887503	6.496959701928372	0.2985000343946682	0.2028304940935938	0.2111880711761124	0.2874814003356256	0.4694295945829274	135.10976591142796	-965.6181930272604	4.988428333535912E-4	1.010895514595194	4.0015590084916124E-4	2.108948896617483E-7	0.8914918239508802
62800000	-9654.294812085614	-8679.756157604139	-974.5386544814747	-8513.312153101599	145.97844178730003	1599.02621576954	0.08017594535917046	0.16056314978904557	0.015985095438335435	0.49663465542453067	0.40071191077855955	0.2823307990103249	0.15648573036322524	0.4622580091138449	2.972394375571169	0.1673951146489298	1.2121989859338973	0.16056314978904557	0.015985095438335435	0.49663465542453067	0.40071191077855955	0.2823307990103249	0.15648573036322524	0.4622580091138449	2.972394375571169	0.1673951146489298	1.2121989859338973	7.241893962367885	0.30098907796471447	0.21987412628178635	0.1944869918755952	0.28464980387790395	0.5022097618525214	141.98672454954365	-965.3151971002903	4.067464726755067E-4	0.8738689004099123	3.478217489603184E-4	1.0934896419521661E-7	0.8102709572936332
62900000	-9672.348272363128	-8688.168565475966	-984.1797068871624	-8524.674154222314	117.4414819092222	1384.6516416942657	0.05852998269692835	0.09906305183812945	0.3155036867925433	0.7124895794164865	2.1334896962079144	1.6813652398756629	0.09990201302530859	0.11490658848720017	5.26634208954763	0.6693748371414165	0.7967504090788738	0.09906305183812945	0.3155036867925433	0.7124895794164865	2.1334896962079144	1.6813652398756629	0.09990201302530859	0.11490658848720017	5.26634208954763	0.6693748371414165	0.7967504090788738	6.207053846341816	0.30352524167818296	0.20203339142007457	0.218206171370631	0.2762351955311115	0.5446933246483517	137.22921335539786	-969.5949397760869	4.996054928239588E-4	0.6958480572137266	4.106876240363001E-4	1.3401746339542369E-7	0.7453654283091173
63000000	-9694.086936264506	-8680.529314574449	-1013.5576216900564	-8510.638913019973	138.16472031257803	1590.8195148109396	0.07793219057804128	2.2502911371629812	0.33609311928600183	0.361790910193799	0.0745194610395716	1.0260297930298352	1.1339683479981146	3.9479807949262216	4.76434772118195	0.23287251794223907	0.0880639538437824	2.2502911371629812	0.33609311928600183	0.361790910193799	0.0745194610395716	1.0260297930298352	1.1339683479981146	3.9479807949262216	4.76434772118195	0.23287251794223907	0.0880639538437824	6.06168491927834	0.30352524167818296	0.20603020049748924	0.19895749708475013	0.29148706073957764	0.5658972061725641	181.70843739623572	-996.4598744769436	4.0762797625131604E-4	0.8377234081678777	3.5724848105787274E-4	8.935396296654841E-8	0.741958715508155
63100000	-9608.55386519468	-8670.554488084012	-937.9993771106687	-8500.69509322397	91.00528601665829	1172.694432192643	0.09216537030069694	1.29416550405838	0.16533708952728085	0.09756369848429768	0.24645350660398666	1.4681160492990102	0.7109414807703817	0.9802051164654313	3.5558820524112233	0.14848604532064674	0.35622648080331487	1.29416550405838	0.16533708952728085	0.09756369848429768	0.24645350660398666	1.4681160492990102	0.7109414807703817	0.9802051164654313	3.5558820524112233	0.14848604532064674	0.35622648080331487	7.16421101935768	0.3078018109470584	0.2095046655767177	0.20645617754418796	0.2762373459320359	0.4459869478334453	117.5151707467153	-925.8820645626531	6.526281448292377E-4	0.9077382437930318	4.5926056621928773E-4	2.7129437483527547E-7	0.8714126932505116
63200000	-9667.094134757857	-8696.884116955936	-970.2100178019211	-8526.829684362225	109.27596772506897	1363.353715090151	0.12206013924463932	1.7862614470699958	0.09531962599618228	0.39730293471075473	3.2186960900721906	0.8703811746889608	0.2919152847732358	1.2671669923686277	3.5375509068243507	0.45028465782392196	0.43573167317876366	1.7862614470699958	0.09531962599618228	0.39730293471075473	3.2186960900721906	0.8703811746889608	0.2919152847732358	1.2671669923686277	3.5375509068243507	0.45028465782392196	0.43573167317876366	6.559436496051107	0.29034946514895615	0.2143732117121178	0.21441751458357522	0.2808598085553508	0.4705116017825787	139.40115549100244	-955.9181242337876	4.793094766735186E-4	0.7583033851480058	4.2680744337018385E-4	1.4746227029331862E-7	0.8162175865360579
63300000	-9698.739522691149	-8683.493755292735	-1015.2457673984137	-8515.233494837503	138.69457132286468	1708.0120525213663	0.07655559782520155	0.3202433289329927	0.035954343062304724	0.5445914969894314	4.800468793378274	2.0917813657725444	0.444306487993422	1.8388773279278943	3.880509872107967	0.1596610685658794	2.1261400146843874	0.3202433289329927	0.035954343062304724	0.5445914969894314	4.800468793378274	2.0917813657725444	0.444306487993422	1.8388773279278943	3.880509872107967	0.1596610685658794	2.1261400146843874	6.322889494399567	0.30895669462363984	0.2143732117121178	0.19581028510889154	0.2808598085553508	0.46816536873227377	190.26496723193193	-996.347807485977	4.344944303768623E-4	0.7415374010687212	3.4441564967374426E-4	8.029376563832502E-8	0.7022060158444483
63400000	-9649.305817022307	-8665.224056756262	-984.0817602660446	-8501.216686970105	125.57114070311536	1497.6193585076385	0.08644119212662382	0.24386246613912962	0.06270149561667006	0.7545962807958291	0.6422457057463015	0.4048741044625248	2.491474292601299	0.010835555057920016	3.826387637145673	0.062354711593304586	0.391967077025866	0.24386246613912962	0.06270149561667006	0.7545962807958291	0.6422457057463015	0.4048741044625248	2.491474292601299	0.010835555057920016	3.826387637145673	0.062354711593304586	0.391967077025866	7.417551388251792	0.2820018388740148	0.2268951564922169	0.20635426179433722	0.2847487428394311	0.5593988785417089	152.4536487404545	-971.9632851891212	5.232881219606591E-4	0.8982493275195663	3.5446396614121815E-4	2.734643083856221E-7	1.0530354180462378
63500000	-9691.639968801583	-8678.803154730631	-1012.8368140709521	-8506.465493431497	161.17535868515114	1796.2382535152149	0.08874810306175103	0.15732481461954595	0.303199768451394	0.4977437421542989	0.23539779201031844	0.19963407398665386	3.102622503639574	0.5296470246526481	2.898325538297858	0.21775273906107448	0.27886759136477673	0.15732481461954595	0.303199768451394	0.4977437421542989	0.23539779201031844	0.19963407398665386	3.102622503639574	0.5296470246526481	2.898325538297858	0.21775273906107448	0.27886759136477673	5.835910764247938	0.27905371471748125	0.23021547973640494	0.20660382557634072	0.28412697996977304	0.4556636212600499	174.33424136501054	-1002.1212058677119	4.2485489848475243E-4	0.794144264732667	3.179435561754324E-4	1.1313433471200711E-7	0.8910388442267891
63600000	-9680.407281783286	-8705.568626346383	-974.8386554369031	-8534.27549324906	103.62935138798888	1370.3507437881317	0.09659373624648966	1.3346642787223564	0.055616606283693866	0.10504038212088257	0.8696907484701373	0.453853195689445	1.8678790243084038	0.05944737025114092	3.6459991284776976	0.05487185973034395	0.648757073779662	1.3346642787223564	0.055616606283693866	0.10504038212088257	0.8696907484701373	0.453853195689445	1.8678790243084038	0.05944737025114092	3.6459991284776976	0.05487185973034395	0.648757073779662	6.5053756180769415	0.2980642546845356	0.20212655558733772	0.21553333062934615	0.28427585909878045	0.41602226622236277	140.23763453605085	-963.5935511130493	4.166344496559094E-4	0.7936705332878147	3.8131512410958336E-4	1.7318633057579352E-7	1.0026834215104405
63700000	-9703.223221003193	-8682.962221818185	-1020.2609991850085	-8516.576356531707	130.4520442394578	1723.970592859182	0.08442083379612933	0.0020063519668756095	0.13375406268816104	0.631547785811694	1.480185795599594	0.4012539121702471	0.4197015091334118	0.32713540534495966	1.9528781270103084	0.2465372829238159	0.5937669235076317	0.0020063519668756095	0.13375406268816104	0.631547785811694	1.480185795599594	0.4012539121702471	0.4197015091334118	0.32713540534495966	1.9528781270103084	0.2465372829238159	0.5937669235076317	5.850962941317457	0.30683834953077005	0.20559829609239252	0.21008963448514845	0.277473719891689	0.47535395447766593	215.92851047934712	-1011.4753038068088	3.358391298064801E-4	0.8322319784224143	3.2325569585048346E-4	1.1717605379013325E-7	0.962689282143969
63800000	-9654.609420739795	-8688.295648026042	-966.3137727137532	-8512.797966587814	116.61635419324489	1383.9463210942984	0.07519163524806723	0.28562756286611807	0.26947509687910504	0.4118496861388253	0.07404011074774347	0.77155259535858	0.3064870122995853	0.36246724677094155	3.919610316279351	0.021225895698819074	0.1254764515157467	0.28562756286611807	0.26947509687910504	0.4118496861388253	0.07404011074774347	0.77155259535858	0.3064870122995853	0.36246724677094155	3.919610316279351	0.021225895698819074	0.1254764515157467	5.638423166612506	0.2912759773543793	0.20518416760910996	0.21008963448514845	0.2934502205513623	0.4898508088663317	137.99545382897915	-956.9238721367747	5.098501531788683E-4	0.8998119523740274	4.0904881594675826E-4	1.8999392897319155E-7	0.8951649151025736
63900000	-9673.158458133254	-8683.335242702047	-989.8232154312068	-8518.121051031025	127.16163374542582	1555.1126647004357	0.08017745227616524	0.01242184657613078	0.035556966140178295	1.7051988659744568	0.8763958662542791	0.947948102764439	0.6021775632824711	0.11750038710948471	6.500194322004395	0.4650414681093891	1.3241835031419302	0.01242184657613078	0.035556966140178295	1.7051988659744568	0.8763958662542791	0.947948102764439	0.6021775632824711	0.11750038710948471	6.500194322004395	0.4650414681093891	1.3241835031419302	6.719227880211442	0.2976925058505677	0.21299803798283534	0.21112643569649353	0.2781830204701034	0.5059893622033577	163.34187381518896	-974.2537386117259	5.313567600509106E-4	0.8223362080252729	3.571861893475246E-4	1.916614827678281E-7	0.9760815077420587
64000000	-9595.371504819339	-8695.073632706126	-900.2978721132123	-8518.936827287167	80.04177719546962	985.6132750744845	0.09093550025223107	0.1072131760893067	0.11349333672284632	0.11760775234211437	0.36874145974056954	0.1541574251253423	0.5252725120180345	0.26025451539515543	1.0999518976564047	0.4102581268108134	0.11017828577482794	0.1072131760893067	0.11349333672284632	0.11760775234211437	0.36874145974056954	0.1541574251253423	0.5252725120180345	0.26025451539515543	1.0999518976564047	0.4102581268108134	0.11017828577482794	6.973731276059793	0.2976925058505677	0.21234402176376888	0.2123821262595693	0.27758134612609414	0.5435841132315025	98.59340610780632	-893.3821839658077	8.030745088024651E-4	1.0354508774880766	5.746951452105896E-4	7.850668845663868E-7	1.2002286110456393
64100000	-9648.110325129408	-8670.22463916169	-977.8856859677185	-8496.40755141043	97.71558326289187	1401.0539211101063	0.11514590629765886	0.4748828351364028	0.008045962735238216	0.09497887862868	1.7544671727786263	0.7313306805685706	3.4411812661280843	0.04717159347429373	3.2297952638633474	0.9454608485588791	0.6997621284478314	0.4748828351364028	0.008045962735238216	0.09497887862868	1.7544671727786263	0.7313306805685706	3.4411812661280843	0.04717159347429373	3.2297952638633474	0.9454608485588791	0.6997621284478314	5.799038649521567	0.2971749177096211	0.21234402176376888	0.2123821262595693	0.27809893426704074	0.4396393223193617	140.8579364599072	-964.2290361370466	4.7797469830721727E-4	0.8916880895305007	3.578138598651185E-4	2.070968373698099E-7	1.038478189113574
64200000	-9602.866457093613	-8668.02343915826	-934.8430179353523	-8504.131776970502	122.2342078022655	1224.7011616074706	0.11982674317992008	1.7817956498327348	0.020245450876259605	0.33416112296274086	0.10925886110955045	0.6442047917258399	2.1030689372917775	0.767649823581298	7.565264527376245	0.22863214111037464	0.5143585536625067	1.7817956498327348	0.020245450876259605	0.33416112296274086	0.10925886110955045	0.6442047917258399	2.1030689372917775	0.767649823581298	7.565264527376245	0.22863214111037464	0.5143585536625067	5.832371372759977	0.29771248399574285	0.2188398587090455	0.20534872302817092	0.27809893426704074	0.6386787814734145	110.35145151529392	-918.4094102814081	6.235101191305432E-4	0.8571149376924426	4.4088349885112267E-4	3.4006287184784824E-7	0.9582221822182337
64300000	-9575.803783723779	-8677.016534307935	-898.7872494158433	-8509.424756336619	78.68329363958328	985.1437803514023	0.11034234102933355	0.4406776070943264	0.29649570006643167	0.22096810543162584	0.9101066616675224	0.6558256993113206	1.1320024214539623	0.22526988580996293	3.446981506061078	0.9813094738832784	0.7714116635255801	0.4406776070943264	0.29649570006643167	0.22096810543162584	0.9101066616675224	0.6558256993113206	1.1320024214539623	0.22526988580996293	3.446981506061078	0.9813094738832784	0.7714116635255801	7.0194563279062745	0.2961551971991368	0.21010202683465365	0.2127508663752714	0.28099190959093817	0.40091949362445145	88.96088962686899	-886.5705125313606	7.979750230176625E-4	1.016473443602306	5.897028368600875E-4	6.763309457881533E-7	1.133273658513079
64400000	-9683.332787242767	-8715.687805186195	-967.6449820565714	-8560.619822263146	94.39365223625326	1272.2777971301855	0.054630509694216414	0.25109044862088303	0.13970893264954484	0.5294050177984934	0.14488234605044342	0.5466753387868143	2.7582096965533642	0.1093778429774758	2.3177929303822475	0.13101795130811922	0.5407684633695106	0.25109044862088303	0.13970893264954484	0.5294050177984934	0.14488234605044342	0.5466753387868143	2.7582096965533642	0.1093778429774758	2.3177929303822475	0.13101795130811922	0.5407684633695106	5.969633328489569	0.3029187603942809	0.223384038630227	0.20348781567627458	0.27020938529921756	0.5891220690395614	146.90935558195974	-956.3649938247326	5.804059721832083E-4	0.948372965975349	4.2222186984078357E-4	2.7802645809445664E-7	0.9892131072840401
64500000	-9624.376117252552	-8690.397072912294	-933.9790443402586	-8524.371808765527	130.85713784234275	1256.2930166736928	0.09504449024837706	0.3042030695124121	0.521710224911575	0.061679823982821486	1.4042148565440746	1.1062498173247715	1.8591602806682606	0.39927781073751617	3.9188248115115853	0.33991263065488847	0.744326557441961	0.3042030695124121	0.521710224911575	0.061679823982821486	1.4042148565440746	1.1062498173247715	1.8591602806682606	0.39927781073751617	3.9188248115115853	0.33991263065488847	0.744326557441961	6.842484926009327	0.2890637254222522	0.205945457326806	0.21688063851167116	0.28811017873927064	0.43646393126107896	93.7027794023951	-920.1386156592597	6.479702354870917E-4	1.0619952899670941	4.4474449557354765E-4	9.376312277181005E-7	1.3322657567803624
64600000	-9602.628117782639	-8674.92561074055	-927.7025070420873	-8508.292551023285	94.2416748349084	1072.1788474364412	0.1184993661549768	1.069756965488147	0.3155319421482178	0.8862598182645641	1.1907130691856338	0.7307482094004528	1.3012128598715764	0.5916813098876472	4.020944401604539	0.04138201045887809	1.0694676677322072	1.069756965488147	0.3155319421482178	0.8862598182645641	1.1907130691856338	0.7307482094004528	1.3012128598715764	0.5916813098876472	4.020944401604539	0.04138201045887809	1.0694676677322072	6.7680423703026085	0.30340101396316366	0.2179663037339017	0.20028711091214618	0.2783455713907885	0.3766022948875131	113.0719520664403	-914.0412781249137	6.657449041149901E-4	0.8445895576301086	5.21433797817766E-4	3.711969933582979E-7	0.9907107556552416
64700000	-9708.817290204908	-8690.249182263355	-1018.5681079415544	-8523.90092467514	275.405033116	2069.498005292833	0.051695143282778626	0.10353162757404898	0.06113368810581072	0.3104022164475253	0.020493744695468025	0.387144290400106	2.5717445865187396	0.3360999144069004	4.049560731463032	0.4525614301356632	0.05404047619524328	0.10353162757404898	0.06113368810581072	0.3104022164475253	0.020493744695468025	0.387144290400106	2.5717445865187396	0.3360999144069004	4.049560731463032	0.4525614301356632	0.05404047619524328	6.511069720588175	0.29127163985192694	0.22807446284976549	0.2124164850233829	0.2682374122749247	0.46536481100606275	176.11146910001955	-1006.889998237455	3.915769056978939E-4	0.8562305664169424	2.709353063041067E-4	1.0791176864296652E-7	0.9341780378312609
64800000	-9783.475753700417	-8713.106574765896	-1070.3691789345212	-8548.977695603173	161.1603796730688	2267.6551564949978	0.04753096256429222	0.08896063440107352	0.7191727087537391	0.5733354985657586	0.3099612468376214	2.2117941038969184	0.9304185971989198	0.19032399239654596	3.1473010763142635	0.27122390600736307	1.371011007078293	0.08896063440107352	0.7191727087537391	0.5733354985657586	0.3099612468376214	2.2117941038969184	0.9304185971989198	0.19032399239654596	3.1473010763142635	0.27122390600736307	1.371011007078293	6.247803909861618	0.307523333288294	0.2079727246923357	0.2244517295003861	0.2600522125189842	0.5463443845274574	272.2785550083907	-1057.1779618384717	2.8722136122497137E-4	0.7428570262760651	2.30054168185953E-4	4.771901117962162E-8	0.80801943816427
64900000	-9711.926792524024	-8703.37951415316	-1008.5472783708651	-8533.808129029601	118.36156027726895	1619.3434446847357	0.07182263171827448	0.16467421042484628	0.009367180257999494	1.3695816513370849	0.12533307990215906	0.7881877251722451	0.022777995459179256	0.025630224491360067	2.2502025103919907	0.057718041225660696	1.625422553089998	0.16467421042484628	0.009367180257999494	1.3695816513370849	0.12533307990215906	0.7881877251722451	0.022777995459179256	0.025630224491360067	2.2502025103919907	0.057718041225660696	1.625422553089998	5.978457399345319	0.29316307785467743	0.2079727246923357	0.2100536142359357	0.2888105832170512	0.42117921130622027	206.4989875306257	-999.3668797889027	3.8700691476632846E-4	0.8048701215454414	3.4631872288155396E-4	1.1096517197430824E-7	0.8920804064077809
65000000	-9655.287543012744	-8694.29738919043	-960.9901538223144	-8527.953578590696	139.43031812315377	1384.5481859477802	0.1231617707135161	0.18709151355164386	0.007788088568344845	0.35839618732459105	0.920898905793394	0.41287944128129694	1.7373799097841356	0.3489735729052301	4.72777421407666	0.6841422062382245	0.5482446897804232	0.18709151355164386	0.007788088568344845	0.35839618732459105	0.920898905793394	0.41287944128129694	1.7373799097841356	0.3489735729052301	4.72777421407666	0.6841422062382245	0.5482446897804232	6.538036823408922	0.29316307785467743	0.2079727246923357	0.20169948157059014	0.2971647158823968	0.5730720982774465	129.83240977871554	-948.7488087590058	4.815451634140584E-4	0.8421713979838771	3.9822483947852866E-4	2.0283918303788692E-7	0.9161094646986592
65100000	-9628.632925749913	-8709.127875553746	-919.5050501961666	-8542.6523275857	88.44047294059922	1139.555804249585	0.17199336705894205	0.09690234397045719	0.28397919594705384	0.047791307169798465	2.6231800378438104	0.7486865129894379	1.2650392918631177	0.2843212261078101	2.4440725759647486	0.01777392589056117	0.5906595527770437	0.09690234397045719	0.28397919594705384	0.047791307169798465	2.6231800378438104	0.7486865129894379	1.2650392918631177	0.2843212261078101	2.4440725759647486	0.01777392589056117	0.5906595527770437	5.191006523419648	0.286635488083452	0.20889598426220604	0.22170127328888778	0.28276725436545425	0.37616597084268644	107.80610552652512	-909.8915225873068	5.479147752104188E-4	0.796903638921938	4.898256648421116E-4	2.2168847440465807E-7	0.8341216656245681
65200000	-9644.596176386955	-8698.788245546912	-945.8079308400437	-8542.330799187737	90.52743024480864	1217.3576653989821	0.06305752632506632	0.5045385150067999	0.1337827569315487	0.7155254149004443	0.5966137856579552	1.5082009710972695	0.49344904733424105	0.09370929567169005	5.305257655710025	0.0015956220681240022	0.8786684436418026	0.5045385150067999	0.1337827569315487	0.7155254149004443	0.5966137856579552	1.5082009710972695	0.49344904733424105	0.09370929567169005	5.305257655710025	0.0015956220681240022	0.8786684436418026	5.660428639488236	0.3129261268644758	0.20638343651505534	0.21795501036303175	0.2627354262574371	0.5024985958637258	96.26358360590436	-933.4157377742442	5.298814491470791E-4	0.7087380192721523	4.4088800015481584E-4	2.527643080108915E-7	0.8848097298183679
65300000	-9676.491154761427	-8683.997669647382	-992.4934851140439	-8516.710563785591	117.73043960954996	1540.7398680977165	0.053556523614558704	0.09565283037491708	0.09065733501994354	0.5529483362377396	1.1333306408658068	2.0967006603497613	1.2658570585589946	0.779102051480256	6.443014685666605	0.7445498854682795	0.9250033240262483	0.09565283037491708	0.09065733501994354	0.5529483362377396	1.1333306408658068	2.0967006603497613	1.2658570585589946	0.779102051480256	6.443014685666605	0.7445498854682795	0.9250033240262483	6.33894849934836	0.29854349826309773	0.2112534324010422	0.21670411903835568	0.2734989502975044	0.4465005613903171	172.2981308574658	-974.8603692302593	4.563706604131452E-4	0.8978327945212742	3.7176756799883645E-4	1.3889251354061246E-7	0.8126958609363394
65400000	-9599.32960349436	-8692.04383270275	-907.2857707916108	-8534.69052714195	125.14187996321236	1029.92906922077	0.07266993020620303	0.03874510516715395	0.16729206840631805	0.5121769807235381	1.335444321371872	0.32452044227880184	1.6394494187256012	0.013601125029214702	5.039267468203691	0.7000645650573848	0.3038382194030759	0.03874510516715395	0.16729206840631805	0.5121769807235381	1.335444321371872	0.32452044227880184	1.6394494187256012	0.013601125029214702	5.039267468203691	0.7000645650573848	0.3038382194030759	5.955423613361554	0.28529676688288774	0.2256841916150111	0.21866974075460946	0.27034930074749164	0.49644144718802136	102.60848707762977	-894.6757087033889	6.209698471681711E-4	0.8095319672619846	4.935891946032642E-4	3.1291726996321677E-7	0.9202808725403502
65500000	-9651.924165747907	-8701.213163893692	-950.7110018542147	-8534.465432357685	94.90463844774075	1204.7299008759624	0.06712046064537806	0.045077832855721124	0.09876613498091015	0.6697001250715975	1.4299203013268622	0.7736462978638569	0.626096913328161	0.0315686465618812	2.8738110483267745	0.10423841875711605	1.9833961527758504	0.045077832855721124	0.09876613498091015	0.6697001250715975	1.4299203013268622	0.7736462978638569	0.626096913328161	0.0315686465618812	2.8738110483267745	0.10423841875711605	1.9833961527758504	5.713133012875328	0.2978565126574035	0.2147268228109081	0.21981456951084827	0.2676020950208401	0.6266122872797496	128.32922995460734	-939.3914191048781	5.200985576234458E-4	0.788119635155789	4.645794985601763E-4	1.7632265160084988E-7	0.8368788700126449
65600000	-9655.62291913287	-8695.5689135229	-960.0540056099688	-8523.76514687228	118.44277296380643	1364.594910771367	0.10735607946366457	0.37171184186113315	0.055779677659630246	0.46771401016955005	0.5238782843397989	1.0092285119038247	1.6735477343889826	1.2641846123921177	3.695958375526756	0.5592764191180861	0.0732025672996703	0.37171184186113315	0.055779677659630246	0.46771401016955005	0.5238782843397989	1.0092285119038247	1.6735477343889826	1.2641846123921177	3.695958375526756	0.5592764191180861	0.0732025672996703	6.99081597002055	0.28352149919611447	0.21781945420961601	0.20349502822982882	0.2951640183644406	0.5797289140088936	130.23449309744615	-947.6479510094111	6.134295375184849E-4	0.8124708072805435	4.3475526742180144E-4	2.5218221262271364E-7	0.8994926779679868
65700000	-9665.889990950287	-8680.026995674612	-985.862995275675	-8511.114918454581	110.22273695090203	1538.3440348676477	0.11318154910611689	0.3902909713883401	0.2088965859202071	0.23846310739440024	1.2711784469526153	0.9729240897802796	0.5869659820298752	0.034477484377942694	3.466944823413941	0.4203130597343423	0.13578412564375697	0.3902909713883401	0.2088965859202071	0.23846310739440024	1.2711784469526153	0.9729240897802796	0.5869659820298752	0.034477484377942694	3.466944823413941	0.4203130597343423	0.13578412564375697	6.326138890660076	0.31294015883592086	0.19310979750095397	0.21630810838788042	0.27764193527524467	0.6138262984723835	143.5886914253769	-975.644554318849	4.505568765928943E-4	0.8601186973539457	3.677294099637611E-4	1.4355669763791727E-7	0.8384545111297641
65800000	-9594.510205721748	-8657.83396596897	-936.6762397527781	-8501.051060594764	110.80736306695778	1232.0758542297253	0.09020661061977935	0.5234224914651551	0.2983360766108002	0.298906912076025	0.18509749040211013	0.3910598478527919	2.0598566991200555	0.211199717732167	5.073467302773823	0.33586799073195367	0.26920202806246435	0.5234224914651551	0.2983360766108002	0.298906912076025	0.18509749040211013	0.3910598478527919	2.0598566991200555	0.211199717732167	5.073467302773823	0.33586799073195367	0.26920202806246435	6.445312493785068	0.29473540052101155	0.21179024971165294	0.21583241449209078	0.27764193527524467	0.4882210090258425	116.90023955696674	-923.7777828856388	6.55732291963776E-4	1.0071181094403938	4.970129923290298E-4	2.3420703938298482E-7	0.7873634142975746
65900000	-9640.555555128672	-8690.941852775268	-949.6137023534047	-8522.949690112051	98.00887419972358	1189.4239436461462	0.057896244947484854	0.02644172886537477	0.11677312691084943	0.6342682681420707	0.27411997544927535	0.6956684411167314	1.212878597597756	0.0215890549509929	4.755512448656382	0.37457786338065724	0.5460726150922666	0.02644172886537477	0.11677312691084943	0.6342682681420707	0.27411997544927535	0.6956684411167314	1.212878597597756	0.0215890549509929	4.755512448656382	0.37457786338065724	0.5460726150922666	6.253514888196579	0.31559077254178514	0.20472924082516336	0.2137901128450157	0.26588987378803575	0.49904397717768234	124.68389258572778	-937.914886663409	5.176660174358667E-4	0.8200221430664915	4.6307507601816655E-4	2.1085463842677612E-7	0.8904771161881456
66000000	-9637.198930507006	-8676.956054557502	-960.2428759495037	-8507.989677767413	122.20454167208288	1376.70745721497	0.0863981483177771	0.16526033212703803	0.26935092461578203	0.3605026885826124	1.2896314834026659	1.1685558459431007	1.001096191128202	0.568040458184796	4.319952330879592	0.7781191245262903	1.4953160861729602	0.16526033212703803	0.26935092461578203	0.3605026885826124	1.2896314834026659	1.1685558459431007	1.001096191128202	0.568040458184796	4.319952330879592	0.7781191245262903	1.4953160861729602	6.206744509608322	0.3006069266247683	0.2024727607610859	0.2102184937850316	0.28670181882911416	0.410927544852792	128.29538563133633	-946.5842335809962	4.6218195584467656E-4	0.7968337522130106	4.089500325494376E-4	1.9895837160493044E-7	0.9296291535297417
66100000	-9636.00606521316	-8694.857628730726	-941.1484364824344	-8522.445991832044	87.24910408262005	1107.7385908245824	0.2083443162702355	0.07245698467840293	0.13427568121712077	1.05878808029402	5.646745340446981	0.0762840474236584	1.0924880577841698	0.30636209245774404	2.304044172076076	0.19941047665402475	1.0763843510449995	0.07245698467840293	0.13427568121712077	1.05878808029402	5.646745340446981	0.0762840474236584	1.0924880577841698	0.30636209245774404	2.304044172076076	0.19941047665402475	1.0763843510449995	7.039243692841186	0.31322960416661866	0.20635538390214955	0.20443530969314688	0.2759797022380848	0.39361920495940855	114.10356955795025	-927.5785009566123	5.762307960060791E-4	0.7484494159043343	5.212974927040573E-4	2.913200711989574E-7	0.8725527367227857
66200000	-9699.078110564933	-8683.328735426932	-1015.7493751379998	-8524.723495033813	100.16587244531473	1561.0775348530196	0.06038216905459356	0.10877080443414025	0.10268478553298029	1.2553572944999256	0.3602598009229235	0.36566376906832954	1.5486205797193575	0.24145670615631737	5.862375308409797	0.11525158055214399	2.1976274268190106	0.10877080443414025	0.10268478553298029	1.2553572944999256	0.3602598009229235	0.36566376906832954	1.5486205797193575	0.24145670615631737	5.862375308409797	0.11525158055214399	2.1976274268190106	6.5901788927751515	0.29371940543567937	0.19210868017299804	0.22528757523866771	0.28888433915265477	0.45146700847047394	177.0004073503837	-1000.2347577030189	3.6907495880870035E-4	0.9212960600218713	3.700416493334171E-4	1.0293064171919207E-7	0.8497032550838672
66300000	-9684.253589689391	-8687.441231463874	-996.8123582255182	-8520.700978843328	89.21270380595374	1390.502767172623	0.08948720756841043	0.8484766289303579	0.13331426304482516	0.5238272842934748	0.20111341901222143	0.6409616322442306	0.7695394513186652	0.7489970064724352	6.43454318455488	0.479684698622831	0.49524953858667564	0.8484766289303579	0.13331426304482516	0.5238272842934748	0.20111341901222143	0.6409616322442306	0.7695394513186652	0.7489970064724352	6.43454318455488	0.479684698622831	0.49524953858667564	6.186683313538416	0.29246374539564957	0.2105462790563761	0.20384784582336968	0.29314212972460457	0.44189633083329294	142.1207867923005	-983.3178677883101	4.932187897684525E-4	0.7440908870038031	4.2037271516115606E-4	1.454893385875113E-7	0.8080478265757387
66400000	-9650.03404109643	-8680.594378340651	-969.4396627557801	-8510.916149286886	98.88170830280922	1263.5700698547803	0.05631460638367071	1.3504806603641688	0.09886274023545262	2.2488742310336907	0.6001095736060768	2.398023781184862	2.9194098723242914	0.45176453813603573	6.011877731720791	0.6869876816492915	0.5356906294476056	1.3504806603641688	0.09886274023545262	2.2488742310336907	0.6001095736060768	2.398023781184862	2.9194098723242914	0.45176453813603573	6.011877731720791	0.6869876816492915	0.5356906294476056	5.6039139600296375	0.30259819466445503	0.21456385806047207	0.19796608378505978	0.28487186349001303	0.487171886107979	127.19165725074377	-949.0370725024827	5.580969403860355E-4	0.8445332787893945	4.745774130213387E-4	2.2793158614224728E-7	0.8612347891889109
66500000	-9645.758738398281	-8693.173242278624	-952.5854961196568	-8526.453859869638	99.896004007542	1223.284863244007	0.0959400780003641	0.8940096256380149	0.06939854843566441	0.6450317103840657	0.36049793773435695	1.0171616507567354	1.6289377465926973	0.027276620096123277	3.6628980642892603	0.020514636109971385	2.376641335644864	0.8940096256380149	0.06939854843566441	0.6450317103840657	0.36049793773435695	1.0171616507567354	1.6289377465926973	0.027276620096123277	3.6628980642892603	0.020514636109971385	2.376641335644864	6.961455269297138	0.2990395769804638	0.22413878659719327	0.21869795610927686	0.258123680313066	0.642662996397232	115.61027758281327	-939.2010022214465	5.442949324754898E-4	0.849565299094308	4.649572384778891E-4	2.792323443106337E-7	0.9803140229791668
66600000	-9652.80050159262	-8678.737783702483	-974.0627178901367	-8509.16007274824	112.77869272001479	1412.8151903774638	0.06225790872367437	0.03967831691396154	0.12089871961430793	3.924083789257711	0.4870377749542765	1.7666951409351384	0.9754725156895616	0.05784832511710409	4.2654248994397745	0.8243387364196948	0.2657914927384007	0.03967831691396154	0.12089871961430793	3.924083789257711	0.4870377749542765	1.7666951409351384	0.9754725156895616	0.05784832511710409	4.2654248994397745	0.8243387364196948	0.2657914927384007	6.448599604728527	0.3053908182150315	0.19902664567193884	0.21607386053507815	0.2795086755779515	0.48419099019370154	148.7277354327384	-958.0853416530504	4.961035944030359E-4	0.8676482808517464	3.8623188211952023E-4	1.7716924304058312E-7	0.8938831588477931
66700000	-9634.614470005812	-8687.932815616083	-946.6816543897298	-8522.586271580753	83.68325905388025	1201.7896782324322	0.10351624370928215	0.37472958491865754	0.194131600420936	0.3972427645477127	0.6696915416755441	0.7504331315803724	1.4993591177309866	0.24916369281869735	2.728015220407929	0.5147157650619527	0.050242452291843924	0.37472958491865754	0.194131600420936	0.3972427645477127	0.6696915416755441	0.7504331315803724	1.4993591177309866	0.24916369281869735	2.728015220407929	0.5147157650619527	0.050242452291843924	6.24984118782111	0.30634700612318977	0.19407700521116014	0.2200673130876986	0.2795086755779515	0.4850540201710447	141.23563683241426	-936.7543470443749	5.824537134209612E-4	0.8004620214615549	4.809868455869548E-4	2.4213456123606616E-7	0.8744956074278095
66800000	-9585.22639307624	-8685.35568424877	-899.8707088274703	-8516.749710245165	99.09999524922183	1001.3254479563379	0.08947329265148961	0.6953929110243596	0.11267773757565615	0.42305747370384966	1.0559062800127403	2.0939317078463784	0.00625209986613424	0.8531707195903284	3.7972688545999254	0.1937572648978063	0.25123498765210706	0.6953929110243596	0.11267773757565615	0.42305747370384966	1.0559062800127403	2.0939317078463784	0.00625209986613424	0.8531707195903284	3.7972688545999254	0.1937572648978063	0.25123498765210706	6.583055565173952	0.29713925415897974	0.20733232913592836	0.22611817038773538	0.2694102463173565	0.47971062402308134	90.03167586164575	-887.1458015570116	8.165318630743292E-4	0.9754777688984707	5.676761038501688E-4	6.473944639640922E-7	1.0661366173555265
66900000	-9642.19460065737	-8674.095679318283	-968.0989213390878	-8503.943220063156	136.01276247756	1475.817341216759	0.13112657480300444	0.12449830104455957	0.11501233200173766	0.5085282800028089	1.3748194830097085	1.0532640308983527	1.3024706795190448	0.0902154059169203	3.8496328211299993	0.5748978042813567	0.44869548404748505	0.12449830104455957	0.11501233200173766	0.5085282800028089	1.3748194830097085	1.0532640308983527	1.3024706795190448	0.0902154059169203	3.8496328211299993	0.5748978042813567	0.44869548404748505	5.930874326110619	0.29054653038804523	0.2117779997948323	0.21041248377819088	0.2872629860389316	0.565843140251239	150.11573931997683	-956.2467158979155	4.955732178081889E-4	0.9043461646759826	3.702577440909269E-4	3.693951219574713E-7	1.1957939231861057
67000000	-9705.658924603598	-8673.940290515882	-1031.718634087717	-8498.587051558663	124.28215114992177	1765.5292513816685	0.03843571100917299	0.9322323984891898	0.20239534213387808	1.8943676199825756	0.569810263424869	0.8589544636240387	4.71520626806533	0.15490128375907608	5.677744217194006	0.27166401534269097	0.4566355623826686	0.9322323984891898	0.20239534213387808	1.8943676199825756	0.569810263424869	0.8589544636240387	4.71520626806533	0.15490128375907608	5.677744217194006	0.27166401534269097	0.4566355623826686	5.967632526363399	0.317671005409891	0.20613007355450094	0.19986075142929907	0.276338169606309	0.5500767915829214	202.2749713364921	-1012.3737389686875	3.690437678363753E-4	0.7369789998519171	3.2042965359404976E-4	1.0860538670453967E-7	0.859916320698046
67100000	-9713.513273661216	-8676.640924608415	-1036.8723490528002	-8505.513536806016	174.14842852130616	1961.7571677246112	0.0857520487335906	0.017916641201569456	0.06489974889930455	0.3793765754819793	0.5338683771649249	1.182546972914484	1.6009311490549993	0.0889457483932246	3.998494673010434	0.134698377314378	1.0909618603366518	0.017916641201569456	0.06489974889930455	0.3793765754819793	0.5338683771649249	1.182546972914484	1.6009311490549993	0.0889457483932246	3.998494673010434	0.134698377314378	1.0909618603366518	6.137341987922745	0.29809469558089313	0.20640963155133138	0.2226454403153699	0.27285023255240565	0.5384842654449037	196.40159022341092	-1025.6554605058814	3.3940979854888705E-4	0.6918608174100184	2.798356953219124E-4	7.376482364508889E-8	0.7948833966054909
67200000	-9669.454215445821	-8683.217672333578	-986.2365431122439	-8517.44288561537	101.79992792340056	1393.7578863482397	0.08790397355214244	0.25469887064709024	0.3752106237416687	2.403458603218441	1.200279543021537	1.4685085025407114	3.058425351650937	0.18927447969205966	7.297609208226016	0.47073488866907115	0.15809400268217436	0.25469887064709024	0.3752106237416687	2.403458603218441	1.200279543021537	1.4685085025407114	3.058425351650937	0.18927447969205966	7.297609208226016	0.47073488866907115	0.15809400268217436	6.921594740036127	0.29957119515599595	0.19535495411508547	0.2226454403153699	0.2824284104135487	0.532787568519832	142.74016115680382	-967.2903726461249	4.381914321608153E-4	0.6468926304083271	3.7758092722767515E-4	1.2588028089637656E-7	0.8053383705328546
67300000	-9604.283899618498	-8684.850938430192	-919.4329611883064	-8514.240409432756	82.84944891403083	1024.5176264898057	0.11260590930930131	0.1434848847682534	0.05965294063811481	0.5044177786972962	0.9785940261911218	0.26623799626074457	0.45606868534727957	0.297218136687805	2.7994005676303537	0.6144585919273937	0.07897750052363556	0.1434848847682534	0.05965294063811481	0.5044177786972962	0.9785940261911218	0.26623799626074457	0.45606868534727957	0.297218136687805	2.7994005676303537	0.6144585919273937	0.07897750052363556	6.451119301462274	0.3116902674606086	0.21755773855409635	0.2021521336885448	0.2685998602967503	0.4294081431782689	99.21049852535312	-910.6269496903176	7.164437297890291E-4	0.8943817153214423	6.056784084816017E-4	4.0118370138638427E-7	0.9603379999525183
67400000	-9614.393784750526	-8663.11897062455	-951.2748141259761	-8503.53181652555	126.45889029189276	1343.2212239731325	0.08388474226034336	0.07984806755259137	0.20904477186455941	0.11247212758079786	1.5163884243935903	1.0404282808630494	0.7265826593939069	0.6842198705096308	3.659221186892134	0.3145901617062875	1.6568460987801847	0.07984806755259137	0.20904477186455941	0.11247212758079786	1.5163884243935903	1.0404282808630494	0.7265826593939069	0.6842198705096308	3.659221186892134	0.3145901617062875	1.6568460987801847	6.316051263493906	0.31021810172402486	0.2222493454071649	0.20344427090109798	0.26408828196771233	0.4642763109760417	124.9899320362359	-938.3005996423979	5.385718973546569E-4	0.9568188589469181	4.2693640486924777E-4	3.1313354651377323E-7	1.0362039851682026
67500000	-9664.10331968061	-8706.831068868065	-957.2722508125445	-8543.720827454705	99.77575180504049	1282.112721402711	0.09558334373724912	0.043188841048238925	0.037098343208637606	0.17777498533267283	0.5183161301657263	0.5974591710589321	1.3043370721838095	1.0733593558616672	2.214279110290253	0.03928656941973634	0.17816116248314395	0.043188841048238925	0.037098343208637606	0.17777498533267283	0.5183161301657263	0.5974591710589321	1.3043370721838095	1.0733593558616672	2.214279110290253	0.03928656941973634	0.17816116248314395	6.463356958257496	0.2908898829877211	0.21443435753309878	0.2024435876686295	0.29223217181055067	0.4482954772964705	144.958879774401	-948.8386271432508	5.011395058033173E-4	0.7459188957471301	4.1413192019877534E-4	1.7043174551871964E-7	0.844594009304541
67600000	-9639.028355232198	-8687.669185615036	-951.3591696171628	-8514.931397900953	118.19743942996095	1354.0494935656093	0.06366195309741622	0.12272044761173262	0.24774616698506757	0.9229169385967946	1.4312302508254793	0.7916199024594006	0.4362108618906391	0.1136937890572591	3.969068166845449	0.16482762285322455	0.5622795217894176	0.12272044761173262	0.24774616698506757	0.9229169385967946	1.4312302508254793	0.7916199024594006	0.4362108618906391	0.1136937890572591	3.969068166845449	0.16482762285322455	0.5622795217894176	7.105806897383249	0.29931273751340287	0.20987966852264134	0.22101648663014134	0.2697911073338145	0.4952149572429586	123.50959168115867	-939.5967354482741	4.8464717493741264E-4	0.8323416652870823	4.229211789837184E-4	1.6482597706733702E-7	0.830810574690932
67700000	-9614.114294099802	-8677.434655937936	-936.6796381618657	-8505.857866374185	103.91916881430762	1263.7343300543525	0.10022222944617891	0.026143106151543256	0.01530653085640864	0.9732768363832599	0.31345173125642745	1.265333048502458	0.09262586323122643	0.015271402220247239	3.6140817586188287	0.2139194926897565	1.0011964257270562	0.026143106151543256	0.01530653085640864	0.9732768363832599	0.31345173125642745	1.265333048502458	0.09262586323122643	0.015271402220247239	3.6140817586188287	0.2139194926897565	1.0011964257270562	7.118828189852889	0.28376105729141615	0.2177188232097344	0.224252142825342	0.2742679766735075	0.528385486972333	108.69851484226577	-926.4304693091285	6.102143718927873E-4	0.880134238695393	4.7632221929668454E-4	2.201065870242276E-7	0.8323468201044097
67800000	-9663.137629970788	-8687.128965871985	-976.0086640988026	-8517.296896428576	123.83199260768214	1400.4942797156627	0.09400229778036315	0.23840952076716493	0.03792114873660778	2.7917389866340296	0.3602077208907815	1.2675979786782707	0.291169629499002	0.3548023096684813	3.7903533993954377	0.27439291966352786	0.42009765208695304	0.23840952076716493	0.03792114873660778	2.7917389866340296	0.3602077208907815	1.2675979786782707	0.291169629499002	0.3548023096684813	3.7903533993954377	0.27439291966352786	0.42009765208695304	6.285666969499999	0.3058765809381979	0.19594893214362002	0.21919405037630696	0.27898043654187515	0.5738713976863073	128.36294688549125	-963.9834697062505	4.156157963527052E-4	0.7882788792431331	3.873887335215759E-4	1.3656696202269556E-7	0.8910234386191658
67900000	-9715.845503114968	-8691.294927931143	-1024.5505751838248	-8530.831492680572	106.14061424423528	1676.6963252720086	0.05421171000024099	0.05804506177773829	0.25211761618668715	0.2173657087661013	1.2821348699569657	0.47994933143748303	2.443638523978609	1.3831304030531908	5.484036975769341	0.5909730677015177	1.1208350989629334	0.05804506177773829	0.25211761618668715	0.2173657087661013	1.2821348699569657	0.47994933143748303	2.443638523978609	1.3831304030531908	5.484036975769341	0.5909730677015177	1.1208350989629334	6.6432720368035705	0.296522990763	0.2176852736882562	0.20574256134003227	0.2800491742087116	0.5381467109206483	187.32726898959592	-1008.1169804451247	3.6856706564707825E-4	0.7601100160685609	3.0451609941103643E-4	1.0501743529472798E-7	0.9032053347700393
68000000	-9704.095014872059	-8706.646391500679	-997.448623371379	-8538.70602781675	120.95883295068168	1535.9656984693306	0.09542359575769883	0.031369624754301405	0.011766847958603622	0.5823799183072885	0.896735669196183	0.5799890784863779	1.173870763116389	0.232686692559149	3.3214789927976685	0.09748990481592062	0.16693727586818582	0.031369624754301405	0.011766847958603622	0.5823799183072885	0.896735669196183	0.5799890784863779	1.173870763116389	0.232686692559149	3.3214789927976685	0.09748990481592062	0.16693727586818582	6.50263747975745	0.29936821009719206	0.2202367221556117	0.21187840084925735	0.2685166668979389	0.628668793887545	153.05395298308952	-988.3229988868786	4.193913758848817E-4	0.673681450436696	3.5832160659639387E-4	6.643869133528872E-8	0.6524626202280449
68100000	-9720.392394386156	-8703.717402969001	-1016.6749914171539	-8525.969922714065	104.22389679071507	1605.7114782811793	0.07063194284705383	1.4946331833544997	0.12468954089403382	1.2811309219846436	1.736158985391134	1.0631115486035907	0.685361009332547	0.48578652018443713	5.2949563994884645	0.9023051524163666	0.2845868085344131	1.4946331833544997	0.12468954089403382	1.2811309219846436	1.736158985391134	1.0631115486035907	0.685361009332547	0.48578652018443713	5.2949563994884645	0.9023051524163666	0.2845868085344131	6.985616827831666	0.2944709765802729	0.19675493415204487	0.2054865968592531	0.30328749240842917	0.4716746595243254	182.2006699061051	-1000.4586619904809	4.2715031797786084E-4	0.7340714197854491	3.67304060069569E-4	9.23167289001419E-8	0.728312789079252
68200000	-9698.866803632616	-8687.215071912118	-1011.6517317204971	-8522.717643204993	115.27670716444504	1701.969583859256	0.04837548479259663	0.43466801562122753	0.20818843504393728	0.7171027667164015	0.40647764982163026	2.508011020844914	1.0060597445474317	0.0838668706130005	2.4462571504735644	0.7003879443159663	0.44200383815118904	0.43466801562122753	0.20818843504393728	0.7171027667164015	0.40647764982163026	2.508011020844914	1.0060597445474317	0.0838668706130005	2.4462571504735644	0.7003879443159663	0.44200383815118904	6.49187581467576	0.30767817455521607	0.19675493415204487	0.2146301050562955	0.2809367862364436	0.47037237698370193	179.57294725814063	-999.7131473266734	4.263342174662035E-4	0.653785885647997	3.295075686671677E-4	7.783686576478319E-8	0.7150472843224597
68300000	-9686.916533589885	-8701.892866201237	-985.0236673886486	-8539.67977600878	96.54832329452663	1437.0850107208807	0.09058459075394329	1.6152570995940976	0.015053848421113484	0.3038940400321509	1.4458918806673378	0.3757546661151194	2.308458552591172	0.06777056843799137	2.1807384803609717	0.3589593474029229	0.4171559214331486	1.6152570995940976	0.015053848421113484	0.3038940400321509	1.4458918806673378	0.3757546661151194	2.308458552591172	0.06777056843799137	2.1807384803609717	0.3589593474029229	0.4171559214331486	6.977667771863033	0.2986503506456684	0.22331974038835534	0.1970931227295327	0.2809367862364436	0.515357049818682	155.76042324893447	-973.323212734588	4.6358745518546734E-4	0.784435963805943	3.8096067179055733E-4	1.2318849882006274E-7	0.775497333143653
68400000	-9688.03002691442	-8689.848953352703	-998.1810735617181	-8521.104789860035	121.4147062125164	1528.392819462864	0.06902113657097815	0.31496582818151697	0.2334325119798261	1.6461823193013363	0.3766830909733385	1.9844809129144563	1.6469764315573014	0.027305479875652735	3.891910702919862	0.4783303705858082	1.3654717455943337	0.31496582818151697	0.2334325119798261	1.6461823193013363	0.3766830909733385	1.9844809129144563	1.6469764315573014	0.027305479875652735	3.891910702919862	0.4783303705858082	1.3654717455943337	6.098302830159666	0.2935621822101841	0.19469535092277657	0.20851875572792794	0.30322371113911145	0.6329980804834409	179.772200367998	-983.102166317601	4.7100896256421017E-4	0.7924943061945195	3.920014090614603E-4	1.6310592130341248E-7	0.8408247491660868
68500000	-9759.97273895983	-8714.438606211568	-1045.5341327482624	-8539.286154344	131.2164588117559	1859.791345367431	0.09462073374808135	0.3062467203657096	0.010756054757370286	0.12563817630146135	1.6272590751231475	1.3382918359691287	2.4603354679895326	0.3559118498606561	3.241274930609052	0.1616341627767441	0.4187122912998477	0.3062467203657096	0.010756054757370286	0.12563817630146135	1.6272590751231475	1.3382918359691287	2.4603354679895326	0.3559118498606561	3.241274930609052	0.1616341627767441	0.4187122912998477	6.466945730564053	0.3057992171172189	0.19597770224448047	0.2173120547064214	0.2809110259318792	0.5847704015210944	208.85018392222182	-1033.3659708458795	3.231651599131603E-4	0.6600870850590846	2.915864517955609E-4	6.182263505874231E-8	0.7968128834100044
68600000	-9670.494113962395	-8675.013410720583	-995.4807032418112	-8508.017389822422	136.87308823367613	1649.1457863579712	0.06641705919473162	0.6658657542635897	0.3825148117615615	0.20662504249618927	1.1373142676892338	0.9352886412702843	0.9365040778566628	0.5583726036065301	5.723221878422529	0.40209948035622567	0.40163365726852474	0.6658657542635897	0.3825148117615615	0.20662504249618927	1.1373142676892338	0.9352886412702843	0.9365040778566628	0.5583726036065301	5.723221878422529	0.40209948035622567	0.40163365726852474	5.599609650319003	0.31268383439658004	0.21773990960889036	0.20020230656894347	0.269373949425586	0.4834814691052244	164.79306265981114	-981.2705009404522	4.31270624418559E-4	0.8536224424602993	3.5241495570913716E-4	9.008868347560066E-8	0.7271274703573732
68700000	-9631.671288114263	-8686.547126289992	-945.1241618242702	-8528.882612024432	126.26733342850778	1343.2811015812701	0.0788058072840244	0.9356477612542142	0.18669220521931615	0.3197558167338437	0.05018699595603546	0.6699492815739785	0.3042696590660796	0.0387811329993427	3.9179815757775898	0.17550780266391727	0.15383130037923384	0.9356477612542142	0.18669220521931615	0.3197558167338437	0.05018699595603546	0.6699492815739785	0.3042696590660796	0.0387811329993427	3.9179815757775898	0.17550780266391727	0.15383130037923384	6.562510200331043	0.29443682045831704	0.21773990960889036	0.20577346598267476	0.2820498039501177	0.4620572898184978	128.67700354815562	-935.2296194679362	5.737620798213271E-4	0.937615625935673	4.636974156980084E-4	1.4463383114093595E-7	0.6920628863239141
68800000	-9682.717832868935	-8698.935663292978	-983.782169575957	-8524.874226502357	95.98109500437417	1418.3487511927187	0.06802764639484055	0.706498817387718	0.11533774646258457	0.059850743707194676	2.9903250291119816	1.093536482157172	0.7012446612783694	0.4462301381252715	3.929843738172251	0.36676509222792336	0.05569394646635639	0.706498817387718	0.11533774646258457	0.059850743707194676	2.9903250291119816	1.093536482157172	0.7012446612783694	0.4462301381252715	3.929843738172251	0.36676509222792336	0.05569394646635639	7.459777239257905	0.29443682045831704	0.2195410138003493	0.19898259470525506	0.28703957103607847	0.5293572184445478	175.4154541390202	-969.9913310200232	4.915454157864967E-4	0.7990914599899622	4.164555842461486E-4	1.1109577923051022E-7	0.6888600343339101
68900000	-9665.755200884341	-8685.998733818336	-979.7564670660054	-8510.935346512304	110.13584917388673	1392.1364999026155	0.10599745471249576	0.503243386450862	0.15086597362209053	0.38400070455110863	0.9525666907584336	0.26416779353130887	3.4672504856262547	0.3856293276721192	4.768137069035562	0.040386580885304585	2.9009143290648884	0.503243386450862	0.15086597362209053	0.38400070455110863	0.9525666907584336	0.26416779353130887	3.4672504856262547	0.3856293276721192	4.768137069035562	0.040386580885304585	2.9009143290648884	5.624239403061492	0.27983368551150933	0.21262168605759613	0.2102474363449861	0.2972971920859084	0.4739318714593603	151.94912630618765	-964.0450527410325	4.3918574363044176E-4	0.7632326363044948	3.749456073745105E-4	1.5086449461837893E-7	0.8809535919344177
69000000	-9670.021984901781	-8689.509821445667	-980.5121634561145	-8531.596790769365	94.9769488413898	1357.836763297236	0.08052222747013063	0.1667549803266044	0.049986227632511385	0.27617128249496475	1.2896157025740167	0.4405005687084359	0.3408663116460353	1.0746211831830352	2.085509492291106	0.32443816019508653	0.7651370055156276	0.1667549803266044	0.049986227632511385	0.27617128249496475	1.2896157025740167	0.4405005687084359	0.3408663116460353	1.0746211831830352	2.085509492291106	0.32443816019508653	0.7651370055156276	6.857877657330117	0.2831245452414082	0.23507034929492593	0.2043476254254712	0.2774574800381947	0.4353529766685839	150.957898735512	-971.3500553556951	4.686722465460414E-4	0.7183561334282769	4.3440297297913673E-4	1.4256507251206538E-7	0.844404632454324
69100000	-9587.084114958088	-8667.624085694273	-919.4600292638157	-8500.785678729464	91.45846569084169	1049.8025867543072	0.1320581965036675	0.04214950705417887	0.12050607720428168	1.4719937333143245	1.0042846241397534	0.34315568316268324	2.167495466505756	0.4259430720608136	4.621475108015547	0.5227050535571403	0.9844315766385032	0.04214950705417887	0.12050607720428168	1.4719937333143245	1.0042846241397534	0.34315568316268324	2.167495466505756	0.4259430720608136	4.621475108015547	0.5227050535571403	0.9844315766385032	6.1929351076153685	0.3002089476130647	0.20190511119227858	0.2153050725877549	0.2825808686069018	0.5510911865955098	101.44288773545173	-905.2279456479904	7.047382901650621E-4	0.9024572788713593	5.502836258820889E-4	3.862502559868094E-7	0.9492108899385835
69200000	-9619.512071788085	-8669.01391077343	-950.4981610146555	-8494.425436910742	102.89089138128818	1248.4695457807393	0.17009063947984274	1.7456996384291403	0.36921779358189666	0.1060956985413785	0.5590791541629657	0.355456651418638	0.47069203209529714	1.7338611621498055	1.7985767682498166	0.3726771759673156	0.2718966495957786	1.7456996384291403	0.36921779358189666	0.1060956985413785	0.5590791541629657	0.355456651418638	0.47069203209529714	1.7338611621498055	1.7985767682498166	0.3726771759673156	0.2718966495957786	5.891089155164181	0.3131823544826868	0.20190511119227858	0.20580492948482604	0.2791076048402086	0.421339016324145	123.00287806378142	-940.385769908342	6.229729882126065E-4	0.9521675732901383	4.440643828358366E-4	2.7208873029540004E-7	0.9536112039715242
69300000	-9586.199069239225	-8709.949798311141	-876.2492709280828	-8542.571494305108	68.07707739572788	838.3244834923297	0.10705674541188319	1.2822768416933148	0.04844160847955026	0.1294839561058645	0.8758747043682047	0.4992168348664851	1.27341783202092	0.1985963500978044	3.4065225849345366	0.261394375450875	0.1147817796477784	1.2822768416933148	0.04844160847955026	0.1294839561058645	0.8758747043682047	0.4992168348664851	1.27341783202092	0.1985963500978044	3.4065225849345366	0.261394375450875	0.1147817796477784	6.526443697292808	0.2826822876711781	0.204666440834368	0.22379435603518555	0.2888569154592683	0.3904428356633173	81.91070455716395	-865.2467291077116	8.325055568507489E-4	0.9847076930859523	6.894579565389209E-4	8.413924159246812E-7	1.0794532859611357
69400000	-9627.929500638123	-8697.968545493164	-929.9609551449599	-8528.359892952085	101.49774172016342	1163.323264349555	0.11388993739126413	0.13978319547812162	0.4806067645357479	0.7612916595103283	1.6193736972161163	0.5665799586177931	2.916605302941227	0.07450280659180708	4.273772478238787	0.004732842810123096	1.543367131250825	0.13978319547812162	0.4806067645357479	0.7612916595103283	1.6193736972161163	0.5665799586177931	2.916605302941227	0.07450280659180708	4.273772478238787	0.004732842810123096	1.543367131250825	5.704476117581653	0.3032379243407492	0.21857619419102434	0.18932896600895807	0.2888569154592683	0.549311594677433	115.88146062686988	-915.4495218964031	5.781506202001483E-4	0.796112923759894	4.528088499637065E-4	3.1297499268559787E-7	0.9819035749305317
69500000	-9654.992778427682	-8667.282781447533	-987.7099969801487	-8504.79224629404	100.36152212282647	1455.6564257540103	0.06790453252688362	0.3700082813476589	0.19499555639700702	1.6536975477414508	0.08125846085143744	0.7390069009869195	0.6663123748580712	0.16183955163495906	4.063532415806283	0.105101419511955	2.2185228347716066	0.3700082813476589	0.19499555639700702	1.6536975477414508	0.08125846085143744	0.7390069009869195	0.6663123748580712	0.16183955163495906	4.063532415806283	0.105101419511955	2.2185228347716066	6.231011758390613	0.308172308085653	0.21018655486306917	0.2162490436164858	0.2653920934347919	0.46056866699521776	148.70875241640874	-974.8055974223726	4.330167447173196E-4	0.79652939762724	3.508923123882193E-4	1.5011553385813977E-7	0.9435561676197886
69600000	-9652.32993494318	-8696.559251097813	-955.7706838453669	-8537.525127576682	122.32497422128054	1334.458645840498	0.08324414966820018	0.20373561183619604	0.39025754039015303	0.24182871038734088	1.4093506593952676	0.9510918386841101	1.2038764834226947	0.04895303892466845	4.776048660640059	0.5998909954703355	0.5492460281288326	0.20373561183619604	0.39025754039015303	0.24182871038734088	1.4093506593952676	0.9510918386841101	1.2038764834226947	0.04895303892466845	4.776048660640059	0.5998909954703355	0.5492460281288326	6.186928428129824	0.2959859757079309	0.22225029032358318	0.2044201476240295	0.2773435863444564	0.4474933441101823	131.15879302705656	-942.6408604474626	5.156105974015787E-4	0.9062008419905133	4.0540660430722484E-4	3.678689452456628E-7	1.1305915140878406
69700000	-9666.01945363009	-8696.730375273197	-969.2890783568928	-8534.028808621993	101.26824547641435	1313.430181916248	0.06867994555973311	0.8464407548957524	0.08016921285390671	0.4766883726049391	1.3495821268567416	1.313526284896556	0.35089468599126367	0.09267392902357541	6.493704871791947	0.10284382480186022	0.7115487590274292	0.8464407548957524	0.08016921285390671	0.4766883726049391	1.3495821268567416	1.313526284896556	0.35089468599126367	0.09267392902357541	6.493704871791947	0.10284382480186022	0.7115487590274292	6.78267095201449	0.3244904067644997	0.20909001063015437	0.20276222567020377	0.2636573569351421	0.4240666202653552	150.2935161564766	-954.6088664828469	4.980567758137E-4	0.766543549711721	4.135726531353089E-4	2.2875342127427345E-7	0.9413444783378138
69800000	-9600.862688919298	-8668.548173050998	-932.3145158682998	-8506.715854672464	81.45926312652162	1102.0471842773313	0.08511934788862499	0.07309321852614217	0.04944747261343405	0.46757241386993775	1.3952154313594192	0.5082402588023579	1.0025990451529965	0.10801193886037798	2.0899425838442727	0.18922695477848786	1.2264344151965851	0.07309321852614217	0.04944747261343405	0.46757241386993775	1.3952154313594192	0.5082402588023579	1.0025990451529965	0.10801193886037798	2.0899425838442727	0.18922695477848786	1.2264344151965851	6.558643268000073	0.31161658638060374	0.20757716688930575	0.21227814584427301	0.2685281008858174	0.4910004990346938	122.30768608386968	-922.7175264270692	5.705557452059739E-4	0.7615806910477952	4.6661830988102055E-4	3.396424282446426E-7	1.0362679130640826
69900000	-9595.83808914271	-8690.575353590984	-905.2627355517251	-8524.812430340915	74.93511056430786	980.5793565824927	0.0794051668651544	0.014696331269093492	0.479758329815052	1.6153937483871688	0.5189324474122109	1.3304786968531623	0.4683019112838113	0.05089913934120326	4.027380923172022	0.5341403313969215	0.29000885755477357	0.014696331269093492	0.479758329815052	1.6153937483871688	0.5189324474122109	1.3304786968531623	0.4683019112838113	0.05089913934120326	4.027380923172022	0.5341403313969215	0.29000885755477357	5.900517348298893	0.3218516884927134	0.21194680314644812	0.19131299872728724	0.27488850963355116	0.41102435595654896	106.53182300487636	-893.1523493251517	6.951350356609097E-4	0.8372846309395615	5.379858890014783E-4	4.4102377157416746E-7	1.0151893900399955
70000000	-9582.313502986985	-8699.345139393306	-882.9683635936788	-8528.649032833762	82.95650136812048	917.345825503094	0.14706751590098632	1.1181875420019578	0.030252634311754744	0.12356823902212713	0.4412652885499534	0.961297556543559	2.3036025427877194	0.6891988127744471	4.134019501462682	0.08484472412525551	0.9183179483822685	1.1181875420019578	0.030252634311754744	0.12356823902212713	0.4412652885499534	0.961297556543559	2.3036025427877194	0.6891988127744471	4.134019501462682	0.08484472412525551	0.9183179483822685	5.9576654936757025	0.3052765436300758	0.2179748044029994	0.20614312235599544	0.27060552961092926	0.4675132492920626	87.66372686294751	-869.6235325691932	7.594144748715933E-4	1.001262591942218	6.201159909676755E-4	6.60757362167779E-7	0.977090303416455
70100000	-9610.64881190038	-8691.358065508977	-919.2907463914032	-8514.732554252018	78.95739857442088	1100.882323381859	0.13859176985888128	0.5767842318388938	0.07840446635806354	0.730432194156219	0.38970153584281586	1.1200005395422012	0.8064067805443752	0.3849959181064731	3.0183559287805304	0.10492904104841955	0.17660090157157862	0.5767842318388938	0.07840446635806354	0.730432194156219	0.38970153584281586	1.1200005395422012	0.8064067805443752	0.3849959181064731	3.0183559287805304	0.10492904104841955	0.17660090157157862	6.405819260093149	0.3052765436300758	0.19827112478656092	0.2085499786081499	0.28790235297521327	0.5100262301752305	106.15991598507304	-909.5054161771322	5.926330372617516E-4	0.9184400517187886	5.489458693385491E-4	3.3251009226737756E-7	0.9287551905104174
70200000	-9639.295823788183	-8667.59874647729	-971.697077310893	-8503.712292418566	123.7041755895938	1414.7882072784525	0.0822215873809589	1.2979253148601468	0.11960555739731271	0.6921878240921863	3.5278597271258643	0.6703942106967004	0.9584760387816527	0.5394281504462949	3.652671788075603	0.5058511056325475	0.7217285420741707	1.2979253148601468	0.11960555739731271	0.6921878240921863	3.5278597271258643	0.6703942106967004	0.9584760387816527	0.5394281504462949	3.652671788075603	0.5058511056325475	0.7217285420741707	6.231543241312931	0.3047325571980149	0.21548144002129277	0.21029687671180883	0.2694891260688833	0.4201148095057949	143.85808090850676	-956.0099343811937	5.290232337572938E-4	0.9441440100086801	4.0215672342436433E-4	2.486259097530137E-7	0.9524514660824549
70300000	-9683.941036303082	-8692.981477730054	-990.9595585730275	-8526.439812126973	141.05807085037125	1595.7669614885042	0.07587089746635874	0.18002647902866573	0.20308846658883667	0.7510722873043678	0.7199809573502284	0.31352898420167336	1.771824462962577	2.408421218750059	5.3099696932435645	1.5036218983592085	0.12835887827892375	0.18002647902866573	0.20308846658883667	0.7510722873043678	0.7199809573502284	0.31352898420167336	1.771824462962577	2.408421218750059	5.3099696932435645	1.5036218983592085	0.12835887827892375	5.434841971641277	0.294888438006024	0.20369560348598284	0.22774705120203598	0.27366890730595705	0.5856814428973568	173.4395165101299	-975.3161455250946	4.035708955970726E-4	0.7532444810825392	3.237834885341265E-4	1.4590238770142492E-7	0.9252458327316773
70400000	-9630.51704750485	-8687.910161915444	-942.6068855894068	-8517.674246615637	122.96652086445405	1166.716874703861	0.12201752226934681	0.028705408900588585	0.501681744398084	1.7212512307338834	1.394478207074673	1.0304669989345299	0.7999980399635152	1.3736504549061679	2.9816516608071684	0.2001393764448417	0.38370941754923177	0.028705408900588585	0.501681744398084	1.7212512307338834	1.394478207074673	1.0304669989345299	0.7999980399635152	1.3736504549061679	2.9816516608071684	0.2001393764448417	0.38370941754923177	6.877526304254614	0.2951945707831863	0.19035770043904587	0.22164972312110912	0.2927980056566586	0.5505186064347452	120.72274419866257	-929.6399939395596	5.251398826936598E-4	0.8890119330332757	4.5065200725215326E-4	3.184496287462126E-7	1.01898479745083
70500000	-9595.41312916385	-8691.922386682218	-903.4907424816313	-8536.320218389546	142.9316260318771	1086.8906165475018	0.09766103159646221	0.19728514503286415	0.040030078731374465	0.4077358118467257	0.3208514071866727	0.7153962754468397	0.9582972094071509	0.0755888593354903	3.891365467135616	0.017722007632295284	0.5948747314826655	0.19728514503286415	0.040030078731374465	0.4077358118467257	0.3208514071866727	0.7153962754468397	0.9582972094071509	0.0755888593354903	3.891365467135616	0.017722007632295284	0.5948747314826655	5.710071192083185	0.3032960020627163	0.2109367678218289	0.20653052939442734	0.27923670072102735	0.505087430284606	99.39821560523754	-893.6018961383905	7.776162498344481E-4	0.8620430547404998	5.744478353635229E-4	3.906511825209353E-7	0.8547596994719519
70600000	-9666.789238282041	-8678.260946388398	-988.5282918936429	-8505.503779651723	107.56830066001943	1355.416180970008	0.07382919777965455	0.18562688540349023	0.31983325828533227	0.20910198852736783	0.014811365334357689	1.1974358633363897	1.209336682207876	0.9354162895110797	5.199400936028681	0.9687288634578359	2.018741087999565	0.18562688540349023	0.31983325828533227	0.20910198852736783	0.014811365334357689	1.1974358633363897	1.209336682207876	0.9354162895110797	5.199400936028681	0.9687288634578359	2.018741087999565	6.515736732158288	0.31661052449852906	0.20751530594183915	0.2113933932223494	0.26448077633728223	0.5315133052553354	163.69831221320987	-972.9807363154456	4.4480646291442056E-4	0.9402796991610726	3.8036806404454204E-4	1.956286291835701E-7	0.9497299822753951
70700000	-9628.75401238325	-8686.18127765136	-942.5727347318905	-8518.509589998559	105.20882873310717	1231.7236113353645	0.06052332416677855	0.3166689189877982	0.06736398498985441	0.8857459096392062	1.0042412637896765	0.5763672439060158	5.941440406911917	0.06713397815364903	4.5969803174020285	0.3991034456425366	0.08745062634697759	0.3166689189877982	0.06736398498985441	0.8857459096392062	1.0042412637896765	0.5763672439060158	5.941440406911917	0.06713397815364903	4.5969803174020285	0.3991034456425366	0.08745062634697759	5.944422230339084	0.29256488930974117	0.20751530594183915	0.2113933932223494	0.2885264115260701	0.4422461525236202	122.17496612435642	-926.356894084627	5.19372349971746E-4	0.657152171713026	4.5377102969814916E-4	1.5704016441060173E-7	0.7490733733769754
70800000	-9610.865187443369	-8677.889211665804	-932.975975777565	-8508.613050904967	93.66540877699823	1086.835443332859	0.07729089469171303	0.5370937672411931	0.10397998603459205	0.43742962772211724	1.6615969944791682	0.8193378161828677	0.5284014278066884	0.16465420870800634	2.37630084587735	0.04141468577586141	1.0579228952252209	0.5370937672411931	0.10397998603459205	0.43742962772211724	1.6615969944791682	0.8193378161828677	0.5284014278066884	0.16465420870800634	2.37630084587735	0.04141468577586141	1.0579228952252209	7.020126644657989	0.30061608271459284	0.20577310005079255	0.21257853841853191	0.28103227881608256	0.45691833312470864	110.34020706279674	-922.0760049883883	6.933861200844531E-4	0.868703570605182	5.182334925583446E-4	2.713879871300485E-7	0.7850377409496788
70900000	-9601.310413392834	-8662.334121001566	-938.9762923912676	-8494.823174329069	100.69567471249248	1222.652362332305	0.09744112599871771	0.7958134871793319	0.07290331058128886	0.5097863571192527	0.331305742699035	1.652851838726004	1.139852495412226	0.36547332137406513	2.3555005052685694	0.3426036506022735	0.44888679289236	0.7958134871793319	0.07290331058128886	0.5097863571192527	0.331305742699035	1.652851838726004	1.139852495412226	0.36547332137406513	2.3555005052685694	0.3426036506022735	0.44888679289236	5.5568880499217395	0.3093606344505037	0.20468101686564064	0.20052244237636516	0.2854359063074904	0.49730051265319036	112.397478948944	-927.8664007519018	5.925735656039284E-4	1.0804276115529963	4.920828201927604E-4	1.6514435869789486E-7	0.7094017578368437
71000000	-9662.251447071456	-8676.477561381527	-985.7738856899296	-8509.745114572434	149.80835604962175	1584.5608420661267	0.10527879031551267	0.18780558260519647	0.008105395345758394	0.08624211621540546	0.6781357264972937	0.8323581488718583	0.04709679499829282	1.0476663337554772	3.068082748220615	0.15394000067510635	0.09239244416300378	0.18780558260519647	0.008105395345758394	0.08624211621540546	0.6781357264972937	0.8323581488718583	0.04709679499829282	1.0476663337554772	3.068082748220615	0.15394000067510635	0.09239244416300378	7.16825839137759	0.29755609584941534	0.21564383619389568	0.20052244237636516	0.2862776255803237	0.4121671421030331	153.28270675358814	-976.8519312868151	4.217764691396498E-4	0.9233283185636387	3.606805513705901E-4	7.7006372024995E-8	0.691709058767129
71100000	-9661.168471699832	-8675.700219566566	-985.4682521332655	-8505.9199828691	117.28872155584818	1433.616052067608	0.06844333991616323	0.6894867839099772	0.040150330258090644	0.9521501102201424	0.19359059521095492	1.943557892978112	1.209083707959383	0.0933022313636781	2.93451460134242	0.8198030441764037	0.09521877954974127	0.6894867839099772	0.040150330258090644	0.9521501102201424	0.19359059521095492	1.943557892978112	1.209083707959383	0.0933022313636781	2.93451460134242	0.8198030441764037	0.09521877954974127	5.917316716604923	0.30867387777433897	0.20521605035077947	0.20834992310178668	0.2777601487730948	0.44596305848477674	162.47729574791876	-973.7723392160174	3.867793437642826E-4	0.8435827414295213	3.5836588403342624E-4	1.7493768569349086E-7	1.005084822701423
71200000	-9645.559219026565	-8683.155843721814	-962.4033753047521	-8509.941881290695	127.4589550278878	1346.2043222348343	0.05482379573763698	0.36001474969002	0.02743169275837225	0.41924713333820474	1.2168599711755375	0.6923998026401587	0.9398813789243853	0.038861186763375695	2.8879741084801487	0.11261796640989284	0.9868150901369407	0.36001474969002	0.02743169275837225	0.41924713333820474	1.2168599711755375	0.6923998026401587	0.9398813789243853	0.038861186763375695	2.8879741084801487	0.11261796640989284	0.9868150901369407	6.812529643424421	0.30148992627770077	0.21001242830637545	0.20538305368818568	0.28311459172773806	0.42963139721089105	148.6268374515309	-951.1892217733974	4.8093262730027053E-4	0.9020191086473196	4.171763970643635E-4	2.6186225538283773E-7	1.0458478593864602
71300000	-9649.500751084777	-8661.795028325849	-987.7057227589287	-8490.99916491752	125.0387268914757	1421.577580071629	0.1098338339086442	0.09759654793343572	0.2293532612374451	0.17262751825587666	1.6164530863173796	0.1605977361593523	2.727358141499956	0.13389090485615748	5.1026230074670345	0.2338916928174548	0.040202551794557	0.09759654793343572	0.2293532612374451	0.17262751825587666	1.6164530863173796	0.1605977361593523	2.727358141499956	0.13389090485615748	5.1026230074670345	0.2338916928174548	0.040202551794557	5.593197804568811	0.28929338237558694	0.2099844800695474	0.21560427638707083	0.2851178611677948	0.5327134868398816	151.5512084923434	-974.915280534567	4.458035131409879E-4	0.8792896444840658	3.6720024535222045E-4	1.4958837592122622E-7	0.9600129736711187
71400000	-9662.955697223912	-8690.15192349651	-972.8037737274007	-8513.28038898686	113.5295326533732	1375.6437355299497	0.17703463144925946	0.23977344768230086	0.07188520414301698	0.35278849878742913	4.57329339265896	0.5352771333044622	0.8348563350335312	0.28897695883209634	1.1240253805320548	0.3169112920666067	0.3315641221397375	0.23977344768230086	0.07188520414301698	0.35278849878742913	4.57329339265896	0.5352771333044622	0.8348563350335312	0.28897695883209634	1.1240253805320548	0.3169112920666067	0.3315641221397375	7.402728305843093	0.29861728606381205	0.21345645479604272	0.2231872853835631	0.2647389737565821	0.4884956784716587	153.21621901490323	-962.0609304485016	4.925124293241425E-4	0.7999049594347187	3.951001206771608E-4	1.8332103995295769E-7	0.9081693786914578
71500000	-9659.08346492403	-8708.326127367021	-950.757337557009	-8542.198799245525	87.25265446375654	1222.2192019642712	0.14086892623180022	0.04223069221083577	0.11898785561279887	0.15899448168886468	0.3214477324119689	0.031095037590685427	1.9013611556166001	0.2692274977407208	3.4670370709722005	0.1710985181333169	0.2584165457788666	0.04223069221083577	0.11898785561279887	0.15899448168886468	0.3214477324119689	0.031095037590685427	1.9013611556166001	0.2692274977407208	3.4670370709722005	0.1710985181333169	0.2584165457788666	6.476024043519866	0.27445283254752934	0.24410327130319892	0.21001751679089098	0.27142637935838076	0.5395707023326324	124.52210072778371	-942.2793022676227	5.159084773242766E-4	0.7492772969642449	4.49924259401183E-4	1.8816943873760608E-7	0.9007582701718839
71600000	-9634.631461861747	-8677.818769964888	-956.8126918968583	-8503.75719710254	116.7487049309417	1374.459195517772	0.08794979558759076	0.9582907255610312	0.30249745699952085	0.2944989354385053	0.04619684700844742	0.545289069803075	1.0730993018006085	0.17966800076886544	3.666019660582967	0.5506565577869166	0.06850533329764696	0.9582907255610312	0.30249745699952085	0.2944989354385053	0.04619684700844742	0.545289069803075	1.0730993018006085	0.17966800076886544	3.666019660582967	0.5506565577869166	0.06850533329764696	7.36398814931334	0.2944683074186177	0.22007792786493982	0.20194033694719368	0.2835134277692488	0.4143537210111935	135.91326402410934	-946.072234440511	5.496836168784062E-4	0.9058843687475135	4.3696300812095027E-4	2.1689688827837947E-7	0.919526454538752
71700000	-9645.019458511348	-8691.419416712699	-953.6000417986482	-8530.40038732322	116.18876561345998	1329.6022621118248	0.09685451231000371	0.38572949573378346	0.13150766557756177	0.2956817053020451	1.1204062703984905	0.07818206865593919	1.8305950041290713	0.47395339076518056	6.012738132577805	0.541223414802006	0.9806692720966945	0.38572949573378346	0.13150766557756177	0.2956817053020451	1.1204062703984905	0.07818206865593919	1.8305950041290713	0.47395339076518056	6.012738132577805	0.541223414802006	0.9806692720966945	6.534824880015913	0.2944683074186177	0.22007792786493982	0.2149794227389408	0.2704743419775017	0.4860721426331889	113.38300870614836	-939.3450481412361	4.794218664371883E-4	0.8937521692669397	3.9345816456306306E-4	2.3135725818203888E-7	1.0032237187832627
71800000	-9687.746844829386	-8695.05621421369	-992.6906306156969	-8535.25511229744	126.55511064051423	1505.5856935939692	0.06601496407412001	0.3730759296985144	0.3202058061424186	2.774072196697585	0.8713611052650619	1.4501582122938719	0.3217633182938824	0.9287932726422192	3.6415861086147325	0.15973879493238202	1.127586597120191	0.3730759296985144	0.3202058061424186	2.774072196697585	0.8713611052650619	1.4501582122938719	0.3217633182938824	0.9287932726422192	3.6415861086147325	0.15973879493238202	1.127586597120191	6.367026460318185	0.3004575997837874	0.22452663375695278	0.20797121151840758	0.2670445549408522	0.5359074430176827	165.8997069364255	-977.68707772579	4.452718787223052E-4	0.8357628996877337	3.6680857309743083E-4	1.9303771395702568E-7	0.9977785071865026
71900000	-9659.028928672946	-8689.650383050239	-969.3785456227063	-8524.427442088137	100.16846196172646	1279.861483185265	0.0653774048660593	0.6526277632103624	0.3726905689522484	0.6143946349864633	2.1401686909467066	1.076323762504816	5.262204193802314	1.3803664087790082	3.5968431295479153	0.3030295562057765	0.4383282370705287	0.6526277632103624	0.3726905689522484	0.6143946349864633	2.1401686909467066	1.076323762504816	5.262204193802314	1.3803664087790082	3.5968431295479153	0.3030295562057765	0.4383282370705287	6.890556097339221	0.3004575997837874	0.2054188557305565	0.20797121151840758	0.2861523329672485	0.650003711808506	135.34564030788687	-950.1222994711281	4.920011156838791E-4	0.8907619424844738	4.1425988255597106E-4	2.3085462394282151E-7	0.947929430922718
72000000	-9665.755425007168	-8677.563261733487	-988.1921632736813	-8507.322999370786	139.80143079734998	1616.3872070072478	0.08288297373553818	0.40394439376092917	0.24571182959740398	0.39670545013761954	0.7997751536491791	0.5590952752812347	0.5915211661983162	0.08638271193168096	1.3804040528437698	0.6655389760572091	1.1274049213393578	0.40394439376092917	0.24571182959740398	0.39670545013761954	0.7997751536491791	0.5590952752812347	0.5915211661983162	0.08638271193168096	1.3804040528437698	0.6655389760572091	1.1274049213393578	7.3057227282811485	0.2905160016329841	0.21196739962099004	0.21476704853119882	0.28274955021482706	0.5137908065462374	147.85633862366714	-979.3591938840015	4.285840231396246E-4	0.769508810528595	3.4480343439110975E-4	1.3918841818219824E-7	0.9102714877756063
72100000	-9668.629247379771	-8672.797667533929	-995.8315798458431	-8506.878477298424	127.572279376114	1635.5761603474284	0.0570049824122398	0.6206512537170166	0.11910158581494715	0.29599570276750264	0.5056568395902371	1.27932666411851	0.9258736396899439	0.005954479070519202	5.2215216724322975	0.3520631159566156	0.19816792708629202	0.6206512537170166	0.11910158581494715	0.29599570276750264	0.5056568395902371	1.27932666411851	0.9258736396899439	0.005954479070519202	5.2215216724322975	0.3520631159566156	0.19816792708629202	6.597046324897374	0.2945897144757143	0.2050068734977402	0.21476704853119882	0.2856363634953467	0.4117499436291336	168.56442921639024	-983.1615495267375	4.217152165631314E-4	0.8271096327549604	3.475042518708446E-4	1.5281931485104792E-7	0.9456112147867148
72200000	-9662.684696431113	-8639.776114335638	-1022.9085820954745	-8474.25175883747	140.15641559216675	1746.1185526579038	0.0561832623702281	1.1001116482079947	0.17605385386185193	1.0677034563183188	0.8808668526893684	1.1626955240817465	1.9091146365041782	0.12815280441787785	4.575147098473827	0.2915080412221118	1.7742731960036595	1.1001116482079947	0.17605385386185193	1.0677034563183188	0.8808668526893684	1.1626955240817465	1.9091146365041782	0.12815280441787785	4.575147098473827	0.2915080412221118	1.7742731960036595	6.231490900363408	0.31163378045890966	0.2001430217060999	0.21391814285221816	0.27430505498277225	0.5134255672905194	200.2936239763081	-1006.5193543872344	3.69885389762727E-4	0.8420255733005915	3.1418632554277E-4	9.445472653315173E-8	0.8866016687100989
72300000	-9725.824157068499	-8679.88956515706	-1045.934591911438	-8512.351345972362	145.135129443559	2013.2250008619187	0.06289008975193953	0.07738949513073681	0.048487408878428104	1.4888250927595958	0.2232273189099008	0.9512970087334356	0.8553923964981424	0.059863443073559446	3.8141839915552613	0.0070251509961975185	1.0359357044560091	0.07738949513073681	0.048487408878428104	1.4888250927595958	0.2232273189099008	0.9512970087334356	0.8553923964981424	0.059863443073559446	3.8141839915552613	0.0070251509961975185	1.0359357044560091	5.668818674707008	0.3015426244748362	0.20634199340675388	0.21781032713563767	0.27430505498277225	0.4549334440927714	265.1510516465258	-1034.7820636479003	3.137112194506307E-4	0.6915159756973758	2.758365492379147E-4	7.15553709144271E-8	0.8762395907004135
72400000	-9721.365539740596	-8660.625379737525	-1060.7401600030719	-8499.185791793918	164.54989593085915	2152.593034901923	0.05641969710588299	0.5719692118961591	0.39069632548741645	0.1898789902128832	2.230689894218138	0.6565575724253545	0.7733270077428608	0.41708756087015914	2.948396859432685	0.7075443062103095	0.425469824474066	0.5719692118961591	0.39069632548741645	0.1898789902128832	2.230689894218138	0.6565575724253545	0.7733270077428608	0.41708756087015914	2.948396859432685	0.7075443062103095	0.425469824474066	6.8805036155935815	0.2872972995143106	0.2078105802473152	0.21845978241431863	0.28643233782405564	0.5486909235432068	264.76934176277246	-1048.4523671752736	2.7820168545392143E-4	0.6681337882447633	2.5299281486532003E-4	6.749065093706129E-8	0.9366662208622558
72500000	-9703.388887896688	-8678.806648734604	-1024.5822391620834	-8509.897084533042	116.64998941170772	1628.2246009015203	0.1565082359652654	0.5276482225635588	0.026169707725616612	0.14053798323587163	4.410658924446949	0.020223163329542458	1.358406306848124	0.2174591949078494	7.887212447874022	0.24222949180881617	0.44179281728385006	0.5276482225635588	0.026169707725616612	0.14053798323587163	4.410658924446949	0.020223163329542458	1.358406306848124	0.2174591949078494	7.887212447874022	0.24222949180881617	0.44179281728385006	5.928411034453751	0.3005904957263662	0.20658098581998333	0.20207328300642688	0.29075523544722365	0.5205290214972152	187.08699782372156	-1007.4312891147964	3.7412263205773455E-4	0.7968006451389639	3.3282394692791693E-4	8.886251204248279E-8	0.8396027269250864
72600000	-9644.035967240283	-8671.833384758445	-972.2025824818371	-8510.511043485094	122.25860845518378	1380.8278512466743	0.08765558703678088	0.9686228722095238	0.29776611472896963	0.19061948894805178	1.0934125663855871	1.9275062752501824	1.9223314716516977	0.1176181029968581	8.074808227011305	0.7054610508212532	0.3954602648109418	0.9686228722095238	0.29776611472896963	0.19061948894805178	1.0934125663855871	1.9275062752501824	1.9223314716516977	0.1176181029968581	8.074808227011305	0.7054610508212532	0.3954602648109418	6.234266519435756	0.2925360135951086	0.2066633002375708	0.22011442356127764	0.28068626260604296	0.5131795945142869	120.68829721340461	-953.9266636394635	5.008702257686715E-4	0.8845750080853667	3.891203177064017E-4	2.781374884035288E-7	1.0221698656563396
72700000	-9628.849713009071	-8657.755135345777	-971.0945776632941	-8493.370093246023	108.35601369458301	1378.430450917562	0.07343060328289498	0.24343111648544252	6.605555633061486E-4	1.0086723512439173	0.06284813559019828	0.9641796228913914	0.06750852478624024	0.5596218426090381	3.213887313912878	0.1615554015238747	2.0308238289812386	0.24343111648544252	6.605555633061486E-4	1.0086723512439173	0.06284813559019828	0.9641796228913914	0.06750852478624024	0.5596218426090381	3.213887313912878	0.1615554015238747	2.0308238289812386	6.437277673390835	0.30492678356674807	0.20677126322166084	0.19712606771541138	0.2911758854961796	0.5437270977294506	140.06079975267008	-960.1064130587614	4.4598410101547226E-4	0.7799191382358486	4.016478216358966E-4	1.461802109102566E-7	0.877288825534459
72800000	-9681.813559495587	-8682.58201720145	-999.2315422941374	-8509.1823139087	106.89863444199511	1482.1250022865547	0.0674016101188907	0.16302523722451004	0.28626781068649493	0.26827594603503835	0.12481712200630708	1.1952855612547915	1.575174690869942	2.0117938733807454	4.324930751453989	0.15007351003442473	0.4466180371637818	0.16302523722451004	0.28626781068649493	0.26827594603503835	0.12481712200630708	1.1952855612547915	1.575174690869942	2.0117938733807454	4.324930751453989	0.15007351003442473	0.4466180371637818	6.777171874796222	0.29344271806442634	0.22613887808707206	0.21692605869226866	0.2634923451562328	0.4713658487953521	175.08980040957573	-985.6607106797231	4.603882953048908E-4	0.8150855157018934	3.7570924306900444E-4	2.0101489583485483E-7	1.0568436384574373
72900000	-9715.085611528504	-8680.645732125533	-1034.4398794029719	-8516.413173144963	115.06587345851086	1709.6145563530833	0.0671646738179597	0.18963453376017306	0.10957994056401384	1.3529482779531419	0.26893118994525356	0.6410108803155221	1.7316897096065558	1.8458164833994803	3.899167282878863	0.653151992472795	0.4273907293187224	0.18963453376017306	0.10957994056401384	1.3529482779531419	0.26893118994525356	0.6410108803155221	1.7316897096065558	1.8458164833994803	3.899167282878863	0.653151992472795	0.4273907293187224	6.75594598817171	0.30770704350563227	0.2060081325064889	0.20543943329841732	0.2808453906894614	0.5435758890456829	198.39674966574955	-1020.0071863532083	3.782575698752545E-4	0.8666282257595912	3.365442592145624E-4	1.3350219382221828E-7	0.976081194588889
73000000	-9667.238262141449	-8678.60235299115	-988.6359091502982	-8510.889063730823	122.89417816747053	1513.923446614939	0.06755048061180344	0.3450591634988948	0.08908989239823677	0.37572903776278554	0.623761037028327	0.19993661665558993	1.5272933166295928	0.794199991410896	3.893517890873201	0.16205038655476217	0.22986586219955643	0.3450591634988948	0.08908989239823677	0.37572903776278554	0.623761037028327	0.19993661665558993	1.5272933166295928	0.794199991410896	3.893517890873201	0.16205038655476217	0.22986586219955643	6.46212660335344	0.29436105440117083	0.21851489376980704	0.21758506085003673	0.26953899097898537	0.49401996956337507	181.68021533877712	-977.1862087295999	4.417634611932922E-4	0.8871033908943629	3.7489319795082734E-4	2.2617417986612646E-7	1.0723873223773033
73100000	-9708.706646257742	-8697.262758781797	-1011.443887475945	-8523.437797284289	154.94320299552493	1753.3581943854294	0.055235235578666456	0.021139576805125005	0.03901727190137755	0.6343488449341131	0.09892723653757676	1.0024179356232303	0.578440452307288	0.10288541354951176	2.731614587736728	0.3926435658338037	0.05003944611546351	0.021139576805125005	0.03901727190137755	0.6343488449341131	0.09892723653757676	1.0024179356232303	0.578440452307288	0.10288541354951176	2.731614587736728	0.3926435658338037	0.05003944611546351	6.947561032033741	0.3024815120970875	0.21368002607239894	0.2128073904861745	0.27103107134433896	0.474385024691571	200.40552680885665	-1002.224038823721	3.706221854246086E-4	0.8868661550276904	3.117458334801711E-4	1.1985057191143346E-7	0.9257173909829519
73200000	-9655.819998591069	-8704.300434774552	-951.5195638165161	-8532.84385089584	75.16343483578045	1128.8138745671329	0.07983798786886383	0.3187333395779721	0.05573170177909677	0.08139138128319805	0.49974364232402596	1.650877707354565	1.2873836429250916	1.5517023254478783	5.3228712469753425	0.07363140387218695	0.8308689105082852	0.3187333395779721	0.05573170177909677	0.08139138128319805	0.49974364232402596	1.650877707354565	1.2873836429250916	1.5517023254478783	5.3228712469753425	0.07363140387218695	0.8308689105082852	5.963451242669409	0.2904693219962039	0.21101429373029165	0.21029832790499353	0.2882180563685109	0.4983032430951576	127.97028508015391	-937.1927853607845	6.140733335962941E-4	0.7958680383920953	4.863913916459944E-4	3.2168262078445906E-7	0.9828810993977753
73300000	-9619.829410566597	-8702.265316311774	-917.5640942548237	-8528.349009516081	65.19008453964892	920.2445645984795	0.09461903888460871	0.18687082574893366	0.6534327772548216	2.0936786895590176	0.3562034228819502	1.2034865215210035	1.1005099858734118	0.19364484957592243	4.07203088445729	0.35065639121807746	0.0604375688732695	0.18687082574893366	0.6534327772548216	2.0936786895590176	0.3562034228819502	1.2034865215210035	1.1005099858734118	0.19364484957592243	4.07203088445729	0.35065639121807746	0.0604375688732695	6.755790375176369	0.3042566672859168	0.2056259263963064	0.211034797404759	0.2790826089130177	0.6338060072760413	106.33000162009684	-903.6127145694816	8.227177560664301E-4	0.9998133221736125	6.348717754913743E-4	6.543488272497745E-7	1.0816495771206087
73400000	-9628.333217964771	-8668.359397547185	-959.9738204175869	-8497.187424045589	97.49008170419893	1269.9627038502495	0.16105887046561446	0.7395380484035563	0.13562880887916282	0.04974019939444125	1.0748493094463547	0.08366977615984608	2.3882215930720103	0.8859085797506906	3.222368125292123	0.09347273963672476	0.4155626795825766	0.7395380484035563	0.13562880887916282	0.04974019939444125	1.0748493094463547	0.08366977615984608	2.3882215930720103	0.8859085797506906	3.222368125292123	0.09347273963672476	0.4155626795825766	6.604618754003065	0.29694178127671894	0.223255925586704	0.203814779227377	0.27598751390920007	0.5385141757210733	138.558507572687	-949.1788844645712	5.109667529478962E-4	0.7138005245684244	4.4037163834127047E-4	1.3244407408382693E-7	0.7172666163249292
73500000	-9566.71020975421	-8676.222107963464	-890.4881017907466	-8503.2565466699	97.3923324353758	966.9552965792868	0.1781523844234922	0.49094489161102894	0.06808723636524294	1.5826442945847192	0.7088515822953007	0.7507029915135225	2.499229912069097	3.2701825261983757	5.81250974450133	0.9541362601390332	0.10702794299360972	0.49094489161102894	0.06808723636524294	1.5826442945847192	0.7088515822953007	0.7507029915135225	2.499229912069097	3.2701825261983757	5.81250974450133	0.9541362601390332	0.10702794299360972	7.165189301999851	0.3097505956191229	0.21768055636655054	0.19741273061348125	0.2751561174008454	0.4457509151617862	77.94157860428118	-871.8486604941681	7.156276812800652E-4	0.9716505767200337	5.926829303095127E-4	4.662879944365481E-7	0.9410466174984998
73600000	-9657.848423483996	-8695.09870888755	-962.7497145964469	-8541.255494486843	121.36751745268072	1432.9206267912825	0.07349710889999464	0.9816731899573253	0.1034718887365305	0.16492218158953395	0.8710224317640395	0.5436161199419647	0.33835877224396654	0.08036708306765868	3.4035261118110682	0.07888189227818962	0.5253640671067484	0.9816731899573253	0.1034718887365305	0.16492218158953395	0.8710224317640395	0.5436161199419647	0.33835877224396654	0.08036708306765868	3.4035261118110682	0.07888189227818962	0.5253640671067484	5.963586182868908	0.31157627424540657	0.2004146577341193	0.21992361520827927	0.26808545281219487	0.5536771862286348	140.71401745387294	-952.8691420632532	5.118467170917553E-4	0.8187231258335379	3.997669920397576E-4	2.6789032663674597E-7	0.9801169298137701
73700000	-9698.750739536823	-8700.340998512263	-998.40974102456	-8529.142506074375	125.42558232245031	1531.9386742344855	0.10728121213728922	0.7831973348734421	0.3602221041384866	0.4929478600415453	1.046398648586962	2.4043662444530383	0.7515160562743884	0.5048265880307605	7.429220975428055	0.09447019167016023	2.07724466429538	0.7831973348734421	0.3602221041384866	0.4929478600415453	1.046398648586962	2.4043662444530383	0.7515160562743884	0.5048265880307605	7.429220975428055	0.09447019167016023	2.07724466429538	5.8881126950175435	0.29389853794397997	0.20967830940634538	0.20020688069468434	0.29621627195499034	0.4197732243153621	167.8265623990132	-980.2616321198673	4.520628801624434E-4	0.8032731126752349	3.6440447963364197E-4	1.3087264058645843E-7	0.8051661870076579
73800000	-9640.526288181421	-8697.591262232647	-942.9350259487752	-8530.967494508603	151.27674478383676	1206.9988011119003	0.08419641987277972	0.12550482738969695	0.42906628225937116	2.440739802759504	0.693096120812432	1.1548843067009493	4.15720254913328	0.8358293675063435	7.898391407076977	1.1424609367565144	0.16108054480856318	0.12550482738969695	0.42906628225937116	2.440739802759504	0.693096120812432	1.1548843067009493	4.15720254913328	0.8358293675063435	7.898391407076977	1.1424609367565144	0.16108054480856318	6.487503353496522	0.29389853794397997	0.20982340376019484	0.21277248326003317	0.28350557503579205	0.4856308562474738	104.32831512865198	-920.6865842043326	6.720362719088042E-4	0.9846829086834759	5.025053641898119E-4	3.7136643831821394E-7	1.0285824572410593
73900000	-9653.538600719547	-8693.841860329017	-959.6967403905289	-8524.680934419433	135.87474506719576	1526.2302882330548	0.09759176347280092	0.31723300495686896	0.030213372662088765	0.07674543973411359	0.0725976446265096	0.018372211913595844	1.7513380121237125	0.007896490767965995	0.993829893196576	0.13165835569837242	0.16369776838665698	0.31723300495686896	0.030213372662088765	0.07674543973411359	0.0725976446265096	0.018372211913595844	1.7513380121237125	0.007896490767965995	0.993829893196576	0.13165835569837242	0.16369776838665698	7.417955760505284	0.29320534799093306	0.20982340376019484	0.20616510274149022	0.2908061455073819	0.43800905063897294	128.6577852628639	-953.740999091361	4.236718170575556E-4	0.8221264589331004	3.5554145362875106E-4	2.4646163056724127E-7	1.040543303448734
74000000	-9609.068148382823	-8688.15438467857	-920.9137637042535	-8526.412978704251	125.9215295942187	1088.4082324650715	0.14708060274958046	0.017613177186966384	0.22335501710470415	0.11450450436427252	1.8157749359708228	0.41085149340767985	1.3405963681376512	1.1710381501967442	1.3552218008431511	0.2887765820652291	0.1061563008172024	0.017613177186966384	0.22335501710470415	0.11450450436427252	1.8157749359708228	0.41085149340767985	1.3405963681376512	1.1710381501967442	1.3552218008431511	0.2887765820652291	0.1061563008172024	5.676118035964453	0.2861116556960717	0.20928141876483738	0.21496175961869968	0.28964516592039125	0.4165444287725659	97.36264750761573	-912.1302277809357	7.319812054395429E-4	0.8364600170544417	5.194340898547899E-4	6.097618445196374E-7	1.0846609052945095
74100000	-9606.34376838591	-8672.606223144305	-933.7375452416061	-8514.641985527394	182.20299884156285	1415.9021140738837	0.08622210312055419	0.17815437460228645	0.06721700872858467	1.1950697428017716	0.4280560309168153	0.4474609566825018	1.4042390588594171	0.5642779950829986	4.623586888093958	0.43276533697783803	0.4079660988412171	0.17815437460228645	0.06721700872858467	1.1950697428017716	0.4280560309168153	0.4474609566825018	1.4042390588594171	0.5642779950829986	4.623586888093958	0.43276533697783803	0.4079660988412171	5.952888287046135	0.2991787733360463	0.20543355226835444	0.2202260987804274	0.27516157561517185	0.5069429910720474	100.48267899372284	-921.0728793269545	5.95753293938561E-4	0.9999015498286926	3.895097895923991E-4	4.197711817962507E-7	1.097083776552629
74200000	-9652.851370536857	-8698.891343568559	-953.9600269682976	-8536.820393337182	100.24230625300498	1178.7433929101144	0.08726630277619885	0.20026593721648528	0.019485023899812194	0.19381693517683746	2.1125792180660867	0.3489071922296357	1.4246874633546986	0.45796547781335684	7.045858832384055	0.8486449406244836	0.6692024020331736	0.20026593721648528	0.019485023899812194	0.19381693517683746	2.1125792180660867	0.3489071922296357	1.4246874633546986	0.45796547781335684	7.045858832384055	0.8486449406244836	0.6692024020331736	6.614390955457596	0.3045072560029638	0.20764665776404634	0.20794579654845244	0.27990028968453745	0.44495797410043814	115.19373723299815	-938.3918105967434	5.437654576501342E-4	0.7414170064611405	4.905888792280434E-4	2.3327386582460898E-7	0.8839103653864743
74300000	-9664.042138210254	-8693.813001797595	-970.2291364126592	-8529.521361272948	116.1900273319408	1494.4313817029515	0.06392203334134382	0.016520092779721073	0.09986936260338894	0.13999781333192626	1.026583343725388	0.19781235174675468	1.7993644297705131	0.19575179697923176	2.586768165980458	0.2233325505032137	0.09959299335689192	0.016520092779721073	0.09986936260338894	0.13999781333192626	1.026583343725388	0.19781235174675468	1.7993644297705131	0.19575179697923176	2.586768165980458	0.2233325505032137	0.09959299335689192	6.6989964071991235	0.28867416132684715	0.213267620454564	0.20472763442426697	0.2933305837943219	0.5276807860742742	152.08713869973548	-960.9305526387975	4.704250328104342E-4	0.7586081568338255	3.8404709400100803E-4	1.7798811507822287E-7	0.8787783021048232
74400000	-9651.375468152755	-8690.045801093012	-961.3296670597426	-8524.85291029789	143.57245622744148	1336.4294827849624	0.08037864435279098	0.04798526632955477	0.1757229600246399	0.08034748975801556	3.0893961536472756	0.9047082578628186	0.2714971323015244	0.043026917715951095	4.043932690151689	0.587012795963745	0.32379624736201756	0.04798526632955477	0.1757229600246399	0.08034748975801556	3.0893961536472756	0.9047082578628186	0.2714971323015244	0.043026917715951095	4.043932690151689	0.587012795963745	0.32379624736201756	7.10594112586333	0.3055322426064594	0.22676294009285888	0.2067754823285056	0.2609293349721762	0.37724865457026613	150.33075690261924	-949.4057058356527	4.430415246955218E-4	0.7304824741184772	3.811873508090977E-4	1.4228499265832616E-7	0.8210426650341354
74500000	-9685.84582948072	-8681.551746991812	-1004.2940824889079	-8508.409289805033	108.371987202524	1523.743859681704	0.059089588812182944	0.31102493569591405	0.010013268859698818	0.5227863279794348	1.8328376695813113	0.32869237703417925	0.7446905506957993	0.13015153111365949	2.04592031512767	1.2449178589946597	0.32665268048604296	0.31102493569591405	0.010013268859698818	0.5227863279794348	1.8328376695813113	0.32869237703417925	0.7446905506957993	0.13015153111365949	2.04592031512767	1.2449178589946597	0.32665268048604296	6.861203304988396	0.3082330112053359	0.1955064863509176	0.21039927089447638	0.28586123154927007	0.46160071492142235	175.55605534749563	-993.8593875236418	3.7440353909493247E-4	0.7425712599245152	3.6565770519717737E-4	8.861843812562786E-8	0.7913004194737494
74600000	-9747.620147759826	-8688.262568666732	-1059.3575790930934	-8526.390342470138	151.78657589175742	2067.149962437462	0.07334053002302832	0.2182362143928605	0.047752193446775344	0.6244416412518977	1.1185760521776507	1.0588791164143057	1.3703564797222683	1.4785710840054298	4.6692323523951815	0.10389907921892423	0.0767540213432933	0.2182362143928605	0.047752193446775344	0.6244416412518977	1.1185760521776507	1.0588791164143057	1.3703564797222683	1.4785710840054298	4.6692323523951815	0.10389907921892423	0.0767540213432933	7.137985110977952	0.3006601651725918	0.21582946812008816	0.2002076925025695	0.2833026742047506	0.49611449972586524	261.23395829209784	-1046.0081746048377	2.6853237381200325E-4	0.6538148753959513	2.518766878318518E-4	4.8864126178924236E-8	0.7978643475694551
74700000	-9613.034421612037	-8682.997284063455	-930.0371375485832	-8504.61575016477	77.37746234104088	1031.9325183506405	0.11052755155484913	0.5067284492576575	0.03315571993155319	0.9679700836259114	1.462135208065878	2.2336635637509077	0.40856083162705303	0.924998678508535	4.881209597684764	1.8475966268352666	0.0277205681822911	0.5067284492576575	0.03315571993155319	0.9679700836259114	1.462135208065878	2.2336635637509077	0.40856083162705303	0.924998678508535	4.881209597684764	1.8475966268352666	0.0277205681822911	6.0038592702193965	0.29032624710358407	0.20523039538195592	0.2076223028524622	0.2968210546619978	0.5073268455912922	127.02729971190506	-913.9478749359333	6.432647020286109E-4	0.9253345175299656	5.302716358965201E-4	3.205292091349271E-7	0.9403806813470776
74800000	-9666.252135338756	-8699.111532826024	-967.1406025127328	-8532.899749201473	109.89847087335656	1337.697069129177	0.11050598123081799	0.14403729454258757	0.10068189204459294	0.3372784678864006	1.5031344567163494	0.7794942510720013	0.17619950010770538	0.013071394810730436	3.174903577098616	0.04036208130296712	1.458767092302829	0.14403729454258757	0.10068189204459294	0.3372784678864006	1.5031344567163494	0.7794942510720013	0.17619950010770538	0.013071394810730436	3.174903577098616	0.04036208130296712	1.458767092302829	6.327293076132765	0.3232632930394617	0.20488284083548833	0.1963834764405388	0.2754703896845111	0.42690672856502937	146.31287282781764	-956.4151984039759	5.45934442145198E-4	0.9884286395104643	4.1060821893621326E-4	2.398580433647469E-7	1.049129578413067
74900000	-9665.485765627425	-8688.072468249478	-977.4132973779467	-8531.514523684755	87.55034534367536	1366.0157249734366	0.04651266763800372	0.09263213957453328	0.011973018307751085	0.5675233491329327	0.41998930988515043	0.3571875825851667	0.40212141925065487	0.20044388359533186	2.2007275791767014	0.15128389013809157	0.6181388825343397	0.09263213957453328	0.011973018307751085	0.5675233491329327	0.41998930988515043	0.3571875825851667	0.40212141925065487	0.20044388359533186	2.2007275791767014	0.15128389013809157	0.6181388825343397	6.349793822951895	0.3029508022615033	0.20832482729218432	0.20927344834665307	0.2794509220996592	0.5049611999474775	154.13849358606097	-969.3446657016414	4.0260930778878064E-4	0.7257342188647022	3.595199738709894E-4	1.6586723724375287E-7	0.9932432193218959
75000000	-9671.736497219299	-8680.144716955841	-991.5917802634574	-8514.93562137977	116.32588137046898	1577.1457207210326	0.057490918861899915	0.35327321529679384	0.022676188691460968	0.2865863458403631	0.14406459781251996	0.8357025337986375	1.0870559922128151	0.624527159754529	3.0626823715058853	0.25642657589315776	0.5556159783990287	0.35327321529679384	0.022676188691460968	0.2865863458403631	0.14406459781251996	0.8357025337986375	1.0870559922128151	0.624527159754529	3.0626823715058853	0.25642657589315776	0.5556159783990287	5.1879281466769935	0.28566354470939304	0.21718002672749487	0.21891017405492277	0.27824625450818924	0.4324542035987076	186.78949540677536	-981.6481664032461	4.510517237965652E-4	0.7680380803398488	3.7534524149388106E-4	2.163372281417288E-7	0.9916446975575333
75100000	-9619.622012310796	-8686.357744643758	-933.2642676670378	-8521.096166439334	93.15378199081646	1193.8269768274547	0.09657565769761857	0.26534666667950646	0.06263831737550785	0.30125684835069794	0.25553672238877173	0.8712448580731305	1.499799908650408	0.12440065018354933	2.2950711007615987	0.28160920373734133	1.0404344254891624	0.26534666667950646	0.06263831737550785	0.30125684835069794	0.25553672238877173	0.8712448580731305	1.499799908650408	0.12440065018354933	2.2950711007615987	0.28160920373734133	1.0404344254891624	6.865719241989286	0.28892802285627	0.22150331441283003	0.20579129184030207	0.28377737089059785	0.43035607356310307	127.91643958059792	-923.8389718524209	5.768535889576337E-4	0.7802111120967202	4.558662848512117E-4	2.660089298171267E-7	0.8682281456396383
75200000	-9698.666604950911	-8730.124289503357	-968.5423154475543	-8565.843802552201	102.1622618831081	1321.285501650868	0.0717412596179894	0.6076077125053142	0.08209129350909392	0.7619178851307361	0.16923466506034257	0.8814405619090231	1.7159600116687592	0.08419161547999325	3.1210638309427825	0.4503142614355635	0.9989404775398975	0.6076077125053142	0.08209129350909392	0.7619178851307361	0.16923466506034257	0.8814405619090231	1.7159600116687592	0.08419161547999325	3.1210638309427825	0.4503142614355635	0.9989404775398975	6.35599516410019	0.2987262415479578	0.20798834726750057	0.20286975264045745	0.290415658544084	0.41981588057281866	142.9967568829549	-957.3689543180544	4.67572956562084E-4	0.6888434061917006	4.202803347889181E-4	8.4557394679058E-8	0.7037577326955914
75300000	-9676.712947148495	-8657.663795719815	-1019.0491514286805	-8490.035469579318	121.79028211480285	1746.2988069560015	0.07231138720867643	0.19354308006394783	0.08518211219208811	0.30343914502763847	0.2855470892352463	1.3341712409557525	0.374163931117365	0.02448193487860466	2.684977829202462	0.4154272679592866	0.6317228935778003	0.19354308006394783	0.08518211219208811	0.30343914502763847	0.2855470892352463	1.3341712409557525	0.374163931117365	0.02448193487860466	2.684977829202462	0.4154272679592866	0.6317228935778003	6.399205639418221	0.2987262415479578	0.20798834726750057	0.2103976688102283	0.28288774237431313	0.7197293443637393	171.04023880498747	-1009.4861640634697	4.3396998744548555E-4	0.8616387387846334	3.3266717005618927E-4	1.6999861642956968E-7	1.0430533279114895
75400000	-9643.142377556704	-8663.92373448034	-979.2186430763633	-8499.511046203152	109.70433943635337	1409.958926991381	0.10115919425698124	0.6889567458873587	0.17657669748750474	1.3621061663178515	0.48844752571827715	0.5125488328880354	1.7424513787397293	0.26607140505719007	2.9819167810548266	0.1851288645545415	1.5905106145418901	0.6889567458873587	0.17657669748750474	1.3621061663178515	0.48844752571827715	0.5125488328880354	1.7424513787397293	0.26607140505719007	2.9819167810548266	0.1851288645545415	1.5905106145418901	6.600074620260817	0.30775536159366634	0.2197572575681921	0.2103976688102283	0.2620897120279131	0.46059985636696943	143.86545115675992	-966.5034446395896	4.081380898726473E-4	0.9782891588497903	3.859544709690655E-4	1.6172787651446352E-7	0.9671976365505307
75500000	-9611.904828142982	-8685.502332680762	-926.4024954622208	-8518.167367991216	68.63856545143699	1026.1426545209656	0.1085748327913176	0.7486004122045754	0.01892960705511947	0.3446561145863766	1.1424642452821114	0.8158138617646657	1.1529825483474723	0.05139305930536812	2.78239484295447	0.25479314713133006	0.6924240512113968	0.7486004122045754	0.01892960705511947	0.3446561145863766	1.1424642452821114	0.8158138617646657	1.1529825483474723	0.05139305930536812	2.78239484295447	0.25479314713133006	0.6924240512113968	6.274595478889092	0.31534180599373896	0.19196048013255995	0.21846449558194236	0.27423321829175856	0.5663600422269027	102.97996466483792	-916.1984094732359	5.891293934798249E-4	0.7818440501852932	5.341195902729382E-4	2.558115304334003E-7	0.8381073886474295
75600000	-9662.632438109777	-8671.536936568671	-991.0955015411057	-8505.232909244765	86.11572309787424	1364.8972550230042	0.0607103173364432	0.04579022829699909	0.18947312479012499	0.48113058736769426	0.7880702653705594	0.9618410852700662	1.6281692183456604	0.10365059377391202	4.383718317060137	0.20977902495999226	0.06816605280694663	0.04579022829699909	0.18947312479012499	0.48113058736769426	0.7880702653705594	0.9618410852700662	1.6281692183456604	0.10365059377391202	4.383718317060137	0.20977902495999226	0.06816605280694663	6.177045633492036	0.31207730822463187	0.20718847486808437	0.19718683833413553	0.2835473785731481	0.49814269545284523	163.8950958231245	-979.3780782644071	4.351265013996847E-4	0.7471426555049322	3.8408615906866873E-4	7.773110697235385E-8	0.7019034391556219
75700000	-9617.370851835196	-8689.029201628904	-928.3416502062914	-8513.049251487259	77.58419367253954	1062.3045327278114	0.17321932023124054	0.0910885624853198	0.010592918409385654	0.7038901212799591	0.637676430604376	0.7385307096123435	2.600512669119937	0.6506922304214481	3.758118194263216	0.1250480651851066	0.9032034037878898	0.0910885624853198	0.010592918409385654	0.7038901212799591	0.637676430604376	0.7385307096123435	2.600512669119937	0.6506922304214481	3.758118194263216	0.1250480651851066	0.9032034037878898	6.414419561891559	0.2956571365945319	0.21381103624314315	0.2031626786863611	0.28736914847596373	0.47147975851700374	114.58983600941357	-916.2187255097715	6.255823763534985E-4	0.8001722400523559	5.718679151623808E-4	2.851111195404106E-7	0.8513612722255107
75800000	-9610.376801505407	-8677.108382221684	-933.2684192837228	-8513.483597049988	162.3492055771791	1254.2582160555776	0.09284335763564137	0.3777075298080156	0.198411103723883	0.4973434067193458	0.26924220315416897	0.24700260678258343	0.17961704318466407	0.021803012424902637	1.8645082459944853	0.045144216737929795	0.39159060857927624	0.3777075298080156	0.198411103723883	0.4973434067193458	0.26924220315416897	0.24700260678258343	0.17961704318466407	0.021803012424902637	1.8645082459944853	0.045144216737929795	0.39159060857927624	6.145652969238352	0.300350309323576	0.2069300826794442	0.2085117157645031	0.2842078922324766	0.5234034591729402	125.74025525896006	-926.6745481103636	5.166371533799147E-4	0.8467758863287892	4.3523719784893964E-4	1.9902124920138195E-7	0.8232829013723844
75900000	-9652.997328922347	-8700.347351005952	-952.6499779163947	-8535.457547401864	117.9149166148965	1341.1307254548067	0.080437637553579	1.945476374919763	0.495150820825168	0.6335902483791186	0.3687008484158357	0.579982753683671	1.934364377517396	0.028318318647655664	3.763257664541893	0.10910940040729984	0.17298627732759092	1.945476374919763	0.495150820825168	0.6335902483791186	0.3687008484158357	0.579982753683671	1.934364377517396	0.028318318647655664	3.763257664541893	0.10910940040729984	0.17298627732759092	5.301539963704903	0.29038073545988735	0.21126683363813678	0.20800176759078415	0.2903506633111916	0.4843384967541026	136.79212704775762	-940.1177286606152	5.178171106739491E-4	0.8513849139972971	4.047105862135463E-4	3.161615848327395E-7	1.0210667135026756
76000000	-9613.420806456967	-8689.380923249606	-924.039883207361	-8524.726075005885	109.50705292026498	1181.8742790228057	0.11239726925152063	0.34016812982325484	0.22514578462835	1.2191073272490056	2.547292969975875	0.8149523840619477	2.9892742402650043	0.3217825022895491	3.0348307346549666	0.6346729783111581	0.016680940309932203	0.34016812982325484	0.22514578462835	1.2191073272490056	2.547292969975875	0.8149523840619477	2.9892742402650043	0.3217825022895491	3.0348307346549666	0.6346729783111581	0.016680940309932203	6.000766513470047	0.29038073545988735	0.21126683363813678	0.21842477454177983	0.2799276563601959	0.5796410687293946	112.02127436051722	-909.5214670343804	5.530242301212671E-4	0.8957222550534943	4.5272213306781883E-4	3.807846762906876E-7	1.0745166309346543
76100000	-9643.222526276837	-8691.090355482631	-952.1321707942054	-8530.346635102074	110.33910323980565	1277.5342795865295	0.0943719430727352	0.017285574079446153	0.02659496522065294	0.11685463363399674	1.1386505497441648	0.20067829664874498	1.2343714668879744	0.09268494572752256	9.171512550075297	1.2192780274035466	1.1388034789588826	0.017285574079446153	0.02659496522065294	0.11685463363399674	1.1386505497441648	0.20067829664874498	1.2343714668879744	0.09268494572752256	9.171512550075297	1.2192780274035466	1.1388034789588826	6.510352547717346	0.3053519561186275	0.20157550956386194	0.21314487795731452	0.2799276563601959	0.5166766795687033	142.37436058759118	-934.7630947250553	5.964458321135415E-4	0.891785403580362	4.490909014217789E-4	2.937708783655106E-7	0.9370477708761451
76200000	-9655.451550822152	-8681.797378770982	-973.6541720511709	-8513.77407651852	150.47373111572062	1451.0022520296677	0.09433896301011264	0.19848634907870333	0.014066330285839453	1.8225710290187163	0.15372932353483207	0.16784408941173845	1.6890524175649098	1.7103486398376513	3.1759601663580113	0.009034562657997148	1.0043385836537304	0.19848634907870333	0.014066330285839453	1.8225710290187163	0.15372932353483207	0.16784408941173845	1.6890524175649098	1.7103486398376513	3.1759601663580113	0.009034562657997148	1.0043385836537304	6.73211168070144	0.2987004706045379	0.21520466413219133	0.21448126590094346	0.27161359936232715	0.6701616391257328	150.17486297397497	-961.1488945107612	4.952844940935637E-4	0.7552925015102574	3.929031103997717E-4	1.850239890325763E-7	0.8326465476179846
76300000	-9698.069053158857	-8682.978708352424	-1015.0903448064328	-8523.929674306733	125.590367518012	1559.686588928324	0.05990709196682031	0.06496230606117746	0.09777904199548251	1.3189206921712011	0.8935794845604077	1.4664354780004825	2.6255588436231823	0.667383211351353	8.825539121593417	1.1839570632019212	0.1432785886115956	0.06496230606117746	0.09777904199548251	1.3189206921712011	0.8935794845604077	1.4664354780004825	2.6255588436231823	0.667383211351353	8.825539121593417	1.1839570632019212	0.1432785886115956	5.9069499840321695	0.2972127199556946	0.20747495615107847	0.21902917460812396	0.27628314928510295	0.35210255009459596	177.68568676421697	-994.5793270870886	4.5228408938630197E-4	0.9162630971725193	3.79798590062302E-4	1.414981646769216E-7	0.8831667080888403
76400000	-9702.30893931608	-8690.996636991034	-1011.3123023250463	-8535.945458768218	148.5663066596684	1834.9931229340746	0.05739172754247878	0.2767926415113504	0.0190167078863604	1.0183003153910113	0.5294181586054839	0.2936284012561088	3.2489726475358847	0.5164352339438085	3.715048295871628	0.19492977099431114	0.6003557639057922	0.2767926415113504	0.0190167078863604	1.0183003153910113	0.5294181586054839	0.2936284012561088	3.2489726475358847	0.5164352339438085	3.715048295871628	0.19492977099431114	0.6003557639057922	6.532014126611338	0.2940975981960481	0.22007508750924965	0.19386824700569943	0.2919590672890028	0.4294199748578309	191.34293559911322	-997.8548600746972	4.2459163368604346E-4	0.7459164193231078	3.0138914239253634E-4	1.621120518847974E-7	0.9928467054911039
76500000	-9645.606886694024	-8690.76621800072	-954.8406686933043	-8523.681467124308	110.08952681187266	1278.0269775077738	0.10010152116864522	1.0550560165330924	0.09971490145042877	1.2992689119961192	0.08667991968603513	1.196541016253561	2.165288595759588	0.26613067996080286	3.586715914317787	0.4937247181233335	0.4899858240586109	1.0550560165330924	0.09971490145042877	1.2992689119961192	0.08667991968603513	1.196541016253561	2.165288595759588	0.26613067996080286	3.586715914317787	0.4937247181233335	0.4899858240586109	5.86882585904125	0.3064191814229909	0.2048160577432222	0.21841910585714205	0.2703456549766448	0.5025419676364359	130.3935117163798	-941.2096447940653	6.392324553935607E-4	0.9375657084110216	4.708950026746845E-4	2.2331636116057378E-7	0.8215929383837158
76600000	-9669.608634880316	-8708.913119194965	-960.6955156853514	-8534.505838917938	142.7930439918212	1305.889469452309	0.060335253449309956	0.03243273394462716	0.17394312116565197	0.8549051207707674	0.09994898538651495	2.3701361397028333	2.193763267328897	0.1510327167348939	3.0648565821968883	0.43329779473600993	0.2966532925332318	0.03243273394462716	0.17394312116565197	0.8549051207707674	0.09994898538651495	2.3701361397028333	2.193763267328897	0.1510327167348939	3.0648565821968883	0.43329779473600993	0.2966532925332318	6.251624517773314	0.2888288294503177	0.20791705463682292	0.23496046771048962	0.26829364820236973	0.4984337654267874	119.28476737454208	-948.0527770897643	5.260720825754567E-4	0.85423875686707	3.885365739065863E-4	1.851344594078578E-7	0.8607100044328202
76700000	-9653.86478801028	-8700.212520176321	-953.6522678339597	-8535.559385745466	106.38764893269929	1376.2325810409102	0.07168299809144764	1.316142068050051	0.05108792466375499	0.40202813462784287	0.31218311304188473	0.4473859472876562	0.5152553187834227	0.2988948681196923	2.4235926898002416	0.1955544813929686	0.36228837983961326	1.316142068050051	0.05108792466375499	0.40202813462784287	0.31218311304188473	0.4473859472876562	0.5152553187834227	0.2988948681196923	2.4235926898002416	0.1955544813929686	0.36228837983961326	6.572993093934129	0.2985625148155269	0.20791705463682292	0.22522678234528032	0.26829364820236973	0.5045540834185412	119.05289282771366	-944.4756178175991	5.008245235797958E-4	0.8747657647942543	3.748961626831767E-4	2.523591855846071E-7	1.033419739174495
76800000	-9734.896035492104	-8699.520652071522	-1035.3753834205818	-8530.086876954498	133.2257291271331	1868.7326651056662	0.07731134781768917	0.003633268438081188	0.007926383864202803	0.4838977604706878	0.7498447363374335	0.318605331691744	2.45097805687251	0.23741812712365953	1.373474192098962	0.248184423939221	0.03738318466894023	0.003633268438081188	0.007926383864202803	0.4838977604706878	0.7498447363374335	0.318605331691744	2.45097805687251	0.23741812712365953	1.373474192098962	0.248184423939221	0.03738318466894023	6.406493536830119	0.30914682574604885	0.20170136025316804	0.21907142780099742	0.2700803861997856	0.6087516987543852	212.50610602704157	-1026.7181579826822	3.062516568023382E-4	0.7863764710227097	2.8869190587361765E-4	5.998899497825136E-8	0.8055865335563787
76900000	-9661.648207024271	-8683.032641810545	-978.6155652137257	-8512.542324099299	82.5416789428211	1297.0561361731948	0.07015439070355882	0.27112642454019237	0.07367360954324212	0.46515239019101606	0.12417771030774871	0.6941748397104016	0.006227239213036926	0.06040666522183542	6.388023489275446	0.5634281208187518	0.09354547833054719	0.27112642454019237	0.07367360954324212	0.46515239019101606	0.12417771030774871	0.6941748397104016	0.006227239213036926	0.06040666522183542	6.388023489275446	0.5634281208187518	0.09354547833054719	7.055414278468552	0.3064164881419802	0.20170136025316804	0.20103239799545303	0.29084975360939863	0.6054874521305029	135.47380666048628	-966.4152861429635	5.045297649692703E-4	0.9120061478859492	4.4466684915935186E-4	2.129541138820608E-7	0.936232238283043
77000000	-9614.452281553391	-8686.68333675133	-927.7689448020618	-8511.440163631341	116.70847085663789	1186.0069453638782	0.12514772337512062	0.6390663528879778	0.23694901237785262	0.662443301296492	0.7355675655946902	0.32888289780597385	3.730166166600336	0.8294595854148105	4.52219175754627	0.05129051481817256	0.6897098845609461	0.6390663528879778	0.23694901237785262	0.662443301296492	0.7355675655946902	0.32888289780597385	3.730166166600336	0.8294595854148105	4.52219175754627	0.05129051481817256	0.6897098845609461	7.192352702457672	0.3090146534717298	0.19589247562235684	0.21201300151832878	0.2830798693875845	0.4405003125433471	99.81921477385583	-912.1852612265906	6.590352447722544E-4	1.0707913548834262	5.016564642123156E-4	2.537829356789857E-7	0.81250914533091
77100000	-9642.804251834441	-8693.35192510845	-949.4523267259904	-8523.946105039582	101.28581504311478	1270.5131810707148	0.14114250059400887	0.17039483105390485	0.09817648159150494	0.22419930963256274	0.7538779559281475	0.46848486649723714	1.1258625736156416	0.07198675934428593	4.570695050948227	0.023005693233528097	0.1628875606876205	0.17039483105390485	0.09817648159150494	0.22419930963256274	0.7538779559281475	0.46848486649723714	1.1258625736156416	0.07198675934428593	4.570695050948227	0.023005693233528097	0.1628875606876205	6.269832509274388	0.2963065752132741	0.19589247562235684	0.21201300151832878	0.2957879476460402	0.47323158579036956	139.3426550675112	-939.1329102360589	6.866816171560657E-4	0.8776604045038621	4.800487868857256E-4	3.093685033669625E-7	0.8819982916240884
77200000	-9620.213032038031	-8679.598697934836	-940.6143341031941	-8512.134528038358	111.04390898467314	1185.5835629249991	0.0964444835390426	0.7271045792640676	1.0025259063951026	0.7083292874165943	0.4241847716119878	0.29666048686372043	4.329300802359818	0.8565321259208004	9.10234860676245	0.4345006256796354	1.5448374644443277	0.7271045792640676	1.0025259063951026	0.7083292874165943	0.4241847716119878	0.29666048686372043	4.329300802359818	0.8565321259208004	9.10234860676245	0.4345006256796354	1.5448374644443277	6.2444550626024355	0.2997423345353552	0.21893680903458151	0.20963284776336052	0.2716880086667027	0.4707032468548813	98.76629179655288	-918.5492111649091	6.694374193067854E-4	0.9001379468937553	4.970150545291212E-4	4.269147646285278E-7	1.0525086865923794
77300000	-9640.152011492264	-8686.836306325997	-953.3157051662683	-8523.346326337885	122.49521806265756	1328.8410331444136	0.0816992328152136	0.716440863945301	0.028277391407358403	0.26492590207833006	1.1045185287687258	1.657064348174434	0.880952407015781	0.42979640322836793	4.824076839583389	0.05734930675841974	0.501289565090199	0.716440863945301	0.028277391407358403	0.26492590207833006	1.1045185287687258	1.657064348174434	0.880952407015781	0.42979640322836793	4.824076839583389	0.05734930675841974	0.501289565090199	7.345921387914676	0.30179131298865985	0.20064526703607283	0.2064766466619066	0.29108677331336064	0.48948801030951505	111.45867537991263	-940.0359231227279	5.231369031859318E-4	0.841260696415146	3.9843291225985934E-4	3.067610079827015E-7	1.0847247630267283
77400000	-9729.733048983757	-8713.727894824138	-1016.0051541596181	-8541.542192719446	122.81151894199999	1638.680813310902	0.10003169032196159	0.4626441792390065	0.005710917596420555	0.2644568582772928	4.639179650265963	0.13292927664859935	2.345804286300521	0.643037325006978	3.18132458658555	0.9785064663961686	0.2791852027156986	0.4626441792390065	0.005710917596420555	0.2644568582772928	4.639179650265963	0.13292927664859935	2.345804286300521	0.643037325006978	3.18132458658555	0.9785064663961686	0.2791852027156986	6.016841004615239	0.29650348754211303	0.20446051381296945	0.218700732894322	0.2803352657505954	0.5508810227444831	203.0185092277035	-1000.4710707847131	3.918893287628079E-4	0.8506543823222192	3.3991355570160947E-4	1.0830200485725404E-7	0.8548681917184765
77500000	-9612.773647286138	-8666.852611281898	-945.9210360042402	-8509.95264623989	123.3568591142732	1380.982565410256	0.08325803855249637	0.8524894143032887	0.4010226374455085	0.44116680156277654	0.047791513052191543	0.7121041750541195	0.7476253273002545	0.1449009634799703	2.6129527741598055	0.05449688621099455	0.3603121313096269	0.8524894143032887	0.4010226374455085	0.44116680156277654	0.047791513052191543	0.7121041750541195	0.7476253273002545	0.1449009634799703	2.6129527741598055	0.05449688621099455	0.3603121313096269	5.9236603508667995	0.30876722420666675	0.20209034101790074	0.20880716902483695	0.2803352657505954	0.47206789966510176	114.99351749660131	-937.0067951406381	4.901677688505045E-4	0.890278782486556	3.920363046186929E-4	2.2433945270300434E-7	1.0007671622705434
77600000	-9587.967993327418	-8677.967191697202	-910.0008016302157	-8517.930784931536	94.52662356963056	1039.018427523894	0.10053233888492683	0.07467756955578943	0.04208727017334257	0.3579119319102232	1.0830058221420396	0.14847246229617375	1.6301445456963064	0.2526482114729749	2.0646932971510057	0.4975943832575505	0.05916178825140442	0.07467756955578943	0.04208727017334257	0.3579119319102232	1.0830058221420396	0.14847246229617375	1.6301445456963064	0.2526482114729749	2.0646932971510057	0.4975943832575505	0.05916178825140442	7.685800366618226	0.2878323951003972	0.22101919793417962	0.2091438442646166	0.2820045627008064	0.5821059455645933	103.66870655153774	-900.5903391476738	6.669980257221894E-4	0.9426849348369725	5.511926849665439E-4	4.173192592788586E-7	0.973931596874856
77700000	-9654.226701454269	-8684.906737265954	-969.3199641883149	-8515.742652684865	109.01030928108536	1378.0225075162634	0.0906996795467451	1.1096914888153573	0.17915071138610875	0.11685003862380486	1.912136815065778	0.8409012619040055	0.7882319865345772	0.4862171242793981	4.353763857106582	1.3170601886474662	0.5640953925755708	1.1096914888153573	0.17915071138610875	0.11685003862380486	1.912136815065778	0.8409012619040055	0.7882319865345772	0.4862171242793981	4.353763857106582	1.3170601886474662	0.5640953925755708	7.06038224313866	0.3034204388923402	0.2116452411119187	0.20327563838253576	0.2816586816132052	0.4657168092054928	142.39541651125558	-954.6295352482806	4.797971039511688E-4	0.9377821227168066	4.001783972471747E-4	3.1425746247195926E-7	1.0939287480342454
77800000	-9707.525650374813	-8704.118627645346	-1003.4070227294668	-8525.59734653993	115.7764969444374	1603.8643802661888	0.05887627657053035	0.08161044309851172	0.04850063194790166	1.2372562941492125	0.306404294686329	0.28820508563297204	2.0037865397996395	1.3375770963174385	2.94546231149208	0.19575549338480963	0.6788668234001629	0.08161044309851172	0.04850063194790166	1.2372562941492125	0.306404294686329	0.28820508563297204	2.0037865397996395	1.3375770963174385	2.94546231149208	0.19575549338480963	0.6788668234001629	6.642602309688757	0.3034204388923402	0.214117101363905	0.21441199762123384	0.2680504621225208	0.6275909142047176	170.81014912138525	-991.6983756118349	3.708594853220591E-4	0.6368732204058709	3.428162308736791E-4	1.69421452499161E-7	1.1201435206569568
77900000	-9647.24860809292	-8687.447678014825	-959.8009300780947	-8523.18131902326	120.40690370097323	1353.0978855385772	0.09403175050304952	0.28986261771407296	0.03671383526239995	0.8450718181036968	0.06390317258742427	0.4251116166187966	0.41874688815497174	0.17897229221504646	3.702270036532009	0.19346349052314563	0.28312694109437925	0.28986261771407296	0.03671383526239995	0.8450718181036968	0.06390317258742427	0.4251116166187966	0.41874688815497174	0.17897229221504646	3.702270036532009	0.19346349052314563	0.28312694109437925	7.16177681643196	0.31266204081297094	0.20723179689552015	0.20413897611791407	0.27596718617359467	0.486247927510003	129.2834440253363	-950.7463593475129	5.086207116828444E-4	0.8121614039289374	3.833982903350253E-4	4.1332975733054437E-7	1.216377558451618
78000000	-9599.520920885361	-8689.873925512551	-909.6469953728096	-8516.012065110563	95.44823538769944	1014.8527068323102	0.09406628171993081	0.9562305124976178	0.49716130710411444	0.3879887027834184	0.35163849798822655	1.370284302831938	3.8121916235433684	0.8253038691013869	4.034946689333192	0.17759753432355024	0.37359396859622274	0.9562305124976178	0.49716130710411444	0.3879887027834184	0.35163849798822655	1.370284302831938	3.8121916235433684	0.8253038691013869	4.034946689333192	0.17759753432355024	0.37359396859622274	5.659980667637551	0.30848541469355323	0.20678617723253392	0.21258359021178175	0.27214481786213096	0.5112551694006674	99.4229693779436	-893.9308507561835	8.10280771446812E-4	0.9129660178394301	5.76347019954773E-4	6.108694731140294E-7	1.044031628391301
78100000	-9648.805981309943	-8697.22677843397	-951.5792028759726	-8532.853845939038	87.52857296312148	1234.941809374187	0.10304542300214861	0.4535446579476036	0.4897377208317719	0.4727405515742691	0.405982923825192	0.6339162236053523	2.7231703624054844	0.6286889301727958	4.677321657401166	0.7840880298693503	0.2996315853690254	0.4535446579476036	0.4897377208317719	0.4727405515742691	0.405982923825192	0.6339162236053523	2.7231703624054844	0.6286889301727958	4.677321657401166	0.7840880298693503	0.2996315853690254	6.9285366059536715	0.31109839068704115	0.20038444793131724	0.2118777581829769	0.27663940319866454	0.48852136491714876	115.20480317981155	-937.7272600725279	5.008702173515619E-4	0.7980822177323093	4.264952031576687E-4	2.0802447074729375E-7	0.9398790896944506
78200000	-9637.187483864307	-8715.272906475653	-921.9145773886536	-8546.026347267405	74.38817635566598	995.495924189727	0.17139227969322623	1.2194534438652584	0.06144222125157459	0.1465151538973908	0.5040670409900576	0.015238011660601517	1.5953227936789123	0.21471808571408754	1.4738743206535494	0.08064025808680199	0.10139098465870278	1.2194534438652584	0.06144222125157459	0.1465151538973908	0.5040670409900576	0.015238011660601517	1.5953227936789123	0.21471808571408754	1.4738743206535494	0.08064025808680199	0.10139098465870278	6.4256925067470005	0.2919885123380844	0.21538850326999476	0.20538573847653846	0.28723724591538224	0.45561350163413566	116.20555211045215	-914.7059710264996	6.611807229910211E-4	0.7455623764682278	5.893881299157874E-4	6.131676190934688E-7	1.147766001771514
78300000	-9663.0097430223	-8695.035719057885	-967.9740239644138	-8533.697757149337	97.17719793145386	1272.5456821854787	0.08334638711361991	1.1831425742494244	0.24225371921401562	1.3084673219256746	1.2735332390817127	2.396531627212679	1.7820838909442043	0.06299398009067034	10.55427313513189	0.9514317485292839	0.5932534635907735	1.1831425742494244	0.24225371921401562	1.3084673219256746	1.2735332390817127	2.396531627212679	1.7820838909442043	0.06299398009067034	10.55427313513189	0.9514317485292839	0.5932534635907735	6.514557794924321	0.3044852704435061	0.2141795592784801	0.20527981371076298	0.2760553565672508	0.4725766364779302	150.26066288086957	-944.7268973452534	5.420385579080689E-4	0.8487121178292235	4.1524165255141585E-4	3.207798297852353E-7	1.0515277380862198
78400000	-9614.060398306536	-8696.59393664021	-917.4664616663244	-8527.278913161224	75.14951266486747	999.612160529275	0.09338869530586011	0.06285737436499346	0.08140787210237274	0.4640485948624627	0.16163824213569725	0.8112794420905438	0.16398596726734252	0.05759781833509696	2.4834319867195966	0.3987551240408192	0.4217505782379537	0.06285737436499346	0.08140787210237274	0.4640485948624627	0.16163824213569725	0.8112794420905438	0.16398596726734252	0.05759781833509696	2.4834319867195966	0.3987551240408192	0.4217505782379537	7.207653469700187	0.30745680495221434	0.20089469705321428	0.21239572463423292	0.27925277336033844	0.41782212626251225	106.66543319320331	-909.3650898045728	6.484207548837752E-4	0.916845913764373	5.58974816239817E-4	3.249705515882189E-7	0.9530868892262128
78500000	-9669.57657966391	-8683.648316320712	-985.9282633431975	-8516.16837678728	104.37524777372707	1481.3729761060274	0.07833693830931501	0.35401424043109675	0.26391758439406804	0.6986548263621717	0.021170544973959465	0.6437250688666056	0.024674934200601403	0.10799649014244389	3.919186802946168	0.054137641930619554	1.4927215424034705	0.35401424043109675	0.26391758439406804	0.6986548263621717	0.021170544973959465	0.6437250688666056	0.024674934200601403	0.10799649014244389	3.919186802946168	0.054137641930619554	1.4927215424034705	6.160647977320869	0.2968931924001519	0.19590467882717755	0.23387279426980692	0.27332933450286356	0.5391386592596218	163.4177093366725	-975.8415653764675	4.4789023518727574E-4	0.7518667018802003	3.855118301039738E-4	1.834482670516318E-7	0.9425035603816654
78600000	-9688.50122674302	-8673.66614099233	-1014.8350857506886	-8504.915605086715	106.89684667071029	1586.2562372849384	0.1006506087469594	0.7186634112521394	0.1858121056993356	0.9223312009827931	0.1736652360761482	0.3436998540466765	1.1379231089991009	0.6027967152604221	3.4222858124397235	0.3242318661613565	1.2718919258839991	0.7186634112521394	0.1858121056993356	0.9223312009827931	0.1736652360761482	0.3436998540466765	1.1379231089991009	0.6027967152604221	3.4222858124397235	0.3242318661613565	1.2718919258839991	6.952387914751391	0.30631451475300864	0.19858868686414016	0.20180482949613612	0.293291968886715	0.4966797630043469	184.53961109062888	-1003.0087014004778	3.91041615298251E-4	0.8380116996372182	3.3416132098356663E-4	1.3913914938450489E-7	0.9341080463222917
78700000	-9641.00269263558	-8654.2421490448	-986.7605435907814	-8488.635507249306	115.17163133734307	1457.5551106422597	0.0924784306430538	3.1040535431824746E-4	0.14427305465614274	0.4636678301675119	1.307647110687418	0.4367679647936849	1.3421045754558578	0.21858899527643516	2.2502795497917933	0.2428429735044417	0.26845795634085734	3.1040535431824746E-4	0.14427305465614274	0.4636678301675119	1.307647110687418	0.4367679647936849	1.3421045754558578	0.21858899527643516	2.2502795497917933	0.2428429735044417	0.26845795634085734	6.4461359430298515	0.30779581586622123	0.20142191055046949	0.20180482949613612	0.2889774440871731	0.4835339779456419	191.07991034269088	-977.274492706547	4.3874644818090526E-4	0.8370289973585736	3.9583197912403356E-4	2.098196284620042E-7	1.0059634073366452
78800000	-9647.941754637846	-8662.55559748955	-985.3861571482962	-8494.33158104694	137.11445157199935	1560.35707640774	0.08890955755546259	0.5792153408898413	0.12248584623561008	0.18122234821688923	0.03910277085507208	0.5023825500095183	2.2805032848421205	0.9247388792102847	3.538270160267652	0.0974490744275608	1.2112296781277887	0.5792153408898413	0.12248584623561008	0.18122234821688923	0.03910277085507208	0.5023825500095183	2.2805032848421205	0.9247388792102847	3.538270160267652	0.0974490744275608	1.2112296781277887	6.455438844429655	0.28372188791422015	0.20045465028929504	0.2298620682441181	0.2859613935523666	0.49055860076412755	159.03759415691067	-973.0449763939449	4.725986600346527E-4	0.902771734072857	3.419784689856542E-4	1.5932486648869216E-7	0.9149531329918309
78900000	-9696.403351356746	-8690.825776111094	-1005.5775752456517	-8523.970293368007	205.19225298482203	1877.0106837623457	0.07385393363228065	0.30158805154476903	0.08615574851522335	0.6174671968216859	0.33863822661336024	1.2030088826705752	2.012191665524728	0.01826626910774748	1.5183423311309854	0.2323832019824124	0.9194051518324617	0.30158805154476903	0.08615574851522335	0.6174671968216859	0.33863822661336024	1.2030088826705752	2.012191665524728	0.01826626910774748	1.5183423311309854	0.2323832019824124	0.9194051518324617	6.904119234961687	0.29447966824734445	0.21294709024562555	0.2222181327526482	0.27035510875438173	0.46033185152274053	172.09931322182396	-995.4770836083386	3.936491017442633E-4	0.8390872790633945	3.015359988049887E-4	1.579088221385572E-7	0.993729104183498
79000000	-9605.96371545682	-8675.692928937935	-930.2707865188867	-8509.048100535043	86.70573909994647	1076.9152204109946	0.11153037383668166	0.6006619853155305	0.06190512430972784	1.0459231628921644	0.7962708026667714	1.7585267372922047	2.6410945341396985	0.5501183078778639	3.951006681196041	0.4965724195297889	1.5151694273244376	0.6006619853155305	0.06190512430972784	1.0459231628921644	0.7962708026667714	1.7585267372922047	2.6410945341396985	0.5501183078778639	3.951006681196041	0.4965724195297889	1.5151694273244376	6.548116722585566	0.29447966824734445	0.21550224131728082	0.21222572154024466	0.27779236889513	0.5547542838635753	111.38189055653865	-913.9761852150108	6.933996717475579E-4	0.923403244662294	5.548219838271108E-4	5.297916227710591E-7	1.0648264479859801
79100000	-9704.498897329457	-8678.284202262215	-1026.2146950672418	-8512.540915595493	134.36420124266556	1839.2207120891867	0.06307373368144008	0.138653019829377	0.18893437961765816	0.13516553080652974	0.8543586593375354	0.5556482711883074	1.1073147867860074	0.18188655333362358	5.187831118023885	0.3144084249153189	1.2206351895656926	0.138653019829377	0.18893437961765816	0.13516553080652974	0.8543586593375354	0.5556482711883074	1.1073147867860074	0.18188655333362358	5.187831118023885	0.3144084249153189	1.2206351895656926	7.41019562906181	0.29358713214518545	0.2127618811827743	0.21410449930431638	0.2795464873677238	0.46716250579554064	208.5426123913777	-1013.0644059592779	3.5837997741892784E-4	0.8195699800266003	2.9306609887042886E-4	1.4408460128658782E-7	1.0439361518065886
79200000	-9715.02715644805	-8684.46001182111	-1030.567144626941	-8513.918712956442	151.7782903247584	1915.8323053404874	0.0662286898668486	0.6802607976313719	0.1450247399971209	0.09813381290545	0.6601398083270797	0.6436873189131761	1.7025456281422207	0.2744383734374593	2.762001866002394	0.0012700984256458858	1.297832320182516	0.6802607976313719	0.1450247399971209	0.09813381290545	0.6601398083270797	0.6436873189131761	1.7025456281422207	0.2744383734374593	2.762001866002394	0.0012700984256458858	1.297832320182516	6.099190318141836	0.29617600878752887	0.20784336055058183	0.21518316161891662	0.28079746904297265	0.5521769798442765	175.76274867652256	-1019.5120298217694	3.710649410302955E-4	0.8017476045160115	2.998923962801136E-4	9.148960562466651E-8	0.8807672371900982
79300000	-9654.907710927677	-8678.892862972396	-976.0148479552805	-8512.408601624426	79.01787272183564	1246.0113861534796	0.08578663018031074	0.6339287470090035	0.1858108519856676	1.237356905484998	1.6413876047788714	1.0245866988644436	0.8654345206059183	0.5060370066264019	9.067151273555401	0.7246434897702898	0.6358473986779617	0.6339287470090035	0.1858108519856676	1.237356905484998	1.6413876047788714	1.0245866988644436	0.8654345206059183	0.5060370066264019	9.067151273555401	0.7246434897702898	0.6358473986779617	5.970153650691115	0.29617600878752887	0.20784336055058183	0.21518316161891662	0.28079746904297265	0.4813508437164963	141.68490862487837	-957.5101470187986	4.18142828149887E-4	0.7221609794590101	3.999205671630935E-4	1.4637314988645724E-7	0.9110970782817304
79400000	-9681.680047207235	-8688.669995589216	-993.0100516180187	-8528.84247400725	115.5324195128969	1478.198004286899	0.07314506642503026	0.47788700398076284	0.26565045396391085	0.4204772399032223	2.944397198777529	1.9363731992005937	1.1280393260273318	1.4352002766187568	6.026146613570398	0.6734363567467219	0.5573709792736256	0.47788700398076284	0.26565045396391085	0.4204772399032223	2.944397198777529	1.9363731992005937	1.1280393260273318	1.4352002766187568	6.026146613570398	0.6734363567467219	0.5573709792736256	6.11970241959099	0.29617600878752887	0.20674989169367183	0.21627663047582663	0.28079746904297265	0.5562128074186129	155.9544412193466	-974.6961605128001	4.208977780365827E-4	0.7376046382763464	3.74942912383267E-4	1.0567797705792004E-7	0.8254805311736676
79500000	-9626.191835008263	-8665.942298442496	-960.2495365657668	-8501.838131052986	106.41764816245094	1356.7033367301979	0.09791058771414633	0.7050983689108424	0.31529950484896985	0.19698731634422742	0.08863369466748289	0.1961572226354602	2.0756950148489577	0.05298436912480913	4.581608471252828	0.09020928001144797	0.7524097187333838	0.7050983689108424	0.31529950484896985	0.19698731634422742	0.08863369466748289	0.1961572226354602	2.0756950148489577	0.05298436912480913	4.581608471252828	0.09020928001144797	0.7524097187333838	6.681260384846756	0.29617600878752887	0.21938449755470288	0.21462282219415457	0.26981667146361366	0.4868284175474865	145.17399887986616	-948.9525797296566	4.4695664348452563E-4	0.7784421230883936	3.8245450400076783E-4	2.2842543790282656E-7	1.0181803357167365
79600000	-9571.219090525512	-8673.373873342702	-897.8452171828102	-8500.870709767993	86.17508341073618	958.7850695722834	0.23101319598652023	0.31080736236775436	0.1246264819420166	0.5093128585992404	1.498758977342182	0.03921190819593364	3.1497658353419777	1.721492887721362	5.26561673877107	0.033453994770018786	0.6250174002107636	0.31080736236775436	0.1246264819420166	0.5093128585992404	1.498758977342182	0.03921190819593364	3.1497658353419777	1.721492887721362	5.26561673877107	0.033453994770018786	0.6250174002107636	6.6940100936743185	0.2997999595291385	0.20406217481506675	0.20161748822602232	0.2945203774297724	0.4691241228190107	85.13528130264692	-881.9558922154937	7.795329297053036E-4	1.0471124174349977	6.019263544557964E-4	2.888856228551689E-7	0.7630827028035502
79700000	-9667.154087021743	-8680.781452869554	-986.3726341521897	-8510.991557683023	122.79179699416237	1431.255500708577	0.09814069473329932	0.3693655336177415	0.20833875704813903	0.03136222255303797	0.06294807765424645	0.6192778711299016	3.703769343872512	0.21593887439164333	2.756101158814803	0.2725608482692714	0.8981501101256478	0.3693655336177415	0.20833875704813903	0.03136222255303797	0.06294807765424645	0.6192778711299016	3.703769343872512	0.21593887439164333	2.756101158814803	0.2725608482692714	0.8981501101256478	5.925082004681921	0.3111504358812721	0.213329383317274	0.19948605164949756	0.2760341291519563	0.3942609298244148	154.21952027146807	-974.8504960193328	4.5413011090886317E-4	0.8598398447746626	3.683337801008666E-4	1.590327189175877E-7	0.9235188299569209
79800000	-9651.487473210109	-8683.088252827503	-968.3992203826059	-8515.68898579181	116.04833260429538	1424.2189721460745	0.0893592191740721	0.2449804204995853	0.02711537652916037	0.40001675559481065	1.279171256197736	0.973546145993752	1.5324097576395366	0.11551711229549262	1.3171313184896756	0.19415970552508963	0.6714536920048241	0.2449804204995853	0.02711537652916037	0.40001675559481065	1.279171256197736	0.973546145993752	1.5324097576395366	0.11551711229549262	1.3171313184896756	0.19415970552508963	0.6714536920048241	5.7859516516503104	0.3016956416679242	0.21070790945032036	0.19501795219896814	0.29257849668278735	0.5600648418704636	137.63737876238173	-959.1317431905529	5.319742269906637E-4	0.7994670953483698	3.955733852978669E-4	2.5016514828736074E-7	0.9675831333375774
79900000	-9650.671956149086	-8696.800940131954	-953.871016017133	-8531.30999548178	192.53570784547065	1495.8855695903435	0.09769647822687261	0.23439501659422535	0.03924993149322271	0.3431412581803672	3.1597011057742477	1.3517652709915662	1.1444148848065332	2.777631953727778	2.909753779136677	0.5082957345913877	0.4714292587973762	0.23439501659422535	0.03924993149322271	0.3431412581803672	3.1597011057742477	1.3517652709915662	1.1444148848065332	2.777631953727778	2.909753779136677	0.5082957345913877	0.4714292587973762	6.884943619407779	0.28934732423569315	0.22264868491897488	0.1970233975733871	0.2909805932719449	0.5142105755274066	140.43725616207382	-937.637220851259	6.396913508561435E-4	0.9476599585785063	3.807070059780412E-4	4.823833493614859E-7	1.1336720080022138
80000000	-9572.302838767113	-8682.059989172576	-890.2428495945366	-8508.803593554298	95.24329159137076	989.2465037008762	0.15326881603768777	2.0796842313309334	0.18383784687929122	0.4948091114372419	0.7695697714585615	0.9748816893619886	0.6814000658515689	0.26871166412932473	5.373522291777738	0.11093196929645624	0.15799957068957332	2.0796842313309334	0.18383784687929122	0.4948091114372419	0.7695697714585615	0.9748816893619886	0.6814000658515689	0.26871166412932473	5.373522291777738	0.11093196929645624	0.15799957068957332	5.485497674741965	0.29726795895909514	0.20788443083629846	0.22519615969791434	0.2696514505066921	0.4028566114780852	74.6770569333128	-876.2917463166523	9.264832740380738E-4	1.1352471226920757	5.471863270237614E-4	8.954310583376426E-7	1.2494078851042623
80100000	-9649.915443404043	-8663.378791626415	-986.5366517776278	-8495.80635314927	108.61359224172386	1478.0917281530376	0.08560790772068272	0.21825381131780588	0.5081288503690535	0.02802658065239945	1.7047034089288118	0.45061774775741026	2.240224702903047	2.040356826685522	3.2640646784266	0.22994357459563708	0.2889131894650296	0.21825381131780588	0.5081288503690535	0.02802658065239945	1.7047034089288118	0.45061774775741026	2.240224702903047	2.040356826685522	3.2640646784266	0.22994357459563708	0.2889131894650296	5.866509909200885	0.3081117879576054	0.20788443083629846	0.21395000591271393	0.2700537752933822	0.43999942125990166	162.00881341605344	-972.2044574521591	5.848647514413306E-4	1.0161071683417555	3.9392913751490685E-4	3.575453211389459E-7	1.1832904087407168
80200000	-9639.568861683614	-8684.613422816154	-954.9554388674613	-8532.412168829474	95.37308743247098	1247.7761994200655	0.061840035788880456	0.2077566038895163	0.14704220466383486	0.24476029095658103	1.5701397506716264	2.6727184282901693	0.4207210032615659	0.03160518387132849	5.329925226808687	0.2169988987739252	1.2869207912868843	0.2077566038895163	0.14704220466383486	0.24476029095658103	1.5701397506716264	2.6727184282901693	0.4207210032615659	0.03160518387132849	5.329925226808687	0.2169988987739252	1.2869207912868843	6.426510598308751	0.2950962455898977	0.1942749701625678	0.2156991399753494	0.29492964427218504	0.4252210153544833	130.99889214740574	-939.664403206101	4.965877057839525E-4	0.8910338490966934	4.16430554195763E-4	2.783282970794753E-7	1.1823873693649174
80300000	-9758.980104974162	-8681.337329378986	-1077.6427755951752	-8510.974739475905	185.20963987805993	2228.4213123659524	0.03860297204929678	0.16257975978446326	0.037630255107069764	0.4921763600250513	4.325165851729514	0.7307379344759105	0.6114335558312382	0.2921818730988161	2.7775974012924194	0.11997278237290532	2.1685802941830326	0.16257975978446326	0.037630255107069764	0.4921763600250513	4.325165851729514	0.7307379344759105	0.6114335558312382	0.2921818730988161	2.7775974012924194	0.11997278237290532	2.1685802941830326	6.399355826447289	0.2915341411592053	0.21807726017895035	0.21189297003518964	0.2784956286266546	0.5498483528204714	233.3771610338031	-1062.1367558283282	2.7718159319357313E-4	0.8092168113765221	2.4540109085584863E-4	1.2228908483356597E-7	1.2620473854059033
80400000	-9683.590936663539	-8682.500517402324	-1001.0904192612148	-8518.718140780098	100.53425754606674	1607.8356649637628	0.07723523315169867	0.2609171278879266	0.14183103979523992	0.014879161452048187	0.7802363177089978	0.05362317498704687	0.7402773161628915	0.1762347231187715	1.8695503804426696	0.06341471485130672	0.0231869868287269	0.2609171278879266	0.14183103979523992	0.014879161452048187	0.7802363177089978	0.05362317498704687	0.7402773161628915	0.1762347231187715	1.8695503804426696	0.06341471485130672	0.0231869868287269	5.089144469124972	0.2868727618921231	0.21311943873382075	0.2237464492955464	0.27626135007850966	0.5013422888307375	178.75690218825372	-994.787989524956	4.5522399887951983E-4	0.7253185999257336	3.367443261801735E-4	2.721424818925339E-7	1.1897571681715553
80500000	-9627.824678379786	-8671.905440026614	-955.9192383531725	-8497.058654454573	119.36145844563325	1306.3623084962608	0.16583494094522758	0.39448696348616585	0.06388039537620298	0.03459672721020535	1.4843311538016515	0.11773535680818278	1.8317828441787758	0.36179127930812877	4.2492380241928585	0.2446967892364135	0.6636922579343362	0.39448696348616585	0.06388039537620298	0.03459672721020535	1.4843311538016515	0.11773535680818278	1.8317828441787758	0.36179127930812877	4.2492380241928585	0.2446967892364135	0.6636922579343362	6.695171578765816	0.2877339336075017	0.22004920743857231	0.20587543751990314	0.28634142143402275	0.6017256872145266	148.78230489355954	-944.3891384907802	4.875494664248137E-4	0.8067400568943193	3.928591241097249E-4	4.0274102770026383E-7	1.2301088636560429
80600000	-9599.94763477556	-8669.83258116389	-930.115053611671	-8502.058943752972	102.00411998862997	1094.343287095721	0.1134957433909999	0.5269701032698365	0.13535867422901426	1.1556955650352532	0.2040521431503008	0.8457350487996699	7.407719727808285	0.18125649690901774	4.115936117377924	0.16446377622985697	0.9135921411535464	0.5269701032698365	0.13535867422901426	1.1556955650352532	0.2040521431503008	0.8457350487996699	7.407719727808285	0.18125649690901774	4.115936117377924	0.16446377622985697	0.9135921411535464	6.156265232168408	0.2979936888646592	0.2126288345455714	0.2091628108710771	0.2802146657186922	0.5566344157710184	99.90298436872924	-912.3168037959764	6.071744978092306E-4	0.811892819269465	5.0954677288859E-4	6.466360337075195E-7	1.2036072842008296
80700000	-9677.376670324149	-8675.174872261163	-1002.2017980629865	-8505.909234039542	107.56984931323876	1462.041685523909	0.1703150915938554	0.7085060143674627	0.19318578210589674	0.18921458453811799	4.638891244361355	0.6978410827131674	4.0631318588244065	1.15108182902088	2.404721592814596	0.35181332869122	0.6471606692987784	0.7085060143674627	0.19318578210589674	0.18921458453811799	4.638891244361355	0.6978410827131674	4.0631318588244065	1.15108182902088	2.404721592814596	0.35181332869122	0.6471606692987784	6.537697085840738	0.3113361665926358	0.19928635681759482	0.2091628108710771	0.2802146657186922	0.5179253661805627	178.5462697123848	-985.5661783433252	3.9558831228616974E-4	0.6802971065095289	3.8183097111226904E-4	9.923307954230801E-8	0.7834885089580792
80800000	-9660.122265813301	-8708.986606695727	-951.1356591175742	-8545.433984238916	91.69959009818561	1226.1276462406267	0.09544630967564358	0.1371098925020504	0.13697164767606101	0.5193778250368691	2.307886805409185	0.6132573761385884	0.4959749584842813	1.2990488515558618	2.6105949015500123	0.7986262031091933	0.10762286379774068	0.1371098925020504	0.13697164767606101	0.5193778250368691	2.307886805409185	0.6132573761385884	0.4959749584842813	1.2990488515558618	2.6105949015500123	0.7986262031091933	0.10762286379774068	6.725730781904889	0.3013588202454365	0.21327552379176884	0.21592417668226382	0.26944147928053075	0.5128797030497338	133.64045689278072	-939.6614207141188	5.618705720997306E-4	0.7636131750022214	4.8312366701013345E-4	1.462880226776109E-7	0.7050643735087521
80900000	-9677.498628379582	-8716.240735933288	-961.2578924462942	-8553.20583582836	161.9151382008397	1474.885021600355	0.10819463506694199	0.2308105372343313	0.0019637750852370063	0.016252607422886808	0.4716900480964341	0.17328120610347528	1.4639242085958581	1.1394493158892516	4.910511293115797	0.03409321306468451	1.365880605627904	0.2308105372343313	0.0019637750852370063	0.016252607422886808	0.4716900480964341	0.17328120610347528	1.4639242085958581	1.1394493158892516	4.910511293115797	0.03409321306468451	1.365880605627904	5.708749923959762	0.29311173297952836	0.20774898053665458	0.21592417668226382	0.2832151098015531	0.5255640488910759	134.10403635811824	-948.9878355187794	5.006357684926337E-4	0.9241739053402	3.9524495317385717E-4	2.8362181555526124E-7	1.0063476360395889
81000000	-9679.834795524712	-8700.369668237254	-979.4651272874573	-8525.872465865767	139.475189103156	1613.394707907349	0.1137250305447272	1.5069485626336276	0.29949730860189333	1.2329297776529908	2.2432810831427825	1.3966664512560014	0.5112428484481585	0.20871049306122016	3.465339422628622	0.057703531961994826	0.5725555625960242	1.5069485626336276	0.29949730860189333	1.2329297776529908	2.2432810831427825	1.3966664512560014	0.5112428484481585	0.20871049306122016	3.465339422628622	0.057703531961994826	0.5725555625960242	6.905197402117865	0.29924860511778595	0.20836663154940618	0.21592417668226382	0.27646058665054396	0.42875302632504686	149.83229224652777	-965.9667912809828	4.1977843387516924E-4	0.7551041701158585	3.233034099014697E-4	2.3363802344157603E-7	1.05615893019815
81100000	-9617.361140087107	-8693.776789739704	-923.584350347403	-8528.282858496894	196.7376389367291	1373.5106767369548	0.28846499521278224	0.5952955857312912	0.04180551811405145	0.0827412675481534	5.222039003406706	0.055141255053969405	0.9434871582047583	0.20435536811749885	2.7779845591594303	0.0686534207081378	0.604341711817664	0.5952955857312912	0.04180551811405145	0.0827412675481534	5.222039003406706	0.055141255053969405	0.9434871582047583	0.20435536811749885	2.7779845591594303	0.0686534207081378	0.604341711817664	5.5093048486812615	0.30077456713043105	0.21916091905114415	0.21592417668226382	0.264140337136161	0.46973520608188113	100.2547697254613	-911.5267138422312	6.332671445759464E-4	0.8843902227712577	4.094488373738062E-4	4.250282539106909E-7	1.0525494847564156
81200000	-9627.580189976898	-8683.536327234187	-944.0438627427105	-8520.53455434296	122.0537171602991	1269.823238294188	0.10190810367193923	0.007190588946689441	0.04344392345966606	0.1030073953998008	1.4457555327799936	0.2897664309932769	0.8531317035219191	0.3746901608363469	3.4397993092681243	0.32173001809003715	0.1628388169057287	0.007190588946689441	0.04344392345966606	0.1030073953998008	1.4457555327799936	0.2897664309932769	0.8531317035219191	0.3746901608363469	3.4397993092681243	0.32173001809003715	0.1628388169057287	6.001693524411491	0.29919684775789324	0.1979496223233916	0.21767641500441234	0.28517711491430275	0.4388965140206736	137.29238386795768	-933.8522822489062	6.197303063239352E-4	1.0263030286996397	4.786696477107514E-4	4.5680138040867597E-7	1.1226732949176108
81300000	-9675.30808803776	-8696.249443347837	-979.0586446899231	-8524.35573834511	105.48405384384453	1328.675601221916	0.1104593365277069	1.1002669216128282	0.049326806239151456	0.24614101188186263	1.8877360184274414	0.5468337093422511	1.0313206927666774	0.9517065655920234	5.160418217119062	0.5864882758302842	0.29456438013682323	1.1002669216128282	0.049326806239151456	0.24614101188186263	1.8877360184274414	0.5468337093422511	1.0313206927666774	0.9517065655920234	5.160418217119062	0.5864882758302842	0.29456438013682323	6.267365560766348	0.28908547510842364	0.21498733818092308	0.20518151109150493	0.2907456756191484	0.48055137003986664	133.08264944979692	-965.2278984273529	4.551867827821009E-4	0.7770611860328223	4.1824769644361963E-4	1.2751637660576395E-7	0.8235749967071276
81400000	-9640.29715126119	-8698.185199060774	-942.1119522004153	-8520.864041328943	116.36201965250648	1292.518628117381	0.19081125344669492	0.06426081716992985	0.024993546663404257	0.6678446859651765	0.7254826944141263	0.08895176044883177	1.0447858346319772	0.526812937249893	1.4325699548232922	0.04457914008289834	0.028774727781205038	0.06426081716992985	0.024993546663404257	0.6678446859651765	0.7254826944141263	0.08895176044883177	1.0447858346319772	0.526812937249893	1.4325699548232922	0.04457914008289834	0.028774727781205038	6.206917940318397	0.3022712668478106	0.20180154644153614	0.2174866634063216	0.27844052330433167	0.46421882172348977	127.54652122735006	-935.6845386283196	5.218316863429405E-4	0.8387019362983507	4.263934685042468E-4	2.2953720071898646E-7	0.919836530260332
81500000	-9638.156647259608	-8675.833760618221	-962.3228866413863	-8512.2948717328	126.91966216220086	1339.3831574844767	0.12149846254800101	0.33969365813735647	0.0638046963284335	0.06724889486627915	0.24683071176577365	0.0562461891049449	1.6141766149291856	0.034845089010879196	5.646728770952615	0.05660954305574734	0.20617117876339397	0.33969365813735647	0.0638046963284335	0.06724889486627915	0.24683071176577365	0.0562461891049449	1.6141766149291856	0.034845089010879196	5.646728770952615	0.05660954305574734	0.20617117876339397	6.210730870429558	0.2964352751683978	0.2202803514476536	0.2131849100285735	0.2700994633553751	0.4937933459032736	143.4048026374702	-951.7096954358058	4.685251044156114E-4	0.8843877427461796	4.074544826779094E-4	1.9900442712328936E-7	0.946558086417662
81600000	-9685.385041371836	-8675.239582450073	-1010.1454589217632	-8504.923495601986	153.96102683302655	1726.823811786885	0.06586464391217804	0.9255251403507896	0.16306482126262525	0.8907113921961921	1.0113172658481773	1.1831183384471025	0.9582594638096075	0.9019926077829455	4.135171836048424	0.3740779278889291	0.3253077720244081	0.9255251403507896	0.16306482126262525	0.8907113921961921	1.0113172658481773	1.1831183384471025	0.9582594638096075	0.9019926077829455	4.135171836048424	0.3740779278889291	0.3253077720244081	7.218556643230467	0.29752781216528784	0.21631283923409556	0.20880553653878775	0.27735381206182885	0.4561306196794965	172.24770953228906	-995.4780252138793	4.675777815403702E-4	1.0085526111473218	3.4959298058945417E-4	1.6223650668718447E-7	0.9014957950395864
81700000	-9709.32354342938	-8691.931818655543	-1017.3917247738372	-8516.209671009734	137.3843526447224	1775.268572633838	0.1608541594915773	0.02953422825853634	0.06288398147475849	0.01777210297365405	1.3368156657976011	0.38893115135348966	0.8401515684669209	2.62092429973519	1.3881900086925265	0.06048153432002028	0.9579657936445267	0.02953422825853634	0.06288398147475849	0.01777210297365405	1.3368156657976011	0.38893115135348966	0.8401515684669209	2.62092429973519	1.3881900086925265	0.06048153432002028	0.9579657936445267	8.365626848645926	0.306463385789961	0.20959666145322978	0.20880553653878775	0.27513441621802154	0.49948733097917536	192.99811110643498	-1007.9487179465568	3.565037669408036E-4	0.610924206566029	2.9414853593826224E-4	1.3500469535305703E-7	1.046580501227566
81800000	-9674.544250830944	-8670.98255827777	-1003.5616925531747	-8506.11204412957	95.56643890905406	1494.4708189160115	0.07740778358097095	0.638372249315217	0.07076719024639248	0.8700629544958401	1.56141499295191	1.6825312600753506	1.2560077234057898	1.8300692447706453	3.9847839489853873	0.1927977329659793	3.3949163250624617	0.638372249315217	0.07076719024639248	0.8700629544958401	1.56141499295191	1.6825312600753506	1.2560077234057898	1.8300692447706453	3.9847839489853873	0.1927977329659793	3.3949163250624617	6.472840514739923	0.3066409828197115	0.2025528548731253	0.21140567493021575	0.2794004873769475	0.42830587076429555	170.44226396643776	-985.9544719354348	4.075648481599447E-4	0.643721989011793	3.723826493229615E-4	1.4902573700466228E-7	0.9639664464520793
81900000	-9670.281445682467	-8686.181655265169	-984.0997904172975	-8518.57612100037	111.10546659921458	1433.0673913508867	0.13923497367642426	1.7647730482457549	0.16597087073313208	0.8948710131920363	2.860671581611399	1.8310632282535462	1.1137757303479134	1.7011565059878202	4.8560928129355565	0.2890160011566027	1.0683721497138394	1.7647730482457549	0.16597087073313208	0.8948710131920363	2.860671581611399	1.8310632282535462	1.1137757303479134	1.7011565059878202	4.8560928129355565	0.2890160011566027	1.0683721497138394	6.579288617031696	0.3069440504458752	0.21042287048791203	0.21727637575766567	0.26535670330854716	0.607118264319116	151.3570105065193	-965.6375557011685	4.438323687334055E-4	0.7380638247152005	3.9230856642166674E-4	2.3534311374570404E-7	0.968795385803292
82000000	-9669.14287922773	-8679.775892394979	-989.3669868327506	-8516.879289293407	120.76979877596733	1631.680891547309	0.09944437384632619	0.2501924986142724	0.07498682569433263	0.5188459277410304	0.3950748473858867	0.4461539041320727	1.7171205156345186	1.0312698407761156	3.7435986783612343	0.09602758636898727	1.0304574757150393	0.2501924986142724	0.07498682569433263	0.5188459277410304	0.3950748473858867	0.4461539041320727	1.7171205156345186	1.0312698407761156	3.7435986783612343	0.09602758636898727	1.0304574757150393	5.964549185923899	0.28869879332885084	0.21653717942700673	0.21299784890138238	0.2817661783427601	0.5437586526877328	180.71490762058218	-977.1646020453727	4.644805181151703E-4	0.9450488818444169	3.5366661339660525E-4	1.9018065049571534E-7	0.9483605860959673
82100000	-9629.99224749445	-8688.048287173957	-941.9439603204944	-8518.827041555165	92.65813195444409	1179.7050484520341	0.12072199582805873	0.07180738922037977	0.049562589313652886	0.729226998006987	0.4001473396996761	0.29491443367474685	0.8397600018599667	0.08076732584835951	1.8352984341186374	0.17982123683521112	2.4140256559353555	0.07180738922037977	0.049562589313652886	0.729226998006987	0.4001473396996761	0.29491443367474685	0.8397600018599667	0.08076732584835951	1.8352984341186374	0.17982123683521112	2.4140256559353555	6.118311660548604	0.27924671285318525	0.2214584884582093	0.21261385401656868	0.28668094467203675	0.3995771451431609	128.42937407076542	-933.0503311327867	5.558237479875856E-4	0.8067939437705578	4.6636573227887415E-4	2.7978518204292783E-7	0.9462242313853608
82200000	-9650.404448843066	-8693.773951234856	-956.6304976082106	-8532.834232249586	89.2494195787165	1240.164394420625	0.08173882466244434	1.0856696316715713	0.08380850945540105	0.3453859601675709	1.114939437893334	1.2075806755411505	2.1996049903049033	0.1760206288508598	5.857861064378237	0.10047082805446998	1.7385388455044732	1.0856696316715713	0.08380850945540105	0.3453859601675709	1.114939437893334	1.2075806755411505	2.1996049903049033	0.1760206288508598	5.857861064378237	0.10047082805446998	1.7385388455044732	5.8158348076337445	0.3075322139550236	0.19065692478732663	0.200520081177058	0.30129078008059174	0.6095428959699465	120.4889799501917	-939.5729117885397	6.094819881034907E-4	0.9151540477919451	4.7844789430833275E-4	2.488281604921273E-7	0.8602196171315234
82300000	-9636.059796794052	-8701.746358460894	-934.3134383331583	-8538.129528636846	83.08936198898098	1037.6423602378036	0.11395163849719327	0.046909410400332384	0.9489982783408285	0.8350464211662216	3.247900182263024	1.556398549026531	3.625573880592318	0.18533695835212421	4.994238941553002	0.5480791253804402	1.4069873120536116	0.046909410400332384	0.9489982783408285	0.8350464211662216	3.247900182263024	1.556398549026531	3.625573880592318	0.18533695835212421	4.994238941553002	0.5480791253804402	1.4069873120536116	6.605791572419944	0.29548422796322205	0.22673017258657147	0.20613102670902145	0.271654572741185	0.42653490038053077	121.74072339083766	-914.7427319797329	6.17313828933891E-4	0.7694645197876306	5.256176669915992E-4	3.6261118277384034E-7	0.9366054702573078
82400000	-9666.478024074417	-8714.67112088164	-951.8069031927773	-8542.034033721447	140.0992383421646	1349.7337435577574	0.15218883529418478	0.06901086506961836	0.2433964714469405	0.24636113156489206	2.6951243938016285	0.7576320429131101	1.9399606447180657	1.185568228631596	1.9789822660273981	0.5269013300824529	0.045089495486300986	0.06901086506961836	0.2433964714469405	0.24636113156489206	2.6951243938016285	0.7576320429131101	1.9399606447180657	1.185568228631596	1.9789822660273981	0.5269013300824529	0.045089495486300986	6.593773821594529	0.3081120799737006	0.19899938154905567	0.22123396573605864	0.271654572741185	0.45494786234204354	135.2324298150218	-940.6040474562913	4.974653666687574E-4	0.6731073684753133	3.8671122200366304E-4	1.268735826197678E-7	0.740727566623677
82500000	-9717.419960818612	-8700.851171618267	-1016.5687892003443	-8535.424366820871	143.89004144053152	1667.8170160926736	0.06674491966230818	0.2167741254982812	0.044075225466508425	1.4299542285346745	0.635484687910606	0.8408460752684217	2.1244332456313892	0.6389410417979623	1.8641804941101403	0.014749789128460028	2.326705972239901	0.2167741254982812	0.044075225466508425	1.4299542285346745	0.635484687910606	0.8408460752684217	2.1244332456313892	0.6389410417979623	1.8641804941101403	0.014749789128460028	2.326705972239901	5.939743563329383	0.29361985509681054	0.21601312166320805	0.2124439081417481	0.2779231150982332	0.4830237765234857	171.82403606521018	-1003.2844203434922	4.419653879414652E-4	0.9176973920842912	3.24128866689521E-4	1.0710198456553252E-7	0.858774464231717
82600000	-9651.876015597949	-8682.400866138416	-969.4751494595323	-8509.682042964569	96.34045931476159	1340.284181184938	0.12770358624575698	0.08974602675153677	0.22784783131338718	0.3092543254111711	3.160309806663215	0.33791124817303436	1.3026937524182718	0.6539900427208178	2.170105130123085	0.847421242735298	0.08964154864834412	0.08974602675153677	0.22784783131338718	0.3092543254111711	3.160309806663215	0.33791124817303436	1.3026937524182718	0.6539900427208178	2.170105130123085	0.847421242735298	0.08964154864834412	7.269024853819746	0.29558194862303294	0.20132247494046004	0.2087098930213648	0.2943856834151421	0.5800486270311289	155.63015227905697	-957.8463810518724	5.174087464848131E-4	0.7583994788731219	3.902435562646661E-4	1.6177385156835285E-7	0.8571878273450677
82700000	-9641.5332271701	-8681.282033465317	-960.2511937047833	-8520.555324763825	106.46986374369818	1400.5206816441826	0.06952708959754966	0.5692413414191007	0.01331662380691514	0.5440735312047382	0.137172586719255	1.2280573301081419	0.2630570535680006	0.0792888614921296	4.319729842937003	0.4084619918841931	0.028946968002831728	0.5692413414191007	0.01331662380691514	0.5440735312047382	0.137172586719255	1.2280573301081419	0.2630570535680006	0.0792888614921296	4.319729842937003	0.4084619918841931	0.028946968002831728	5.230561957839757	0.2766003296387618	0.22416413549927433	0.2296133120192263	0.26962222284273746	0.5548956868649807	141.56042412958212	-950.5519392495655	4.910907419374769E-4	0.6948310117427232	3.9001618033580085E-4	2.0220183496558212E-7	0.8740303040142021
82800000	-9640.452376872372	-8671.39961984027	-969.0527570321025	-8498.955234934247	97.5708328299512	1297.9767468156967	0.061553869069285214	0.9716943886953415	0.28112649762250025	1.3948440056934457	1.5687690652856963	1.1098765390846825	1.5902761005169983	0.1944802454552064	5.784547007679446	0.226354200524467	1.276691645488148	0.9716943886953415	0.28112649762250025	1.3948440056934457	1.5687690652856963	1.1098765390846825	1.5902761005169983	0.1944802454552064	5.784547007679446	0.226354200524467	1.276691645488148	6.6215278467859395	0.291164136666554	0.20126989849585558	0.22824110628930247	0.2793248585482878	0.5266038781167278	137.11258931914526	-951.734822069916	4.899055782760591E-4	0.7786489292756726	4.258973163996867E-4	1.67995404372417E-7	0.8394662890820386
82900000	-9637.765265499478	-8677.79898968417	-959.9662758153079	-8504.386159358906	107.65718110955228	1269.6399997159924	0.07192358044367655	0.6368710232908654	0.4411448667358432	1.7775327323210075	1.6521222334454713	1.6287620903907405	0.2680401415103583	0.22972908693711996	3.8841943681912903	0.4347486326013625	1.7513644591912363	0.6368710232908654	0.4411448667358432	1.7775327323210075	1.6521222334454713	1.6287620903907405	0.2680401415103583	0.22972908693711996	3.8841943681912903	0.4347486326013625	1.7513644591912363	6.824713086233109	0.2895162020475089	0.20565952964975237	0.22041270556077808	0.2844115627419606	0.5310728354052039	141.70813278096176	-944.075468970196	6.040236804840188E-4	0.8240570904463136	4.7257134623772694E-4	3.75938927480894E-7	1.0218374820665856
83000000	-9693.7310276028	-8689.612961872017	-1004.1180657307834	-8514.052137398803	205.29543111288146	1754.2683670179242	0.1471561074059815	1.5425921669255518	0.19157683563210154	1.3258401687563093	0.8812810374105391	0.2816222138872555	5.790693995354291	0.7831913640396417	6.160420596575343	0.10318600686658083	0.7166601269619738	1.5425921669255518	0.19157683563210154	1.3258401687563093	0.8812810374105391	0.2816222138872555	5.790693995354291	0.7831913640396417	6.160420596575343	0.10318600686658083	0.7166601269619738	6.453439096476633	0.29484925140755747	0.2181747497850995	0.21771565688830197	0.269260341919041	0.4542648504377996	184.1638163802938	-983.6833993359303	4.948317110300828E-4	0.9599578371929177	3.259793198765387E-4	3.2934159709896953E-7	1.240582615610338
83100000	-9678.80387325698	-8674.005468207446	-1004.7984050495335	-8498.080464832401	111.87292249721884	1517.9170444912465	0.05733281303895219	1.4682562906667476	0.1261160380077913	6.112372923752495E-4	0.26113578052654723	1.1876264271767116	0.18356353060580444	0.47347449620138665	4.149471368096786	0.34828509881918374	0.6961455675439567	1.4682562906667476	0.1261160380077913	6.112372923752495E-4	0.26113578052654723	1.1876264271767116	0.18356353060580444	0.47347449620138665	4.149471368096786	0.34828509881918374	0.6961455675439567	7.142201645223458	0.3070907650833526	0.21121192863414542	0.19358966774925304	0.28810763853324894	0.43327534796882894	194.77183899513523	-992.5821218309395	3.50614191923997E-4	0.8192267983998637	3.465298756251162E-4	1.6436626411943197E-7	1.0626536160737567
83200000	-9649.222065917804	-8699.079411383858	-950.1426545339463	-8534.795194658975	95.2482032401107	1192.9274881456581	0.10328351636489488	0.31412715411564107	0.14367360674506008	0.1587374828734384	1.3797463218221893	0.7591528083030407	0.8580770917942698	0.7714955757033849	7.106168765397504	0.24804547251287856	0.13948882930224746	0.31412715411564107	0.14367360674506008	0.1587374828734384	1.3797463218221893	0.7591528083030407	0.8580770917942698	0.7714955757033849	7.106168765397504	0.24804547251287856	0.13948882930224746	6.764745473892417	0.28469413711959	0.2099534227699583	0.21554430829396623	0.2898081318164855	0.5137958600847818	109.54074429925262	-936.3316200389332	5.732179636726179E-4	0.6815062683279123	5.177786577443971E-4	2.191631332216424E-7	0.7892131923840857
83300000	-9601.649423984376	-8697.144924555894	-904.504499428481	-8530.672172871524	84.71850332837003	977.1159634189798	0.16758505043196434	0.4778487250823133	0.060876804053051986	0.47069994480084304	7.488535161512995	0.997770643106041	0.7562784042430875	0.06250047150944082	4.36232798561103	0.06688975933516933	0.02621947347371391	0.4778487250823133	0.060876804053051986	0.47069994480084304	7.488535161512995	0.997770643106041	0.7562784042430875	0.06250047150944082	4.36232798561103	0.06688975933516933	0.02621947347371391	6.347977809238154	0.3086026620783953	0.20296384713112717	0.2009550959936131	0.28747839479686443	0.3951343124168497	100.46439912196173	-887.8379934197925	6.585051238379075E-4	0.8199250521831946	5.535560957931334E-4	3.5216031229171494E-7	0.8719334049204889
83400000	-9632.353066570953	-8677.83983264531	-954.5132339256432	-8506.227860653999	100.93497584113544	1292.8879304056636	0.11558273102871418	1.7550334539567225	0.3947272047342035	0.36779623388425403	1.8062621080002004	0.808091088615289	1.6925721857617768	1.4904403267531414	2.7513755669113	0.3922555394718664	0.2590584650811304	1.7550334539567225	0.3947272047342035	0.36779623388425403	1.8062621080002004	0.808091088615289	1.6925721857617768	1.4904403267531414	2.7513755669113	0.3922555394718664	0.2590584650811304	6.287109334056082	0.30639526473769385	0.20020492479747184	0.21872075384103212	0.2746790566238022	0.5022680915964985	120.70870300909557	-939.7973244463099	6.224535436203447E-4	1.0190468797200878	4.4920173414135154E-4	2.20023949847994E-7	0.8149598015637813
83500000	-9620.699071591162	-8679.361414203611	-941.3376573875507	-8508.763447438185	98.05690731018034	1195.675855182742	0.11071716234866197	0.34375949013678664	0.21283132794111814	1.6225536549484516	0.5779036893657261	0.6205719380011014	0.9878674627551269	0.06614709522773358	2.9791178186856153	0.13627072208656243	1.8120763413224976	0.34375949013678664	0.21283132794111814	1.6225536549484516	0.5779036893657261	0.6205719380011014	0.9878674627551269	0.06614709522773358	2.9791178186856153	0.13627072208656243	1.8120763413224976	5.276900508327049	0.3165325446798071	0.20040631182312277	0.20630102314318147	0.2767601203538886	0.5467618123178568	112.37714997646893	-929.7655121865283	5.912510556616756E-4	0.8491184015946376	4.650282301646734E-4	1.9321811061666508E-7	0.7614658655957728
83600000	-9623.06692854782	-8692.574824346972	-930.4921042008481	-8522.143107924747	84.28952078709756	1109.071116082437	0.15149763161918106	0.34396241400200467	0.1575663959225603	0.005339283403313721	0.6967648843283606	0.7886768041028904	1.3557023276394373	0.23580001375208492	3.255531543590277	0.2604261112489479	0.696384512461221	0.34396241400200467	0.1575663959225603	0.005339283403313721	0.6967648843283606	0.7886768041028904	1.3557023276394373	0.23580001375208492	3.255531543590277	0.2604261112489479	0.696384512461221	6.307749174884178	0.2940503579600075	0.21280032118090253	0.20630102314318147	0.2868482977159085	0.5155556504995031	119.04886957122032	-920.3440369983425	6.010142349734394E-4	0.9098590524959422	5.348454094834883E-4	2.3780216251387263E-7	0.7957589198254611
83700000	-9611.939524116313	-8683.00620365299	-928.9333204633223	-8513.522130168503	88.0463870117342	1047.5548838248187	0.11114613926736408	0.19402661298313292	0.18003429941893087	0.14517545590941333	1.3004980834572253	1.1433868704619214	0.6156862750467001	1.4439151677801472	2.536493003241253	0.33361411933886886	0.8289036660442166	0.19402661298313292	0.18003429941893087	0.14517545590941333	1.3004980834572253	1.1433868704619214	0.6156862750467001	1.4439151677801472	2.536493003241253	0.33361411933886886	0.8289036660442166	6.436760996423208	0.2887760007876059	0.22541167539115525	0.2144514525603207	0.2713608712609181	0.44407740779711613	113.23266070133806	-917.9653785233513	6.029096162638845E-4	0.8321452734871829	5.438256595440306E-4	3.04268788250325E-7	0.917942845004992
83800000	-9584.869877277213	-8682.822327013077	-902.0475502641373	-8524.34410509058	76.3214803333043	918.3974081264274	0.122651112898117	0.020153819018937716	0.08314039454576011	0.0992470745110378	3.0226795586688913	0.614819393607313	2.7353527171796883	0.04615368400989948	4.9257689805993685	1.0197314889505542	0.639687676722752	0.020153819018937716	0.08314039454576011	0.0992470745110378	3.0226795586688913	0.614819393607313	2.7353527171796883	0.04615368400989948	4.9257689805993685	1.0197314889505542	0.639687676722752	6.29150901449427	0.2932901235381365	0.2002376548463622	0.21341985903340813	0.29305236258209305	0.7187570494598754	93.96462670959761	-885.6258217781652	8.316234634018462E-4	0.9784498989546133	5.893976691610642E-4	7.640093712809337E-7	1.0685221493998125
83900000	-9643.175156643474	-8696.49118267247	-946.6839739710057	-8530.281722609707	92.61373378689409	1211.1971755338402	0.10205860156366604	0.28940472433586484	0.324210038375079	0.11144972184684745	0.033253510924436055	1.1509535748291346	1.0638415449509875	0.2500183057317872	6.929251766444626	0.691442373946267	0.6115656527648009	0.28940472433586484	0.324210038375079	0.11144972184684745	0.033253510924436055	1.1509535748291346	1.0638415449509875	0.2500183057317872	6.929251766444626	0.691442373946267	0.6115656527648009	6.516790589083476	0.2932901235381365	0.2002376548463622	0.21341985903340813	0.29305236258209305	0.4128947033952754	136.28451521242246	-932.789528324275	5.311573191914338E-4	0.8291534439512288	4.657584174588618E-4	3.179263994350674E-7	1.0256111964226888
84000000	-9699.262389852529	-8683.057119290823	-1016.2052705617053	-8517.323310148628	104.43111931601413	1615.703536152348	0.044518397332179986	0.20885945349906496	0.006351530106099064	0.40893125153435034	0.5089003968940876	1.1632144567868896	0.07873662948196673	0.24252572256531785	2.520818907952917	0.14697751610559776	0.056297629056916036	0.20885945349906496	0.006351530106099064	0.40893125153435034	0.5089003968940876	1.1632144567868896	0.07873662948196673	0.24252572256531785	2.520818907952917	0.14697751610559776	0.056297629056916036	5.425668732238796	0.30482275923992663	0.1921236622586776	0.21859099401079987	0.28446258449059575	0.594516650614276	187.5211453345634	-1007.3045706459202	4.18527911215606E-4	0.8238735758474502	3.407643365318618E-4	1.422041649750154E-7	0.9637357872213068
84100000	-9669.26899427897	-8695.059276619006	-974.2097176599631	-8511.638706277505	114.57119979070356	1430.3358526369648	0.294556272755401	0.24567914889614134	0.0010146551555789303	0.029546149897994464	8.243437008554453	0.23916025478542668	0.5572569209618817	0.005014964874713135	2.18834343119389	0.532926839336893	0.5049082343964149	0.24567914889614134	0.0010146551555789303	0.029546149897994464	8.243437008554453	0.23916025478542668	0.5572569209618817	0.005014964874713135	2.18834343119389	0.532926839336893	0.5049082343964149	5.967683678014003	0.31238754220712356	0.22388825289977782	0.20725689724041307	0.25646730765268544	0.5562327027159852	148.55741922110832	-959.5404496768722	5.440249022601032E-4	0.9578382901512992	4.264925829279756E-4	2.0862094395454875E-7	0.8603796906891463
84200000	-9682.632279048608	-8667.327447831554	-1015.3048312170533	-8503.701107671925	115.47951530435844	1571.9934815928675	0.0630087378996353	1.0657761554801886	0.03861171258914932	0.1754245282481265	0.18956916105144758	0.8293964037143744	2.6184187497157407	0.43959197666240524	5.156758733355989	0.3201422880120611	0.723865712478817	1.0657761554801886	0.03861171258914932	0.1754245282481265	0.18956916105144758	0.8293964037143744	2.6184187497157407	0.43959197666240524	5.156758733355989	0.3201422880120611	0.723865712478817	6.232685138762606	0.28387560135107437	0.20879287728887205	0.2142788211066426	0.2930527002534109	0.6998852158738034	206.61554600876215	-1000.0028249218709	4.487418232797512E-4	0.9204230439418712	3.75056150620427E-4	1.87814446232402E-7	0.9939776476891825
84300000	-9710.962383801616	-8689.075583513437	-1021.8868002881784	-8523.701498404895	122.39137248345656	1727.085485851427	0.08465041771996423	1.9529617014707075	0.08154952863530025	0.35624940662055127	1.082070376710659	0.7356167031823392	0.6276009389165301	0.11831168325552066	4.292871355455771	0.017205813204116974	1.4247387507861424	1.9529617014707075	0.08154952863530025	0.35624940662055127	1.082070376710659	0.7356167031823392	0.6276009389165301	0.11831168325552066	4.292871355455771	0.017205813204116974	1.4247387507861424	6.366339286540918	0.30193331098876847	0.20879287728887205	0.22095998020339389	0.2683138315189655	0.49549352382783607	180.24548830448612	-1008.8952630270803	3.743031635931538E-4	0.7410074730258884	3.0323031216496525E-4	1.3553483025077834E-7	1.0186111590875944
84400000	-9612.323985646432	-8668.880793321643	-943.4431923247886	-8501.515347121149	98.51825976788369	1185.5059598800938	0.13545361080304913	1.4589865499200534	0.02886393556064389	0.09260616455549735	2.361705772229069	0.5454064470761062	0.39276001650696934	0.02413108272929315	2.016981715399671	0.18408815383135224	0.45587144087630876	1.4589865499200534	0.02886393556064389	0.09260616455549735	2.361705772229069	0.5454064470761062	0.39276001650696934	0.02413108272929315	2.016981715399671	0.18408815383135224	0.45587144087630876	6.239683539218375	0.3078046494831795	0.20879287728887205	0.2111765792512001	0.2722258939767483	0.49400200815544393	113.25709276003784	-934.0617223356757	4.909156120777201E-4	0.8115280133020487	4.582468054053441E-4	2.746874307035443E-7	1.0271940104948651
84500000	-9625.019538780605	-8684.37847679033	-940.6410619902754	-8512.464555619868	93.98647199368261	1133.2770178717776	0.07288287884836767	0.09862883932275146	0.04310793040022783	0.3283902406095522	0.044098586968698165	0.42074423317146925	0.6708394402037589	0.011263937859624337	1.3425270092328883	0.3770681087689532	0.13208086719783393	0.09862883932275146	0.04310793040022783	0.3283902406095522	0.044098586968698165	0.42074423317146925	0.6708394402037589	0.011263937859624337	1.3425270092328883	0.3770681087689532	0.13208086719783393	5.712667408189342	0.294546679045564	0.21147209622059346	0.2111765792512001	0.2828046454826424	0.6567598135025093	128.11133253920886	-934.6298782670949	5.835148313257446E-4	0.7168593458908045	5.018074767058034E-4	1.754655646139227E-7	0.758229982585035
84600000	-9693.433332248018	-8710.425051707367	-983.0082805406508	-8531.588861405431	83.0336691832281	1296.2541357116215	0.10111408406284354	0.45632670972262007	0.048804522964396434	0.3936038245896087	0.7347921297467599	0.2554745122352532	2.0097558444476644	0.04215696710246602	2.775383605754114	0.055811455039767095	0.5456448715952059	0.45632670972262007	0.048804522964396434	0.3936038245896087	0.7347921297467599	0.2554745122352532	2.0097558444476644	0.04215696710246602	2.775383605754114	0.055811455039767095	0.5456448715952059	6.109976751744613	0.28882355170274043	0.20757624191460616	0.22324672285270705	0.28035348352994627	0.4873203815806997	145.5089588473107	-974.1322697496273	4.1979667221114173E-4	0.6376509962508294	4.175947770769912E-4	1.0022243232680972E-7	0.7219572506916337
84700000	-9618.953040151637	-8682.424626955566	-936.528413196071	-8529.09780874457	85.94465163949734	1138.2719195285904	0.09941655767520047	0.008350606588111044	0.1035884537453888	0.7632870836020608	0.965722592815907	2.3876754826316566	0.056703309856142435	0.47615745924045483	5.3033722400763645	0.20365811081146082	1.597234446582757	0.008350606588111044	0.1035884537453888	0.7632870836020608	0.965722592815907	2.3876754826316566	0.056703309856142435	0.47615745924045483	5.3033722400763645	0.20365811081146082	1.597234446582757	6.0290553621252005	0.2831620893097153	0.2182601143300313	0.1985161669107946	0.3000616294494587	0.4962428217692866	120.99745637948125	-922.1501423563263	5.464271089147233E-4	0.883954579528449	4.8470767997092166E-4	1.9997153190807195E-7	0.8032093623845968
84800000	-9578.852243935029	-8678.705687665188	-900.1465562698407	-8513.096678533213	76.91492654601686	917.1195565189521	0.1016781022361325	0.13156994824501272	0.23392748757602105	0.6050984665891247	1.4328635122439295	1.082460410999384	1.5007089351265346	0.017581694320534143	2.4959945961460597	0.4863345609321153	0.13361404634377919	0.13156994824501272	0.23392748757602105	0.6050984665891247	1.4328635122439295	1.082460410999384	1.5007089351265346	0.017581694320534143	2.4959945961460597	0.4863345609321153	0.13361404634377919	6.219851047538663	0.29057771320373516	0.2182601143300313	0.19410547255895882	0.2970566999072747	0.6133942575255169	88.99460816132279	-889.4476770681858	7.170077423925109E-4	0.837646759957825	5.990588198391661E-4	3.8944357800930226E-7	0.9229667294203063
84900000	-9564.498925207517	-8684.535701295723	-879.9632239117942	-8516.306464487938	76.22814610829893	861.6540334979584	0.09626719610185343	0.1040931883950384	0.023309692598869624	0.521248581982965	0.1918804819810396	0.5287423285989985	0.5290301306900198	0.3019127420351766	3.1959266129976998	0.4920204398903375	0.9163377060605149	0.1040931883950384	0.023309692598869624	0.521248581982965	0.1918804819810396	0.5287423285989985	0.5290301306900198	0.3019127420351766	3.1959266129976998	0.4920204398903375	0.9163377060605149	5.476635580129972	0.3074430097281112	0.2182601143300313	0.19953778246654186	0.2747590934753156	0.4271103973975853	80.28548905659223	-869.7279252146817	8.363058856929093E-4	1.1789076199604103	6.467490604492417E-4	1.0095547431477552E-6	1.2414193089973788
85000000	-9646.37433985289	-8695.638827375333	-950.7355124775563	-8537.512964304105	121.7637897228383	1287.0276158110548	0.09474062775043349	0.47916661920852666	0.3064174104703283	1.5238988240409683	1.0644625849848133	0.22462766976283274	4.27349767372637	0.11556956661811021	2.861849530629019	0.22386379982928953	0.8727234786337111	0.47916661920852666	0.3064174104703283	1.5238988240409683	1.0644625849848133	0.22462766976283274	4.27349767372637	0.11556956661811021	2.861849530629019	0.22386379982928953	0.8727234786337111	5.5277991979504275	0.296006754865748	0.2140906229959812	0.20525359064326523	0.2846490314950054	0.45284471871233906	135.2682900508418	-935.3360026796287	7.342396342236022E-4	1.068075206778918	4.678826675351651E-4	9.242813567318618E-7	1.344406320007147
85100000	-9580.016215409114	-8681.005642064434	-899.0105733446807	-8521.584588233552	68.36148883490006	871.6433045488731	0.08750103432269349	0.36115796263501193	0.04303641139791144	0.3751261562194458	1.0841396593139092	1.1655888887635593	0.5594510699203042	0.038412029432257806	3.379050315771704	0.2483683759008169	0.8635632584068448	0.36115796263501193	0.04303641139791144	0.3751261562194458	1.0841396593139092	1.1655888887635593	0.5594510699203042	0.038412029432257806	3.379050315771704	0.2483683759008169	0.8635632584068448	6.818083531474812	0.3077525858470115	0.19077018866139508	0.21682819399658787	0.2846490314950054	0.4856825745088373	88.60978858487601	-888.0852259835714	6.953960970611643E-4	0.8571002392891305	6.360553372544494E-4	3.4652388049283643E-7	0.8721110659106969
85200000	-9629.844108770701	-8705.231631138537	-924.6124776321653	-8541.323075627799	95.40254588834439	1029.0830076356676	0.13109295234310492	0.552413895620955	0.08752609345724167	0.5278539184733516	0.7951590507196393	0.6181462980009064	0.9414695028620521	1.0752092818426795	10.396624555847094	0.5374427490501237	0.5435712676238158	0.552413895620955	0.08752609345724167	0.5278539184733516	0.7951590507196393	0.6181462980009064	0.9414695028620521	1.0752092818426795	10.396624555847094	0.5374427490501237	0.5435712676238158	6.244936820909384	0.28406184366902304	0.20376094053749658	0.21682819399658787	0.29534902179689226	0.4896912021672141	103.78835107082256	-905.9076261425172	6.773676843277874E-4	0.9641728918120785	5.328226570362769E-4	4.6376565372079193E-7	1.0660030194178365
85300000	-9612.417967048306	-8689.39973569169	-923.0182313566156	-8520.366865822762	86.3590538827032	1065.0034059781788	0.11282977036536257	0.05540720696397584	0.13428189933800497	0.018114684881044174	3.626721880761933	0.8719753582467309	1.6835953561829946	0.05133396353652038	2.85456197213294	1.1367296897344938	0.3624655996711454	0.05540720696397584	0.13428189933800497	0.018114684881044174	3.626721880761933	0.8719753582467309	1.6835953561829946	0.05133396353652038	2.85456197213294	1.1367296897344938	0.3624655996711454	6.180991879523012	0.2835425881949186	0.20900603485815367	0.21682819399658787	0.29062318295033956	0.4349862418932781	109.59293524541891	-909.2886488557565	6.67152466976561E-4	1.034406310190318	5.148172592195607E-4	5.041082162324289E-7	1.1513182860852802
85400000	-9577.050795031395	-8678.391733922674	-898.6590611087207	-8516.270283492264	76.61413403544944	868.0999967391099	0.1540756502629264	1.0323604591376252	0.06344656018987549	0.7185357342654873	2.4461763433953885	0.9180070946222316	1.532803776802765	0.207498054198634	3.6632372829572284	0.29088524111245395	0.43496646856410454	1.0323604591376252	0.06344656018987549	0.7185357342654873	2.4461763433953885	0.9180070946222316	1.532803776802765	0.207498054198634	3.6632372829572284	0.29088524111245395	0.43496646856410454	6.082577133892394	0.3003581411039296	0.21953526597458528	0.20948664787845692	0.27061994504302794	0.5897831470102934	100.53399853619034	-884.3139313275257	8.861062580101454E-4	1.0081018705992137	7.166176631364652E-4	9.770624470364486E-7	1.1153155985150145
85500000	-9650.784858614255	-8687.399918937072	-963.3849396771847	-8521.242443406602	87.63951427558268	1290.2157360860356	0.0847827246734299	1.5036199543599196	0.09901901395179742	0.3142649130277435	0.5171583036245678	1.1925127524978851	1.5191573343851326	0.006690837440726436	5.694405254180625	0.26401211326654556	1.599706966525884	1.5036199543599196	0.09901901395179742	0.3142649130277435	0.5171583036245678	1.1925127524978851	1.5191573343851326	0.006690837440726436	5.694405254180625	0.26401211326654556	1.599706966525884	6.849579773407074	0.287019993022274	0.20759593473336216	0.2293510968180282	0.2760329754263354	0.40970779988206435	128.49930664166712	-947.745189548944	5.48509208167622E-4	0.9247859822432153	4.881470474919438E-4	5.214427754314901E-7	1.240716070604097
85600000	-9655.493723201065	-8685.48284614324	-970.0108770578253	-8516.81032244035	133.67754448374274	1395.802562855653	0.07285824254101905	0.5487504432276663	0.4222226091016072	0.3851155344231951	0.5005798270180902	2.1250838652540125	1.3619752214045395	0.3899448810613378	3.6055821833387873	0.29339427999406054	0.6713438800142516	0.5487504432276663	0.4222226091016072	0.3851155344231951	0.5005798270180902	2.1250838652540125	1.3619752214045395	0.3899448810613378	3.6055821833387873	0.29339427999406054	0.6713438800142516	6.238714163615548	0.2863145244820711	0.20483304052986592	0.2139288714704846	0.2949235635175782	0.6201356538662248	139.20841440603093	-956.6972133561454	4.728106628145056E-4	0.8774751652752247	3.691146593335453E-4	2.37779379300604E-7	1.0961780361752742
85700000	-9693.95633949568	-8683.313584393449	-1010.6427551022314	-8516.834273405273	135.19247880921054	1699.9103419107878	0.07647688448758458	3.692151053039656	0.23258274502011986	0.5068840553113364	1.2930958504848988	0.5136077167426154	2.4175418483623514	0.02544120636845343	4.316089257001971	1.104557722952936	0.020982037331296655	3.692151053039656	0.23258274502011986	0.5068840553113364	1.2930958504848988	0.5136077167426154	2.4175418483623514	0.02544120636845343	4.316089257001971	1.104557722952936	0.020982037331296655	7.34845727050055	0.29835517891802366	0.21323676446518888	0.2139288714704846	0.2744791851463027	0.43841199093234323	177.73411849429488	-994.1160381440143	3.6488053013578384E-4	0.6907373722370562	3.1369501592599204E-4	9.08856742991108E-8	0.8281739890948905
85800000	-9689.552738229904	-8714.430597414692	-975.122140815212	-8550.940129434508	175.9543381095341	1583.7928673406661	0.07193502195722902	0.8075655393701381	0.03954086670861089	0.7111888498555805	0.25724574917298965	0.15698976851856822	4.277861169800907	0.6875945491657522	5.127888210419332	0.39760203793766635	0.7589283911157845	0.8075655393701381	0.03954086670861089	0.7111888498555805	0.25724574917298965	0.15698976851856822	4.277861169800907	0.6875945491657522	5.127888210419332	0.39760203793766635	0.7589283911157845	6.759726288373824	0.292747176874089	0.2139750774198922	0.2187845850109262	0.27449316069509244	0.44887764190755297	138.13809268229667	-959.4197284891935	3.998779564427153E-4	0.7885762549627078	3.1546382018566687E-4	9.526841152794419E-8	0.8163327965783039
85900000	-9614.704112861395	-8674.246787957321	-940.4573249040734	-8510.242091446404	98.81055843204072	1212.5839766352271	0.0684620775308342	0.6272258396662882	0.04534780272603784	2.1053178854734633	1.1334673807993523	1.6927685938067534	0.6559764540776369	0.016287998439660497	4.283518711685117	0.09068649983472091	0.5482886934102973	0.6272258396662882	0.04534780272603784	2.1053178854734633	1.1334673807993523	1.6927685938067534	0.6559764540776369	0.016287998439660497	4.283518711685117	0.09068649983472091	0.5482886934102973	6.567043337257033	0.2992237320742252	0.21752633224066142	0.20353775538009397	0.27971218030501915	0.3911611066415914	108.80442976798544	-926.2325801673488	5.467995716752249E-4	0.9321857590664059	4.3973935470470644E-4	3.2180774785428336E-7	0.9964308262007532
86000000	-9652.32290822024	-8696.945556533336	-955.3773516869041	-8529.968586833398	88.26298301589384	1202.2607477504916	0.1624175770306143	0.4737145220267338	0.06218247379526142	0.03170043574414138	2.4663576113849555	1.2856792879450127	1.7210583435582645	0.3352131011736822	2.3572625281324795	0.06816277626245114	0.6432650080312118	0.4737145220267338	0.06218247379526142	0.03170043574414138	2.4663576113849555	1.2856792879450127	1.7210583435582645	0.3352131011736822	2.3572625281324795	0.06816277626245114	0.6432650080312118	6.83480785075357	0.28447510845980034	0.20947173484651274	0.22986211838314685	0.27619103831053976	0.4705389141681044	138.36165392439804	-943.6904846507956	5.628332573029667E-4	0.8662830938896313	4.456224976451711E-4	2.3152491474524768E-7	0.9142424910265098
86100000	-9658.718541950686	-8676.474278523758	-982.2442634269275	-8519.186327707303	117.16874620050442	1478.9132540076978	0.059454249244400674	0.40654602027764647	0.11481787502195465	0.5776238096833899	0.31540844353209163	1.0790726638918324	1.086633052499524	0.11324611730120689	4.608526823905061	1.6758293083401428	0.53141423020554	0.40654602027764647	0.11481787502195465	0.5776238096833899	0.31540844353209163	1.0790726638918324	1.086633052499524	0.11324611730120689	4.608526823905061	1.6758293083401428	0.53141423020554	6.217554516536312	0.29597293390355917	0.19785935488619252	0.20978964689906934	0.2963780643111787	0.5097746432183043	132.06439835279193	-968.7143318281035	4.499217268904723E-4	0.8460340948382321	3.6163216689324756E-4	1.6742428031178832E-7	0.9237019631786902
86200000	-9637.028099773212	-8697.569161498472	-939.4589382747403	-8528.701120373871	182.57417026254438	1363.9146162974469	0.10295413068734496	0.11515370485155942	0.4285402661250673	1.2757744580418497	0.013619272726286862	2.134649380888825	1.931359666870609	3.6165135966434385	3.3807141376712155	0.14824172562153215	0.2912604029039205	0.11515370485155942	0.4285402661250673	1.2757744580418497	0.013619272726286862	2.134649380888825	1.931359666870609	3.6165135966434385	3.3807141376712155	0.14824172562153215	0.2912604029039205	6.9443498258953715	0.2952373449063388	0.2060427244337414	0.2131026477482788	0.28561728291164074	0.5390351649053498	103.16604627709796	-924.0438853818454	5.300485324805787E-4	0.7442916723023794	3.590436659748678E-4	2.5013646979493327E-7	0.9761582385079208
86300000	-9720.170766246994	-8691.65665726482	-1028.5141089821739	-8520.511591347775	144.15333283554045	1736.6818719254097	0.04931295198979147	1.2290642388856141	0.011653860729441029	1.0124107907722981	0.4209189583414586	1.511837667676717	0.7802451016365543	0.4847651299373483	4.232876800522719	0.5610071462691061	0.8170144688916161	1.2290642388856141	0.011653860729441029	1.0124107907722981	0.4209189583414586	1.511837667676717	0.7802451016365543	0.4847651299373483	4.232876800522719	0.5610071462691061	0.8170144688916161	6.620685253548971	0.30248884968616857	0.20592508736572318	0.213220284816297	0.27836577813181096	0.5295195140072698	185.34623350704916	-1013.9779823170053	4.3271266180611243E-4	0.7830817877321185	3.292798097857315E-4	9.351100827739837E-8	0.7688922755678846
86400000	-9624.052410470687	-8698.709919693983	-925.3424907767036	-8536.960436734753	72.33679565688394	977.7588725104354	0.08003928519400764	0.07220223152028757	0.06964060967759952	0.27951594847410693	0.6468195998629163	0.6280892336054068	0.9939684994624913	0.7169925420038563	3.127884730368423	0.010166202604839724	2.4649141111689206	0.07220223152028757	0.06964060967759952	0.27951594847410693	0.6468195998629163	0.6280892336054068	0.9939684994624913	0.7169925420038563	3.127884730368423	0.010166202604839724	2.4649141111689206	6.7507432937071385	0.2950745282627729	0.21010972584853715	0.20183176841251113	0.29298397747617855	0.5760153851160327	103.56670989460173	-913.1761239216668	6.661355706383238E-4	0.8902627239054425	5.691610443136764E-4	4.004308665363792E-7	0.9533764873481316
86500000	-9594.10445011278	-8680.239632148496	-913.864817964285	-8518.931331854681	88.36096187806373	1055.1895453553768	0.15501808577429813	0.5846750090960547	0.05171928094108351	0.18252045888914553	0.004845018060382349	0.577212022858323	0.8187125337366445	1.0676770337122152	3.0479264182605066	0.05100289570643086	0.3576624410048147	0.5846750090960547	0.05171928094108351	0.18252045888914553	0.004845018060382349	0.577212022858323	0.8187125337366445	1.0676770337122152	3.0479264182605066	0.05100289570643086	0.3576624410048147	6.769605244801434	0.30834791332142236	0.20558132128802578	0.19803978890014567	0.28803097649040593	0.45929600407342486	100.82842101868113	-904.6603111745258	7.232254517166423E-4	0.882352252674167	5.859449919863964E-4	3.9978591195369975E-7	0.8913029228712999
86600000	-9630.319625514596	-8711.822925920105	-918.4966995944915	-8537.83763698794	90.68348160923055	1035.7604543416403	0.1111477327516068	0.9091375345235682	0.13273043814582622	2.852997017945271	0.10843497747671524	1.2655499002768993	0.4785403357154707	0.8580084042562779	5.866580963880996	0.2940370507146541	0.8291940303001955	0.9091375345235682	0.13273043814582622	2.852997017945271	0.10843497747671524	1.2655499002768993	0.4785403357154707	0.8580084042562779	5.866580963880996	0.2940370507146541	0.8291940303001955	6.013583567155713	0.31078908916827436	0.22095868078167832	0.21587885781942992	0.25237337223061707	0.42361303828609354	100.0110016973864	-903.0096606593256	5.24380766799258E-4	0.8406619522855133	5.361344024187281E-4	2.717044697692173E-7	0.9313331674198042
86700000	-9647.940566897647	-8703.13556434374	-944.8050025539064	-8532.78132362451	156.94267060745563	1290.8244423649753	0.05956762727830105	0.4819570606357418	0.6754341697317798	0.035488926772636945	0.3607538564196286	0.5294280753849218	2.6839960730758294	0.3196086824773107	6.128436942441632	0.3458571532670388	1.582503076529938	0.4819570606357418	0.6754341697317798	0.035488926772636945	0.3607538564196286	0.5294280753849218	2.6839960730758294	0.3196086824773107	6.128436942441632	0.3458571532670388	1.582503076529938	5.265878282055812	0.305198705851807	0.20260830690169226	0.22169328069153973	0.27049970655496064	0.49226634868289143	114.68261217945874	-929.300385494667	5.137700879410056E-4	0.7400760959838787	4.305944360605475E-4	2.1117316184593557E-7	0.8659535387551701
86800000	-9651.944824298758	-8691.212419891304	-960.7324044074545	-8521.979410356642	118.71966757504397	1373.1520078459703	0.08419335266191198	0.24079735813448006	0.3461781331648845	0.8401091764771751	2.585832299065668	0.23804304928954567	2.2670101288216844	0.1505474860640909	4.231428463458575	0.3136176479978278	0.2120361429918667	0.24079735813448006	0.3461781331648845	0.8401091764771751	2.585832299065668	0.23804304928954567	2.2670101288216844	0.1505474860640909	4.231428463458575	0.3136176479978278	0.2120361429918667	6.786831489473621	0.2965951856608551	0.20260830690169226	0.2241726422465093	0.27662386519094295	0.5176033277820896	142.68643980108263	-946.6027047997462	5.081658128084116E-4	0.8042088594081925	4.089975469574455E-4	1.8422049075613323E-7	0.8617446265642518
86900000	-9701.24301498464	-8706.958396828453	-994.2846181561869	-8541.292777985755	122.76899317532789	1597.1595767338595	0.06558516128211347	0.0935038996228674	0.3672806242644635	0.7691471988884593	0.21923890032692045	0.7664781573298267	4.086428560813189	0.5415213504853843	6.370322940362564	1.4549194803348229	0.14015566844694102	0.0935038996228674	0.3672806242644635	0.7691471988884593	0.21923890032692045	0.7664781573298267	4.086428560813189	0.5415213504853843	6.370322940362564	1.4549194803348229	0.14015566844694102	6.043933815425326	0.32397098152180065	0.19819632361578798	0.2029042095698112	0.27492848529259983	0.4749928840984098	172.39162804591172	-976.8896540396096	4.063708307094887E-4	0.7097322518354886	3.1160927029460654E-4	1.3256318458197754E-7	0.9093892288085391
87000000	-9674.299593510714	-8688.94000952673	-985.3595839839835	-8521.95998432304	152.93542318067858	1725.3188298184944	0.07633200233087518	0.20322004044574993	0.005560089944953547	0.35904880251992577	0.6727281499714998	0.4927513617602326	0.6368066844814636	0.14992429991245876	3.303352087238945	0.09265902091021291	0.6123563178357687	0.20322004044574993	0.005560089944953547	0.35904880251992577	0.6727281499714998	0.4927513617602326	0.6368066844814636	0.14992429991245876	3.303352087238945	0.09265902091021291	0.6123563178357687	6.015817817982498	0.301415899991076	0.1919213403117916	0.21178940051312886	0.29487335918400326	0.45456722701639773	160.00178427133335	-975.754580441913	4.7148601082609774E-4	0.9223063402893451	3.4301515797768476E-4	1.9503842930579266E-7	0.9407603267080661
87100000	-9665.261526984199	-8698.921148135092	-966.3403788491071	-8535.837577251428	83.95149737585334	1314.224920486566	0.06011204902960019	0.09588117463231732	0.12532850529977238	0.4361930493045089	1.0490217363114764	1.6812065013362474	0.368234540050972	0.7131945757255175	3.512090690976546	0.2956849002419173	0.865377615285091	0.09588117463231732	0.12532850529977238	0.4361930493045089	1.0490217363114764	1.6812065013362474	0.368234540050972	0.7131945757255175	3.512090690976546	0.2956849002419173	0.865377615285091	6.699836431388721	0.31051937273303465	0.19010637588263138	0.21984896592269182	0.27952528546164185	0.5009577396219391	141.0506357794216	-954.081784795303	4.944434242431378E-4	0.7922719320091762	4.4114354124591236E-4	2.1105819656960536E-7	0.9124308879517034
87200000	-9644.609636842513	-8674.546908484528	-970.0627283579851	-8511.540746853716	126.11217038910956	1398.6853853509376	0.09115481227079211	1.22949905317659	0.0875805727285111	1.5679735487983635	1.25290136319484	1.3139858169427938	1.6391615246588949	1.0941980757449077	5.454484947742702	0.9923142553545689	1.1967448457041874	1.22949905317659	0.0875805727285111	1.5679735487983635	1.25290136319484	1.3139858169427938	1.6391615246588949	1.0941980757449077	5.454484947742702	0.9923142553545689	1.1967448457041874	6.374438117390242	0.30054517143070736	0.21185352722343376	0.2096817171425986	0.2779195842032601	0.5744127894065659	137.0614160997459	-950.9627576478564	5.93239107589658E-4	0.9783194724567984	4.227449119806611E-4	3.536947685413525E-7	1.0565964677241586
87300000	-9577.410067938337	-8668.30848228103	-909.1015856573065	-8492.837765136319	73.9587248375346	967.9326053640613	0.0780382395660311	0.04819551306277404	0.18135686624981592	1.4560231479776649	1.7114023412355193	1.434133708043134	3.813665184705142	0.4571458926959422	2.668441002594884	0.8734855429740923	0.08722430963964121	0.04819551306277404	0.18135686624981592	1.4560231479776649	1.7114023412355193	1.434133708043134	3.813665184705142	0.4571458926959422	2.668441002594884	0.8734855429740923	0.08722430963964121	7.132610131797039	0.2995739013062176	0.21185352722343376	0.2096817171425986	0.27889085432774985	0.5294247350956333	99.97396941594786	-892.8571636329573	7.148090688829574E-4	0.9723406025350138	5.551046715704407E-4	4.682882623449865E-7	1.0545967345665508
87400000	-9638.89802485157	-8671.248295051433	-967.6497298001376	-8508.301341201692	105.91233875548146	1214.5582723483499	0.07389614370162158	0.10476744274072111	0.08847665439193983	0.2199300734615089	2.1343733737386947	1.1979384337100867	0.7639520499808139	0.06908809289848787	3.990438329899056	0.581032924870875	0.5744903463956268	0.10476744274072111	0.08847665439193983	0.2199300734615089	2.1343733737386947	1.1979384337100867	0.7639520499808139	0.06908809289848787	3.990438329899056	0.581032924870875	0.5744903463956268	6.4726488001493045	0.2956795942836549	0.19666701801750666	0.22184155420396456	0.2858118334948736	0.39459944356862675	148.6438817153397	-954.4595914712678	6.174835327777936E-4	0.9584475132953076	4.77099792710813E-4	4.900375271203463E-7	1.2071764131863014
87500000	-9664.638687594477	-8700.57531337174	-964.0633742227358	-8537.562195540875	116.883880928899	1427.299162984989	0.08406970442717783	0.32029443086008424	0.1475905949173896	0.172424388337845	0.09567719034992261	0.9907327229664804	0.22758810347751343	0.029748130680292195	2.0680851250144507	0.04750802046989835	0.463085603890787	0.32029443086008424	0.1475905949173896	0.172424388337845	0.09567719034992261	0.9907327229664804	0.22758810347751343	0.029748130680292195	2.0680851250144507	0.04750802046989835	0.463085603890787	7.388155356339711	0.2903445175482693	0.21083518957985947	0.20400331656510787	0.2948169763067631	0.4650430582375836	147.02330133771656	-956.8014258834603	4.8292758395790814E-4	0.7724630343319306	3.637563872808434E-4	2.000174707622682E-7	1.0190354093294876
87600000	-9717.36306905517	-8684.369618012623	-1032.9934510425487	-8520.644584294105	127.1475087990239	1764.26137289056	0.07479842454073772	2.1700253328045567	0.05605474399828425	1.4406073930996959	1.2064226964181823	1.1366805006655272	3.4731805076187334	2.442306103100113	5.340245388113933	0.5663510361488168	1.7263472910079805	2.1700253328045567	0.05605474399828425	1.4406073930996959	1.2064226964181823	1.1366805006655272	3.4731805076187334	2.442306103100113	5.340245388113933	0.5663510361488168	1.7263472910079805	5.549216071555628	0.3030014946383114	0.19571534292982604	0.2159838096454126	0.2852993527864497	0.5829990157771837	179.79279074731193	-1011.1978168940831	3.599387311633405E-4	0.6991490521944489	2.8131369758808083E-4	1.5319472423710786E-7	1.1013626948166093
87700000	-9689.427719923016	-8696.309020981864	-993.1186989411524	-8528.337426662301	127.04228871115836	1615.6610707828686	0.11444371516764208	0.07874229699641101	0.19149159557240222	0.1724977776887933	2.2589193428887264	0.02401031977780246	1.5184418990394974	0.11056092414723029	4.542889734889491	0.41139944647821564	1.5068456908591779	0.07874229699641101	0.19149159557240222	0.1724977776887933	2.2589193428887264	0.02401031977780246	1.5184418990394974	0.11056092414723029	4.542889734889491	0.41139944647821564	1.5068456908591779	6.955521410232455	0.28657568672775385	0.213248791086131	0.20825017023239142	0.29192535195372343	0.3910291003715174	167.82393759064715	-980.195805319983	4.362193297765351E-4	0.7492075374618202	3.104384694595954E-4	1.198119945279776E-7	0.8808298603474229
87800000	-9661.956001985258	-8667.91113800993	-994.0448639753288	-8497.652483271208	107.88137547313727	1455.8893491791496	0.07451821200030694	0.023896361446804293	0.14893872785839865	1.485062836089866	0.15030137908671629	0.9715361929379368	0.9945832807745152	0.5440234827416598	2.284879636772069	0.717447818128339	0.012251138850207448	0.023896361446804293	0.14893872785839865	1.485062836089866	0.15030137908671629	0.9715361929379368	0.9945832807745152	0.5440234827416598	2.284879636772069	0.717447818128339	0.012251138850207448	6.447371167051941	0.29618427691064403	0.19941087351162715	0.21365885027451756	0.290745999303211	0.5334934441622996	154.142030695061	-983.9369421292602	4.7364316520924634E-4	0.7834419518143143	3.9125935699558574E-4	1.7125358293285713E-7	0.8614156989656548
87900000	-9619.559640974247	-8649.567472296303	-969.9921686779428	-8481.984938238136	144.67274077948605	1480.0368431920342	0.07653073406109118	0.33316809509850837	0.3013319270260777	0.051868915253324294	0.5849293746951485	0.43596842775755595	3.842471742536655	0.22443494549785922	3.8093309923622876	0.35272360224576793	0.1710779170031999	0.33316809509850837	0.3013319270260777	0.051868915253324294	0.5849293746951485	0.43596842775755595	3.842471742536655	0.22443494549785922	3.8093309923622876	0.35272360224576793	0.1710779170031999	5.742537384495528	0.28885844375393266	0.21109684957587702	0.21875697433708166	0.28128773233310833	0.4794828131297181	142.20505552415165	-956.9380349274744	5.164804224395942E-4	0.9385559875220519	3.6590774670972146E-4	4.0993384014984074E-7	1.1471393476115597
88000000	-9625.973691550234	-8678.751294649328	-947.2223969009068	-8505.657178227373	116.92703529555001	1286.2944215768543	0.09921940150281869	0.8515930246018716	0.147705115818342	0.14231510845909537	0.178645847372065	0.9080348853320863	0.6731164620818482	0.0013963796142418003	3.7694910714656467	0.5595370880722244	0.47026690168497604	0.8515930246018716	0.147705115818342	0.14231510845909537	0.178645847372065	0.9080348853320863	0.6731164620818482	0.0013963796142418003	3.7694910714656467	0.5595370880722244	0.47026690168497604	5.658814833843162	0.3019647121691135	0.21109684957587702	0.20623438120234072	0.28070405705266843	0.5147260160662311	134.38918608809112	-936.9858657969867	6.09964859439077E-4	0.8398533301664305	3.831598868280524E-4	2.8929642428020795E-7	0.9953782665330879
88100000	-9653.998865844223	-8672.044575738908	-981.9542901053162	-8507.72956932432	100.25492237873979	1462.4158493678603	0.08581579480507752	0.16707696367334873	0.019218943346517928	0.5627673384886156	0.1063055648434081	0.22279540653606986	0.9166657357914173	0.1389152524137592	3.4857940482094474	0.11350552267567021	0.15563199182242632	0.16707696367334873	0.019218943346517928	0.5627673384886156	0.1063055648434081	0.22279540653606986	0.9166657357914173	0.1389152524137592	3.4857940482094474	0.11350552267567021	0.15563199182242632	5.983127347875828	0.3051411044049792	0.20721660673161724	0.19928237496921222	0.288359913894191	0.5349254294699824	147.54075595551083	-973.6977808548838	4.5344220544137726E-4	0.7654899285264742	3.880634229745672E-4	2.1801514376648477E-7	1.0732121067931721
88200000	-9671.010259500334	-8666.551615662147	-1004.458643838186	-8494.988714558112	90.84513282732702	1471.2479245628806	0.0795112085042879	0.7357520038709217	0.09330328664981792	0.13392441007981576	0.22924794362415618	0.8798662333432674	1.796263597111394	1.651332958088813	3.8395304893007123	0.31736965340343937	0.04686696097873056	0.7357520038709217	0.09330328664981792	0.13392441007981576	0.22924794362415618	0.8798662333432674	1.796263597111394	1.651332958088813	3.8395304893007123	0.31736965340343937	0.04686696097873056	6.758365322411436	0.29111484379310465	0.22544215493824935	0.2133086355810868	0.2701343656875589	0.43359607622643803	170.03787944912904	-992.6720106330921	3.851652551068227E-4	0.6560721736662366	3.6121563349877586E-4	1.7610815226278353E-7	1.0735323047273813
88300000	-9634.864637971454	-8699.746006536572	-935.1186314348814	-8525.160936577588	93.10704394071837	1093.7608314835297	0.1627256314208201	0.6687566052079844	0.27212009206406457	0.29231493750967863	0.9539822295118858	0.7359347855900593	1.3928663817204756	0.8435537208533118	3.9324549718833066	0.3199729942702036	0.16857414857726688	0.6687566052079844	0.27212009206406457	0.29231493750967863	0.9539822295118858	0.7359347855900593	1.3928663817204756	0.8435537208533118	3.9324549718833066	0.3199729942702036	0.16857414857726688	6.5227280013683595	0.2849144127965648	0.21758783077218163	0.2135683694600081	0.2839293869712451	0.6392603910596257	112.86249594543116	-923.7372241556409	5.781488950424374E-4	0.7461349992542111	5.071224603114811E-4	3.9859415614974453E-7	1.0728541613059173
88400000	-9740.706523383193	-8702.533543819445	-1038.1729795637473	-8533.977857059028	137.42478654410226	1768.9389369440073	0.03801664589003791	1.423813118014256	1.1850524519056784	1.348127719990349	0.1656012385222431	2.1274299418553824	0.7990378700313732	0.3357849692368375	5.652247773692325	0.8773734161636182	0.15051006009338583	1.423813118014256	1.1850524519056784	1.348127719990349	0.1656012385222431	2.1274299418553824	0.7990378700313732	0.3357849692368375	5.652247773692325	0.8773734161636182	0.15051006009338583	6.070768274436791	0.2931959360302291	0.2114617664822625	0.22232524404346063	0.2730170534440475	0.5520043887092527	199.41642940781205	-1020.6632367114912	3.698143284046974E-4	0.7120827245489488	3.2977544917396466E-4	9.299201499646876E-8	0.8291034461902788
88500000	-9644.058017923397	-8683.036439795895	-961.0215781275018	-8511.318781548129	87.93098463031318	1261.8778376471123	0.08673148256794208	0.030444739285322577	0.44256579078314945	1.7003532424058319	0.34949019246943763	0.5914998489228653	2.8993568141329735	0.17723608745573896	4.786719773379032	0.5056867777619882	0.7350078756311181	0.030444739285322577	0.44256579078314945	1.7003532424058319	0.34949019246943763	0.5914998489228653	2.8993568141329735	0.17723608745573896	4.786719773379032	0.5056867777619882	0.7350078756311181	6.828718910799382	0.30537484941415133	0.20374401921996332	0.19609044263726114	0.2947906887286239	0.5096158167069097	126.52628069492303	-945.8080510316689	5.907792337936091E-4	0.8545173223386225	4.583935671141935E-4	1.9492996722191922E-7	0.7899566242827444
88600000	-9617.993429423403	-8669.775916411041	-948.2175130123608	-8509.630397571747	95.3979639682824	1283.3433076108245	0.11102874706849512	0.2133039752625619	0.028438086715408657	0.0344188684017079	3.1551802336243484	0.3119068191407037	0.8835481504467027	0.37661577808090974	2.304106353922535	0.8091156230911305	0.020307075484689	0.2133039752625619	0.028438086715408657	0.0344188684017079	3.1551802336243484	0.3119068191407037	0.8835481504467027	0.37661577808090974	2.304106353922535	0.8091156230911305	0.020307075484689	6.311414529131433	0.29334103213402085	0.22351626958898574	0.20577900477863853	0.27736369349835455	0.5004254747629088	117.24554988932472	-937.450288246964	6.707870475875662E-4	0.877345519075776	4.733577589340765E-4	3.3757054555013735E-7	0.8913716044845645
88700000	-9719.512879246628	-8684.519096699056	-1034.993782547571	-8515.388521316918	169.47574970321463	2007.6244124258064	0.05369320616362339	1.017871419876376	0.6244786172903437	0.12057665111865332	0.20368801593259864	0.5280548687541833	1.6912640430707042	0.33049319361059853	5.618358285883483	0.22743244204051746	0.4596871412871682	1.017871419876376	0.6244786172903437	0.12057665111865332	0.20368801593259864	0.5280548687541833	1.6912640430707042	0.33049319361059853	5.618358285883483	0.22743244204051746	0.4596871412871682	5.728931056906742	0.3079821575599054	0.18649951865981282	0.22815463028192692	0.27736369349835455	0.5648677061885109	197.22629957164278	-1021.2088926303719	3.300192477283258E-4	0.7562451543864878	2.963688975878531E-4	8.774771717891243E-8	0.796693874467962
88800000	-9652.372591867055	-8697.821653925686	-954.550937941369	-8526.678392230118	112.05332202829226	1337.2641998348051	0.11844183579824744	0.08488629447008346	0.4341146918383308	0.019508307072510663	1.7377098089309178	0.4143919569069571	1.50941729387297	0.34553121472364073	2.9541236519348235	0.2526227952793456	0.11968481447757451	0.08488629447008346	0.4341146918383308	0.019508307072510663	1.7377098089309178	0.4143919569069571	1.50941729387297	0.34553121472364073	2.9541236519348235	0.2526227952793456	0.11968481447757451	6.360665428936422	0.2926149196399645	0.20195554869241794	0.21754874197252083	0.2878807896950964	0.4773216380527593	132.29143647310906	-944.4695371904952	5.430955266494103E-4	0.8061473521724963	4.369238633171781E-4	2.423739815250594E-7	0.9317743508641888
88900000	-9673.471564235055	-8691.786639537237	-981.6849246978181	-8529.065819669455	138.6714050149195	1446.0656143157012	0.08194939240033762	0.529855757604713	0.28045255451492723	1.0550613147232708	2.576360096751502	1.9117264663400637	0.2189731862579995	0.5102284629851911	5.387504998707974	0.03921117282723229	1.5178377637987153	0.529855757604713	0.28045255451492723	1.0550613147232708	2.576360096751502	1.9117264663400637	0.2189731862579995	0.5102284629851911	5.387504998707974	0.03921117282723229	1.5178377637987153	6.418499709594199	0.2870416614016593	0.21938866103672958	0.21754874197252083	0.2760209355890899	0.45831861048582334	150.91091943908864	-965.6129383552905	4.426337440239751E-4	0.6766964631560124	3.807368613818062E-4	1.4150225560156443E-7	0.8530368850964978
89000000	-9617.872763684816	-8716.08250038601	-901.790263298806	-8548.139299087636	86.62584445000442	943.84179405408	0.09073150603612988	0.14028251768041083	0.3345464249519595	0.3869647073409141	0.4023444653292052	0.6705522909353391	0.5221993606317088	0.6871527401011829	2.9338102271571733	0.2024693750847049	0.09796061501312527	0.14028251768041083	0.3345464249519595	0.3869647073409141	0.4023444653292052	0.6705522909353391	0.5221993606317088	0.6871527401011829	2.9338102271571733	0.2024693750847049	0.09796061501312527	6.781100817419871	0.3066714406763181	0.2076109492805684	0.21739825455658052	0.2683193554865327	0.5381575429380787	92.35199592849158	-892.9478000101002	6.907378869020707E-4	0.7623704078736444	5.913745789964537E-4	3.8231281622867903E-7	0.8722454523964804
89100000	-9599.743959602221	-8685.6256498209	-914.1183097813205	-8522.473863388344	97.67400301391207	1104.3954501701485	0.13243157101050226	0.11909779219065043	0.1223296844536382	0.13960422630859412	1.787285967511484	0.30729789347852504	1.6638059522462354	0.5745878363105567	3.5322999976012377	0.15533523756598258	0.2560044556705489	0.11909779219065043	0.1223296844536382	0.13960422630859412	1.787285967511484	0.30729789347852504	1.6638059522462354	0.5745878363105567	3.5322999976012377	0.15533523756598258	0.2560044556705489	7.143833792887998	0.29113784279757954	0.20159713393621867	0.2081126629756259	0.2991523602905757	0.5123452007922153	94.19090722628161	-903.1481153450648	5.42135463962454E-4	0.8999209776548462	5.187781662240934E-4	4.4644569763740244E-7	1.0954485380056478
89200000	-9662.85357926283	-8662.803567772773	-1000.0500114900575	-8504.319850574859	133.3260488908519	1674.403933845271	0.10246773725636162	0.07174702425972351	0.17383009094440455	0.09543780642640862	2.082343617574893	0.6796312839540557	1.5121683927083602	0.13449256781496693	2.205664603825559	0.17896675390978367	0.23158497050707813	0.07174702425972351	0.17383009094440455	0.09543780642640862	2.082343617574893	0.6796312839540557	1.5121683927083602	0.13449256781496693	2.205664603825559	0.17896675390978367	0.23158497050707813	6.647543952131708	0.2975022702688355	0.20767574777862752	0.20503279987832507	0.2897891820742116	0.514245255910613	181.89625014723646	-989.9438432175643	4.4160524867992065E-4	0.8544339964825128	3.1737985346586266E-4	2.7914806787098506E-7	1.1759073487319187
89300000	-9674.41122361881	-8708.404932806048	-966.0062908127614	-8540.64195915895	89.754615946484	1272.8912949843102	0.12100053695499138	0.3420901692345039	0.018981960410513296	0.3440993495702891	0.7324802004319737	0.7382736881144942	1.0984218679232844	0.36248603679088454	0.8888659785930139	0.10994753257701982	0.3897557256647682	0.3420901692345039	0.018981960410513296	0.3440993495702891	0.7324802004319737	0.7382736881144942	1.0984218679232844	0.36248603679088454	0.8888659785930139	0.10994753257701982	0.3897557256647682	6.617921637229823	0.30233714389121213	0.20255442145179825	0.2146771871783735	0.28043124747861586	0.6078989805180307	153.28201348034747	-958.7307862905681	5.202140375132501E-4	0.7318261389522067	4.514354937810266E-4	3.310229047782342E-7	1.048120192523364
89400000	-9694.99101214621	-8695.434619947022	-999.5563921991886	-8520.78799084646	171.32696151805652	1778.346860642122	0.056919149552945025	0.45383859376520824	0.08845557317801492	0.8269701402271172	1.8510273412363507	0.39707849123688566	2.3504600841209653	0.028440143104501346	2.318222437395095	0.18181162259128708	0.5640449473565788	0.45383859376520824	0.08845557317801492	0.8269701402271172	1.8510273412363507	0.39707849123688566	2.3504600841209653	0.028440143104501346	2.318222437395095	0.18181162259128708	0.5640449473565788	6.102119678146006	0.3201704754380097	0.20016109385415673	0.20754420415639285	0.27212422655144053	0.48521318478564013	181.1896474258174	-987.1610914227767	4.120286078689883E-4	0.8628247699865664	3.266855407084233E-4	1.425688415139777E-7	0.9154774132268743
89500000	-9696.898028105164	-8660.96468580888	-1035.9333422962839	-8480.593450850884	127.51487594418792	1856.895741561004	0.08261995134932226	1.4841553173256758	0.5095393861122105	0.47188224546996344	0.551993481600182	0.02490916321651099	1.171685414041219	0.046440125857006506	3.022444043955341	0.3908447537624243	1.0910553865301085	1.4841553173256758	0.5095393861122105	0.47188224546996344	0.551993481600182	0.02490916321651099	1.171685414041219	0.046440125857006506	3.022444043955341	0.3908447537624243	1.0910553865301085	6.175085710735305	0.2867025384661964	0.22003483061132892	0.2051969556070933	0.28806567531538113	0.5522910856861805	190.76371355658765	-1024.2218769253732	3.486691891655355E-4	0.9287971929246818	2.9334551402827755E-4	9.852054885660379E-8	0.9230435208785984
89600000	-9670.059573390268	-8667.98000490145	-1002.0795684888172	-8503.961570009824	107.13583237685842	1551.9872420284187	0.06574093967785477	0.4004322379090902	0.0449049361745643	0.8367801417871281	0.029804997310218278	1.3289500913405963	0.344358478145053	0.05394518817466614	2.949594558992011	0.34290486462161457	0.1741099947060089	0.4004322379090902	0.0449049361745643	0.8367801417871281	0.029804997310218278	1.3289500913405963	0.344358478145053	0.05394518817466614	2.949594558992011	0.34290486462161457	0.1741099947060089	6.155270679238861	0.313860626720121	0.20204440224458156	0.21111235934200231	0.27298261169329496	0.4861982600097088	188.0197452176763	-992.9895522893797	3.6485517170548927E-4	0.7178456643165523	3.362357156074312E-4	1.1732549213769747E-7	0.9470226612181931
89700000	-9622.817824658683	-8695.029802457435	-927.7880222012473	-8527.826840274354	96.18891588128477	1108.6358228295067	0.08419810609815091	0.04448910273650441	0.23572619977123657	0.20822212759872855	0.7815887163913516	0.6202336126886677	0.9719211178176327	0.21474586976755466	3.8166365189630804	0.3128914975705432	0.3470187348176827	0.04448910273650441	0.23572619977123657	0.20822212759872855	0.7815887163913516	0.6202336126886677	0.9719211178176327	0.21474586976755466	3.8166365189630804	0.3128914975705432	0.3470187348176827	7.411644679435867	0.2887251710783853	0.219582451564201	0.2001807497626319	0.29151162759478166	0.5350904203930431	115.62695603857772	-917.1363784131839	6.144920236276968E-4	0.8651103288521764	5.142382383467333E-4	3.8242348949609773E-7	1.0343599922558269
89800000	-9659.232603554632	-8692.489368983988	-966.7432345706433	-8524.295163218729	117.29957280601349	1368.546417370828	0.07130711316854024	0.30995212136359	0.20980862043937848	0.5602252428834127	0.004893429367806356	1.2895947464337965	0.6275911647165635	0.46394716488141685	2.436085770660667	0.13705977172412662	0.5641854898288322	0.30995212136359	0.20980862043937848	0.5602252428834127	0.004893429367806356	1.2895947464337965	0.6275911647165635	0.46394716488141685	2.436085770660667	0.13705977172412662	0.5641854898288322	6.852991257381434	0.31430973732923	0.21360161480615014	0.1971741398592391	0.2749145080053806	0.6333416373070471	151.48975074531216	-957.8445167247395	4.1155291859749715E-4	0.5999392186973773	3.878986890250922E-4	8.077522971888147E-8	0.6808619040933136
89900000	-9651.53886829077	-8688.294899932433	-963.243968358338	-8513.221811026751	96.21747578774301	1337.8122292272978	0.08376000906095737	0.9958131397940208	0.16179060224239109	0.12544431698697991	0.7405406406461941	0.3134004591301599	1.0255935976918862	0.09398259672197955	2.1446268577844214	0.21603000423322255	0.1912667123906291	0.9958131397940208	0.16179060224239109	0.12544431698697991	0.7405406406461941	0.3134004591301599	1.0255935976918862	0.09398259672197955	2.1446268577844214	0.21603000423322255	0.1912667123906291	6.22555861785908	0.28347113904706844	0.21398153459945335	0.21115960934631464	0.2913877170071634	0.5027131682541606	141.2927290112496	-955.2082434518082	4.6317758016803487E-4	0.674632681164096	4.189769300676586E-4	1.223443719611628E-7	0.7428566266473885
90000000	-9642.464018595909	-8672.62110742064	-969.8429111752687	-8500.29334538256	150.03906987990692	1468.5664864647522	0.12618100827440282	0.1376331897517921	0.22383177002809232	0.3845303400486915	1.5347060237233359	0.6398387786266758	0.5907295795017571	0.046288222758002755	2.323119943555375	0.004699544977657317	1.1623284601479713	0.1376331897517921	0.22383177002809232	0.3845303400486915	1.5347060237233359	0.6398387786266758	0.5907295795017571	0.046288222758002755	2.323119943555375	0.004699544977657317	1.1623284601479713	5.809978986433772	0.29720781125784973	0.20777194847725036	0.20884077381518648	0.2861794664497133	0.5412137149703986	157.3918878275482	-960.8846361356698	4.895931765449069E-4	0.7352343631339587	3.777030443922308E-4	2.0270626535396083E-7	0.9116769790659826
90100000	-9653.719641661886	-8687.722939015019	-965.9967026468674	-8521.269857499019	141.30923085564703	1392.948657153737	0.08823256050936194	0.0768218676169502	0.20847361326080885	0.6946737807373682	0.637310566494164	0.9258765038163648	0.9364350882677976	0.5571171314108915	3.726429021586366	0.2739162859263507	0.48388483912165164	0.0768218676169502	0.20847361326080885	0.6946737807373682	0.637310566494164	0.9258765038163648	0.9364350882677976	0.5571171314108915	3.726429021586366	0.2739162859263507	0.48388483912165164	6.599503584624667	0.2876695036144338	0.2080697940848149	0.21409520338047494	0.2901654989202762	0.573622279730718	133.8415464848582	-954.9433083570282	4.782975306127263E-4	0.8030791819658697	4.127383219576055E-4	1.7204205038955055E-7	0.8484332000706959
90200000	-9670.876916530331	-8690.795103569693	-980.0818129606374	-8517.815476430624	111.18217752204873	1459.3373372193628	0.09599369408881037	0.4134132061887393	0.11693998301037505	0.35663507572786585	0.2908651485116766	0.5171107874541551	2.4159148370379335	1.6061304092733089	4.882077206603805	0.2842289836368179	0.3697298441452062	0.4134132061887393	0.11693998301037505	0.35663507572786585	0.2908651485116766	0.5171107874541551	2.4159148370379335	1.6061304092733089	4.882077206603805	0.2842289836368179	0.3697298441452062	6.561732627412475	0.29901982017264456	0.19687800850941845	0.21409520338047494	0.2900069679374619	0.4557708490208145	136.94394326429386	-965.8641172671453	4.95672434929159E-4	0.9767120061978081	3.948084352066793E-4	2.3012857587044012E-7	0.9423422593637283
90300000	-9566.145411338504	-8669.461061450933	-896.6843498875711	-8501.28569993233	116.19976994358679	995.2097760470929	0.11920243180903072	0.18604547379675693	0.07875417896890707	0.5541540960998761	0.6787718670609543	1.514910215564438	2.06054940847303	0.46945508317857965	4.788820804785543	0.2966135532054288	1.4684675161040956	0.18604547379675693	0.07875417896890707	0.5541540960998761	0.6787718670609543	1.514910215564438	2.06054940847303	0.46945508317857965	4.788820804785543	0.2966135532054288	1.4684675161040956	6.710895960616114	0.3012422870173741	0.2018444293804206	0.2000943793459018	0.2968189042563033	0.4693325450361092	83.22670074967883	-881.9767507307328	7.400582327907724E-4	0.9038015034092016	5.643287869355008E-4	4.1883910746083796E-7	0.8757214352446423
90400000	-9600.74041902869	-8674.91691996145	-925.8234990672416	-8502.180726637416	108.3034616605729	1223.2691105454958	0.09519450749975271	0.7979998044148077	0.11016918357479197	0.5038163561302657	0.48210504401162785	0.5982930720499533	0.6170462658213717	0.9681019493572409	3.0150298496493244	0.24059199621172045	0.14757963640260094	0.7979998044148077	0.11016918357479197	0.5038163561302657	0.48210504401162785	0.5982930720499533	0.6170462658213717	0.9681019493572409	3.0150298496493244	0.24059199621172045	0.14757963640260094	6.47287064030632	0.28566315521295466	0.22960211373502595	0.20724233805857747	0.27749239299344175	0.3911162301371886	115.8099303803641	-915.1240994010498	7.952096942322265E-4	0.9653185224490483	5.377908630243402E-4	3.6130245306441325E-7	0.8085646437706915
90500000	-9550.26251058841	-8685.367951014869	-864.8945595735429	-8523.367917266316	75.35273530743622	855.5004217686825	0.178794988343724	0.9294764857372042	0.002608442281881437	0.5421009749854577	0.2796951936753813	0.11158556879949559	3.6100553239541906	1.495943462153327	3.716909463141968	0.24983506113900347	0.47943220966235045	0.9294764857372042	0.002608442281881437	0.5421009749854577	0.2796951936753813	0.11158556879949559	3.6100553239541906	1.495943462153327	3.716909463141968	0.24983506113900347	0.47943220966235045	6.9994586516034385	0.28566315521295466	0.21634943777640636	0.2085222479647004	0.2894651590459384	0.4067290166954839	70.239457306497	-850.6520822783413	0.0010051586050169796	1.008969690845559	6.941045060722728E-4	1.5572284557889478E-6	1.255667771236684
90600000	-9617.820456450725	-8668.486312415023	-949.3341440357026	-8509.955669259232	88.98083550026786	1170.64071849476	0.06719200579293032	0.32331002169994555	0.11924591059233151	0.48932652866777165	1.078480696712478	0.6147997812519015	1.4983436412627644	0.17873129767212054	2.041362598865477	0.005185847906995791	0.3644885787227786	0.32331002169994555	0.11924591059233151	0.48932652866777165	1.078480696712478	0.6147997812519015	1.4983436412627644	0.17873129767212054	2.041362598865477	0.005185847906995791	0.3644885787227786	5.9739221555968935	0.30869960784681805	0.21590583228245416	0.2010381626904839	0.2743563971802436	0.5497168046524731	128.0241562132902	-938.8083775251868	7.273610254552268E-4	0.9906458378439271	4.8100979160976305E-4	6.221811092664147E-7	1.3129848527510657
90700000	-9685.54971534969	-8689.396220961058	-996.1534943886319	-8523.233495064296	115.14580122071581	1545.9180753252617	0.05648368344184927	0.34654487440815523	0.026422605929690948	0.5773597194834237	1.1611834493195439	0.8914799731359062	0.5782768617069131	0.3602845844400961	3.4264484110562043	0.6843460501907729	0.7425478684806358	0.34654487440815523	0.026422605929690948	0.5773597194834237	1.1611834493195439	0.8914799731359062	0.5782768617069131	0.3602845844400961	3.4264484110562043	0.6843460501907729	0.7425478684806358	6.3479697815651335	0.29828748427268964	0.18951842933260565	0.2262644804956661	0.2859296058990384	0.5348337453110235	177.7512728077351	-984.5832668509825	3.6283409839087946E-4	0.6997501143180552	3.1721590947601493E-4	1.4133095793207253E-7	1.0122337852113759
90800000	-9603.055826222373	-8686.964742340993	-916.0910838813802	-8526.462316215495	135.64244508304847	1147.8418225416485	0.10789611717506735	0.8533427018532794	0.023178557593541253	0.7404890036968002	1.010238687528733	0.2552770184264058	2.3492934505818184	0.44719534425146434	2.435991024337748	0.21258383836191186	0.027827644787886276	0.8533427018532794	0.023178557593541253	0.7404890036968002	1.010238687528733	0.2552770184264058	2.3492934505818184	0.44719534425146434	2.435991024337748	0.21258383836191186	0.027827644787886276	7.177407471589436	0.31477556476155155	0.20347102271556747	0.20977640000680417	0.27197701251607653	0.5971736097110183	95.31420512169639	-905.7219736722573	4.895745815103326E-4	0.7450206067442412	4.3023609919565724E-4	4.4328177550540134E-7	1.2277169830916281
90900000	-9656.471185114946	-8680.711901602008	-975.7592835129386	-8505.084742649657	109.02204308519444	1430.1059348435151	0.14065892305458386	0.3946754255964927	0.025628354566988976	1.1123728085903888	0.6652229073614702	0.11529918599349714	1.5437373459584312	1.1379649945866164	2.7737916965391523	0.20921361257053148	1.0381899609059897	0.3946754255964927	0.025628354566988976	1.1123728085903888	0.6652229073614702	0.11529918599349714	1.5437373459584312	1.1379649945866164	2.7737916965391523	0.20921361257053148	1.0381899609059897	6.840650821062335	0.299266986043769	0.21240954105590099	0.21482797603264672	0.273495496867683	0.5356649321724701	147.24312405191966	-964.9352596006286	4.211118740671152E-4	0.7371753103877408	3.981084899039057E-4	1.3122500221349433E-7	0.8439604394320367
91000000	-9616.77867735379	-8683.605247935016	-933.1734294187736	-8520.26294159406	98.64146357769867	1154.251272033972	0.12512159362472644	0.05017947064671788	0.04338444380592723	0.7145578257137172	0.10633518176008824	0.10996526332438863	1.4538815980644733	1.2734213390950795	3.8147871359749383	0.037593145236182485	0.3226992162662966	0.05017947064671788	0.04338444380592723	0.7145578257137172	0.10633518176008824	0.10996526332438863	1.4538815980644733	1.2734213390950795	3.8147871359749383	0.037593145236182485	0.3226992162662966	6.234653207981802	0.2851119164082929	0.20105089205957918	0.21482797603264672	0.29900921549948084	0.5036399788533981	104.40812518074141	-922.5206937696275	6.568083244831438E-4	0.9827443308737348	4.770270845789237E-4	6.841449942145368E-7	1.2916960801879238
91100000	-9580.337109314734	-8667.098809792093	-913.2382995226417	-8504.503927174566	86.04495607401532	1021.9762124271214	0.11322464037575913	1.110053022039162	0.3505703886147434	0.7834957385652505	1.5560453743836105	0.7874488514771445	3.2411680133584726	0.019003282874116924	4.333341200850549	0.1943677755744393	0.49808089787782384	1.110053022039162	0.3505703886147434	0.7834957385652505	1.5560453743836105	0.7874488514771445	3.2411680133584726	0.019003282874116924	4.333341200850549	0.1943677755744393	0.49808089787782384	6.619343070908243	0.2989200764062739	0.21347080166662674	0.22239408170867542	0.2652150402184237	0.4547739299822462	98.73840952602433	-896.33272791664	8.733093463432666E-4	1.263852439658618	5.47027127512584E-4	1.7424324110349682E-6	1.717630163763473
91200000	-9644.952512007736	-8677.75957258233	-967.1929394254065	-8512.676667949252	99.90239889360979	1301.2992902402184	0.0817907702506289	0.1927313382402492	0.0417489630686623	1.3301438209674987	0.18056607430872082	1.5939964543354983	0.8578512941392139	0.439946545958325	6.623869376278641	1.519899167379957	0.5439708743304361	0.1927313382402492	0.0417489630686623	1.3301438209674987	0.18056607430872082	1.5939964543354983	0.8578512941392139	0.439946545958325	6.623869376278641	1.519899167379957	0.5439708743304361	6.840775991849253	0.30797993155695874	0.2272081172761029	0.19746994432909495	0.26734200683784304	0.5416263933625026	151.1909058867515	-950.5564759274487	4.985577604963414E-4	0.9545171594237294	4.4713035817833325E-4	3.329730973820809E-7	1.0992991924631093
91300000	-9656.038066618024	-8679.791850340152	-976.2462162778727	-8504.223964719895	136.7050471287131	1551.9293609611652	0.07138316930919815	0.8586505282334875	0.6111103545860078	0.1499522768342382	3.418358251246556	1.6457831150012578	1.538829188210115	1.0664157646602574	4.003845839553598	0.39568556693131013	1.2865420239363852	0.8586505282334875	0.6111103545860078	0.1499522768342382	3.418358251246556	1.6457831150012578	1.538829188210115	1.0664157646602574	4.003845839553598	0.39568556693131013	1.2865420239363852	6.563831316420015	0.28356331638230664	0.21405035139086206	0.21034342710757684	0.2920429051192542	0.5911526847776115	160.13436276609815	-957.6612169035136	5.205383083735354E-4	0.974166352197918	3.459040980973923E-4	4.5135252807903367E-7	1.3395446078625552
91400000	-9614.382934648447	-8677.357426572147	-937.0255080763003	-8511.350427540792	121.3689183167058	1243.393711423162	0.0810218970201658	0.17944430017337581	0.2016597475484606	0.2676075152539829	0.36471955760976477	0.2767705695021703	0.7247884496996904	0.5172316768023085	2.249175394888384	0.09057479161590627	0.9045268951328951	0.17944430017337581	0.2016597475484606	0.2676075152539829	0.36471955760976477	0.2767705695021703	0.7247884496996904	0.5172316768023085	2.249175394888384	0.09057479161590627	0.9045268951328951	5.77465198272892	0.29314563802941085	0.2164506265273458	0.21034342710757684	0.2800603083356662	0.6590530744232282	122.49645590198762	-928.5908603537215	5.483283902439228E-4	0.8315025778894171	4.497656353784253E-4	3.06486260886156E-7	1.0110364534301763
91500000	-9605.8590880371	-8672.31319100227	-933.5458970348301	-8504.300677965119	103.54810137001863	1103.1276482720482	0.09066110393248303	0.19097788429993792	0.21206985385706922	2.9035192450807963	1.2693461663873964	1.0875919976488808	3.0364784501181736	0.637813282075698	5.859541354063826	0.8027864701637469	1.5132122260184941	0.19097788429993792	0.21206985385706922	2.9035192450807963	1.2693461663873964	1.0875919976488808	3.0364784501181736	0.637813282075698	5.859541354063826	0.8027864701637469	1.5132122260184941	6.569902914669047	0.2913679670456563	0.2164506265273458	0.20396121092053404	0.2882201955064635	0.5245992413698904	112.81392742858739	-912.8445764210596	6.227252709188401E-4	0.9921737840593011	4.864788928122188E-4	4.5758040050586673E-7	1.0991224395714247
91600000	-9590.203403499632	-8664.912780354434	-925.290623145198	-8506.102635076171	91.86843010510628	1114.7518764465513	0.09981686488470952	0.6085404394216548	0.07378210242273046	0.2862833774111202	0.1491500985606927	0.45899260329336905	2.122002397443744	0.21860107741996135	6.748555498207944	0.6367642603688406	0.6484406686868168	0.6085404394216548	0.07378210242273046	0.2862833774111202	0.1491500985606927	0.45899260329336905	2.122002397443744	0.21860107741996135	6.748555498207944	0.6367642603688406	0.6484406686868168	7.047487116804937	0.30278382790019237	0.21858446458434527	0.20151451417749586	0.27711719333796625	0.5252894928112926	96.66381558882257	-910.7878547501496	6.186871240115847E-4	0.8370547050933127	5.024111025194471E-4	7.915975085267501E-7	1.311617725258258
91700000	-9585.42407340158	-8675.907569866793	-909.5165035347877	-8504.480995749509	101.25994425909633	1065.9063454004815	0.1070969957838998	0.5886914880149022	0.21598484689016215	2.559742177995451	0.3257254497122666	2.4530172542539366	1.5283903774493623	0.35851183126401553	4.7573062184863835	0.23997958717969486	1.2148948615315156	0.5886914880149022	0.21598484689016215	2.559742177995451	0.3257254497122666	2.4530172542539366	1.5283903774493623	0.35851183126401553	4.7573062184863835	0.23997958717969486	1.2148948615315156	5.774152332353461	0.2912127846787537	0.2239472178620875	0.2077228041211923	0.27711719333796625	0.39813286409232285	87.47236598224566	-892.1180194215009	9.316522541456596E-4	1.0435593722277847	5.943634576453694E-4	7.097865387017056E-7	0.9862007894645622
91800000	-9612.563255137035	-8688.636875955912	-923.9263791811228	-8521.413458117217	77.01976935862731	1027.3437583837658	0.10885881950972923	0.04650849384547254	0.5183136681808639	0.5174425675592582	2.0635787005837547	0.9693443781292843	2.3672879457763645	0.7239506386713127	4.2152565762115115	0.4460154415159728	0.13469534594611768	0.04650849384547254	0.5183136681808639	0.5174425675592582	2.0635787005837547	0.9693443781292843	2.3672879457763645	0.7239506386713127	4.2152565762115115	0.4460154415159728	0.13469534594611768	6.4842936542785665	0.3123273803614801	0.21520688199122417	0.1945924661798122	0.27787327146748325	0.44014954043390925	90.12398258853834	-910.0084651783426	5.880927107689751E-4	0.7619822731604288	5.132799383164945E-4	3.324471878929633E-7	0.9903455408252
91900000	-9673.017443077308	-8663.796601157692	-1009.2208419196157	-8494.686718096644	171.70240637035712	1706.59087598631	0.05805375206800945	0.05205646442163445	0.2489763946529791	0.04946781493347541	0.381772340204809	0.6474269956570886	1.514571596061764	0.3913947746221036	3.2155306948448215	0.33877359590939193	1.1558201872263325	0.05205646442163445	0.2489763946529791	0.04946781493347541	0.381772340204809	0.6474269956570886	1.514571596061764	0.3913947746221036	3.2155306948448215	0.33877359590939193	1.1558201872263325	5.894858353190845	0.3001372920786535	0.21843872567753783	0.21051154174358233	0.27091244050022606	0.5726160938964414	191.4692452569051	-997.526139667287	4.473200168818531E-4	0.9659625405766602	3.2545848876823426E-4	2.0621533998264844E-7	1.1071506616356839
92000000	-9643.503826130747	-8694.0719659794	-949.4318601513478	-8523.04715804864	94.08531112517021	1178.2449724966125	0.08903502782561064	0.5883665361343982	0.33062411440716305	0.6454261383909896	0.0512057236985145	1.651610967445764	0.4829771293580972	0.24032396824310065	4.364882544261113	0.07064762911611745	2.404699585540381	0.5883665361343982	0.33062411440716305	0.6454261383909896	0.0512057236985145	1.651610967445764	0.4829771293580972	0.24032396824310065	4.364882544261113	0.07064762911611745	2.404699585540381	6.573557219462087	0.30318060580521544	0.19408436007797678	0.22243996618845063	0.28029506792835684	0.6675075305319638	124.74592648894398	-935.3836486725843	5.815517625653923E-4	0.9341161442624789	5.004603827345692E-4	4.6950838097716074E-7	1.1291584519391817
92100000	-9610.792957988804	-8684.01188667394	-926.7810713148647	-8525.75441430457	79.60008845707367	1077.1959970755465	0.08325185202937138	0.10185996725583904	0.13875859086611841	0.9280920921386371	0.8827893613406858	0.498636910676246	1.8716509705418376	0.21173058219975718	5.832237792208327	0.10997964757022981	1.2231505228637067	0.10185996725583904	0.13875859086611841	0.9280920921386371	0.8827893613406858	0.498636910676246	1.8716509705418376	0.21173058219975718	5.832237792208327	0.10997964757022981	1.2231505228637067	5.435056136369996	0.3017318866749024	0.20781062509179166	0.20243627928074304	0.2880212089525626	0.5662665204483631	123.46978223868348	-912.3636001735415	5.919011255640029E-4	0.8337363521137515	4.983966473910803E-4	5.688922945108848E-7	1.25090988498664
92200000	-9723.4385087984	-8681.743188659455	-1041.6953201389447	-8504.725066395913	148.56011092316785	1939.138335582508	0.07011322548600481	0.09282502243902292	0.7665716419274463	0.6769946274351794	0.6959556067036419	2.0357662802285503	1.6272828470972587	0.4000650802219744	3.6311497571263653	0.37884040522186757	0.223898940014463	0.09282502243902292	0.7665716419274463	0.6769946274351794	0.6959556067036419	2.0357662802285503	1.6272828470972587	0.4000650802219744	3.6311497571263653	0.37884040522186757	0.223898940014463	6.126058127703946	0.30794704902224235	0.21560383789976983	0.2166411927041019	0.25980792037388567	0.4303681757913428	234.01287095484082	-1028.295132529961	3.374727843659485E-4	0.8246908818710668	3.0818181619063936E-4	1.304550407077625E-7	0.9897662055862962
92300000	-9720.699668768166	-8672.192890980738	-1048.506777787429	-8500.712552921259	167.7669621309538	1985.6909500547688	0.063079301368898	0.5958509907998654	0.022880476890572002	2.914697296210552	1.7170247805108818	2.242638895458407	0.3981313793613975	0.46472125084843074	4.470870630529991	0.4163020123599132	0.805341256873516	0.5958509907998654	0.022880476890572002	2.914697296210552	1.7170247805108818	2.242638895458407	0.3981313793613975	0.46472125084843074	4.470870630529991	0.4163020123599132	0.805341256873516	6.172494443630492	0.29845667522616715	0.2273678453154798	0.20186921274394964	0.27230626671440317	0.5245629011644942	246.21430260996956	-1031.0821531486902	3.280245187486711E-4	0.8937007905106189	2.886380432639884E-4	7.509000718061121E-8	0.8747568049818814
92400000	-9630.72441096739	-8663.555856321815	-967.1685546455756	-8498.270755750844	96.04184170327518	1332.3166618192483	0.12028401988098261	0.6914737820716151	0.003298838009725531	0.22184616708805177	0.9725113801965506	0.7587609743665367	0.9357745273097832	0.14601497021964013	3.3443945630276013	0.1927607810339217	1.4208384983422888	0.6914737820716151	0.003298838009725531	0.22184616708805177	0.9725113801965506	0.7587609743665367	0.9357745273097832	0.14601497021964013	3.3443945630276013	0.1927607810339217	1.4208384983422888	6.812735831037389	0.30361856036223833	0.20334173080782242	0.21234919650833456	0.2806905123216045	0.44649034497343676	153.45524851595687	-956.0314194663684	4.3404593853986885E-4	0.8861789057266708	3.9597374241617605E-4	2.3226800648988108E-7	1.0237633281585992
92500000	-9622.401128017493	-8683.866402470094	-938.534725547399	-8520.828848370984	81.2498808596222	1183.4127697454426	0.11884076127150967	0.05108099989569071	0.0639877765018586	0.49661946435970356	1.2551280696889922	0.5357002120130809	1.312749037371833	0.008486818766798838	3.650668855497214	0.29813102009039216	0.3876401685004188	0.05108099989569071	0.0639877765018586	0.49661946435970356	1.2551280696889922	0.5357002120130809	1.312749037371833	0.008486818766798838	3.650668855497214	0.29813102009039216	0.3876401685004188	6.972796477814581	0.30361856036223833	0.20334173080782242	0.21234919650833456	0.2806905123216045	0.5181518705443521	124.10918582082705	-928.1022880028809	5.05518706871284E-4	0.8406629425691878	4.6995848040728055E-4	3.004630486305239E-7	1.012091623602276
92600000	-9713.547652093166	-8655.48168959161	-1058.065962501556	-8483.309527156322	262.9470885794295	2258.8488770287286	0.06543315213147463	0.38179133685194433	0.1936466614717171	0.3263752322114528	2.7935751847452583	0.9599084301945973	1.7866266652636449	1.9920631837549094	4.585162734203854	0.2720354462336093	0.5863152889329699	0.38179133685194433	0.1936466614717171	0.3263752322114528	2.7935751847452583	0.9599084301945973	1.7866266652636449	1.9920631837549094	4.585162734203854	0.2720354462336093	0.5863152889329699	6.404351735010901	0.30854754602190354	0.20976759011332943	0.20782939424795027	0.2738554696168166	0.5613868144756108	230.26797104713418	-1041.082060001078	3.148815847307369E-4	0.8126953759902826	2.3136993729988003E-4	9.140849364509817E-8	1.0044939928513954
92700000	-9717.319090009238	-8712.07909962566	-1005.2399903835784	-8541.181601618426	101.3626863236899	1539.5906301584612	0.0886115859995532	0.06155185350213952	0.30346372530734395	0.7069150488934881	0.0024209959427999037	0.18355597811704544	0.9763404225699079	1.600944919921235	1.8490000027090852	0.32329843676665115	0.8218397777364733	0.06155185350213952	0.30346372530734395	0.7069150488934881	0.0024209959427999037	0.18355597811704544	0.9763404225699079	1.600944919921235	1.8490000027090852	0.32329843676665115	0.8218397777364733	5.900766571023109	0.2929089853304898	0.20924477350963439	0.20995170262826923	0.28789453853160646	0.5313499167038365	172.28401671816917	-995.844986096869	4.50377714280335E-4	0.8187920072307364	3.752331119221313E-4	1.6115923105952118E-7	0.9614375688330007
92800000	-9649.237332892337	-8703.791447425532	-945.4458854668045	-8535.882266784745	165.6476478806333	1343.6848358759737	0.07354851819813915	0.3012031545672379	0.1736493815103951	0.3968605054035868	0.5670915867829517	0.7249046855100513	1.8543770233878965	0.5097480411213137	4.502212355827384	0.874062876423538	0.14806576212296996	0.3012031545672379	0.1736493815103951	0.3968605054035868	0.5670915867829517	0.7249046855100513	1.8543770233878965	0.5097480411213137	4.502212355827384	0.874062876423538	0.14806576212296996	5.927010255193774	0.29135867932891596	0.19374796549793571	0.2152511916542166	0.2996421635189316	0.5812849982204369	117.24169357581394	-932.4134348461998	5.482154592059035E-4	0.8957673181866556	4.1765111262645753E-4	4.3187444247356266E-7	1.104934114637309
92900000	-9679.954535370232	-8685.679253823062	-994.2752815471706	-8525.550493170213	198.76642180372187	1724.38476311029	0.05728544996672018	0.42878237663607804	0.11956391811115832	0.5137627287811023	0.7471570638964502	0.5136086822805993	1.6103321021546575	0.21761064615506537	3.636126444808135	0.10245919918795926	0.06379935772127694	0.42878237663607804	0.11956391811115832	0.5137627287811023	0.7471570638964502	0.5136086822805993	1.6103321021546575	0.21761064615506537	3.636126444808135	0.10245919918795926	0.06379935772127694	6.3813884336565	0.2884289723306168	0.21358663713185672	0.21379756298941271	0.28418682754811364	0.5839057291137746	157.5892744150166	-983.2220894077004	3.9450308426673415E-4	0.8267783434648227	3.325062628653901E-4	2.496098247273469E-7	1.1450182008577858
93000000	-9677.129554107647	-8679.645966188777	-997.4835879188705	-8519.46739214038	178.77809888512013	1660.9839723809966	0.0730772474977848	0.2557341325005869	0.04005059037243505	0.6060095213501561	0.49497834689804804	1.6519609527927444	1.7455298249244318	0.30292656098499665	3.2767392043856645	0.07072110055730024	0.293149374977459	0.2557341325005869	0.04005059037243505	0.6060095213501561	0.49497834689804804	1.6519609527927444	1.7455298249244318	0.30292656098499665	3.2767392043856645	0.07072110055730024	0.293149374977459	6.243921695109823	0.2916358678983539	0.21951514635048217	0.20466215820305017	0.28418682754811364	0.4974617043737887	196.54078071866903	-985.6181621271154	4.3887405734202063E-4	0.8749960940130872	3.468205755488483E-4	2.3826518716269887E-7	1.0703920458966498
93100000	-9639.734699756453	-8682.439814648204	-957.2948851082499	-8513.841705985335	124.12552548886977	1446.7429146564	0.08605173466029015	0.0964495365236015	0.00476507092793566	0.4881975638681015	0.710809590148448	1.138339241353568	0.4520690134164783	0.16566600616080207	2.075671754420084	0.25977071135235896	0.28490410371717934	0.0964495365236015	0.00476507092793566	0.4881975638681015	0.710809590148448	1.138339241353568	0.4520690134164783	0.16566600616080207	2.075671754420084	0.25977071135235896	0.28490410371717934	5.776583051246867	0.2841981000897619	0.21934870706429332	0.20466215820305017	0.29179103464289446	0.5164736526228066	145.2467768062175	-948.8239569077342	5.596932450579733E-4	0.8774547064390233	3.809813785344684E-4	2.885797592471703E-7	1.035284439960628
93200000	-9697.18083986118	-8694.021342789094	-1003.159497072086	-8523.395898984387	153.82378799688144	1656.480249405056	0.049687449113374485	0.9196461617946945	0.29105702708154013	0.003966362915516168	0.12555167061877	0.5266439882561879	0.8831479597493219	0.02137867825862019	2.8741193460894894	0.30332553603865653	0.9425049530249607	0.9196461617946945	0.29105702708154013	0.003966362915516168	0.12555167061877	0.5266439882561879	0.8831479597493219	0.02137867825862019	2.8741193460894894	0.30332553603865653	0.9425049530249607	6.048534424432727	0.30660840183900684	0.2102026905810746	0.20466215820305017	0.2785267493768682	0.40715060294563177	163.3411888955199	-993.6022451976212	3.618835254159061E-4	0.6989324964794914	3.1846690381332594E-4	1.5102912592092537E-7	1.0166122692576909
93300000	-9728.487363849432	-8706.622787814438	-1021.8645760349929	-8534.949657988325	130.0508985643088	1807.5109770709087	0.07001611332377733	0.28982878587520444	0.016090283084306826	1.159757725221087	0.1950348134064042	0.27263139869170294	0.8444584112765049	1.1815477709846935	4.367070714059884	0.1502784455998756	1.1132348636690788	0.28982878587520444	0.016090283084306826	1.159757725221087	0.1950348134064042	0.27263139869170294	0.8444584112765049	1.1815477709846935	4.367070714059884	0.1502784455998756	1.1132348636690788	6.472381156652757	0.2921249413542458	0.22468615106583562	0.2181371842108805	0.2650517233690379	0.4182327470806571	208.4602372104736	-1009.53871716635	3.934657577048067E-4	0.7722066927162804	3.1888831531274735E-4	1.3996628994012477E-7	0.9362698641501032
93400000	-9673.034735919355	-8671.09514721776	-1001.9395887015953	-8507.507211139251	106.92941047434272	1580.7322316197678	0.0789430616414213	0.7615611316931001	0.07362577533647373	0.37168115047913025	0.8708931851295876	1.2732736027141638	1.2303501050030137	0.567267593072069	6.323776097530062	0.842955150109366	0.4251144178715541	0.7615611316931001	0.07362577533647373	0.37168115047913025	0.8708931851295876	1.2732736027141638	1.2303501050030137	0.567267593072069	6.323776097530062	0.842955150109366	0.4251144178715541	7.474912420083366	0.30211274860845533	0.21625757055966685	0.20863604035983926	0.27299364047203833	0.514810862754805	166.51053950492664	-986.4329536989526	4.2743212337385437E-4	0.7568663464546763	3.776992188762754E-4	1.3895274013690665E-7	0.8428932333873943
93500000	-9686.361256796547	-8693.9732783143	-992.3879784822461	-8514.681800190638	112.47819662463655	1527.2648857289055	0.06209194022178479	0.03315560883306373	0.1754146365925747	0.08124580308205229	0.7399253116388056	0.47917208922738747	2.6425626015031196	0.22106619688552545	2.159455864079436	0.15264912503456893	1.3097957374789906	0.03315560883306373	0.1754146365925747	0.08124580308205229	0.7399253116388056	0.47917208922738747	2.6425626015031196	0.22106619688552545	2.159455864079436	0.15264912503456893	1.3097957374789906	6.8305880540207555	0.28639877496792165	0.22392677850675213	0.20674681903104747	0.2829276274942785	0.5399759869146649	171.04229399809407	-981.2092464838669	4.4909604190109464E-4	0.8087056464820936	3.752096906824431E-4	1.5959589098436668E-7	0.8737449036283961
93600000	-9642.786991172281	-8664.382986025896	-978.4040051463854	-8501.373132511282	121.11387892929591	1496.9627159328545	0.07074607045314417	0.3497413432529255	0.08208873694424285	0.9684472597908528	0.07393965258471276	1.098149567996645	0.890252958341056	1.654045503170095	6.49622974933894	0.18531225769727877	1.5853792783620122	0.3497413432529255	0.08208873694424285	0.9684472597908528	0.07393965258471276	1.098149567996645	0.890252958341056	1.654045503170095	6.49622974933894	0.18531225769727877	1.5853792783620122	6.8193400200668055	0.30176251938975795	0.21922739352347884	0.20868225352145822	0.27032783356530476	0.41426815152937574	141.38770014233032	-962.4732376402877	4.344750983151838E-4	0.7706027389797994	3.6564009130638615E-4	1.490367738414703E-7	0.8728588232601343
93700000	-9622.750018654175	-8693.711703524014	-929.0383151301618	-8535.21655893108	103.22498988920404	1154.7466311088963	0.0894546869057126	0.26353103260215444	0.1959954689928885	1.1344906911104835	0.03303189728109489	0.8373604367125848	0.44145551708240716	0.0069709191373034645	3.786041048616933	0.30226401222370436	1.008786664494428	0.26353103260215444	0.1959954689928885	1.1344906911104835	0.03303189728109489	0.8373604367125848	0.44145551708240716	0.0069709191373034645	3.786041048616933	0.30226401222370436	1.008786664494428	6.397753146300119	0.30082483388092246	0.21069938729306262	0.21107776477778004	0.2773980140482347	0.41366654501951794	99.19037916609366	-919.0467651829504	4.930487457787355E-4	0.7828200359939218	4.5428956051604143E-4	1.9287178869121817E-7	0.8211888456046179
93800000	-9641.032206560758	-8681.62350932118	-959.4086972395784	-8518.169231365431	94.17571893110627	1257.7536535412435	0.07648046772248589	1.3371716702275496	0.19264434428692678	0.8126897594769876	0.17116037103031556	0.9674555748238983	0.6552512140729636	0.03972319078870948	4.83165719905787	0.9743470432640539	0.8332160805788722	1.3371716702275496	0.19264434428692678	0.8126897594769876	0.17116037103031556	0.9674555748238983	0.6552512140729636	0.03972319078870948	4.83165719905787	0.9743470432640539	0.8332160805788722	6.405720906068472	0.29910304705443513	0.21069938729306262	0.21107776477778004	0.27911980087472205	0.42640185624811244	135.81245685851894	-945.928840218801	4.981286763631068E-4	0.8300501300483126	4.216666254181521E-4	2.617574539076932E-7	1.0063836161063244
93900000	-9636.908063322287	-8671.15797838757	-965.7500849347189	-8505.192700589892	96.43336875133122	1268.7606265828917	0.0623028751819357	0.4617059731750264	0.06241377168068784	0.324959257596477	0.8603954953144017	1.5921337716319386	1.6016149382292264	0.03661697863924246	4.2070133173358935	0.8475614725762117	0.933415269076943	0.4617059731750264	0.06241377168068784	0.324959257596477	0.8603954953144017	1.5921337716319386	1.6016149382292264	0.03661697863924246	4.2070133173358935	0.8475614725762117	0.933415269076943	7.294155364261132	0.2869418549082254	0.21069938729306262	0.220790039130567	0.2815687186681448	0.4175410822108552	151.32799904852305	-951.436301479436	4.914109727050891E-4	0.8903008199307678	4.438565102262559E-4	2.259473612116914E-7	0.9504399653682594
94000000	-9652.73868570225	-8673.868811178918	-978.8698745233326	-8503.095987663166	146.35237487643496	1491.8720690430769	0.1115710421141027	0.14492002059013712	0.07089395713764848	0.3384734205214769	1.2570167145504667	0.1969574807241087	0.9038464668054783	0.05408774540379714	2.481219840599198	0.14707247515746094	0.028230284346865135	0.14492002059013712	0.07089395713764848	0.3384734205214769	1.2570167145504667	0.1969574807241087	0.9038464668054783	0.05408774540379714	2.481219840599198	0.14707247515746094	0.028230284346865135	6.133688044855157	0.2896578148015674	0.2162755778735179	0.21521384855011172	0.2788527587748028	0.5838052700406094	154.75937880997728	-970.7071762704793	4.359024850391748E-4	0.9154046038900803	3.63093668673204E-4	2.4319277581936705E-7	1.1058001012505785
94100000	-9673.842032055627	-8679.491372727713	-994.3506593279138	-8506.01227476273	106.71706704725526	1431.2140102154221	0.06780154456571835	0.5921443320011502	0.056725614728721806	0.008375619408251133	1.1982226314523161	0.30587800392554765	1.0100154556734322	1.1404833743488365	3.1193428971838535	0.811931616462175	1.467579605817172	0.5921443320011502	0.056725614728721806	0.008375619408251133	1.1982226314523161	0.30587800392554765	1.0100154556734322	1.1404833743488365	3.1193428971838535	0.811931616462175	1.467579605817172	5.983661640970799	0.27925261471789153	0.2016388721182842	0.21521384855011172	0.3038946646137123	0.552258536252562	186.79298202832447	-981.0349894074504	5.153801916181036E-4	0.950577027126979	3.858824187503311E-4	2.0394207860358938E-7	0.9457135752698604
94200000	-9626.9632804577	-8688.703251037636	-938.2600294200635	-8518.038633078608	103.96707235969032	1258.7362660483477	0.16111770587518887	0.21460525812114234	0.013910589210238609	0.07118977508378199	0.4510246902923295	0.14148723940310745	1.1197727833930065	0.8466940273948961	1.2338803682666912	0.08519779786543398	0.5192094351862292	0.21460525812114234	0.013910589210238609	0.07118977508378199	0.4510246902923295	0.14148723940310745	1.1197727833930065	0.8466940273948961	1.2338803682666912	0.08519779786543398	0.5192094351862292	6.2625752239835455	0.2929455310714885	0.21420278069121965	0.20264993997717629	0.2902017482601153	0.5152688200256506	113.78350288945298	-931.4482210268172	5.349514240148049E-4	0.9107890770233873	4.4894450493122276E-4	3.360255113382057E-7	1.00830052174812
94300000	-9637.791957586473	-8670.659625808468	-967.132331778005	-8503.99857864833	90.32196531753976	1235.545802355429	0.0767491535361609	1.6083594947578643	0.34696645350916994	0.019743131163869984	0.23384745463436823	1.681487471005734	0.8564967371513904	0.7938871426955368	4.551614261065699	0.39445969721249746	0.7338315115670705	1.6083594947578643	0.34696645350916994	0.019743131163869984	0.23384745463436823	1.681487471005734	0.8564967371513904	0.7938871426955368	4.551614261065699	0.39445969721249746	0.7338315115670705	6.267701869707051	0.30722615093391514	0.20496383688398012	0.2046379869811611	0.28317202520094337	0.46928553345092366	150.43512878768493	-953.055283035857	5.565338103449786E-4	0.8001958571271689	4.754991418415052E-4	2.636323166934266E-7	0.9119367567180264
94400000	-9605.023615342376	-8679.54076678093	-925.4828485614452	-8513.904312217264	85.27311967882217	1056.0601022662777	0.09180499012070552	0.7388647943633886	0.09999465872496206	0.08180106496892905	0.8165311413435489	0.5976395246949424	0.8462848751151889	7.975649395271821E-4	2.6974456854891384	0.16650279006772936	0.372985402525309	0.7388647943633886	0.09999465872496206	0.08180106496892905	0.8165311413435489	0.5976395246949424	0.8462848751151889	7.975649395271821E-4	2.6974456854891384	0.16650279006772936	0.372985402525309	5.641329484875731	0.29812897521836174	0.20496383688398012	0.22334893500219788	0.27355825289546	0.4970415713373743	105.26671412456871	-916.7326341137795	5.515588611689076E-4	0.8827468687773388	4.8818403737774306E-4	2.8131440621707106E-7	0.9737581591847464
94500000	-9657.631794730494	-8686.916473753494	-970.7153209770009	-8519.729069087636	88.3356496081571	1270.180650473687	0.08492192984576569	1.2733636489922764	0.08205401528820735	0.800474816925021	0.33072143609278204	0.6294771224924843	1.2464786505415473	0.34033984868715844	5.9912030172375355	0.18075447261016103	0.32138012546351347	1.2733636489922764	0.08205401528820735	0.800474816925021	0.33072143609278204	0.6294771224924843	1.2464786505415473	0.34033984868715844	5.9912030172375355	0.18075447261016103	0.32138012546351347	6.466538551929284	0.28721611940570013	0.2048339251544753	0.22198900976530944	0.28596094567451485	0.5353580855013014	142.69126698093143	-957.12884942911	4.846974221749663E-4	0.7460076615240852	4.4090236609836794E-4	2.0870635034925163E-7	0.9252087603024428
94600000	-9686.335994343808	-8657.337117829378	-1028.9988765144296	-8494.168107592715	144.7095522878687	1882.1943930965076	0.049370735382990166	0.1776038689030309	0.2528633945215125	0.4991257953391904	1.2452430305500188	1.141627285921952	1.776087417261985	0.14402487484794255	4.906763702176146	0.6435571627397009	0.47172206740641237	0.1776038689030309	0.2528633945215125	0.4991257953391904	1.2452430305500188	1.141627285921952	1.776087417261985	0.14402487484794255	4.906763702176146	0.6435571627397009	0.47172206740641237	5.942494478667186	0.2926456192821652	0.20678259409221142	0.21425587779505445	0.28631590883056873	0.434532074155757	194.5857430500257	-1014.4116422293405	3.4190185836657083E-4	0.8705819344991068	2.8451830624535854E-4	8.856549303593091E-8	0.9083351618937981
94700000	-9675.489815809866	-8666.856849629294	-1008.6329661805726	-8505.668389284678	164.28919259437396	1693.578747612298	0.06556483129127784	0.013770364209599576	0.2019379503023081	1.3362291342334953	0.18776931507425706	0.4027086721599108	2.3841460700657477	0.9746868279153735	4.080855299064262	0.14359169606064148	0.11922880121075409	0.013770364209599576	0.2019379503023081	1.3362291342334953	0.18776931507425706	0.4027086721599108	2.3841460700657477	0.9746868279153735	4.080855299064262	0.14359169606064148	0.11922880121075409	5.669049537595647	0.30407046968272394	0.21244841595101585	0.20285624814448436	0.2806248662217757	0.4607880168753085	179.9828515239783	-995.9577068682486	4.099369339261797E-4	0.8283133712712655	3.1758440956143353E-4	1.5533178670016812E-7	1.0002216643538637
94800000	-9618.764921122727	-8691.55645239041	-927.2084687323164	-8520.422304999347	97.18065829650385	1225.3618130191626	0.11701726527421046	0.17010027035998093	0.03273542095795736	0.36969188371851214	0.2734500393912214	0.18399610014295928	1.2744249628708242	0.9305224509290941	3.2276484457389154	0.1931805930553642	0.4108513880261922	0.17010027035998093	0.03273542095795736	0.36969188371851214	0.2734500393912214	0.18399610014295928	1.2744249628708242	0.9305224509290941	3.2276484457389154	0.1931805930553642	0.4108513880261922	7.093683577823069	0.28116566539349624	0.20343594715752505	0.22531934289351752	0.290079044555461	0.42493256469602825	113.03352955498517	-917.7105784078926	6.711033686124144E-4	0.8076414549744221	4.680917806006931E-4	3.439167065907828E-7	0.904404823214685
94900000	-9577.320671254894	-8692.054693143378	-885.2659781115156	-8523.856881178222	72.22064813004002	849.0315225866897	0.11060648740832532	0.29834305049788795	0.15027373320080706	2.887422246687527	0.4167925302532409	1.430545938018526	0.7763820888580122	0.08948927604759396	4.0697501492942445	0.5162292038918397	0.03401523669380839	0.29834305049788795	0.15027373320080706	2.887422246687527	0.4167925302532409	1.430545938018526	0.7763820888580122	0.08948927604759396	4.0697501492942445	0.5162292038918397	0.03401523669380839	5.965684639824001	0.3029564358527318	0.20343594715752505	0.22982649539940814	0.26378112159033484	0.4557267191787879	83.8554716726872	-871.5137016344157	7.709960393026925E-4	1.1061700309744433	6.22554283968289E-4	1.4735917788034057E-6	1.5379578248523196
95000000	-9641.747081112037	-8701.12653848104	-940.6205426309976	-8534.676311440897	85.36178330913982	1082.7153945695893	0.08921213274549335	0.9322344538077877	0.6761768654378512	0.5937616568200302	0.7910816962443082	3.1476913343258284	0.017298178648694918	0.5559363944952973	3.822546370098289	0.5438274695891423	0.8033816283282018	0.9322344538077877	0.6761768654378512	0.5937616568200302	0.7910816962443082	3.1476913343258284	0.017298178648694918	0.5559363944952973	3.822546370098289	0.5438274695891423	0.8033816283282018	6.319502178278787	0.31001193181214487	0.20966223338780252	0.2135791361260242	0.2667466986740283	0.6349501623333569	106.11718266168947	-925.9357358911831	5.349671443540324E-4	0.9245185535094724	5.06373830439227E-4	3.7356046841253275E-7	1.0809563243461027
95100000	-9638.052373084192	-8704.061641917408	-933.9907311667852	-8545.232209886042	71.34866283221173	990.3502925062521	0.13010372926649266	0.09298228449173593	0.13444698425965007	0.6600733024359665	2.85951282522343	0.12971891102663943	3.1249975595643	0.10217848088232777	3.0909308481977873	0.14324838121312497	0.38974079810579243	0.09298228449173593	0.13444698425965007	0.6600733024359665	2.85951282522343	0.12971891102663943	3.1249975595643	0.10217848088232777	3.0909308481977873	0.14324838121312497	0.38974079810579243	5.363481248085051	0.29684340293835565	0.21830748907485664	0.21135409729926344	0.2734950106875241	0.45464690096987714	93.6202120053396	-921.1958464775227	6.234111531583447E-4	0.9445041212576532	5.738557950692668E-4	3.0670814436589284E-7	0.9426271605354517
95200000	-9636.973331503053	-8731.03721649256	-905.9361150104937	-8557.857703354472	94.02865497843435	983.1320590020493	0.16992571115386723	0.04043633984239852	0.026460689108087108	0.048033591141832685	4.418346803509727	0.3466755995770224	2.359295650573174	0.8309334166192678	1.734018339783017	0.4436092443976917	0.7641734409313051	0.04043633984239852	0.026460689108087108	0.048033591141832685	4.418346803509727	0.3466755995770224	2.359295650573174	0.8309334166192678	1.734018339783017	0.4436092443976917	0.7641734409313051	5.98699413023025	0.28284451888853157	0.22928282057228735	0.20091385895325495	0.28695880158592596	0.440222045481023	108.49760188123518	-892.8129179000114	6.44168528122829E-4	0.9218951219162896	5.596648175526683E-4	5.251043534449126E-7	1.0495494793294367
95300000	-9591.101838270333	-8714.77716711924	-876.3246711510928	-8548.275201172019	98.34351709520575	963.2108341433329	0.21120265212611578	0.05534449604785995	0.0274037498387832	0.47787988651628116	1.4123412018745582	0.27952251573614223	1.086245872763956	0.1347008650335527	0.906664326908247	0.061989064998869456	0.15030403113592708	0.05534449604785995	0.0274037498387832	0.47787988651628116	1.4123412018745582	0.27952251573614223	1.086245872763956	0.1347008650335527	0.906664326908247	0.061989064998869456	0.15030403113592708	6.906730746383181	0.308248501119498	0.20378690556401938	0.20785178003124521	0.28011281328523724	0.4022942750245876	75.5962350335502	-869.964648723051	7.162842431147835E-4	0.8491942655116169	5.425523602917957E-4	7.249418545091442E-7	1.1630423328272612
95400000	-9643.758034374805	-8693.240106591225	-950.5179277835791	-8524.524641923708	162.60156440671201	1375.6831219809567	0.13717037205925942	0.7210089978570046	0.014222747899228377	0.15362740170910513	0.2663981371921648	0.6596316574941624	6.409327096794018	0.6079028209123946	3.5520663076472627	0.14583316109343503	1.6351978603887865	0.7210089978570046	0.014222747899228377	0.15362740170910513	0.2663981371921648	0.6596316574941624	6.409327096794018	0.6079028209123946	3.5520663076472627	0.14583316109343503	1.6351978603887865	4.9602009183265725	0.29839974160904664	0.20364117392277464	0.21784627118294128	0.28011281328523724	0.4401112655984737	115.49399112973141	-934.1347988707228	6.279565567960491E-4	0.9685882925930642	4.13918661868086E-4	2.438065788626403E-7	0.9472631157620015
95500000	-9750.716325196876	-8709.748629202582	-1040.9676959942933	-8534.143863222776	174.7286136484745	2066.2258635714825	0.06002204693602577	0.03918367258017413	0.10959200439297005	0.6404425723660021	0.5650140421460085	0.278943031524984	2.6456013827515097	0.05043964512744409	2.0123772006750174	0.08228987603660291	0.12440962079089489	0.03918367258017413	0.10959200439297005	0.6404425723660021	0.5650140421460085	0.278943031524984	2.6456013827515097	0.05043964512744409	2.0123772006750174	0.08228987603660291	0.12440962079089489	6.093843770801668	0.2894376408946498	0.20224117451114207	0.21784627118294128	0.29047491341126663	0.4091144206189808	207.1560630876559	-1031.4336847189395	3.699325081443404E-4	0.8103197211590816	2.651232881534005E-4	1.3641734392451528E-7	1.1004713221185674
95600000	-9664.221939277148	-8704.518666320431	-959.703272956716	-8531.356692878275	86.34057393580412	1209.0246454870617	0.10102500294623483	0.17590103924484018	0.16427284692612087	0.5024936303799556	1.520940140202363	1.829815762871381	1.576534585628151	0.019603235932000126	4.439490037111971	0.46747719551319494	0.8293177796340273	0.17590103924484018	0.16427284692612087	0.5024936303799556	1.520940140202363	1.829815762871381	1.576534585628151	0.019603235932000126	4.439490037111971	0.46747719551319494	0.8293177796340273	6.714733771391226	0.30962776332908537	0.2065523827277626	0.20933256547223886	0.2744872884709131	0.46277154014560845	134.17722618322702	-945.8073763273748	5.486528594146048E-4	0.7671328686719777	4.5329496930730144E-4	2.8321040416313245E-7	1.029213901859538
95700000	-9632.035090612819	-8686.413633478462	-945.6214571343565	-8518.788837605909	150.86543301799546	1381.208230049921	0.09139426880032114	0.417653795318787	0.408269474257341	0.5373874416603127	1.9385889620770866	1.6456290313302933	0.08101277045411902	0.47642506487364444	3.8233696045237573	0.2179315001248502	0.15746902213972738	0.417653795318787	0.408269474257341	0.5373874416603127	1.9385889620770866	1.6456290313302933	0.08101277045411902	0.47642506487364444	3.8233696045237573	0.2179315001248502	0.15746902213972738	5.672022529306371	0.30486628850304776	0.21292572667615753	0.20295922152384394	0.2792487632969507	0.5425950981382189	122.13405895492411	-932.7050763180356	5.759002542733052E-4	1.0694329956975515	4.2991457876572566E-4	2.2042360629406307E-7	0.8868653270329868
95800000	-9679.802356693011	-8694.598196649793	-985.204160043219	-8522.678429578991	178.41939124109751	1612.0251255730973	0.0850679803902565	0.08410255828498792	0.03999042254102836	0.7402283555508159	2.351172743720674	2.037543797364035	0.90868315087115	1.0244063467135511	4.643516865182307	0.368778782792395	0.6010735582874499	0.08410255828498792	0.03999042254102836	0.7402283555508159	2.351172743720674	2.037543797364035	0.90868315087115	1.0244063467135511	4.643516865182307	0.368778782792395	0.6010735582874499	5.619126761076495	0.3050251007672895	0.210076449535304	0.21181483014468652	0.27308361955271987	0.624478782619734	130.13021167952834	-969.8375767592992	4.596678636915448E-4	0.8799080052973396	3.5024917444085023E-4	1.5967399560097817E-7	0.9044606687354341
95900000	-9675.612162173917	-8681.963241297339	-993.6489208765781	-8515.121727042295	135.22712157482138	1575.6002717661804	0.08332495742406755	0.260800549849925	0.3139364640284631	0.601075439776855	0.1716283251480279	1.857720936816037	1.323174938682808	0.17351772371444876	7.64397141093107	0.27777330902833347	0.11551233766286588	0.260800549849925	0.3139364640284631	0.601075439776855	0.1716283251480279	1.857720936816037	1.323174938682808	0.17351772371444876	7.64397141093107	0.27777330902833347	0.11551233766286588	6.084132427432124	0.2891531380112611	0.20395010171617473	0.22607445640882592	0.28082230386373813	0.4929617308155229	138.28889895347956	-978.8052590603536	4.630720315039573E-4	0.7194094506859233	3.6020751136838636E-4	1.7005267709430223E-7	0.8964449447089362
96000000	-9622.190675854545	-8711.368467308866	-910.8222085456778	-8542.960522222498	88.48661831053307	982.2025213992588	0.11201646554892829	0.653703419764717	0.05535006999030192	0.18215177201692576	2.3072429140332735	0.5920052656966347	0.4163215997265234	0.41742071463843844	3.863859396202034	0.09397442808345029	0.428478271057247	0.653703419764717	0.05535006999030192	0.18215177201692576	2.3072429140332735	0.5920052656966347	0.4163215997265234	0.41742071463843844	3.863859396202034	0.09397442808345029	0.428478271057247	5.75169226635031	0.29023645326798503	0.21559871571355213	0.2194659395988655	0.2746988914195973	0.5005531069212446	95.75111630581014	-899.0119301548444	7.545529488830201E-4	0.9977447679326634	5.892756448931661E-4	7.362195532479727E-7	1.1733501124128263
96100000	-9660.100618888173	-8684.556715115627	-975.5439037725466	-8515.527418759946	125.68915969496268	1549.2210312016123	0.1081492798799168	0.03433191884556632	0.063855117133265	0.7136775248979107	0.42491900541735445	0.4128957555511978	1.8353252713674968	0.001183508401798281	2.7552521472838474	0.17290867468809132	1.5089799516122642	0.03433191884556632	0.063855117133265	0.7136775248979107	0.42491900541735445	0.4128957555511978	1.8353252713674968	0.001183508401798281	2.7552521472838474	0.17290867468809132	1.5089799516122642	6.343228302254324	0.3024778650108898	0.20256482861564346	0.20872564286363496	0.2862316635098318	0.4169843871072211	131.1540751367694	-965.4173260778502	5.024342256570326E-4	0.8152657183966794	3.370581616734694E-4	2.401571942590289E-7	1.0560939798521565
96200000	-9667.28090727463	-8670.490747909867	-996.7901593647625	-8502.43637116112	124.65894190348348	1485.2707198216794	0.0751459598323233	0.7918936590193496	0.10611031200853589	0.33754484062697404	0.12929171892390237	3.336351406422743	1.5068391024050878	0.033289472351354196	4.616511433172897	0.5504963806734079	2.320594193346456	0.7918936590193496	0.10611031200853589	0.33754484062697404	0.12929171892390237	3.336351406422743	1.5068391024050878	0.033289472351354196	4.616511433172897	0.5504963806734079	2.320594193346456	6.2873279836316955	0.29516658430528625	0.20601745478960207	0.21147375886401848	0.2873422020410933	0.5375516142479697	167.25224622431543	-979.9759470958306	4.6961440019420035E-4	0.8794164785275878	3.6896730927543094E-4	1.525108708651437E-7	0.898332210702627
96300000	-9616.031358999504	-8680.05553126095	-935.9758277385539	-8509.475892411087	142.047945152591	1262.9901669768974	0.13828360905732917	1.5727412067514221	0.058460441947869916	0.5835267914895296	0.202784578454292	0.8212560084137756	2.965974718735224	0.6617537421046477	5.170281431717245	0.2972954545542296	0.1481717254004649	1.5727412067514221	0.058460441947869916	0.5835267914895296	0.202784578454292	0.8212560084137756	2.965974718735224	0.6617537421046477	5.170281431717245	0.2972954545542296	0.1481717254004649	5.941254035816475	0.29516658430528625	0.21753740334426255	0.20578315102663383	0.2815128613238175	0.4502306150852988	108.93980667501278	-921.0810069315288	5.444784644748798E-4	1.0265643012458348	4.232842802965437E-4	4.424554587803524E-7	1.1712359696603676
96400000	-9661.789910340527	-8683.70606466781	-978.083845672718	-8516.07795789467	114.33172424354602	1326.40265649266	0.10330776863260642	1.0117270242427137	0.08335022159220405	0.3393551628757279	0.6372197350502771	0.926815987006057	1.3494636372888205	0.5626872512269572	5.02823590520903	0.7364804525023624	0.009633579760311572	1.0117270242427137	0.08335022159220405	0.3393551628757279	0.6372197350502771	0.926815987006057	1.3494636372888205	0.5626872512269572	5.02823590520903	0.7364804525023624	0.009633579760311572	5.851674875809421	0.2982649323521278	0.21362321589875685	0.21531362539259696	0.27279822635651846	0.45256037991456305	175.1881037729526	-965.6354785902641	4.3242325107468803E-4	0.669900390484925	3.8536541122596044E-4	2.954608517513765E-7	1.2222834863410195
96500000	-9708.795055710276	-8716.348553103988	-992.4465026062878	-8550.598277975989	172.4823968205307	1754.6740827005867	0.0776668475928002	0.07749974365050111	0.0360875711092851	0.6140145743999598	0.2995232807673677	1.192360102634962	0.5444100222807607	0.2777217557287623	7.340949838073503	0.3057162380345024	0.7760465578640002	0.07749974365050111	0.0360875711092851	0.6140145743999598	0.2995232807673677	1.192360102634962	0.5444100222807607	0.2777217557287623	7.340949838073503	0.3057162380345024	0.7760465578640002	7.208430895939867	0.32170934616242325	0.20981604225936665	0.21079270250367085	0.2576819090745394	0.5155726703778365	173.86142140174064	-976.9947499208171	5.603347031043332E-4	1.0373372192885795	3.317926053854399E-4	1.979820670494641E-7	0.903251869685501
96600000	-9654.753514827526	-8680.980647577448	-973.7728672500778	-8510.925168070899	124.67839495855523	1441.3051681735717	0.07386247937123466	0.2960266527211654	0.02462957252397082	0.6032354297604552	0.3905177401332805	0.2817623374287389	1.126488461504917	0.32781383553250026	2.789539538557955	0.22687032850266678	0.6949449460204938	0.2960266527211654	0.02462957252397082	0.6032354297604552	0.3905177401332805	0.2817623374287389	1.126488461504917	0.32781383553250026	2.789539538557955	0.22687032850266678	0.6949449460204938	6.207081291780742	0.3076765795957255	0.22564796661894782	0.1957122345728978	0.270963219212429	0.4382647999628324	150.57386200740982	-964.6913182745071	4.042562624871259E-4	0.7442892181159312	3.5514694378288315E-4	1.451082914869453E-7	0.9180732984518916
96700000	-9645.741115906902	-8678.662630072304	-967.0784858345974	-8511.830348325508	175.9841794443613	1435.7538959793374	0.06284014603563828	1.5424617981214863	0.2592692349384579	1.788334165742358	0.4826879256786135	0.8205282375182263	1.9619347809332859	0.7223769959203329	4.642042571528976	0.2211973086559603	1.3549254090050333	1.5424617981214863	0.2592692349384579	1.788334165742358	0.4826879256786135	0.8205282375182263	1.9619347809332859	0.7223769959203329	4.642042571528976	0.2211973086559603	1.3549254090050333	5.126408612601175	0.2998863808463698	0.2233144893585285	0.20056041751039863	0.2762387122847031	0.48653494165351324	117.42924002040998	-950.5498827035905	5.404057445168106E-4	0.8690084416799311	4.0253389510446776E-4	3.0623360077685753E-7	1.0714284515969787
96800000	-9672.213174039643	-8688.308521236426	-983.9046528032179	-8516.184181594983	162.56652581126343	1601.588583852894	0.09122199420072281	0.07987880560514313	0.030139865811089787	0.043434362375522326	0.5591447828665371	0.26634832954234167	0.3234925200138246	0.11022302413864991	1.143582997845963	0.10172170804621597	0.050283540550802	0.07987880560514313	0.030139865811089787	0.043434362375522326	0.5591447828665371	0.26634832954234167	0.3234925200138246	0.11022302413864991	1.143582997845963	0.10172170804621597	0.050283540550802	5.006059825070974	0.3112953168381474	0.2017307460437182	0.2069953075491134	0.27997862956902103	0.5106616917148666	177.24238458915576	-978.6273029911306	4.7530053414897414E-4	0.8690667677198559	3.464320527585902E-4	2.547175445488442E-7	1.0666172345692497
96900000	-9654.671852705693	-8688.057886649634	-966.6139660560592	-8525.860356408002	95.49057063888719	1318.2419556917375	0.11552758714320994	0.9603691189497644	0.202994820834463	0.3926299237645711	0.20141021477801238	0.10041162088868853	2.188200178141375	0.009772013727945544	6.342147202388933	0.8079005611853848	0.041905284280667254	0.9603691189497644	0.202994820834463	0.3926299237645711	0.20141021477801238	0.10041162088868853	2.188200178141375	0.009772013727945544	6.342147202388933	0.8079005611853848	0.041905284280667254	6.303433857488864	0.29105068336141693	0.20314813595456946	0.2156625233081876	0.29013865737582606	0.4694531931945305	131.0337713033193	-953.2046638816263	5.148996027256982E-4	0.8120388322225024	3.958303766633314E-4	3.8797834516466775E-7	1.1612011332073737
97000000	-9620.540118625006	-8667.533522080923	-953.0065965440822	-8499.935508946575	101.72783141586987	1229.0718648682498	0.14228245835677236	0.16976893156293366	0.03675298729121003	0.9690146705173243	0.2659185763758443	0.1322236811991788	3.073794144304427	1.4490951861659278	4.349958381742285	0.1601103478350897	0.06781606195839215	0.16976893156293366	0.03675298729121003	0.9690146705173243	0.2659185763758443	0.1322236811991788	3.073794144304427	1.4490951861659278	4.349958381742285	0.1601103478350897	0.06781606195839215	5.9496194009045285	0.3136166520810995	0.21746908655682273	0.19505471221546467	0.2738595491466131	0.5705960113776006	120.03436518193203	-940.2148044450795	5.839436334255649E-4	0.8223464692578236	4.584919321020183E-4	3.1897849242364215E-7	1.0471605082306208
97100000	-9638.345649713408	-8675.930912930431	-962.4147367829776	-8504.28364409998	96.10914531084524	1298.9141158722998	0.09409735453188928	0.7318549191079777	0.024758600277715023	0.18643542554810125	0.2657065805261322	0.3580679933894678	0.9032006054584167	0.13014080878118361	1.1172896046560683	0.29139063532930976	0.5757928531010563	0.7318549191079777	0.024758600277715023	0.18643542554810125	0.2657065805261322	0.3580679933894678	0.9032006054584167	0.13014080878118361	1.1172896046560683	0.29139063532930976	0.5757928531010563	6.31744056521736	0.3036161993501844	0.21124181410982923	0.2099678674188676	0.2751741191211188	0.44061228323210033	149.70928331990197	-955.2741049655995	5.041478681702893E-4	0.8410312233941737	4.5051329312701733E-4	2.7836501540373025E-7	0.9974579772035225
97200000	-9702.217075043049	-8691.420600417947	-1010.7964746251012	-8525.79043781164	124.51473122850223	1626.454569397114	0.06610411863020883	0.09451950168444978	0.005569782586971327	0.3140948197506517	0.5349608640887825	1.3665832052061846	0.8209751828960463	0.7354099253995557	4.529847834907481	0.17551274335264874	0.985265756858515	0.09451950168444978	0.005569782586971327	0.3140948197506517	0.5349608640887825	1.3665832052061846	0.8209751828960463	0.7354099253995557	4.529847834907481	0.17551274335264874	0.985265756858515	7.44298440858801	0.308439919400725	0.21124181410982923	0.2099678674188676	0.2703503990705782	0.4736483405609613	191.41457206370598	-998.5816686364927	3.5778762089305435E-4	0.663148097703321	3.36454703060283E-4	6.33055426285682E-8	0.7106296477447163
97300000	-9672.080261974552	-8692.81450969285	-979.2657522817033	-8513.161827353708	104.84742473931543	1371.4270053869907	0.07260450150020051	0.08303069826930824	1.6892119114636344	0.845357371560654	0.8875535300181463	1.416058143845895	1.2974401909855728	0.4394626219113811	3.748869379944356	0.7379331576417957	0.06424416846901954	0.08303069826930824	1.6892119114636344	0.845357371560654	0.8875535300181463	1.416058143845895	1.2974401909855728	0.4394626219113811	3.748869379944356	0.7379331576417957	0.06424416846901954	7.006909624555071	0.30334768720155336	0.2063940409379042	0.20003177465918717	0.2902264972013553	0.46845340035073874	125.40850172036656	-965.6149431167631	4.592744196196278E-4	0.7141943055420361	3.955829787305502E-4	1.0638278844812218E-7	0.7408297936878248
97400000	-9668.48921920909	-8670.443732093545	-998.045487115546	-8497.138238661466	171.47266211418912	1691.0798760761036	0.10395855029981219	1.0167937223653594	0.2589890052304212	0.5820514798364249	0.45189712148647077	0.5292184118944594	1.539517807018793	0.014560082164229632	4.646372275128417	0.2241118861422775	0.6468902018476808	1.0167937223653594	0.2589890052304212	0.5820514798364249	0.45189712148647077	0.5292184118944594	1.539517807018793	0.014560082164229632	4.646372275128417	0.2241118861422775	0.6468902018476808	6.8405438731504775	0.30334768720155336	0.21143629761475993	0.20003177465918717	0.2851842405244996	0.5207760568668892	168.001035856644	-985.7203312050723	3.7761721794563714E-4	0.806678593676312	3.1500671695791497E-4	1.26456287724668E-7	0.9220342183784755
97500000	-9630.258286215952	-8679.986505014538	-950.2717812014135	-8514.825463075662	111.03443118779508	1368.4245600922563	0.09415927914327106	0.7378532078465985	0.14435085721254182	1.165142422256034	0.013183586603574148	0.8602243394804838	0.05494947741411922	1.0157067480325253	2.5674634992007377	0.12015386260450284	0.5598167268439345	0.7378532078465985	0.14435085721254182	1.165142422256034	0.013183586603574148	0.8602243394804838	0.05494947741411922	1.0157067480325253	2.5674634992007377	0.12015386260450284	0.5598167268439345	6.958087087555309	0.2983732152072199	0.2030600049045934	0.21725258719162524	0.2813141926965616	0.5783803536894415	134.8592749835466	-940.5924839391197	4.967682125229325E-4	0.751640277742245	4.2580512849772984E-4	1.7931272405556713E-7	0.7964690780446685
97600000	-9705.23809461759	-8700.798344019879	-1004.4397505977113	-8521.87316275839	125.88394267930488	1583.5537590111903	0.08149858798558626	1.1898493648738984	0.0840966497059027	0.43746423706774057	0.1597704148558191	0.08480870359704937	1.7152979393492502	1.536619497079887	5.552347496173583	0.2788014977732207	1.1343489344724953	1.1898493648738984	0.0840966497059027	0.43746423706774057	0.1597704148558191	0.08480870359704937	1.7152979393492502	1.536619497079887	5.552347496173583	0.2788014977732207	1.1343489344724953	6.694908186280852	0.30979887735143585	0.19428203496380414	0.21725258719162524	0.27866650049313485	0.5969339789192315	175.9865491190378	-989.375505551972	4.01671178751556E-4	0.8188564865748698	3.570500775210445E-4	1.24030499276474E-7	0.9141424324534451
97700000	-9629.501166808031	-8689.83509242912	-939.6660743789101	-8524.347759456683	107.9295305007488	1227.4078902244505	0.12122110886526305	0.057060931857655886	0.037212808787801505	0.04770763619485294	0.6119853986999717	0.09739805752255748	1.0276744761818217	0.5017834745738637	3.218083938465795	0.14983986262769775	0.5176606637305691	0.057060931857655886	0.037212808787801505	0.04770763619485294	0.6119853986999717	0.09739805752255748	1.0276744761818217	0.5017834745738637	3.218083938465795	0.14983986262769775	0.5176606637305691	6.984395964916668	0.2976028921575657	0.21637958832293946	0.2164481699329645	0.2695693495865304	0.5102190908491037	104.86386823193689	-931.6794845603897	4.764626416211405E-4	0.7369960776325071	4.423234377539008E-4	3.0036240969070336E-7	1.0331615591995185
97800000	-9640.634678289754	-8685.689241273247	-954.9454370165068	-8515.119113182813	93.32882210040486	1273.3956259368758	0.07367644244534076	0.18840816779172714	0.13381977483808477	0.0580752434033763	0.19273526908253893	0.275599454540927	1.7545472625187373	0.24066183872143257	2.960509952352538	0.29132424827650083	0.7537156244799209	0.18840816779172714	0.13381977483808477	0.0580752434033763	0.19273526908253893	0.275599454540927	1.7545472625187373	0.24066183872143257	2.960509952352538	0.29132424827650083	0.7537156244799209	6.675835480536708	0.29998719663948265	0.20856068219157892	0.21767801354141883	0.2737741076275197	0.4889595053005432	141.15126448233394	-945.3478468447221	5.447080356732793E-4	0.761308841821574	4.5046510761858027E-4	1.9319682532419986E-7	0.8299724725149427
97900000	-9671.967087594814	-8701.42680469064	-970.5402829041747	-8528.790761110828	95.4234991863667	1279.797393664559	0.1244693311370835	1.5513418422790286	0.16929126633856872	2.123695500701074	0.3742444918198143	1.020027578363132	0.26765509086207173	1.594225252313469	3.043031105584134	0.0045682453569530984	0.35141788096858695	1.5513418422790286	0.16929126633856872	2.123695500701074	0.3742444918198143	1.020027578363132	0.26765509086207173	1.594225252313469	3.043031105584134	0.0045682453569530984	0.35141788096858695	7.136749249782325	0.28008927804605144	0.2105643103355521	0.21341820728981994	0.2959282043285766	0.5190356550681842	136.66306725354664	-957.6687569902373	4.7197531349719746E-4	0.8473448290654986	4.319926894691155E-4	1.7392857678424961E-7	0.907585628706413
98000000	-9657.683851388227	-8698.775433811226	-958.9084175770003	-8530.649898684082	140.90410547997243	1342.688592584362	0.09239291221606424	0.07882663564504315	0.04563675533572316	0.2181025415122251	1.268979268185639	0.8341191792198304	0.8181241328556762	0.4623412134166441	1.8218510900827278	0.1345434589496407	0.25089094486258107	0.07882663564504315	0.04563675533572316	0.2181025415122251	1.268979268185639	0.8341191792198304	0.8181241328556762	0.4623412134166441	1.8218510900827278	0.1345434589496407	0.25089094486258107	6.551665537658905	0.30638270255531463	0.20566596281713456	0.21341820728981994	0.2745331273377309	0.49627300679621345	136.49281244008475	-950.8034810684032	4.9433956825897E-4	0.7118847590756548	4.141930922600323E-4	2.0379661917657381E-7	0.9444033030754799
98100000	-9641.590416604016	-8669.25210507482	-972.3383115291964	-8503.126095326237	129.85949807148575	1524.138712173841	0.14260709811048547	0.13776125390873536	0.16673578592599836	0.3642265064735257	3.550302528527203	0.5984310081560408	1.2433410583066973	0.01134182902004632	2.475863315152729	0.016242037931463	0.6940719723069156	0.13776125390873536	0.16673578592599836	0.3642265064735257	3.550302528527203	0.5984310081560408	1.2433410583066973	0.01134182902004632	2.475863315152729	0.016242037931463	0.6940719723069156	7.65607293391431	0.30862037560256417	0.20882041677597787	0.19692899466676975	0.28563021295468827	0.5607753335962943	144.09712103573688	-960.2603934360602	5.584383445208152E-4	0.8769320488584842	3.781141006047156E-4	1.8109799137730335E-7	0.8311428508276254
98200000	-9656.420076273462	-8691.908084567563	-964.5119917058985	-8520.997426455506	91.36522435610789	1246.1492475912216	0.06778155570188514	0.07725952519711014	0.3138179987329093	0.45252505808215643	0.497211558828264	0.5802265863900218	4.2376021351274895	0.1467585773852572	3.8896206834250986	0.2598574672351011	0.5030253426734886	0.07725952519711014	0.3138179987329093	0.45252505808215643	0.497211558828264	0.5802265863900218	4.2376021351274895	0.1467585773852572	3.8896206834250986	0.2598574672351011	0.5030253426734886	7.31680222399731	0.29656017767437176	0.19952611074840923	0.20081426289525825	0.3030994486819608	0.5172538603440479	135.67026233379713	-950.2161930114183	5.518782905608817E-4	0.8310506759529502	4.734563346985045E-4	2.2857567517978084E-7	0.9194778223296547
98300000	-9687.01418115163	-8681.340330157715	-1005.6738509939146	-8528.73636457204	135.70369814966125	1820.9414884337546	0.0676227830986099	0.040480618244441685	0.1591710981058466	0.5120643752218674	0.6046753167607074	0.7062058159892581	0.7875818461504508	0.18223698244216735	5.282264606162023	0.23015407154528944	1.3223829576385293	0.040480618244441685	0.1591710981058466	0.5120643752218674	0.6046753167607074	0.7062058159892581	0.7875818461504508	0.18223698244216735	5.282264606162023	0.23015407154528944	1.3223829576385293	6.707379904122458	0.2907969850436276	0.21306157554109756	0.2143765995337235	0.2817648398815513	0.5084256729202855	178.29090115998716	-992.9914023836192	3.463472124653657E-4	0.8167154901507074	3.023603902304437E-4	1.2592291851770143E-7	0.9929746209499206
98400000	-9744.351030065956	-8721.534475091652	-1022.8165549743039	-8540.826438147013	131.56259043610302	1805.171689048983	0.12090214087596592	0.328679274391799	0.09871392811793882	0.006933322376472894	1.8663260700725102	0.6753692441569029	0.8244169520737916	0.5110206943631418	2.173508239498463	0.4164940030731585	0.6659143458328765	0.328679274391799	0.09871392811793882	0.006933322376472894	1.8663260700725102	0.6753692441569029	0.8244169520737916	0.5110206943631418	2.173508239498463	0.4164940030731585	0.6659143458328765	6.973792267403431	0.2907654853533512	0.21306157554109756	0.21208553848462752	0.2840874006209237	0.4710632573768399	231.21986425953602	-1013.0346503217974	3.7055415403422395E-4	0.7233292100883586	2.952388741416458E-4	6.907503074886308E-8	0.7268253635808287
98500000	-9676.432314832671	-8691.862680613121	-984.5696342195504	-8529.928426530154	124.21367713533506	1551.3122117043652	0.10829998811483606	0.04426671403536756	0.005758111768727131	0.31403408096790286	1.9826359679132814	0.4432096144860023	1.5206103294909852	0.2589865250740137	2.105720166581182	0.22697656343067787	0.44377426284551497	0.04426671403536756	0.005758111768727131	0.31403408096790286	1.9826359679132814	0.4432096144860023	1.5206103294909852	0.2589865250740137	2.105720166581182	0.22697656343067787	0.44377426284551497	6.7224313126306985	0.3117890641755761	0.21244210337051722	0.20507368614639696	0.2706951463075096	0.5440542245396868	175.2499873625123	-974.4324863023348	4.7214787830580105E-4	0.8664391404093466	3.614187340852215E-4	2.0944633776488765E-7	0.9638769538203354
98600000	-9642.320779074053	-8677.129213920593	-965.1915651534596	-8510.351665487073	117.1781608101341	1301.7196065143894	0.0944407074562327	0.3442301599473579	0.33384575339983724	1.1620941014147546	0.7007858780088002	0.6104525769972392	1.4125229138394182	0.8431048224473334	4.738859825258165	0.48442150015804797	0.04365227262918591	0.3442301599473579	0.33384575339983724	1.1620941014147546	0.7007858780088002	0.6104525769972392	1.4125229138394182	0.8431048224473334	4.738859825258165	0.48442150015804797	0.04365227262918591	6.869472855555749	0.31041042015197684	0.19066911047288462	0.21666981621921644	0.282250653155922	0.4848519259649031	125.56435483617675	-951.215020526546	5.605850968613312E-4	1.0199824253593206	4.362400598547005E-4	2.6132308387681894E-7	0.912531565022381
98700000	-9638.61330890171	-8681.46328729639	-957.15002160532	-8513.891487372419	114.13086437531997	1295.5888866484947	0.0909644619069225	0.4894746549614924	0.7267248687130489	0.252026057154753	0.12275275931011709	2.71711181164697	0.6667840478381039	0.8329259298903413	3.948167737514686	0.008428277012627789	1.5466721656944098	0.4894746549614924	0.7267248687130489	0.252026057154753	0.12275275931011709	2.71711181164697	0.6667840478381039	0.8329259298903413	3.948167737514686	0.008428277012627789	1.5466721656944098	5.612760424663871	0.28837464566178606	0.20003468156000268	0.2238835649288945	0.2877071078493167	0.5514817927286756	119.85406696954676	-943.3381780752927	5.667797845400561E-4	0.861930878453498	4.272923688588976E-4	3.477602624744546E-7	1.082969400452499
98800000	-9652.48004806584	-8648.56672894407	-1003.9133191217692	-8480.17086763759	113.5879344648474	1565.7628757077123	0.07013973603631712	0.09079526073110984	0.013352768413816466	0.7261813146567826	0.08129711773098686	0.46651196613083284	0.3580768390192629	0.31417955905645595	5.055290442767444	0.07656344765929471	0.5713812097442366	0.09079526073110984	0.013352768413816466	0.7261813146567826	0.08129711773098686	0.46651196613083284	0.3580768390192629	0.31417955905645595	5.055290442767444	0.07656344765929471	0.5713812097442366	6.580590470960416	0.30534090721830215	0.20414209375081346	0.21279289928034015	0.2777240997505442	0.508329988477381	177.8837513186672	-992.5827538492678	4.319375484791386E-4	0.9989292543833879	3.6620350535907924E-4	1.855310437204809E-7	0.9717027020018721
98900000	-9616.483791545865	-8652.336064383768	-964.1477271620964	-8489.041602906385	122.45850628483782	1273.4095073594945	0.0784639528193451	0.8063154845581746	0.12682574683473666	1.437952423696496	0.04980401011495999	0.86661687658178	3.249189367774541	0.5006032136410031	3.4623312193358706	0.4758449602803987	0.5977120087195469	0.8063154845581746	0.12682574683473666	1.437952423696496	0.04980401011495999	0.86661687658178	3.249189367774541	0.5006032136410031	3.4623312193358706	0.4758449602803987	0.5977120087195469	7.125441035444829	0.2946618338958277	0.22111416822566443	0.20649989812796368	0.2777240997505442	0.5270775989465981	149.4459291205187	-948.7349131472208	5.53424126888951E-4	1.068628750667335	4.639811313049291E-4	2.3643327619803305E-7	0.924976791626685
99000000	-9597.743538936673	-8666.965730183274	-930.7778087533993	-8506.927505441698	80.63204258688202	1041.5235263543734	0.08792810357564128	0.3874762585341417	0.16963949649153226	0.30057148802938105	0.8467385662157872	1.2771379225530024	1.8298482667289484	0.1991357236643828	4.164567816320694	0.20364349380463154	0.12278112272315661	0.3874762585341417	0.16963949649153226	0.30057148802938105	0.8467385662157872	1.2771379225530024	1.8298482667289484	0.1991357236643828	4.164567816320694	0.20364349380463154	0.12278112272315661	6.041995761100485	0.28456698889720955	0.20363281194516908	0.22009281936020542	0.2917073797974159	0.45055397269390923	104.69565740085206	-919.0544848248139	5.760463311195871E-4	0.7961160485559358	5.16726136611063E-4	2.888289738668328E-7	0.9372359974220741
99100000	-9631.86812028735	-8689.438882707535	-942.4292375798155	-8524.855388117798	89.58580859996371	1136.5346728677691	0.10066254799384823	1.129247574529309	0.4998518669896697	0.7989350319064372	1.6842037226837157	1.3387899598960105	0.9241712850204706	1.6105867927166024	3.839497314272808	0.060107301748388194	0.21510043450750357	1.129247574529309	0.4998518669896697	0.7989350319064372	1.6842037226837157	1.3387899598960105	0.9241712850204706	1.6105867927166024	3.839497314272808	0.060107301748388194	0.21510043450750357	6.356289444717817	0.2898381663021825	0.21706004354824981	0.2125508857816671	0.28055090436790053	0.6111707863698335	122.81338581232492	-927.6939180883885	6.213237776344476E-4	0.8273529214104856	4.729153510259496E-4	4.1694310135000487E-7	1.0880187707062654
99200000	-9603.677093151498	-8667.797537213997	-935.8795559375016	-8495.501121532794	101.05055181511099	1089.592106601763	0.06911143666970625	2.350048942152206	0.26451783338941964	0.7649513302823995	0.4197957694211049	0.78829746707458	2.413531758823378	0.9867154845234221	4.613270147850333	0.21792084311577128	0.2706821989388094	2.350048942152206	0.26451783338941964	0.7649513302823995	0.4197957694211049	0.78829746707458	2.413531758823378	0.9867154845234221	4.613270147850333	0.21792084311577128	0.2706821989388094	6.163286231824238	0.3027516836244812	0.2015180525949351	0.20938702157434494	0.28634324220623875	0.545712739694793	115.39070113166062	-919.4014796605702	5.481558151055853E-4	1.002664242907278	4.978756245623701E-4	7.411611811515445E-7	1.3811710327018727
99300000	-9625.227586974324	-8705.469106607892	-919.7584803664313	-8538.711566439073	71.31814455183925	940.1452922373171	0.11509624301856783	0.010347116524464186	0.48941339213645374	1.4505776419606407	1.2094463019357171	0.7205721844586919	2.7441589709163665	0.08896462414120765	5.3805002068489935	0.7214911702629953	0.18984869976438298	0.010347116524464186	0.48941339213645374	1.4505776419606407	1.2094463019357171	0.7205721844586919	2.7441589709163665	0.08896462414120765	5.3805002068489935	0.7214911702629953	0.18984869976438298	6.901115984932389	0.32168932672635925	0.20632422250559948	0.20174156136079832	0.27024488940724295	0.5418392000707719	105.16619254077587	-903.9540124384001	6.342982762653331E-4	0.912128343288141	6.276030658127869E-4	4.400961752575826E-7	1.0081074289124206
99400000	-9673.45134858038	-8686.240523593113	-987.210824987268	-8521.123972113928	102.04088304621055	1438.5891906196468	0.0862883338960627	0.18834936438908464	0.06895855317830502	0.4907406119115661	1.0610768390737564	1.4973327491155533	1.5680623766223782	0.5694562162913978	5.294021387923471	0.5690047413789371	0.0047904277756064375	0.18834936438908464	0.06895855317830502	0.4907406119115661	1.0610768390737564	1.4973327491155533	1.5680623766223782	0.5694562162913978	5.294021387923471	0.5690047413789371	0.0047904277756064375	6.357275975939952	0.298508088671755	0.21292752569341528	0.20848289151245758	0.28008149412237215	0.4493523841292392	177.5554806130758	-973.4442822507172	3.980185529637345E-4	0.7926874463751694	3.3786021998723366E-4	1.4423531825883684E-7	1.0255421515734922
99500000	-9621.99763977247	-8676.285985704064	-945.7116540684063	-8507.603953774791	114.13864652064221	1196.5857955709428	0.11182706471935797	0.052201636767538695	0.3200022412623088	0.6364465607889495	0.08944248631171317	0.3165695099443745	1.1221079895515467	0.39960477539853523	1.9317587833758147	0.35561898626896804	1.229726945499507	0.052201636767538695	0.3200022412623088	0.6364465607889495	0.08944248631171317	0.3165695099443745	1.1221079895515467	0.39960477539853523	1.9317587833758147	0.35561898626896804	1.229726945499507	6.292580188788255	0.30312365462343593	0.20089539688830585	0.21138594985118198	0.2845949986370762	0.4475273118122033	130.85120612101778	-936.7722126081151	6.783412136255565E-4	0.7926138011751437	4.7320698767820994E-4	3.204780392916837E-7	0.917674851411904
99600000	-9586.710329959675	-8665.666634408011	-921.0436955516642	-8498.846666257628	102.2410319432131	1182.3295917574355	0.17721146867291776	0.675410914807154	0.12115157603486289	1.3843991494949848	0.6945718444697542	0.22447399608536395	2.2021636370162496	0.9202915097235953	3.583205563940295	0.14100206360017192	0.505968572007413	0.675410914807154	0.12115157603486289	1.3843991494949848	0.6945718444697542	0.22447399608536395	2.2021636370162496	0.9202915097235953	3.583205563940295	0.14100206360017192	0.505968572007413	5.919278002465186	0.304402299197722	0.19036449793479024	0.2237728310464714	0.2814603718210164	0.520793077701393	108.00030570831551	-908.178585037578	6.30444366341501E-4	0.9963618368138704	4.7025375724401013E-4	3.7402057718721327E-7	1.0445332003988383
99700000	-9615.658120039072	-8671.038719756989	-944.6194002820833	-8503.77489272281	78.03121312376234	1067.7590331013503	0.0858089966490513	4.2462875120339225	0.6542685987328295	0.14613160692090915	0.5145908604993351	0.7304638250062085	2.1959255268382836	0.6179887173206358	4.0003255574692576	0.3541056367303077	0.2038664917478016	4.2462875120339225	0.6542685987328295	0.14613160692090915	0.5145908604993351	0.7304638250062085	2.1959255268382836	0.6179887173206358	4.0003255574692576	0.3541056367303077	0.2038664917478016	6.73485738823729	0.29407970491362373	0.21425688030385004	0.2156681884147491	0.2759952263677772	0.5137674314877206	114.93879256024618	-928.1421262786321	5.984939925098785E-4	0.8634787255573376	5.201238415793789E-4	3.21315278668493E-7	0.9549203815500384
99800000	-9618.932048821127	-8694.638204647294	-924.2938441738326	-8535.922650610537	89.59744986623474	1049.8532516127916	0.10423173292293628	0.11337146906750424	0.07151469496812583	0.23626468449610127	0.9089843134273815	0.9349733582095894	1.6013942419542793	0.2799437254739464	4.371851477200062	0.606234016082602	1.07685524741629	0.11337146906750424	0.07151469496812583	0.23626468449610127	0.9089843134273815	0.9349733582095894	1.6013942419542793	0.2799437254739464	4.371851477200062	0.606234016082602	1.07685524741629	5.2472719445984985	0.31597026002508966	0.20262025266021014	0.21848459476557208	0.26292489254912815	0.4501419521602666	119.6293269024953	-912.1916636917358	5.901506989063229E-4	0.7593997992720875	5.0593412132392E-4	3.7929829138763527E-7	1.006304362902675
99900000	-9602.81845495564	-8679.570045667484	-923.2484092881575	-8516.026973736192	95.83728603985662	1088.3114676449798	0.1301063240083028	1.2027315357597013	0.06721652125627288	1.8914524707045968	0.8715561354639806	0.5215061951956202	1.0703931737598422	0.21151446988848588	3.561684888320501	0.04343014467909381	2.2885622333781224	1.2027315357597013	0.06721652125627288	1.8914524707045968	0.8715561354639806	0.5215061951956202	1.0703931737598422	0.21151446988848588	3.561684888320501	0.04343014467909381	2.2885622333781224	6.52038038944699	0.2899914356945242	0.2173249204477312	0.19981020549955164	0.2928734383581931	0.5659077592025676	91.6513609425142	-909.4490695583863	6.313122793150222E-4	0.8034974595669225	4.985958583443179E-4	4.399531588885581E-7	1.0696783020718423
100000000	-9538.851504122884	-8666.670276331552	-872.1812277913331	-8502.931655340848	78.49815644975658	812.7639452680495	0.10635735341543748	2.350091152779561	0.16245253501743626	1.9092630168621363	1.3219565174191261	1.6992258797511395	2.3325019596454664	0.19870930768159642	5.6937245849185025	1.0684232385861185	0.8581759764078979	2.350091152779561	0.16245253501743626	1.9092630168621363	1.3219565174191261	1.6992258797511395	2.3325019596454664	0.19870930768159642	5.6937245849185025	1.0684232385861185	0.8581759764078979	6.439809832469056	0.2998526453654635	0.203272744884281	0.2040011713920625	0.2928734383581931	0.5100618039626313	70.38643922385182	-852.0027240061056	7.846486312280424E-4	0.8980892143310084	6.42914087974269E-4	6.824345704313623E-7	1.003496797979598
