accession	description	length	host_raw	host_canonical	host_group	host_ambiguous	country_raw	country	collection_date_raw	collection_date	decimal_year	date_precision	strain	isolate	lat_lon	is_vaccine	vaccine_pattern	has_H	H_length	H_source	has_F	has_N	is_complete_genome	exclude_reason
PZ769327.1	Morbillivirus canis isolate Fox_11 hemagglutinin (H) gene, complete cds	1999	Vulpes vulpes	Vulpes sp.	wild_canid	False	Turkey	Turkey	2025	2025	2025.5	year		Fox_11		False		True	1824	annotation	False	False	False	
PZ766579.1	Morbillivirus canis isolate CDV/Derventa/18/25 hemagglutinin (H) gene, partial cds	1785	fox	Vulpes sp.	wild_canid	False	Bosnia and Herzegovina	Bosnia and Herzegovina	2025	2025	2025.5	year		CDV/Derventa/18/25		False		True	1785	annotation	False	False	False	
PZ766578.1	Morbillivirus canis isolate CDV/Bugojno/214/24 hemagglutinin (H) gene, partial cds	1785	fox	Vulpes sp.	wild_canid	False	Bosnia and Herzegovina	Bosnia and Herzegovina	2024	2024	2024.5	year		CDV/Bugojno/214/24		False		True	1785	annotation	False	False	False	
PZ766577.1	Morbillivirus canis isolate CDV/Bugojno/213/24 hemagglutinin (H) gene, partial cds	1785	fox	Vulpes sp.	wild_canid	False	Bosnia and Herzegovina	Bosnia and Herzegovina	2024	2024	2024.5	year		CDV/Bugojno/213/24		False		True	1785	annotation	False	False	False	
PZ766576.1	Morbillivirus canis isolate CDV/Bugojno/212/24 hemagglutinin (H) gene, partial cds	1785	fox	Vulpes sp.	wild_canid	False	Bosnia and Herzegovina	Bosnia and Herzegovina	2024	2024	2024.5	year		CDV/Bugojno/212/24		False		True	1785	annotation	False	False	False	
PZ766575.1	Morbillivirus canis isolate CDV/Travnik/191/24 hemagglutinin (H) gene, partial cds	1785	fox	Vulpes sp.	wild_canid	False	Bosnia and Herzegovina	Bosnia and Herzegovina	2024	2024	2024.5	year		CDV/Travnik/191/24		False		True	1785	annotation	False	False	False	
PZ645865.1	Morbillivirus canis isolate Eram114 hemagglutinin (H) gene, partial cds	571	Panthera pardus Anatolian	Panthera pardus	wild_felid	False	Iran: Tehran	Iran	2026	2026	2026.5	year		Eram114		False		True	571	annotation	False	False	False	
PV806622.1	Morbillivirus canis strain CDVHR14 hemagglutinin (H) gene, complete cds	1824	Canis lupus familiaris	Canis lupus familiaris	domestic_dog	False	China: Hubei, Wuhan	China	2022	2022	2022.5	year	CDVHR14			False		True	1824	annotation	False	False	False	
PV806621.1	Morbillivirus canis strain CDVHR13 hemagglutinin (H) gene, complete cds	1824	Canis lupus familiaris	Canis lupus familiaris	domestic_dog	False	China: Hubei, Wuhan	China	2022	2022	2022.5	year	CDVHR13			False		True	1824	annotation	False	False	False	
PV806620.1	Morbillivirus canis strain CDVHR8 hemagglutinin (H) gene, complete cds	1824	Canis lupus familiaris	Canis lupus familiaris	domestic_dog	False	China: Hubei, Wuhan	China	2021	2021	2021.5	year	CDVHR8			False		True	1824	annotation	False	False	False	
PV806619.1	Morbillivirus canis strain CDVHR7 hemagglutinin (H) gene, complete cds	1824	Canis lupus familiaris	Canis lupus familiaris	domestic_dog	False	China: Hubei, Wuhan	China	2021	2021	2021.5	year	CDVHR7			False		True	1824	annotation	False	False	False	
PV806618.1	Morbillivirus canis strain CDVHR4 hemagglutinin (H) gene, complete cds	1824	Canis lupus familiaris	Canis lupus familiaris	domestic_dog	False	China: Hubei, Wuhan	China	2022	2022	2022.5	year	CDVHR4			False		True	1824	annotation	False	False	False	
PV806617.1	Morbillivirus canis strain CDVHR3 hemagglutinin (H) gene, complete cds	1824	Canis lupus familiaris	Canis lupus familiaris	domestic_dog	False	China: Hubei, Wuhan	China	2021	2021	2021.5	year	CDVHR3			False		True	1824	annotation	False	False	False	
PV806616.1	Morbillivirus canis strain CDVHR1 hemagglutinin (H) gene, complete cds	1824	Canis lupus familiaris	Canis lupus familiaris	domestic_dog	False	China: Hubei, Wuhan	China	2022	2022	2022.5	year	CDVHR1			False		True	1824	annotation	False	False	False	
PV806615.1	Morbillivirus canis strain CDVH220418 hemagglutinin (H) gene, complete cds	1824	Canis lupus familiaris	Canis lupus familiaris	domestic_dog	False	China: Hubei, Wuhan	China	2023-04-18	2023-04-18	2023.2931506849316	day	CDVH220418			False		True	1824	annotation	False	False	False	
PV806614.1	Morbillivirus canis strain CDVH15 hemagglutinin (H) gene, complete cds	1824	Canis lupus familiaris	Canis lupus familiaris	domestic_dog	False	China: Hubei, Wuhan	China	2023	2023	2023.5	year	CDVH15			False		True	1824	annotation	False	False	False	
PV806613.1	Morbillivirus canis strain CDVH9 hemagglutinin (H) gene, complete cds	1824	Canis lupus familiaris	Canis lupus familiaris	domestic_dog	False	China: Hubei, Wuhan	China	2023	2023	2023.5	year	CDVH9			False		True	1824	annotation	False	False	False	
PV806612.1	Morbillivirus canis strain CDVH4 hemagglutinin (H) gene, complete cds	1824	Canis lupus familiaris	Canis lupus familiaris	domestic_dog	False	China: Hubei, Wuhan	China	2023	2023	2023.5	year	CDVH4			False		True	1824	annotation	False	False	False	
PV806611.1	Morbillivirus canis strain CDVH3 hemagglutinin (H) gene, complete cds	1824	Canis lupus familiaris	Canis lupus familiaris	domestic_dog	False	China: Hubei, Wuhan	China	2022	2022	2022.5	year	CDVH3			False		True	1824	annotation	False	False	False	
PV806610.1	Morbillivirus canis strain CDVHFR hemagglutinin (H) gene, complete cds	1824	Canis lupus familiaris	Canis lupus familiaris	domestic_dog	False	China: Hubei, Wuhan	China	2023	2023	2023.5	year	CDVHFR			False		True	1824	annotation	False	False	False	
PV806609.1	Morbillivirus canis strain CDV29 hemagglutinin (H) gene, complete cds	1824	Canis lupus familiaris	Canis lupus familiaris	domestic_dog	False	China: Hubei, Wuhan	China	2023	2023	2023.5	year	CDV29			False		True	1824	annotation	False	False	False	
PV806608.1	Morbillivirus canis strain CDV19 hemagglutinin (H) gene, complete cds	1824	Canis lupus familiaris	Canis lupus familiaris	domestic_dog	False	China: Hubei, Wuhan	China	2023	2023	2023.5	year	CDV19			False		True	1824	annotation	False	False	False	
PV806607.1	Morbillivirus canis strain CDV18 hemagglutinin (H) gene, complete cds	1824	Canis lupus familiaris	Canis lupus familiaris	domestic_dog	False	China: Hubei, Wuhan	China	2023	2023	2023.5	year	CDV18			False		True	1824	annotation	False	False	False	
PV806606.1	Morbillivirus canis strain CDV16 hemagglutinin (H) gene, complete cds	1824	Canis lupus familiaris	Canis lupus familiaris	domestic_dog	False	China: Hubei, Wuhan	China	2023	2023	2023.5	year	CDV16			False		True	1824	annotation	False	False	False	
PX610320.1	Morbillivirus canis isolate CDV/577-15, complete genome	15687	Red fox (Vulpes vulpes)	Vulpes vulpes	wild_canid	False	Germany	Germany	2015	2015	2015.5	year		CDV/577-15		False		True	1946	annotation	True	True	True	
PX610319.1	Morbillivirus canis isolate CDV/877-20, complete genome	15689	Eurasian Lynx (Lynx lynx)	Lynx sp.	wild_felid	False	Germany	Germany	2020	2020	2020.5	year		CDV/877-20		False		True	1946	annotation	True	True	True	
PX656924.1	Morbillivirus canis isolate CDV_UY447, partial genome	15583	Canis lupus familiaris	Canis lupus familiaris	domestic_dog	False	Uruguay	Uruguay	21-Aug-2024	2024-08-21	2024.636612021858	day		CDV_UY447	34.90 S 56.19 W	False		True	1824	annotation	True	True	False	
PX656923.1	Morbillivirus canis isolate CDV_UY417, partial genome	15630	Canis lupus familiaris	Canis lupus familiaris	domestic_dog	False	Uruguay	Uruguay	27-Jul-2022	2022-07-27	2022.5671232876712	day		CDV_UY417	34.72 S 55.96 W	False		True	1824	annotation	True	True	False	
PX656922.1	Morbillivirus canis isolate CDV_UY218, partial genome	15588	Canis lupus familiaris	Canis lupus familiaris	domestic_dog	False	Uruguay	Uruguay	22-Jul-2011	2011-07-22	2011.5534246575342	day		CDV_UY218	34.50 S 56.03 W	False		True	1824	annotation	True	True	False	
PX656921.1	Morbillivirus canis isolate CDV_35_PE, partial genome	15577	Canis lupus familiaris	Canis lupus familiaris	domestic_dog	False	Peru	Peru	26-Nov-2021	2021-11-26	2021.9013698630138	day		CDV_35_PE	12.05 S 77.04 W	False		True	1824	annotation	True	True	False	
PX656920.1	Morbillivirus canis isolate CDV_10_PE, partial genome	15580	Canis lupus familiaris	Canis lupus familiaris	domestic_dog	False	Peru	Peru	26-Oct-2021	2021-10-26	2021.8164383561643	day		CDV_10_PE	12.05 S 77.04 W	False		True	1824	annotation	True	True	False	
PX656919.1	Morbillivirus canis isolate CDV_5_PE, partial genome	15555	Canis lupus familiaris	Canis lupus familiaris	domestic_dog	False	Peru	Peru	21-Oct-2021	2021-10-21	2021.8027397260273	day		CDV_5_PE	12.05 S 77.04 W	False		True	1824	annotation	True	True	False	
PX656918.1	Morbillivirus canis isolate CDV_106_MX, partial genome	15659	Canis lupus familiaris	Canis lupus familiaris	domestic_dog	False	Mexico	Mexico	10-Nov-2019	2019-11-10	2019.8575342465754	day		CDV_106_MX	19.43 N 99.13 W	False		True	1824	annotation	True	True	False	
PX656917.1	Morbillivirus canis isolate CDV_MX100, partial genome	15591	Canis lupus familiaris	Canis lupus familiaris	domestic_dog	False	Mexico	Mexico	26-Sep-2019	2019-09-26	2019.7342465753425	day		CDV_MX100	20.723 N 103.384 W	False		True	1824	annotation	True	True	False	
PX656916.1	Morbillivirus canis isolate CDV_MX44, partial genome	15635	Canis lupus familiaris	Canis lupus familiaris	domestic_dog	False	Mexico	Mexico	26-Oct-2018	2018-10-26	2018.8164383561643	day		CDV_MX44	20.723 N 103.384 W	False		True	1824	annotation	True	True	False	
PX656915.1	Morbillivirus canis isolate CDV_EC5, partial genome	15605	Canis lupus familiaris	Canis lupus familiaris	domestic_dog	False	Ecuador	Ecuador	12-Apr-2012	2012-04-12	2012.27868852459	day		CDV_EC5	1.592 S 79.003 W	False		True	1824	annotation	True	True	False	
PX656914.1	Morbillivirus canis isolate CDV_EC4, partial genome	15580	Canis lupus familiaris	Canis lupus familiaris	domestic_dog	False	Ecuador	Ecuador	28-Mar-2012	2012-03-28	2012.2377049180327	day		CDV_EC4	0.23 S 78.52 W	False		True	1824	annotation	True	True	False	
PX656913.1	Morbillivirus canis isolate CDV_EC3, partial genome	15581	Canis lupus familiaris	Canis lupus familiaris	domestic_dog	False	Ecuador	Ecuador	23-Mar-2012	2012-03-23	2012.224043715847	day		CDV_EC3	1.592 S 79.003 W	False		True	1824	annotation	True	True	False	
PX656912.1	Morbillivirus canis isolate CDV_BL76, partial genome	15666	Canis lupus familiaris	Canis lupus familiaris	domestic_dog	False	Bolivia	Bolivia	14-Sep-2023	2023-09-14	2023.7013698630137	day		CDV_BL76	17.773 S 63.158 W	False		True	1824	annotation	True	True	False	
PX656911.1	Morbillivirus canis isolate CDV_BL72, partial genome	15668	Canis lupus familiaris	Canis lupus familiaris	domestic_dog	False	Bolivia	Bolivia	13-Sep-2023	2023-09-13	2023.6986301369864	day		CDV_BL72	17.513 S 63.166 W	False		True	1824	annotation	True	True	False	
PX656910.1	Morbillivirus canis isolate CDV_BL70, partial genome	15662	Canis lupus familiaris	Canis lupus familiaris	domestic_dog	False	Bolivia	Bolivia	09-Sep-2023	2023-09-09	2023.6876712328767	day		CDV_BL70	17.513 S 63.166 W	False		True	1824	annotation	True	True	False	
PX789706.1	Canine distemper virus isolate 23040_Raccoon_2023, partial genome	8079	Procyon lotor	Procyon lotor	procyonid	False	USA: Michigan	USA	2023-01-11	2023-01-11	2023.027397260274	day		23040_Raccoon_2023		False		True	1824	annotation	True	False	False	
PX789705.1	Canine distemper virus isolate 22990_GrayFox_2022, partial genome	15284	Urocyon cinereoargenteus	Urocyon cinereoargenteus	wild_canid	False	USA: Michigan	USA	2022-11-14	2022-11-14	2022.868493150685	day		22990_GrayFox_2022		False		True	1824	annotation	True	True	False	
PX789704.1	Canine distemper virus isolate 221036_GrayFox_2022, partial genome	15039	Urocyon cinereoargenteus	Urocyon cinereoargenteus	wild_canid	False	USA: Michigan	USA	2022-11-22	2022-11-22	2022.890410958904	day		221036_GrayFox_2022		False		True	1824	annotation	True	True	False	
PX789703.1	Canine distemper virus isolate 23313_Raccoon_2023 hemagglutinin (H) gene, partial cds	1102	Procyon lotor	Procyon lotor	procyonid	False	USA: Michigan	USA	2023-05-24	2023-05-24	2023.3917808219178	day		23313_Raccoon_2023		False		True	1102	annotation	False	False	False	
PX789701.1	Canine distemper virus isolate 221044_Raccoon_2022 hemagglutinin (H) gene, partial cds	1102	Procyon lotor	Procyon lotor	procyonid	False	USA: Michigan	USA	2022-12-01	2022-12-01	2022.9150684931508	day		221044_Raccoon_2022		False		True	1102	annotation	False	False	False	
PX789700.1	Canine distemper virus isolate 23045_Raccoon_2022 hemagglutinin (H) gene, partial cds	760	Procyon lotor	Procyon lotor	procyonid	False	USA: Michigan	USA	2022-12-05	2022-12-05	2022.9260273972602	day		23045_Raccoon_2022		False		True	760	annotation	False	False	False	
PX789699.1	Canine distemper virus isolate 221042_Raccoon_2022 hemagglutinin (H) gene, partial cds	1099	Procyon lotor	Procyon lotor	procyonid	False	USA: Michigan	USA	2022-12-05	2022-12-05	2022.9260273972602	day		221042_Raccoon_2022		False		True	1099	annotation	False	False	False	
PX789698.1	Canine distemper virus isolate 22938_Raccoon_2022 hemagglutinin (H) gene, partial cds	1102	Procyon lotor	Procyon lotor	procyonid	False	USA: Michigan	USA	2022-10-22	2022-10-22	2022.805479452055	day		22938_Raccoon_2022		False		True	1102	annotation	False	False	False	
PX789697.1	Canine distemper virus isolate 23149_Raccoon_2023 hemagglutinin (H) gene, partial cds	1097	Procyon lotor	Procyon lotor	procyonid	False	USA: Michigan	USA	2023-03-01	2023-03-01	2023.1616438356164	day		23149_Raccoon_2023		False		True	1097	annotation	False	False	False	
PX789696.1	Canine distemper virus isolate 221045_Raccoon_2022 hemagglutinin (H) gene, partial cds	1116	Procyon lotor	Procyon lotor	procyonid	False	USA: Michigan	USA	2022-12-07	2022-12-07	2022.9315068493152	day		221045_Raccoon_2022		False		True	1116	annotation	False	False	False	
PX789695.1	Canine distemper virus isolate 22975_Raccoon_2022 hemagglutinin (H) gene, partial cds	1110	Procyon lotor	Procyon lotor	procyonid	False	USA: Michigan	USA	2022-10-27	2022-10-27	2022.8191780821917	day		22975_Raccoon_2022		False		True	1110	annotation	False	False	False	
PX789694.1	Canine distemper virus isolate 22951_Raccoon_2022 hemagglutinin (H) gene, partial cds	1097	Procyon lotor	Procyon lotor	procyonid	False	USA: Michigan	USA	2022-10-25	2022-10-25	2022.813698630137	day		22951_Raccoon_2022		False		True	1097	annotation	False	False	False	
PX789693.1	Canine distemper virus isolate 23170_Raccoon_2023 hemagglutinin (H) gene, partial cds	1100	Procyon lotor	Procyon lotor	procyonid	False	USA: Michigan	USA	2023-03-16	2023-03-16	2023.2027397260274	day		23170_Raccoon_2023		False		True	1100	annotation	False	False	False	
PX789692.1	Canine distemper virus isolate 23044_Raccoon_2023 hemagglutinin (H) gene, partial cds	1121	Procyon lotor	Procyon lotor	procyonid	False	USA: Michigan	USA	2023-01-12	2023-01-12	2023.0301369863014	day		23044_Raccoon_2023		False		True	1121	annotation	False	False	False	
PX789689.1	Canine distemper virus isolate 23047_GrayFox_2023 hemagglutinin (H) gene, partial cds	1102	Urocyon cinereoargenteus	Urocyon cinereoargenteus	wild_canid	False	USA: Michigan	USA	2023-01-12	2023-01-12	2023.0301369863014	day		23047_GrayFox_2023		False		True	1102	annotation	False	False	False	
PX789688.1	Canine distemper virus isolate 22978_GrayFox_2022 hemagglutinin (H) gene, partial cds	1075	Urocyon cinereoargenteus	Urocyon cinereoargenteus	wild_canid	False	USA: Michigan	USA	2022-10-21	2022-10-21	2022.8027397260273	day		22978_GrayFox_2022		False		True	1075	annotation	False	False	False	
PX789687.1	Canine distemper virus isolate 23219_RedFox_2023 hemagglutinin (H) gene, partial cds	1100	Vulpes vulpes	Vulpes sp.	wild_canid	False	USA: Michigan	USA	2023-04-23	2023-04-23	2023.3068493150686	day		23219_RedFox_2023		False		True	1100	annotation	False	False	False	
PX789686.1	Canine distemper virus isolate 22953_Coyote_2022 hemagglutinin (H) gene, partial cds	1097	Canis latrans	Canis latrans	wild_canid	False	USA: Michigan	USA	2022-10-18	2022-10-18	2022.7945205479452	day		22953_Coyote_2022		False		True	1097	annotation	False	False	False	
PX789685.1	Canine distemper virus isolate MI_Dog_2024 hemagglutinin (H) gene, complete cds	2006	Canis lupus familiaris	Canis lupus familiaris	domestic_dog	False	USA: Michigan	USA	2024-02	2024-02	2024.122950819672	month		MI_Dog_2024		False		True	1824	annotation	False	False	False	
PX789684.1	Canine distemper virus isolate MI_Dog5_2023 hemagglutinin (H) gene, partial cds	1066	Canis lupus familiaris	Canis lupus familiaris	domestic_dog	False	USA: Michigan	USA	2023-12	2023-12	2023.9561643835616	month		MI_Dog5_2023		False		True	1066	annotation	False	False	False	
PX789683.1	Canine distemper virus isolate MI_Raccoon_2023 hemagglutinin (H) gene, partial cds	1045	Procyon lotor	Procyon lotor	procyonid	False	USA: Michigan	USA	2023-10	2023-10	2023.7890410958903	month		MI_Raccoon_2023		False		True	1045	annotation	False	False	False	
PX789682.1	Canine distemper virus isolate MI_Dog3_2023 hemagglutinin (H) gene, partial cds	1033	Canis lupus familiaris	Canis lupus familiaris	domestic_dog	False	USA: Michigan	USA	2023-05	2023-05	2023.3698630136987	month		MI_Dog3_2023		False		True	1033	annotation	False	False	False	
PX789681.1	Canine distemper virus isolate MI_Dog2_2023 hemagglutinin (H) gene, complete cds	2007	Canis lupus familiaris	Canis lupus familiaris	domestic_dog	False	USA: Michigan	USA	2023-04	2023-04	2023.2876712328766	month		MI_Dog2_2023		False		True	1824	annotation	False	False	False	
PX789680.1	Canine distemper virus isolate MI_Dog1_2023 hemagglutinin (H) gene, partial cds	1044	Canis lupus familiaris	Canis lupus familiaris	domestic_dog	False	USA: Michigan	USA	2023-02	2023-02	2023.123287671233	month		MI_Dog1_2023		False		True	1044	annotation	False	False	False	
PX789679.1	Canine distemper virus isolate MI_Dog2_2021 hemagglutinin (H) gene, partial cds	1010	Canis lupus familiaris	Canis lupus familiaris	domestic_dog	False	USA: Michigan	USA	2021-04	2021-04	2021.2876712328766	month		MI_Dog2_2021		False		True	1010	annotation	False	False	False	
PX789678.1	Canine distemper virus isolate MI_Dog1_2021 hemagglutinin (H) gene, complete cds	1940	Canis lupus familiaris	Canis lupus familiaris	domestic_dog	False	USA: Michigan	USA	2021-01	2021-01	2021.041095890411	month		MI_Dog1_2021		False		True	1824	annotation	False	False	False	
PX789676.1	Canine distemper virus isolate 19279_Raccoon_2019 hemagglutinin (H) gene, complete cds	2002	Procyon lotor	Procyon lotor	procyonid	False	USA: Michigan	USA	2019-04-25	2019-04-25	2019.3123287671233	day		19279_Raccoon_2019		False		True	1824	annotation	False	False	False	
PX789675.1	Canine distemper virus isolate 19265_GrayFox_2019 hemagglutinin (H) gene, complete cds	1963	Urocyon cinereoargenteus	Urocyon cinereoargenteus	wild_canid	False	USA: Michigan	USA	2019-04-22	2019-04-22	2019.304109589041	day		19265_GrayFox_2019		False		True	1824	annotation	False	False	False	
PX789674.1	Canine distemper virus isolate MI_Dog4_2023 hemagglutinin (H) gene, partial cds	1613	Canis lupus familiaris	Canis lupus familiaris	domestic_dog	False	USA: Michigan	USA	2023-08	2023-08	2023.6219178082192	month		MI_Dog4_2023		False		True	1530	annotation	False	False	False	
PX789673.1	Canine distemper virus isolate 23222_Raccoon_2023 hemagglutinin (H) gene, partial cds	1102	Procyon lotor	Procyon lotor	procyonid	False	USA: Michigan	USA	2023-04-05	2023-04-05	2023.2575342465752	day		23222_Raccoon_2023		False		True	1102	annotation	False	False	False	
PX445144.1	Morbillivirus canis isolate crab_eating_fox_Argentina_2018, complete genome	15658	Cerdocyon thous	Cerdocyon thous	wild_canid	False	Argentina	Argentina	Apr-2018	2018-04	2018.2876712328766	month		crab_eating_fox_Argentina_2018	31.851940 S 58.320000 W	False		True	1824	annotation	True	True	True	
PX954424.1	Morbillivirus canis isolate 931_2024 fusion protein (F) gene, partial cds; hemagglutinin protein (H) gene, complete cds; and large polymerase (L) gene, partial cds	4483	Vulpes vulpes	Vulpes sp.	wild_canid	False	Hungary	Hungary	29-May-2024	2024-05-29	2024.4071038251366	day		931_2024		False		True	1824	annotation	True	False	False	
PZ380576.1	Canine distemper virus isolate CDVHN6 hemagglutinin (H) gene, complete cds	1824	dog	Canis lupus familiaris	domestic_dog	False	Viet Nam: Ha Noi	Viet Nam	2025	2025	2025.5	year		CDVHN6		False		True	1824	annotation	False	False	False	
PZ380575.1	Canine distemper virus isolate CDVHN3 hemagglutinin (H) gene, complete cds	1824	dog	Canis lupus familiaris	domestic_dog	False	Viet Nam: Ha Noi	Viet Nam	2025	2025	2025.5	year		CDVHN3		False		True	1824	annotation	False	False	False	
PZ170266.1	Canine distemper virus isolate CDV/Dog/CHN/2025/JK-01 hemagglutinin protein (H) gene, complete cds	1824	dog	Canis lupus familiaris	domestic_dog	False	China	China	Sep-2025	2025-09	2025.7068493150684	month		CDV/Dog/CHN/2025/JK-01		False		True	1824	annotation	False	False	False	
PZ168248.1	Canine distemper virus isolate CDV-HZ2024, complete genome	15691	canine	Canis lupus familiaris	domestic_dog	False	China: Hangzhou	China	2024	2024	2024.5	year		CDV-HZ2024		False		True	1824	annotation	True	True	True	
PZ055871.1	UNVERIFIED: Morbillivirus canis isolate Arctocephalus/GoreBay/2020, partial genome	14144	Arctocephalus forsteri (Fur seal)	Phoca sp.	pinniped	False	New Zealand: Gore Bay	New Zealand	2020	2020	2020.5	year		Arctocephalus/GoreBay/2020		False		True	1430	annotation	True	True	False	
PZ043807.1	Morbillivirus canis isolate Ca_CDV_6 hemagglutinin (H) gene, complete cds	1824	Canis lupus familiaris	Canis lupus familiaris	domestic_dog	False	China: Beijing	China	2020	2020	2020.5	year		Ca_CDV_6		False		True	1824	annotation	False	False	False	
PZ043806.1	Morbillivirus canis isolate Ca_CDV_5 hemagglutinin (H) gene, complete cds	1824	Canis lupus familiaris	Canis lupus familiaris	domestic_dog	False	China: Beijing	China	2020	2020	2020.5	year		Ca_CDV_5		False		True	1824	annotation	False	False	False	
PZ043805.1	Morbillivirus canis isolate Ca_CDV_4 nucleocapsid protein (N), phosphoprotein (P), C protein (C), matrix protein (M), fusion protein (F), hemagglutinin (H), and large polymerase protein (L) genes, complete cds	15664	Canis lupus familiaris	Canis lupus familiaris	domestic_dog	False	China: Beijing	China	2020	2020	2020.5	year		Ca_CDV_4		False		True	1824	annotation	True	True	False	
PZ043804.1	Morbillivirus canis isolate Ca_CDV_3 hemagglutinin (H) gene, complete cds	1824	Canis lupus familiaris	Canis lupus familiaris	domestic_dog	False	China: Beijing	China	2020	2020	2020.5	year		Ca_CDV_3		False		True	1824	annotation	False	False	False	
PZ043803.1	Morbillivirus canis isolate Ca_CDV_2 nucleocapsid protein (N), phosphoprotein (P), C protein (C), matrix protein (M), fusion protein (F), hemagglutinin (H), and large polymerase protein (L) genes, complete cds	15682	Canis lupus familiaris	Canis lupus familiaris	domestic_dog	False	China: Beijing	China	2020	2020	2020.5	year		Ca_CDV_2		False		True	1824	annotation	True	True	False	
PZ043802.1	Morbillivirus canis isolate Ca_CDV_1 hemagglutinin (H) gene, complete cds	1824	Canis lupus familiaris	Canis lupus familiaris	domestic_dog	False	China: Beijing	China	2020	2020	2020.5	year		Ca_CDV_1		False		True	1824	annotation	False	False	False	
PX904029.1	Morbillivirus canis isolate CDV/TUR/KNY-SLCK-93/2022 hemagglutinin (H) gene, partial cds	1671	domestic dog	Canis lupus familiaris	domestic_dog	False	Turkey	Turkey	2022	2022	2022.5	year		CDV/TUR/KNY-SLCK-93/2022		False		True	1671	annotation	False	False	False	
PX904028.1	Morbillivirus canis isolate CDV/TUR/KNY-SLCK-69/2022 hemagglutinin (H) gene, partial cds	1671	domestic dog	Canis lupus familiaris	domestic_dog	False	Turkey	Turkey	2022	2022	2022.5	year		CDV/TUR/KNY-SLCK-69/2022		False		True	1671	annotation	False	False	False	
PX991739.1	Morbillivirus canis isolate IVSAH-18499 hemagglutinin (H) gene, partial cds	738	canine	Canis lupus familiaris	domestic_dog	False	India: Odisha, Bhubaneswar, Jharpada	India	Sep-2025	2025-09	2025.7068493150684	month		IVSAH-18499		False		True	738	annotation	False	False	False	
OR880602.1	Morbillivirus canis isolate 297, partial genome	15349	Domestic dog	Canis lupus familiaris	domestic_dog	False	Bangladesh: Chattogram	Bangladesh	20-Jun-2023	2023-06-20	2023.4657534246576	day		297		False		True	1824	annotation	True	True	False	
OR880601.1	Morbillivirus canis isolate 129, partial genome	15265	Domestic dog	Canis lupus familiaris	domestic_dog	False	Bangladesh: Rajshahi	Bangladesh	28-Feb-2023	2023-02-28	2023.158904109589	day		129		False		True	1824	annotation	True	True	False	
OR880600.1	Morbillivirus canis isolate 120, partial genome	15349	Domestic dog	Canis lupus familiaris	domestic_dog	False	Bangladesh: Rajshahi	Bangladesh	28-Feb-2023	2023-02-28	2023.158904109589	day		120		False		True	1824	annotation	True	True	False	
OR880599.1	Morbillivirus canis isolate 114, partial genome	15349	Domestic dog	Canis lupus familiaris	domestic_dog	False	Bangladesh: Rajshahi	Bangladesh	28-Feb-2023	2023-02-28	2023.158904109589	day		114		False		True	1824	annotation	True	True	False	
OR880598.1	Morbillivirus canis isolate 107, partial genome	15335	Domestic dog	Canis lupus familiaris	domestic_dog	False	Bangladesh: Rajshahi	Bangladesh	28-Feb-2023	2023-02-28	2023.158904109589	day		107		False		True	1824	annotation	True	True	False	
OP209189.1	Canine morbillivirus strain Hungary/2007/Mfo/4, partial genome	15248	Martes foina	Martes sp.	mustelid	False	Hungary	Hungary	2007	2007	2007.5	year	Hungary/2007/Mfo/4			False		True	1824	annotation	True	True	False	
OP209188.1	Canine morbillivirus strain Hungary/2020/Mfo/35, partial genome	15248	Martes foina	Martes sp.	mustelid	False	Hungary	Hungary	01-Dec-2020	2020-12-01	2020.9153005464482	day	Hungary/2020/Mfo/35			False		True	1824	annotation	True	True	False	
OP209187.1	Canine morbillivirus strain Hungary/2019/Mpu/27234, partial genome	15248	Mustela putorius	Mustela sp.	mustelid	False	Hungary	Hungary	26-Mar-2019	2019-03-26	2019.2301369863014	day	Hungary/2019/Mpu/27234			False		True	1824	annotation	True	True	False	
OP209186.1	Canine morbillivirus strain Hungary/2018/Mev/28037, partial genome	15237	Mustela eversmannii	Mustela sp.	mustelid	False	Hungary	Hungary	07-Dec-2018	2018-12-07	2018.9315068493152	day	Hungary/2018/Mev/28037			False		True	1824	annotation	True	True	False	
OP209185.1	Canine morbillivirus strain Hungary/2021/Mev/28001, partial genome	15248	Mustela eversmannii	Mustela sp.	mustelid	False	Hungary	Hungary	02-Mar-2021	2021-03-02	2021.164383561644	day	Hungary/2021/Mev/28001			False		True	1824	annotation	True	True	False	
PX734748.1	Morbillivirus canis isolate 403_09, partial genome	15276	Vulpes_vulpes	Vulpes sp.	wild_canid	False	Italy	Italy	2009	2009	2009.5	year		403_09		False		True	1824	annotation	True	True	False	
PX734745.1	Morbillivirus canis isolate 350_09, partial genome	15276	Vulpes_vulpes	Vulpes sp.	wild_canid	False	Italy	Italy	2009	2009	2009.5	year		350_09		False		True	1824	annotation	True	True	False	
PX734733.1	Morbillivirus canis isolate 145_10, partial genome	15276	Vulpes_vulpes	Vulpes sp.	wild_canid	False	Italy	Italy	2010	2010	2010.5	year		145_10		False		True	1824	annotation	True	True	False	
OM811640.1	Canine morbillivirus isolate Hungary/2006, partial genome	15308	Lutra lutra	Lutra sp.	mustelid	False	Hungary	Hungary	23-Nov-2006	2006-11-23	2006.8931506849315	day		Hungary/2006		False		True	1824	annotation	True	True	False	
PX224982.1	UNVERIFIED: Morbillivirus canis isolate TR-5/ similar to H protein genomic sequence	1188	canine	Canis lupus familiaris	domestic_dog	False	Turkey	Turkey	2024	2024	2024.5	year		TR-5/		False		True	1188	length_heuristic_partial	False	False	False	
PX224981.1	UNVERIFIED: Morbillivirus canis isolate TR-18/ similar to H protein genomic sequence	1188	canine	Canis lupus familiaris	domestic_dog	False	Turkey	Turkey	2024	2024	2024.5	year		TR-18/		False		True	1188	length_heuristic_partial	False	False	False	
PP847349.1	Morbillivirus canis isolate CT-1_BR, complete genome	15749	Cerdocyon thous	Cerdocyon thous	wild_canid	False	Brazil	Brazil	Jun-2018	2018-06	2018.454794520548	month		CT-1_BR		False		True	1824	annotation	True	True	True	
PX049103.1	Morbillivirus canis isolate Farid3C114 hemagglutinin (H) gene, partial cds	551	Canis lupus familiaris	Canis lupus familiaris	domestic_dog	False	Iran: Tehran	Iran	2025	2025	2025.5	year		Farid3C114		False		True	551	annotation	False	False	False	
PV982277.1	Morbillivirus canis isolate S11Kashi114 hemagglutinin (H) gene, partial cds	546	Canis lupus familiaris	Canis lupus familiaris	domestic_dog	False	Iran: Tehran	Iran	2025	2025	2025.5	year		S11Kashi114		False		True	546	annotation	False	False	False	
PV982276.1	Morbillivirus canis isolate S10Kashi114 hemagglutinin (H) gene, partial cds	546	Canis lupus familiaris	Canis lupus familiaris	domestic_dog	False	Iran: Tehran	Iran	2025	2025	2025.5	year		S10Kashi114		False		True	546	annotation	False	False	False	
PV982275.1	Morbillivirus canis isolate S9Kashi114 hemagglutinin (H) gene, partial cds	546	Canis lupus familiaris	Canis lupus familiaris	domestic_dog	False	Iran: Tehran	Iran	2025	2025	2025.5	year		S9Kashi114		False		True	546	annotation	False	False	False	
PV982274.1	Morbillivirus canis isolate S8Kashi114 hemagglutinin (H) gene, partial cds	546	Canis lupus familiaris	Canis lupus familiaris	domestic_dog	False	Iran: Tehran	Iran	2025	2025	2025.5	year		S8Kashi114		False		True	546	annotation	False	False	False	
PV982273.1	Morbillivirus canis isolate S7Kashi114 hemagglutinin (H) gene, partial cds	546	Canis lupus familiaris	Canis lupus familiaris	domestic_dog	False	Iran: Tehran	Iran	2025	2025	2025.5	year		S7Kashi114		False		True	546	annotation	False	False	False	
PV982272.1	Morbillivirus canis isolate S6Kashi114 hemagglutinin (H) gene, partial cds	546	Canis lupus familiaris	Canis lupus familiaris	domestic_dog	False	Iran: Tehran	Iran	2025	2025	2025.5	year		S6Kashi114		False		True	546	annotation	False	False	False	
PV982271.1	Morbillivirus canis isolate S5Kashi114 hemagglutinin (H) gene, partial cds	546	Canis lupus familiaris	Canis lupus familiaris	domestic_dog	False	Iran: Tehran	Iran	2025	2025	2025.5	year		S5Kashi114		False		True	546	annotation	False	False	False	
PV982270.1	Morbillivirus canis isolate S4Kashi114 hemagglutinin (H) gene, partial cds	546	Canis lupus familiaris	Canis lupus familiaris	domestic_dog	False	Iran: Tehran	Iran	2025	2025	2025.5	year		S4Kashi114		False		True	546	annotation	False	False	False	
PV982269.1	Morbillivirus canis isolate S3Kashi114 hemagglutinin (H) gene, partial cds	431	Canis lupus familiaris	Canis lupus familiaris	domestic_dog	False	Iran: Tehran	Iran	2025	2025	2025.5	year		S3Kashi114		False		True	431	annotation	False	False	False	
PV978372.1	Morbillivirus canis isolate S2Kashi114 hemagglutinin (H) gene, partial cds	551	Canis lupus familiaris	Canis lupus familiaris	domestic_dog	False	Iran: Tehran	Iran	2025	2025	2025.5	year		S2Kashi114		False		True	551	annotation	False	False	False	
PV978371.1	Morbillivirus canis isolate S1Kashi114 hemagglutinin (H) gene, partial cds	550	Canis lupus familiaris	Canis lupus familiaris	domestic_dog	False	Iran: Tehran	Iran	2025	2025	2025.5	year		S1Kashi114		False		True	550	annotation	False	False	False	
PV778034.1	Morbillivirus canis isolate CDV/TUR/6535/2025, complete genome	15643	Shepherd dog	Canis lupus familiaris	domestic_dog	False	Turkey	Turkey	2025	2025	2025.5	year		CDV/TUR/6535/2025		False		True	1824	annotation	True	True	True	
PV778033.1	Morbillivirus canis isolate CDV/TUR/6529/2025, complete genome	15659	Shepherd dog	Canis lupus familiaris	domestic_dog	False	Turkey	Turkey	2025	2025	2025.5	year		CDV/TUR/6529/2025		False		True	1824	annotation	True	True	True	
PV712681.1	Morbillivirus canis isolate CDV/INDIA/TR25 hemagglutinin (H) gene, complete cds	1824	Canis lupus familiaris	Canis lupus familiaris	domestic_dog	False	India: Agartala	India	30-Sep-2022	2022-09-30	2022.7452054794521	day		CDV/INDIA/TR25	23.8315 N 91.2868 E	False		True	1824	annotation	False	False	False	
PV712680.1	Morbillivirus canis isolate CDV/INDIA/NL35 hemagglutinin (H) gene, complete cds	1824	Canis lupus familiaris	Canis lupus familiaris	domestic_dog	False	India: Kohima	India	07-Apr-2023	2023-04-07	2023.2630136986302	day		CDV/INDIA/NL35	25.6816 N 94.1069 E	False		True	1824	annotation	False	False	False	
PV712679.1	Morbillivirus canis isolate CDV/INDIA/AS22 hemagglutinin (H) gene, complete cds	1824	Canis lupus familiaris	Canis lupus familiaris	domestic_dog	False	India: Guwahati	India	08-Sep-2023	2023-09-08	2023.6849315068494	day		CDV/INDIA/AS22	26.1158 N 91.7086 E	False		True	1824	annotation	False	False	False	
PV712678.1	Morbillivirus canis isolate CDV/INDIA/AS13 hemagglutinin (H) gene, complete cds	1824	Canis lupus familiaris	Canis lupus familiaris	domestic_dog	False	India: Guwahati	India	22-Jun-2022	2022-06-22	2022.4712328767123	day		CDV/INDIA/AS13	26.1158 N 91.7086 E	False		True	1824	annotation	False	False	False	
PV712677.1	Morbillivirus canis isolate CDV/INDIA/MLD17 hemagglutinin (H) gene, complete cds	1824	Canis lupus familiaris	Canis lupus familiaris	domestic_dog	False	India: Shillong	India	11-Aug-2023	2023-08-11	2023.6082191780822	day		CDV/INDIA/MLD17	25.5788 N 91.8933 E	False		True	1824	annotation	False	False	False	
PV712676.1	Morbillivirus canis isolate CDV/INDIA/MLD15 hemagglutinin (H) gene, complete cds	1824	Canis lupus familiaris	Canis lupus familiaris	domestic_dog	False	India: Shillong	India	13-Sep-2022	2022-09-13	2022.6986301369864	day		CDV/INDIA/MLD15	25.5788 N 91.8933 E	False		True	1824	annotation	False	False	False	
PV712675.1	Morbillivirus canis isolate CDV/INDIA/MN41 hemagglutinin (H) gene, complete cds	1824	Canis lupus familiaris	Canis lupus familiaris	domestic_dog	False	India: Imphal	India	04-Dec-2022	2022-12-04	2022.9232876712329	day		CDV/INDIA/MN41	24.8170 N 93.9368 E	False		True	1824	annotation	False	False	False	
PV712674.1	Morbillivirus canis isolate CDV/INDIA/MN39 hemagglutinin (H) gene, complete cds	1824	Canis lupus familiaris	Canis lupus familiaris	domestic_dog	False	India: Imphal	India	11-Jun-2022	2022-06-11	2022.441095890411	day		CDV/INDIA/MN39	24.8170 N 93.9368 E	False		True	1824	annotation	False	False	False	
PV712673.1	Morbillivirus canis isolate CDV/INDIA/SK30 hemagglutinin (H) gene, complete cds	1824	Canis lupus familiaris	Canis lupus familiaris	domestic_dog	False	India: Gangtok	India	21-Feb-2022	2022-02-21	2022.1397260273973	day		CDV/INDIA/SK30	27.3314 N 88.6138 E	False		True	1824	annotation	False	False	False	
PV712672.1	Morbillivirus canis isolate CDV/INDIA/AP50 hemagglutinin (H) gene, complete cds	1824	Canis lupus familiaris	Canis lupus familiaris	domestic_dog	False	India: Seppa	India	27-Apr-2022	2022-04-27	2022.317808219178	day		CDV/INDIA/AP50	27.3610 N 93.0393 E	False		True	1824	annotation	False	False	False	
PV712671.1	Morbillivirus canis isolate CDV/INDIA/AP05 hemagglutinin (H) gene, complete cds	1824	Canis lupus familiaris	Canis lupus familiaris	domestic_dog	False	India: Itanagar	India	01-Mar-2022	2022-03-01	2022.1616438356164	day		CDV/INDIA/AP05	27.0860 N 93.6175 E	False		True	1824	annotation	False	False	False	
PV712670.1	Morbillivirus canis isolate CDV/INDIA/MZ58 hemagglutinin (H) gene, complete cds	1824	Canis lupus familiaris	Canis lupus familiaris	domestic_dog	False	India: Aizawl	India	19-Aug-2023	2023-08-19	2023.6301369863013	day		CDV/INDIA/MZ58	23.7307 N 92.7173 E	False		True	1824	annotation	False	False	False	
PV712668.1	Morbillivirus canis isolate CDV/INDIA/MZ05 hemagglutinin (H) gene, complete cds	1824	Canis lupus familiaris	Canis lupus familiaris	domestic_dog	False	India: Aizawl	India	26-Jul-2022	2022-07-26	2022.5643835616438	day		CDV/INDIA/MZ05	23.7307 N 92.7173 E	False		True	1824	annotation	False	False	False	
PV551190.1	Canine distemper virus isolate CDV-IST-50 hemagglutinin (H) gene, partial cds	489	domestic dog	Canis lupus familiaris	domestic_dog	False	Turkey	Turkey	2023	2023	2023.5	year		CDV-IST-50	40.58 N 29.4 E	False		True	489	annotation	False	False	False	
PV551189.1	Canine distemper virus isolate CDV-IST-49 hemagglutinin (H) gene, partial cds	489	domestic dog	Canis lupus familiaris	domestic_dog	False	Turkey	Turkey	2023	2023	2023.5	year		CDV-IST-49	40.58 N 29.4 E	False		True	489	annotation	False	False	False	
PV551188.1	Canine distemper virus isolate CDV-IST-48 hemagglutinin (H) gene, partial cds	489	domestic dog	Canis lupus familiaris	domestic_dog	False	Turkey	Turkey	2022	2022	2022.5	year		CDV-IST-48	40.58 N 29.4 E	False		True	489	annotation	False	False	False	
PV551187.1	Canine distemper virus isolate CDV-IST-47 hemagglutinin (H) gene, partial cds	489	domestic dog	Canis lupus familiaris	domestic_dog	False	Turkey	Turkey	2022	2022	2022.5	year		CDV-IST-47	40.58 N 29.4 E	False		True	489	annotation	False	False	False	
PV551186.1	Canine distemper virus isolate CDV-IST-46 hemagglutinin (H) gene, partial cds	489	domestic dog	Canis lupus familiaris	domestic_dog	False	Turkey	Turkey	2022	2022	2022.5	year		CDV-IST-46	40.58 N 29.4 E	False		True	489	annotation	False	False	False	
PV551185.1	Canine distemper virus isolate CDV-IST-45 hemagglutinin (H) gene, partial cds	489	domestic dog	Canis lupus familiaris	domestic_dog	False	Turkey	Turkey	2022	2022	2022.5	year		CDV-IST-45	40.58 N 29.4 E	False		True	489	annotation	False	False	False	
PV551184.1	Canine distemper virus isolate CDV-IST-44 hemagglutinin (H) gene, partial cds	489	domestic dog	Canis lupus familiaris	domestic_dog	False	Turkey	Turkey	2022	2022	2022.5	year		CDV-IST-44	40.58 N 29.4 E	False		True	489	annotation	False	False	False	
PV551183.1	Canine distemper virus isolate CDV-IST-43 hemagglutinin (H) gene, partial cds	489	domestic dog	Canis lupus familiaris	domestic_dog	False	Turkey	Turkey	2022	2022	2022.5	year		CDV-IST-43	40.58 N 29.4 E	False		True	489	annotation	False	False	False	
PV551182.1	Canine distemper virus isolate CDV-IST-42 hemagglutinin (H) gene, partial cds	489	domestic dog	Canis lupus familiaris	domestic_dog	False	Turkey	Turkey	2022	2022	2022.5	year		CDV-IST-42	40.58 N 29.4 E	False		True	489	annotation	False	False	False	
PV551181.1	Canine distemper virus isolate CDV-IST-41 hemagglutinin (H) gene, partial cds	489	domestic dog	Canis lupus familiaris	domestic_dog	False	Turkey	Turkey	2022	2022	2022.5	year		CDV-IST-41	40.58 N 29.4 E	False		True	489	annotation	False	False	False	
PV551180.1	Canine distemper virus isolate CDV-IST-40 hemagglutinin (H) gene, partial cds	489	domestic dog	Canis lupus familiaris	domestic_dog	False	Turkey	Turkey	2022	2022	2022.5	year		CDV-IST-40	40.58 N 29.4 E	False		True	489	annotation	False	False	False	
PV551179.1	Canine distemper virus isolate CDV-IST-39 hemagglutinin (H) gene, partial cds	489	domestic dog	Canis lupus familiaris	domestic_dog	False	Turkey	Turkey	2022	2022	2022.5	year		CDV-IST-39	40.58 N 29.4 E	False		True	489	annotation	False	False	False	
PV551178.1	Canine distemper virus isolate CDV-IST-38 hemagglutinin (H) gene, partial cds	489	domestic dog	Canis lupus familiaris	domestic_dog	False	Turkey	Turkey	2022	2022	2022.5	year		CDV-IST-38	40.58 N 29.4 E	False		True	489	annotation	False	False	False	
PV551177.1	Canine distemper virus isolate CDV-IST-37 hemagglutinin (H) gene, partial cds	489	domestic dog	Canis lupus familiaris	domestic_dog	False	Turkey	Turkey	2021	2021	2021.5	year		CDV-IST-37	40.58 N 29.4 E	False		True	489	annotation	False	False	False	
PV551176.1	Canine distemper virus isolate CDV-IST-36 hemagglutinin (H) gene, partial cds	489	domestic dog	Canis lupus familiaris	domestic_dog	False	Turkey	Turkey	2021	2021	2021.5	year		CDV-IST-36	40.58 N 29.4 E	False		True	489	annotation	False	False	False	
PV551175.1	Canine distemper virus isolate CDV-IST-35 hemagglutinin (H) gene, partial cds	489	domestic dog	Canis lupus familiaris	domestic_dog	False	Turkey	Turkey	2021	2021	2021.5	year		CDV-IST-35	40.58 N 29.4 E	False		True	489	annotation	False	False	False	
PV551174.1	Canine distemper virus isolate CDV-IST-34 hemagglutinin (H) gene, partial cds	489	domestic dog	Canis lupus familiaris	domestic_dog	False	Turkey	Turkey	2021	2021	2021.5	year		CDV-IST-34	40.58 N 29.4 E	False		True	489	annotation	False	False	False	
PV551173.1	Canine distemper virus isolate CDV-IST-33 hemagglutinin (H) gene, partial cds	486	domestic dog	Canis lupus familiaris	domestic_dog	False	Turkey	Turkey	2021	2021	2021.5	year		CDV-IST-33	40.58 N 29.4 E	False		True	486	annotation	False	False	False	
PV551172.1	Canine distemper virus isolate CDV-IST-32 hemagglutinin (H) gene, partial cds	487	domestic dog	Canis lupus familiaris	domestic_dog	False	Turkey	Turkey	2021	2021	2021.5	year		CDV-IST-32	40.58 N 29.4 E	False		True	487	annotation	False	False	False	
PV551171.1	Canine distemper virus isolate CDV-IST-31 hemagglutinin (H) gene, partial cds	489	domestic dog	Canis lupus familiaris	domestic_dog	False	Turkey	Turkey	2021	2021	2021.5	year		CDV-IST-31	40.58 N 29.4 E	False		True	489	annotation	False	False	False	
PV551170.1	Canine distemper virus isolate CDV-IST-30 hemagglutinin (H) gene, partial cds	489	domestic dog	Canis lupus familiaris	domestic_dog	False	Turkey	Turkey	2021	2021	2021.5	year		CDV-IST-30	40.58 N 29.4 E	False		True	489	annotation	False	False	False	
PV551169.1	Canine distemper virus isolate CDV-IST-29 hemagglutinin (H) gene, partial cds	489	domestic dog	Canis lupus familiaris	domestic_dog	False	Turkey	Turkey	2021	2021	2021.5	year		CDV-IST-29	40.58 N 29.4 E	False		True	489	annotation	False	False	False	
PV551168.1	Canine distemper virus isolate CDV-IST-28 hemagglutinin (H) gene, partial cds	487	domestic dog	Canis lupus familiaris	domestic_dog	False	Turkey	Turkey	2020	2020	2020.5	year		CDV-IST-28	40.58 N 29.4 E	False		True	487	annotation	False	False	False	
PV551167.1	Canine distemper virus isolate CDV-IST-27 hemagglutinin (H) gene, partial cds	489	domestic dog	Canis lupus familiaris	domestic_dog	False	Turkey	Turkey	2020	2020	2020.5	year		CDV-IST-27	40.58 N 29.4 E	False		True	489	annotation	False	False	False	
PV551166.1	Canine distemper virus isolate CDV-IST-26 hemagglutinin (H) gene, partial cds	489	domestic dog	Canis lupus familiaris	domestic_dog	False	Turkey	Turkey	2020	2020	2020.5	year		CDV-IST-26	40.58 N 29.4 E	False		True	489	annotation	False	False	False	
PV551165.1	Canine distemper virus isolate CDV-IST-25 hemagglutinin (H) gene, partial cds	489	domestic dog	Canis lupus familiaris	domestic_dog	False	Turkey	Turkey	2020	2020	2020.5	year		CDV-IST-25	40.58 N 29.4 E	False		True	489	annotation	False	False	False	
PV551164.1	Canine distemper virus isolate CDV-IST-24 hemagglutinin (H) gene, partial cds	489	domestic dog	Canis lupus familiaris	domestic_dog	False	Turkey	Turkey	2020	2020	2020.5	year		CDV-IST-24	40.58 N 29.4 E	False		True	489	annotation	False	False	False	
PV551163.1	Canine distemper virus isolate CDV-IST-23 hemagglutinin (H) gene, partial cds	489	domestic dog	Canis lupus familiaris	domestic_dog	False	Turkey	Turkey	2020	2020	2020.5	year		CDV-IST-23	40.58 N 29.4 E	False		True	489	annotation	False	False	False	
PV551162.1	Canine distemper virus isolate CDV-IST-22 hemagglutinin (H) gene, partial cds	489	domestic dog	Canis lupus familiaris	domestic_dog	False	Turkey	Turkey	2020	2020	2020.5	year		CDV-IST-22	40.58 N 29.4 E	False		True	489	annotation	False	False	False	
PV551161.1	Canine distemper virus isolate CDV-IST-21 hemagglutinin (H) gene, partial cds	489	domestic dog	Canis lupus familiaris	domestic_dog	False	Turkey	Turkey	2019	2019	2019.5	year		CDV-IST-21	40.58 N 29.4 E	False		True	489	annotation	False	False	False	
PV551160.1	Canine distemper virus isolate CDV-IST-20 hemagglutinin (H) gene, partial cds	489	domestic dog	Canis lupus familiaris	domestic_dog	False	Turkey	Turkey	2019	2019	2019.5	year		CDV-IST-20	40.58 N 29.4 E	False		True	489	annotation	False	False	False	
PV551159.1	Canine distemper virus isolate CDV-IST-19 hemagglutinin (H) gene, partial cds	489	domestic dog	Canis lupus familiaris	domestic_dog	False	Turkey	Turkey	2019	2019	2019.5	year		CDV-IST-19	40.58 N 29.4 E	False		True	489	annotation	False	False	False	
PV551158.1	Canine distemper virus isolate CDV-IST-18 hemagglutinin (H) gene, partial cds	489	domestic dog	Canis lupus familiaris	domestic_dog	False	Turkey	Turkey	2019	2019	2019.5	year		CDV-IST-18	40.58 N 29.4 E	False		True	489	annotation	False	False	False	
PV551157.1	Canine distemper virus isolate CDV-IST-17 hemagglutinin (H) gene, partial cds	489	domestic dog	Canis lupus familiaris	domestic_dog	False	Turkey	Turkey	2019	2019	2019.5	year		CDV-IST-17	40.58 N 29.4 E	False		True	489	annotation	False	False	False	
PV551156.1	Canine distemper virus isolate CDV-IST-16 hemagglutinin (H) gene, partial cds	489	domestic dog	Canis lupus familiaris	domestic_dog	False	Turkey	Turkey	2019	2019	2019.5	year		CDV-IST-16	40.58 N 29.4 E	False		True	489	annotation	False	False	False	
PV551155.1	Canine distemper virus isolate CDV-IST-15 hemagglutinin (H) gene, partial cds	489	domestic dog	Canis lupus familiaris	domestic_dog	False	Turkey	Turkey	2019	2019	2019.5	year		CDV-IST-15	40.58 N 29.4 E	False		True	489	annotation	False	False	False	
PV551154.1	Canine distemper virus isolate CDV-IST-14 hemagglutinin (H) gene, partial cds	489	domestic dog	Canis lupus familiaris	domestic_dog	False	Turkey	Turkey	2019	2019	2019.5	year		CDV-IST-14	40.58 N 29.4 E	False		True	489	annotation	False	False	False	
PV551153.1	Canine distemper virus isolate CDV-IST-13 hemagglutinin (H) gene, partial cds	489	domestic dog	Canis lupus familiaris	domestic_dog	False	Turkey	Turkey	2019	2019	2019.5	year		CDV-IST-13	40.58 N 29.4 E	False		True	489	annotation	False	False	False	
PV551152.1	Canine distemper virus isolate CDV-IST-12 hemagglutinin (H) gene, partial cds	489	domestic dog	Canis lupus familiaris	domestic_dog	False	Turkey	Turkey	2019	2019	2019.5	year		CDV-IST-12	40.58 N 29.4 E	False		True	489	annotation	False	False	False	
PV551151.1	Canine distemper virus isolate CDV-IST-11 hemagglutinin (H) gene, partial cds	489	domestic dog	Canis lupus familiaris	domestic_dog	False	Turkey	Turkey	2019	2019	2019.5	year		CDV-IST-11	40.58 N 29.4 E	False		True	489	annotation	False	False	False	
PV551150.1	Canine distemper virus isolate CDV-IST-10 hemagglutinin (H) gene, partial cds	489	domestic dog	Canis lupus familiaris	domestic_dog	False	Turkey	Turkey	2019	2019	2019.5	year		CDV-IST-10	40.58 N 29.4 E	False		True	489	annotation	False	False	False	
PV551149.1	Canine distemper virus isolate CDV-IST-09 hemagglutinin (H) gene, partial cds	489	domestic dog	Canis lupus familiaris	domestic_dog	False	Turkey	Turkey	2019	2019	2019.5	year		CDV-IST-09	40.58 N 29.4 E	False		True	489	annotation	False	False	False	
PV551148.1	Canine distemper virus isolate CDV-IST-08 hemagglutinin (H) gene, partial cds	489	domestic dog	Canis lupus familiaris	domestic_dog	False	Turkey	Turkey	2019	2019	2019.5	year		CDV-IST-08	40.58 N 29.4 E	False		True	489	annotation	False	False	False	
PV551147.1	Canine distemper virus isolate CDV-IST-07 hemagglutinin (H) gene, partial cds	489	domestic dog	Canis lupus familiaris	domestic_dog	False	Turkey	Turkey	2019	2019	2019.5	year		CDV-IST-07	40.58 N 29.4 E	False		True	489	annotation	False	False	False	
PV551146.1	Canine distemper virus isolate CDV-IST-06 hemagglutinin (H) gene, partial cds	489	domestic dog	Canis lupus familiaris	domestic_dog	False	Turkey	Turkey	2019	2019	2019.5	year		CDV-IST-06	40.58 N 29.4 E	False		True	489	annotation	False	False	False	
PV551145.1	Canine distemper virus isolate CDV-IST-05 hemagglutinin (H) gene, partial cds	489	domestic dog	Canis lupus familiaris	domestic_dog	False	Turkey	Turkey	2018	2018	2018.5	year		CDV-IST-05	40.58 N 29.4 E	False		True	489	annotation	False	False	False	
PV551144.1	Canine distemper virus isolate CDV-IST-04 hemagglutinin (H) gene, partial cds	489	domestic dog	Canis lupus familiaris	domestic_dog	False	Turkey	Turkey	2018	2018	2018.5	year		CDV-IST-04	40.58 N 29.4 E	False		True	489	annotation	False	False	False	
PV551143.1	Canine distemper virus isolate CDV-IST-03 hemagglutinin (H) gene, partial cds	489	domestic dog	Canis lupus familiaris	domestic_dog	False	Turkey	Turkey	2018	2018	2018.5	year		CDV-IST-03	40.58 N 29.4 E	False		True	489	annotation	False	False	False	
PV551142.1	Canine distemper virus isolate CDV-IST-02 hemagglutinin (H) gene, partial cds	489	domestic dog	Canis lupus familiaris	domestic_dog	False	Turkey	Turkey	2018	2018	2018.5	year		CDV-IST-02	40.58 N 29.4 E	False		True	489	annotation	False	False	False	
PV551141.1	Canine distemper virus isolate CDV-IST-01 hemagglutinin (H) gene, partial cds	489	domestic dog	Canis lupus familiaris	domestic_dog	False	Turkey	Turkey	2018	2018	2018.5	year		CDV-IST-01	40.58 N 29.4 E	False		True	489	annotation	False	False	False	
PQ584613.1	Canine distemper virus strain ITA/2022/badger/33340, complete genome	15690	badger	Meles meles	mustelid	False	Italy	Italy	2022	2022	2022.5	year	ITA/2022/badger/33340			False		True	1824	annotation	True	True	True	
PV153711.1	Canine distemper virus strain CDVA3 hemagglutinin (H) gene, partial cds	1646	canine	Canis lupus familiaris	domestic_dog	False	India	India	2022	2022	2022.5	year	CDVA3			False		True	1646	annotation	False	False	False	
PV124386.1	Canine distemper virus isolate CDVA2 hemagglutinin (H) gene, partial cds	1657	canine	Canis lupus familiaris	domestic_dog	False	India	India	2022	2022	2022.5	year		CDVA2		False		True	1657	annotation	False	False	False	
PV124385.1	Canine distemper virus isolate CDVA1 hemagglutinin (H) gene, partial cds	1648	canine	Canis lupus familiaris	domestic_dog	False	India	India	2022	2022	2022.5	year		CDVA1		False		True	1648	annotation	False	False	False	
PV124384.1	Canine distemper virus isolate CDVA4 hemagglutinin (H) gene, partial cds	1660	canine	Canis lupus familiaris	domestic_dog	False	India	India	2022	2022	2022.5	year		CDVA4		False		True	1660	annotation	False	False	False	
PQ895525.1	Morbillivirus canis isolate CDVM1 hemagglutinin (H) gene, partial cds	1628	dog	Canis lupus familiaris	domestic_dog	False	India: Uttar Pradesh, Mirzapur	India	20-May-2022	2022-05-20	2022.3808219178081	day		CDVM1		False		True	1628	annotation	False	False	False	
PQ860808.1	Canine distemper virus isolate LY, complete genome	15690	dog	Canis lupus familiaris	domestic_dog	False	China: Henan	China	2024	2024	2024.5	year		LY		False		True	1824	annotation	True	True	True	
PQ869777.1	Canine distemper virus isolate Asiatic lion/Gujarat/2018 hemagglutinin (H) gene, partial cds	602	Asiatic lion	Panthera leo	wild_felid	False	India	India	2018	2018	2018.5	year		Asiatic lion/Gujarat/2018		False		True	602	annotation	False	False	False	
PQ869776.1	Canine distemper virus isolate Leopard/HP/2023 hemagglutinin (H) gene, partial cds	730	Leopard	Panthera pardus	wild_felid	False	India	India	2023	2023	2023.5	year		Leopard/HP/2023		False		True	730	annotation	False	False	False	
PQ869775.1	Canine distemper virus isolate Leopard/UP/2023 hemagglutinin (H) gene, partial cds	702	Leopard	Panthera pardus	wild_felid	False	India	India	2023	2023	2023.5	year		Leopard/UP/2023		False		True	702	annotation	False	False	False	
PQ869774.1	Canine distemper virus isolate Red panda/2016 hemagglutinin (H) gene, partial cds	670	Red panda	Ailurus fulgens	ailurid	False	India	India	2016	2016	2016.5	year		Red panda/2016		False		True	670	annotation	False	False	False	
PQ869773.1	Canine distemper virus isolate Fox/Jharkand/2022 hemagglutinin (H) gene, partial cds	632	fox	Vulpes sp.	wild_canid	False	India	India	2022	2022	2022.5	year		Fox/Jharkand/2022		False		True	632	annotation	False	False	False	
MW876862.2	Canine morbillivirus isolate Jackal/India-Assam/2019/0198, complete genome	15691	Indian Jackal	Canis sp.	wild_canid	False	India	India	23-Mar-2019	2019-03-23	2019.2219178082191	day		Jackal/India-Assam/2019/0198		False		True	1824	annotation	True	True	True	
PQ625782.1	Canine distemper virus isolate AM1/IR/21 hemagglutinin (H) gene, complete cds	1824	dog	Canis lupus familiaris	domestic_dog	False	Iran	Iran	2021	2021	2021.5	year		AM1/IR/21		False		True	1824	annotation	False	False	False	
PQ611763.1	Canine distemper virus isolate AR/IR/21 hemagglutinin (H) gene, complete cds	1824	dog	Canis lupus familiaris	domestic_dog	False	Iran	Iran	2021	2021	2021.5	year		AR/IR/21		False		True	1824	annotation	False	False	False	
PQ474983.1	Canine distemper virus isolate BJ-YE, complete genome	15690	dog	Canis lupus familiaris	domestic_dog	False	China: Beijing	China	2023	2023	2023.5	year		BJ-YE		False		True	1824	annotation	True	True	True	
PQ311666.1	Canine distemper virus isolate CDV9 large polymerase protein (H) gene, partial cds	555	dog	Canis lupus familiaris	domestic_dog	False	Viet Nam: Hai Phong	Viet Nam	23-Jul-2022	2022-07-23	2022.5561643835617	day		CDV9		False		True	555	annotation	False	False	False	
PQ311665.1	Canine distemper virus isolate CVD1 large polymerase protein (H) gene, partial cds	555	dog	Canis lupus familiaris	domestic_dog	False	Viet Nam: Ha Noi	Viet Nam	05-Nov-2017	2017-11-05	2017.8438356164384	day		CVD1		False		True	555	annotation	False	False	False	
PQ241500.1	Canine distemper virus strain HN4-2017 hemagglutinin (H) gene, complete cds	1824	dog	Canis lupus familiaris	domestic_dog	False	Viet Nam: Ha Noi	Viet Nam	04-Oct-2017	2017-10-04	2017.7561643835616	day	HN4-2017			False		True	1824	annotation	False	False	False	
PQ241499.1	Canine distemper virus strain HN1-2017 hemagglutinin (H) gene, complete cds	1824	dog	Canis lupus familiaris	domestic_dog	False	Viet Nam: Ha Noi	Viet Nam	05-Nov-2017	2017-11-05	2017.8438356164384	day	HN1-2017			False		True	1824	annotation	False	False	False	
PQ241498.1	Canine distemper virus strain HN15-2018 hemagglutinin (H) gene, complete cds	1824	dog	Canis lupus familiaris	domestic_dog	False	Viet Nam: Ha Noi	Viet Nam	04-Aug-2018	2018-08-04	2018.5890410958905	day	HN15-2018			False		True	1824	annotation	False	False	False	
PQ241497.1	Canine distemper virus strain HN5-2019 hemagglutinin (H) gene, complete cds	1824	dog	Canis lupus familiaris	domestic_dog	False	Viet Nam: Ha Noi	Viet Nam	07-Mar-2019	2019-03-07	2019.1780821917807	day	HN5-2019			False		True	1824	annotation	False	False	False	
PQ241496.1	Canine distemper virus strain QN4-2023 hemagglutinin (H) gene, complete cds	1824	dog	Canis lupus familiaris	domestic_dog	False	Viet Nam: Quang Ninh	Viet Nam	10-Sep-2023	2023-09-10	2023.690410958904	day	QN4-2023			False		True	1824	annotation	False	False	False	
PQ241495.1	Canine distemper virus strain NA14-2023 hemagglutinin (H) gene, complete cds	1824	dog	Canis lupus familiaris	domestic_dog	False	Viet Nam: Nghe An	Viet Nam	21-Nov-2023	2023-11-21	2023.8876712328768	day	NA14-2023			False		True	1824	annotation	False	False	False	
PQ241494.1	Canine distemper virus strain HA2-2023 hemagglutinin (H) gene, complete cds	1824	dog	Canis lupus familiaris	domestic_dog	False	Viet Nam: Ha Noi	Viet Nam	05-Oct-2023	2023-10-05	2023.7589041095891	day	HA2-2023			False		True	1824	annotation	False	False	False	
PQ241493.1	Canine distemper virus strain HA1-2023 hemagglutinin (H) gene, complete cds	1824	dog	Canis lupus familiaris	domestic_dog	False	Viet Nam: Ha Noi	Viet Nam	03-Oct-2023	2023-10-03	2023.7534246575342	day	HA1-2023			False		True	1824	annotation	False	False	False	
PQ241492.1	Canine distemper virus strain HN2-2017 hemagglutinin (H) gene, complete cds	1824	dog	Canis lupus familiaris	domestic_dog	False	Viet Nam: Ha Noi	Viet Nam	05-Sep-2017	2017-09-05	2017.676712328767	day	HN2-2017			False		True	1824	annotation	False	False	False	
PQ241491.1	Canine distemper virus strain QN1-2017 hemagglutinin (H) gene, complete cds	1824	dog	Canis lupus familiaris	domestic_dog	False	Viet Nam: Quang Ninh	Viet Nam	05-Oct-2017	2017-10-05	2017.7589041095891	day	QN1-2017			False		True	1824	annotation	False	False	False	
PQ241490.1	Canine distemper virus strain NA12-2017 hemagglutinin (H) gene, complete cds	1824	dog	Canis lupus familiaris	domestic_dog	False	Viet Nam: Nghe An	Viet Nam	03-Oct-2017	2017-10-03	2017.7534246575342	day	NA12-2017			False		True	1824	annotation	False	False	False	
PQ241489.1	Canine distemper virus strain HN10-2017 hemagglutinin (H) gene, complete cds	1824	dog	Canis lupus familiaris	domestic_dog	False	Viet Nam: Ha Noi	Viet Nam	07-Sep-2017	2017-09-07	2017.682191780822	day	HN10-2017			False		True	1824	annotation	False	False	False	
PQ241488.1	Canine distemper virus strain QN2-2018 hemagglutinin (H) gene, complete cds	1824	dog	Canis lupus familiaris	domestic_dog	False	Viet Nam: Quang Ninh	Viet Nam	02-Aug-2020	2020-08-02	2020.5846994535518	day	QN2-2018			False		True	1824	annotation	False	False	False	
PQ241487.1	Canine distemper virus strain HN3a-2020 hemagglutinin (H) gene, complete cds	1824	dog	Canis lupus familiaris	domestic_dog	False	Viet Nam: Ha Noi	Viet Nam	21-Sep-2020	2020-09-21	2020.72131147541	day	HN3a-2020			False		True	1824	annotation	False	False	False	
PQ241486.1	Canine distemper virus strain HP9-2022 hemagglutinin (H) gene, complete cds	1824	dog	Canis lupus familiaris	domestic_dog	False	Viet Nam: Hai Phong	Viet Nam	23-Jul-2022	2022-07-23	2022.5561643835617	day	HP9-2022			False		True	1824	annotation	False	False	False	
PQ241485.1	Canine distemper virus strain HP-2022 hemagglutinin (H) gene, complete cds	1824	dog	Canis lupus familiaris	domestic_dog	False	Viet Nam: Hai Phong	Viet Nam	20-May-2022	2022-05-20	2022.3808219178081	day	HP-2022			False		True	1824	annotation	False	False	False	
PQ241484.1	Canine distemper virus strain HNKL1-2023 hemagglutinin (H) gene, complete cds	1824	dog	Canis lupus familiaris	domestic_dog	False	Viet Nam: Ha Noi	Viet Nam	12-Jan-2023	2023-01-12	2023.0301369863014	day	HNKL1-2023			False		True	1824	annotation	False	False	False	
PQ241483.1	Canine distemper virus strain HNSN10-2023 hemagglutinin (H) gene, complete cds	1824	dog	Canis lupus familiaris	domestic_dog	False	Viet Nam: Ha Noi	Viet Nam	10-Oct-2023	2023-10-10	2023.772602739726	day	HNSN10-2023			False		True	1824	annotation	False	False	False	
OR777862.1	Morbillivirus canis isolate CDV(Dog)/Bly/Ind/2018, complete genome	15690	dog	Canis lupus familiaris	domestic_dog	False	India	India	2018	2018	2018.5	year		CDV(Dog)/Bly/Ind/2018		False		True	1824	annotation	True	True	True	
PP977570.1	Canine distemper virus isolate CD1901 hemagglutinin (H) gene, complete cds	1824	naturally infected Korean dog	Canis lupus familiaris	domestic_dog	False	South Korea	South Korea	2019	2019	2019.5	year		CD1901		False		True	1824	annotation	False	False	False	
PP894823.1	Canine distemper virus isolate BesulMY hemagglutinin (H) gene, complete cds	1824	Panthera tigris jacksonii	Panthera tigris	wild_felid	False	Malaysia	Malaysia	21-Jul-2019	2019-07-21	2019.5506849315068	day		BesulMY		False		True	1824	annotation	False	False	False	
PP683092.1	Morbillivirus canis isolate 23RS2690 hemagglutinin (H) gene, complete cds	1824	Meles meles (European badger)	Meles meles	mustelid	False	Italy	Italy	17-Dec-2012	2012-12-17	2012.9590163934427	day		23RS2690		False		True	1824	annotation	False	False	False	
OR514514.2	Morbillivirus canis isolate CDV_Dog1_Mongolia, complete genome	15602	dog	Canis lupus familiaris	domestic_dog	False	Mongolia	Mongolia	2021	2021	2021.5	year		CDV_Dog1_Mongolia		False		True	1824	annotation	True	True	True	
OR514513.2	Morbillivirus canis isolate CDV_Dog2_Mongolia, complete genome	15602	dog	Canis lupus familiaris	domestic_dog	False	Mongolia	Mongolia	2021	2021	2021.5	year		CDV_Dog2_Mongolia		False		True	1824	annotation	True	True	True	
OR514512.2	Morbillivirus canis isolate CDV_Dog3_Mongolia, complete genome	15602	dog	Canis lupus familiaris	domestic_dog	False	Mongolia	Mongolia	2021	2021	2021.5	year		CDV_Dog3_Mongolia		False		True	1824	annotation	True	True	True	
PP512578.1	Morbillivirus canis strain YB(23)10 hemagglutinin (H) gene, complete cds	1824	canine	Canis lupus familiaris	domestic_dog	False	China	China	2023	2023	2023.5	year	YB(23)10	tissues		False		True	1824	annotation	False	False	False	
PP498908.1	Morbillivirus canis isolate CDV/VN-CTU/TraVinh/TV06-2022, complete genome	15697	Canis lupus familiaris (dog)	Canis lupus familiaris	domestic_dog	False	Viet Nam: Mekong Delta	Viet Nam	2022/2023	2022/2023	2023.0	range		CDV/VN-CTU/TraVinh/TV06-2022		False		True	1824	annotation	True	True	True	
PP498907.1	Morbillivirus canis isolate CDV/VN-CTU/VinhLong/2023, complete genome	15702	Canis lupus familiaris (dog)	Canis lupus familiaris	domestic_dog	False	Viet Nam: Mekong Delta	Viet Nam	2022/2023	2022/2023	2023.0	range		CDV/VN-CTU/VinhLong/2023		False		True	1824	annotation	True	True	True	
PP498906.1	Morbillivirus canis isolate CDV/VN-CTU/DongThap/DT04-2023, complete genome	15700	Canis lupus familiaris (dog)	Canis lupus familiaris	domestic_dog	False	Viet Nam: Mekong Delta	Viet Nam	2022/2023	2022/2023	2023.0	range		CDV/VN-CTU/DongThap/DT04-2023		False		True	1824	annotation	True	True	True	
PP498905.1	Morbillivirus canis isolate CDV/VN-CTU/CaMau/CM05-2023, complete genome	15690	Canis lupus familiaris (dog)	Canis lupus familiaris	domestic_dog	False	Viet Nam: Mekong Delta	Viet Nam	2022/2023	2022/2023	2023.0	range		CDV/VN-CTU/CaMau/CM05-2023		False		True	1824	annotation	True	True	True	
PP498904.1	Morbillivirus canis isolate CDV/VN-CTU/BenTre/BT04-2023, complete genome	15632	Canis lupus familiaris (dog)	Canis lupus familiaris	domestic_dog	False	Viet Nam: Mekong Delta	Viet Nam	2022/2023	2022/2023	2023.0	range		CDV/VN-CTU/BenTre/BT04-2023		False		True	1824	annotation	True	True	True	
PP498903.1	Morbillivirus canis isolate CDV/VN-CTU/AnGiang/AG01-2022, complete genome	15708	Canis lupus familiaris (dog)	Canis lupus familiaris	domestic_dog	False	Viet Nam: Mekong Delta	Viet Nam	2022/2023	2022/2023	2023.0	range		CDV/VN-CTU/AnGiang/AG01-2022		False		True	1824	annotation	True	True	True	
PP498902.1	Morbillivirus canis isolate CDV/VN-CTU/VL06-2023 hemagglutinin (H) gene, partial cds	555	Canis lupus familiaris (dog)	Canis lupus familiaris	domestic_dog	False	Viet Nam: Mekong Delta	Viet Nam	2022/2023	2022/2023	2023.0	range		CDV/VN-CTU/VL06-2023		False		True	555	annotation	False	False	False	
PP498901.1	Morbillivirus canis isolate CDV/VN-CTU/VL05-2023 hemagglutinin (H) gene, partial cds	555	Canis lupus familiaris (dog)	Canis lupus familiaris	domestic_dog	False	Viet Nam: Mekong Delta	Viet Nam	2022/2023	2022/2023	2023.0	range		CDV/VN-CTU/VL05-2023		False		True	555	annotation	False	False	False	
PP498900.1	Morbillivirus canis isolate CDV/VN-CTU/VL04-2023 hemagglutinin (H) gene, partial cds	555	Canis lupus familiaris (dog)	Canis lupus familiaris	domestic_dog	False	Viet Nam: Mekong Delta	Viet Nam	2022/2023	2022/2023	2023.0	range		CDV/VN-CTU/VL04-2023		False		True	555	annotation	False	False	False	
PP498899.1	Morbillivirus canis isolate CDV/VN-CTU/VL03-2023 hemagglutinin (H) gene, partial cds	555	Canis lupus familiaris (dog)	Canis lupus familiaris	domestic_dog	False	Viet Nam: Mekong Delta	Viet Nam	2022/2023	2022/2023	2023.0	range		CDV/VN-CTU/VL03-2023		False		True	555	annotation	False	False	False	
PP498898.1	Morbillivirus canis isolate CDV/VN-CTU/VL02-2022 hemagglutinin (H) gene, partial cds	558	Canis lupus familiaris (dog)	Canis lupus familiaris	domestic_dog	False	Viet Nam: Mekong Delta	Viet Nam	2022/2023	2022/2023	2023.0	range		CDV/VN-CTU/VL02-2022		False		True	558	annotation	False	False	False	
PP498897.1	Morbillivirus canis isolate CDV/VN-CTU/VL01-2022 hemagglutinin (H) gene, partial cds	558	Canis lupus familiaris (dog)	Canis lupus familiaris	domestic_dog	False	Viet Nam: Mekong Delta	Viet Nam	2022/2023	2022/2023	2023.0	range		CDV/VN-CTU/VL01-2022		False		True	558	annotation	False	False	False	
PP498896.1	Morbillivirus canis isolate CDV/VN-CTU/DT05-2023 hemagglutinin (H) gene, partial cds	555	Canis lupus familiaris (dog)	Canis lupus familiaris	domestic_dog	False	Viet Nam: Mekong Delta	Viet Nam	2022/2023	2022/2023	2023.0	range		CDV/VN-CTU/DT05-2023		False		True	555	annotation	False	False	False	
PP498895.1	Morbillivirus canis isolate CDV/VN-CTU/DT04-2023 hemagglutinin (H) gene, partial cds	554	Canis lupus familiaris (dog)	Canis lupus familiaris	domestic_dog	False	Viet Nam: Mekong Delta	Viet Nam	2022/2023	2022/2023	2023.0	range		CDV/VN-CTU/DT04-2023		False		True	554	annotation	False	False	False	
PP498894.1	Morbillivirus canis isolate CDV/VN-CTU/DT03-2022 hemagglutinin (H) gene, partial cds	555	Canis lupus familiaris (dog)	Canis lupus familiaris	domestic_dog	False	Viet Nam: Mekong Delta	Viet Nam	2022/2023	2022/2023	2023.0	range		CDV/VN-CTU/DT03-2022		False		True	555	annotation	False	False	False	
PP498893.1	Morbillivirus canis isolate CDV/VN-CTU/DT02-2022 hemagglutinin (H) gene, partial cds	555	Canis lupus familiaris (dog)	Canis lupus familiaris	domestic_dog	False	Viet Nam: Mekong Delta	Viet Nam	2022/2023	2022/2023	2023.0	range		CDV/VN-CTU/DT02-2022		False		True	555	annotation	False	False	False	
PP498892.1	Morbillivirus canis isolate CDV/VN-CTU/DT01-2022 hemagglutinin (H) gene, partial cds	555	Canis lupus familiaris (dog)	Canis lupus familiaris	domestic_dog	False	Viet Nam: Mekong Delta	Viet Nam	2022/2023	2022/2023	2023.0	range		CDV/VN-CTU/DT01-2022		False		True	555	annotation	False	False	False	
PP498891.1	Morbillivirus canis isolate CDV/VN-CTU/AG08-2022 hemagglutinin (H) gene, partial cds	554	Canis lupus familiaris (dog)	Canis lupus familiaris	domestic_dog	False	Viet Nam: Mekong Delta	Viet Nam	2022/2023	2022/2023	2023.0	range		CDV/VN-CTU/AG08-2022		False		True	554	annotation	False	False	False	
PP498890.1	Morbillivirus canis isolate CDV/VN-CTU/AG07-2022 hemagglutinin (H) gene, partial cds	554	Canis lupus familiaris (dog)	Canis lupus familiaris	domestic_dog	False	Viet Nam: Mekong Delta	Viet Nam	2022/2023	2022/2023	2023.0	range		CDV/VN-CTU/AG07-2022		False		True	554	annotation	False	False	False	
PP498889.1	Morbillivirus canis isolate CDV/VN-CTU/AG06-2022 hemagglutinin (H) gene, partial cds	555	Canis lupus familiaris (dog)	Canis lupus familiaris	domestic_dog	False	Viet Nam: Mekong Delta	Viet Nam	2022/2023	2022/2023	2023.0	range		CDV/VN-CTU/AG06-2022		False		True	555	annotation	False	False	False	
PP498888.1	Morbillivirus canis isolate CDV/VN-CTU/AG05-2022 hemagglutinin (H) gene, partial cds	555	Canis lupus familiaris (dog)	Canis lupus familiaris	domestic_dog	False	Viet Nam: Mekong Delta	Viet Nam	2022/2023	2022/2023	2023.0	range		CDV/VN-CTU/AG05-2022		False		True	555	annotation	False	False	False	
PP498887.1	Morbillivirus canis isolate CDV/VN-CTU/AG04-2022 hemagglutinin (H) gene, partial cds	555	Canis lupus familiaris (dog)	Canis lupus familiaris	domestic_dog	False	Viet Nam: Mekong Delta	Viet Nam	2022/2023	2022/2023	2023.0	range		CDV/VN-CTU/AG04-2022		False		True	555	annotation	False	False	False	
PP498886.1	Morbillivirus canis isolate CDV/VN-CTU/AG03-2022 hemagglutinin (H) gene, partial cds	555	Canis lupus familiaris (dog)	Canis lupus familiaris	domestic_dog	False	Viet Nam: Mekong Delta	Viet Nam	2022/2023	2022/2023	2023.0	range		CDV/VN-CTU/AG03-2022		False		True	555	annotation	False	False	False	
PP498885.1	Morbillivirus canis isolate CDV/VN-CTU/AG02-2022 hemagglutinin (H) gene, partial cds	555	Canis lupus familiaris (dog)	Canis lupus familiaris	domestic_dog	False	Viet Nam: Mekong Delta	Viet Nam	2022/2023	2022/2023	2023.0	range		CDV/VN-CTU/AG02-2022		False		True	555	annotation	False	False	False	
PP498884.1	Morbillivirus canis isolate CDV/VN-CTU/AG01-2022 hemagglutinin (H) gene, partial cds	555	Canis lupus familiaris (dog)	Canis lupus familiaris	domestic_dog	False	Viet Nam: Mekong Delta	Viet Nam	2022/2023	2022/2023	2023.0	range		CDV/VN-CTU/AG01-2022		False		True	555	annotation	False	False	False	
PP498883.1	Morbillivirus canis isolate CDV/VN-CTU/CM05-2023 hemagglutinin (H) gene, partial cds	555	Canis lupus familiaris (dog)	Canis lupus familiaris	domestic_dog	False	Viet Nam: Mekong Delta	Viet Nam	2022/2023	2022/2023	2023.0	range		CDV/VN-CTU/CM05-2023		False		True	555	annotation	False	False	False	
PP498882.1	Morbillivirus canis isolate CDV/VN-CTU/CM04-2023 hemagglutinin (H) gene, partial cds	555	Canis lupus familiaris (dog)	Canis lupus familiaris	domestic_dog	False	Viet Nam: Mekong Delta	Viet Nam	2022/2023	2022/2023	2023.0	range		CDV/VN-CTU/CM04-2023		False		True	555	annotation	False	False	False	
PP498881.1	Morbillivirus canis isolate CDV/VN-CTU/CM03-2023 hemagglutinin (H) gene, partial cds	554	Canis lupus familiaris (dog)	Canis lupus familiaris	domestic_dog	False	Viet Nam: Mekong Delta	Viet Nam	2022/2023	2022/2023	2023.0	range		CDV/VN-CTU/CM03-2023		False		True	554	annotation	False	False	False	
PP498880.1	Morbillivirus canis isolate CDV/VN-CTU/CM02-2022 hemagglutinin (H) gene, partial cds	555	Canis lupus familiaris (dog)	Canis lupus familiaris	domestic_dog	False	Viet Nam: Mekong Delta	Viet Nam	2022/2023	2022/2023	2023.0	range		CDV/VN-CTU/CM02-2022		False		True	555	annotation	False	False	False	
PP498879.1	Morbillivirus canis isolate CDV/VN-CTU/CM01-2022 hemagglutinin (H) gene, partial cds	558	Canis lupus familiaris (dog)	Canis lupus familiaris	domestic_dog	False	Viet Nam: Mekong Delta	Viet Nam	2022/2023	2022/2023	2023.0	range		CDV/VN-CTU/CM01-2022		False		True	558	annotation	False	False	False	
PP498878.1	Morbillivirus canis isolate CDV/VN-CTU/BT05-2023 hemagglutinin (H) gene, partial cds	560	Canis lupus familiaris (dog)	Canis lupus familiaris	domestic_dog	False	Viet Nam: Mekong Delta	Viet Nam	2022/2023	2022/2023	2023.0	range		CDV/VN-CTU/BT05-2023		False		True	560	annotation	False	False	False	
PP498877.1	Morbillivirus canis isolate CDV/VN-CTU/BT04-2023 hemagglutinin (H) gene, partial cds	555	Canis lupus familiaris (dog)	Canis lupus familiaris	domestic_dog	False	Viet Nam: Mekong Delta	Viet Nam	2022/2023	2022/2023	2023.0	range		CDV/VN-CTU/BT04-2023		False		True	555	annotation	False	False	False	
PP498876.1	Morbillivirus canis isolate CDV/VN-CTU/BT03-2022 hemagglutinin (H) gene, partial cds	555	Canis lupus familiaris (dog)	Canis lupus familiaris	domestic_dog	False	Viet Nam: Mekong Delta	Viet Nam	2022/2023	2022/2023	2023.0	range		CDV/VN-CTU/BT03-2022		False		True	555	annotation	False	False	False	
PP498875.1	Morbillivirus canis isolate CDV/VN-CTU/BT02-2022 hemagglutinin (H) gene, partial cds	554	Canis lupus familiaris (dog)	Canis lupus familiaris	domestic_dog	False	Viet Nam: Mekong Delta	Viet Nam	2022/2023	2022/2023	2023.0	range		CDV/VN-CTU/BT02-2022		False		True	554	annotation	False	False	False	
PP498874.1	Morbillivirus canis isolate CDV/VN-CTU/BT01-2022 hemagglutinin (H) gene, partial cds	554	Canis lupus familiaris (dog)	Canis lupus familiaris	domestic_dog	False	Viet Nam: Mekong Delta	Viet Nam	2022/2023	2022/2023	2023.0	range		CDV/VN-CTU/BT01-2022		False		True	554	annotation	False	False	False	
PP498873.1	Morbillivirus canis isolate CDV/VN-CTU/TV06-2022 hemagglutinin (H) gene, partial cds	555	Canis lupus familiaris (dog)	Canis lupus familiaris	domestic_dog	False	Viet Nam: Mekong Delta	Viet Nam	2022/2023	2022/2023	2023.0	range		CDV/VN-CTU/TV06-2022		False		True	555	annotation	False	False	False	
PP498872.1	Morbillivirus canis isolate CDV/VN-CTU/TV05-2022 hemagglutinin (H) gene, partial cds	555	Canis lupus familiaris (dog)	Canis lupus familiaris	domestic_dog	False	Viet Nam: Mekong Delta	Viet Nam	2022/2023	2022/2023	2023.0	range		CDV/VN-CTU/TV05-2022		False		True	555	annotation	False	False	False	
PP498871.1	Morbillivirus canis isolate CDV/VN-CTU/TV04-2022 hemagglutinin (H) gene, partial cds	555	Canis lupus familiaris (dog)	Canis lupus familiaris	domestic_dog	False	Viet Nam: Mekong Delta	Viet Nam	2022/2023	2022/2023	2023.0	range		CDV/VN-CTU/TV04-2022		False		True	555	annotation	False	False	False	
PP498870.1	Morbillivirus canis isolate CDV/VN-CTU/TV03-2022 hemagglutinin (H) gene, partial cds	555	Canis lupus familiaris (dog)	Canis lupus familiaris	domestic_dog	False	Viet Nam: Mekong Delta	Viet Nam	2022/2023	2022/2023	2023.0	range		CDV/VN-CTU/TV03-2022		False		True	555	annotation	False	False	False	
PP498869.1	Morbillivirus canis isolate CDV/VN-CTU/TV02-2022 hemagglutinin (H) gene, partial cds	555	Canis lupus familiaris (dog)	Canis lupus familiaris	domestic_dog	False	Viet Nam: Mekong Delta	Viet Nam	2022/2023	2022/2023	2023.0	range		CDV/VN-CTU/TV02-2022		False		True	555	annotation	False	False	False	
PP498868.1	Morbillivirus canis isolate CDV/VN-CTU/TV01-2022 hemagglutinin (H) gene, partial cds	555	Canis lupus familiaris (dog)	Canis lupus familiaris	domestic_dog	False	Viet Nam: Mekong Delta	Viet Nam	2022/2023	2022/2023	2023.0	range		CDV/VN-CTU/TV01-2022		False		True	555	annotation	False	False	False	
PP498867.1	Morbillivirus canis isolate CDV/VN-CTU/CT10-2023 hemagglutinin (H) gene, partial cds	555	Canis lupus familiaris (dog)	Canis lupus familiaris	domestic_dog	False	Viet Nam: Mekong Delta	Viet Nam	2022/2023	2022/2023	2023.0	range		CDV/VN-CTU/CT10-2023		False		True	555	annotation	False	False	False	
PP498866.1	Morbillivirus canis isolate CDV/VN-CTU/CT09-2022 hemagglutinin (H) gene, partial cds	555	Canis lupus familiaris (dog)	Canis lupus familiaris	domestic_dog	False	Viet Nam: Mekong Delta	Viet Nam	2022/2023	2022/2023	2023.0	range		CDV/VN-CTU/CT09-2022		False		True	555	annotation	False	False	False	
PP498865.1	Morbillivirus canis isolate CDV/VN-CTU/CT08-2022 hemagglutinin (H) gene, partial cds	555	Canis lupus familiaris (dog)	Canis lupus familiaris	domestic_dog	False	Viet Nam: Mekong Delta	Viet Nam	2022/2023	2022/2023	2023.0	range		CDV/VN-CTU/CT08-2022		False		True	555	annotation	False	False	False	
PP498864.1	Morbillivirus canis isolate CDV/VN-CTU/CT07-2022 hemagglutinin (H) gene, partial cds	555	Canis lupus familiaris (dog)	Canis lupus familiaris	domestic_dog	False	Viet Nam: Mekong Delta	Viet Nam	2022/2023	2022/2023	2023.0	range		CDV/VN-CTU/CT07-2022		False		True	555	annotation	False	False	False	
PP498863.1	Morbillivirus canis isolate CDV/VN-CTU/CT06-2022 hemagglutinin (H) gene, partial cds	555	Canis lupus familiaris (dog)	Canis lupus familiaris	domestic_dog	False	Viet Nam: Mekong Delta	Viet Nam	2022/2023	2022/2023	2023.0	range		CDV/VN-CTU/CT06-2022		False		True	555	annotation	False	False	False	
PP498862.1	Morbillivirus canis isolate CDV/VN-CTU/CT05-2022 hemagglutinin (H) gene, partial cds	555	Canis lupus familiaris (dog)	Canis lupus familiaris	domestic_dog	False	Viet Nam: Mekong Delta	Viet Nam	2022/2023	2022/2023	2023.0	range		CDV/VN-CTU/CT05-2022		False		True	555	annotation	False	False	False	
PP498861.1	Morbillivirus canis isolate CDV/VN-CTU/CT04-2022 hemagglutinin (H) gene, partial cds	555	Canis lupus familiaris (dog)	Canis lupus familiaris	domestic_dog	False	Viet Nam: Mekong Delta	Viet Nam	2022/2023	2022/2023	2023.0	range		CDV/VN-CTU/CT04-2022		False		True	555	annotation	False	False	False	
PP498860.1	Morbillivirus canis isolate CDV/VN-CTU/CT03-2022 hemagglutinin (H) gene, partial cds	555	Canis lupus familiaris (dog)	Canis lupus familiaris	domestic_dog	False	Viet Nam: Mekong Delta	Viet Nam	2022/2023	2022/2023	2023.0	range		CDV/VN-CTU/CT03-2022		False		True	555	annotation	False	False	False	
PP498859.1	Morbillivirus canis isolate CDV/VN-CTU/CT02-2022 hemagglutinin (H) gene, partial cds	555	Canis lupus familiaris (dog)	Canis lupus familiaris	domestic_dog	False	Viet Nam: Mekong Delta	Viet Nam	2022/2023	2022/2023	2023.0	range		CDV/VN-CTU/CT02-2022		False		True	555	annotation	False	False	False	
PP498858.1	Morbillivirus canis isolate CDV/VN-CTU/CT01-2022 hemagglutinin (H) gene, partial cds	555	Canis lupus familiaris (dog)	Canis lupus familiaris	domestic_dog	False	Viet Nam: Mekong Delta	Viet Nam	2022/2023	2022/2023	2023.0	range		CDV/VN-CTU/CT01-2022		False		True	555	annotation	False	False	False	
PP434477.1	Morbillivirus canis strain CDV/VN_CTU/CanTho/2023, complete genome	15725	Canis lupus familiaris	Canis lupus familiaris	domestic_dog	False	Viet Nam: Can Tho	Viet Nam	2023	2023	2023.5	year	CDV/VN_CTU/CanTho/2023	TI0692303A01/CDV/CT		False		True	1824	annotation	True	True	True	
OR652078.1	UNVERIFIED: Morbillivirus canis isolate CDV/CTU/FMD-BT0579 hemagglutinin (H) gene, complete sequence	1824	Canis lupus familiaris	Canis lupus familiaris	domestic_dog	False	Viet Nam	Viet Nam	2022/2023	2022/2023	2023.0	range		CDV/CTU/FMD-BT0579		False		True	1824	annotation	False	False	False	
OR652077.1	UNVERIFIED: Morbillivirus canis isolate CDV/CTU/FMD-BT0468 hemagglutinin (H) gene, complete sequence	1824	Canis lupus familiaris	Canis lupus familiaris	domestic_dog	False	Viet Nam	Viet Nam	2022/2023	2022/2023	2023.0	range		CDV/CTU/FMD-BT0468		False		True	1824	annotation	False	False	False	
OR652076.1	UNVERIFIED: Morbillivirus canis isolate CDV/CTU/FMD-DT0392 hemagglutinin (H) gene, complete sequence	1824	Canis lupus familiaris	Canis lupus familiaris	domestic_dog	False	Viet Nam	Viet Nam	2022/2023	2022/2023	2023.0	range		CDV/CTU/FMD-DT0392		False		True	1824	annotation	False	False	False	
OR652075.1	UNVERIFIED: Morbillivirus canis isolate CDV/CTU/FMD-DT0339 hemagglutinin (H) gene, complete sequence	1824	Canis lupus familiaris	Canis lupus familiaris	domestic_dog	False	Viet Nam	Viet Nam	2022/2023	2022/2023	2023.0	range		CDV/CTU/FMD-DT0339		False		True	1824	annotation	False	False	False	
OR652074.1	UNVERIFIED: Morbillivirus canis isolate CDV/CTU/FMD-VL0288 hemagglutinin (H) gene, complete sequence	1824	Canis lupus familiaris	Canis lupus familiaris	domestic_dog	False	Viet Nam	Viet Nam	2022/2023	2022/2023	2023.0	range		CDV/CTU/FMD-VL0288		False		True	1824	annotation	False	False	False	
OR652073.1	UNVERIFIED: Morbillivirus canis isolate CDV/CTU/FMD-VL0219 hemagglutinin (H) gene, complete sequence	1791	Canis lupus familiaris	Canis lupus familiaris	domestic_dog	False	Viet Nam	Viet Nam	2022/2023	2022/2023	2023.0	range		CDV/CTU/FMD-VL0219		False		True	1791	annotation	False	False	False	
OR652072.1	UNVERIFIED: Morbillivirus canis isolate CDV/CTU/FMD-AG0179 hemagglutinin (H) gene, complete sequence	1824	Canis lupus familiaris	Canis lupus familiaris	domestic_dog	False	Viet Nam	Viet Nam	2022/2023	2022/2023	2023.0	range		CDV/CTU/FMD-AG0179		False		True	1824	annotation	False	False	False	
OR652071.1	UNVERIFIED: Morbillivirus canis isolate CDV/CTU/FMD-AG0112 hemagglutinin (H) gene, complete sequence	1822	Canis lupus familiaris	Canis lupus familiaris	domestic_dog	False	Viet Nam	Viet Nam	2022/2023	2022/2023	2023.0	range		CDV/CTU/FMD-AG0112		False		True	1822	annotation	False	False	False	
OR652070.1	UNVERIFIED: Morbillivirus canis isolate CDV/CTU/FMD-CT0049 hemagglutinin (H) gene, complete sequence	1824	Canis lupus familiaris	Canis lupus familiaris	domestic_dog	False	Viet Nam	Viet Nam	2022/2023	2022/2023	2023.0	range		CDV/CTU/FMD-CT0049		False		True	1824	annotation	False	False	False	
OR652069.1	UNVERIFIED: Morbillivirus canis isolate CDV/CTU/FMD-CT0039 hemagglutinin (H) gene, complete sequence	1824	Canis lupus familiaris	Canis lupus familiaris	domestic_dog	False	Viet Nam: CanTho	Viet Nam	2023	2023	2023.5	year		CDV/CTU/FMD-CT0039		False		True	1824	annotation	False	False	False	
PP316239.1	Morbillivirus canis strain 22-120452 hemagglutinin (H) gene, partial cds	1758	Mustela putorius furo (domestic ferret)	Mustela putorius furo	mustelid	False	USA: Oklahoma	USA	2023-05-23	2023-05-23	2023.3890410958904	day	22-120452			False		True	1758	annotation	False	False	False	
PP316238.1	Morbillivirus canis strain 22-101384 hemagglutinin (H) gene, partial cds	1789	Mustela putorius furo (domestic ferret)	Mustela putorius furo	mustelid	False	USA: Oklahoma	USA	2022-12-12	2022-12-12	2022.945205479452	day	22-101384			False		True	1789	annotation	False	False	False	
PP125203.1	Morbillivirus canis isolate CDV/194/Vulpes vulpes/Barcelona/2020 hemagglutinin (H) gene, partial cds	473	Vulpes vulpes	Vulpes sp.	wild_canid	False	Spain	Spain	21-Jul-2023	2023-07-21	2023.5506849315068	day		CDV/194/Vulpes vulpes/Barcelona/2020		False		True	473	annotation	False	False	False	
PP125202.1	Morbillivirus canis isolate CDV/193/Vulpes vulpes/Barcelona/2020 hemagglutinin (H) gene, partial cds	472	Vulpes vulpes	Vulpes sp.	wild_canid	False	Spain	Spain	21-Jul-2023	2023-07-21	2023.5506849315068	day		CDV/193/Vulpes vulpes/Barcelona/2020		False		True	472	annotation	False	False	False	
PP125201.1	Morbillivirus canis isolate CDV/184/Vulpes vulpes/Barcelona/2023 hemagglutinin (H) gene, partial cds	461	Vulpes vulpes	Vulpes sp.	wild_canid	False	Spain	Spain	21-Jul-2023	2023-07-21	2023.5506849315068	day		CDV/184/Vulpes vulpes/Barcelona/2023		False		True	461	annotation	False	False	False	
PP125200.1	Morbillivirus canis isolate CDV/182/Vulpes vulpes/Barcelona/2023 hemagglutinin (H) gene, partial cds	472	Vulpes vulpes	Vulpes sp.	wild_canid	False	Spain	Spain	14-Jul-2023	2023-07-14	2023.531506849315	day		CDV/182/Vulpes vulpes/Barcelona/2023		False		True	472	annotation	False	False	False	
PP125199.1	Morbillivirus canis isolate CDV/181/Vulpes vulpes/Barcelona/2023 hemagglutinin (H) gene, partial cds	485	Vulpes vulpes	Vulpes sp.	wild_canid	False	Spain	Spain	14-Jul-2023	2023-07-14	2023.531506849315	day		CDV/181/Vulpes vulpes/Barcelona/2023		False		True	485	annotation	False	False	False	
PP125198.1	Morbillivirus canis isolate CDV/180/Vulpes vulpes/Tarragona/2023 hemagglutinin (H) gene, partial cds	463	Vulpes vulpes	Vulpes sp.	wild_canid	False	Spain	Spain	14-Jul-2023	2023-07-14	2023.531506849315	day		CDV/180/Vulpes vulpes/Tarragona/2023		False		True	463	annotation	False	False	False	
PP125196.1	Morbillivirus canis isolate CDV/176/Vulpes vulpes/Girona/2023 hemagglutinin (H) gene, partial cds	485	Vulpes vulpes	Vulpes sp.	wild_canid	False	Spain	Spain	15-Jun-2023	2023-06-15	2023.4520547945206	day		CDV/176/Vulpes vulpes/Girona/2023		False		True	485	annotation	False	False	False	
PP125195.1	Morbillivirus canis isolate CDV/175Vulpes vulpes/Barcelona/2022 hemagglutinin (H) gene, partial cds	485	Vulpes vulpes	Vulpes sp.	wild_canid	False	Spain	Spain	30-Jun-2023	2023-06-30	2023.4931506849316	day		CDV/175Vulpes vulpes/Barcelona/2022		False		True	485	annotation	False	False	False	
PP125194.1	Morbillivirus canis isolate CDV/174/Vulpes vulpes/Barcelona/2023 hemagglutinin (H) gene, partial cds	485	Vulpes vulpes	Vulpes sp.	wild_canid	False	Spain	Spain	22-May-2023	2023-05-22	2023.386301369863	day		CDV/174/Vulpes vulpes/Barcelona/2023		False		True	485	annotation	False	False	False	
PP125193.1	Morbillivirus canis isolate CDV/166/Vulpes vulpes/Girona/2022 hemagglutinin (H) gene, partial cds	484	Vulpes vulpes	Vulpes sp.	wild_canid	False	Spain	Spain	22-May-2023	2023-05-22	2023.386301369863	day		CDV/166/Vulpes vulpes/Girona/2022		False		True	484	annotation	False	False	False	
PP125192.1	Morbillivirus canis isolate CDV/164/Vulpes vulpes/Barcelona/2021 hemagglutinin (H) gene, partial cds	485	Vulpes vulpes	Vulpes sp.	wild_canid	False	Spain	Spain	15-Jun-2023	2023-06-15	2023.4520547945206	day		CDV/164/Vulpes vulpes/Barcelona/2021		False		True	485	annotation	False	False	False	
PP125191.1	Morbillivirus canis isolate CDV/155/Meles meles/Lleida/2022 hemagglutinin (H) gene, partial cds	473	Meles meles	Meles meles	mustelid	False	Spain	Spain	30-Jun-2023	2023-06-30	2023.4931506849316	day		CDV/155/Meles meles/Lleida/2022		False		True	473	annotation	False	False	False	
PP125190.1	Morbillivirus canis isolate CDV/151/Meles meles/Barcelona/2022 hemagglutinin (H) gene, partial cds	485	Meles meles	Meles meles	mustelid	False	Spain	Spain	30-Jun-2023	2023-06-30	2023.4931506849316	day		CDV/151/Meles meles/Barcelona/2022		False		True	485	annotation	False	False	False	
PP125189.1	Morbillivirus canis isolate CDV/149/Meles meles/Barcelona/2022 hemagglutinin (H) gene, partial cds	485	Meles meles	Meles meles	mustelid	False	Spain	Spain	15-Jun-2023	2023-06-15	2023.4520547945206	day		CDV/149/Meles meles/Barcelona/2022		False		True	485	annotation	False	False	False	
PP125188.1	Morbillivirus canis isolate CDV/148/Meles meles/Tarragona/2022 hemagglutinin (H) gene, partial cds	485	Meles meles	Meles meles	mustelid	False	Spain	Spain	30-Jun-2023	2023-06-30	2023.4931506849316	day		CDV/148/Meles meles/Tarragona/2022		False		True	485	annotation	False	False	False	
PP151318.1	Morbillivirus canis isolate SRB/CDV/Hgene/Deliblato_ hemagglutinin (H) gene, complete cds; and L protein (L) gene, partial cds	2109	Golden jackal	Canis sp.	wild_canid	False	Serbia	Serbia	2023	2023	2023.5	year		SRB/CDV/Hgene/Deliblato_		False		True	1824	annotation	False	False	False	
PP151317.1	Morbillivirus canis isolate SRB/CDV/Hgene_3-4/VrPlanine hemagglutinin (H) gene, partial cds	1071	Golden jackal	Canis sp.	wild_canid	False	Serbia	Serbia	2023	2023	2023.5	year		SRB/CDV/Hgene_3-4/VrPlanine		False		True	918	annotation	False	False	False	
PP151316.1	Morbillivirus canis isolate SRB/CDV/Hgene_3-4/38 hemagglutinin (H) gene, partial cds	1071	Golden jackal	Canis sp.	wild_canid	False	Serbia	Serbia	04-Jul-2020	2020-07-04	2020.5054644808743	day		SRB/CDV/Hgene_3-4/38		False		True	918	annotation	False	False	False	
PP151315.1	Morbillivirus canis isolate SRB/CDV/Hgene_3-4/31 hemagglutinin (H) gene, partial cds	1071	Golden jackal	Canis sp.	wild_canid	False	Serbia	Serbia	15-Mar-2019	2019-03-15	2019.2	day		SRB/CDV/Hgene_3-4/31		False		True	918	annotation	False	False	False	
PP151314.1	Morbillivirus canis isolate SRB/CDV/Hgene_3-4/27 hemagglutinin (H) gene, partial cds	1071	Golden jackal	Canis sp.	wild_canid	False	Serbia	Serbia	2023	2023	2023.5	year		SRB/CDV/Hgene_3-4/27		False		True	918	annotation	False	False	False	
PP151313.1	Morbillivirus canis isolate SRB/CDV/Hgene_3-4/24 hemagglutinin (H) gene, partial cds	1071	Golden jackal	Canis sp.	wild_canid	False	Serbia	Serbia	2023	2023	2023.5	year		SRB/CDV/Hgene_3-4/24		False		True	918	annotation	False	False	False	
PP151312.1	Morbillivirus canis isolate SRB/CDV/Hgene_3-4/12 hemagglutinin (H) gene, partial cds	1071	Golden jackal	Canis sp.	wild_canid	False	Serbia	Serbia	22-Feb-2019	2019-02-22	2019.1424657534246	day		SRB/CDV/Hgene_3-4/12		False		True	918	annotation	False	False	False	
PP151311.1	Morbillivirus canis isolate SRB/CDV/Hgene_1/38 hemagglutinin (H) gene, partial cds	687	Golden jackal	Canis sp.	wild_canid	False	Serbia	Serbia	04-Jul-2020	2020-07-04	2020.5054644808743	day		SRB/CDV/Hgene_1/38		False		True	552	annotation	False	False	False	
PP151310.1	Morbillivirus canis isolate SRB/CDV/Hgene_1/31 hemagglutinin (H) gene, partial cds	684	Golden jackal	Canis sp.	wild_canid	False	Serbia	Serbia	15-Mar-2019	2019-03-15	2019.2	day		SRB/CDV/Hgene_1/31		False		True	552	annotation	False	False	False	
PP151309.1	Morbillivirus canis isolate SRB/CDV/Hgene1/VrPlanine hemagglutinin (H) gene, partial cds	684	Golden jackal	Canis sp.	wild_canid	False	Serbia	Serbia	2023	2023	2023.5	year		SRB/CDV/Hgene1/VrPlanine		False		True	552	annotation	False	False	False	
PP151308.1	Morbillivirus canis isolate SRB/CDV/Hgene1/27 hemagglutinin (H) gene, partial cds	681	Golden jackal	Canis sp.	wild_canid	False	Serbia	Serbia	2023	2023	2023.5	year		SRB/CDV/Hgene1/27		False		True	552	annotation	False	False	False	
PP151307.1	Morbillivirus canis isolate SRB/CDV/Hgene1/24 hemagglutinin (H) gene, partial cds	687	Golden jackal	Canis sp.	wild_canid	False	Serbia	Serbia	2023	2023	2023.5	year		SRB/CDV/Hgene1/24		False		True	552	annotation	False	False	False	
PP151306.1	Morbillivirus canis isolate SRB/CDV/Hgene1/12 hemagglutinin (H) gene, partial cds	687	Golden jackal	Canis sp.	wild_canid	False	Serbia	Serbia	22-Feb-2019	2019-02-22	2019.1424657534246	day		SRB/CDV/Hgene1/12		False		True	552	annotation	False	False	False	
OP561488.1	Morbillivirus canis strain HHCDV-29 hemagglutinin protein (H) gene, partial cds	1778	dogs	Canis lupus familiaris	domestic_dog	False	China	China	01-May-2020	2020-05-01	2020.3306010928961	day	HHCDV-29			False		True	1778	annotation	False	False	False	
OP561487.1	Morbillivirus canis strain HHCDV-28 hemagglutinin protein (H) gene, partial cds	1778	dogs	Canis lupus familiaris	domestic_dog	False	China	China	01-May-2020	2020-05-01	2020.3306010928961	day	HHCDV-28			False		True	1778	annotation	False	False	False	
OP561486.1	Morbillivirus canis strain HHCDV-27 hemagglutinin protein (H) gene, partial cds	1778	dogs	Canis lupus familiaris	domestic_dog	False	China	China	01-May-2020	2020-05-01	2020.3306010928961	day	HHCDV-27			False		True	1778	annotation	False	False	False	
OP561485.1	Morbillivirus canis strain HHCDV-26 hemagglutinin protein (H) gene, partial cds	1778	dogs	Canis lupus familiaris	domestic_dog	False	China	China	01-May-2020	2020-05-01	2020.3306010928961	day	HHCDV-26			False		True	1778	annotation	False	False	False	
OP561484.1	Morbillivirus canis strain HHCDV-25 hemagglutinin protein (H) gene, partial cds	1778	dogs	Canis lupus familiaris	domestic_dog	False	China	China	01-May-2020	2020-05-01	2020.3306010928961	day	HHCDV-25			False		True	1778	annotation	False	False	False	
OP561483.1	Morbillivirus canis strain HHCDV-24 hemagglutinin protein (H) gene, partial cds	1778	dogs	Canis lupus familiaris	domestic_dog	False	China	China	01-May-2020	2020-05-01	2020.3306010928961	day	HHCDV-24			False		True	1778	annotation	False	False	False	
OP561482.1	Morbillivirus canis strain HHCDV-23 hemagglutinin protein (H) gene, partial cds	1778	dogs	Canis lupus familiaris	domestic_dog	False	China	China	01-May-2020	2020-05-01	2020.3306010928961	day	HHCDV-23			False		True	1778	annotation	False	False	False	
OP561481.1	Morbillivirus canis strain HHCDV-22 hemagglutinin protein (H) gene, partial cds	1778	dogs	Canis lupus familiaris	domestic_dog	False	China	China	01-May-2020	2020-05-01	2020.3306010928961	day	HHCDV-22			False		True	1778	annotation	False	False	False	
OP561480.1	Morbillivirus canis strain HHCDV-21 hemagglutinin protein (H) gene, partial cds	1778	dogs	Canis lupus familiaris	domestic_dog	False	China	China	01-May-2020	2020-05-01	2020.3306010928961	day	HHCDV-21			False		True	1778	annotation	False	False	False	
OP561479.1	Morbillivirus canis strain HHCDV-20 hemagglutinin protein (H) gene, partial cds	1778	dogs	Canis lupus familiaris	domestic_dog	False	China	China	01-May-2020	2020-05-01	2020.3306010928961	day	HHCDV-20			False		True	1778	annotation	False	False	False	
OP561478.1	Morbillivirus canis strain HHCDV-19 hemagglutinin protein (H) gene, partial cds	1778	dogs	Canis lupus familiaris	domestic_dog	False	China	China	01-May-2020	2020-05-01	2020.3306010928961	day	HHCDV-19			False		True	1778	annotation	False	False	False	
OP561477.1	Morbillivirus canis strain HHCDV-18 hemagglutinin protein (H) gene, partial cds	1778	dogs	Canis lupus familiaris	domestic_dog	False	China	China	01-May-2020	2020-05-01	2020.3306010928961	day	HHCDV-18			False		True	1778	annotation	False	False	False	
OP561476.1	Morbillivirus canis strain HHCDV-17 hemagglutinin protein (H) gene, partial cds	1778	dogs	Canis lupus familiaris	domestic_dog	False	China	China	01-May-2020	2020-05-01	2020.3306010928961	day	HHCDV-17			False		True	1778	annotation	False	False	False	
OP561475.1	Morbillivirus canis strain HHCDV-16 hemagglutinin protein (H) gene, partial cds	1778	dogs	Canis lupus familiaris	domestic_dog	False	China	China	01-May-2020	2020-05-01	2020.3306010928961	day	HHCDV-16			False		True	1778	annotation	False	False	False	
OP561474.1	Morbillivirus canis strain HHCDV-15 hemagglutinin protein (H) gene, partial cds	1778	dogs	Canis lupus familiaris	domestic_dog	False	China	China	01-May-2020	2020-05-01	2020.3306010928961	day	HHCDV-15			False		True	1778	annotation	False	False	False	
OP561473.1	Morbillivirus canis strain HHCDV-14 hemagglutinin protein (H) gene, partial cds	1778	dogs	Canis lupus familiaris	domestic_dog	False	China	China	01-May-2020	2020-05-01	2020.3306010928961	day	HHCDV-14			False		True	1778	annotation	False	False	False	
OP561472.1	Morbillivirus canis strain HHCDV-13 hemagglutinin protein (H) gene, partial cds	1778	dogs	Canis lupus familiaris	domestic_dog	False	China	China	01-May-2020	2020-05-01	2020.3306010928961	day	HHCDV-13			False		True	1778	annotation	False	False	False	
OP561471.1	Morbillivirus canis strain HHCDV-12 hemagglutinin protein (H) gene, partial cds	1778	dogs	Canis lupus familiaris	domestic_dog	False	China	China	01-May-2020	2020-05-01	2020.3306010928961	day	HHCDV-12			False		True	1778	annotation	False	False	False	
OP561470.1	Morbillivirus canis strain HHCDV-11 hemagglutinin protein (H) gene, partial cds	1778	dogs	Canis lupus familiaris	domestic_dog	False	China	China	01-May-2020	2020-05-01	2020.3306010928961	day	HHCDV-11			False		True	1778	annotation	False	False	False	
OP561469.1	Morbillivirus canis strain HHCDV-10 hemagglutinin protein (H) gene, partial cds	1778	dogs	Canis lupus familiaris	domestic_dog	False	China	China	01-May-2020	2020-05-01	2020.3306010928961	day	HHCDV-10			False		True	1778	annotation	False	False	False	
OP561468.1	Morbillivirus canis strain HHCDV-9 hemagglutinin protein (H) gene, partial cds	1778	dogs	Canis lupus familiaris	domestic_dog	False	China	China	01-May-2020	2020-05-01	2020.3306010928961	day	HHCDV-9			False		True	1778	annotation	False	False	False	
OP561467.1	Morbillivirus canis strain HHCDV-8 hemagglutinin protein (H) gene, partial cds	1778	dogs	Canis lupus familiaris	domestic_dog	False	China	China	01-May-2020	2020-05-01	2020.3306010928961	day	HHCDV-8			False		True	1778	annotation	False	False	False	
OP561466.1	Morbillivirus canis strain HHCDV-7 hemagglutinin protein (H) gene, partial cds	1778	dogs	Canis lupus familiaris	domestic_dog	False	China	China	01-May-2020	2020-05-01	2020.3306010928961	day	HHCDV-7			False		True	1778	annotation	False	False	False	
OP561465.1	Morbillivirus canis strain HHCDV-6 hemagglutinin protein (H) gene, partial cds	1778	dogs	Canis lupus familiaris	domestic_dog	False	China	China	01-May-2020	2020-05-01	2020.3306010928961	day	HHCDV-6			False		True	1778	annotation	False	False	False	
OP561464.1	Morbillivirus canis strain HHCDV-5 hemagglutinin protein (H) gene, partial cds	1778	dogs	Canis lupus familiaris	domestic_dog	False	China	China	01-May-2020	2020-05-01	2020.3306010928961	day	HHCDV-5			False		True	1778	annotation	False	False	False	
OP561463.1	Morbillivirus canis strain HHCDV-4 hemagglutinin protein (H) gene, partial cds	1778	dogs	Canis lupus familiaris	domestic_dog	False	China	China	01-May-2020	2020-05-01	2020.3306010928961	day	HHCDV-4			False		True	1778	annotation	False	False	False	
OP561461.1	Morbillivirus canis strain HHCDV-2 hemagglutinin protein (H) gene, partial cds	1778	dogs	Canis lupus familiaris	domestic_dog	False	China	China	01-May-2020	2020-05-01	2020.3306010928961	day	HHCDV-2			False		True	1778	annotation	False	False	False	
OP561460.1	Morbillivirus canis strain HHCDV-1 hemagglutinin protein (H) gene, partial cds	1778	dogs	Canis lupus familiaris	domestic_dog	False	China	China	01-May-2020	2020-05-01	2020.3306010928961	day	HHCDV-1			False		True	1778	annotation	False	False	False	
OR786471.1	Morbillivirus canis isolate 23-046841 hemagglutinin (H) gene, partial cds	1344	Canis lupus familiaris (dog)	Canis lupus familiaris	domestic_dog	False	Canada	Canada	2023	2023	2023.5	year		23-046841		False		True	1344	annotation	False	False	False	
OR733215.1	Morbillivirus canis isolate B45 hemagglutinin (H) gene, complete cds	1824	fox	Vulpes sp.	wild_canid	False	Italy	Italy	13-Sep-2023	2023-09-13	2023.6986301369864	day		B45		False		True	1824	annotation	False	False	False	
OR733214.1	Morbillivirus canis isolate A44 hemagglutinin (H) gene, complete cds	1824	fox	Vulpes sp.	wild_canid	False	Italy	Italy	13-Sep-2023	2023-09-13	2023.6986301369864	day		A44		False		True	1824	annotation	False	False	False	
OR633326.1	Morbillivirus canis isolate JA117/2020 hemagglutinin (H) gene, complete cds	1824	Canis lupus familiaris	Canis lupus familiaris	domestic_dog	False	Brazil	Brazil	Jan-2019	2019-01	2019.041095890411	month		JA117/2020		False		True	1824	annotation	False	False	False	
OR633325.1	Morbillivirus canis isolate JA19/2020 hemagglutinin (H) gene, complete cds	1824	Canis lupus familiaris	Canis lupus familiaris	domestic_dog	False	Brazil	Brazil	Jan-2019	2019-01	2019.041095890411	month		JA19/2020		False		True	1824	annotation	False	False	False	
OR633324.1	Morbillivirus canis isolate JA16/2020 hemagglutinin (H) gene, complete cds	1824	Canis lupus familiaris	Canis lupus familiaris	domestic_dog	False	Brazil	Brazil	Jan-2019	2019-01	2019.041095890411	month		JA16/2020		False		True	1824	annotation	False	False	False	
OR612055.1	Morbillivirus canis isolate Ferret_2 hemagglutinin (H) gene, partial cds	1077	Mustela putorius furo (domestic ferret)	Mustela putorius furo	mustelid	False	USA: Oklahoma	USA	2022-09-09	2022-09-09	2022.6876712328767	day		Ferret_2		False		True	1077	annotation	False	False	False	
OR612054.1	Morbillivirus canis isolate Ferret_3 hemagglutinin (H) gene, partial cds	1772	Mustela putorius furo (domestic ferret)	Mustela putorius furo	mustelid	False	USA: Oklahoma	USA	2022-09-22	2022-09-22	2022.7232876712328	day		Ferret_3		False		True	1772	annotation	False	False	False	
OR612053.1	Morbillivirus canis isolate Ferret_1 hemagglutinin (H) gene, partial cds	1640	Mustela putorius furo (domestic ferret)	Mustela putorius furo	mustelid	False	USA: Oklahoma	USA	2022-09-06	2022-09-06	2022.6794520547944	day		Ferret_1		False		True	1640	annotation	False	False	False	
OR515853.1	Morbillivirus canis isolate Sardinia_43 hemagglutinin gene, complete cds	1824	fox	Vulpes sp.	wild_canid	False	Italy	Italy	2015	2015	2015.5	year		Sardinia_43		False		True	1824	annotation	False	False	False	
OR515852.1	Morbillivirus canis isolate Sardinia_41 hemagglutinin gene, complete cds	1824	fox	Vulpes sp.	wild_canid	False	Italy	Italy	2023	2023	2023.5	year		Sardinia_41		False		True	1824	annotation	False	False	False	
OR515851.1	Morbillivirus canis isolate Sardinia_40 hemagglutinin gene, complete cds	1824	fox	Vulpes sp.	wild_canid	False	Italy: Sardinia	Italy	2022	2022	2022.5	year		Sardinia_40		False		True	1824	annotation	False	False	False	
OR515850.1	Morbillivirus canis isolate Sardinia_39 hemagglutinin gene, complete cds	1824	fox	Vulpes sp.	wild_canid	False	Italy	Italy	2023	2023	2023.5	year		Sardinia_39		False		True	1824	annotation	False	False	False	
OR515849.1	Morbillivirus canis isolate Sardinia_38 hemagglutinin gene, complete cds	1824	fox	Vulpes sp.	wild_canid	False	Italy	Italy	2023	2023	2023.5	year		Sardinia_38		False		True	1824	annotation	False	False	False	
OR515848.1	Morbillivirus canis isolate Sardinia_37 hemagglutinin gene, complete cds	1824	fox	Vulpes sp.	wild_canid	False	Italy	Italy	2023	2023	2023.5	year		Sardinia_37		False		True	1824	annotation	False	False	False	
OR515847.1	Morbillivirus canis isolate Sardinia_36 hemagglutinin gene, complete cds	1824	fox	Vulpes sp.	wild_canid	False	Italy	Italy	2022	2022	2022.5	year		Sardinia_36		False		True	1824	annotation	False	False	False	
OR515846.1	Morbillivirus canis isolate Sardinia_35 hemagglutinin gene, complete cds	1824	fox	Vulpes sp.	wild_canid	False	Italy	Italy	2022	2022	2022.5	year		Sardinia_35		False		True	1824	annotation	False	False	False	
OR515845.1	Morbillivirus canis isolate Sardinia_34 hemagglutinin gene, complete cds	1824	fox	Vulpes sp.	wild_canid	False	Italy	Italy	2022	2022	2022.5	year		Sardinia_34		False		True	1824	annotation	False	False	False	
OR515844.1	Morbillivirus canis isolate Sardinia_33 hemagglutinin gene, complete cds	1824	fox	Vulpes sp.	wild_canid	False	Italy	Italy	2022	2022	2022.5	year		Sardinia_33		False		True	1824	annotation	False	False	False	
OR515843.1	Morbillivirus canis isolate Sardinia_32 hemagglutinin gene, complete cds	1824	fox	Vulpes sp.	wild_canid	False	Italy	Italy	2022	2022	2022.5	year		Sardinia_32		False		True	1824	annotation	False	False	False	
OR515842.1	Morbillivirus canis isolate Sardinia_31 hemagglutinin gene, complete cds	1824	fox	Vulpes sp.	wild_canid	False	Italy	Italy	2021	2021	2021.5	year		Sardinia_31		False		True	1824	annotation	False	False	False	
OR515841.1	Morbillivirus canis isolate Sardinia_30 hemagglutinin gene, complete cds	1824	fox	Vulpes sp.	wild_canid	False	Italy	Italy	2019	2019	2019.5	year		Sardinia_30		False		True	1824	annotation	False	False	False	
OR515840.1	Morbillivirus canis isolate Sardinia_29 hemagglutinin gene, complete cds	1824	fox	Vulpes sp.	wild_canid	False	Italy	Italy	2019	2019	2019.5	year		Sardinia_29		False		True	1824	annotation	False	False	False	
OR515839.1	Morbillivirus canis isolate Sardinia_28 hemagglutinin gene, complete cds	1824	fox	Vulpes sp.	wild_canid	False	Italy	Italy	2019	2019	2019.5	year		Sardinia_28		False		True	1824	annotation	False	False	False	
OR515838.1	Morbillivirus canis isolate Sardinia_27 hemagglutinin gene, complete cds	1824	fox	Vulpes sp.	wild_canid	False	Italy	Italy	2019	2019	2019.5	year		Sardinia_27		False		True	1824	annotation	False	False	False	
OR515837.1	Morbillivirus canis isolate Sardinia_10 hemagglutinin (H) gene, complete cds	1824	fox	Vulpes sp.	wild_canid	False	Italy	Italy	2019	2019	2019.5	year		Sardinia_10		False		True	1824	annotation	False	False	False	
OR515836.1	Morbillivirus canis isolate Sardinia_9 hemagglutinin (H) gene, complete cds	1824	fox	Vulpes sp.	wild_canid	False	Italy	Italy	2019	2019	2019.5	year		Sardinia_9		False		True	1824	annotation	False	False	False	
OR515835.1	Morbillivirus canis isolate Sardinia_8 hemagglutinin (H) gene, complete cds	1824	fox	Vulpes sp.	wild_canid	False	Italy: Sardinia	Italy	2015	2015	2015.5	year		Sardinia_8		False		True	1824	annotation	False	False	False	
OR515834.1	Morbillivirus canis isolate Sardinia_7 hemagglutinin (H) gene, complete cds	1824	fox	Vulpes sp.	wild_canid	False	Italy: Sardinia	Italy	2015	2015	2015.5	year		Sardinia_7		False		True	1824	annotation	False	False	False	
OR515833.1	Morbillivirus canis isolate Sardinia_6 hemagglutinin (H) gene, complete cds	1824	fox	Vulpes sp.	wild_canid	False	Italy: Sardinia	Italy	2017	2017	2017.5	year		Sardinia_6		False		True	1824	annotation	False	False	False	
OR515832.1	Morbillivirus canis isolate Sardinia_5 hemagglutinin (H) gene, complete cds	1824	fox	Vulpes sp.	wild_canid	False	Italy	Italy	2016	2016	2016.5	year		Sardinia_5		False		True	1824	annotation	False	False	False	
OR515831.1	Morbillivirus canis isolate Sardinia_4 hemagglutinin (H) gene, complete cds	1824	dog	Canis lupus familiaris	domestic_dog	False	Italy: Sardinia	Italy	2015	2015	2015.5	year		Sardinia_4		False		True	1824	annotation	False	False	False	
OR515830.1	Morbillivirus canis isolate Sardinia_3 hemagglutinin (H) gene, complete cds	1824	fox	Vulpes sp.	wild_canid	False	Italy	Italy	2015	2015	2015.5	year		Sardinia_3		False		True	1824	annotation	False	False	False	
OR515829.1	Morbillivirus canis isolate Sardinia_2 hemagglutinin (H) gene, complete cds	1824	fox	Vulpes sp.	wild_canid	False	Italy	Italy	2015	2015	2015.5	year		Sardinia_2		False		True	1824	annotation	False	False	False	
OR515828.1	Morbillivirus canis isolate Sardinia_1 hemagglutinin (H) gene, complete cds	1824	fox	Vulpes sp.	wild_canid	False	Italy	Italy	2015	2015	2015.5	year		Sardinia_1		False		True	1824	annotation	False	False	False	
OR529789.1	Morbillivirus canis isolate Q22 nonfunctional hemagglutinin gene, complete sequence	1824	fox	Vulpes sp.	wild_canid	False	Italy	Italy	2017	2017	2017.5	year		Q22		False		True	1824	length_heuristic_full	False	False	False	
OR529788.1	Morbillivirus canis isolate P15 hemagglutinin (H) gene, complete cds	1824	fox	Vulpes sp.	wild_canid	False	Italy	Italy	2015	2015	2015.5	year		P15		False		True	1824	annotation	False	False	False	
OR529787.1	Morbillivirus canis isolate O14 hemagglutinin (H) gene, complete cds	1824	fox	Vulpes sp.	wild_canid	False	Italy	Italy	2015	2015	2015.5	year		O14		False		True	1824	annotation	False	False	False	
OR529786.1	Morbillivirus canis isolate N13 hemagglutinin (H) gene, complete cds	1824	fox	Vulpes sp.	wild_canid	False	Italy	Italy	2015	2015	2015.5	year		N13		False		True	1824	annotation	False	False	False	
OR529785.1	Morbillivirus canis isolate M12 hemagglutinin (H) gene, complete cds	1824	fox	Vulpes sp.	wild_canid	False	Italy	Italy	2015	2015	2015.5	year		M12		False		True	1824	annotation	False	False	False	
OR529784.1	Morbillivirus canis isolate L11 hemagglutinin (H) gene, complete cds	1824	fox	Vulpes sp.	wild_canid	False	Italy	Italy	2015	2015	2015.5	year		L11		False		True	1824	annotation	False	False	False	
OR529783.1	Morbillivirus canis isolate I10 hemagglutinin (H) gene, complete cds	1824	fox	Vulpes sp.	wild_canid	False	Italy	Italy	2015	2015	2015.5	year		I10		False		True	1824	annotation	False	False	False	
OR529782.1	Morbillivirus canis isolate H9 hemagglutinin (H) gene, complete cds	1824	fox	Vulpes sp.	wild_canid	False	Italy	Italy	2015	2015	2015.5	year		H9		False		True	1824	annotation	False	False	False	
OR529781.1	Morbillivirus canis isolate G8 hemagglutinin (H) gene, complete cds	1824	fox	Vulpes sp.	wild_canid	False	Italy	Italy	2015	2015	2015.5	year		G8		False		True	1824	annotation	False	False	False	
OR529780.1	Morbillivirus canis isolate F7 hemagglutinin (H) gene, complete cds	1824	fox	Vulpes sp.	wild_canid	False	Italy	Italy	2015	2015	2015.5	year		F7		False		True	1824	annotation	False	False	False	
OR529779.1	Morbillivirus canis isolate E6 hemagglutinin (H) gene, complete cds	1824	fox	Vulpes sp.	wild_canid	False	Italy	Italy	2015	2015	2015.5	year		E6		False		True	1824	annotation	False	False	False	
OR529778.1	Morbillivirus canis isolate D4 hemagglutinin (H) gene, complete cds	1824	fox	Vulpes sp.	wild_canid	False	Italy	Italy	2015	2015	2015.5	year		D4		False		True	1824	annotation	False	False	False	
OR529777.1	Morbillivirus canis isolate C4 hemagglutinin (H) gene, complete cds	1824	fox	Vulpes sp.	wild_canid	False	Italy	Italy	2015	2015	2015.5	year		C4		False		True	1824	annotation	False	False	False	
OR529776.1	Morbillivirus canis isolate B3 hemagglutinin (H) gene, complete cds	1824	fox	Vulpes sp.	wild_canid	False	Italy	Italy	2015	2015	2015.5	year		B3		False		True	1824	annotation	False	False	False	
OR529775.1	Morbillivirus canis isolate A2 hemagglutinin (H) gene, complete cds	1824	fox	Vulpes sp.	wild_canid	False	Italy	Italy	2014	2014	2014.5	year		A2		False		True	1824	annotation	False	False	False	
OR492629.1	Morbillivirus canis isolate 73993_Brain hemagglutinin (H) gene, complete cds	1824	fox	Vulpes sp.	wild_canid	False	Italy	Italy	2014	2014	2014.5	year		73993_Brain		False		True	1824	annotation	False	False	False	
OR243301.1	Morbillivirus canis isolate HG6-DLK hemagglutinin (H) gene, complete cds	1824	Panthera pardus	Panthera pardus	wild_felid	False	Nepal	Nepal	2019-07-15	2019-07-15	2019.5342465753424	day		HG6-DLK		False		True	1824	annotation	False	False	False	
OR238917.1	Morbillivirus canis strain IPVDF hemagglutinin protein H gene, partial cds	733	Lycalopex gymnocercus (Pampas fox)	Vulpes sp.	wild_canid	False	Brazil: Rio Grande do Sul state, Pampa biome	Brazil	2023	2023	2023.5	year	IPVDF			False		True	733	annotation	False	False	False	
OR123692.1	Morbillivirus canis isolate HG5-KTM hemagglutinin glycoprotein gene, complete cds	1824	Panthera pardus	Panthera pardus	wild_felid	False	Nepal	Nepal	2021	2021	2021.5	year		HG5-KTM		False		True	1824	annotation	False	False	False	
OR123691.1	Morbillivirus canis isolate HG4-PAL hemagglutinin glycoprotein gene, complete cds	1824	Panthera pardus	Panthera pardus	wild_felid	False	Nepal	Nepal	2016-05-18	2016-05-18	2016.377049180328	day		HG4-PAL		False		True	1824	annotation	False	False	False	
OR123690.1	Morbillivirus canis isolate HG1-PBT hemagglutinin glycoprotein gene, partial cds	864	Panthera pardus	Panthera pardus	wild_felid	False	Nepal	Nepal	2023-03-03	2023-03-03	2023.1671232876713	day		HG1-PBT		False		True	864	annotation	False	False	False	
OR161408.1	Morbillivirus canis isolate 877-20 hemagglutinin protein (H) gene, complete cds	1824	Eurasian lynx (Lynx lynx)	Lynx sp.	wild_felid	False	Germany	Germany	2020	2020	2020.5	year		877-20		False		True	1824	annotation	False	False	False	
OQ363407.1	Canine morbillivirus isolate D06EST-CD7 hemagglutinin (H) gene, partial cds	852	Canis lupus familiaris	Canis lupus familiaris	domestic_dog	False	Nepal	Nepal	2018-01-20	2018-01-20	2018.0520547945205	day		D06EST-CD7		False		True	852	annotation	False	False	False	
OQ363406.1	Canine morbillivirus isolate D04EST-CD4 hemagglutinin (H) gene, partial cds	852	Canis lupus familiaris	Canis lupus familiaris	domestic_dog	False	Nepal	Nepal	2018-01-20	2018-01-20	2018.0520547945205	day		D04EST-CD4		False		True	852	annotation	False	False	False	
OQ363405.1	Canine morbillivirus isolate D09FED-CD3 hemagglutinin (H) gene, partial cds	867	Canis lupus familiaris	Canis lupus familiaris	domestic_dog	False	Nepal	Nepal	2018-03-27	2018-03-27	2018.2328767123288	day		D09FED-CD3		False		True	867	annotation	False	False	False	
OQ363404.1	Canine morbillivirus isolate D02EST-CD3 hemagglutinin (H) gene, partial cds	853	Canis lupus familiaris	Canis lupus familiaris	domestic_dog	False	Nepal	Nepal	2018-01-20	2018-01-20	2018.0520547945205	day		D02EST-CD3		False		True	853	annotation	False	False	False	
OQ363403.1	Canine morbillivirus isolate D17RST-LAL hemagglutinin (H) gene, partial cds	748	Canis lupus familiaris	Canis lupus familiaris	domestic_dog	False	Nepal	Nepal	2018-04-03	2018-04-03	2018.2520547945205	day		D17RST-LAL		False		True	748	annotation	False	False	False	
OQ448915.1	Canine morbillivirus strain IZSSi_90464c4_10 hemagglutinin (H) gene, complete cds	1824	ferret	Mustela putorius furo	mustelid	False	Italy	Italy	30-Dec-2010	2010-12-30	2010.9945205479453	day	IZSSi_90464c4_10			False		True	1824	annotation	False	False	False	
OQ448914.1	Canine morbillivirus strain IZSSi_90464c2_10 hemagglutinin (H) gene, complete cds	1824	ferret	Mustela putorius furo	mustelid	False	Italy	Italy	30-Dec-2010	2010-12-30	2010.9945205479453	day	IZSSi_90464c2_10			False		True	1824	annotation	False	False	False	
LC498611.1	Morbillivirus canis Pr17131O-CDV H gene for hemagglutinin, complete cds	1824	Vulpes zerda	Vulpes sp.	wild_canid	False	Japan	Japan	2017-11	2017-11	2017.8739726027397	month	Pr17131O-CDV			False		True	1824	annotation	False	False	False	
LC342298.1	Morbillivirus canis RC13 cRNA, complete genome	15690	Procyon lotor	Procyon lotor	procyonid	False	Japan	Japan	2016-03-15	2016-03-15	2016.2021857923498	day	RC13			False		True	1824	annotation	True	True	True	
LC159587.1	Morbillivirus canis RNA, complete genome, strain: CDV/dog/HCM/33/140816	15690	Canis lupus familiaris	Canis lupus familiaris	domestic_dog	False	Viet Nam	Viet Nam	2014-08-16	2014-08-16	2014.6219178082192	day	CDV/dog/HCM/33/140816			False		True	1824	annotation	True	True	True	
LC159586.1	Morbillivirus canis H gene for Hemagglutinin, complete cds	1824	Canis lupus familiaris	Canis lupus familiaris	domestic_dog	False	Viet Nam	Viet Nam	2014-08-27	2014-08-27	2014.6520547945206	day	CDV/dog/HCM/38/140827			False		True	1824	annotation	False	False	False	
LC159585.1	Morbillivirus canis H gene for Hemagglutinin, complete cds	1824	Canis lupus familiaris	Canis lupus familiaris	domestic_dog	False	Viet Nam	Viet Nam	2014-01-27	2014-01-27	2014.0712328767124	day	CDV/dog/HCM/29/140127			False		True	1824	annotation	False	False	False	
LC159584.1	Morbillivirus canis H gene for Hemagglutinin, complete cds	1824	Canis lupus familiaris	Canis lupus familiaris	domestic_dog	False	Viet Nam	Viet Nam	2014-01-12	2014-01-12	2014.0301369863014	day	CDV/dog/HCM/24/140112			False		True	1824	annotation	False	False	False	
LC159583.1	Morbillivirus canis H gene for Hemagglutinin, complete cds	1824	Canis lupus familiaris	Canis lupus familiaris	domestic_dog	False	Viet Nam	Viet Nam	2013-10-18	2013-10-18	2013.7945205479452	day	CDV/dog/HCM/01/131018			False		True	1824	annotation	False	False	False	
LC007976.1	Morbillivirus canis H gene for hemagglutinin, complete cds, strain: Wakayama/RD/120926	1824	Nyctereutes procyonoides	Nyctereutes procyonoides	wild_canid	False	Japan: Wakayama	Japan	2012-09-26	2012-09-26	2012.7349726775956	day	Wakayama/RD/120926			False		True	1824	annotation	False	False	False	
LC007975.1	Morbillivirus canis H gene for hemagglutinin, complete cds, strain: Wakayama/RD/110407	1824	Nyctereutes procyonoides	Nyctereutes procyonoides	wild_canid	False	Japan: Wakayama	Japan	2011-04-07	2011-04-07	2011.2630136986302	day	Wakayama/RD/110407			False		True	1824	annotation	False	False	False	
LC007974.1	Morbillivirus canis H gene for hemagglutinin, complete cds, strain: Wakayama/Fox/101125	1824	Vulpes vulpes	Vulpes sp.	wild_canid	False	Japan: Wakayama	Japan	2010-11-25	2010-11-25	2010.8986301369864	day	Wakayama/Fox/101125			False		True	1824	annotation	False	False	False	
LC011103.1	Morbillivirus canis H gene for hemagglutinin, partial cds, strain: Ludhiana	1148	Canine spp.	Canis lupus familiaris	domestic_dog	False	India	India	2013-04-24	2013-04-24	2013.309589041096	day	Ludhiana			False		True	1118	annotation	False	False	False	
AB687721.2	Morbillivirus canis RNA, complete genome, strain: CYN07-hV	15690	Macaca fascicularis	Macaca sp.	primate	False	Japan	Japan	2008-07	2008-07	2008.5382513661202	month	CYN07-hV			False		True	1824	annotation	True	True	True	
AB687720.2	Morbillivirus canis RNA, complete genome, strain: CYN07-dV	15690	Macaca fascicularis	Macaca sp.	primate	False	Japan	Japan	2008-07	2008-07	2008.5382513661202	month	CYN07-dV			False		True	1824	annotation	True	True	True	
AB619775.1	Morbillivirus canis H gene for hemagglutinin, complete cds, strain: Yamaguchi/RD/091216	1824	Nyctereutes procyonoides	Nyctereutes procyonoides	wild_canid	False	Japan: Yamaguchi	Japan	2009-12-16	2009-12-16	2009.9561643835616	day	Yamaguchi/RD/091216			False		True	1824	annotation	False	False	False	
AB619774.1	Morbillivirus canis H gene for hemagglutinin, complete cds, strain: Yamaguchi/WT/100311	1824	Panthera tigris	Panthera tigris	wild_felid	False	Japan: Yamaguchi	Japan	2010-03-11	2010-03-11	2010.1890410958904	day	Yamaguchi/WT/100311			False		True	1824	annotation	False	False	False	
AB605891.1	Morbillivirus canis H gene for hemagglutinin, complete cds, strain: W729B	1824	Nyctereutes procyonoides	Nyctereutes procyonoides	wild_canid	False	Japan: Wakayama, Tanabe	Japan	2007-04	2007-04	2007.2876712328766	month	W729B			False		True	1824	annotation	False	False	False	
AB605890.1	Morbillivirus canis H gene for hemagglutinin, complete cds, strain: W812B	1824	Nyctereutes procyonoides	Nyctereutes procyonoides	wild_canid	False	Japan: Wakayama, Tanabe	Japan	2008-01	2008-01	2008.0409836065573	month	W812B			False		True	1824	annotation	False	False	False	
OQ807209.1	Canine morbillivirus isolate IR/MA13 hemagglutinin (H) gene, complete cds	1824	dog	Canis lupus familiaris	domestic_dog	False	Iran	Iran	2022	2022	2022.5	year		IR/MA13		False		True	1824	annotation	False	False	False	
OQ807208.1	Canine morbillivirus isolate IR/MA7 hemagglutinin (H) gene, complete cds	1824	dog	Canis lupus familiaris	domestic_dog	False	Iran	Iran	2022	2022	2022.5	year		IR/MA7		False		True	1824	annotation	False	False	False	
OQ785284.1	Canine morbillivirus isolate IR/MA6 hemagglutinin (H) gene, complete cds	1824	dog	Canis lupus familiaris	domestic_dog	False	Iran	Iran	23-Nov-2022	2022-11-23	2022.8931506849315	day		IR/MA6		False		True	1824	annotation	False	False	False	
OQ534369.1	Canine morbillivirus strain SJ2022 Dish 4 hemagglutinin (H) gene, partial cds	530	dog	Canis lupus familiaris	domestic_dog	False	Iran	Iran	2022	2022	2022.5	year	SJ2022 Dish 4			False		True	530	annotation	False	False	False	
OQ534368.1	Canine morbillivirus strain SJ2022 Dish 3 hemagglutinin (H) gene, partial cds	528	dog	Canis lupus familiaris	domestic_dog	False	Iran	Iran	2022	2022	2022.5	year	SJ2022 Dish 3			False		True	528	annotation	False	False	False	
OQ534367.1	Canine morbillivirus strain SJ2022 Dish 2 hemagglutinin (H) gene, partial cds	530	dog	Canis lupus familiaris	domestic_dog	False	Iran	Iran	2022	2022	2022.5	year	SJ2022 Dish 2			False		True	530	annotation	False	False	False	
OQ534366.1	Canine morbillivirus strain SJ2022 Dish 1 hemagglutinin (H) gene, partial cds	528	dog	Canis lupus familiaris	domestic_dog	False	Iran	Iran	2022	2022	2022.5	year	SJ2022 Dish 1			False		True	528	annotation	False	False	False	
OQ282908.1	Canine morbillivirus strain Dog D9 hemagglutinin (H) gene, partial cds	1796	dog	Canis lupus familiaris	domestic_dog	False	China	China	02-Jan-2021	2021-01-02	2021.0027397260274	day	Dog D9			False		True	1787	annotation	False	False	False	
OQ282907.1	Canine morbillivirus strain Dog D8 hemagglutinin (H) gene, partial cds	1796	dog	Canis lupus familiaris	domestic_dog	False	China	China	02-Jan-2021	2021-01-02	2021.0027397260274	day	Dog D8			False		True	1787	annotation	False	False	False	
OQ282906.1	Canine morbillivirus strain Dog D7 hemagglutinin (H) gene, partial cds	1796	dog	Canis lupus familiaris	domestic_dog	False	China	China	02-Jan-2021	2021-01-02	2021.0027397260274	day	Dog D7			False		True	1787	annotation	False	False	False	
OQ282905.1	Canine morbillivirus strain Dog D6 hemagglutinin (H) gene, partial cds	1796	dog	Canis lupus familiaris	domestic_dog	False	China	China	02-Jan-2021	2021-01-02	2021.0027397260274	day	Dog D6			False		True	1787	annotation	False	False	False	
OQ282904.1	Canine morbillivirus strain Dog D5 hemagglutinin (H) gene, partial cds	1796	dog	Canis lupus familiaris	domestic_dog	False	China	China	02-Jan-2021	2021-01-02	2021.0027397260274	day	Dog D5			False		True	1787	annotation	False	False	False	
OQ282903.1	Canine morbillivirus strain Dog D4 hemagglutinin (H) gene, partial cds	1796	dog	Canis lupus familiaris	domestic_dog	False	China	China	02-Jan-2021	2021-01-02	2021.0027397260274	day	Dog D4			False		True	1787	annotation	False	False	False	
OQ282902.1	Canine morbillivirus strain Dog D3 hemagglutinin (H) gene, partial cds	1796	dog	Canis lupus familiaris	domestic_dog	False	China	China	02-Jan-2021	2021-01-02	2021.0027397260274	day	Dog D3			False		True	1796	annotation	False	False	False	
OQ282901.1	Canine morbillivirus strain Dog D2 hemagglutinin (H) gene, partial cds	1796	dog	Canis lupus familiaris	domestic_dog	False	China	China	02-Jan-2021	2021-01-02	2021.0027397260274	day	Dog D2			False		True	1796	annotation	False	False	False	
OQ282900.1	Canine morbillivirus strain Dog D1 hemagglutinin (H) gene, partial cds	1796	dog	Canis lupus familiaris	domestic_dog	False	China	China	02-Jan-2021	2021-01-02	2021.0027397260274	day	Dog D1			False		True	1796	annotation	False	False	False	
OL912949.1	Canine morbillivirus isolate necropsy_1, partial genome	15363	fox	Vulpes sp.	wild_canid	False	USA	USA	20-Sep-2021	2021-09-20	2021.717808219178	day		necropsy_1		False		True	1824	annotation	True	True	False	
OP169071.1	Canine morbillivirus isolate DogD6 hemagglutinin (H) gene, partial cds	1788	dog	Canis lupus familiaris	domestic_dog	False	China	China	02-Jan-2021	2021-01-02	2021.0027397260274	day		DogD6		False		True	1788	annotation	False	False	False	
OP169070.1	Canine morbillivirus isolate DogD5 hemagglutinin (H) gene, partial cds	1788	dog	Canis lupus familiaris	domestic_dog	False	China	China	02-Jan-2021	2021-01-02	2021.0027397260274	day		DogD5		False		True	1788	annotation	False	False	False	
OP169069.1	Canine morbillivirus isolate DogD4 hemagglutinin (H) gene, partial cds	1788	dog	Canis lupus familiaris	domestic_dog	False	China	China	02-Jan-2021	2021-01-02	2021.0027397260274	day		DogD4		False		True	1788	annotation	False	False	False	
OP546529.1	Canine morbillivirus strain Italy/128180/2021 hemagglutinin (H) gene, complete cds	1824	badger	Meles meles	mustelid	False	Italy	Italy	2021	2021	2021.5	year	Italy/128180/2021	128180		False		True	1824	annotation	False	False	False	
OP546528.1	Canine morbillivirus strain Italy/182644/2021 hemagglutinin (H) gene, complete cds	1824	fox	Vulpes sp.	wild_canid	False	Italy	Italy	2021	2021	2021.5	year	Italy/182644/2021	182644		False		True	1824	annotation	False	False	False	
OP546527.1	Canine morbillivirus strain Italy/183553/2021 hemagglutinin (H) gene, complete cds	1824	fox	Vulpes sp.	wild_canid	False	Italy	Italy	2021	2021	2021.5	year	Italy/183553/2021	183553		False		True	1824	annotation	False	False	False	
OP546526.1	Canine morbillivirus strain Italy/128105-3/2021 hemagglutinin (H) gene, complete cds	1824	fox	Vulpes sp.	wild_canid	False	Italy	Italy	2021	2021	2021.5	year	Italy/128105-3/2021	128105-3		False		True	1824	annotation	False	False	False	
OP546525.1	Canine morbillivirus strain Italy/128105-2/2021 hemagglutinin (H) gene, complete cds	1824	fox	Vulpes sp.	wild_canid	False	Italy	Italy	2021	2021	2021.5	year	Italy/128105-2/2021	128105-2		False		True	1824	annotation	False	False	False	
OP546524.1	Canine morbillivirus strain Italy/128105-1/2021 hemagglutinin (H) gene, complete cds	1824	fox	Vulpes sp.	wild_canid	False	Italy	Italy	2021	2021	2021.5	year	Italy/128105-1/2021	128105-1		False		True	1824	annotation	False	False	False	
OP546523.1	Canine morbillivirus strain Italy/61120/2021 hemagglutinin (H) gene, complete cds	1824	fox	Vulpes sp.	wild_canid	False	Italy	Italy	2021	2021	2021.5	year	Italy/61120/2021	61120		False		True	1824	annotation	False	False	False	
OP546522.1	Canine morbillivirus strain Italy/54339/2021 hemagglutinin (H) gene, complete cds	1824	fox	Vulpes sp.	wild_canid	False	Italy	Italy	2021	2021	2021.5	year	Italy/54339/2021	54339		False		True	1824	annotation	False	False	False	
OP546521.1	Canine morbillivirus strain Italy/7744/2021 hemagglutinin (H) gene, complete cds	1824	fox	Vulpes sp.	wild_canid	False	Italy	Italy	2021	2021	2021.5	year	Italy/7744/2021	7744		False		True	1824	annotation	False	False	False	
OP546520.1	Canine morbillivirus strain Italy/4469/2021 hemagglutinin (H) gene, complete cds	1824	fox	Vulpes sp.	wild_canid	False	Italy	Italy	2021	2021	2021.5	year	Italy/4469/2021	4469		False		True	1824	annotation	False	False	False	
MT012803.1	Canine morbillivirus strain MDE/2a/CO/2017, partial genome	15503	Canis lupus familiaris	Canis lupus familiaris	domestic_dog	False	Colombia	Colombia	2017	2017	2017.5	year	MDE/2a/CO/2017			False		True	1824	annotation	True	True	False	
MT012802.1	Canine morbillivirus strain D/GENOME-44-MDE/CO/2012, partial genome	15525	Canis lupus familiaris	Canis lupus familiaris	domestic_dog	False	Colombia	Colombia	2012	2012	2012.5	year	D/GENOME-44-MDE/CO/2012			False		True	1824	annotation	True	True	False	
OM714801.1	Canine morbillivirus isolate CDV_BEAR_PNALM/2021 hemagglutinin (H) gene, partial cds	420	Ursus arctos marsicanus	Ursus sp.	ursid	False	Italy	Italy	2021	2021	2021.5	year		CDV_BEAR_PNALM/2021		False		True	420	annotation	False	False	False	
OM714800.1	Canine morbillivirus isolate CDV_DOG_PNALM/2021 hemagglutinin (H) gene, partial cds	420	Canis lupus familiaris	Canis lupus familiaris	domestic_dog	False	Italy	Italy	2021	2021	2021.5	year		CDV_DOG_PNALM/2021		False		True	420	annotation	False	False	False	
OM714799.1	Canine morbillivirus isolate CDV_FOX_PNALM/2021 hemagglutinin (H) gene, complete cds	1824	Vulpes vulpes	Vulpes sp.	wild_canid	False	Italy	Italy	2021	2021	2021.5	year		CDV_FOX_PNALM/2021		False		True	1824	annotation	False	False	False	
OM273980.1	Canine morbillivirus isolate CDV_ERZ_TR_9/Dog hemagglutinin (H) gene, partial cds	603	Canine (dog)	Canis lupus familiaris	domestic_dog	False	Turkey	Turkey	2019	2019	2019.5	year		CDV_ERZ_TR_9/Dog		False		True	603	annotation	False	False	False	
OM273979.1	Canine morbillivirus isolate CDV_ERZ_TR_8/Dog hemagglutinin (H) gene, partial cds	597	Canine (dog)	Canis lupus familiaris	domestic_dog	False	Turkey	Turkey	2019	2019	2019.5	year		CDV_ERZ_TR_8/Dog		False		True	597	annotation	False	False	False	
OM273978.1	Canine morbillivirus isolate CDV_ERZ_TR_7/Dog hemagglutinin (H) gene, partial cds	597	Canine (dog)	Canis lupus familiaris	domestic_dog	False	Turkey	Turkey	2019	2019	2019.5	year		CDV_ERZ_TR_7/Dog		False		True	597	annotation	False	False	False	
OM273977.1	Canine morbillivirus isolate CDV_ERZ_TR_6/Dog hemagglutinin (H) gene, partial cds	603	Canine (dog)	Canis lupus familiaris	domestic_dog	False	Turkey	Turkey	2019	2019	2019.5	year		CDV_ERZ_TR_6/Dog		False		True	603	annotation	False	False	False	
OM273976.1	Canine morbillivirus isolate CDV_ERZ_TR_5/Dog hemagglutinin (H) gene, partial cds	600	Canine (dog)	Canis lupus familiaris	domestic_dog	False	Turkey	Turkey	2019	2019	2019.5	year		CDV_ERZ_TR_5/Dog		False		True	600	annotation	False	False	False	
OM273975.1	Canine morbillivirus isolate CDV_ERZ_TR_4/Dog hemagglutinin (H) gene, partial cds	543	Canine (dog)	Canis lupus familiaris	domestic_dog	False	Turkey	Turkey	2019	2019	2019.5	year		CDV_ERZ_TR_4/Dog		False		True	543	annotation	False	False	False	
OM273974.1	Canine morbillivirus isolate CDV_ERZ_TR_3/Dog hemagglutinin (H) gene, partial cds	603	Canine (dog)	Canis lupus familiaris	domestic_dog	False	Turkey	Turkey	2019	2019	2019.5	year		CDV_ERZ_TR_3/Dog		False		True	603	annotation	False	False	False	
OM273973.1	Canine morbillivirus isolate CDV_ERZ_TR_2/Dog hemagglutinin (H) gene, partial cds	603	Canine (dog)	Canis lupus familiaris	domestic_dog	False	Turkey	Turkey	2019	2019	2019.5	year		CDV_ERZ_TR_2/Dog		False		True	603	annotation	False	False	False	
OM273972.1	Canine morbillivirus isolate CDV_ERZ_TR_1/Dog hemagglutinin (H) gene, partial cds	597	Canine (dog)	Canis lupus familiaris	domestic_dog	False	Turkey	Turkey	2019	2019	2019.5	year		CDV_ERZ_TR_1/Dog		False		True	597	annotation	False	False	False	
ON206669.1	Canine morbillivirus isolate HLJ21-10, complete genome	15690	dog	Canis lupus familiaris	domestic_dog	False	China	China	Oct-2021	2021-10	2021.7890410958903	month		HLJ21-10		False		True	1824	annotation	True	True	True	
OM201303.1	Canine morbillivirus isolate JL02 hemagglutinin gene, partial cds	807	Panthera pardus ssp. melas (Javan leopard)	Panthera pardus	wild_felid	False	Indonesia	Indonesia	10-May-2021	2021-05-10	2021.3534246575343	day		JL02		False		True	807	annotation	False	False	False	
OP122984.1	Canine morbillivirus strain ITA/2015/dog/15952-6 hemagglutinin (H) gene, partial cds	1048	Canis lupus familiaris	Canis lupus familiaris	domestic_dog	False	Italy	Italy	2015	2015	2015.5	year	ITA/2015/dog/15952-6			False		True	1048	annotation	False	False	False	
OP122983.1	Canine morbillivirus strain ITA/2015/dog/15952-5 hemagglutinin (H) gene, partial cds	1042	Canis lupus familiaris	Canis lupus familiaris	domestic_dog	False	Italy	Italy	2015	2015	2015.5	year	ITA/2015/dog/15952-5			False		True	1042	annotation	False	False	False	
OP122982.1	Canine morbillivirus strain ITA/2015/dog/15952-4 hemagglutinin (H) gene, partial cds	1053	Canis lupus familiaris	Canis lupus familiaris	domestic_dog	False	Italy	Italy	2015	2015	2015.5	year	ITA/2015/dog/15952-4			False		True	1053	annotation	False	False	False	
OP122981.1	Canine morbillivirus strain ITA/2015/dog/15952-1 hemagglutinin (H) gene, partial cds	1004	Canis lupus familiaris	Canis lupus familiaris	domestic_dog	False	Italy	Italy	2015	2015	2015.5	year	ITA/2015/dog/15952-1			False		True	1004	annotation	False	False	False	
OP122980.1	Canine morbillivirus strain ITA/2015/dog/24100 hemagglutinin (H) gene, partial cds	1072	Canis lupus familiaris	Canis lupus familiaris	domestic_dog	False	Italy	Italy	2015	2015	2015.5	year	ITA/2015/dog/24100			False		True	1072	annotation	False	False	False	
OL675426.1	Morbillivirus canis isolate NT, complete genome	15544	Canis lupus familiaris	Canis lupus familiaris	domestic_dog	False	China	China	09-Aug-2020	2020-08-09	2020.603825136612	day		NT		False		True	1824	annotation	True	True	True	
OL441600.1	Canine morbillivirus strain Ferret/Australia/20-01897-05/2019, complete genome	15669	Mustela putorius furo	Mustela sp.	mustelid	False	Australia: Victoria	Australia	2019	2019	2019.5	year	Ferret/Australia/20-01897-05/2019			False		True	1815	annotation	True	True	True	
OL441599.1	Canine morbillivirus strain Ferret/Australia/20-01897-03/2019, complete genome	15667	Mustela putorius furo	Mustela sp.	mustelid	False	Australia: Victoria	Australia	2019	2019	2019.5	year	Ferret/Australia/20-01897-03/2019			False		True	1815	annotation	True	True	True	
OL441598.1	Canine morbillivirus strain Ferret/Australia/20-01897-02/2019, complete genome	15670	Mustela putorius furo	Mustela sp.	mustelid	False	Australia: Victoria	Australia	2019	2019	2019.5	year	Ferret/Australia/20-01897-02/2019			False		True	1815	annotation	True	True	True	
OL441597.1	Canine morbillivirus strain Ferret/Australia/20-01897-01/2019, complete genome	15678	Mustela putorius furo	Mustela sp.	mustelid	False	Australia: Victoria	Australia	2019	2019	2019.5	year	Ferret/Australia/20-01897-01/2019			False		True	1815	annotation	True	True	True	
OL441596.1	Canine morbillivirus strain Ferret/Australia/20-00841-02-06/2019, complete genome	15655	Mustela putorius furo	Mustela sp.	mustelid	False	Australia: Victoria	Australia	2019	2019	2019.5	year	Ferret/Australia/20-00841-02-06/2019			False		True	1815	annotation	True	True	True	
OL441595.1	Canine morbillivirus strain Ferret/Australia/19-01653-05/2019, complete genome	15655	Mustela putorius furo	Mustela sp.	mustelid	False	Australia: Victoria	Australia	2019	2019	2019.5	year	Ferret/Australia/19-01653-05/2019			False		True	1815	annotation	True	True	True	
OL441594.1	Canine morbillivirus strain Ferret/Australia/19-01153-11-02/2019, complete genome	15570	Mustela putorius furo	Mustela sp.	mustelid	False	Australia: Victoria	Australia	2019	2019	2019.5	year	Ferret/Australia/19-01153-11-02/2019			False		True	1824	annotation	True	True	True	
OL441593.1	Canine morbillivirus strain Ferret/Australia/19-00728-01-04/2019, complete genome	15639	Mustela putorius furo	Mustela sp.	mustelid	False	Australia: Victoria	Australia	2019	2019	2019.5	year	Ferret/Australia/19-00728-01-04/2019			False		True	1824	annotation	True	True	True	
OL441592.1	Canine morbillivirus strain Ferret/Australia/97578/2019, complete genome	15674	Mustela putorius furo	Mustela sp.	mustelid	False	Australia: Victoria	Australia	2019	2019	2019.5	year	Ferret/Australia/97578/2019			False		True	1824	annotation	True	True	True	
MW036824.1	Canine morbillivirus isolate Italy/16767/2020 hemagglutinin (H) gene, partial cds	473	fox	Vulpes sp.	wild_canid	False	Italy	Italy	2020	2020	2020.5	year		Italy/16767/2020		False		True	473	annotation	False	False	False	
MW036823.1	Canine morbillivirus isolate Italy/12290/2020 hemagglutinin (H) gene, partial cds	473	fox	Vulpes sp.	wild_canid	False	Italy	Italy	2020	2020	2020.5	year		Italy/12290/2020		False		True	473	annotation	False	False	False	
MW036822.1	Canine morbillivirus isolate Italy/11257/2020 hemagglutinin (H) gene, partial cds	473	fox	Vulpes sp.	wild_canid	False	Italy	Italy	2020	2020	2020.5	year		Italy/11257/2020		False		True	473	annotation	False	False	False	
MW036821.1	Canine morbillivirus isolate Italy/417825/2019 hemagglutinin (H) gene, partial cds	473	fox	Vulpes sp.	wild_canid	False	Italy	Italy	2019	2019	2019.5	year		Italy/417825/2019		False		True	473	annotation	False	False	False	
MW036820.1	Canine morbillivirus isolate Italy/396501/2019 hemagglutinin (H) gene, complete cds	1826	fox	Vulpes sp.	wild_canid	False	Italy	Italy	2019	2019	2019.5	year		Italy/396501/2019		False		True	1824	annotation	False	False	False	
MW036819.1	Canine morbillivirus isolate Italy/347278/2019 hemagglutinin (H) gene, partial cds	473	fox	Vulpes sp.	wild_canid	False	Italy	Italy	2019	2019	2019.5	year		Italy/347278/2019		False		True	473	annotation	False	False	False	
MW036818.1	Canine morbillivirus isolate Italy/306137/2018 hemagglutinin (H) gene, partial cds	473	fox	Vulpes sp.	wild_canid	False	Italy	Italy	2018	2018	2018.5	year		Italy/306137/2018		False		True	473	annotation	False	False	False	
MW036817.1	Canine morbillivirus isolate Italy/208435/2018 hemagglutinin (H) gene, complete cds	1826	fox	Vulpes sp.	wild_canid	False	Italy	Italy	2018	2018	2018.5	year		Italy/208435/2018		False		True	1824	annotation	False	False	False	
MW036816.1	Canine morbillivirus isolate Italy/175009/2018 hemagglutinin (H) gene, partial cds	473	fox	Vulpes sp.	wild_canid	False	Italy	Italy	2018	2018	2018.5	year		Italy/175009/2018		False		True	473	annotation	False	False	False	
MW036815.1	Canine morbillivirus isolate Italy/329079/2019 hemagglutinin (H) gene, partial cds	473	fox	Vulpes sp.	wild_canid	False	Italy	Italy	2019	2019	2019.5	year		Italy/329079/2019		False		True	473	annotation	False	False	False	
MW036814.1	Canine morbillivirus isolate Italy/261112/2018 hemagglutinin (H) gene, partial cds	473	fox	Vulpes sp.	wild_canid	False	Italy	Italy	2018	2018	2018.5	year		Italy/261112/2018		False		True	473	annotation	False	False	False	
MW036813.1	Canine morbillivirus isolate Italy/303596/2019 hemagglutinin (H) gene, partial cds	473	fox	Vulpes sp.	wild_canid	False	Italy	Italy	2019	2019	2019.5	year		Italy/303596/2019		False		True	473	annotation	False	False	False	
MW036812.1	Canine morbillivirus isolate Italy/182279/2018 hemagglutinin (H) gene, partial cds	473	fox	Vulpes sp.	wild_canid	False	Italy	Italy	2018	2018	2018.5	year		Italy/182279/2018		False		True	473	annotation	False	False	False	
MW036811.1	Canine morbillivirus isolate Italy/180710/2018 hemagglutinin (H) gene, partial cds	473	fox	Vulpes sp.	wild_canid	False	Italy	Italy	2018	2018	2018.5	year		Italy/180710/2018		False		True	473	annotation	False	False	False	
MW036810.1	Canine morbillivirus isolate Italy/69223/2019 hemagglutinin (H) gene, partial cds	473	fox	Vulpes sp.	wild_canid	False	Italy	Italy	2019	2019	2019.5	year		Italy/69223/2019		False		True	473	annotation	False	False	False	
MW036809.1	Canine morbillivirus isolate Italy/176762/2019 hemagglutinin (H) gene, partial cds	473	badger	Meles meles	mustelid	False	Italy	Italy	2019	2019	2019.5	year		Italy/176762/2019		False		True	473	annotation	False	False	False	
MW036808.1	Canine morbillivirus isolate Italy/306003/2018 hemagglutinin (H) gene, complete cds	1826	badger	Meles meles	mustelid	False	Italy	Italy	2018	2018	2018.5	year		Italy/306003/2018		False		True	1824	annotation	False	False	False	
MW036807.1	Canine morbillivirus isolate Italy/253059/2019 hemagglutinin (H) gene, partial cds	473	badger	Meles meles	mustelid	False	Italy	Italy	2019	2019	2019.5	year		Italy/253059/2019		False		True	473	annotation	False	False	False	
MW036806.1	Canine morbillivirus isolate Italy/15859/2019 hemagglutinin (H) gene, partial cds	473	fox	Vulpes sp.	wild_canid	False	Italy	Italy	2019	2019	2019.5	year		Italy/15859/2019		False		True	473	annotation	False	False	False	
MW036805.1	Canine morbillivirus isolate Italy/290537/2019 hemagglutinin (H) gene, partial cds	473	badger	Meles meles	mustelid	False	Italy	Italy	2019	2019	2019.5	year		Italy/290537/2019		False		True	473	annotation	False	False	False	
MW036804.1	Canine morbillivirus isolate Italy/244937/2019 hemagglutinin (H) gene, partial cds	473	fox	Vulpes sp.	wild_canid	False	Italy	Italy	2019	2019	2019.5	year		Italy/244937/2019		False		True	473	annotation	False	False	False	
MW036803.1	Canine morbillivirus isolate Italy/258610/2009 hemagglutinin (H) gene, partial cds	473	fox	Vulpes sp.	wild_canid	False	Italy	Italy	2009	2009	2009.5	year		Italy/258610/2009		False		True	473	annotation	False	False	False	
MW036802.1	Canine morbillivirus isolate Italy/212664/2019 hemagglutinin (H) gene, partial cds	473	badger	Meles meles	mustelid	False	Italy	Italy	2019	2019	2019.5	year		Italy/212664/2019		False		True	473	annotation	False	False	False	
MW036801.1	Canine morbillivirus isolate Italy/25521/2020 hemagglutinin (H) gene, partial cds	473	fox	Vulpes sp.	wild_canid	False	Italy	Italy	2020	2020	2020.5	year		Italy/25521/2020		False		True	473	annotation	False	False	False	
MW036800.1	Canine morbillivirus isolate Italy/282223/2019 hemagglutinin (H) gene, complete cds	1826	fox	Vulpes sp.	wild_canid	False	Italy	Italy	2019	2019	2019.5	year		Italy/282223/2019		False		True	1824	annotation	False	False	False	
MW036799.1	Canine morbillivirus isolate Italy/253068/2019 hemagglutinin (H) gene, partial cds	473	fox	Vulpes sp.	wild_canid	False	Italy	Italy	2019	2019	2019.5	year		Italy/253068/2019		False		True	473	annotation	False	False	False	
MW036798.1	Canine morbillivirus isolate Italy/410638/2018 hemagglutinin (H) gene, complete cds	1826	fox	Vulpes sp.	wild_canid	False	Italy	Italy	2018	2018	2018.5	year		Italy/410638/2018		False		True	1824	annotation	False	False	False	
MW036797.1	Canine morbillivirus isolate Italy/76108/2019 hemagglutinin (H) gene, partial cds	473	fox	Vulpes sp.	wild_canid	False	Italy	Italy	2019	2019	2019.5	year		Italy/76108/2019		False		True	473	annotation	False	False	False	
MW036796.1	Canine morbillivirus isolate Italy/300258/2019 hemagglutinin (H) gene, partial cds	473	fox	Vulpes sp.	wild_canid	False	Italy	Italy	2019	2019	2019.5	year		Italy/300258/2019		False		True	473	annotation	False	False	False	
MW036795.1	Canine morbillivirus isolate Italy/395810/2018 hemagglutinin (H) gene, partial cds	473	fox	Vulpes sp.	wild_canid	False	Italy	Italy	2018	2018	2018.5	year		Italy/395810/2018		False		True	473	annotation	False	False	False	
MW036794.1	Canine morbillivirus isolate Italy/261227/2018 hemagglutinin (H) gene, partial cds	473	fox	Vulpes sp.	wild_canid	False	Italy	Italy	2018	2018	2018.5	year		Italy/261227/2018		False		True	473	annotation	False	False	False	
MW036793.1	Canine morbillivirus isolate Italy/252594/2018 hemagglutinin (H) gene, partial cds	473	fox	Vulpes sp.	wild_canid	False	Italy	Italy	2018	2018	2018.5	year		Italy/252594/2018		False		True	473	annotation	False	False	False	
MW036792.1	Canine morbillivirus isolate Italy/244537/2018 hemagglutinin (H) gene, partial cds	473	fox	Vulpes sp.	wild_canid	False	Italy	Italy	2018	2018	2018.5	year		Italy/244537/2018		False		True	473	annotation	False	False	False	
MW036791.1	Canine morbillivirus isolate Italy/204285/2019 hemagglutinin (H) gene, partial cds	473	fox	Vulpes sp.	wild_canid	False	Italy	Italy	2019	2019	2019.5	year		Italy/204285/2019		False		True	473	annotation	False	False	False	
MW036790.1	Canine morbillivirus isolate Italy/182306/2018 hemagglutinin (H) gene, partial cds	473	fox	Vulpes sp.	wild_canid	False	Italy	Italy	2018	2018	2018.5	year		Italy/182306/2018		False		True	473	annotation	False	False	False	
MW036789.1	Canine morbillivirus isolate Italy/3338/2019 hemagglutinin (H) gene, partial cds	473	fox	Vulpes sp.	wild_canid	False	Italy	Italy	2019	2019	2019.5	year		Italy/3338/2019		False		True	473	annotation	False	False	False	
MW036788.1	Canine morbillivirus isolate Italy/348617/2018 hemagglutinin (H) gene, partial cds	473	fox	Vulpes sp.	wild_canid	False	Italy	Italy	2018	2018	2018.5	year		Italy/348617/2018		False		True	473	annotation	False	False	False	
MW036787.1	Canine morbillivirus isolate Italy/193148/2019 hemagglutinin (H) gene, complete cds	1826	stone marten	Martes sp.	mustelid	False	Italy	Italy	2019	2019	2019.5	year		Italy/193148/2019		False		True	1824	annotation	False	False	False	
MW036786.1	Canine morbillivirus isolate Italy/323492/2019 hemagglutinin (H) gene, partial cds	473	fox	Vulpes sp.	wild_canid	False	Italy	Italy	2019	2019	2019.5	year		Italy/323492/2019		False		True	473	annotation	False	False	False	
MW036785.1	Canine morbillivirus isolate Italy/292819/2019 hemagglutinin (H) gene, partial cds	473	fox	Vulpes sp.	wild_canid	False	Italy	Italy	2019	2019	2019.5	year		Italy/292819/2019		False		True	473	annotation	False	False	False	
MW036784.1	Canine morbillivirus isolate Italy/292816/2019 hemagglutinin (H) gene, partial cds	473	fox	Vulpes sp.	wild_canid	False	Italy	Italy	2019	2019	2019.5	year		Italy/292816/2019		False		True	473	annotation	False	False	False	
MW036783.1	Canine morbillivirus isolate Italy/341249/2019 hemagglutinin (H) gene, partial cds	473	badger	Meles meles	mustelid	False	Italy	Italy	2019	2019	2019.5	year		Italy/341249/2019		False		True	473	annotation	False	False	False	
MW036782.1	Canine morbillivirus isolate Italy/250358/2019 hemagglutinin (H) gene, complete cds	1826	badger	Meles meles	mustelid	False	Italy	Italy	2019	2019	2019.5	year		Italy/250358/2019		False		True	1824	annotation	False	False	False	
MW036781.1	Canine morbillivirus isolate Italy/312067/2019 hemagglutinin (H) gene, complete cds	1826	badger	Meles meles	mustelid	False	Italy	Italy	2019	2019	2019.5	year		Italy/312067/2019		False		True	1824	annotation	False	False	False	
MW036780.1	Canine morbillivirus isolate Italy/30557/2020 hemagglutinin (H) gene, partial cds	473	fox	Vulpes sp.	wild_canid	False	Italy	Italy	2020	2020	2020.5	year		Italy/30557/2020		False		True	473	annotation	False	False	False	
MW036779.1	Canine morbillivirus isolate Italy/350508/2019 hemagglutinin (H) gene, partial cds	473	fox	Vulpes sp.	wild_canid	False	Italy	Italy	2019	2019	2019.5	year		Italy/350508/2019		False		True	473	annotation	False	False	False	
MW036778.1	Canine morbillivirus isolate Italy/201213/2018 hemagglutinin (H) gene, partial cds	473	fox	Vulpes sp.	wild_canid	False	Italy	Italy	2018	2018	2018.5	year		Italy/201213/2018		False		True	473	annotation	False	False	False	
MW036777.1	Canine morbillivirus isolate Italy/181902/2019 hemagglutinin (H) gene, complete cds	1826	fox	Vulpes sp.	wild_canid	False	Italy	Italy	2019	2019	2019.5	year		Italy/181902/2019		False		True	1824	annotation	False	False	False	
MW036776.1	Canine morbillivirus isolate Italy/455333/2019 hemagglutinin (H) gene, partial cds	473	fox	Vulpes sp.	wild_canid	False	Italy	Italy	2019	2019	2019.5	year		Italy/455333/2019		False		True	473	annotation	False	False	False	
MW036775.1	Canine morbillivirus isolate Italy/446367/2019 hemagglutinin (H) gene, partial cds	473	fox	Vulpes sp.	wild_canid	False	Italy	Italy	2019	2019	2019.5	year		Italy/446367/2019		False		True	473	annotation	False	False	False	
MW036774.1	Canine morbillivirus isolate Italy/329557/2019 hemagglutinin (H) gene, partial cds	473	badger	Meles meles	mustelid	False	Italy	Italy	2019	2019	2019.5	year		Italy/329557/2019		False		True	473	annotation	False	False	False	
ON458033.1	Canine morbillivirus isolate CT/Zorro3/CO/2021 hemagglutinin (H) gene, partial cds	1815	Cerdocyon thous	Cerdocyon thous	wild_canid	False	Colombia	Colombia	11-Dec-2021	2021-12-11	2021.9424657534246	day		CT/Zorro3/CO/2021		False		True	1815	annotation	False	False	False	
OL795430.1	Canine morbillivirus isolate 1102/16 hemagglutinin (H) gene, complete cds	1824	Red fox (Vulpes vulpes)	Vulpes vulpes	wild_canid	False	Germany	Germany	2016	2016	2016.5	year		1102/16		False		True	1824	annotation	False	False	False	
OL795429.1	Canine morbillivirus isolate 1663/16 hemagglutinin (H) gene, complete cds	1824	Red fox (Vulpes vulpes)	Vulpes vulpes	wild_canid	False	Germany	Germany	2016	2016	2016.5	year		1663/16		False		True	1824	annotation	False	False	False	
OL795428.1	Canine morbillivirus isolate 1664/16 hemagglutinin (H) gene, complete cds	1824	Red fox (Vulpes vulpes)	Vulpes vulpes	wild_canid	False	Germany	Germany	2016	2016	2016.5	year		1664/16		False		True	1824	annotation	False	False	False	
OL795427.1	Canine morbillivirus isolate 1592/16 hemagglutinin (H) gene, complete cds	1824	Red fox (Vulpes vulpes)	Vulpes vulpes	wild_canid	False	Germany	Germany	2016	2016	2016.5	year		1592/16		False		True	1824	annotation	False	False	False	
OL795426.1	Canine morbillivirus isolate 577/15 hemagglutinin (H) gene, complete cds	1824	Red fox (Vulpes vulpes)	Vulpes vulpes	wild_canid	False	Germany	Germany	2015	2015	2015.5	year		577/15		False		True	1824	annotation	False	False	False	
OL795425.1	Canine morbillivirus isolate 325/17 hemagglutinin (H) gene, complete cds	1824	Red fox (Vulpes vulpes)	Vulpes vulpes	wild_canid	False	Germany	Germany	2017	2017	2017.5	year		325/17		False		True	1824	annotation	False	False	False	
OL795424.1	Canine morbillivirus isolate 288/17 hemagglutinin (H) gene, complete cds	1824	Red fox (Vulpes vulpes)	Vulpes vulpes	wild_canid	False	Germany	Germany	2017	2017	2017.5	year		288/17		False		True	1824	annotation	False	False	False	
OL795423.1	Canine morbillivirus isolate 283/16 hemagglutinin (H) gene, complete cds	1824	Red fox (Vulpes vulpes)	Vulpes vulpes	wild_canid	False	Germany	Germany	2016	2016	2016.5	year		283/16		False		True	1824	annotation	False	False	False	
OL795422.1	Canine morbillivirus isolate 90/17 hemagglutinin (H) gene, complete cds	1824	Red fox (Vulpes vulpes)	Vulpes vulpes	wild_canid	False	Germany	Germany	2017	2017	2017.5	year		90/17		False		True	1824	annotation	False	False	False	
OL795421.1	Canine morbillivirus isolate 48/17 hemagglutinin (H) gene, complete cds	1824	Red fox (Vulpes vulpes)	Vulpes vulpes	wild_canid	False	Germany	Germany	2017	2017	2017.5	year		48/17		False		True	1824	annotation	False	False	False	
ON929300.1	Canine morbillivirus isolate CD1901-100P hemagglutinin (H) gene, complete cds	1824	dog	Canis lupus familiaris	domestic_dog	False	South Korea	South Korea	2019	2019	2019.5	year	CD1901	CD1901-100P		False		True	1824	annotation	False	False	False	
ON929298.1	Canine morbillivirus isolate CD1901-1P hemagglutinin (H) gene, complete cds	1824	dog	Canis lupus familiaris	domestic_dog	False	South Korea	South Korea	2019	2019	2019.5	year	CD1901	CD1901-1P		False		True	1824	annotation	False	False	False	
ON533748.1	Canine morbillivirus isolate CDV_314_UY_2015_DOG hemagglutinin gene, complete cds	1824	dog; host: female	Canis lupus familiaris	domestic_dog	False	Uruguay	Uruguay	2015	2015	2015.5	year		CDV_314_UY_2015_DOG		False		True	1824	annotation	False	False	False	
ON533747.1	Canine morbillivirus isolate CDV_312_UY_2015_DOG hemagglutinin gene, complete cds	1824	dog; host: female	Canis lupus familiaris	domestic_dog	False	Uruguay	Uruguay	2015	2015	2015.5	year		CDV_312_UY_2015_DOG		False		True	1824	annotation	False	False	False	
ON533746.1	Canine morbillivirus isolate CDV_Ps9_PE_2015_DOG hemagglutinin gene, complete cds	1824	dog; host: male	Canis lupus familiaris	domestic_dog	False	Peru	Peru	2015	2015	2015.5	year		CDV_Ps9_PE_2015_DOG		False		True	1824	annotation	False	False	False	
ON533745.1	Canine morbillivirus isolate CDV_P2_PE_2015_DOG hemagglutinin gene, complete cds	1824	dog; host: male	Canis lupus familiaris	domestic_dog	False	Peru	Peru	2015	2015	2015.5	year		CDV_P2_PE_2015_DOG		False		True	1824	annotation	False	False	False	
ON533744.1	Canine morbillivirus isolate CDV_EC25_EC_2014_DOG hemagglutinin gene, complete cds	1824	dog; host: male	Canis lupus familiaris	domestic_dog	False	Ecuador	Ecuador	2014	2014	2014.5	year		CDV_EC25_EC_2014_DOG		False		True	1824	annotation	False	False	False	
ON533743.1	Canine morbillivirus isolate CDV_EC30_EC_2014_DOG hemagglutinin gene, complete cds	1824	dog; host: male	Canis lupus familiaris	domestic_dog	False	Ecuador	Ecuador	2014	2014	2014.5	year		CDV_EC30_EC_2014_DOG		False		True	1824	annotation	False	False	False	
ON533742.1	Canine morbillivirus isolate CDV_EC32_EC_2014_DOG hemagglutinin gene, complete cds	1824	dog; host: female	Canis lupus familiaris	domestic_dog	False	Ecuador	Ecuador	2014	2014	2014.5	year		CDV_EC32_EC_2014_DOG		False		True	1824	annotation	False	False	False	
ON533741.1	Canine morbillivirus isolate CDV_EC4_EC_2012_DOG hemagglutinin gene, complete cds	1824	dog; host: male	Canis lupus familiaris	domestic_dog	False	Ecuador	Ecuador	2012	2012	2012.5	year		CDV_EC4_EC_2012_DOG		False		True	1824	annotation	False	False	False	
OK557797.1	Canine morbillivirus isolate Hungary/2021/21, partial genome	15248	Vulpes vulpes	Vulpes sp.	wild_canid	False	Hungary	Hungary	2021	2021	2021.5	year		Hungary/2021/21		False		True	1824	annotation	True	True	False	
OK557796.1	Canine morbillivirus isolate Hungary/2021/20, partial genome	15248	Vulpes vulpes	Vulpes sp.	wild_canid	False	Hungary	Hungary	2021	2021	2021.5	year		Hungary/2021/20		False		True	1824	annotation	True	True	False	
OK557795.1	Canine morbillivirus isolate Hungary/2021/19, partial genome	15248	Vulpes vulpes	Vulpes sp.	wild_canid	False	Hungary	Hungary	2021	2021	2021.5	year		Hungary/2021/19		False		True	1824	annotation	True	True	False	
OK557794.1	Canine morbillivirus isolate Hungary/2021/18, partial genome	15248	Vulpes vulpes	Vulpes sp.	wild_canid	False	Hungary	Hungary	2021	2021	2021.5	year		Hungary/2021/18		False		True	1824	annotation	True	True	False	
OK557793.1	Canine morbillivirus isolate Hungary/2021/17, partial genome	15248	Vulpes vulpes	Vulpes sp.	wild_canid	False	Hungary	Hungary	2021	2021	2021.5	year		Hungary/2021/17		False		True	1824	annotation	True	True	False	
OK557792.1	Canine morbillivirus isolate Hungary/2021/16, partial genome	15248	Vulpes vulpes	Vulpes sp.	wild_canid	False	Hungary	Hungary	2021	2021	2021.5	year		Hungary/2021/16		False		True	1824	annotation	True	True	False	
OK557791.1	Canine morbillivirus isolate Hungary/2021/14, partial genome	15248	Vulpes vulpes	Vulpes sp.	wild_canid	False	Hungary	Hungary	2021	2021	2021.5	year		Hungary/2021/14		False		True	1824	annotation	True	True	False	
OK557790.1	Canine morbillivirus isolate Hungary/2021/12, partial genome	15248	Vulpes vulpes	Vulpes sp.	wild_canid	False	Hungary	Hungary	2021	2021	2021.5	year		Hungary/2021/12		False		True	1824	annotation	True	True	False	
OK557789.1	Canine morbillivirus isolate Hungary/2021/11, partial genome	15248	Vulpes vulpes	Vulpes sp.	wild_canid	False	Hungary	Hungary	2021	2021	2021.5	year		Hungary/2021/11		False		True	1824	annotation	True	True	False	
OK557788.1	Canine morbillivirus isolate Hungary/2021/10, partial genome	15248	Vulpes vulpes	Vulpes sp.	wild_canid	False	Hungary	Hungary	2021	2021	2021.5	year		Hungary/2021/10		False		True	1824	annotation	True	True	False	
OK557787.1	Canine morbillivirus isolate Hungary/2021/9, partial genome	15248	Vulpes vulpes	Vulpes sp.	wild_canid	False	Hungary	Hungary	2021	2021	2021.5	year		Hungary/2021/9		False		True	1824	annotation	True	True	False	
OK557786.1	Canine morbillivirus isolate Hungary/2021/8, partial genome	15248	Vulpes vulpes	Vulpes sp.	wild_canid	False	Hungary	Hungary	2021	2021	2021.5	year		Hungary/2021/8		False		True	1824	annotation	True	True	False	
OK557785.1	Canine morbillivirus isolate Hungary/2021/7, partial genome	15248	Vulpes vulpes	Vulpes sp.	wild_canid	False	Hungary	Hungary	2021	2021	2021.5	year		Hungary/2021/7		False		True	1824	annotation	True	True	False	
OK557784.1	Canine morbillivirus isolate Hungary/2021/6, partial genome	15248	Vulpes vulpes	Vulpes sp.	wild_canid	False	Hungary	Hungary	2021	2021	2021.5	year		Hungary/2021/6		False		True	1824	annotation	True	True	False	
OK557783.1	Canine morbillivirus isolate Hungary/2021/5, partial genome	15248	Vulpes vulpes	Vulpes sp.	wild_canid	False	Hungary	Hungary	2021	2021	2021.5	year		Hungary/2021/5		False		True	1824	annotation	True	True	False	
OK557782.1	Canine morbillivirus isolate Hungary/2021/4, partial genome	15248	Vulpes vulpes	Vulpes sp.	wild_canid	False	Hungary	Hungary	2021	2021	2021.5	year		Hungary/2021/4		False		True	1824	annotation	True	True	False	
OK557781.1	Canine morbillivirus isolate Hungary/2021/3, partial genome	15248	Vulpes vulpes	Vulpes sp.	wild_canid	False	Hungary	Hungary	2021	2021	2021.5	year		Hungary/2021/3		False		True	1824	annotation	True	True	False	
OK557780.1	Canine morbillivirus isolate Hungary/2021/2, partial genome	15248	Vulpes vulpes	Vulpes sp.	wild_canid	False	Hungary	Hungary	2021	2021	2021.5	year		Hungary/2021/2		False		True	1824	annotation	True	True	False	
OK557779.1	Canine morbillivirus isolate Hungary/2021/1, partial genome	15248	Vulpes vulpes	Vulpes sp.	wild_canid	False	Hungary	Hungary	2021	2021	2021.5	year		Hungary/2021/1		False		True	1824	annotation	True	True	False	
ON093254.1	Canine morbillivirus isolate S108-16 hemagglutinin protein gene, partial cds	1023	stone marten	Martes sp.	mustelid	False	Germany	Germany	2016	2016	2016.5	year		S108-16		False		True	1023	annotation	False	False	False	
ON093253.1	Canine morbillivirus isolate Th_H hemagglutinin protein gene, complete cds	1824	Canis lupus familiaris	Canis lupus familiaris	domestic_dog	False	Thailand	Thailand	2016	2016	2016.5	year		Th_H		False		True	1824	annotation	False	False	False	
OM179849.1	Canine morbillivirus isolate VNUA CDV-Hanoi4 hemagglutinin gene, complete cds	1824	small Indian civet	Viverridae sp.	viverrid	False	Viet Nam	Viet Nam	24-Aug-2021	2021-08-24	2021.6438356164383	day		VNUA CDV-Hanoi4		False		True	1824	annotation	False	False	False	
OM179848.1	Canine morbillivirus isolate VNUA CDV-Hanoi3 hemagglutinin gene, complete cds	1824	small Indian civet	Viverridae sp.	viverrid	False	Viet Nam	Viet Nam	24-Aug-2021	2021-08-24	2021.6438356164383	day		VNUA CDV-Hanoi3		False		True	1824	annotation	False	False	False	
OM179847.1	Canine morbillivirus isolate VNUA CDV-Hanoi2 hemagglutinin gene, complete cds	1824	small Indian civet	Viverridae sp.	viverrid	False	Viet Nam	Viet Nam	24-Aug-2021	2021-08-24	2021.6438356164383	day		VNUA CDV-Hanoi2		False		True	1824	annotation	False	False	False	
OM179846.1	Canine morbillivirus isolate VNUA CDV-Hanoi1 hemagglutinin gene, complete cds	1824	small Indian civet	Viverridae sp.	viverrid	False	Viet Nam	Viet Nam	24-Aug-2021	2021-08-24	2021.6438356164383	day		VNUA CDV-Hanoi1		False		True	1824	annotation	False	False	False	
MZ758897.1	Canine morbillivirus strain SA1/EU/28U/2020/GO/BR hemaggutinin (H) gene, partial cds	761	Canis lupus familiaris	Canis lupus familiaris	domestic_dog	False	Brazil	Brazil	22-May-2020	2020-05-22	2020.3879781420765	day	SA1/EU/28U/2020/GO/BR	28U		False		True	761	annotation	False	False	False	
MZ758896.1	Canine morbillivirus strain SA1/EU/28S/2020/GO/BR hemaggutinin (H) gene, partial cds	763	Canis lupus familiaris	Canis lupus familiaris	domestic_dog	False	Brazil	Brazil	22-May-2020	2020-05-22	2020.3879781420765	day	SA1/EU/28S/2020/GO/BR	28S		False		True	763	annotation	False	False	False	
MZ758895.1	Canine morbillivirus strain SA1/EU/13U/2019/GO/BR hemaggutinin (H) gene, partial cds	762	Canis lupus familiaris	Canis lupus familiaris	domestic_dog	False	Brazil	Brazil	26-Sep-2019	2019-09-26	2019.7342465753425	day	SA1/EU/13U/2019/GO/BR	13U		False		True	762	annotation	False	False	False	
MZ758894.1	Canine morbillivirus strain SA1/EU/12U/2019/GO/BR hemaggutinin (H) gene, partial cds	762	Canis lupus familiaris	Canis lupus familiaris	domestic_dog	False	Brazil	Brazil	21-Sep-2019	2019-09-21	2019.7205479452055	day	SA1/EU/12U/2019/GO/BR	12U		False		True	762	annotation	False	False	False	
MZ758893.1	Canine morbillivirus strain SA1/EU/12S/2019/GO/BR hemaggutinin (H) gene, partial cds	763	Canis lupus familiaris	Canis lupus familiaris	domestic_dog	False	Brazil	Brazil	21-Sep-2019	2019-09-21	2019.7205479452055	day	SA1/EU/12S/2019/GO/BR	12S		False		True	763	annotation	False	False	False	
MZ758892.1	Canine morbillivirus strain SA1/EU/11S/2019/GO/BR hemaggutinin (H) gene, partial cds	762	Canis lupus familiaris	Canis lupus familiaris	domestic_dog	False	Brazil	Brazil	20-Sep-2019	2019-09-20	2019.717808219178	day	SA1/EU/11S/2019/GO/BR	11S		False		True	762	annotation	False	False	False	
MZ758891.1	Canine morbillivirus strain SA1/EU/6S/2019/GO/BR hemaggutinin (H) gene, partial cds	762	Canis lupus familiaris	Canis lupus familiaris	domestic_dog	False	Brazil	Brazil	18-Jul-2019	2019-07-18	2019.5424657534247	day	SA1/EU/6S/2019/GO/BR	6S		False		True	762	annotation	False	False	False	
MZ758890.1	Canine morbillivirus strain SA1/EU/01S/2017/GO/BR hemaggutinin (H) gene, partial cds	762	Canis lupus familiaris	Canis lupus familiaris	domestic_dog	False	Brazil	Brazil	2017	2017	2017.5	year	SA1/EU/01S/2017/GO/BR	01S		False		True	762	annotation	False	False	False	
OK184447.1	Canine morbillivirus isolate TR/BAL/CDV/60 hemagglutinin (H) gene, partial cds	630	dog	Canis lupus familiaris	domestic_dog	False	Turkey	Turkey	2020/2021	2020/2021	2021.0	range		TR/BAL/CDV/60		False		True	630	annotation	False	False	False	
OK184446.1	Canine morbillivirus isolate TR/BAL/CDV/59 hemagglutinin (H) gene, partial cds	630	dog	Canis lupus familiaris	domestic_dog	False	Turkey	Turkey	2020/2021	2020/2021	2021.0	range		TR/BAL/CDV/59		False		True	630	annotation	False	False	False	
OK184445.1	Canine morbillivirus isolate TR/BAL/CDV/55 hemagglutinin (H) gene, partial cds	630	dog	Canis lupus familiaris	domestic_dog	False	Turkey	Turkey	2020/2021	2020/2021	2021.0	range		TR/BAL/CDV/55		False		True	630	annotation	False	False	False	
OK184444.1	Canine morbillivirus isolate TR/BAL/CDV/54 hemagglutinin (H) gene, partial cds	630	dog	Canis lupus familiaris	domestic_dog	False	Turkey	Turkey	2020/2021	2020/2021	2021.0	range		TR/BAL/CDV/54		False		True	630	annotation	False	False	False	
OK184443.1	Canine morbillivirus isolate TR/BAL/CDV/53 hemagglutinin (H) gene, partial cds	630	dog	Canis lupus familiaris	domestic_dog	False	Turkey	Turkey	2020/2021	2020/2021	2021.0	range		TR/BAL/CDV/53		False		True	630	annotation	False	False	False	
MZ579522.1	Canine morbillivirus strain GXNN20170528 hemagglutinin (H) gene, partial cds	989	dog	Canis lupus familiaris	domestic_dog	False	China	China	28-May-2017	2017-05-28	2017.4027397260274	day	GXNN20170528			False		True	989	annotation	False	False	False	
MZ579521.1	Canine morbillivirus strain GXNN20160513 hemagglutinin (H) gene, partial cds	989	dog	Canis lupus familiaris	domestic_dog	False	China	China	13-May-2016	2016-05-13	2016.363387978142	day	GXNN20160513			False		True	989	annotation	False	False	False	
MZ579520.1	Canine morbillivirus strain GXNN20160508 hemagglutinin (H) gene, partial cds	989	dog	Canis lupus familiaris	domestic_dog	False	China	China	08-May-2016	2016-05-08	2016.3497267759562	day	GXNN20160508			False		True	989	annotation	False	False	False	
MZ504668.1	Canine morbillivirus isolate H10/AAU/2021 hemagglutinin (H) gene, partial cds	428	dog	Canis lupus familiaris	domestic_dog	False	India: (Gujarat)	India	2021	2021	2021.5	year		H10/AAU/2021		False		True	428	annotation	False	False	False	
MW713449.1	Canine morbillivirus strain BT, complete genome	15690	domestic dog	Canis lupus familiaris	domestic_dog	False	China: Jilin	China	2019	2019	2019.5	year	BT			False		True	1824	annotation	True	True	True	
MW239877.1	Canine morbillivirus strain SH202003, complete genome	15690	canine	Canis lupus familiaris	domestic_dog	False	China	China	28-Aug-2020	2020-08-28	2020.655737704918	day	SH202003			False		True	1824	annotation	True	True	True	
MW197731.1	Canine morbillivirus isolate 115D-CL hemagglutinin (H) gene, partial cds	567	Canis lupus familiaris	Canis lupus familiaris	domestic_dog	False	Chile	Chile	01-Feb-2020	2020-02-01	2020.0846994535518	day		115D-CL		False		True	567	annotation	False	False	False	
MW197730.1	Canine morbillivirus isolate 96D-CL hemagglutinin (H) gene, partial cds	567	Canis lupus familiaris	Canis lupus familiaris	domestic_dog	False	Chile	Chile	01-Feb-2020	2020-02-01	2020.0846994535518	day		96D-CL		False		True	567	annotation	False	False	False	
MW197729.1	Canine morbillivirus isolate 109D-CL hemagglutinin (H) gene, partial cds	567	Canis lupus familiaris	Canis lupus familiaris	domestic_dog	False	Chile	Chile	01-Feb-2020	2020-02-01	2020.0846994535518	day		109D-CL		False		True	567	annotation	False	False	False	
MW197728.1	Canine morbillivirus isolate 118D-CL hemagglutinin (H) gene, partial cds	567	Canis lupus familiaris	Canis lupus familiaris	domestic_dog	False	Chile	Chile	01-Feb-2020	2020-02-01	2020.0846994535518	day		118D-CL		False		True	567	annotation	False	False	False	
MW197727.1	Canine morbillivirus isolate 126D-CL hemagglutinin (H) gene, partial cds	567	Canis lupus familiaris	Canis lupus familiaris	domestic_dog	False	Chile	Chile	01-Feb-2020	2020-02-01	2020.0846994535518	day		126D-CL		False		True	567	annotation	False	False	False	
MW197726.1	Canine morbillivirus isolate 114D-CL hemagglutinin (H) gene, partial cds	567	Canis lupus familiaris	Canis lupus familiaris	domestic_dog	False	Chile	Chile	01-Feb-2020	2020-02-01	2020.0846994535518	day		114D-CL		False		True	567	annotation	False	False	False	
MW197725.1	Canine morbillivirus isolate 102D-CL hemagglutinin (H) gene, partial cds	567	Canis lupus familiaris	Canis lupus familiaris	domestic_dog	False	Chile	Chile	01-Feb-2020	2020-02-01	2020.0846994535518	day		102D-CL		False		True	567	annotation	False	False	False	
MW197724.1	Canine morbillivirus isolate 110D-CL hemagglutinin (H) gene, partial cds	567	Canis lupus familiaris	Canis lupus familiaris	domestic_dog	False	Chile	Chile	01-Feb-2020	2020-02-01	2020.0846994535518	day		110D-CL		False		True	567	annotation	False	False	False	
MW197723.1	Canine morbillivirus isolate 78D-CL hemagglutinin (H) gene, partial cds	567	Canis lupus familiaris	Canis lupus familiaris	domestic_dog	False	Chile	Chile	01-Feb-2020	2020-02-01	2020.0846994535518	day		78D-CL		False		True	567	annotation	False	False	False	
MW197722.1	Canine morbillivirus isolate 85D-CL hemagglutinin (H) gene, partial cds	567	Canis lupus familiaris	Canis lupus familiaris	domestic_dog	False	Chile	Chile	01-Feb-2020	2020-02-01	2020.0846994535518	day		85D-CL		False		True	567	annotation	False	False	False	
MW197721.1	Canine morbillivirus isolate 50D-CL hemagglutinin (H) gene, partial cds	567	Canis lupus familiaris	Canis lupus familiaris	domestic_dog	False	Chile	Chile	01-Feb-2020	2020-02-01	2020.0846994535518	day		50D-CL		False		True	567	annotation	False	False	False	
MW197720.1	Canine morbillivirus isolate 12D-CL hemagglutinin (H) gene, partial cds	567	Canis lupus familiaris	Canis lupus familiaris	domestic_dog	False	Chile	Chile	01-Feb-2020	2020-02-01	2020.0846994535518	day		12D-CL		False		True	567	annotation	False	False	False	
MW197719.1	Canine morbillivirus isolate 119D-CL hemagglutinin (H) gene, partial cds	567	Canis lupus familiaris	Canis lupus familiaris	domestic_dog	False	Chile	Chile	01-Feb-2020	2020-02-01	2020.0846994535518	day		119D-CL		False		True	567	annotation	False	False	False	
MW197718.1	Canine morbillivirus isolate 101D-CL hemagglutinin (H) gene, partial cds	567	Canis lupus familiaris	Canis lupus familiaris	domestic_dog	False	Chile	Chile	01-Feb-2020	2020-02-01	2020.0846994535518	day		101D-CL		False		True	567	annotation	False	False	False	
MW197717.1	Canine morbillivirus isolate 121D-CL hemagglutinin (H) gene, partial cds	567	Canis lupus familiaris	Canis lupus familiaris	domestic_dog	False	Chile	Chile	01-Feb-2020	2020-02-01	2020.0846994535518	day		121D-CL		False		True	567	annotation	False	False	False	
MW197716.1	Canine morbillivirus isolate 23D-CL hemagglutinin (H) gene, partial cds	567	Canis lupus familiaris	Canis lupus familiaris	domestic_dog	False	Chile	Chile	01-Feb-2020	2020-02-01	2020.0846994535518	day		23D-CL		False		True	567	annotation	False	False	False	
MW197715.1	Canine morbillivirus isolate 65D-CL hemagglutinin (H) gene, partial cds	567	Canis lupus familiaris	Canis lupus familiaris	domestic_dog	False	Chile	Chile	01-Feb-2020	2020-02-01	2020.0846994535518	day		65D-CL		False		True	567	annotation	False	False	False	
MW197714.1	Canine morbillivirus isolate 4D-CL hemagglutinin (H) gene, partial cds	567	Canis lupus familiaris	Canis lupus familiaris	domestic_dog	False	Chile	Chile	01-Feb-2020	2020-02-01	2020.0846994535518	day		4D-CL		False		True	567	annotation	False	False	False	
MW828753.1	Canine morbillivirus isolate 16296-12 hemagglutinin (H) gene, partial cds	1071	Martes martes	Martes sp.	mustelid	False	Czech Republic	Czech Republic	2012	2012	2012.5	year		16296-12		False		True	1071	annotation	False	False	False	
MW828752.1	Canine morbillivirus isolate 11527-17 hemagglutinin (H) gene, partial cds	1071	Martes foina	Martes sp.	mustelid	False	Czech Republic	Czech Republic	2017	2017	2017.5	year		11527-17		False		True	1071	annotation	False	False	False	
MW828751.1	Canine morbillivirus isolate 6573-20 hemagglutinin (H) gene, partial cds	1071	Vulpes vulpes	Vulpes sp.	wild_canid	False	Czech Republic	Czech Republic	2020	2020	2020.5	year		6573-20		False		True	1071	annotation	False	False	False	
MW828750.1	Canine morbillivirus isolate 3134-20 hemagglutinin (H) gene, partial cds	1071	Vulpes vulpes	Vulpes sp.	wild_canid	False	Czech Republic	Czech Republic	2020	2020	2020.5	year		3134-20		False		True	1071	annotation	False	False	False	
MW828749.1	Canine morbillivirus isolate 9500-16 hemagglutinin (H) gene, partial cds	1071	Martes sp.	Martes sp.	mustelid	False	Czech Republic	Czech Republic	2016	2016	2016.5	year		9500-16		False		True	1071	annotation	False	False	False	
MW828748.1	Canine morbillivirus isolate 10899-19 hemagglutinin (H) gene, partial cds	1071	Vulpes vulpes	Vulpes sp.	wild_canid	False	Czech Republic	Czech Republic	2019	2019	2019.5	year		10899-19		False		True	1071	annotation	False	False	False	
MW828747.1	Canine morbillivirus isolate 200-16 hemagglutinin (H) gene, partial cds	1071	Vulpes vulpes	Vulpes sp.	wild_canid	False	Czech Republic	Czech Republic	2016	2016	2016.5	year		200-16		False		True	1071	annotation	False	False	False	
MW828746.1	Canine morbillivirus isolate 167-16 hemagglutinin (H) gene, partial cds	1071	Vulpes vulpes	Vulpes sp.	wild_canid	False	Czech Republic	Czech Republic	2016	2016	2016.5	year		167-16		False		True	1071	annotation	False	False	False	
MW828745.1	Canine morbillivirus isolate 4987-16 hemagglutinin (H) gene, partial cds	1071	Vulpes vulpes	Vulpes sp.	wild_canid	False	Czech Republic	Czech Republic	2016	2016	2016.5	year		4987-16		False		True	1071	annotation	False	False	False	
MW828744.1	Canine morbillivirus isolate 4708-18 hemagglutinin (H) gene, partial cds	1071	Vulpes vulpes	Vulpes sp.	wild_canid	False	Czech Republic	Czech Republic	2018	2018	2018.5	year		4708-18		False		True	1071	annotation	False	False	False	
MW828743.1	Canine morbillivirus isolate 859-18 hemagglutinin (H) gene, partial cds	1071	Vulpes vulpes	Vulpes sp.	wild_canid	False	Czech Republic	Czech Republic	2018	2018	2018.5	year		859-18		False		True	1071	annotation	False	False	False	
MW828742.1	Canine morbillivirus isolate 5462-18 hemagglutinin (H) gene, partial cds	1071	Vulpes vulpes	Vulpes sp.	wild_canid	False	Czech Republic	Czech Republic	2018	2018	2018.5	year		5462-18		False		True	1071	annotation	False	False	False	
MW828741.1	Canine morbillivirus isolate 5491-16 hemagglutinin (H) gene, partial cds	1071	Vulpes vulpes	Vulpes sp.	wild_canid	False	Czech Republic	Czech Republic	2016	2016	2016.5	year		5491-16		False		True	1071	annotation	False	False	False	
MW828740.1	Canine morbillivirus isolate 4230-17 hemagglutinin (H) gene, partial cds	1071	Vulpes vulpes	Vulpes sp.	wild_canid	False	Czech Republic	Czech Republic	2017	2017	2017.5	year		4230-17		False		True	1071	annotation	False	False	False	
MW828739.1	Canine morbillivirus isolate 18869-16 hemagglutinin (H) gene, partial cds	1071	Vulpes vulpes	Vulpes sp.	wild_canid	False	Czech Republic	Czech Republic	2016	2016	2016.5	year		18869-16		False		True	1071	annotation	False	False	False	
MW828738.1	Canine morbillivirus isolate 5988-17 hemagglutinin (H) gene, partial cds	1071	Vulpes vulpes	Vulpes sp.	wild_canid	False	Czech Republic	Czech Republic	2017	2017	2017.5	year		5988-17		False		True	1071	annotation	False	False	False	
MW828737.1	Canine morbillivirus isolate 3033-18 hemagglutinin (H) gene, partial cds	1071	Vulpes vulpes	Vulpes sp.	wild_canid	False	Czech Republic	Czech Republic	2018	2018	2018.5	year		3033-18		False		True	1071	annotation	False	False	False	
MW828736.1	Canine morbillivirus isolate 1290-17 hemagglutinin (H) gene, partial cds	1071	Vulpes vulpes	Vulpes sp.	wild_canid	False	Czech Republic	Czech Republic	2017	2017	2017.5	year		1290-17		False		True	1071	annotation	False	False	False	
MW828735.1	Canine morbillivirus isolate 3920-20 hemagglutinin (H) gene, partial cds	1071	Vulpes vulpes	Vulpes sp.	wild_canid	False	Czech Republic	Czech Republic	2020	2020	2020.5	year		3920-20		False		True	1071	annotation	False	False	False	
MW828734.1	Canine morbillivirus isolate 8347-16 hemagglutinin (H) gene, partial cds	1071	Vulpes vulpes	Vulpes sp.	wild_canid	False	Czech Republic	Czech Republic	2016	2016	2016.5	year		8347-16		False		True	1071	annotation	False	False	False	
MW828733.1	Canine morbillivirus isolate 2320-16 hemagglutinin (H) gene, partial cds	1071	Vulpes vulpes	Vulpes sp.	wild_canid	False	Czech Republic	Czech Republic	2016	2016	2016.5	year		2320-16		False		True	1071	annotation	False	False	False	
MW828732.1	Canine morbillivirus isolate 194-16 hemagglutinin (H) gene, partial cds	1071	Vulpes vulpes	Vulpes sp.	wild_canid	False	Czech Republic	Czech Republic	2016	2016	2016.5	year		194-16		False		True	1071	annotation	False	False	False	
MW828731.1	Canine morbillivirus isolate 18418-16 hemagglutinin (H) gene, partial cds	1071	Vulpes vulpes	Vulpes sp.	wild_canid	False	Czech Republic	Czech Republic	2016	2016	2016.5	year		18418-16		False		True	1071	annotation	False	False	False	
MW535268.1	Morbillivirus canis isolate Red panda/JS19/China, complete genome	15477	red panda	Ailurus fulgens	ailurid	False	China: Jiangsu	China	May-2019	2019-05	2019.3698630136987	month		Red panda/JS19/China		False		True	1824	annotation	True	True	True	
MW535267.1	Morbillivirus canis isolate Red panda/SC18/China, complete genome	15477	red panda	Ailurus fulgens	ailurid	False	China: Sichuan	China	Oct-2018	2018-10	2018.7890410958903	month		Red panda/SC18/China		False		True	1824	annotation	True	True	True	
OK667044.1	Morbillivirus canis isolate 17-097475-0006 hemagglutinin (H) gene, partial cds	1335	raccoon	Procyon lotor	procyonid	False	Canada	Canada	2017	2017	2017.5	year		17-097475-0006		False		True	1335	annotation	False	False	False	
OK667043.1	Morbillivirus canis isolate 17-091106-0001 hemagglutinin (H) gene, partial cds	1338	raccoon	Procyon lotor	procyonid	False	Canada	Canada	2017	2017	2017.5	year		17-091106-0001		False		True	1338	annotation	False	False	False	
OK667042.1	Morbillivirus canis isolate 17-060741-0001 hemagglutinin (H) gene, partial cds	1337	raccoon	Procyon lotor	procyonid	False	Canada	Canada	2017	2017	2017.5	year		17-060741-0001		False		True	1337	annotation	False	False	False	
OK667041.1	Morbillivirus canis isolate 17-048829-0002 hemagglutinin (H) gene, partial cds	1336	raccoon	Procyon lotor	procyonid	False	Canada	Canada	2017	2017	2017.5	year		17-048829-0002		False		True	1336	annotation	False	False	False	
OK667040.1	Morbillivirus canis isolate 17-047336-0004 hemagglutinin (H) gene, partial cds	1324	raccoon	Procyon lotor	procyonid	False	Canada	Canada	2017	2017	2017.5	year		17-047336-0004		False		True	1324	annotation	False	False	False	
OK667039.1	Morbillivirus canis isolate 17-037148-0002 hemagglutinin (H) gene, partial cds	1338	raccoon	Procyon lotor	procyonid	False	Canada	Canada	2017	2017	2017.5	year		17-037148-0002		False		True	1338	annotation	False	False	False	
OK667038.1	Morbillivirus canis isolate 17-033383-0004 hemagglutinin (H) gene, partial cds	1338	raccoon	Procyon lotor	procyonid	False	Canada	Canada	2017	2017	2017.5	year		17-033383-0004		False		True	1338	annotation	False	False	False	
OK667037.1	Morbillivirus canis isolate 16-051419-0017 hemagglutinin (H) gene, partial cds	1318	raccoon	Procyon lotor	procyonid	False	Canada	Canada	2016	2016	2016.5	year		16-051419-0017		False		True	1318	annotation	False	False	False	
OK667036.1	Morbillivirus canis isolate 16-021954-0002 hemagglutinin (H) gene, partial cds	1338	raccoon	Procyon lotor	procyonid	False	Canada	Canada	2016	2016	2016.5	year		16-021954-0002		False		True	1338	annotation	False	False	False	
OK667035.1	Morbillivirus canis isolate 16-021694-0001 hemagglutinin (H) gene, partial cds	1338	raccoon	Procyon lotor	procyonid	False	Canada	Canada	2016	2016	2016.5	year		16-021694-0001		False		True	1338	annotation	False	False	False	
OK667034.1	Morbillivirus canis isolate 16-018584-0096 hemagglutinin (H) gene, partial cds	1336	raccoon	Procyon lotor	procyonid	False	Canada	Canada	2016	2016	2016.5	year		16-018584-0096		False		True	1336	annotation	False	False	False	
OK667033.1	Morbillivirus canis isolate 16-018584-0091 hemagglutinin (H) gene, partial cds	1336	raccoon	Procyon lotor	procyonid	False	Canada	Canada	2016	2016	2016.5	year		16-018584-0091		False		True	1336	annotation	False	False	False	
OK667032.1	Morbillivirus canis isolate 16-018584-0086 hemagglutinin (H) gene, partial cds	1335	raccoon	Procyon lotor	procyonid	False	Canada	Canada	2016	2016	2016.5	year		16-018584-0086		False		True	1335	annotation	False	False	False	
OK667031.1	Morbillivirus canis isolate 16-018584-0067 hemagglutinin (H) gene, partial cds	1338	raccoon	Procyon lotor	procyonid	False	Canada	Canada	2016	2016	2016.5	year		16-018584-0067		False		True	1338	annotation	False	False	False	
OK667030.1	Morbillivirus canis isolate 16-018584-0057 hemagglutinin (H) gene, partial cds	1338	raccoon	Procyon lotor	procyonid	False	Canada	Canada	2016	2016	2016.5	year		16-018584-0057		False		True	1338	annotation	False	False	False	
OK667029.1	Morbillivirus canis isolate 16-015702-0038 hemagglutinin (H) gene, partial cds	1332	raccoon	Procyon lotor	procyonid	False	Canada	Canada	2016	2016	2016.5	year		16-015702-0038		False		True	1332	annotation	False	False	False	
OK667028.1	Morbillivirus canis isolate 16-015702-0026 hemagglutinin (H) gene, partial cds	1333	raccoon	Procyon lotor	procyonid	False	Canada	Canada	2016	2016	2016.5	year		16-015702-0026		False		True	1333	annotation	False	False	False	
OK667027.1	Morbillivirus canis isolate 16-011456-0001 hemagglutinin (H) gene, partial cds	1338	raccoon	Procyon lotor	procyonid	False	Canada	Canada	2016	2016	2016.5	year		16-011456-0001		False		True	1338	annotation	False	False	False	
OK667026.1	Morbillivirus canis isolate 16-008782-0020 hemagglutinin (H) gene, partial cds	1338	raccoon	Procyon lotor	procyonid	False	Canada	Canada	2016	2016	2016.5	year		16-008782-0020		False		True	1338	annotation	False	False	False	
OK667025.1	Morbillivirus canis isolate 16-008782-0015 hemagglutinin (H) gene, partial cds	1338	raccoon	Procyon lotor	procyonid	False	Canada	Canada	2016	2016	2016.5	year		16-008782-0015		False		True	1338	annotation	False	False	False	
OK667024.1	Morbillivirus canis isolate 16-003964-0002 hemagglutinin (H) gene, partial cds	1335	raccoon	Procyon lotor	procyonid	False	Canada	Canada	2016	2016	2016.5	year		16-003964-0002		False		True	1335	annotation	False	False	False	
OK667023.1	Morbillivirus canis isolate 15-097751-0001 hemagglutinin (H) gene, partial cds	1338	raccoon	Procyon lotor	procyonid	False	Canada	Canada	2015	2015	2015.5	year		15-097751-0001		False		True	1338	annotation	False	False	False	
OK667022.1	Morbillivirus canis isolate 15-095867-0020 hemagglutinin (H) gene, partial cds	1314	raccoon	Procyon lotor	procyonid	False	Canada	Canada	2015	2015	2015.5	year		15-095867-0020		False		True	1314	annotation	False	False	False	
OK667021.1	Morbillivirus canis isolate 15-091348-0001 hemagglutinin (H) gene, partial cds	1338	raccoon	Procyon lotor	procyonid	False	Canada	Canada	2015	2015	2015.5	year		15-091348-0001		False		True	1338	annotation	False	False	False	
OK667020.1	Morbillivirus canis isolate 15-091341-0001 hemagglutinin (H) gene, partial cds	1338	raccoon	Procyon lotor	procyonid	False	Canada	Canada	2015	2015	2015.5	year		15-091341-0001		False		True	1338	annotation	False	False	False	
OK667019.1	Morbillivirus canis isolate 15-089387-0001 hemagglutinin (H) gene, partial cds	1336	raccoon	Procyon lotor	procyonid	False	Canada	Canada	2015	2015	2015.5	year		15-089387-0001		False		True	1336	annotation	False	False	False	
OK667018.1	Morbillivirus canis isolate 15-088882-0001 hemagglutinin (H) gene, partial cds	1335	raccoon	Procyon lotor	procyonid	False	Canada	Canada	2015	2015	2015.5	year		15-088882-0001		False		True	1335	annotation	False	False	False	
OK667017.1	Morbillivirus canis isolate 15-088852-0002 hemagglutinin (H) gene, partial cds	1338	raccoon	Procyon lotor	procyonid	False	Canada	Canada	2015	2015	2015.5	year		15-088852-0002		False		True	1338	annotation	False	False	False	
OK667016.1	Morbillivirus canis isolate 15-085961-0001 hemagglutinin (H) gene, partial cds	1330	raccoon	Procyon lotor	procyonid	False	Canada	Canada	2015	2015	2015.5	year		15-085961-0001		False		True	1330	annotation	False	False	False	
OK667015.1	Morbillivirus canis isolate 15-073290-0005 hemagglutinin (H) gene, partial cds	1324	raccoon	Procyon lotor	procyonid	False	Canada	Canada	2015	2015	2015.5	year		15-073290-0005		False		True	1324	annotation	False	False	False	
OK667014.1	Morbillivirus canis isolate 15-073290-0004 hemagglutinin (H) gene, partial cds	1338	raccoon	Procyon lotor	procyonid	False	Canada	Canada	2015	2015	2015.5	year		15-073290-0004		False		True	1338	annotation	False	False	False	
OK667013.1	Morbillivirus canis isolate 15-073290-0003 hemagglutinin (H) gene, partial cds	1333	raccoon	Procyon lotor	procyonid	False	Canada	Canada	2015	2015	2015.5	year		15-073290-0003		False		True	1333	annotation	False	False	False	
OK667012.1	Morbillivirus canis isolate 15-073290-0002 hemagglutinin (H) gene, partial cds	1333	raccoon	Procyon lotor	procyonid	False	Canada	Canada	2015	2015	2015.5	year		15-073290-0002		False		True	1333	annotation	False	False	False	
OK667011.1	Morbillivirus canis isolate 15-070956-0002 hemagglutinin (H) gene, partial cds	1338	raccoon	Procyon lotor	procyonid	False	Canada	Canada	2015	2015	2015.5	year		15-070956-0002		False		True	1338	annotation	False	False	False	
OK667010.1	Morbillivirus canis isolate 15-047996-0001_W336 hemagglutinin (H) gene, partial cds	1338	raccoon	Procyon lotor	procyonid	False	Canada	Canada	2015	2015	2015.5	year		15-047996-0001_W336		False		True	1338	annotation	False	False	False	
OK667009.1	Morbillivirus canis isolate 15-044544-0001 hemagglutinin (H) gene, partial cds	1338	raccoon	Procyon lotor	procyonid	False	Canada	Canada	2015	2015	2015.5	year		15-044544-0001		False		True	1338	annotation	False	False	False	
OK667008.1	Morbillivirus canis isolate 15-044181-0004 hemagglutinin (H) gene, partial cds	1338	raccoon	Procyon lotor	procyonid	False	Canada	Canada	2015	2015	2015.5	year		15-044181-0004		False		True	1338	annotation	False	False	False	
OK667007.1	Morbillivirus canis isolate 15-043355-0005 hemagglutinin (H) gene, partial cds	1338	raccoon	Procyon lotor	procyonid	False	Canada	Canada	2015	2015	2015.5	year		15-043355-0005		False		True	1338	annotation	False	False	False	
OK667006.1	Morbillivirus canis isolate 15-040401-0001 hemagglutinin (H) gene, partial cds	1333	raccoon	Procyon lotor	procyonid	False	Canada	Canada	2015	2015	2015.5	year		15-040401-0001		False		True	1333	annotation	False	False	False	
OK667005.1	Morbillivirus canis isolate 15-006184-0001 hemagglutinin (H) gene, partial cds	1338	raccoon	Procyon lotor	procyonid	False	Canada	Canada	2015	2015	2015.5	year		15-006184-0001		False		True	1338	annotation	False	False	False	
OK667004.1	Morbillivirus canis isolate 15-005839-0001_W22 hemagglutinin (H) gene, partial cds	1338	raccoon	Procyon lotor	procyonid	False	Canada	Canada	2015	2015	2015.5	year		15-005839-0001_W22		False		True	1338	annotation	False	False	False	
OK667003.1	Morbillivirus canis isolate 14-075851-0007_W901 hemagglutinin (H) gene, partial cds	1338	raccoon	Procyon lotor	procyonid	False	Canada	Canada	2014	2014	2014.5	year		14-075851-0007_W901		False		True	1338	annotation	False	False	False	
OK667002.1	Morbillivirus canis isolate 14-075851-0004_W902 hemagglutinin (H) gene, partial cds	1338	raccoon	Procyon lotor	procyonid	False	Canada	Canada	2014	2014	2014.5	year		14-075851-0004_W902		False		True	1338	annotation	False	False	False	
OK667001.1	Morbillivirus canis isolate 14-067042-0002_W297 hemagglutinin (H) gene, partial cds	1338	raccoon	Procyon lotor	procyonid	False	Canada	Canada	2014	2014	2014.5	year		14-067042-0002_W297		False		True	1338	annotation	False	False	False	
OK667000.1	Morbillivirus canis isolate 14-061436-0002_W818 hemagglutinin (H) gene, partial cds	1338	raccoon	Procyon lotor	procyonid	False	Canada	Canada	2014	2014	2014.5	year		14-061436-0002_W818		False		True	1338	annotation	False	False	False	
OK666999.1	Morbillivirus canis isolate 14-060084-0003_W806 hemagglutinin (H) gene, partial cds	1338	raccoon	Procyon lotor	procyonid	False	Canada	Canada	2014	2014	2014.5	year		14-060084-0003_W806		False		True	1338	annotation	False	False	False	
OK666998.1	Morbillivirus canis isolate 14-059326-0004_W798 hemagglutinin (H) gene, partial cds	1338	raccoon	Procyon lotor	procyonid	False	Canada	Canada	2014	2014	2014.5	year		14-059326-0004_W798		False		True	1338	annotation	False	False	False	
OK666997.1	Morbillivirus canis isolate 14-059326-0003_W800 hemagglutinin (H) gene, partial cds	1338	raccoon	Procyon lotor	procyonid	False	Canada	Canada	2014	2014	2014.5	year		14-059326-0003_W800		False		True	1338	annotation	False	False	False	
OK666996.1	Morbillivirus canis isolate 14-059326-0002_W799 hemagglutinin (H) gene, partial cds	1338	raccoon	Procyon lotor	procyonid	False	Canada	Canada	2014	2014	2014.5	year		14-059326-0002_W799		False		True	1338	annotation	False	False	False	
OK666995.1	Morbillivirus canis isolate 14-058678-0001_W796 hemagglutinin (H) gene, partial cds	1338	raccoon	Procyon lotor	procyonid	False	Canada	Canada	2014	2014	2014.5	year		14-058678-0001_W796		False		True	1338	annotation	False	False	False	
OK666994.1	Morbillivirus canis isolate 14-058634-0001_W797 hemagglutinin (H) gene, partial cds	1338	raccoon	Procyon lotor	procyonid	False	Canada	Canada	2014	2014	2014.5	year		14-058634-0001_W797		False		True	1338	annotation	False	False	False	
OK666993.1	Morbillivirus canis isolate 14-057801-0002_W793 hemagglutinin (H) gene, partial cds	1338	raccoon	Procyon lotor	procyonid	False	Canada	Canada	2014	2014	2014.5	year		14-057801-0002_W793		False		True	1338	annotation	False	False	False	
OK666992.1	Morbillivirus canis isolate 14-055614-0001_W258 hemagglutinin (H) gene, partial cds	1338	raccoon	Procyon lotor	procyonid	False	Canada	Canada	2014	2014	2014.5	year		14-055614-0001_W258		False		True	1338	annotation	False	False	False	
OK666991.1	Morbillivirus canis isolate 14-053772-0004_W761 hemagglutinin (H) gene, partial cds	1338	raccoon	Procyon lotor	procyonid	False	Canada	Canada	2014	2014	2014.5	year		14-053772-0004_W761		False		True	1338	annotation	False	False	False	
OK666990.1	Morbillivirus canis isolate 14-053772-0002_W241 hemagglutinin (H) gene, partial cds	1338	raccoon	Procyon lotor	procyonid	False	Canada	Canada	2014	2014	2014.5	year		14-053772-0002_W241		False		True	1338	annotation	False	False	False	
OK666989.1	Morbillivirus canis isolate 14-051670-0005_W744 hemagglutinin (H) gene, partial cds	1338	raccoon	Procyon lotor	procyonid	False	Canada	Canada	2014	2014	2014.5	year		14-051670-0005_W744		False		True	1338	annotation	False	False	False	
OK666988.1	Morbillivirus canis isolate 14-051662-0004_W753 hemagglutinin (H) gene, partial cds	1338	raccoon	Procyon lotor	procyonid	False	Canada	Canada	2014	2014	2014.5	year		14-051662-0004_W753		False		True	1338	annotation	False	False	False	
OK666987.1	Morbillivirus canis isolate 14-051318-0001_W739 hemagglutinin (H) gene, partial cds	1338	raccoon	Procyon lotor	procyonid	False	Canada	Canada	2014	2014	2014.5	year		14-051318-0001_W739		False		True	1338	annotation	False	False	False	
OK666986.1	Morbillivirus canis isolate 14-050470-0001_W727 hemagglutinin (H) gene, partial cds	1338	raccoon	Procyon lotor	procyonid	False	Canada	Canada	2014	2014	2014.5	year		14-050470-0001_W727		False		True	1338	annotation	False	False	False	
OK666985.1	Morbillivirus canis isolate 14-048793-0006_W710 hemagglutinin (H) gene, partial cds	1338	raccoon	Procyon lotor	procyonid	False	Canada	Canada	2014	2014	2014.5	year		14-048793-0006_W710		False		True	1338	annotation	False	False	False	
OK666984.1	Morbillivirus canis isolate 14-046643-0002_W692 hemagglutinin (H) gene, partial cds	1338	raccoon	Procyon lotor	procyonid	False	Canada	Canada	2014	2014	2014.5	year		14-046643-0002_W692		False		True	1338	annotation	False	False	False	
OK666983.1	Morbillivirus canis isolate 14-045146-0003_W679 hemagglutinin (H) gene, partial cds	1338	raccoon	Procyon lotor	procyonid	False	Canada	Canada	2014	2014	2014.5	year		14-045146-0003_W679		False		True	1338	annotation	False	False	False	
OK666982.1	Morbillivirus canis isolate 14-045146-0002_W678 hemagglutinin (H) gene, partial cds	1338	raccoon	Procyon lotor	procyonid	False	Canada	Canada	2014	2014	2014.5	year		14-045146-0002_W678		False		True	1338	annotation	False	False	False	
OK666981.1	Morbillivirus canis isolate 14-045146-0001_W677 hemagglutinin (H) gene, partial cds	1338	raccoon	Procyon lotor	procyonid	False	Canada	Canada	2014	2014	2014.5	year		14-045146-0001_W677		False		True	1338	annotation	False	False	False	
OK666980.1	Morbillivirus canis isolate 14-044720-0005_W666 hemagglutinin (H) gene, partial cds	1338	raccoon	Procyon lotor	procyonid	False	Canada	Canada	2014	2014	2014.5	year		14-044720-0005_W666		False		True	1338	annotation	False	False	False	
OK666979.1	Morbillivirus canis isolate 14-044720-0003_W664 hemagglutinin (H) gene, partial cds	1338	raccoon	Procyon lotor	procyonid	False	Canada	Canada	2014	2014	2014.5	year		14-044720-0003_W664		False		True	1338	annotation	False	False	False	
OK666978.1	Morbillivirus canis isolate 14-044720-0001_W662 hemagglutinin (H) gene, partial cds	1338	raccoon	Procyon lotor	procyonid	False	Canada	Canada	2014	2014	2014.5	year		14-044720-0001_W662		False		True	1338	annotation	False	False	False	
OK666977.1	Morbillivirus canis isolate 14-044066-0005_W642 hemagglutinin (H) gene, partial cds	1338	raccoon	Procyon lotor	procyonid	False	Canada	Canada	2014	2014	2014.5	year		14-044066-0005_W642		False		True	1338	annotation	False	False	False	
OK666976.1	Morbillivirus canis isolate 14-044066-0004_W641 hemagglutinin (H) gene, partial cds	1338	raccoon	Procyon lotor	procyonid	False	Canada	Canada	2014	2014	2014.5	year		14-044066-0004_W641		False		True	1338	annotation	False	False	False	
OK666975.1	Morbillivirus canis isolate 14-044066-0003_W640 hemagglutinin (H) gene, partial cds	1338	raccoon	Procyon lotor	procyonid	False	Canada	Canada	2014	2014	2014.5	year		14-044066-0003_W640		False		True	1338	annotation	False	False	False	
OK666974.1	Morbillivirus canis isolate 14-044066-0002_W639 hemagglutinin (H) gene, partial cds	1338	raccoon	Procyon lotor	procyonid	False	Canada	Canada	2014	2014	2014.5	year		14-044066-0002_W639		False		True	1338	annotation	False	False	False	
OK666973.1	Morbillivirus canis isolate 14-041432-0001_W631 hemagglutinin (H) gene, partial cds	1338	raccoon	Procyon lotor	procyonid	False	Canada	Canada	2014	2014	2014.5	year		14-041432-0001_W631		False		True	1338	annotation	False	False	False	
OK666972.1	Morbillivirus canis isolate 14-041098-0004_W627 hemagglutinin (H) gene, partial cds	1338	raccoon	Procyon lotor	procyonid	False	Canada	Canada	2014	2014	2014.5	year		14-041098-0004_W627		False		True	1338	annotation	False	False	False	
OK666971.1	Morbillivirus canis isolate 14-041098-0003_W630 hemagglutinin (H) gene, partial cds	1338	raccoon	Procyon lotor	procyonid	False	Canada	Canada	2014	2014	2014.5	year		14-041098-0003_W630		False		True	1338	annotation	False	False	False	
OK666970.1	Morbillivirus canis isolate 14-041098-0002_W629 hemagglutinin (H) gene, partial cds	1338	raccoon	Procyon lotor	procyonid	False	Canada	Canada	2014	2014	2014.5	year		14-041098-0002_W629		False		True	1338	annotation	False	False	False	
OK666969.1	Morbillivirus canis isolate 14-041098-0001_W628 hemagglutinin (H) gene, partial cds	1338	raccoon	Procyon lotor	procyonid	False	Canada	Canada	2014	2014	2014.5	year		14-041098-0001_W628		False		True	1338	annotation	False	False	False	
OK666968.1	Morbillivirus canis isolate 14-040676-0002_W626 hemagglutinin (H) gene, partial cds	1338	raccoon	Procyon lotor	procyonid	False	Canada	Canada	2014	2014	2014.5	year		14-040676-0002_W626		False		True	1338	annotation	False	False	False	
OK666967.1	Morbillivirus canis isolate 14-039773-0003_W174 hemagglutinin (H) gene, partial cds	1338	raccoon	Procyon lotor	procyonid	False	Canada	Canada	2014	2014	2014.5	year		14-039773-0003_W174		False		True	1338	annotation	False	False	False	
OK666966.1	Morbillivirus canis isolate 14-037255-0001_W616 hemagglutinin (H) gene, partial cds	1338	raccoon	Procyon lotor	procyonid	False	Canada	Canada	2014	2014	2014.5	year		14-037255-0001_W616		False		True	1338	annotation	False	False	False	
OK666965.1	Morbillivirus canis isolate 14-036888-0001_W614 hemagglutinin (H) gene, partial cds	1338	raccoon	Procyon lotor	procyonid	False	Canada	Canada	2014	2014	2014.5	year		14-036888-0001_W614		False		True	1338	annotation	False	False	False	
OK666964.1	Morbillivirus canis isolate 14-036887-0001_W615 hemagglutinin (H) gene, partial cds	1338	raccoon	Procyon lotor	procyonid	False	Canada	Canada	2014	2014	2014.5	year		14-036887-0001_W615		False		True	1338	annotation	False	False	False	
OK666963.1	Morbillivirus canis isolate 14-036586-0002_W613 hemagglutinin (H) gene, partial cds	1338	raccoon	Procyon lotor	procyonid	False	Canada	Canada	2014	2014	2014.5	year		14-036586-0002_W613		False		True	1338	annotation	False	False	False	
OK666962.1	Morbillivirus canis isolate 14-036581-0001_W164 hemagglutinin (H) gene, partial cds	1338	raccoon	Procyon lotor	procyonid	False	Canada	Canada	2014	2014	2014.5	year		14-036581-0001_W164		False		True	1338	annotation	False	False	False	
OK666961.1	Morbillivirus canis isolate 14-036532-0002_W612 hemagglutinin (H) gene, partial cds	1338	raccoon	Procyon lotor	procyonid	False	Canada	Canada	2014	2014	2014.5	year		14-036532-0002_W612		False		True	1338	annotation	False	False	False	
OK666960.1	Morbillivirus canis isolate 14-024360-0001_W0093 hemagglutinin (H) gene, partial cds	1338	raccoon	Procyon lotor	procyonid	False	Canada	Canada	2014	2014	2014.5	year		14-024360-0001_W0093		False		True	1338	annotation	False	False	False	
OK666959.1	Morbillivirus canis isolate 14-007728-0001_W0605 hemagglutinin (H) gene, partial cds	1338	raccoon	Procyon lotor	procyonid	False	Canada	Canada	2014	2014	2014.5	year		14-007728-0001_W0605		False		True	1338	annotation	False	False	False	
OK666958.1	Morbillivirus canis isolate 14-007726-0001 hemagglutinin (H) gene, partial cds	1338	raccoon	Procyon lotor	procyonid	False	Canada	Canada	2014	2014	2014.5	year		14-007726-0001		False		True	1338	annotation	False	False	False	
OK666957.1	Morbillivirus canis isolate 14-004998-0001_W0018 hemagglutinin (H) gene, partial cds	1338	raccoon	Procyon lotor	procyonid	False	Canada	Canada	2014	2014	2014.5	year		14-004998-0001_W0018		False		True	1338	annotation	False	False	False	
OK666956.1	Morbillivirus canis isolate 14-003790-0001_W0013 hemagglutinin (H) gene, partial cds	1338	raccoon	Procyon lotor	procyonid	False	Canada	Canada	2014	2014	2014.5	year		14-003790-0001_W0013		False		True	1338	annotation	False	False	False	
OK666955.1	Morbillivirus canis isolate 13-038105-0001_W0160 hemagglutinin (H) gene, partial cds	1338	raccoon	Procyon lotor	procyonid	False	Canada	Canada	2013	2013	2013.5	year		13-038105-0001_W0160		False		True	1338	annotation	False	False	False	
OK666954.1	Morbillivirus canis isolate 13-036749-0002_W0153 hemagglutinin (H) gene, partial cds	1338	raccoon	Procyon lotor	procyonid	False	Canada	Canada	2013	2013	2013.5	year		13-036749-0002_W0153		False		True	1338	annotation	False	False	False	
OK666953.1	Morbillivirus canis isolate 13-023578-0003_W0127 hemagglutinin (H) gene, partial cds	1338	raccoon	Procyon lotor	procyonid	False	Canada	Canada	2013	2013	2013.5	year		13-023578-0003_W0127		False		True	1338	annotation	False	False	False	
OK666952.1	Morbillivirus canis isolate 13-023577-0001_W0126 hemagglutinin (H) gene, partial cds	1338	raccoon	Procyon lotor	procyonid	False	Canada	Canada	2013	2013	2013.5	year		13-023577-0001_W0126		False		True	1338	annotation	False	False	False	
OK666951.1	Morbillivirus canis isolate 13-022919-0005_W0098 hemagglutinin (H) gene, partial cds	1338	raccoon	Procyon lotor	procyonid	False	Canada	Canada	2013	2013	2013.5	year		13-022919-0005_W0098		False		True	1338	annotation	False	False	False	
OK666950.1	Morbillivirus canis isolate 13-022503-0002_W0098 hemagglutinin (H) gene, partial cds	1338	raccoon	Procyon lotor	procyonid	False	Canada	Canada	2013	2013	2013.5	year		13-022503-0002_W0098		False		True	1338	annotation	False	False	False	
OK666949.1	Morbillivirus canis isolate 13-019249-0001_W0083 hemagglutinin (H) gene, partial cds	1338	raccoon	Procyon lotor	procyonid	False	Canada	Canada	2013	2013	2013.5	year		13-019249-0001_W0083		False		True	1338	annotation	False	False	False	
OK666948.1	Morbillivirus canis isolate 13-019244-0001_W0085 hemagglutinin (H) gene, partial cds	1338	raccoon	Procyon lotor	procyonid	False	Canada	Canada	2013	2013	2013.5	year		13-019244-0001_W0085		False		True	1338	annotation	False	False	False	
OK666947.1	Morbillivirus canis isolate 13-018811-0001_W0084 hemagglutinin (H) gene, partial cds	1338	raccoon	Procyon lotor	procyonid	False	Canada	Canada	2013	2013	2013.5	year		13-018811-0001_W0084		False		True	1338	annotation	False	False	False	
OK666946.1	Morbillivirus canis isolate 13-010527-0001_W0339 hemagglutinin (H) gene, partial cds	1338	raccoon	Procyon lotor	procyonid	False	Canada	Canada	2013	2013	2013.5	year		13-010527-0001_W0339		False		True	1338	annotation	False	False	False	
OK666945.1	Morbillivirus canis isolate 13-009341-0001_W0046 hemagglutinin (H) gene, partial cds	1338	raccoon	Procyon lotor	procyonid	False	Canada	Canada	2013	2013	2013.5	year		13-009341-0001_W0046		False		True	1338	annotation	False	False	False	
OK666944.1	Morbillivirus canis isolate 13-007560-0003_W0023 hemagglutinin (H) gene, partial cds	1338	raccoon	Procyon lotor	procyonid	False	Canada	Canada	2013	2013	2013.5	year		13-007560-0003_W0023		False		True	1338	annotation	False	False	False	
OK666943.1	Morbillivirus canis isolate 13-007558-0003_W0022 hemagglutinin (H) gene, partial cds	1338	raccoon	Procyon lotor	procyonid	False	Canada	Canada	2013	2013	2013.5	year		13-007558-0003_W0022		False		True	1338	annotation	False	False	False	
OK666942.1	Morbillivirus canis isolate 12-088576-0003_W0377 hemagglutinin (H) gene, partial cds	1338	raccoon	Procyon lotor	procyonid	False	Canada	Canada	2012	2012	2012.5	year		12-088576-0003_W0377		False		True	1338	annotation	False	False	False	
OK666941.1	Morbillivirus canis isolate 12-074777-0003_W0300 hemagglutinin (H) gene, partial cds	1338	raccoon	Procyon lotor	procyonid	False	Canada	Canada	2012	2012	2012.5	year		12-074777-0003_W0300		False		True	1338	annotation	False	False	False	
OK666940.1	Morbillivirus canis isolate 10-086499-0001_W501 hemagglutinin (H) gene, partial cds	1338	raccoon	Procyon lotor	procyonid	False	Canada	Canada	2010	2010	2010.5	year		10-086499-0001_W501		False		True	1338	annotation	False	False	False	
OK666939.1	Morbillivirus canis isolate 14-059336-0001_W255 hemagglutinin (H) gene, partial cds	1338	American badger	Meles meles	mustelid	False	Canada	Canada	2014	2014	2014.5	year		14-059336-0001_W255		False		True	1338	annotation	False	False	False	
OK666938.1	Morbillivirus canis isolate 14-059322-0004_W262 hemagglutinin (H) gene, partial cds	1338	American badger	Meles meles	mustelid	False	Canada	Canada	2014	2014	2014.5	year		14-059322-0004_W262		False		True	1338	annotation	False	False	False	
OK666937.1	Morbillivirus canis isolate 17-103600-0001 hemagglutinin (H) gene, partial cds	1291	coyote	Canis latrans	wild_canid	False	Canada	Canada	2017	2017	2017.5	year		17-103600-0001		False		True	1291	annotation	False	False	False	
OK666936.1	Morbillivirus canis isolate 17-071169-0001 hemagglutinin (H) gene, partial cds	1338	coyote	Canis latrans	wild_canid	False	Canada	Canada	2017	2017	2017.5	year		17-071169-0001		False		True	1338	annotation	False	False	False	
OK666935.1	Morbillivirus canis isolate 17-052939-0001 hemagglutinin (H) gene, partial cds	1320	coyote	Canis latrans	wild_canid	False	Canada	Canada	2017	2017	2017.5	year		17-052939-0001		False		True	1320	annotation	False	False	False	
OK666934.1	Morbillivirus canis isolate 17-048635-0001 hemagglutinin (H) gene, partial cds	1338	coyote	Canis latrans	wild_canid	False	Canada	Canada	2017	2017	2017.5	year		17-048635-0001		False		True	1338	annotation	False	False	False	
OK666933.1	Morbillivirus canis isolate 17-043577-0001 hemagglutinin (H) gene, partial cds	1338	coyote	Canis latrans	wild_canid	False	Canada	Canada	2017	2017	2017.5	year		17-043577-0001		False		True	1338	annotation	False	False	False	
OK666932.1	Morbillivirus canis isolate 17-043563-0001 hemagglutinin (H) gene, partial cds	1338	coyote	Canis latrans	wild_canid	False	Canada	Canada	2017	2017	2017.5	year		17-043563-0001		False		True	1338	annotation	False	False	False	
OK666931.1	Morbillivirus canis isolate 17-042676-0002 hemagglutinin (H) gene, partial cds	1332	coyote	Canis latrans	wild_canid	False	Canada	Canada	2017	2017	2017.5	year		17-042676-0002		False		True	1332	annotation	False	False	False	
OK666930.1	Morbillivirus canis isolate 17-042676-0001 hemagglutinin (H) gene, partial cds	1239	coyote	Canis latrans	wild_canid	False	Canada	Canada	2017	2017	2017.5	year		17-042676-0001		False		True	1239	annotation	False	False	False	
OK666929.1	Morbillivirus canis isolate 17-039783-0002 hemagglutinin (H) gene, partial cds	1338	coyote	Canis latrans	wild_canid	False	Canada	Canada	2017	2017	2017.5	year		17-039783-0002		False		True	1338	annotation	False	False	False	
OK666928.1	Morbillivirus canis isolate 16-020915-0091_c-0059 hemagglutinin (H) gene, partial cds	1338	coyote	Canis latrans	wild_canid	False	Canada	Canada	2016	2016	2016.5	year		16-020915-0091_c-0059		False		True	1338	annotation	False	False	False	
OK666927.1	Morbillivirus canis isolate 15-095867-0022 hemagglutinin (H) gene, partial cds	1314	coyote	Canis latrans	wild_canid	False	Canada	Canada	2015	2015	2015.5	year		15-095867-0022		False		True	1314	annotation	False	False	False	
OK666926.1	Morbillivirus canis isolate 15-013221-0006_W636 hemagglutinin (H) gene, partial cds	1338	coyote	Canis latrans	wild_canid	False	Canada	Canada	2015	2015	2015.5	year		15-013221-0006_W636		False		True	1338	annotation	False	False	False	
OK666925.1	Morbillivirus canis isolate 15-011953-0002_W626 hemagglutinin (H) gene, partial cds	1338	coyote	Canis latrans	wild_canid	False	Canada	Canada	2015	2015	2015.5	year		15-011953-0002_W626		False		True	1338	annotation	False	False	False	
OK666924.1	Morbillivirus canis isolate 15-011555-0002_W624 hemagglutinin (H) gene, partial cds	1338	coyote	Canis latrans	wild_canid	False	Canada	Canada	2015	2015	2015.5	year		15-011555-0002_W624		False		True	1338	annotation	False	False	False	
OK666923.1	Morbillivirus canis isolate 15-009197-0003_W615 hemagglutinin (H) gene, partial cds	1338	coyote	Canis latrans	wild_canid	False	Canada	Canada	2015	2015	2015.5	year		15-009197-0003_W615		False		True	1338	annotation	False	False	False	
OK666922.1	Morbillivirus canis isolate 15-008799-0006_W613 hemagglutinin (H) gene, partial cds	1338	coyote	Canis latrans	wild_canid	False	Canada	Canada	2015	2015	2015.5	year		15-008799-0006_W613		False		True	1338	annotation	False	False	False	
OK666921.1	Morbillivirus canis isolate 15-008799-0004_W612 hemagglutinin (H) gene, partial cds	1338	coyote	Canis latrans	wild_canid	False	Canada	Canada	2015	2015	2015.5	year		15-008799-0004_W612		False		True	1338	annotation	False	False	False	
OK666920.1	Morbillivirus canis isolate 15-005752-0007_W608 hemagglutinin (H) gene, partial cds	1338	coyote	Canis latrans	wild_canid	False	Canada	Canada	2015	2015	2015.5	year		15-005752-0007_W608		False		True	1338	annotation	False	False	False	
OK666919.1	Morbillivirus canis isolate 13-030613-0001_D13-01786 hemagglutinin (H) gene, partial cds	1338	coyote	Canis latrans	wild_canid	False	Canada	Canada	2013	2013	2013.5	year		13-030613-0001_D13-01786		False		True	1338	annotation	False	False	False	
OK666918.1	Morbillivirus canis isolate 15-071475-0001 hemagglutinin (H) gene, partial cds	1338	domestic dog	Canis lupus familiaris	domestic_dog	False	Canada	Canada	2015	2015	2015.5	year		15-071475-0001		False		True	1338	annotation	False	False	False	
OK666917.1	Morbillivirus canis isolate 12-057269-0001 hemagglutinin (H) gene, partial cds	1338	domestic dog	Canis lupus familiaris	domestic_dog	False	Canada	Canada	2012	2012	2012.5	year		12-057269-0001		False		True	1338	annotation	False	False	False	
OK666915.1	Morbillivirus canis isolate 18-020924-0001 hemagglutinin (H) gene, partial cds	1338	arctic fox	Vulpes lagopus	wild_canid	False	Canada	Canada	2018	2018	2018.5	year		18-020924-0001		False		True	1338	annotation	False	False	False	
OK666914.1	Morbillivirus canis isolate 17-081515-0002 hemagglutinin (H) gene, partial cds	1338	red fox	Vulpes vulpes	wild_canid	False	Canada	Canada	2017	2017	2017.5	year		17-081515-0002		False		True	1338	annotation	False	False	False	
OK666913.1	Morbillivirus canis isolate 17-081515-0001 hemagglutinin (H) gene, partial cds	1338	red fox	Vulpes vulpes	wild_canid	False	Canada	Canada	2017	2017	2017.5	year		17-081515-0001		False		True	1338	annotation	False	False	False	
OK666912.1	Morbillivirus canis isolate 17-078308-0001 hemagglutinin (H) gene, partial cds	1338	red fox	Vulpes vulpes	wild_canid	False	Canada	Canada	2017	2017	2017.5	year		17-078308-0001		False		True	1338	annotation	False	False	False	
OK666911.1	Morbillivirus canis isolate 17-066017-0003 hemagglutinin (H) gene, partial cds	1338	red fox	Vulpes vulpes	wild_canid	False	Canada	Canada	2017	2017	2017.5	year		17-066017-0003		False		True	1338	annotation	False	False	False	
OK666910.1	Morbillivirus canis isolate 17-066017-0002 hemagglutinin (H) gene, partial cds	1338	red fox	Vulpes vulpes	wild_canid	False	Canada	Canada	2017	2017	2017.5	year		17-066017-0002		False		True	1338	annotation	False	False	False	
OK666909.1	Morbillivirus canis isolate 17-054781-0001 hemagglutinin (H) gene, partial cds	1338	red fox	Vulpes vulpes	wild_canid	False	Canada	Canada	2017	2017	2017.5	year		17-054781-0001		False		True	1338	annotation	False	False	False	
OK666908.1	Morbillivirus canis isolate 17-054779-0002 hemagglutinin (H) gene, partial cds	1338	red fox	Vulpes vulpes	wild_canid	False	Canada	Canada	2017	2017	2017.5	year		17-054779-0002		False		True	1338	annotation	False	False	False	
OK666907.1	Morbillivirus canis isolate 17-054779-0001 hemagglutinin (H) gene, partial cds	1158	red fox	Vulpes vulpes	wild_canid	False	Canada	Canada	2017	2017	2017.5	year		17-054779-0001		False		True	1158	annotation	False	False	False	
OK666906.1	Morbillivirus canis isolate 17-049088-0001 hemagglutinin (H) gene, partial cds	1338	red fox	Vulpes vulpes	wild_canid	False	Canada	Canada	2017	2017	2017.5	year		17-049088-0001		False		True	1338	annotation	False	False	False	
OK666905.1	Morbillivirus canis isolate 17-043672-0001 hemagglutinin (H) gene, partial cds	1338	red fox	Vulpes vulpes	wild_canid	False	Canada	Canada	2017	2017	2017.5	year		17-043672-0001		False		True	1338	annotation	False	False	False	
OK666904.1	Morbillivirus canis isolate 16-003555-0002 hemagglutinin (H) gene, partial cds	1338	red fox	Vulpes vulpes	wild_canid	False	Canada	Canada	2016	2016	2016.5	year		16-003555-0002		False		True	1338	annotation	False	False	False	
OK666903.1	Morbillivirus canis isolate 17-078291-0006 hemagglutinin (H) gene, partial cds	1338	mink	Neovison vison	mustelid	False	Canada	Canada	2017	2017	2017.5	year		17-078291-0006		False		True	1338	annotation	False	False	False	
OK666902.1	Morbillivirus canis isolate 16-058498-0004 hemagglutinin (H) gene, partial cds	1338	mink	Neovison vison	mustelid	False	Canada	Canada	2016	2016	2016.5	year		16-058498-0004		False		True	1338	annotation	False	False	False	
OK666901.1	Morbillivirus canis isolate 13-069420-0003 hemagglutinin (H) gene, partial cds	1338	mink	Neovison vison	mustelid	False	Canada	Canada	2013	2013	2013.5	year		13-069420-0003		False		True	1338	annotation	False	False	False	
OK666900.1	Morbillivirus canis isolate 13-069420-0002 hemagglutinin (H) gene, partial cds	1338	mink	Neovison vison	mustelid	False	Canada	Canada	2013	2013	2013.5	year		13-069420-0002		False		True	1338	annotation	False	False	False	
OK666899.1	Morbillivirus canis isolate 13-068513-0003 hemagglutinin (H) gene, partial cds	1338	mink	Neovison vison	mustelid	False	Canada	Canada	2013	2013	2013.5	year		13-068513-0003		False		True	1338	annotation	False	False	False	
OK666898.1	Morbillivirus canis isolate 13-068513-0002 hemagglutinin (H) gene, partial cds	1338	mink	Neovison vison	mustelid	False	Canada	Canada	2013	2013	2013.5	year		13-068513-0002		False		True	1338	annotation	False	False	False	
OK666897.1	Morbillivirus canis isolate 13-068513-0001 hemagglutinin (H) gene, partial cds	1338	mink	Neovison vison	mustelid	False	Canada	Canada	2013	2013	2013.5	year		13-068513-0001		False		True	1338	annotation	False	False	False	
OK666896.1	Morbillivirus canis isolate 13-066597-0005 hemagglutinin (H) gene, partial cds	1338	mink	Neovison vison	mustelid	False	Canada	Canada	2013	2013	2013.5	year		13-066597-0005		False		True	1338	annotation	False	False	False	
OK666895.1	Morbillivirus canis isolate 13-066597-0004 hemagglutinin (H) gene, partial cds	1338	mink	Neovison vison	mustelid	False	Canada	Canada	2013	2013	2013.5	year		13-066597-0004		False		True	1338	annotation	False	False	False	
OK666894.1	Morbillivirus canis isolate 13-066597-0003 hemagglutinin (H) gene, partial cds	1338	mink	Neovison vison	mustelid	False	Canada	Canada	2013	2013	2013.5	year		13-066597-0003		False		True	1338	annotation	False	False	False	
OK666893.1	Morbillivirus canis isolate 13-066597-0002 hemagglutinin (H) gene, partial cds	1338	mink	Neovison vison	mustelid	False	Canada	Canada	2013	2013	2013.5	year		13-066597-0002		False		True	1338	annotation	False	False	False	
OK666892.1	Morbillivirus canis isolate 13-066597-0001 hemagglutinin (H) gene, partial cds	1338	mink	Neovison vison	mustelid	False	Canada	Canada	2013	2013	2013.5	year		13-066597-0001		False		True	1338	annotation	False	False	False	
OK666891.1	Morbillivirus canis isolate 09-060885-0012 hemagglutinin (H) gene, partial cds	1338	mink	Neovison vison	mustelid	False	Canada	Canada	2009	2009	2009.5	year		09-060885-0012		False		True	1338	annotation	False	False	False	
OK666890.1	Morbillivirus canis isolate 16-071130-0005 hemagglutinin (H) gene, partial cds	1338	striped skunk	Mephitis mephitis	mustelid	False	Canada	Canada	2016	2016	2016.5	year		16-071130-0005		False		True	1338	annotation	False	False	False	
OK666889.1	Morbillivirus canis isolate 16-071130-0004 hemagglutinin (H) gene, partial cds	1314	striped skunk	Mephitis mephitis	mustelid	False	Canada	Canada	2016	2016	2016.5	year		16-071130-0004		False		True	1314	annotation	False	False	False	
OK666888.1	Morbillivirus canis isolate 16-071130-0003 hemagglutinin (H) gene, partial cds	1338	striped skunk	Mephitis mephitis	mustelid	False	Canada	Canada	2016	2016	2016.5	year		16-071130-0003		False		True	1338	annotation	False	False	False	
OK666887.1	Morbillivirus canis isolate 16-042036-0023 hemagglutinin (H) gene, partial cds	1338	striped skunk	Mephitis mephitis	mustelid	False	Canada	Canada	2016	2016	2016.5	year		16-042036-0023		False		True	1338	annotation	False	False	False	
OK666886.1	Morbillivirus canis isolate 16-042036-0022 hemagglutinin (H) gene, partial cds	1338	striped skunk	Mephitis mephitis	mustelid	False	Canada	Canada	2016	2016	2016.5	year		16-042036-0022		False		True	1338	annotation	False	False	False	
OK666885.1	Morbillivirus canis isolate 16-042036-0020 hemagglutinin (H) gene, partial cds	1338	striped skunk	Mephitis mephitis	mustelid	False	Canada	Canada	2016	2016	2016.5	year		16-042036-0020		False		True	1338	annotation	False	False	False	
OK666884.1	Morbillivirus canis isolate 16-042036-0018 hemagglutinin (H) gene, partial cds	1338	striped skunk	Mephitis mephitis	mustelid	False	Canada	Canada	2016	2016	2016.5	year		16-042036-0018		False		True	1338	annotation	False	False	False	
OK666883.1	Morbillivirus canis isolate 16-042036-0017 hemagglutinin (H) gene, partial cds	1338	striped skunk	Mephitis mephitis	mustelid	False	Canada	Canada	2016	2016	2016.5	year		16-042036-0017		False		True	1338	annotation	False	False	False	
OK666882.1	Morbillivirus canis isolate 16-042036-0016 hemagglutinin (H) gene, partial cds	1338	striped skunk	Mephitis mephitis	mustelid	False	Canada	Canada	2016	2016	2016.5	year		16-042036-0016		False		True	1338	annotation	False	False	False	
OK666881.1	Morbillivirus canis isolate 16-042036-0014 hemagglutinin (H) gene, partial cds	1338	striped skunk	Mephitis mephitis	mustelid	False	Canada	Canada	2016	2016	2016.5	year		16-042036-0014		False		True	1338	annotation	False	False	False	
OK666880.1	Morbillivirus canis isolate 16-042036-0013 hemagglutinin (H) gene, partial cds	1338	striped skunk	Mephitis mephitis	mustelid	False	Canada	Canada	2016	2016	2016.5	year		16-042036-0013		False		True	1338	annotation	False	False	False	
OK666879.1	Morbillivirus canis isolate 16-024678-0003 hemagglutinin (H) gene, partial cds	1308	striped skunk	Mephitis mephitis	mustelid	False	Canada	Canada	2016	2016	2016.5	year		16-024678-0003		False		True	1308	annotation	False	False	False	
OK666878.1	Morbillivirus canis isolate 16-022048-0022 hemagglutinin (H) gene, partial cds	1329	striped skunk	Mephitis mephitis	mustelid	False	Canada	Canada	2016	2016	2016.5	year		16-022048-0022		False		True	1329	annotation	False	False	False	
OK666877.1	Morbillivirus canis isolate 16-021379-0005_W98 hemagglutinin (H) gene, partial cds	1329	striped skunk	Mephitis mephitis	mustelid	False	Canada	Canada	2016	2016	2016.5	year		16-021379-0005_W98		False		True	1329	annotation	False	False	False	
OK666876.1	Morbillivirus canis isolate 16-021379-0003_E96 hemagglutinin (H) gene, partial cds	1328	striped skunk	Mephitis mephitis	mustelid	False	Canada	Canada	2016	2016	2016.5	year		16-021379-0003_E96		False		True	1328	annotation	False	False	False	
OK666875.1	Morbillivirus canis isolate 16-003558-0001 hemagglutinin (H) gene, partial cds	1338	striped skunk	Mephitis mephitis	mustelid	False	Canada	Canada	2016	2016	2016.5	year		16-003558-0001		False		True	1338	annotation	False	False	False	
OK666874.1	Morbillivirus canis isolate 15-094649-0001_W590 hemagglutinin (H) gene, partial cds	1338	striped skunk	Mephitis mephitis	mustelid	False	Canada	Canada	2015	2015	2015.5	year		15-094649-0001_W590		False		True	1338	annotation	False	False	False	
OK666873.1	Morbillivirus canis isolate 15-053850-0003_W395 hemagglutinin (H) gene, partial cds	1338	striped skunk	Mephitis mephitis	mustelid	False	Canada	Canada	2015	2015	2015.5	year		15-053850-0003_W395		False		True	1338	annotation	False	False	False	
OK666872.1	Morbillivirus canis isolate 15-043235-0002_W287 hemagglutinin (H) gene, partial cds	1338	striped skunk	Mephitis mephitis	mustelid	False	Canada	Canada	2015	2015	2015.5	year		15-043235-0002_W287		False		True	1338	annotation	False	False	False	
OK666871.1	Morbillivirus canis isolate 10-026748-0002_W135 hemagglutinin (H) gene, partial cds	1338	striped skunk	Mephitis mephitis	mustelid	False	Canada	Canada	2010	2010	2010.5	year		10-026748-0002_W135		False		True	1338	annotation	False	False	False	
OK666870.1	Morbillivirus canis isolate 16-058069-0001 hemagglutinin (H) gene, partial cds	1338	wolf	Canis lupus	wild_canid	False	Canada	Canada	2016	2016	2016.5	year		16-058069-0001		False		True	1338	annotation	False	False	False	
MW013491.1	Canine morbillivirus isolate YZ18/08 hemagglutinin (H) gene, complete cds	1824	dog	Canis lupus familiaris	domestic_dog	False	China	China	2018	2018	2018.5	year		YZ18/08		False		True	1824	annotation	False	False	False	
MW013490.1	Canine morbillivirus isolate YZ20/01 hemagglutinin (H) gene, complete cds	1824	dog	Canis lupus familiaris	domestic_dog	False	China	China	2020	2020	2020.5	year		YZ20/01		False		True	1824	annotation	False	False	False	
MW013489.1	Canine morbillivirus isolate YZ18/09 hemagglutinin (H) gene, complete cds	1824	dog	Canis lupus familiaris	domestic_dog	False	China	China	2018	2018	2018.5	year		YZ18/09		False		True	1824	annotation	False	False	False	
MW013488.1	Canine morbillivirus isolate YZ17/3.2 hemagglutinin (H) gene, complete cds	1824	dog	Canis lupus familiaris	domestic_dog	False	China	China	2017	2017	2017.5	year		YZ17/3.2		False		True	1824	annotation	False	False	False	
MW013487.1	Canine morbillivirus isolate YZ17/3.1 hemagglutinin (H) gene, complete cds	1824	dog	Canis lupus familiaris	domestic_dog	False	China	China	2017	2017	2017.5	year		YZ17/3.1		False		True	1824	annotation	False	False	False	
MW013486.1	Canine morbillivirus isolate NJ19 hemagglutinin (H) gene, complete cds	1824	dog	Canis lupus familiaris	domestic_dog	False	China	China	2019	2019	2019.5	year		NJ19		False		True	1824	annotation	False	False	False	
MT773247.1	Canine morbillivirus isolate N90 hemagglutinin protein H (gp6) gene, partial cds	738	Canis lupus familiaris	Canis lupus familiaris	domestic_dog	False	Brazil: Cuiaba, MT	Brazil	2012	2012	2012.5	year		N90		False		True	738	length_heuristic_partial	False	False	False	
MT773246.1	Canine morbillivirus isolate N62 hemagglutinin protein H (gp6) gene, partial cds	738	Canis lupus familiaris	Canis lupus familiaris	domestic_dog	False	Brazil: Cuiaba, MT	Brazil	2012	2012	2012.5	year		N62		False		True	738	length_heuristic_partial	False	False	False	
MT773245.1	Canine morbillivirus isolate N584 hemagglutinin protein H (gp6) gene, partial cds	738	Canis lupus familiaris	Canis lupus familiaris	domestic_dog	False	Brazil: Cuiaba, MT	Brazil	2012	2012	2012.5	year		N584		False		True	738	length_heuristic_partial	False	False	False	
MT773244.1	Canine morbillivirus isolate N554 hemagglutinin protein H (gp6) gene, partial cds	738	Canis lupus familiaris	Canis lupus familiaris	domestic_dog	False	Brazil: Cuiaba, MT	Brazil	2012	2012	2012.5	year		N554		False		True	738	length_heuristic_partial	False	False	False	
MT773243.1	Canine morbillivirus isolate N513 hemagglutinin protein H (gp6) gene, partial cds	738	Canis lupus familiaris	Canis lupus familiaris	domestic_dog	False	Brazil: Cuiaba, MT	Brazil	2012	2012	2012.5	year		N513		False		True	738	length_heuristic_partial	False	False	False	
MT773242.1	Canine morbillivirus isolate N481 hemagglutinin protein H (gp6) gene, partial cds	738	Canis lupus familiaris	Canis lupus familiaris	domestic_dog	False	Brazil: Cuiaba, MT	Brazil	2012	2012	2012.5	year		N481		False		True	738	length_heuristic_partial	False	False	False	
MT773241.1	Canine morbillivirus isolate N473 hemagglutinin protein H (gp6) gene, partial cds	738	Canis lupus familiaris	Canis lupus familiaris	domestic_dog	False	Brazil: Cuiaba, MT	Brazil	2012	2012	2012.5	year		N473		False		True	738	length_heuristic_partial	False	False	False	
MT773240.1	Canine morbillivirus isolate N469 hemagglutinin protein H (gp6) gene, partial cds	738	Canis lupus familiaris	Canis lupus familiaris	domestic_dog	False	Brazil: Cuiaba, MT	Brazil	2012	2012	2012.5	year		N469		False		True	738	length_heuristic_partial	False	False	False	
MT773239.1	Canine morbillivirus isolate N467 hemagglutinin protein H (gp6) gene, partial cds	738	Canis lupus familiaris	Canis lupus familiaris	domestic_dog	False	Brazil: Cuiaba, MT	Brazil	2012	2012	2012.5	year		N467		False		True	738	length_heuristic_partial	False	False	False	
MT773238.1	Canine morbillivirus isolate N466 hemagglutinin protein H (gp6) gene, partial cds	738	Canis lupus familiaris	Canis lupus familiaris	domestic_dog	False	Brazil: Cuiaba, MT	Brazil	2012	2012	2012.5	year		N466		False		True	738	length_heuristic_partial	False	False	False	
MT773237.1	Canine morbillivirus isolate N464 hemagglutinin protein H (gp6) gene, partial cds	738	Canis lupus familiaris	Canis lupus familiaris	domestic_dog	False	Brazil: Cuiaba, MT	Brazil	2012	2012	2012.5	year		N464		False		True	738	length_heuristic_partial	False	False	False	
MT773236.1	Canine morbillivirus isolate N455 hemagglutinin protein H (gp6) gene, partial cds	738	Canis lupus familiaris	Canis lupus familiaris	domestic_dog	False	Brazil: Cuiaba, MT	Brazil	2012	2012	2012.5	year		N455		False		True	738	length_heuristic_partial	False	False	False	
MT773235.1	Canine morbillivirus isolate N435 hemagglutinin protein H (gp6) gene, partial cds	738	Canis lupus familiaris	Canis lupus familiaris	domestic_dog	False	Brazil: Cuiaba, MT	Brazil	2012	2012	2012.5	year		N435		False		True	738	length_heuristic_partial	False	False	False	
MT773234.1	Canine morbillivirus isolate N434 hemagglutinin protein H (gp6) gene, partial cds	738	Canis lupus familiaris	Canis lupus familiaris	domestic_dog	False	Brazil: Cuiaba, MT	Brazil	2012	2012	2012.5	year		N434		False		True	738	length_heuristic_partial	False	False	False	
MT773233.1	Canine morbillivirus isolate N423 hemagglutinin protein H (gp6) gene, partial cds	738	Canis lupus familiaris	Canis lupus familiaris	domestic_dog	False	Brazil: Cuiaba, MT	Brazil	2012	2012	2012.5	year		N423		False		True	738	length_heuristic_partial	False	False	False	
MT773232.1	Canine morbillivirus isolate N400 hemagglutinin protein H (gp6) gene, partial cds	738	Canis lupus familiaris	Canis lupus familiaris	domestic_dog	False	Brazil: Cuiaba, MT	Brazil	2012	2012	2012.5	year		N400		False		True	738	length_heuristic_partial	False	False	False	
MT773231.1	Canine morbillivirus isolate N394 hemagglutinin protein H (gp6) gene, partial cds	738	Canis lupus familiaris	Canis lupus familiaris	domestic_dog	False	Brazil: Cuiaba, MT	Brazil	2012	2012	2012.5	year		N394		False		True	738	length_heuristic_partial	False	False	False	
MT773230.1	Canine morbillivirus isolate N298 hemagglutinin protein H (gp6) gene, partial cds	738	Canis lupus familiaris	Canis lupus familiaris	domestic_dog	False	Brazil: Cuiaba, MT	Brazil	2012	2012	2012.5	year		N298		False		True	738	length_heuristic_partial	False	False	False	
MT773229.1	Canine morbillivirus isolate N288 hemagglutinin protein H (gp6) gene, partial cds	738	Canis lupus familiaris	Canis lupus familiaris	domestic_dog	False	Brazil: Cuiaba, MT	Brazil	2012	2012	2012.5	year		N288		False		True	738	length_heuristic_partial	False	False	False	
MT773228.1	Canine morbillivirus isolate N274 hemagglutinin protein H (gp6) gene, partial cds	738	Canis lupus familiaris	Canis lupus familiaris	domestic_dog	False	Brazil: Cuiaba, MT	Brazil	2012	2012	2012.5	year		N274		False		True	738	length_heuristic_partial	False	False	False	
MT773227.1	Canine morbillivirus isolate N263 hemagglutinin protein H (gp6) gene, partial cds	738	Canis lupus familiaris	Canis lupus familiaris	domestic_dog	False	Brazil: Cuiaba, MT	Brazil	2012	2012	2012.5	year		N263		False		True	738	length_heuristic_partial	False	False	False	
MT773226.1	Canine morbillivirus isolate N246 hemagglutinin protein H (gp6) gene, partial cds	738	Canis lupus familiaris	Canis lupus familiaris	domestic_dog	False	Brazil: Cuiaba, MT	Brazil	2012	2012	2012.5	year		N246		False		True	738	length_heuristic_partial	False	False	False	
MT773225.1	Canine morbillivirus isolate N125 hemagglutinin protein H (gp6) gene, partial cds	738	Canis lupus familiaris	Canis lupus familiaris	domestic_dog	False	Brazil: Cuiaba, MT	Brazil	2012	2012	2012.5	year		N125		False		True	738	length_heuristic_partial	False	False	False	
MW980440.1	Morbillivirus canis isolate GS-20-12, complete genome	15690	Canis lupus familiaris	Canis lupus familiaris	domestic_dog	False	China	China	10-Dec-2020	2020-12-10	2020.9398907103825	day		GS-20-12		False		True	1824	annotation	True	True	True	
MZ169061.1	Morbillivirus canis isolate 2020-284 hemagglutinin gene, partial cds	444	badger	Meles meles	mustelid	False	Spain	Spain	2020	2020	2020.5	year		2020-284		False		True	444	annotation	False	False	False	
MZ605431.1	Morbillivirus canis isolate Car2056 hemagglutinin gene, partial cds	420	European badger	Meles meles	mustelid	False	Spain	Spain	2020	2020	2020.5	year		Car2056		False		True	420	annotation	False	False	False	
MZ605430.1	Morbillivirus canis isolate Car2050 hemagglutinin gene, partial cds	420	red fox	Vulpes vulpes	wild_canid	False	Spain	Spain	2020	2020	2020.5	year		Car2050		False		True	420	annotation	False	False	False	
MZ605429.1	Morbillivirus canis isolate Car2102 hemagglutinin gene, partial cds	420	Martes martes	Martes sp.	mustelid	False	Spain	Spain	2021	2021	2021.5	year		Car2102		False		True	420	annotation	False	False	False	
MW669850.1	Canine morbillivirus isolate HSS6_33H hemagglutinin (H) gene, partial cds	915	Canis lupus familiaris	Canis lupus familiaris	domestic_dog	False	Turkey	Turkey	Mar-2020	2020-03	2020.204918032787	month	Turkish	HSS6_33H		False		True	915	annotation	False	False	False	
MW669849.1	Canine morbillivirus isolate HSS5_27H hemagglutinin (H) gene, partial cds	906	Canis lupus familiaris	Canis lupus familiaris	domestic_dog	False	Turkey	Turkey	Mar-2020	2020-03	2020.204918032787	month	Turkish	HSS5_27H		False		True	906	annotation	False	False	False	
MW669848.1	Canine morbillivirus isolate HSS4_11H hemagglutinin (H) gene, partial cds	918	Canis lupus familiaris	Canis lupus familiaris	domestic_dog	False	Turkey	Turkey	Mar-2020	2020-03	2020.204918032787	month	Turkish	HSS4_11H		False		True	918	annotation	False	False	False	
MW669847.1	Canine morbillivirus isolate HSS3_6H hemagglutinin (H) gene, partial cds	915	Canis lupus familiaris	Canis lupus familiaris	domestic_dog	False	Turkey	Turkey	Mar-2020	2020-03	2020.204918032787	month	Turkish	HSS3_6H		False		True	915	annotation	False	False	False	
MW669846.1	Canine morbillivirus isolate HSS2_3H hemagglutinin (H) gene, partial cds	915	Canis lupus familiaris	Canis lupus familiaris	domestic_dog	False	Turkey	Turkey	Mar-2020	2020-03	2020.204918032787	month	Turkish	HSS2_3H		False		True	915	annotation	False	False	False	
MW669845.1	Canine morbillivirus isolate HSS1_1H hemagglutinin (H) gene, partial cds	912	Canis lupus familiaris	Canis lupus familiaris	domestic_dog	False	Turkey	Turkey	Mar-2020	2020-03	2020.204918032787	month	Turkish	HSS1_1H		False		True	912	annotation	False	False	False	
MK689166.1	Morbillivirus canis isolate TR/CDV/H3 hemagglutinin (H) gene, partial cds	1755	Canis lupus familiaris (dog)	Canis lupus familiaris	domestic_dog	False	Turkey	Turkey	16-Sep-2018	2018-09-16	2018.7068493150684	day		TR/CDV/H3		False		True	1755	annotation	False	False	False	
MK689165.1	Morbillivirus canis isolate TR/CDV/H2 hemagglutinin (H) gene, partial cds	1755	Canis lupus familiaris (dog)	Canis lupus familiaris	domestic_dog	False	Turkey	Turkey	16-Sep-2018	2018-09-16	2018.7068493150684	day		TR/CDV/H2		False		True	1755	annotation	False	False	False	
MK689164.1	Morbillivirus canis isolate TR/CDV/H1 hemagglutinin (H) gene, partial cds	1755	Canis lupus familiaris (dog)	Canis lupus familiaris	domestic_dog	False	Turkey	Turkey	16-Sep-2018	2018-09-16	2018.7068493150684	day		TR/CDV/H1		False		True	1755	annotation	False	False	False	
MW015090.1	Morbillivirus canis strain 246A/2018 hemagglutinin (H) gene, complete cds	1824	stone marten (Martes foina)	Martes sp.	mustelid	False	Italy	Italy	2018	2018	2018.5	year	246A/2018			False		True	1824	annotation	False	False	False	
MW015089.1	Morbillivirus canis strain 110A/2018 hemagglutinin (H) gene, complete cds	1824	stone marten (Martes foina)	Martes sp.	mustelid	False	Italy	Italy	2018	2018	2018.5	year	110A/2018			False		True	1824	annotation	False	False	False	
MW048559.1	Morbillivirus canis isolate SH-137 hemagglutinin protein gene, complete cds	1824	canine	Canis lupus familiaris	domestic_dog	False	China	China	2020	2020	2020.5	year		SH-137		False		True	1824	annotation	False	False	False	
MW048558.1	Morbillivirus canis isolate SH-117 hemagglutinin protein gene, complete cds	1824	canine	Canis lupus familiaris	domestic_dog	False	China	China	2020	2020	2020.5	year		SH-117		False		True	1824	annotation	False	False	False	
MW048557.1	Morbillivirus canis isolate JSYZ-04 hemagglutinin protein gene, complete cds	1824	canine	Canis lupus familiaris	domestic_dog	False	China	China	2018	2018	2018.5	year		JSYZ-04		False		True	1824	annotation	False	False	False	
MW048556.1	Morbillivirus canis isolate JSNJ-21 hemagglutinin protein gene, complete cds	1824	canine	Canis lupus familiaris	domestic_dog	False	China	China	2018	2018	2018.5	year		JSNJ-21		False		True	1824	annotation	False	False	False	
MW048555.1	Morbillivirus canis isolate JSNJ-13 hemagglutinin protein gene, complete cds	1824	canine	Canis lupus familiaris	domestic_dog	False	China	China	2018	2018	2018.5	year		JSNJ-13		False		True	1824	annotation	False	False	False	
MW020699.1	Morbillivirus canis isolate NJ04, complete genome	15690	canine	Canis lupus familiaris	domestic_dog	False	China	China	2018	2018	2018.5	year		NJ04		False		True	1824	annotation	True	True	True	
MW984536.1	Morbillivirus canis isolate 16-2653 hemagglutinin gene, partial cds	1572	skunk	Mephitis mephitis	mustelid	False	USA: IL	USA	20-Apr-2016	2016-04-20	2016.3005464480875	day		16-2653		False		True	1572	annotation	False	False	False	
MW984535.1	Morbillivirus canis isolate 16-2813 hemagglutinin gene, partial cds	1335	raccoon	Procyon lotor	procyonid	False	USA: IN	USA	14-Dec-2015	2015-12-14	2015.9506849315069	day		16-2813		False		True	1335	annotation	False	False	False	
MW984534.1	Morbillivirus canis isolate 16-2659 hemagglutinin gene, partial cds	1674	skunk	Mephitis mephitis	mustelid	False	USA: IL	USA	03-May-2016	2016-05-03	2016.3360655737704	day		16-2659		False		True	1674	annotation	False	False	False	
MW984533.1	Morbillivirus canis isolate 16-2658 hemagglutinin gene, partial cds	1674	raccoon	Procyon lotor	procyonid	False	USA: IL	USA	28-Apr-2016	2016-04-28	2016.3224043715848	day		16-2658		False		True	1674	annotation	False	False	False	
MW984532.1	Morbillivirus canis isolate 16-2814 hemagglutinin gene, partial cds	1821	tiger	Panthera tigris	wild_felid	False	USA: IN	USA	19-Dec-2015	2015-12-19	2015.964383561644	day		16-2814		False		True	1821	annotation	False	False	False	
MW984531.1	Morbillivirus canis isolate 16-2827 hemagglutinin gene, partial cds	1821	tiger	Panthera tigris	wild_felid	False	USA: IN	USA	28-Dec-2015	2015-12-28	2015.9890410958903	day		16-2827		False		True	1821	annotation	False	False	False	
MW984530.1	Morbillivirus canis isolate 16-2811 hemagglutinin gene, partial cds	1821	tiger	Panthera tigris	wild_felid	False	USA: IN	USA	30-Nov-2015	2015-11-30	2015.9123287671232	day		16-2811		False		True	1821	annotation	False	False	False	
MW984529.1	Morbillivirus canis isolate 16-2810 hemagglutinin gene, partial cds	1821	tiger	Panthera tigris	wild_felid	False	USA: IN	USA	16-Nov-2015	2015-11-16	2015.8739726027397	day		16-2810		False		True	1821	annotation	False	False	False	
MW984528.1	Morbillivirus canis isolate 16-2809 hemagglutinin gene, partial cds	1821	lion	Panthera leo	wild_felid	False	USA: IN	USA	10-Nov-2015	2015-11-10	2015.8575342465754	day		16-2809		False		True	1821	annotation	False	False	False	
MW984527.1	Morbillivirus canis isolate 16-2812 hemagglutinin gene, partial cds	1821	tiger	Panthera tigris	wild_felid	False	USA: IN	USA	14-Dec-2015	2015-12-14	2015.9506849315069	day		16-2812		False		True	1821	annotation	False	False	False	
MW984526.1	Morbillivirus canis isolate 16-2808 hemagglutinin gene, partial cds	1821	tiger	Panthera tigris	wild_felid	False	USA: IN	USA	26-Oct-2015	2015-10-26	2015.8164383561643	day		16-2808		False		True	1821	annotation	False	False	False	
MW984525.1	Morbillivirus canis isolate 16-2807 hemagglutinin gene, partial cds	1821	tiger	Panthera tigris	wild_felid	False	USA: IN	USA	26-Oct-2015	2015-10-26	2015.8164383561643	day		16-2807		False		True	1821	annotation	False	False	False	
MT350719.1	Morbillivirus canis strain CDV28 hemagglutinin (H) gene, partial cds	736	Canis lupus familiaris	Canis lupus familiaris	domestic_dog	False	Peru	Peru	10-Oct-2018	2018-10-10	2018.772602739726	day	CDV28			False		True	736	annotation	False	False	False	
MT350718.1	Morbillivirus canis strain CDV06 hemagglutinin (H) gene, partial cds	736	Canis lupus familiaris	Canis lupus familiaris	domestic_dog	False	Peru	Peru	05-Oct-2018	2018-10-05	2018.7589041095891	day	CDV06			False		True	736	annotation	False	False	False	
MT350715.1	Morbillivirus canis strain CDV29 hemagglutinin (H) gene, complete cds	1824	Canis lupus familiaris	Canis lupus familiaris	domestic_dog	False	Peru	Peru	11-Dec-2018	2018-12-11	2018.9424657534246	day	CDV29			False		True	1824	annotation	False	False	False	
MT350714.1	Morbillivirus canis strain CDV25 hemagglutinin (H) gene, complete cds	1824	Canis lupus familiaris	Canis lupus familiaris	domestic_dog	False	Peru	Peru	23-Nov-2018	2018-11-23	2018.8931506849315	day	CDV25			False		True	1824	annotation	False	False	False	
MT350713.1	Morbillivirus canis strain CDV23 hemagglutinin (H) gene, complete cds	1824	Canis lupus familiaris	Canis lupus familiaris	domestic_dog	False	Peru	Peru	19-Nov-2018	2018-11-19	2018.8821917808218	day	CDV23			False		True	1824	annotation	False	False	False	
MT350712.1	Morbillivirus canis strain CDV18 hemagglutinin (H) gene, complete cds	1824	Canis lupus familiaris	Canis lupus familiaris	domestic_dog	False	Peru	Peru	10-Nov-2018	2018-11-10	2018.8575342465754	day	CDV18			False		True	1824	annotation	False	False	False	
MW248101.1	Morbillivirus canis isolate CVD2019/hun/fuksz hemagglutinin (H) gene, complete cds	2044	domestic dog	Canis lupus familiaris	domestic_dog	False	Hungary	Hungary	Feb-2019	2019-02	2019.123287671233	month		CVD2019/hun/fuksz		False		True	1824	annotation	False	False	False	
MW600730.1	Morbillivirus canis isolate GS20-11, complete genome	15690	dog	Canis lupus familiaris	domestic_dog	False	China	China	10-Dec-2020	2020-12-10	2020.9398907103825	day		GS20-11		False		True	1824	annotation	True	True	True	
MW460905.1	Morbillivirus canis isolate JA88/2020, complete genome	15624	Canis lupus familiaris; male	Canis lupus familiaris	domestic_dog	False	Brazil	Brazil	2019	2019	2019.5	year		JA88/2020		False		True	1824	annotation	True	True	True	
MT448054.1	Morbillivirus canis strain CDV-HN19, complete genome	15690	masked civet	Viverridae sp.	viverrid	False	China	China	2019	2019	2019.5	year	CDV-HN19			False		True	1824	annotation	True	True	True	
MT119981.1	Morbillivirus canis isolate CDV/RO2 hemagglutinin protein gene, partial cds	1806	domestic dog	Canis lupus familiaris	domestic_dog	False	Brazil	Brazil	Feb-2019	2019-02	2019.123287671233	month		CDV/RO2		False		True	1806	annotation	False	False	False	
MT119980.1	Morbillivirus canis isolate CDV/MT10 hemagglutinin protein gene, partial cds	1700	domestic dog	Canis lupus familiaris	domestic_dog	False	Brazil	Brazil	Apr-2019	2019-04	2019.2876712328766	month		CDV/MT10		False		True	1700	annotation	False	False	False	
MT119979.1	Morbillivirus canis isolate CDV/MT8 hemagglutinin protein gene, partial cds	1792	domestic dog	Canis lupus familiaris	domestic_dog	False	Brazil	Brazil	Aug-2019	2019-08	2019.6219178082192	month		CDV/MT8		False		True	1792	annotation	False	False	False	
MT119978.1	Morbillivirus canis isolate CDV/MT7 hemagglutinin protein gene, partial cds	1792	domestic dog	Canis lupus familiaris	domestic_dog	False	Brazil	Brazil	Apr-2019	2019-04	2019.2876712328766	month		CDV/MT7		False		True	1792	annotation	False	False	False	
MT119977.1	Morbillivirus canis isolate CDV/MT6 hemagglutinin protein gene, partial cds	1804	domestic dog	Canis lupus familiaris	domestic_dog	False	Brazil	Brazil	Aug-2018	2018-08	2018.6219178082192	month		CDV/MT6		False		True	1804	annotation	False	False	False	
MT119976.1	Morbillivirus canis isolate CDV/MT5 hemagglutinin protein gene, partial cds	1799	domestic dog	Canis lupus familiaris	domestic_dog	False	Brazil	Brazil	Aug-2018	2018-08	2018.6219178082192	month		CDV/MT5		False		True	1799	annotation	False	False	False	
MT119975.1	Morbillivirus canis isolate CDV/MT4 hemagglutinin protein gene, partial cds	1800	domestic dog	Canis lupus familiaris	domestic_dog	False	Brazil	Brazil	Oct-2018	2018-10	2018.7890410958903	month		CDV/MT4		False		True	1800	annotation	False	False	False	
MT119974.1	Morbillivirus canis isolate CDV/MT3 hemagglutinin protein gene, partial cds	1792	domestic dog	Canis lupus familiaris	domestic_dog	False	Brazil	Brazil	Oct-2018	2018-10	2018.7890410958903	month		CDV/MT3		False		True	1792	annotation	False	False	False	
MT119973.1	Morbillivirus canis isolate CDV/MT2 hemagglutinin protein gene, partial cds	1799	domestic dog	Canis lupus familiaris	domestic_dog	False	Brazil	Brazil	Oct-2018	2018-10	2018.7890410958903	month		CDV/MT2		False		True	1799	annotation	False	False	False	
MT119972.1	Morbillivirus canis isolate CDV/MT1 hemagglutinin protein gene, partial cds	1799	domestic dog	Canis lupus familiaris	domestic_dog	False	Brazil	Brazil	Jan-2018	2018-01	2018.041095890411	month		CDV/MT1		False		True	1799	annotation	False	False	False	
MT292106.1	Morbillivirus canis isolate leopard/India/2019 hemagglutinin (H) gene, complete cds	1824	Leopard	Panthera pardus	wild_felid	False	India	India	2019	2019	2019.5	year		leopard/India/2019		False		True	1824	annotation	False	False	False	
MT932511.1	Morbillivirus canis isolate PPA202 nucleocapsid protein, phosphoprotein, C protein, matrix, fusion, hemagglutinin, and large protein genes, complete cds	15547	Panthera pardus	Panthera pardus	wild_felid	False	USA	USA	15-Oct-1992	1992-10-15	1992.7868852459017	day		PPA202		False		True	1824	annotation	True	True	False	
MT932510.1	Morbillivirus canis isolate PLO008 nucleocapsid protein, phosphoprotein, C protein, matrix, fusion, hemagglutinin, and large protein genes, complete cds	15547	Procyon lotor	Procyon lotor	procyonid	False	USA	USA	09-Apr-2013	2013-04-09	2013.268493150685	day		PLO008		False		True	1824	annotation	True	True	False	
MT932509.1	Morbillivirus canis isolate PLO007 nucleocapsid protein, phosphoprotein, C protein, matrix, fusion, hemagglutinin, and large protein genes, complete cds	15547	Procyon lotor	Procyon lotor	procyonid	False	USA	USA	26-Mar-2013	2013-03-26	2013.2301369863014	day		PLO007		False		True	1824	annotation	True	True	False	
MT932508.1	Morbillivirus canis isolate PLO006 nucleocapsid protein, phosphoprotein, C protein, matrix, fusion, hemagglutinin, and large protein genes, complete cds	15547	Procyon lotor	Procyon lotor	procyonid	False	USA	USA	13-Mar-2013	2013-03-13	2013.194520547945	day		PLO006		False		True	1824	annotation	True	True	False	
MT932507.1	Morbillivirus canis isolate UCI001 nucleocapsid protein, phosphoprotein, C protein, matrix, fusion, hemagglutinin, and large protein genes, complete cds	15547	Urocyon cinereoargenteus	Urocyon cinereoargenteus	wild_canid	False	USA	USA	29-Mar-2013	2013-03-29	2013.2383561643835	day		UCI001		False		True	1824	annotation	True	True	False	
MT932506.1	Morbillivirus canis isolate PLO005 nucleocapsid protein, phosphoprotein, matrix, fusion, hemagglutinin, and large protein genes, complete cds	15547	Procyon lotor	Procyon lotor	procyonid	False	USA	USA	02-Mar-2013	2013-03-02	2013.164383561644	day		PLO005		False		True	1824	annotation	True	True	False	
MT932505.1	Morbillivirus canis isolate PLO004 nucleocapsid protein, phosphoprotein, C protein, matrix, fusion, hemagglutinin, and large protein genes, complete cds	15547	Procyon lotor	Procyon lotor	procyonid	False	USA	USA	01-Jan-1992	1992-01-01	1992.0	day		PLO004		False		True	1824	annotation	True	True	False	
MT932504.1	Morbillivirus canis isolate PLE806 nucleocapsid protein, phosphoprotein, C protein, matrix, fusion, hemagglutinin, and large protein genes, complete cds	15547	Panthera leo	Panthera leo	wild_felid	False	USA	USA	01-Sep-1992	1992-09-01	1992.6666666666667	day		PLE806		False		True	1824	annotation	True	True	False	
MT932503.1	Morbillivirus canis isolate LPI1561 nucleocapsid protein, phosphoprotein, C protein, matrix, and fusion genes, complete cds; and hemagglutinin and large protein genes, partial cds	15547	Lycaon pictus	Lycaon pictus	wild_canid	False	Tanzania	Tanzania	03-Oct-2007	2007-10-03	2007.7534246575342	day		LPI1561		False		True	498	annotation	True	True	False	
MT932500.1	Morbillivirus canis isolate CFADD24 nucleocapsid protein, phosphoprotein, C protein, matrix, fusion, hemagglutinin, and large protein genes, complete cds	15547	Canis lupus familiaris	Canis lupus familiaris	domestic_dog	False	Kenya	Kenya	28-Feb-2000	2000-02-28	2000.1584699453551	day		CFADD24		False		True	1824	annotation	True	True	False	
MT932499.1	Morbillivirus canis isolate CFADD19 nucleocapsid protein, phosphoprotein, C protein, matrix, fusion, hemagglutinin, and large protein genes, complete cds	15547	Canis lupus familiaris	Canis lupus familiaris	domestic_dog	False	Kenya	Kenya	28-Feb-2000	2000-02-28	2000.1584699453551	day		CFADD19		False		True	1824	annotation	True	True	False	
MT932498.1	Morbillivirus canis isolate CFA210 nucleocapsid protein, phosphoprotein, C protein, matrix, fusion, hemagglutinin, and large protein genes, complete cds	15547	Canis lupus familiaris	Canis lupus familiaris	domestic_dog	False	USA	USA	12-Nov-2012	2012-11-12	2012.863387978142	day		CFA210		False		True	1824	annotation	True	True	False	
MT932496.1	Morbillivirus canis isolate CFA205 nucleocapsid protein, phosphoprotein, C protein, matrix, fusion, hemagglutinin, and large protein genes, complete cds	15547	Canis lupus familiaris	Canis lupus familiaris	domestic_dog	False	USA	USA	07-Jun-2013	2013-06-07	2013.4301369863015	day		CFA205		False		True	1824	annotation	True	True	False	
MT932495.1	Morbillivirus canis isolate CFA204 nucleocapsid protein, phosphoprotein, C protein, matrix, fusion, hemagglutinin, and large protein genes, complete cds	15547	Canis lupus familiaris	Canis lupus familiaris	domestic_dog	False	USA	USA	24-Jun-2013	2013-06-24	2013.4767123287672	day		CFA204		False		True	1824	annotation	True	True	False	
MT932494.1	Morbillivirus canis isolate CFA203 nucleocapsid protein, phosphoprotein, C protein, matrix, fusion, hemagglutinin, and large protein genes, complete cds	15547	Canis lupus familiaris	Canis lupus familiaris	domestic_dog	False	USA	USA	22-Jan-2013	2013-01-22	2013.0575342465754	day		CFA203		False		True	1824	annotation	True	True	False	
MT932492.1	Morbillivirus canis isolate JSP1 nucleocapsid protein, phosphoprotein, C protein, matrix, fusion, hemagglutinin, and large protein genes, complete cds	15547	Jackal species	Canis sp.	wild_canid	False	Tanzania	Tanzania	20-Jul-2006	2006-07-20	2006.5479452054794	day		JSP1		False		True	1824	annotation	True	True	False	
MT932491.1	Morbillivirus canis isolate CFA209 nucleocapsid protein, phosphoprotein, C protein, matrix, fusion, hemagglutinin, and large protein genes, complete cds	15547	Canis lupus familiaris	Canis lupus familiaris	domestic_dog	False	USA	USA	12-Nov-2013	2013-11-12	2013.86301369863	day		CFA209		False		True	1824	annotation	True	True	False	
MT943490.1	Morbillivirus canis isolate PTI003 hemagglutinin gene, partial cds	717	Panthera tigris tigris	Panthera tigris	wild_felid	False	USA	USA	01-Oct-2013	2013-10-01	2013.7479452054795	day		PTI003	33.0151 N 96.5389 W	False		True	717	annotation	False	False	False	
MN698648.1	Morbillivirus canis isolate N1/PVNRTVU/2019 hemagglutinin (H) gene, complete cds	1824	Canis lupus familiaris	Canis lupus familiaris	domestic_dog	False	India	India	2019	2019	2019.5	year		N1/PVNRTVU/2019		False		True	1824	annotation	False	False	False	
MN688788.1	Morbillivirus canis isolate 26 hemagglutinin protein (H) gene, partial cds	1070	dog	Canis lupus familiaris	domestic_dog	False	India	India	2019	2019	2019.5	year		26		False		True	1070	annotation	False	False	False	
MN688787.1	Morbillivirus canis isolate 23 hemagglutinin protein (H) gene, partial cds	1070	dog	Canis lupus familiaris	domestic_dog	False	India	India	2019	2019	2019.5	year		23		False		True	1070	annotation	False	False	False	
MN688786.1	Morbillivirus canis isolate 22 hemagglutinin protein (H) gene, partial cds	1070	dog	Canis lupus familiaris	domestic_dog	False	India	India	2019	2019	2019.5	year		22		False		True	1070	annotation	False	False	False	
MN688785.1	Morbillivirus canis isolate 21 hemagglutinin protein (H) gene, partial cds	1069	dog	Canis lupus familiaris	domestic_dog	False	India	India	2019	2019	2019.5	year		21		False		True	1069	annotation	False	False	False	
MN688784.1	Morbillivirus canis isolate 20 hemagglutinin protein (H) gene, partial cds	1069	dog	Canis lupus familiaris	domestic_dog	False	India	India	2019	2019	2019.5	year		20		False		True	1069	annotation	False	False	False	
MN688783.1	Morbillivirus canis isolate 12 hemagglutinin protein (H) gene, partial cds	1069	dog	Canis lupus familiaris	domestic_dog	False	India	India	2019	2019	2019.5	year		12		False		True	1069	annotation	False	False	False	
MN688782.1	Morbillivirus canis isolate 10 hemagglutinin protein (H) gene, partial cds	1069	dog	Canis lupus familiaris	domestic_dog	False	India	India	2019	2019	2019.5	year		10		False		True	1069	annotation	False	False	False	
MN688781.1	Morbillivirus canis isolate 8 hemagglutinin protein (H) gene, partial cds	1069	dog	Canis lupus familiaris	domestic_dog	False	India	India	2019	2019	2019.5	year		8		False		True	1069	annotation	False	False	False	
MN296413.1	Morbillivirus canis strain NJ(11)2, complete genome	15690	dog	Canis lupus familiaris	domestic_dog	False	China	China	2011	2011	2011.5	year	NJ(11)2			False		True	1824	annotation	True	True	True	
MN365662.1	Canine distemper virus strain Arg24, complete genome	15650	Canis lupus familiaris	Canis lupus familiaris	domestic_dog	False	Argentina	Argentina	2005	2005	2005.5	year	Arg24	Bruno		False		True	1824	annotation	True	True	True	
MN477224.1	Morbillivirus canis isolate Kurdistan/Sul/2019 hemagglutinin (HA) gene, partial cds	669	dog	Canis lupus familiaris	domestic_dog	False	Iraq: Kurdistan, Sulaimani	Iraq	Sep-2019	2019-09	2019.7068493150684	month		Kurdistan/Sul/2019		False		True	669	annotation	False	False	False	
MN044701.1	Morbillivirus canis isolate 18VIR628 hemagglutinin (H) gene, partial cds	1680	fox	Vulpes sp.	wild_canid	False	Italy	Italy	07-Jan-2018	2018-01-07	2018.0164383561644	day		18VIR628		False		True	1680	annotation	False	False	False	
MN044700.1	Morbillivirus canis isolate 18VIR1638 hemagglutinin (H) gene, partial cds	1701	fox	Vulpes sp.	wild_canid	False	Italy	Italy	25-Feb-2018	2018-02-25	2018.150684931507	day		18VIR1638		False		True	1701	annotation	False	False	False	
MN044699.1	Morbillivirus canis isolate 18VIR1415 hemagglutinin (H) gene, partial cds	1704	fox	Vulpes sp.	wild_canid	False	Italy	Italy	14-Feb-2018	2018-02-14	2018.1205479452055	day		18VIR1415		False		True	1704	annotation	False	False	False	
MN044698.1	Morbillivirus canis isolate 18VIR1052 hemagglutinin (H) gene, partial cds	1704	fox	Vulpes sp.	wild_canid	False	Italy	Italy	07-Jan-2018	2018-01-07	2018.0164383561644	day		18VIR1052		False		True	1704	annotation	False	False	False	
MN044697.1	Morbillivirus canis isolate 18RS876 hemagglutinin (H) gene, partial cds	1650	dog	Canis lupus familiaris	domestic_dog	False	Italy	Italy	06-Apr-2018	2018-04-06	2018.2602739726028	day		18RS876		False		True	1650	annotation	False	False	False	
MN044696.1	Morbillivirus canis isolate 17VIR9748 hemagglutinin (H) gene, partial cds	1692	fox	Vulpes sp.	wild_canid	False	Italy	Italy	07-Sep-2017	2017-09-07	2017.682191780822	day		17VIR9748		False		True	1692	annotation	False	False	False	
MN044695.1	Morbillivirus canis isolate 17VIR4597 hemagglutinin (H) gene, partial cds	1692	fox	Vulpes sp.	wild_canid	False	Italy	Italy	04-Jun-2017	2017-06-04	2017.4219178082192	day		17VIR4597		False		True	1692	annotation	False	False	False	
MN044694.1	Morbillivirus canis isolate 17VIR250 hemagglutinin (H) gene, partial cds	1701	fox	Vulpes sp.	wild_canid	False	Italy	Italy	02-Jan-2017	2017-01-02	2017.0027397260274	day		17VIR250		False		True	1701	annotation	False	False	False	
MN044693.1	Morbillivirus canis isolate 17VIR10879 hemagglutinin (H) gene, partial cds	1701	badger	Meles meles	mustelid	False	Italy	Italy	13-Nov-2017	2017-11-13	2017.8657534246574	day		17VIR10879		False		True	1701	annotation	False	False	False	
MN044692.1	Morbillivirus canis isolate 17VIR10682 hemagglutinin (H) gene, partial cds	1680	badger	Meles meles	mustelid	False	Italy	Italy	16-Nov-2017	2017-11-16	2017.8739726027397	day		17VIR10682		False		True	1680	annotation	False	False	False	
MN044691.1	Morbillivirus canis isolate 16VIR8776 hemagglutinin (H) gene, partial cds	1677	fox	Vulpes sp.	wild_canid	False	Italy	Italy	15-Nov-2016	2016-11-15	2016.8715846994535	day		16VIR8776		False		True	1677	annotation	False	False	False	
MN044690.1	Morbillivirus canis isolate 16VIR3533 hemagglutinin (H) gene, partial cds	1677	fox	Vulpes sp.	wild_canid	False	Italy	Italy	07-Jun-2016	2016-06-07	2016.431693989071	day		16VIR3533		False		True	1677	annotation	False	False	False	
MN044689.1	Morbillivirus canis isolate 16VIR1584 hemagglutinin (H) gene, partial cds	1677	badger	Meles meles	mustelid	False	Italy	Italy	06-Apr-2016	2016-04-06	2016.2622950819673	day		16VIR1584		False		True	1677	annotation	False	False	False	
MN044688.1	Morbillivirus canis isolate 15VIR1429 hemagglutinin (H) gene, partial cds	1701	fox	Vulpes sp.	wild_canid	False	Italy	Italy	27-Feb-2015	2015-02-27	2015.1561643835616	day		15VIR1429		False		True	1701	annotation	False	False	False	
MN044687.1	Morbillivirus canis isolate 14VIR875 hemagglutinin (H) gene, partial cds	1704	fox	Vulpes sp.	wild_canid	False	Italy	Italy	31-Jan-2014	2014-01-31	2014.0821917808219	day		14VIR875		False		True	1704	annotation	False	False	False	
MN044686.1	Morbillivirus canis isolate 14VIR3146 hemagglutinin (H) gene, partial cds	1701	fox	Vulpes sp.	wild_canid	False	Italy	Italy	13-May-2014	2014-05-13	2014.3616438356164	day		14VIR3146		False		True	1701	annotation	False	False	False	
MN044685.1	Morbillivirus canis isolate 14VIR290 hemagglutinin (H) gene, partial cds	1704	fox	Vulpes sp.	wild_canid	False	Italy	Italy	13-Jan-2014	2014-01-13	2014.0328767123287	day		14VIR290		False		True	1704	annotation	False	False	False	
MN044684.1	Morbillivirus canis isolate 13VIR6919 hemagglutinin (H) gene, partial cds	1701	fox	Vulpes sp.	wild_canid	False	Italy	Italy	12-Nov-2013	2013-11-12	2013.86301369863	day		13VIR6919		False		True	1701	annotation	False	False	False	
MN044683.1	Morbillivirus canis isolate 13VIR5271 hemagglutinin (H) gene, partial cds	1698	fox	Vulpes sp.	wild_canid	False	Italy	Italy	29-Aug-2013	2013-08-29	2013.6575342465753	day		13VIR5271		False		True	1698	annotation	False	False	False	
MN044682.1	Morbillivirus canis isolate 13VIR4385 hemagglutinin (H) gene, partial cds	1685	fox	Vulpes sp.	wild_canid	False	Italy	Italy	09-Jul-2013	2013-07-09	2013.517808219178	day		13VIR4385		False		True	1685	annotation	False	False	False	
MN044681.1	Morbillivirus canis isolate 13VIR3745 hemagglutinin (H) gene, partial cds	1704	fox	Vulpes sp.	wild_canid	False	Italy	Italy	27-May-2013	2013-05-27	2013.4	day		13VIR3745		False		True	1704	annotation	False	False	False	
MN044680.1	Morbillivirus canis isolate 13VIR3662 hemagglutinin (H) gene, partial cds	1679	badger	Meles meles	mustelid	False	Italy	Italy	25-Jun-2013	2013-06-25	2013.4794520547946	day		13VIR3662		False		True	1679	annotation	False	False	False	
MN044679.1	Morbillivirus canis isolate 13VIR3093 hemagglutinin (H) gene, partial cds	1704	fox	Vulpes sp.	wild_canid	False	Italy	Italy	18-May-2013	2013-05-18	2013.3753424657534	day		13VIR3093		False		True	1704	annotation	False	False	False	
MN044678.1	Morbillivirus canis isolate 13VIR2559 hemagglutinin (H) gene, partial cds	1677	badger	Meles meles	mustelid	False	Italy	Italy	15-Apr-2013	2013-04-15	2013.2849315068493	day		13VIR2559		False		True	1677	annotation	False	False	False	
MN044677.1	Morbillivirus canis isolate 13VIR1506 hemagglutinin (H) gene, partial cds	1686	fox	Vulpes sp.	wild_canid	False	Italy	Italy	23-Feb-2013	2013-02-23	2013.145205479452	day		13VIR1506		False		True	1686	annotation	False	False	False	
MN044676.1	Morbillivirus canis isolate 12VIR9907 hemagglutinin (H) gene, partial cds	1704	badger	Meles meles	mustelid	False	Italy	Italy	26-Oct-2012	2012-10-26	2012.8169398907103	day		12VIR9907		False		True	1704	annotation	False	False	False	
MN044675.1	Morbillivirus canis isolate 12VIR9786 hemagglutinin (H) gene, partial cds	1704	badger	Meles meles	mustelid	False	Italy	Italy	26-Nov-2012	2012-11-26	2012.9016393442623	day		12VIR9786		False		True	1704	annotation	False	False	False	
MN044674.1	Morbillivirus canis isolate 12VIR9662 hemagglutinin (H) gene, partial cds	1704	marten	Martes sp.	mustelid	False	Italy	Italy	13-Nov-2012	2012-11-13	2012.8661202185792	day		12VIR9662		False		True	1704	annotation	False	False	False	
MN044673.1	Morbillivirus canis isolate 12VIR9546 hemagglutinin (H) gene, partial cds	1704	fox	Vulpes sp.	wild_canid	False	Italy	Italy	13-Nov-2012	2012-11-13	2012.8661202185792	day		12VIR9546		False		True	1704	annotation	False	False	False	
MN044672.1	Morbillivirus canis isolate 12VIR9527 hemagglutinin (H) gene, partial cds	1704	badger	Meles meles	mustelid	False	Italy	Italy	17-Oct-2012	2012-10-17	2012.792349726776	day		12VIR9527		False		True	1704	annotation	False	False	False	
MN044671.1	Morbillivirus canis isolate 12VIR9155 hemagglutinin (H) gene, partial cds	1704	badger	Meles meles	mustelid	False	Italy	Italy	17-Oct-2012	2012-10-17	2012.792349726776	day		12VIR9155		False		True	1704	annotation	False	False	False	
MN044670.1	Morbillivirus canis isolate 12VIR8414 hemagglutinin (H) gene, partial cds	1704	fox	Vulpes sp.	wild_canid	False	Italy	Italy	20-Sep-2012	2012-09-20	2012.7185792349726	day		12VIR8414		False		True	1704	annotation	False	False	False	
MN044669.1	Morbillivirus canis isolate 12VIR7863 hemagglutinin (H) gene, partial cds	1650	fox	Vulpes sp.	wild_canid	False	Italy	Italy	17-Sep-2012	2012-09-17	2012.7103825136612	day		12VIR7863		False		True	1650	annotation	False	False	False	
MN044668.1	Morbillivirus canis isolate 12VIR7329 hemagglutinin (H) gene, partial cds	1563	fox	Vulpes sp.	wild_canid	False	Italy	Italy	05-Sep-2012	2012-09-05	2012.6775956284152	day		12VIR7329		False		True	1563	annotation	False	False	False	
MN044667.1	Morbillivirus canis isolate 12VIR6742 hemagglutinin (H) gene, partial cds	1587	fox	Vulpes sp.	wild_canid	False	Italy	Italy	15-Aug-2012	2012-08-15	2012.620218579235	day		12VIR6742		False		True	1587	annotation	False	False	False	
MN044666.1	Morbillivirus canis isolate 12VIR6729 hemagglutinin (H) gene, partial cds	1652	badger	Meles meles	mustelid	False	Italy	Italy	18-Aug-2012	2012-08-18	2012.6284153005465	day		12VIR6729		False		True	1652	annotation	False	False	False	
MN044665.1	Morbillivirus canis isolate 12VIR6373 hemagglutinin (H) gene, partial cds	1645	fox	Vulpes sp.	wild_canid	False	Italy	Italy	04-Aug-2012	2012-08-04	2012.5901639344263	day		12VIR6373		False		True	1645	annotation	False	False	False	
MN044664.1	Morbillivirus canis isolate 12VIR6360 hemagglutinin (H) gene, partial cds	1634	fox	Vulpes sp.	wild_canid	False	Italy	Italy	02-Aug-2012	2012-08-02	2012.5846994535518	day		12VIR6360		False		True	1634	annotation	False	False	False	
MN044663.1	Morbillivirus canis isolate 12VIR3718 hemagglutinin (H) gene, partial cds	1671	fox	Vulpes sp.	wild_canid	False	Italy	Italy	06-May-2012	2012-05-06	2012.344262295082	day		12VIR3718		False		True	1671	annotation	False	False	False	
MN044662.1	Morbillivirus canis isolate 12VIR6542 hemagglutinin (H) gene, partial cds	1599	fox	Vulpes sp.	wild_canid	False	Italy	Italy	10-Aug-2012	2012-08-10	2012.6065573770493	day		12VIR6542		False		True	1599	annotation	False	False	False	
MN824467.1	Morbillivirus canis isolate KY/2018/Raccoon, partial genome	15477	raccoon	Procyon lotor	procyonid	False	USA: Kentucky	USA	2018	2018	2018.5	year		KY/2018/Raccoon		False		True	1824	annotation	True	True	False	
MT136725.1	Morbillivirus canis isolate PLE-658, partial genome	15547	Panthera leo; adult	Panthera leo	wild_felid	False	Tanzania	Tanzania	21-May-1994	1994-05-21	1994.3835616438357	day		PLE-658	2.475 S 34.805 E	False		True	1514	annotation	True	True	False	
MT136724.1	Morbillivirus canis isolate PLE-656, partial genome	15547	Panthera leo; subadult	Panthera leo	wild_felid	False	Tanzania	Tanzania	20-Feb-1994	1994-02-20	1994.13698630137	day		PLE-656	2.631 S 34.896 E	False		True	1503	annotation	True	True	False	
MT136723.1	Morbillivirus canis isolate PLE-654, complete genome	15547	Panthera leo; cub	Panthera leo	wild_felid	False	Tanzania	Tanzania	31-Jan-1994	1994-01-31	1994.0821917808219	day		PLE-654	2.401 S 34.842 E	False		True	1824	annotation	True	True	True	
MT136722.1	Morbillivirus canis isolate PLE-653, complete genome	15547	Panthera leo; subadult	Panthera leo	wild_felid	False	Tanzania	Tanzania	28-Jan-1994	1994-01-28	1994.0739726027398	day		PLE-653	2.531 S 34.886 E	False		True	1824	annotation	True	True	True	
MT136721.1	Morbillivirus canis isolate PLE-652, partial genome	15547	Panthera leo; cub	Panthera leo	wild_felid	False	Tanzania	Tanzania	30-Jul-1994	1994-07-30	1994.5753424657535	day		PLE-652	2.187 S 34.256 E	False		True	1502	annotation	True	True	False	
MT136720.1	Morbillivirus canis isolate PLE-641, complete genome	15547	Panthera leo; cub	Panthera leo	wild_felid	False	Tanzania	Tanzania	15-Nov-1994	1994-11-15	1994.8712328767124	day		PLE-641	2.712 S 34.413 E	False		True	1824	annotation	True	True	True	
MT136719.1	Morbillivirus canis isolate PLE-640, partial genome	15547	Panthera leo; subadult	Panthera leo	wild_felid	False	Tanzania	Tanzania	07-Feb-1994	1994-02-07	1994.1013698630136	day		PLE-640	2.442 S 34.817 E	False		True	1514	annotation	True	True	False	
MT136718.1	Morbillivirus canis isolate PLE-635, complete genome	15547	Panthera leo; adult	Panthera leo	wild_felid	False	Tanzania	Tanzania	18-Feb-1994	1994-02-18	1994.131506849315	day		PLE-635	2.462 S 34.886 E	False		True	1824	annotation	True	True	True	
MT136717.1	Morbillivirus canis isolate PLE-595, complete genome	15547	Panthera leo; adult	Panthera leo	wild_felid	False	Tanzania	Tanzania	03-Feb-1994	1994-02-03	1994.0904109589042	day		PLE-595	2.445 S 34.801 E	False		True	1824	annotation	True	True	True	
MT136716.1	Morbillivirus canis isolate PLE-589, complete genome	15547	Panthera leo; subadult	Panthera leo	wild_felid	False	Tanzania	Tanzania	22-Jan-1994	1994-01-22	1994.0575342465754	day		PLE-589	2.437 S 34.803 E	False		True	1824	annotation	True	True	True	
MT136713.1	Morbillivirus canis isolate CFA-54, complete genome	15547	Canis lupus familiaris; subadult	Canis lupus familiaris	domestic_dog	False	Tanzania	Tanzania	18-Nov-1994	1994-11-18	1994.8794520547945	day		CFA-54	3.227 S 35.466 E	False		True	1824	annotation	True	True	True	
MT136712.1	Morbillivirus canis isolate CFA-52, complete genome	15547	Canis lupus familiaris; adult	Canis lupus familiaris	domestic_dog	False	Tanzania	Tanzania	23-Aug-1994	1994-08-23	1994.641095890411	day		CFA-52	2.909 S 35.746 E	False		True	1824	annotation	True	True	True	
MT136711.1	Morbillivirus canis isolate CFA-51, complete genome	15547	Canis lupus familiaris	Canis lupus familiaris	domestic_dog	False	Tanzania	Tanzania	09-Sep-1994	1994-09-09	1994.6876712328767	day		CFA-51	2.909 S 35.746 E	False		True	1824	annotation	True	True	True	
MT136710.1	Morbillivirus canis isolate CCR-282, complete genome	15547	Crocuta crocuta; fetus	Crocuta crocuta	other	False	Tanzania	Tanzania	18-Jan-1994	1994-01-18	1994.0465753424658	day		CCR-282	2.447 S 34.796 E	False		True	1824	annotation	True	True	True	
MT136709.1	Morbillivirus canis isolate CCR-12, complete genome	15547	Crocuta crocuta; cub	Crocuta crocuta	other	False	Tanzania	Tanzania	09-Jul-1994	1994-07-09	1994.517808219178	day		CCR-12	2.787 S 34.979 E	False		True	1824	annotation	True	True	True	
MT136708.1	Morbillivirus canis isolate CCR-11, complete genome	15547	Crocuta crocuta; cub	Crocuta crocuta	other	False	Tanzania	Tanzania	03-Jul-1994	1994-07-03	1994.5013698630137	day		CCR-11	2.199 S 34.076 E	False		True	1824	annotation	True	True	True	
MT136707.1	Morbillivirus canis isolate CCR-10, complete genome	15547	Crocuta crocuta; cub	Crocuta crocuta	other	False	Tanzania	Tanzania	20-Jun-1994	1994-06-20	1994.4657534246576	day		CCR-10	2.125 S 35.046 E	False		True	1824	annotation	True	True	True	
MT136706.1	Morbillivirus canis isolate CCR-7, complete genome	15547	Crocuta crocuta; subadult	Crocuta crocuta	other	False	Tanzania	Tanzania	23-Dec-1993	1993-12-23	1993.9753424657533	day		CCR-7	2.284 S 34.468 E	False		True	1824	annotation	True	True	True	
MT136705.1	Morbillivirus canis isolate CCR-6, complete genome	15547	Crocuta crocuta; subadult	Crocuta crocuta	other	False	Tanzania	Tanzania	20-Dec-1993	1993-12-20	1993.9671232876713	day		CCR-6	2.447 S 34.796 E	False		True	1824	annotation	True	True	True	
MK541909.1	Morbillivirus canis strain AF78637 hemagglutinin gene, complete cds	2701	Vulpes lagopus	Vulpes sp.	wild_canid	False	USA: Alaska	USA	08-May-2012	2012-05-08	2012.3497267759562	day	AF78637			False		True	1824	annotation	False	False	False	
MH484613.1	Morbillivirus canis isolate CDV Kiki, complete genome	15662	Canis lupus familiaris	Canis lupus familiaris	domestic_dog	False	Brazil	Brazil	2017	2017	2017.5	year		CDV Kiki		False		True	1824	annotation	True	True	True	
MH813463.1	Morbillivirus canis strain ZRU212/15 hemagglutinin gene, complete cds	1824	Canis lupus familiaris	Canis lupus familiaris	domestic_dog	False	South Africa	South Africa	12-Nov-2015	2015-11-12	2015.86301369863	day	ZRU212/15			False		True	1824	annotation	False	False	False	
MK169401.1	Morbillivirus canis strain FELeopard2015H hemagglutinin gene, complete cds	1970	Panthera pardus orientalis	Panthera pardus orientalis	wild_felid	False	Russia: Primorye	Russia	25-May-2015	2015-05-25	2015.3945205479451	day	FELeopard2015H			False		True	1824	annotation	False	False	False	
MN326827.1	Morbillivirus canis isolate ZC1310M, complete genome	15690	Neovison vison (mink)	Neovison vison	mustelid	False	China	China	Oct-2013	2013-10	2013.7890410958903	month		ZC1310M		False		True	1824	annotation	True	True	True	
MK882984.1	Canine distemper virus isolate ID136601.4 hemagglutinin (H) gene, partial cds	543	Canis lupus	Canis lupus	wild_canid	False	Italy	Italy	Dec-2018	2018-12	2018.9561643835616	month		ID136601.4		False		True	543	annotation	False	False	False	
MK882983.1	Canine distemper virus isolate ID136601.3 hemagglutinin (H) gene, partial cds	542	Canis lupus	Canis lupus	wild_canid	False	Italy	Italy	Dec-2018	2018-12	2018.9561643835616	month		ID136601.3		False		True	542	annotation	False	False	False	
MK882982.1	Canine distemper virus isolate ID136601.2 hemagglutinin (H) gene, partial cds	543	Canis lupus	Canis lupus	wild_canid	False	Italy	Italy	Dec-2018	2018-12	2018.9561643835616	month		ID136601.2		False		True	543	annotation	False	False	False	
MK882981.1	Morbillivirus canis isolate ID136601.1 hemagglutinin (H) gene, partial cds	542	Canis lupus	Canis lupus	wild_canid	False	Italy	Italy	Dec-2018	2018-12	2018.9561643835616	month		ID136601.1		False		True	542	annotation	False	False	False	
MK037469.1	Morbillivirus canis isolate MCL-18-Li-11/2, partial genome	15792	lion	Panthera leo	wild_felid	False	India: Gir district, Gujarat State	India	2018	2018	2018.5	year		MCL-18-Li-11/2		False		True	1824	annotation	True	True	False	
MK037468.1	Morbillivirus canis isolate MCL-18-Li-11/1, partial genome	15882	lion	Panthera leo	wild_felid	False	India: Gir district, Gujarat State	India	2018	2018	2018.5	year		MCL-18-Li-11/1		False		True	1824	annotation	True	True	False	
MK037467.1	Morbillivirus canis isolate MCL-18-Li-10/3, complete genome	15875	lion	Panthera leo	wild_felid	False	India: Gir district, Gujarat State	India	2018	2018	2018.5	year		MCL-18-Li-10/3		False		True	1824	annotation	True	True	True	
MK037466.1	Morbillivirus canis isolate MCL-18-Li-9/3, partial genome	15877	lion	Panthera leo	wild_felid	False	India: Gir district, Gujarat State	India	2018	2018	2018.5	year		MCL-18-Li-9/3		False		True	1824	annotation	True	True	False	
MK037465.1	Morbillivirus canis isolate MCL-18-Li-9/2, partial genome	15674	lion	Panthera leo	wild_felid	False	India: Gir district, Gujarat State	India	2018	2018	2018.5	year		MCL-18-Li-9/2		False		True	1824	annotation	True	True	False	
MK037464.1	Morbillivirus canis isolate MCL-18-Li-10/1, partial genome	15665	lion	Panthera leo	wild_felid	False	India: Gir district, Gujarat State	India	2018	2018	2018.5	year		MCL-18-Li-10/1		False		True	1824	annotation	True	True	False	
MK037463.1	Morbillivirus canis isolate MCL-18-Li-12/3, partial genome	15865	lion cub	Panthera leo	wild_felid	False	India: Gir district, Gujarat State	India	2018	2018	2018.5	year		MCL-18-Li-12/3		False		True	1824	annotation	True	True	False	
MK037462.1	Morbillivirus canis isolate MCL-18-Li-12/1, partial genome	15837	lion cub	Panthera leo	wild_felid	False	India: Gir district, Gujarat State	India	2018	2018	2018.5	year		MCL-18-Li-12/1		False		True	1824	annotation	True	True	False	
MK037461.1	Morbillivirus canis isolate MCL-18-Li-10/2, complete genome	15875	lion	Panthera leo	wild_felid	False	India: Gir district, Gujarat State	India	2018	2018	2018.5	year		MCL-18-Li-10/2		False		True	1824	annotation	True	True	True	
MK037460.1	Morbillivirus canis isolate MCL-18-Li-9/1, partial genome	15673	lion	Panthera leo	wild_felid	False	India: Gir district, Gujarat State	India	2018	2018	2018.5	year		MCL-18-Li-9/1		False		True	1824	annotation	True	True	False	
MK037459.1	Morbillivirus canis isolate MCL-18-Li-1/1, complete genome	15675	lion	Panthera leo	wild_felid	False	India: Gir district, Gujarat State	India	2018	2018	2018.5	year		MCL-18-Li-1/1		False		True	1824	annotation	True	True	True	
MN335912.1	Canine distemper virus isolate CCR 111 haemagglutinin protein (H) gene, complete cds	2008	hyena	Crocuta crocuta	other	False	Tanzania	Tanzania	03-Jul-1994	1994-07-03	1994.5013698630137	day		CCR 111		False		True	1824	annotation	False	False	False	
MN335911.1	Canine distemper virus isolate PLE 6411 haemagglutinin protein gene, partial cds	954	lion	Panthera leo	wild_felid	False	Tanzania	Tanzania	18-Nov-1994	1994-11-18	1994.8794520547945	day		PLE 6411		False		True	911	annotation	False	False	False	
MN335910.1	Canine distemper virus isolate CCR 71 haemagglutinin protein gene, partial cds	944	hyena	Crocuta crocuta	other	False	Tanzania	Tanzania	23-Dec-1993	1993-12-23	1993.9753424657533	day		CCR 71		False		True	902	annotation	False	False	False	
MN335909.1	Canine distemper virus isolate A94-11/15 haemagglutinin protein (H) gene, partial cds	740	domestic dog	Canis lupus familiaris	domestic_dog	False	Tanzania	Tanzania	1994	1994	1994.5	year		A94-11/15		False		True	740	annotation	False	False	False	
MN335908.1	Canine distemper virus isolate OME 81 haemagglutinin protein gene, partial cds	943	bat-eared fox	Vulpes vulpes	wild_canid	False	Tanzania	Tanzania	16-Jul-1994	1994-07-16	1994.5369863013698	day		OME 81		False		True	899	annotation	False	False	False	
MN267066.1	Morbillivirus canis isolate PC00-21, complete genome	15690	Caspian seal	Phoca sp.	pinniped	False	Azerbaijan: Caspian Sea	Azerbaijan	2000	2000	2000.5	year		PC00-21		False		True	1824	annotation	True	True	True	
MN267065.1	Morbillivirus canis isolate PC00-20, complete genome	15690	Caspian seal	Phoca sp.	pinniped	False	Kazakhstan: Caspian Sea	Kazakhstan	2000	2000	2000.5	year		PC00-20		False		True	1824	annotation	True	True	True	
MN267064.1	Morbillivirus canis isolate PC00-46, complete genome	15690	Caspian seal	Phoca sp.	pinniped	False	Kazakhstan: Caspian Sea	Kazakhstan	2000	2000	2000.5	year		PC00-46		False		True	1824	annotation	True	True	True	
MN267063.1	Morbillivirus canis isolate PS88-428, complete genome	15690	Baikal seal	Phoca sp.	pinniped	False	Russia: Baikal Sea	Russia	1988	1988	1988.5	year		PS88-428		False		True	1824	annotation	True	True	True	
MN267062.1	Morbillivirus canis isolate S466, complete genome	15690	Raccoon	Procyon lotor	procyonid	False	Germany	Germany	2015	2015	2015.5	year		S466		False		True	1824	annotation	True	True	True	
MN267061.1	Morbillivirus canis isolate S272, complete genome	15690	fox	Vulpes sp.	wild_canid	False	Germany	Germany	2016	2016	2016.5	year		S272		False		True	1824	annotation	True	True	True	
MN267060.1	Morbillivirus canis isolate S460, complete genome	15690	Raccoon	Procyon lotor	procyonid	False	Germany	Germany	2015	2015	2015.5	year		S460		False		True	1824	annotation	True	True	True	
MK617353.1	Morbillivirus canis isolate D/Mde_2a/CO/2017 hemagglutinin mRNA, complete cds	1824	dog	Canis lupus familiaris	domestic_dog	False	Colombia	Colombia	2017	2017	2017.5	year		D/Mde_2a/CO/2017		False		True	1824	annotation	False	False	False	
MK617352.1	Morbillivirus canis isolate D/Mde_16a/CO/2017 hemagglutinin mRNA, complete cds	1824	dog	Canis lupus familiaris	domestic_dog	False	Colombia	Colombia	2017	2017	2017.5	year		D/Mde_16a/CO/2017		False		True	1824	annotation	False	False	False	
MK617351.1	Morbillivirus canis isolate D/Mde_13b/CO/2017 hemagglutinin mRNA, complete cds	1824	dog	Canis lupus familiaris	domestic_dog	False	Colombia	Colombia	2017	2017	2017.5	year		D/Mde_13b/CO/2017		False		True	1824	annotation	False	False	False	
MK617350.1	Morbillivirus canis isolate D/Mde_2aP/CO/2017 hemagglutinin mRNA, complete cds	1824	dog	Canis lupus familiaris	domestic_dog	False	Colombia	Colombia	2017	2017	2017.5	year		D/Mde_2aP/CO/2017		False		True	1824	annotation	False	False	False	
MK617349.1	Morbillivirus canis isolate D/Mde_18a/CO/2017 hemagglutinin mRNA, complete cds	1824	dog	Canis lupus familiaris	domestic_dog	False	Colombia	Colombia	2017	2017	2017.5	year		D/Mde_18a/CO/2017		False		True	1824	annotation	False	False	False	
MK617348.1	Morbillivirus canis isolate D/Mde_1aM/CO/2017 hemagglutinin mRNA, complete cds	1824	dog	Canis lupus familiaris	domestic_dog	False	Colombia	Colombia	2017	2017	2017.5	year		D/Mde_1aM/CO/2017		False		True	1824	annotation	False	False	False	
MK423863.1	Morbillivirus canis strain H_CDV_A5_PE hemagglutinin gene, complete cds	1824	dog	Canis lupus familiaris	domestic_dog	False	Brazil	Brazil	Jul-2018	2018-07	2018.5369863013698	month	H_CDV_A5_PE			False		True	1824	annotation	False	False	False	
MK423862.1	Morbillivirus canis strain H_CDV_A10_PE hemagglutinin gene, complete cds	1824	dog	Canis lupus familiaris	domestic_dog	False	Brazil	Brazil	Jul-2018	2018-07	2018.5369863013698	month	H_CDV_A10_PE			False		True	1824	annotation	False	False	False	
MK423861.1	Morbillivirus canis strain H_CDV_A16_PE hemagglutinin gene, complete cds	1824	dog	Canis lupus familiaris	domestic_dog	False	Brazil	Brazil	Jul-2018	2018-07	2018.5369863013698	month	H_CDV_A16_PE			False		True	1824	annotation	False	False	False	
MK423860.1	Morbillivirus canis strain H_CDV_A2_MG hemagglutinin gene, complete cds	1824	dog	Canis lupus familiaris	domestic_dog	False	Brazil	Brazil	Jul-2018	2018-07	2018.5369863013698	month	H_CDV_A2_MG			False		True	1824	annotation	False	False	False	
MK423859.1	Morbillivirus canis strain H_CDV_A8_PE hemagglutinin gene, complete cds	1824	dog	Canis lupus familiaris	domestic_dog	False	Brazil	Brazil	Jul-2018	2018-07	2018.5369863013698	month	H_CDV_A8_PE			False		True	1824	annotation	False	False	False	
MK408454.1	Morbillivirus canis isolate SDZC(17)M2, complete genome	15690	mink	Neovison vison	mustelid	False	China: Shandong	China	Jun-2017	2017-06	2017.454794520548	month		SDZC(17)M2		False		True	1824	annotation	True	True	True	
MK408453.1	Morbillivirus canis isolate LNDL(17)M4, complete genome	15690	mink	Neovison vison	mustelid	False	China: Liaoning	China	Jun-2017	2017-06	2017.454794520548	month		LNDL(17)M4		False		True	1824	annotation	True	True	True	
MK487379.1	Morbillivirus canis isolate 96 America-5 hemagglutinin gene, complete cds	1920	Raccoon	Procyon lotor	procyonid	False	USA: MS	USA	2016	2016	2016.5	year		96 America-5		False		True	1824	annotation	False	False	False	
MK487378.1	Morbillivirus canis isolate 93 America-5 hemagglutinin gene, partial cds	1105	Red panda	Ailurus fulgens	ailurid	False	USA: MS	USA	2016	2016	2016.5	year		93 America-5		False		True	1105	annotation	False	False	False	
MK473366.1	Morbillivirus canis isolate 90 America-5 hemagglutinin gene, complete cds	1926	Fox	Vulpes sp.	wild_canid	False	USA: MS	USA	2017	2017	2017.5	year		90 America-5		False		True	1824	annotation	False	False	False	
MK473365.1	Morbillivirus canis isolate 89 America-5 hemagglutinin gene, complete cds	1924	Fox	Vulpes sp.	wild_canid	False	USA:MS	USA	2017	2017	2017.5	year		89 America-5		False		True	1824	annotation	False	False	False	
MK473364.1	Morbillivirus canis isolate 87 America-5 hemagglutinin gene, complete cds	1922	Fox	Vulpes sp.	wild_canid	False	USA: MS	USA	2017	2017	2017.5	year		87 America-5		False		True	1824	annotation	False	False	False	
MH496779.1	Canine distemper virus isolate CDV6_TH/2014, complete genome	15683	dog	Canis lupus familiaris	domestic_dog	False	Thailand	Thailand	2014	2014	2014.5	year		CDV6_TH/2014		False		True	1824	annotation	True	True	True	
MH496778.1	Canine distemper virus isolate CDV5_TH/2014, complete genome	15671	dog	Canis lupus familiaris	domestic_dog	False	Thailand	Thailand	2014	2014	2014.5	year		CDV5_TH/2014		False		True	1824	annotation	True	True	True	
MH496777.1	Canine distemper virus isolate CDV8_TH/2014, complete genome	15690	dog	Canis lupus familiaris	domestic_dog	False	Thailand	Thailand	2014	2014	2014.5	year		CDV8_TH/2014		False		True	1824	annotation	True	True	True	
MH496776.1	Canine distemper virus isolate CDV7_TH/2014, complete genome	15690	dog	Canis lupus familiaris	domestic_dog	False	Thailand	Thailand	2014	2014	2014.5	year		CDV7_TH/2014		False		True	1824	annotation	True	True	True	
MH496775.1	Canine distemper virus isolate CDV4_TH/2014, complete genome	15690	dog	Canis lupus familiaris	domestic_dog	False	Thailand	Thailand	2014	2014	2014.5	year		CDV4_TH/2014		False		True	1824	annotation	True	True	True	
MH496773.1	Canine distemper virus isolate CDV2_TH/2014, complete genome	15690	dog	Canis lupus familiaris	domestic_dog	False	Thailand	Thailand	2014	2014	2014.5	year		CDV2_TH/2014		False		True	1824	annotation	True	True	True	
MH496772.1	Canine distemper virus isolate CDV1_TH/2014, complete genome	15690	dog	Canis lupus familiaris	domestic_dog	False	Thailand	Thailand	2014	2014	2014.5	year		CDV1_TH/2014		False		True	1824	annotation	True	True	True	
MK431532.1	Morbillivirus canis isolate Asia-1/Canine/NTU 2005-1, complete genome	15690	dog	Canis lupus familiaris	domestic_dog	False	Taiwan	Taiwan	Mar-2005	2005-03	2005.2027397260274	month		Asia-1/Canine/NTU 2005-1		False		True	1824	annotation	True	True	True	
MH644855.1	Morbillivirus canis isolate fisher A hemagglutinin gene, partial cds	1594	Martes pennanti (fisher)	Martes sp.	mustelid	False	USA: New England, New Hampshire	USA	22-Dec-2016	2016-12-22	2016.9726775956285	day		fisher A		False		True	1492	annotation	False	False	False	
MH644854.1	Morbillivirus canis isolate fisher C hemagglutinin gene, partial cds	1594	Martes pennanti (fisher)	Martes sp.	mustelid	False	USA: New England, New Hampshire	USA	21-Apr-2017	2017-04-21	2017.3013698630136	day		fisher C		False		True	1492	annotation	False	False	False	
MH644853.1	Morbillivirus canis isolate fisher B hemagglutinin gene, partial cds	1594	Martes pennanti (fisher)	Martes sp.	mustelid	False	USA: New England, New Hampshire	USA	22-Dec-2016	2016-12-22	2016.9726775956285	day		fisher B		False		True	1492	annotation	False	False	False	
MH644852.1	Morbillivirus canis isolate mink hemagglutinin gene, partial cds	1595	Neovison vison (mink)	Neovison vison	mustelid	False	USA: New England, New Hampshire	USA	30-Aug-2017	2017-08-30	2017.6602739726027	day		mink		False		True	1493	annotation	False	False	False	
MH644851.1	Morbillivirus canis isolate raccoon hemagglutinin gene, partial cds	1576	Procyon lotor (raccoon)	Procyon lotor	procyonid	False	USA: New England, Vermont	USA	03-Mar-2017	2017-03-03	2017.1671232876713	day		raccoon		False		True	1492	annotation	False	False	False	
MH644850.1	Morbillivirus canis isolate skunk hemagglutinin gene, partial cds	1200	Mephitis mephitis (skunk)	Mephitis mephitis	mustelid	False	USA: New England, Vermont	USA	12-May-2016	2016-05-12	2016.360655737705	day		skunk		False		True	1098	annotation	False	False	False	
MH644849.1	Morbillivirus canis isolate grey fox A hemagglutinin gene, partial cds	1576	Urocyon cinereoargenteus (grey fox)	Urocyon cinereoargenteus	wild_canid	False	USA: New England, Vermont	USA	18-Mar-2016	2016-03-18	2016.2103825136612	day		grey fox A		False		True	1492	annotation	False	False	False	
MH644848.1	Morbillivirus canis isolate grey fox B hemagglutinin gene, partial cds	1200	Urocyon cinereoargenteus (grey fox)	Urocyon cinereoargenteus	wild_canid	False	USA: New England, Vermont	USA	07-Oct-2016	2016-10-07	2016.7650273224044	day		grey fox B		False		True	1098	annotation	False	False	False	
MG952929.1	Canine distemper virus strain Arg 40 hemagglutinin gene, complete cds	1824	Canis lupus familiaris	Canis lupus familiaris	domestic_dog	False	Argentina	Argentina	Nov-2010	2010-11	2010.8739726027397	month	Arg 40	Cocker dorado		False		True	1824	annotation	False	False	False	
MG952928.1	Canine distemper virus strain Arg 39 hemagglutinin gene, complete cds	1824	Canis lupus familiaris	Canis lupus familiaris	domestic_dog	False	Argentina	Argentina	Apr-2014	2014-04	2014.2876712328766	month	Arg 39	Pampa		False		True	1824	annotation	False	False	False	
MG952927.1	Canine distemper virus strain Arg 30 hemagglutinin gene, complete cds	1824	Canis lupus familiaris	Canis lupus familiaris	domestic_dog	False	Argentina	Argentina	Jun-2012	2012-06	2012.4562841530055	month	Arg 30	Teo		False		True	1824	annotation	False	False	False	
KP769803.1	Morbillivirus canis strain Asia-1/Giant panda-SX/Shaanxi/2015, complete genome	15690	giant panda	Ailuropoda melanoleuca	ursid	False	China	China	31-Dec-2014	2014-12-31	2014.9972602739726	day	Asia-1/Giant panda-SX/Shaanxi/2015			False		True	1824	annotation	True	True	True	
MF663674.1	Morbillivirus canis isolate CDV_IZSSI_36770PA_2016 hemagglutinin (H) gene, complete cds	1824	dog	Canis lupus familiaris	domestic_dog	False	Italy	Italy	10-Jan-2016	2016-01-10	2016.0245901639344	day		CDV_IZSSI_36770PA_2016		False		True	1824	annotation	False	False	False	
MF663673.1	Morbillivirus canis isolate IZSSI_37465CT_2016 hemagglutinin (H) gene, complete cds	1824	dog	Canis lupus familiaris	domestic_dog	False	Italy	Italy	12-Jan-2016	2016-01-12	2016.0300546448088	day		IZSSI_37465CT_2016		False		True	1824	annotation	False	False	False	
KX943326.1	Canine distemper virus isolate 47586c8_2015 hemagglutinin (H) gene, complete cds	1824	dog	Canis lupus familiaris	domestic_dog	False	Italy	Italy	21-Oct-2015	2015-10-21	2015.8027397260273	day		47586c8_2015		False		True	1824	annotation	False	False	False	
KX943325.1	Canine distemper virus isolate 45182_2015 hemagglutinin (H) gene, complete cds	1824	dog	Canis lupus familiaris	domestic_dog	False	Italy	Italy	08-Oct-2015	2015-10-08	2015.7671232876712	day		45182_2015		False		True	1824	annotation	False	False	False	
KX943324.1	Canine distemper virus isolate 25130_2015 hemagglutinin (H) gene, complete cds	1824	dog	Canis lupus familiaris	domestic_dog	False	Italy	Italy	27-May-2015	2015-05-27	2015.4	day		25130_2015		False		True	1824	annotation	False	False	False	
KX943323.1	Canine distemper virus isolate 8387cucciolo_2015 hemagglutinin (H) gene, complete cds	1824	dog	Canis lupus familiaris	domestic_dog	False	Italy	Italy	25-Feb-2015	2015-02-25	2015.150684931507	day		8387cucciolo_2015		False		True	1824	annotation	False	False	False	
KX943322.1	Canine distemper virus isolate 3315CT_2016 hemagglutinin (H) gene, complete cds	1824	dog	Canis lupus familiaris	domestic_dog	False	Italy	Italy	01-Jun-2016	2016-06-01	2016.4153005464482	day		3315CT_2016		False		True	1824	annotation	False	False	False	
KX943321.1	Canine distemper virus isolate 3853CT_2016 hemagglutinin (H) gene, complete cds	1824	dog	Canis lupus familiaris	domestic_dog	False	Italy	Italy	29-Jun-2016	2016-06-29	2016.4918032786886	day		3853CT_2016		False		True	1824	annotation	False	False	False	
KX943320.1	Canine distemper virus isolate IZSSI_980PA_2016 hemagglutinin (H) gene, complete cds	1824	dog	Canis lupus familiaris	domestic_dog	False	Italy	Italy	18-Jan-2016	2016-01-18	2016.0464480874316	day		IZSSI_980PA_2016		False		True	1824	annotation	False	False	False	
KX943319.1	Canine distemper virus isolate IZSSI_285PA_2016 hemagglutinin (H) gene, complete cds	1824	dog	Canis lupus familiaris	domestic_dog	False	Italy	Italy	12-Jan-2016	2016-01-12	2016.0300546448088	day		IZSSI_285PA_2016		False		True	1824	annotation	False	False	False	
MH053386.1	Morbillivirus canis isolate CDV/MP/Panthera tigris/IVRI/2015 hemagglutinin (HA) mRNA, partial cds	513	tiger	Panthera tigris	wild_felid	False	India	India	May-2015	2015-05	2015.3698630136987	month		CDV/MP/Panthera tigris/IVRI/2015		False		True	513	annotation	False	False	False	
MH430949.1	Morbillivirus canis isolate PS88-428_H hemagglutinin protein mRNA, complete cds	1824	Baikal seal	Phoca sp.	pinniped	False	Russia	Russia	1988	1988	1988.5	year		PS88-428_H		False		True	1824	annotation	False	False	False	
MH430948.1	Morbillivirus canis isolate S443-16_H hemagglutinin protein mRNA, complete cds	1824	dog	Canis lupus familiaris	domestic_dog	False	Germany	Germany	2016	2016	2016.5	year		S443-16_H		False		True	1824	annotation	False	False	False	
MG990935.1	Morbillivirus canis isolate leopard-278 hemagglutinin (H) mRNA, partial cds	521	leopard	Panthera pardus	wild_felid	False	India	India	17-Feb-2016	2016-02-17	2016.1284153005465	day		leopard-278		False		True	521	annotation	False	False	False	
MH337872.1	Morbillivirus canis isolate SD16F, complete genome	15690	fox	Vulpes sp.	wild_canid	False	China	China	Jul-2016	2016-07	2016.5382513661202	month		SD16F		False		True	1824	annotation	True	True	True	
MH118279.1	Morbillivirus canis isolate GD177 hemagglutinin gene, partial cds	1812	canine	Canis lupus familiaris	domestic_dog	False	China	China	2017	2017	2017.5	year		GD177		False		True	1812	annotation	False	False	False	
MH118278.1	Morbillivirus canis isolate GD176 hemagglutinin gene, partial cds	1812	canine	Canis lupus familiaris	domestic_dog	False	China	China	2017	2017	2017.5	year		GD176		False		True	1812	annotation	False	False	False	
MH118277.1	Morbillivirus canis isolate GD175 hemagglutinin gene, partial cds	1812	canine	Canis lupus familiaris	domestic_dog	False	China	China	2017	2017	2017.5	year		GD175		False		True	1812	annotation	False	False	False	
MH118276.1	Morbillivirus canis isolate GD174 hemagglutinin gene, partial cds	1831	canine	Canis lupus familiaris	domestic_dog	False	China	China	2017	2017	2017.5	year		GD174		False		True	1831	annotation	False	False	False	
MH118275.1	Morbillivirus canis isolate GD173 hemagglutinin gene, partial cds	1815	canine	Canis lupus familiaris	domestic_dog	False	China	China	2017	2017	2017.5	year		GD173		False		True	1815	annotation	False	False	False	
MH118274.1	Morbillivirus canis isolate GD172 hemagglutinin gene, partial cds	1804	canine	Canis lupus familiaris	domestic_dog	False	China	China	2017	2017	2017.5	year		GD172		False		True	1804	annotation	False	False	False	
MH316137.1	Morbillivirus canis isolate CDV1747 ITL2018, complete genome	15690	Canis lupus	Canis lupus	wild_canid	False	Italy: Isernia	Italy	02-Mar-2018	2018-03-02	2018.164383561644	day		CDV1747 ITL2018		False		True	1824	annotation	True	True	True	
MH091812.1	Morbillivirus canis isolate GD171 hemagglutinin gene, partial cds	1812	canine	Canis lupus familiaris	domestic_dog	False	China	China	2017	2017	2017.5	year		GD171		False		True	1812	annotation	False	False	False	
MG672453.1	Morbillivirus canis isolate Fox_Alaska_6 hemagglutinin (H) gene, partial cds	516	Arctic foxes	Vulpes lagopus	wild_canid	False	USA: Alaska	USA	2012	2012	2012.5	year		Fox_Alaska_6		False		True	516	annotation	False	False	False	
MG672452.1	Morbillivirus canis isolate Fox_Alaska_9 hemagglutinin (H) gene, partial cds	558	Arctic foxes	Vulpes lagopus	wild_canid	False	USA: Alaska	USA	2012	2012	2012.5	year		Fox_Alaska_9		False		True	558	annotation	False	False	False	
MG672451.1	Morbillivirus canis isolate Fox_Alaska_8 hemagglutinin (H) gene, partial cds	530	Arctic foxes	Vulpes lagopus	wild_canid	False	USA: Alaska	USA	2012	2012	2012.5	year		Fox_Alaska_8		False		True	530	annotation	False	False	False	
MG672450.1	Morbillivirus canis isolate Fox_Alaska_7 hemagglutinin (H) gene, partial cds	520	Arctic foxes	Vulpes lagopus	wild_canid	False	USA: Alaska	USA	2012	2012	2012.5	year		Fox_Alaska_7		False		True	520	annotation	False	False	False	
MG672449.1	Morbillivirus canis isolate Fox_Alaska_10 hemagglutinin (H) gene, partial cds	513	Arctic foxes	Vulpes lagopus	wild_canid	False	USA: Alaska	USA	2012	2012	2012.5	year		Fox_Alaska_10		False		True	513	annotation	False	False	False	
MH810099.1	Morbillivirus canis strain 134 hemagglutinin (H) mRNA, complete cds	1947	dog	Canis lupus familiaris	domestic_dog	False	USA: Georgia	USA	21-Dec-2017	2017-12-21	2017.9698630136986	day	134			False		True	1947	annotation	False	False	False	
MF467747.1	Morbillivirus canis isolate Z10 hemagglutinin (H) gene, partial cds	1815	Domestic dog	Canis lupus familiaris	domestic_dog	False	South Africa	South Africa	2016	2016	2016.5	year		Z10		False		True	1815	annotation	False	False	False	
MF467746.1	Morbillivirus canis isolate Z7 hemagglutinin (H) gene, partial cds	1815	Lion	Panthera leo	wild_felid	False	South Africa	South Africa	2015	2015	2015.5	year		Z7		False		True	1815	annotation	False	False	False	
MF467745.1	Morbillivirus canis isolate Z6 hemagglutinin (H) gene, partial cds	1815	Lion	Panthera leo	wild_felid	False	South Africa	South Africa	2015	2015	2015.5	year		Z6		False		True	1815	annotation	False	False	False	
MF467744.1	Morbillivirus canis isolate Z4 hemagglutinin (H) gene, partial cds	1815	Brown Hyena	Crocuta crocuta	other	False	South Africa	South Africa	2015	2015	2015.5	year		Z4		False		True	1815	annotation	False	False	False	
MF467743.1	Morbillivirus canis isolate Z11 hemagglutinin (H) gene, partial cds	1815	African wild dog	Lycaon pictus	wild_canid	False	South Africa	South Africa	2016	2016	2016.5	year		Z11		False		True	1815	annotation	False	False	False	
MF467742.1	Morbillivirus canis isolate Z1 hemagglutinin (H) gene, partial cds	1815	African wild dog	Lycaon pictus	wild_canid	False	South Africa	South Africa	2016	2016	2016.5	year		Z1		False		True	1815	annotation	False	False	False	
MF467741.1	Morbillivirus canis isolate Z13 hemagglutinin (H) gene, partial cds	1815	African wild dog	Lycaon pictus	wild_canid	False	South Africa	South Africa	2016	2016	2016.5	year		Z13		False		True	1815	annotation	False	False	False	
MF467740.1	Morbillivirus canis isolate Z2 hemagglutinin (H) gene, partial cds	1815	African wild dog	Lycaon pictus	wild_canid	False	South Africa	South Africa	2016	2016	2016.5	year		Z2		False		True	1815	annotation	False	False	False	
MF467739.1	Morbillivirus canis isolate Z9 hemagglutinin (H) gene, partial cds	1815	African wild dog	Lycaon pictus	wild_canid	False	South Africa	South Africa	2016	2016	2016.5	year		Z9		False		True	1815	annotation	False	False	False	
MF467738.1	Morbillivirus canis isolate Z15 hemagglutinin (H) gene, partial cds	1815	African wild dog	Lycaon pictus	wild_canid	False	South Africa	South Africa	2016	2016	2016.5	year		Z15		False		True	1815	annotation	False	False	False	
MF964190.1	Morbillivirus canis isolate palm civet/2016 hemagglutinin gene, complete cds	1824	palm civet cat	Viverridae sp.	viverrid	False	India	India	2016	2016	2016.5	year		palm civet/2016		False		True	1824	annotation	False	False	False	
MF964187.1	Morbillivirus canis isolate D12-4085/2016 hemagglutinin gene, complete cds	1824	dog	Canis lupus familiaris	domestic_dog	False	India	India	2016	2016	2016.5	year		D12-4085/2016		False		True	1824	annotation	False	False	False	
MF964186.1	Morbillivirus canis isolate D11-5464/2016 hemagglutinin gene, complete cds	1824	dog	Canis lupus familiaris	domestic_dog	False	India	India	2016	2016	2016.5	year		D11-5464/2016		False		True	1824	annotation	False	False	False	
MF964185.1	Morbillivirus canis isolate D9-4988/2016 hemagglutinin gene, complete cds	1824	dog	Canis lupus familiaris	domestic_dog	False	India	India	2016	2016	2016.5	year		D9-4988/2016		False		True	1824	annotation	False	False	False	
MF964184.1	Morbillivirus canis isolate D8-4364/2016 hemagglutinin gene, complete cds	1824	dog	Canis lupus familiaris	domestic_dog	False	India	India	2016	2016	2016.5	year		D8-4364/2016		False		True	1824	annotation	False	False	False	
MF964183.1	Morbillivirus canis isolate D5-7047/2015 hemagglutinin gene, complete cds	1824	dog	Canis lupus familiaris	domestic_dog	False	India	India	2015	2015	2015.5	year		D5-7047/2015		False		True	1824	annotation	False	False	False	
MF964182.1	Morbillivirus canis isolate D4-7055/2015 hemagglutinin gene, complete cds	1824	dog	Canis lupus familiaris	domestic_dog	False	India	India	2015	2015	2015.5	year		D4-7055/2015		False		True	1824	annotation	False	False	False	
MF964181.1	Morbillivirus canis isolate D7-1013/2016 hemagglutinin gene, complete cds	1824	dog	Canis lupus familiaris	domestic_dog	False	India	India	2016	2016	2016.5	year		D7-1013/2016		False		True	1824	annotation	False	False	False	
MF964180.1	Morbillivirus canis isolate D6-7059/2016 hemagglutinin gene, complete cds	1824	dog	Canis lupus familiaris	domestic_dog	False	India	India	2016	2016	2016.5	year		D6-7059/2016		False		True	1824	annotation	False	False	False	
MF964179.1	Morbillivirus canis isolate D3-931/2016 hemagglutinin gene, complete cds	1824	dog	Canis lupus familiaris	domestic_dog	False	India	India	2016	2016	2016.5	year		D3-931/2016		False		True	1824	annotation	False	False	False	
MF964178.1	Morbillivirus canis isolate D1-2/2016 hemagglutinin gene, complete cds	1824	dog	Canis lupus familiaris	domestic_dog	False	India	India	2016	2016	2016.5	year		D1-2/2016		False		True	1824	annotation	False	False	False	
JN812976.1	Canine distemper virus strain Dog94SE hemagglutinin (HA) gene, complete cds	1824	domestic dog	Canis lupus familiaris	domestic_dog	False	Tanzania	Tanzania	1994	1994	1994.5	year	Dog94SE			False		True	1824	annotation	False	False	False	
JN812975.1	Canine distemper virus strain Lion94SNP hemagglutinin (HA) gene, complete cds	1824	African lion	Panthera leo	wild_felid	False	Tanzania	Tanzania	1994	1994	1994.5	year	Lion94SNP			False		True	1824	annotation	False	False	False	
MG922460.1	Morbillivirus canis isolate Anhao hemagglutinin gene, partial cds	1770	diseased dog	Canis lupus familiaris	domestic_dog	False	China	China	14-Dec-2016	2016-12-14	2016.950819672131	day		Anhao		False		True	1770	annotation	False	False	False	
MG922459.1	Morbillivirus canis isolate 2hao hemagglutinin gene, partial cds	1785	diseased dog	Canis lupus familiaris	domestic_dog	False	China	China	14-Dec-2016	2016-12-14	2016.950819672131	day		2hao		False		True	1785	annotation	False	False	False	
MG922458.1	Morbillivirus canis isolate 11hao hemagglutinin gene, partial cds	1770	diseased dog	Canis lupus familiaris	domestic_dog	False	China	China	14-Dec-2016	2016-12-14	2016.950819672131	day		11hao		False		True	1770	annotation	False	False	False	
MG797669.1	Morbillivirus canis isolate MN hemagglutinin (H) gene, partial cds	1699	dog	Canis lupus familiaris	domestic_dog	False	USA	USA	2017	2017	2017.5	year		MN		False		True	1678	annotation	False	False	False	
KX774415.1	Canine distemper virus strain PT61/Pt 2004, complete genome	15674	Panthera tigris altaica	Panthera tigris altaica	wild_felid	False	Russia: Khabarovskii	Russia	Jan-2004	2004-01	2004.0409836065573	month	PT61/Pt 2004			False		True	1824	annotation	True	True	True	
KX708731.1	Canine distemper virus strain FUR0596H hemagglutinin gene, partial cds	1776	Martes zibellina	Martes sp.	mustelid	False	Russia: Primorye	Russia	Dec-2013	2013-12	2013.9561643835616	month	FUR0596H			False		True	1776	annotation	False	False	False	
KX708727.1	Canine distemper virus strain FUR0319H hemagglutinin gene, partial cds	1776	Nyctereutes procyonoides	Nyctereutes procyonoides	wild_canid	False	Russia: Primorye	Russia	Aug-2013	2013-08	2013.6219178082192	month	FUR0319H			False		True	1776	annotation	False	False	False	
KX708726.1	Canine distemper virus strain FUR0310H hemagglutinin gene, partial cds	1776	Panthera tigris altaica	Panthera tigris altaica	wild_felid	False	Russia: Primorye	Russia	22-Nov-2013	2013-11-22	2013.890410958904	day	FUR0310H			False		True	1776	annotation	False	False	False	
KX708725.1	Canine distemper virus strain FUR0258H hemagglutinin gene, partial cds	1776	Martes zibellina	Martes sp.	mustelid	False	Russia: Primorye	Russia	Dec-2012	2012-12	2012.9562841530055	month	FUR0258H			False		True	1776	annotation	False	False	False	
KX708724.1	Canine distemper virus strain FUR0192H hemagglutinin gene, partial cds	1776	Martes zibellina	Martes sp.	mustelid	False	Russia: Primorye	Russia	Dec-2012	2012-12	2012.9562841530055	month	FUR0192H			False		True	1776	annotation	False	False	False	
KX708723.1	Canine distemper virus strain FUR0188H hemagglutinin gene, partial cds	1776	Martes zibellina	Martes sp.	mustelid	False	Russia: Primorye	Russia	Dec-2012	2012-12	2012.9562841530055	month	FUR0188H			False		True	1776	annotation	False	False	False	
KX708722.1	Canine distemper virus strain FUR0061H hemagglutinin gene, partial cds	1776	Martes zibellina	Martes sp.	mustelid	False	Russia: Primorye	Russia	Jan-2013	2013-01	2013.041095890411	month	FUR0061H			False		True	1776	annotation	False	False	False	
KX708721.1	Canine distemper virus strain FUR0056H hemagglutinin gene, partial cds	1776	Martes zibellina	Martes sp.	mustelid	False	Russia: Primorye	Russia	Feb-2013	2013-02	2013.123287671233	month	FUR0056H			False		True	1776	annotation	False	False	False	
KX708720.1	Canine distemper virus strain Pt79H hemagglutinin gene, complete cds	1971	Panthera tigris altaica	Panthera tigris altaica	wild_felid	False	Russia: Primorye	Russia	13-Oct-2006	2006-10-13	2006.7808219178082	day	Pt79H			False		True	1824	annotation	False	False	False	
KX708718.1	Canine distemper virus strain FUR0309H hemagglutinin gene, complete cds	1971	Meles leucurus	Meles meles	mustelid	False	Russia: Primorye	Russia	Aug-2013	2013-08	2013.6219178082192	month	FUR0309H			False		True	1824	annotation	False	False	False	
KX708717.1	Canine distemper virus strain FUR0251H hemagglutinin gene, complete cds	1971	Mustela sibirica	Mustela sp.	mustelid	False	Russia: Primorye	Russia	Dec-2012	2012-12	2012.9562841530055	month	FUR0251H			False		True	1824	annotation	False	False	False	
KX708716.1	Canine distemper virus strain FUR0244H hemagglutinin gene, complete cds	1971	Martes zibellina	Martes sp.	mustelid	False	Russia: Primorye	Russia	Dec-2012	2012-12	2012.9562841530055	month	FUR0244H			False		True	1824	annotation	False	False	False	
KX708715.1	Canine distemper virus strain FUR0207H hemagglutinin gene, complete cds	1971	Martes zibellina	Martes sp.	mustelid	False	Russia: Primorye	Russia	Nov-2012	2012-11	2012.8743169398906	month	FUR0207H			False		True	1824	annotation	False	False	False	
KX708714.1	Canine distemper virus strain FUR0141H hemagglutinin gene, complete cds	1971	Martes zibellina	Martes sp.	mustelid	False	Russia: Primorye	Russia	Jan-2013	2013-01	2013.041095890411	month	FUR0141H			False		True	1824	annotation	False	False	False	
KX708713.1	Canine distemper virus strain FUR0134H hemagglutinin gene, complete cds	1971	Martes zibellina	Martes sp.	mustelid	False	Russia: Primorye	Russia	Jan-2013	2013-01	2013.041095890411	month	FUR0134H			False		True	1824	annotation	False	False	False	
KX708712.1	Canine distemper virus strain FUR0076H hemagglutinin gene, complete cds	1971	Martes zibellina	Martes sp.	mustelid	False	Russia: Primorye	Russia	Jan-2013	2013-01	2013.041095890411	month	FUR0076H			False		True	1824	annotation	False	False	False	
KX708711.1	Canine distemper virus strain FUR0074H hemagglutinin gene, complete cds	1971	Canis lupus	Canis lupus	wild_canid	False	Russia: Primorye	Russia	Dec-2012	2012-12	2012.9562841530055	month	FUR0074H			False		True	1824	annotation	False	False	False	
KX708710.1	Canine distemper virus strain FUR0140H hemagglutinin gene, complete cds	1947	Martes zibellina	Martes sp.	mustelid	False	Russia: Primorye	Russia	Jan-2013	2013-01	2013.041095890411	month	FUR0140H			False		True	1824	annotation	False	False	False	
MF926611.1	Morbillivirus canis isolate BJ17F21, complete genome	1824	Dog	Canis lupus familiaris	domestic_dog	False	China	China	May-2017	2017-05	2017.3698630136987	month		BJ17F21	39.9 N 116 E	False		True	1824	annotation	False	False	True	
MF926610.1	Morbillivirus canis isolate BJ17F2, complete genome	1824	Dog	Canis lupus familiaris	domestic_dog	False	China	China	May-2017	2017-05	2017.3698630136987	month		BJ17F2	39.9 N 116 E	False		True	1824	annotation	False	False	True	
MF926609.1	Morbillivirus canis isolate BJ17BC1, complete genome	1824	Dog	Canis lupus familiaris	domestic_dog	False	China	China	May-2017	2017-05	2017.3698630136987	month		BJ17BC1	39.9 N 116 E	False		True	1824	annotation	False	False	True	
MF926608.1	Morbillivirus canis isolate BJ17B8, complete genome	1824	Dog	Canis lupus familiaris	domestic_dog	False	China	China	Apr-2017	2017-04	2017.2876712328766	month		BJ17B8	39.9 N 116 E	False		True	1824	annotation	False	False	True	
MF926607.1	Morbillivirus canis isolate BJ17B3, complete genome	1824	Dog	Canis lupus familiaris	domestic_dog	False	China	China	Mar-2017	2017-03	2017.2027397260274	month		BJ17B3	39.9 N 116 E	False		True	1824	annotation	False	False	True	
MF926606.1	Morbillivirus canis isolate BJ17B02, complete genome	1824	Dog	Canis lupus familiaris	domestic_dog	False	China	China	Mar-2017	2017-03	2017.2027397260274	month		BJ17B02	39.9 N 116 E	False		True	1824	annotation	False	False	True	
MF926605.1	Morbillivirus canis isolate BJ16Sh, complete genome	1824	Dog	Canis lupus familiaris	domestic_dog	False	China	China	Jan-2017	2017-01	2017.041095890411	month		BJ16Sh	39.9 N 116 E	False		True	1824	annotation	False	False	True	
MF926604.1	Morbillivirus canis isolate BJ16C9, complete genome	15690	Dog	Canis lupus familiaris	domestic_dog	False	China	China	Jan-2017	2017-01	2017.041095890411	month		BJ16C9	39.9 N 116 E	False		True	1946	annotation	True	True	True	
MF926603.1	Morbillivirus canis isolate BJ16C8, complete genome	15690	Dog	Canis lupus familiaris	domestic_dog	False	China	China	Jan-2017	2017-01	2017.041095890411	month		BJ16C8	39.9 N 116 E	False		True	1946	annotation	True	True	True	
MF926602.1	Morbillivirus canis isolate BJ16C7, complete genome	15690	Dog	Canis lupus familiaris	domestic_dog	False	China	China	Dec-2016	2016-12	2016.9562841530055	month		BJ16C7	39.9 N 116 E	False		True	1946	annotation	True	True	True	
MF926601.1	Morbillivirus canis isolate BJ16C0, complete genome	15690	Dog	Canis lupus familiaris	domestic_dog	False	China	China	Oct-2016	2016-10	2016.7896174863388	month		BJ16C0	39.9 N 116 E	False		True	1946	annotation	True	True	True	
MF926600.1	Morbillivirus canis isolate BJ16B53, complete genome	15690	Dog	Canis lupus familiaris	domestic_dog	False	China	China	Sep-2016	2016-09	2016.707650273224	month		BJ16B53	39.9 N 116 E	False		True	1946	annotation	True	True	True	
MF926599.1	Morbillivirus canis isolate BJ16B35, complete genome	15690	Dog	Canis lupus familiaris	domestic_dog	False	China	China	Sep-2016	2016-09	2016.707650273224	month		BJ16B35	39.9 N 116 E	False		True	1946	annotation	True	True	True	
MF926598.1	Morbillivirus canis isolate BJ16B14, complete genome	1824	Dog	Canis lupus familiaris	domestic_dog	False	China	China	Sep-2016	2016-09	2016.707650273224	month		BJ16B14	39.9 N 116 E	False		True	1824	annotation	False	False	True	
MF926597.1	Morbillivirus canis isolate BJ16B2, complete genome	15690	Dog	Canis lupus familiaris	domestic_dog	False	China	China	Nov-2016	2016-11	2016.8743169398906	month		BJ16B2	39.9 N 116 E	False		True	1946	annotation	True	True	True	
MF766023.1	Morbillivirus canis isolate HLJ 3-08 hemagglutinin protein mRNA, complete cds	1824	dog	Canis lupus familiaris	domestic_dog	False	China	China	2008	2008	2008.5	year		HLJ 3-08		False		True	1824	annotation	False	False	False	
MH426739.1	Morbillivirus canis isolate CDV/LDM-BTU-1, complete genome	15690	Cerdocyon thous	Cerdocyon thous	wild_canid	False	Brazil	Brazil	15-Mar-2014	2014-03-15	2014.2	day		CDV/LDM-BTU-1		False		True	1824	annotation	True	True	True	
MF471690.1	Morbillivirus canis strain HLJ-1-14 hemagglutinin protein mRNA, complete cds	1824	mink	Neovison vison	mustelid	False	China	China	2014	2014	2014.5	year	HLJ-1-14			False		True	1824	annotation	False	False	False	
KY774578.1	Canine distemper virus strain Y20 hemagglutinin gene, complete cds	1824	dog	Canis lupus familiaris	domestic_dog	False	China	China	2016-10	2016-10	2016.7896174863388	month	Y20			False		True	1824	annotation	False	False	False	
KY774577.1	Canine distemper virus strain Y16 hemagglutinin gene, complete cds	1824	dog	Canis lupus familiaris	domestic_dog	False	China	China	2016-10	2016-10	2016.7896174863388	month	Y16			False		True	1824	annotation	False	False	False	
KY774576.1	Canine distemper virus strain M5 hemagglutinin gene, complete cds	1824	dog	Canis lupus familiaris	domestic_dog	False	China	China	2016-10	2016-10	2016.7896174863388	month	M5			False		True	1824	annotation	False	False	False	
KY774575.1	Canine distemper virus strain M4 hemagglutinin gene, complete cds	1824	dog	Canis lupus familiaris	domestic_dog	False	China	China	2016-10	2016-10	2016.7896174863388	month	M4			False		True	1824	annotation	False	False	False	
KY774574.1	Canine distemper virus strain M2 hemagglutinin gene, complete cds	1824	dog	Canis lupus familiaris	domestic_dog	False	China	China	2016-10	2016-10	2016.7896174863388	month	M2			False		True	1824	annotation	False	False	False	
KY774573.1	Canine distemper virus strain D7 hemagglutinin gene, complete cds	1824	dog	Canis lupus familiaris	domestic_dog	False	China	China	2016-10	2016-10	2016.7896174863388	month	D7			False		True	1824	annotation	False	False	False	
KY774572.1	Canine distemper virus strain C53 hemagglutinin gene, complete cds	1824	dog	Canis lupus familiaris	domestic_dog	False	China	China	2016-10	2016-10	2016.7896174863388	month	C53			False		True	1824	annotation	False	False	False	
KY774571.1	Canine distemper virus strain C11 hemagglutinin gene, complete cds	1824	dog	Canis lupus familiaris	domestic_dog	False	China	China	2016-10	2016-10	2016.7896174863388	month	C11			False		True	1824	annotation	False	False	False	
MF437053.1	Canine distemper virus from Gabon, complete genome	15715	German Shepherd dog	Canis lupus familiaris	domestic_dog	False	Gabon	Gabon	2015	2015	2015.5	year				False		True	1824	annotation	True	True	True	
KX897612.1	Canine distemper virus isolate GZZ09 hemagglutinin (H) gene, complete cds	1824	tiger	Panthera tigris	wild_felid	False	China	China	14-Sep-2015	2015-09-14	2015.7013698630137	day		GZZ09		False		True	1824	annotation	False	False	False	
KX897611.1	Canine distemper virus isolate GZZ1103 hemagglutinin (H) gene, complete cds	1824	red panda	Ailurus fulgens	ailurid	False	China	China	28-Nov-2015	2015-11-28	2015.9068493150685	day		GZZ1103		False		True	1824	annotation	False	False	False	
KX897610.1	Canine distemper virus isolate GZZ1102 hemagglutinin (H) gene, complete cds	1824	red panda	Ailurus fulgens	ailurid	False	China	China	15-Nov-2015	2015-11-15	2015.8712328767124	day		GZZ1102		False		True	1824	annotation	False	False	False	
KX897609.1	Canine distemper virus isolate GZZ1101 hemagglutinin (H) gene, complete cds	1824	red panda	Ailurus fulgens	ailurid	False	China	China	10-Nov-2015	2015-11-10	2015.8575342465754	day		GZZ1101		False		True	1824	annotation	False	False	False	
MF100811.1	Canine distemper virus isolate HL002 hemagglutinin protein gene, complete cds	1824	dog	Canis lupus familiaris	domestic_dog	False	China	China	15-Mar-2013	2013-03-15	2013.2	day		HL002		False		True	1824	annotation	False	False	False	
MF100810.1	Canine distemper virus isolate HL004 hemagglutinin protein gene, complete cds	1824	dog	Canis lupus familiaris	domestic_dog	False	China	China	05-Aug-2013	2013-08-05	2013.5917808219178	day		HL004		False		True	1824	annotation	False	False	False	
MF100809.1	Canine distemper virus isolate HL005 hemagglutinin protein gene, complete cds	1824	dog	Canis lupus familiaris	domestic_dog	False	China	China	03-Sep-2013	2013-09-03	2013.6712328767123	day		HL005		False		True	1824	annotation	False	False	False	
MF100808.1	Canine distemper virus isolate HL006 hemagglutinin protein gene, complete cds	1824	dog	Canis lupus familiaris	domestic_dog	False	China	China	24-Jul-2014	2014-07-24	2014.558904109589	day		HL006		False		True	1824	annotation	False	False	False	
MF100807.1	Canine distemper virus isolate HL007 hemagglutinin protein gene, complete cds	1824	dog	Canis lupus familiaris	domestic_dog	False	China	China	24-Sep-2014	2014-09-24	2014.7287671232878	day		HL007		False		True	1824	annotation	False	False	False	
MF100806.1	Canine distemper virus isolate HL008 hemagglutinin protein gene, complete cds	1824	dog	Canis lupus familiaris	domestic_dog	False	China	China	22-Mar-2015	2015-03-22	2015.2191780821918	day		HL008		False		True	1824	annotation	False	False	False	
MF100805.1	Canine distemper virus isolate HL009 hemagglutinin protein gene, complete cds	1824	dog	Canis lupus familiaris	domestic_dog	False	China	China	29-Mar-2015	2015-03-29	2015.2383561643835	day		HL009		False		True	1824	annotation	False	False	False	
MF100804.1	Canine distemper virus isolate HL010 hemagglutinin protein gene, complete cds	1824	dog	Canis lupus familiaris	domestic_dog	False	China	China	17-Apr-2015	2015-04-17	2015.2904109589042	day		HL010		False		True	1824	annotation	False	False	False	
MF100803.1	Canine distemper virus isolate HL011 hemagglutinin protein gene, complete cds	1824	dog	Canis lupus familiaris	domestic_dog	False	China	China	17-Apr-2015	2015-04-17	2015.2904109589042	day		HL011		False		True	1824	annotation	False	False	False	
MF100802.1	Canine distemper virus isolate HL012 hemagglutinin protein gene, complete cds	1824	dog	Canis lupus familiaris	domestic_dog	False	China	China	31-Jul-2015	2015-07-31	2015.5780821917808	day		HL012		False		True	1824	annotation	False	False	False	
MF100801.1	Canine distemper virus isolate HL013 hemagglutinin protein gene, complete cds	1824	dog	Canis lupus familiaris	domestic_dog	False	China	China	19-Sep-2015	2015-09-19	2015.7150684931507	day		HL013		False		True	1824	annotation	False	False	False	
MF100800.1	Canine distemper virus isolate HL014 hemagglutinin protein gene, complete cds	1824	dog	Canis lupus familiaris	domestic_dog	False	China	China	23-Feb-2016	2016-02-23	2016.1448087431695	day		HL014		False		True	1824	annotation	False	False	False	
MF100799.1	Canine distemper virus isolate HL015 hemagglutinin protein gene, complete cds	1824	dog	Canis lupus familiaris	domestic_dog	False	China	China	05-Jun-2016	2016-06-05	2016.4262295081967	day		HL015		False		True	1824	annotation	False	False	False	
MF100798.1	Canine distemper virus isolate HL016 hemagglutinin protein gene, complete cds	1824	dog	Canis lupus familiaris	domestic_dog	False	China	China	28-Jun-2016	2016-06-28	2016.4890710382513	day		HL016		False		True	1824	annotation	False	False	False	
KY214447.1	Canine distemper virus isolate South Douro H protein gene, complete cds	1824	Canis lupus signatus (Iberian wolf)	Canis lupus	wild_canid	False	Portugal	Portugal	2011	2011	2011.5	year		South Douro		False		True	1824	annotation	False	False	False	
KY011299.1	Canine distemper virus isolate TNCDV70 hemagglutinin (H) gene, partial cds	820	dog	Canis lupus familiaris	domestic_dog	False	India	India	2015	2015	2015.5	year		TNCDV70		False		True	820	annotation	False	False	False	
KX159297.1	UNVERIFIED: Canine distemper virus isolate wgszu01 hemagglutinin-like (H) gene, complete sequence	1921	ferret	Mustela putorius furo	mustelid	False	China	China	10-Aug-2013	2013-08-10	2013.6054794520549	day		wgszu01		False		True	1824	annotation	False	False	False	
KX159296.1	Canine distemper virus isolate wgswh02 hemagglutinin (H) gene, complete cds	1922	ferret	Mustela putorius furo	mustelid	False	China	China	15-Jun-2013	2013-06-15	2013.4520547945206	day		wgswh02		False		True	1815	annotation	False	False	False	
KX159295.1	Canine distemper virus isolate wgswh01 hemagglutinin (H) gene, complete cds	1931	ferret	Mustela putorius furo	mustelid	False	China	China	15-Jun-2013	2013-06-15	2013.4520547945206	day		wgswh01		False		True	1815	annotation	False	False	False	
KX159294.1	Canine distemper virus isolate wgsly02 hemagglutinin (H) gene, complete cds	1921	ferret	Mustela putorius furo	mustelid	False	China	China	07-Jul-2013	2013-07-07	2013.5123287671233	day		wgsly02		False		True	1824	annotation	False	False	False	
KX150848.1	Canine distemper virus isolate wgsly01 hemagglutinin protein (H) gene, complete cds	1921	ferret	Mustela putorius furo	mustelid	False	China	China	15-Jun-2013	2013-06-15	2013.4520547945206	day		wgsly01		False		True	1824	annotation	False	False	False	
KX709880.1	Canine distemper virus strain HL001, complete genome	15690	dog	Canis lupus familiaris	domestic_dog	False	China	China	18-Jul-2012	2012-07-18	2012.5437158469945	day	HL001	Henan		False		True	1824	annotation	True	True	True	
MF041963.1	Canine distemper virus isolate CDV06, complete genome	15690	Ethiopian wolf	Canis lupus	wild_canid	False	Ethiopia	Ethiopia	30-Sep-2016	2016-09-30	2016.7459016393443	day		CDV06		False		True	1946	annotation	True	True	True	
KY971532.1	Canine distemper virus isolate WT02SA, complete genome	15649	spotted hyena	Crocuta crocuta	other	False	South Africa	South Africa	Jan-2017	2017-01	2017.041095890411	month		WT02SA		False		True	1824	annotation	True	True	True	
KY971528.1	Canine distemper virus isolate WT01SA, complete genome	15649	African wild dog	Lycaon pictus	wild_canid	False	South Africa	South Africa	01-May-2016	2016-05-01	2016.3306010928961	day		WT01SA		False		True	1824	annotation	True	True	True	
KU052897.1	Canine distemper virus isolate CLdog14_17 hemagglutinin (H) gene, partial cds	1742	dog	Canis lupus familiaris	domestic_dog	False	Chile	Chile	2014	2014	2014.5	year		CLdog14_17		False		True	1742	annotation	False	False	False	
KU052896.1	Canine distemper virus isolate CLdog14_15 hemagglutinin (H) gene, partial cds	1742	dog	Canis lupus familiaris	domestic_dog	False	Chile	Chile	2014	2014	2014.5	year		CLdog14_15		False		True	1742	annotation	False	False	False	
KU052895.1	Canine distemper virus isolate CLdog14_12 hemagglutinin (H) gene, partial cds	1742	dog	Canis lupus familiaris	domestic_dog	False	Chile	Chile	2014	2014	2014.5	year		CLdog14_12		False		True	1742	annotation	False	False	False	
KU052894.1	Canine distemper virus isolate CLdog15_11 hemagglutinin (H) gene, partial cds	1742	dog	Canis lupus familiaris	domestic_dog	False	Chile	Chile	2014	2014	2014.5	year		CLdog15_11		False		True	1742	annotation	False	False	False	
KU052893.1	Canine distemper virus isolate CLdog15_10 hemagglutinin (H) gene, partial cds	1742	dog	Canis lupus familiaris	domestic_dog	False	Chile	Chile	2014	2014	2014.5	year		CLdog15_10		False		True	1742	annotation	False	False	False	
KU052892.1	Canine distemper virus isolate CLdog15_09 hemagglutinin (H) gene, partial cds	1742	dog	Canis lupus familiaris	domestic_dog	False	Chile	Chile	2014	2014	2014.5	year		CLdog15_09		False		True	1742	annotation	False	False	False	
KU052891.1	Canine distemper virus isolate CLdog14_06 hemagglutinin (H) gene, partial cds	1742	dog	Canis lupus familiaris	domestic_dog	False	Chile	Chile	2014	2014	2014.5	year		CLdog14_06		False		True	1742	annotation	False	False	False	
KU052890.1	Canine distemper virus isolate CLdog14_05 hemagglutinin (H) gene, partial cds	1742	dog	Canis lupus familiaris	domestic_dog	False	Chile	Chile	2014	2014	2014.5	year		CLdog14_05		False		True	1742	annotation	False	False	False	
KU052889.1	Canine distemper virus isolate CLdog14_04 hemagglutinin (H) gene, partial cds	1742	dog	Canis lupus familiaris	domestic_dog	False	Chile	Chile	2014	2014	2014.5	year		CLdog14_04		False		True	1742	annotation	False	False	False	
KU052888.1	Canine distemper virus isolate CLdog15_03 hemagglutinin (H) gene, partial cds	1742	dog	Canis lupus familiaris	domestic_dog	False	Chile	Chile	2014	2014	2014.5	year		CLdog15_03		False		True	1742	annotation	False	False	False	
KU666057.1	Canine distemper virus strain Rhode Island US/2012, complete genome	15690	Procyon lotor	Procyon lotor	procyonid	False	USA	USA	24-Nov-2012	2012-11-24	2012.896174863388	day	Rhode Island US/2012			False		True	1946	annotation	True	True	True	
KX371588.1	Canine distemper virus isolate BJ(16)5 hemagglutinin (H) gene, complete cds	1824	dog	Canis lupus familiaris	domestic_dog	False	China	China	18-Mar-2016	2016-03-18	2016.2103825136612	day		BJ(16)5		False		True	1824	annotation	False	False	False	
KX371587.1	Canine distemper virus isolate BJ(16)4 hemagglutinin (H) gene, complete cds	1824	dog	Canis lupus familiaris	domestic_dog	False	China	China	01-Mar-2016	2016-03-01	2016.1639344262296	day		BJ(16)4		False		True	1824	annotation	False	False	False	
KX371586.1	Canine distemper virus isolate BJ(16)3 hemagglutinin (H) gene, complete cds	1824	dog	Canis lupus familiaris	domestic_dog	False	China	China	23-Feb-2016	2016-02-23	2016.1448087431695	day		BJ(16)3		False		True	1824	annotation	False	False	False	
KX371585.1	Canine distemper virus isolate BJ(16)2 hemagglutinin (H) gene, complete cds	1824	dog	Canis lupus familiaris	domestic_dog	False	China	China	20-Jan-2016	2016-01-20	2016.051912568306	day		BJ(16)2		False		True	1824	annotation	False	False	False	
KX371584.1	Canine distemper virus isolate BJ(16)1 hemagglutinin (H) gene, complete cds	1824	dog	Canis lupus familiaris	domestic_dog	False	China	China	08-Jan-2016	2016-01-08	2016.01912568306	day		BJ(16)1		False		True	1824	annotation	False	False	False	
KY094611.1	Canine distemper virus isolate 828 hemagglutinin mRNA, partial cds	554	domestic dog	Canis lupus familiaris	domestic_dog	False	Brazil	Brazil	2016	2016	2016.5	year		828		False		True	554	annotation	False	False	False	
KU578257.1	Canine distemper virus isolate SE/1994/domestic_dog, complete genome	15700	domestic dog	Canis lupus familiaris	domestic_dog	False			1994	1994	1994.5	year		SE/1994/domestic_dog		False		True	1824	annotation	True	True	True	
KU578256.1	Canine distemper virus isolate SNP/1994/African_lion, complete genome	15678	African lion	Panthera leo	wild_felid	False			1994	1994	1994.5	year		SNP/1994/African_lion		False		True	1824	annotation	True	True	True	
KU578254.1	Canine distemper virus isolate SE/2011/golden_jackal, complete genome	15551	golden jackal	Canis sp.	wild_canid	False			2011	2011	2011.5	year		SE/2011/golden_jackal		False		True	1824	annotation	True	True	True	
KU578253.1	Canine distemper virus isolate SE/2007/African_wild_dog, complete genome	15674	African wild dog	Lycaon pictus	wild_canid	False			2007	2007	2007.5	year		SE/2007/African_wild_dog		False		True	1824	annotation	True	True	True	
KX545421.1	Canine distemper virus isolate CDV599/2016, partial genome	15559	fox	Vulpes sp.	wild_canid	False	Italy	Italy	02-Feb-2016	2016-02-02	2016.0874316939892	day		CDV599/2016		False		True	1824	annotation	True	True	False	
KT429769.1	Canine distemper virus strain CDVBR14 hemagglutinin gene, complete cds	2299	dog	Canis lupus familiaris	domestic_dog	False	Brazil	Brazil	09-Aug-2012	2012-08-09	2012.603825136612	day	CDVBR14			False		True	1824	annotation	False	False	False	
KT429768.1	Canine distemper virus strain CDVBR13 hemagglutinin gene, complete cds	2283	dog	Canis lupus familiaris	domestic_dog	False	Brazil	Brazil	09-Aug-2012	2012-08-09	2012.603825136612	day	CDVBR13			False		True	1824	annotation	False	False	False	
KT429767.1	Canine distemper virus strain CDVBR12 hemagglutinin gene, complete cds	2099	dog	Canis lupus familiaris	domestic_dog	False	Brazil	Brazil	09-Aug-2012	2012-08-09	2012.603825136612	day	CDVBR12			False		True	1824	annotation	False	False	False	
KT429766.1	Canine distemper virus strain CDVBR11 hemagglutinin gene, complete cds	2299	dog	Canis lupus familiaris	domestic_dog	False	Brazil	Brazil	09-Aug-2012	2012-08-09	2012.603825136612	day	CDVBR11			False		True	1824	annotation	False	False	False	
KT429765.1	Canine distemper virus strain CDVBR10 hemagglutinin gene, complete cds	2281	dog	Canis lupus familiaris	domestic_dog	False	Brazil	Brazil	09-Aug-2012	2012-08-09	2012.603825136612	day	CDVBR10			False		True	1824	annotation	False	False	False	
KT429764.1	Canine distemper virus strain CDVBR9 hemagglutinin gene, complete cds	2299	dog	Canis lupus familiaris	domestic_dog	False	Brazil	Brazil	09-Aug-2012	2012-08-09	2012.603825136612	day	CDVBR9			False		True	1824	annotation	False	False	False	
KT429763.1	Canine distemper virus strain CDVBR8 hemagglutinin gene, complete cds	2299	dog	Canis lupus familiaris	domestic_dog	False	Brazil	Brazil	09-Aug-2012	2012-08-09	2012.603825136612	day	CDVBR8			False		True	1824	annotation	False	False	False	
KT429762.1	Canine distemper virus strain CDVBR7 hemagglutinin gene, complete cds	2299	dog	Canis lupus familiaris	domestic_dog	False	Brazil	Brazil	09-Aug-2012	2012-08-09	2012.603825136612	day	CDVBR7			False		True	1824	annotation	False	False	False	
KT429761.1	Canine distemper virus strain CDVBR6 hemagglutinin gene, complete cds	2299	dog	Canis lupus familiaris	domestic_dog	False	Brazil	Brazil	09-Aug-2012	2012-08-09	2012.603825136612	day	CDVBR6			False		True	1824	annotation	False	False	False	
KT429760.1	Canine distemper virus strain CDVBR5 hemagglutinin gene, complete cds	2299	dog	Canis lupus familiaris	domestic_dog	False	Brazil	Brazil	09-Aug-2012	2012-08-09	2012.603825136612	day	CDVBR5			False		True	1824	annotation	False	False	False	
KU847961.1	Canine distemper virus isolate BJ150806 hemagglutinin (H) gene, complete cds	1824	Canis lupus familiaris	Canis lupus familiaris	domestic_dog	False	China	China	2015	2015	2015.5	year		BJ150806		False		True	1824	annotation	False	False	False	
KX347928.1	Canine distemper virus isolate CDV-AH, complete genome	15690	dog	Canis lupus familiaris	domestic_dog	False	China	China	10-Oct-2015	2015-10-10	2015.772602739726	day		CDV-AH		False		True	1824	annotation	True	True	True	
KX499865.1	Canine distemper virus isolate ZYL, complete genome	15690	Vulpes	Vulpes sp.	wild_canid	False	China	China	2015	2015	2015.5	year		ZYL		False		True	1824	annotation	True	True	True	
JN604435.1	Canine distemper virus clone COMP5C hemagglutinin (H) gene, partial cds	497	Canis lupus familiaris	Canis lupus familiaris	domestic_dog	False	India	India	10-Oct-2010	2010-10-10	2010.772602739726	day		Rohini-CDV5C		False		True	497	annotation	False	False	False	
FJ423609.1	Canine distemper virus strain LN(08)1 hemagglutinin (H) gene, partial cds	1824	fox	Vulpes sp.	wild_canid	False	China:Liaoning	China	2008	2008	2008.5	year	LN(08)1			False		True	1824	annotation	False	False	False	
FJ423608.1	Canine distemper virus strain LN(04)1 hemagglutinin (H) gene, partial cds	1824	raccoon dog	Nyctereutes procyonoides	wild_canid	False	China:Liaoning	China	2004	2004	2004.5	year	LN(04)1			False		True	1824	annotation	False	False	False	
FJ423607.1	Canine distemper virus strain HLJ(08)4 hemagglutinin (H) gene, partial cds	1824	dog	Canis lupus familiaris	domestic_dog	False	China:HeiLongjiang	China	2008	2008	2008.5	year	HLJ(08)4			False		True	1824	annotation	False	False	False	
FJ423606.1	Canine distemper virus strain HLJ(08)3 hemagglutinin (H) gene, partial cds	1824	dog	Canis lupus familiaris	domestic_dog	False	China:HeiLongjiang	China	2008	2008	2008.5	year	HLJ(08)3			False		True	1824	annotation	False	False	False	
FJ423605.1	Canine distemper virus strain HLJ(08)2 hemagglutinin (H) gene, partial cds	1824	fox	Vulpes sp.	wild_canid	False	China:HeiLongjiang	China	2008	2008	2008.5	year	HLJ(08)2			False		True	1824	annotation	False	False	False	
FJ423604.1	Canine distemper virus strain HLJ(08)1 hemagglutinin (H) gene, partial cds	1824	fox	Vulpes sp.	wild_canid	False	China:HeiLongjiang	China	2008	2008	2008.5	year	HLJ(08)1			False		True	1824	annotation	False	False	False	
FJ011005.1	Canine distemper virus isolate Bruno107Arg2005 hemagglutinin gene, partial cds	1821	Canis lupus familiaris (dog, mixed breed)	Canis lupus familiaris	domestic_dog	False	Argentina	Argentina	Oct-2005	2005-10	2005.7890410958903	month		Bruno107Arg2005		False		True	1821	annotation	False	False	False	
FJ011004.1	Canine distemper virus isolate Pao2003Arg90 hemagglutinin gene, partial cds	1821	Canis lupus familiaris (dog, Weimaraner)	Canis lupus familiaris	domestic_dog	False	Argentina	Argentina	Nov-2003	2003-11	2003.8739726027397	month		Pao2003Arg90		False		True	1821	annotation	False	False	False	
FJ040791.1	Canine distemper virus strain GZ0801 hemagglutinin (H) gene, partial cds	1812	dog	Canis lupus familiaris	domestic_dog	False	China: Guangzhou	China	15-May-2008	2008-05-15	2008.3688524590164	day	GZ0801			False		True	1812	annotation	False	False	False	
FJ002276.1	Canine distemper virus hemagglutinin protein gene, partial cds	1122	Canis lupus familiaris	Canis lupus familiaris	domestic_dog	False	Namibia	Namibia	2003	2003	2003.5	year				False		True	1122	annotation	False	False	False	
EU624414.1	Canine distemper virus hemagglutinin (H) gene, partial cds	871	Cerdocyon thous (crab-eating fox)	Vulpes sp.	wild_canid	False	Argentina	Argentina	2007	2007	2007.5	year	CDV Fox Arg Parque Nacional El Palmar. 2007			False		True	871	annotation	False	False	False	
JN622007.1	Canine distemper virus clone COMP5C hemagglutinin (H) gene, partial cds	1782	Canis lupus familiaris	Canis lupus familiaris	domestic_dog	False	India	India	10-Oct-2010	2010-10-10	2010.772602739726	day		Rohini-CDV5C		False		True	1782	annotation	False	False	False	
JF283477.1	Canine distemper virus isolate 10453WY hemagglutinin protein (H) gene, partial cds	1615	canine	Canis lupus familiaris	domestic_dog	False	USA	USA	2010	2010	2010.5	year		10453WY		False		True	1615	annotation	False	False	False	
JF283476.1	Canine distemper virus isolate 13023WY hemagglutinin protein (H) gene, partial cds	1587	canine	Canis lupus familiaris	domestic_dog	False	USA	USA	2010	2010	2010.5	year		13023WY		False		True	1587	annotation	False	False	False	
GQ214384.2	Canine distemper virus isolate 5825-02 hemagglutinin (H) gene, complete cds	1824	dog	Canis lupus familiaris	domestic_dog	False	Austria	Austria	2002	2002	2002.5	year		5825-02		False		True	1824	annotation	False	False	False	
GQ214380.2	Canine distemper virus isolate 5417-02 hemagglutinin (H) gene, complete cds	1824	dog	Canis lupus familiaris	domestic_dog	False	Austria	Austria	2002	2002	2002.5	year		5417-02		False		True	1824	annotation	False	False	False	
GQ214378.2	Canine distemper virus isolate 5253-02 hemagglutinin (H) gene, complete cds	1824	dog	Canis lupus familiaris	domestic_dog	False	Austria	Austria	2002	2002	2002.5	year		5253-02		False		True	1824	annotation	False	False	False	
GQ214376.2	Canine distemper virus isolate 4520-02 hemagglutinin (H) gene, complete cds	1824	dog	Canis lupus familiaris	domestic_dog	False	Austria	Austria	2002	2002	2002.5	year		4520-02		False		True	1824	annotation	False	False	False	
GQ214374.2	Canine distemper virus isolate 3156-06 hemagglutinin (H) gene, complete cds	1824	badger	Meles meles	mustelid	False	Austria	Austria	2006	2006	2006.5	year		3156-06		False		True	1824	annotation	False	False	False	
GQ214373.2	Canine distemper virus isolate 3148-03 hemagglutinin (H) gene, complete cds	1824	dog	Canis lupus familiaris	domestic_dog	False	Austria	Austria	2003	2003	2003.5	year		3148-03		False		True	1824	annotation	False	False	False	
GQ214369.2	Canine distemper virus isolate 2390-07 hemagglutinin (H) gene, complete cds	1824	stone marten	Martes sp.	mustelid	False	Austria	Austria	2007	2007	2007.5	year		2390-07		False		True	1824	annotation	False	False	False	
GQ214383.1	Canine distemper virus isolate 5527-02 hemagglutinin (H) gene, partial cds	800	dog	Canis lupus familiaris	domestic_dog	False	Austria	Austria	2002	2002	2002.5	year		5527-02		False		True	800	annotation	False	False	False	
GQ214382.1	Canine distemper virus isolate 5470-02 hemagglutinin (H) gene, partial cds	800	dog	Canis lupus familiaris	domestic_dog	False	Austria	Austria	2002	2002	2002.5	year		5470-02		False		True	800	annotation	False	False	False	
GQ214381.1	Canine distemper virus isolate 5428-02 hemagglutinin (H) gene, partial cds	800	dog	Canis lupus familiaris	domestic_dog	False	Austria	Austria	2002	2002	2002.5	year		5428-02		False		True	800	annotation	False	False	False	
GQ214379.1	Canine distemper virus isolate 5332-02 hemagglutinin (H) gene, partial cds	800	dog	Canis lupus familiaris	domestic_dog	False	Austria	Austria	2002	2002	2002.5	year		5332-02		False		True	800	annotation	False	False	False	
GQ214377.1	Canine distemper virus isolate 5101-02 hemagglutinin (H) gene, partial cds	800	dog	Canis lupus familiaris	domestic_dog	False	Austria	Austria	2002	2002	2002.5	year		5101-02		False		True	800	annotation	False	False	False	
GQ214375.1	Canine distemper virus isolate 4088-03 hemagglutinin (H) gene, partial cds	800	dog	Canis lupus familiaris	domestic_dog	False	Austria	Austria	2003	2003	2003.5	year		4088-03		False		True	800	annotation	False	False	False	
GQ214372.1	Canine distemper virus isolate 2779-04 hemagglutinin (H) gene, partial cds	800	dog	Canis lupus familiaris	domestic_dog	False	Austria	Austria	2004	2004	2004.5	year		2779-04		False		True	800	annotation	False	False	False	
GQ214371.1	Canine distemper virus isolate 2730-07 hemagglutinin (H) gene, partial cds	800	dog	Canis lupus familiaris	domestic_dog	False	Austria	Austria	2007	2007	2007.5	year		2730-07		False		True	800	annotation	False	False	False	
FJ416339.1	Canine distemper virus isolate BV4 hemagglutinin gene, complete cds; and large polymerase gene, partial cds	2085	fox	Vulpes sp.	wild_canid	False	Germany	Germany	18-Mar-2008	2008-03-18	2008.2103825136612	day		BV4		False		True	1824	annotation	False	False	False	
FJ416338.1	Canine distemper virus isolate BV3 hemagglutinin gene, complete cds; and large polymerase gene, partial cds	2089	badger	Meles meles	mustelid	False	Germany	Germany	27-May-2008	2008-05-27	2008.4016393442623	day		BV3		False		True	1824	annotation	False	False	False	
FJ416337.1	Canine distemper virus isolate BV2 hemagglutinin gene, complete cds; and large polymerase gene, partial cds	2082	fox	Vulpes sp.	wild_canid	False	Germany	Germany	05-Mar-2008	2008-03-05	2008.1748633879781	day		BV2		False		True	1824	annotation	False	False	False	
FJ416336.1	Canine distemper virus isolate BV1 hemagglutinin gene, complete cds; and large polymerase gene, partial cds	2082	fox	Vulpes sp.	wild_canid	False	Germany	Germany	05-Mar-2008	2008-03-05	2008.1748633879781	day		BV1		False		True	1824	annotation	False	False	False	
FJ977578.1	Canine distemper virus isolate monkey-KM-01 hemagglutinin (H) mRNA, partial cds	1672	Canis lupus familiaris	Canis lupus familiaris	domestic_dog	False	China	China	Jul-2008	2008-07	2008.5382513661202	month		monkey-KM-01		False		True	1672	annotation	False	False	False	
FJ694853.1	Canine distemper virus strain H2 hemagglutinin (H) gene, partial cds	1758	dog	Canis lupus familiaris	domestic_dog	False	Taiwan	Taiwan	2008	2008	2008.5	year	H2			False		True	1758	annotation	False	False	False	
FJ694852.1	Canine distemper virus strain H4 hemagglutinin (H) gene, partial cds	1758	dog	Canis lupus familiaris	domestic_dog	False	Taiwan	Taiwan	2008	2008	2008.5	year	H4			False		True	1758	annotation	False	False	False	
FJ605455.1	Canine distemper virus strain GZ0802 hemagglutinin (H) gene, partial cds	1812	dog	Canis lupus familiaris	domestic_dog	False	China: Guangzhou, Guangdong Province	China	15-Jun-2008	2008-06-15	2008.4535519125684	day	GZ0802			False		True	1812	annotation	False	False	False	
KX024709.1	Canine distemper virus isolate CDV12254/2015, complete genome	15690	Meles meles	Meles meles	mustelid	False	Italy	Italy	05-Oct-2015	2015-10-05	2015.7589041095891	day		CDV12254/2015		False		True	1824	annotation	True	True	True	
KX024708.1	Canine distemper virus isolate CDV11956/2015, complete genome	15690	Meles meles	Meles meles	mustelid	False	Italy	Italy	28-Sep-2015	2015-09-28	2015.7397260273972	day		CDV11956/2015		False		True	1824	annotation	True	True	True	
KU552082.1	Canine distemper virus isolate CDV 823 hemagglutinin protein gene, complete cds	1824	dog	Canis lupus familiaris	domestic_dog	False	China	China	10-Feb-1982	1982-02-10	1982.109589041096	day		CDV 823		False		True	1824	annotation	False	False	False	
KU521346.1	Canine distemper virus isolate NJ(15)12 hemagglutinin gene, complete cds	1824	dog	Canis lupus familiaris	domestic_dog	False	China	China	Feb-2015	2015-02	2015.123287671233	month		NJ(15)12		False		True	1824	annotation	False	False	False	
KU521345.1	Canine distemper virus isolate SDWD(14)11 hemagglutinin gene, complete cds	1824	mink	Neovison vison	mustelid	False	China	China	Jun-2014	2014-06	2014.454794520548	month		SDWD(14)11		False		True	1824	annotation	False	False	False	
KU521344.1	Canine distemper virus isolate SDWD(14)10 hemagglutinin gene, complete cds	1824	mink	Neovison vison	mustelid	False	China	China	Jun-2014	2014-06	2014.454794520548	month		SDWD(14)10		False		True	1824	annotation	False	False	False	
KU521343.1	Canine distemper virus isolate SDWD(14)9 hemagglutinin gene, complete cds	1824	mink	Neovison vison	mustelid	False	China	China	May-2014	2014-05	2014.3698630136987	month		SDWD(14)9		False		True	1824	annotation	False	False	False	
KU162860.1	Canine distemper virus hemagglutinin protein gene, complete cds	1925	ferret	Mustela putorius furo	mustelid	False	China	China	08-Sep-2015	2015-09-08	2015.6849315068494	day		WH-1		False		True	1824	annotation	False	False	False	
KU598869.1	Canine distemper virus strain BraBNT(14)VHX hemagglutinin protein (H) gene, partial cds	894	Canis lupus familiaris	Canis lupus familiaris	domestic_dog	False	Brazil	Brazil	2014	2014	2014.5	year	BraBNT(14)VHX	LDM-BTU_VHX		False		True	894	annotation	False	False	False	
KU598868.1	Canine distemper virus strain BraSOD(14)VHT hemagglutinin protein (H) gene, partial cds	935	Canis lupus familiaris	Canis lupus familiaris	domestic_dog	False	Brazil	Brazil	2014	2014	2014.5	year	BraSOD(14)VHT	LDM-BTU_VHT		False		True	935	annotation	False	False	False	
KU598867.1	Canine distemper virus strain BraSOD(14)VHV hemagglutinin protein (H) gene, partial cds	935	Canis lupus familiaris	Canis lupus familiaris	domestic_dog	False	Brazil	Brazil	2014	2014	2014.5	year	BraSOD(14)VHV	LDM-BTU_VHV		False		True	935	annotation	False	False	False	
KU598866.1	Canine distemper virus strain BraVIX(14)SXU hemagglutinin protein (H) gene, partial cds	917	Canis lupus familiaris	Canis lupus familiaris	domestic_dog	False	Brazil	Brazil	2014	2014	2014.5	year	BraVIX(14)SXU	LDM-BTU_SXU		False		True	917	annotation	False	False	False	
KU598865.1	Canine distemper virus strain BraSNP(14)30 hemagglutinin protein (H) gene, partial cds	921	Canis lupus familiaris	Canis lupus familiaris	domestic_dog	False	Brazil	Brazil	2014	2014	2014.5	year	BraSNP(14)30	LIBM-SNP_CD30		False		True	921	annotation	False	False	False	
KU598864.1	Canine distemper virus strain BraSNP(13)10 hemagglutinin protein (H) gene, partial cds	926	Canis lupus familiaris	Canis lupus familiaris	domestic_dog	False	Brazil	Brazil	2013	2013	2013.5	year	BraSNP(13)10	LIBM-SNP_CD10		False		True	926	annotation	False	False	False	
KU598863.1	Canine distemper virus strain BraSNP(13)22 hemagglutinin protein (H) gene, partial cds	915	Canis lupus familiaris	Canis lupus familiaris	domestic_dog	False	Brazil	Brazil	2013	2013	2013.5	year	BraSNP(13)22	LIBM-SNP_CD22		False		True	915	annotation	False	False	False	
KU598862.1	Canine distemper virus strain BraSNP(13)20 hemagglutinin protein (H) gene, partial cds	907	Canis lupus familiaris	Canis lupus familiaris	domestic_dog	False	Brazil	Brazil	2013	2013	2013.5	year	BraSNP(13)20	LIBM-SNP_CD20		False		True	907	annotation	False	False	False	
KU983538.1	Canine distemper virus strain HRB-H4 hemagglutinin (H) gene, partial cds	456	dog	Canis lupus familiaris	domestic_dog	False	China	China	Dec-2014	2014-12	2014.9561643835616	month	HRB-H4			False		True	456	annotation	False	False	False	
KU983537.1	Canine distemper virus strain HRB-G2 hemagglutinin (H) gene, partial cds	456	dog	Canis lupus familiaris	domestic_dog	False	China	China	Feb-2015	2015-02	2015.123287671233	month	HRB-G2			False		True	456	annotation	False	False	False	
KU983536.1	Canine distemper virus strain HRB-F2 hemagglutinin (H) gene, partial cds	456	dog	Canis lupus familiaris	domestic_dog	False	China	China	Nov-2014	2014-11	2014.8739726027397	month	HRB-F2			False		True	456	annotation	False	False	False	
KU983535.1	Canine distemper virus strain HRB-F1 hemagglutinin (H) gene, partial cds	456	dog	Canis lupus familiaris	domestic_dog	False	China	China	Nov-2014	2014-11	2014.8739726027397	month	HRB-F1			False		True	456	annotation	False	False	False	
KU983534.1	Canine distemper virus strain HRB-F0 hemagglutinin (H) gene, partial cds	456	dog	Canis lupus familiaris	domestic_dog	False	China	China	Feb-2015	2015-02	2015.123287671233	month	HRB-F0			False		True	456	annotation	False	False	False	
KU983533.1	Canine distemper virus strain HRB-E1 hemagglutinin (H) gene, partial cds	456	dog	Canis lupus familiaris	domestic_dog	False	China	China	Nov-2014	2014-11	2014.8739726027397	month	HRB-E1			False		True	456	annotation	False	False	False	
KU983532.1	Canine distemper virus strain HRB-D8 hemagglutinin (H) gene, partial cds	456	dog	Canis lupus familiaris	domestic_dog	False	China	China	Nov-2014	2014-11	2014.8739726027397	month	HRB-D8			False		True	456	annotation	False	False	False	
KU983531.1	Canine distemper virus strain HRB-D7 hemagglutinin (H) gene, partial cds	456	dog	Canis lupus familiaris	domestic_dog	False	China	China	Nov-2014	2014-11	2014.8739726027397	month	HRB-D7			False		True	456	annotation	False	False	False	
KU983530.1	Canine distemper virus strain HRB-D6 hemagglutinin (H) gene, partial cds	456	dog	Canis lupus familiaris	domestic_dog	False	China	China	Oct-2014	2014-10	2014.7890410958903	month	HRB-D6			False		True	456	annotation	False	False	False	
KU983529.1	Canine distemper virus strain HRB-D5 hemagglutinin (H) gene, partial cds	456	dog	Canis lupus familiaris	domestic_dog	False	China	China	Oct-2014	2014-10	2014.7890410958903	month	HRB-D5			False		True	456	annotation	False	False	False	
KU983528.1	Canine distemper virus strain HRB-D4 hemagglutinin (H) gene, partial cds	456	dog	Canis lupus familiaris	domestic_dog	False	China	China	Oct-2014	2014-10	2014.7890410958903	month	HRB-D4			False		True	456	annotation	False	False	False	
KU983527.1	Canine distemper virus strain HRB-C5 hemagglutinin (H) gene, partial cds	456	dog	Canis lupus familiaris	domestic_dog	False	China	China	Oct-2014	2014-10	2014.7890410958903	month	HRB-C5			False		True	456	annotation	False	False	False	
KU983526.1	Canine distemper virus strain HRB-b6 hemagglutinin (H) gene, partial cds	456	dog	Canis lupus familiaris	domestic_dog	False	China	China	Oct-2014	2014-10	2014.7890410958903	month	HRB-b6			False		True	456	annotation	False	False	False	
KU983525.1	Canine distemper virus strain HRB-B0 hemagglutinin (H) gene, partial cds	456	dog	Canis lupus familiaris	domestic_dog	False	China	China	Oct-2014	2014-10	2014.7890410958903	month	HRB-B0			False		True	456	annotation	False	False	False	
KU983524.1	Canine distemper virus strain DQ-beta5 hemagglutinin (H) gene, partial cds	456	dog	Canis lupus familiaris	domestic_dog	False	China	China	Feb-2015	2015-02	2015.123287671233	month	DQ-beta5			False		True	456	annotation	False	False	False	
KU983523.1	Canine distemper virus strain HRB-F8 hemagglutinin (H) gene, complete cds	1824	dog	Canis lupus familiaris	domestic_dog	False	China	China	Nov-2014	2014-11	2014.8739726027397	month	HRB-F8			False		True	1824	annotation	False	False	False	
KU983522.1	Canine distemper virus strain HRB-E8 hemagglutinin (H) gene, complete cds	1824	dog	Canis lupus familiaris	domestic_dog	False	China	China	Nov-2014	2014-11	2014.8739726027397	month	HRB-E8			False		True	1824	annotation	False	False	False	
KU983521.1	Canine distemper virus strain HRB-D9 hemagglutinin (H) gene, complete cds	1824	dog	Canis lupus familiaris	domestic_dog	False	China	China	Nov-2014	2014-11	2014.8739726027397	month	HRB-D9			False		True	1824	annotation	False	False	False	
KU983520.1	Canine distemper virus strain HRB-D1 hemagglutinin (H) gene, complete cds	1824	dog	Canis lupus familiaris	domestic_dog	False	China	China	Oct-2014	2014-10	2014.7890410958903	month	HRB-D1			False		True	1824	annotation	False	False	False	
KU983519.1	Canine distemper virus strain MDJ-38 hemagglutinin (H) gene, complete cds	1824	dog	Canis lupus familiaris	domestic_dog	False	China	China	Feb-2015	2015-02	2015.123287671233	month	MDJ-38			False		True	1824	annotation	False	False	False	
KU983518.1	Canine distemper virus strain MDJ-14 hemagglutinin (H) gene, complete cds	1824	dog	Canis lupus familiaris	domestic_dog	False	China	China	Oct-2014	2014-10	2014.7890410958903	month	MDJ-14			False		True	1824	annotation	False	False	False	
KU030833.1	Canine distemper virus isolate HNly150520B hemagglutinin (H) gene, complete cds	1824	dog	Canis lupus familiaris	domestic_dog	False	China	China	May-2015	2015-05	2015.3698630136987	month		HNly150520B		False		True	1824	annotation	False	False	False	
KU030832.1	Canine distemper virus isolate HNly150403 hemagglutinin (H) gene, complete cds	1824	dog	Canis lupus familiaris	domestic_dog	False	China	China	Apr-2015	2015-04	2015.2876712328766	month		HNly150403		False		True	1824	annotation	False	False	False	
KU030831.1	Canine distemper virus isolate HNly150326 hemagglutinin (H) gene, complete cds	1824	dog	Canis lupus familiaris	domestic_dog	False	China	China	Mar-2015	2015-03	2015.2027397260274	month		HNly150326		False		True	1824	annotation	False	False	False	
KT717958.1	Canine distemper virus strain TR-MINK hemagglutinin gene, partial cds	1203	Neovison vison; female	Neovison vison	mustelid	False	Turkey	Turkey	2011	2011	2011.5	year	TR-MINK			False		True	1047	annotation	False	False	False	
KP793921.1	Canine distemper virus isolate giant panda/SX/2014, complete genome	15690	giant panda	Ailuropoda melanoleuca	ursid	False	China: Shanxi	China	2014	2014	2014.5	year		giant panda/SX/2014		False		True	1824	annotation	True	True	True	
KT588923.1	Canine distemper virus strain TR-Mink distemper hemagglutinin gene, partial cds	928	Neovison vison; female	Neovison vison	mustelid	False	Turkey	Turkey	2011	2011	2011.5	year	TR-Mink distemper			False		True	928	annotation	False	False	False	
KT266757.1	Canine distemper virus isolate UNAM_21 hemagglutinin (H) gene, partial cds	509	canine	Canis lupus familiaris	domestic_dog	False	Mexico	Mexico	10-Feb-2015	2015-02-10	2015.109589041096	day		UNAM_21		False		True	509	annotation	False	False	False	
KT266756.1	Canine distemper virus isolate UNAM_20 hemagglutinin (H) gene, partial cds	509	canine	Canis lupus familiaris	domestic_dog	False	Mexico	Mexico	05-Feb-2015	2015-02-05	2015.0958904109589	day		UNAM_20		False		True	509	annotation	False	False	False	
KT266755.1	Canine distemper virus isolate UNAM_19 hemagglutinin (H) gene, partial cds	509	canine	Canis lupus familiaris	domestic_dog	False	Mexico	Mexico	13-Jan-2015	2015-01-13	2015.0328767123287	day		UNAM_19		False		True	509	annotation	False	False	False	
KT266754.1	Canine distemper virus isolate UNAM_18 hemagglutinin (H) gene, partial cds	509	canine	Canis lupus familiaris	domestic_dog	False	Mexico	Mexico	25-Jul-2014	2014-07-25	2014.5616438356165	day		UNAM_18		False		True	509	annotation	False	False	False	
KT266753.1	Canine distemper virus isolate UNAM_17 hemagglutinin (H) gene, partial cds	509	canine	Canis lupus familiaris	domestic_dog	False	Mexico	Mexico	24-Apr-2014	2014-04-24	2014.309589041096	day		UNAM_17		False		True	509	annotation	False	False	False	
KT266752.1	Canine distemper virus isolate UNAM_16 hemagglutinin (H) gene, partial cds	509	canine	Canis lupus familiaris	domestic_dog	False	Mexico	Mexico	24-Apr-2014	2014-04-24	2014.309589041096	day		UNAM_16		False		True	509	annotation	False	False	False	
KT266751.1	Canine distemper virus isolate UNAM_15 hemagglutinin (H) gene, partial cds	509	canine	Canis lupus familiaris	domestic_dog	False	Mexico	Mexico	09-Apr-2014	2014-04-09	2014.268493150685	day		UNAM_15		False		True	509	annotation	False	False	False	
KT266750.1	Canine distemper virus isolate UNAM_14 hemagglutinin (H) gene, partial cds	509	canine	Canis lupus familiaris	domestic_dog	False	Mexico	Mexico	18-Mar-2014	2014-03-18	2014.2082191780821	day		UNAM_14		False		True	509	annotation	False	False	False	
KT266749.1	Canine distemper virus isolate UNAM_13 hemagglutinin (H) gene, partial cds	509	canine	Canis lupus familiaris	domestic_dog	False	Mexico	Mexico	15-May-2014	2014-05-15	2014.3671232876711	day		UNAM_13		False		True	509	annotation	False	False	False	
KT266748.1	Canine distemper virus isolate UNAM_12 hemagglutinin (H) gene, partial cds	509	canine	Canis lupus familiaris	domestic_dog	False	Mexico	Mexico	05-Mar-2014	2014-03-05	2014.172602739726	day		UNAM_12		False		True	509	annotation	False	False	False	
KT266747.1	Canine distemper virus isolate UNAM_11 hemagglutinin (H) gene, partial cds	509	canine	Canis lupus familiaris	domestic_dog	False	Mexico	Mexico	05-Mar-2014	2014-03-05	2014.172602739726	day		UNAM_11		False		True	509	annotation	False	False	False	
KT266746.1	Canine distemper virus isolate UNAM_10 hemagglutinin (H) gene, partial cds	509	canine	Canis lupus familiaris	domestic_dog	False	Mexico	Mexico	20-Feb-2014	2014-02-20	2014.13698630137	day		UNAM_10		False		True	509	annotation	False	False	False	
KT266745.1	Canine distemper virus isolate UNAM_9 hemagglutinin (H) gene, partial cds	509	canine	Canis lupus familiaris	domestic_dog	False	Mexico	Mexico	12-Jun-2013	2013-06-12	2013.4438356164383	day		UNAM_9		False		True	509	annotation	False	False	False	
KT266744.1	Canine distemper virus isolate UNAM_8 hemagglutinin (H) gene, partial cds	509	canine	Canis lupus familiaris	domestic_dog	False	Mexico	Mexico	25-Jun-2013	2013-06-25	2013.4794520547946	day		UNAM_8		False		True	509	annotation	False	False	False	
KT266743.1	Canine distemper virus isolate UNAM_7 hemagglutinin (H) gene, partial cds	509	canine	Canis lupus familiaris	domestic_dog	False	Mexico	Mexico	01-Jun-2013	2013-06-01	2013.4136986301369	day		UNAM_7		False		True	509	annotation	False	False	False	
KT266742.1	Canine distemper virus isolate UNAM_6 hemagglutinin (H) gene, partial cds	509	canine	Canis lupus familiaris	domestic_dog	False	Mexico	Mexico	26-May-2013	2013-05-26	2013.3972602739725	day		UNAM_6		False		True	509	annotation	False	False	False	
KT266741.1	Canine distemper virus isolate UNAM_5 hemagglutinin (H) gene, partial cds	509	canine	Canis lupus familiaris	domestic_dog	False	Mexico	Mexico	15-May-2013	2013-05-15	2013.3671232876711	day		UNAM_5		False		True	509	annotation	False	False	False	
KT266740.1	Canine distemper virus isolate UNAM_4 hemagglutinin (H) gene, partial cds	509	canine	Canis lupus familiaris	domestic_dog	False	Mexico	Mexico	25-May-2013	2013-05-25	2013.3945205479451	day		UNAM_4		False		True	509	annotation	False	False	False	
KT266739.1	Canine distemper virus isolate UNAM_3 hemagglutinin (H) gene, partial cds	509	canine	Canis lupus familiaris	domestic_dog	False	Mexico	Mexico	03-May-2013	2013-05-03	2013.3342465753424	day		UNAM_3		False		True	509	annotation	False	False	False	
KT266738.1	Canine distemper virus isolate UNAM_2 hemagglutinin (H) gene, partial cds	509	canine	Canis lupus familiaris	domestic_dog	False	Mexico	Mexico	30-Apr-2013	2013-04-30	2013.3260273972603	day		UNAM_2		False		True	509	annotation	False	False	False	
KT266737.1	Canine distemper virus isolate UNAM_1 hemagglutinin (H) gene, partial cds	509	canine	Canis lupus familiaris	domestic_dog	False	Mexico	Mexico	03-Apr-2013	2013-04-03	2013.2520547945205	day		UNAM_1		False		True	509	annotation	False	False	False	
KT266736.1	Canine distemper virus isolate UNAM hemagglutinin (H) gene, complete cds	1824	canine	Canis lupus familiaris	domestic_dog	False	Mexico	Mexico	25-Jul-2014	2014-07-25	2014.5616438356165	day		UNAM		False		True	1824	annotation	False	False	False	
KT001210.1	Canine distemper virus isolate SD(14)13 H protein gene, complete cds	1824	mink	Neovison vison	mustelid	False	China	China	12-Sep-2014	2014-09-12	2014.695890410959	day		SD(14)13		False		True	1824	annotation	False	False	False	
KT001209.1	Canine distemper virus isolate SD(14)12 H protein gene, complete cds	1824	mink	Neovison vison	mustelid	False	China	China	12-Sep-2014	2014-09-12	2014.695890410959	day		SD(14)12		False		True	1824	annotation	False	False	False	
KT119347.1	Canine distemper virus isolate Yanbian hemagglutinin protein gene, complete cds	1824	canine	Canis lupus familiaris	domestic_dog	False	China	China	05-Jan-2015	2015-01-05	2015.0109589041097	day		Yanbian		False		True	1824	annotation	False	False	False	
KJ466106.1	Canine distemper virus isolate CDV SY, complete genome	15690	raccoon dog	Nyctereutes procyonoides	wild_canid	False	China	China	2012	2012	2012.5	year		CDV SY		False		True	1824	annotation	True	True	True	
KR185351.1	Canine distemper virus isolate SD(14)11 hemagglutinin protein gene, complete cds	1824	raccoon dog	Nyctereutes procyonoides	wild_canid	False	China: Shandong	China	09-Jul-2014	2014-07-09	2014.517808219178	day		SD(14)11		False		True	1824	annotation	False	False	False	
KP872502.1	Canine distemper virus isolate LN(10)1 hemagglutinin gene, complete cds	1824	Vulpes vulpes	Vulpes sp.	wild_canid	False	China	China	16-Oct-2010	2010-10-16	2010.7890410958903	day		LN(10)1		False		True	1824	annotation	False	False	False	
KP765764.1	Canine distemper virus isolate LN(10)1, complete genome	15690	fox	Vulpes sp.	wild_canid	False	China: Liaoning	China	2010	2010	2010.5	year		LN(10)1		False		True	1824	annotation	True	True	True	
KR074995.1	Canine distemper virus strain GZ10001 hemagglutinin (H) mRNA, partial cds	1812	Red Panda	Ailurus fulgens	ailurid	False	China	China	30-Aug-2012	2012-08-30	2012.6612021857923	day	GZ10001			False		True	1812	annotation	False	False	False	
KR002661.1	Canine distemper virus isolate Dog_1 hemagglutinin gene, complete cds	1824	dog	Canis lupus familiaris	domestic_dog	False	Switzerland	Switzerland	28-Oct-2013	2013-10-28	2013.8219178082193	day		Dog_1		False		True	1824	annotation	False	False	False	
KR002660.1	Canine distemper virus isolate Dog_5 hemagglutinin gene, complete cds	1824	dog	Canis lupus familiaris	domestic_dog	False	Switzerland	Switzerland	06-Nov-2013	2013-11-06	2013.8465753424657	day		Dog_5		False		True	1824	annotation	False	False	False	
KR002659.1	Canine distemper virus isolate Dog_6 hemagglutinin gene, complete cds	1824	dog	Canis lupus familiaris	domestic_dog	False	Switzerland	Switzerland	06-Nov-2013	2013-11-06	2013.8465753424657	day		Dog_6		False		True	1824	annotation	False	False	False	
KR002658.1	Canine distemper virus isolate Dog_9 hemagglutinin gene, complete cds	1824	dog	Canis lupus familiaris	domestic_dog	False	Switzerland	Switzerland	06-Nov-2013	2013-11-06	2013.8465753424657	day		Dog_9		False		True	1824	annotation	False	False	False	
KR002657.1	Canine distemper virus isolate Dog_10 hemagglutinin gene, complete cds	1824	dog	Canis lupus familiaris	domestic_dog	False	Switzerland	Switzerland	06-Nov-2013	2013-11-06	2013.8465753424657	day		Dog_10		False		True	1824	annotation	False	False	False	
EU296493.1	Canine distemper virus strain TW/05-CYY hemagglutinin (H) gene, complete cds	1824	canine	Canis lupus familiaris	domestic_dog	False	Taiwan	Taiwan	2005	2005	2005.5	year	TW/05-CYY			False		True	1824	annotation	False	False	False	
EU296492.1	Canine distemper virus strain TW/05-CYS hemagglutinin (H) gene, complete cds	1824	canine	Canis lupus familiaris	domestic_dog	False	Taiwan	Taiwan	2005	2005	2005.5	year	TW/05-CYS			False		True	1824	annotation	False	False	False	
EU296491.1	Canine distemper virus strain TW/06-PT17 hemagglutinin (H) gene, complete cds	1824	canine	Canis lupus familiaris	domestic_dog	False	Taiwan	Taiwan	2006	2006	2006.5	year	TW/06-PT17			False		True	1824	annotation	False	False	False	
EU296490.1	Canine distemper virus strain TW/05-PT15 hemagglutinin (H) gene, complete cds	1824	canine	Canis lupus familiaris	domestic_dog	False	Taiwan	Taiwan	2005	2005	2005.5	year	TW/05-PT15			False		True	1824	annotation	False	False	False	
EU296489.1	Canine distemper virus strain TW/05-PT13 hemagglutinin (H) gene, complete cds	1824	canine	Canis lupus familiaris	domestic_dog	False	Taiwan	Taiwan	2005	2005	2005.5	year	TW/05-PT13			False		True	1824	annotation	False	False	False	
EU296488.1	Canine distemper virus strain TW/05-PT12 hemagglutinin (H) gene, complete cds	1824	canine	Canis lupus familiaris	domestic_dog	False	Taiwan	Taiwan	2005	2005	2005.5	year	TW/05-PT12			False		True	1824	annotation	False	False	False	
EU296487.1	Canine distemper virus strain TW/05-PT10 hemagglutinin (H) gene, complete cds	1824	canine	Canis lupus familiaris	domestic_dog	False	Taiwan	Taiwan	2005	2005	2005.5	year	TW/05-PT10			False		True	1824	annotation	False	False	False	
EU296486.1	Canine distemper virus strain TW/06-K127 hemagglutinin (H) gene, complete cds	1824	canine	Canis lupus familiaris	domestic_dog	False	Taiwan	Taiwan	2006	2006	2006.5	year	TW/06-K127			False		True	1824	annotation	False	False	False	
EU296485.1	Canine distemper virus strain TW/06-K117 hemagglutinin (H) gene, complete cds	1824	canine	Canis lupus familiaris	domestic_dog	False	Taiwan	Taiwan	2006	2006	2006.5	year	TW/06-K117			False		True	1824	annotation	False	False	False	
EU296484.1	Canine distemper virus strain TW/06-K110 hemagglutinin (H) gene, complete cds	1824	canine	Canis lupus familiaris	domestic_dog	False	Taiwan	Taiwan	2006	2006	2006.5	year	TW/06-K110			False		True	1824	annotation	False	False	False	
EU296483.1	Canine distemper virus strain TW/05-K55 hemagglutinin (H) gene, complete cds	1824	canine	Canis lupus familiaris	domestic_dog	False	Taiwan	Taiwan	2005	2005	2005.5	year	TW/05-K55			False		True	1824	annotation	False	False	False	
EU296482.1	Canine distemper virus strain TW/05-K36 hemagglutinin (H) gene, complete cds	1824	canine	Canis lupus familiaris	domestic_dog	False	Taiwan	Taiwan	2005	2005	2005.5	year	TW/05-K36			False		True	1824	annotation	False	False	False	
EU296481.1	Canine distemper virus strain TW/05-K34 hemagglutinin (H) gene, complete cds	1824	canine	Canis lupus familiaris	domestic_dog	False	Taiwan	Taiwan	2005	2005	2005.5	year	TW/05-K34			False		True	1824	annotation	False	False	False	
KP738610.1	Canine distemper virus strain SD(14)11, complete genome	15690	raccoon dog	Nyctereutes procyonoides	wild_canid	False	China	China	01-Oct-2014	2014-10-01	2014.7479452054795	day	SD(14)11			False		True	1824	annotation	True	True	True	
KF914669.1	Canine distemper virus isolate CDV2784/2013, complete genome	15690	Canis lupus familiaris (dog)	Canis lupus familiaris	domestic_dog	False	Italy: Campobasso	Italy	15-May-2013	2013-05-15	2013.3671232876711	day		CDV2784/2013		False		True	1824	annotation	True	True	True	
KC992187.1	Canine distemper virus isolate Wolf/Italy/7/2013 hemagglutinin (H) gene, partial cds	889	Canis lupus (wolf)	Canis lupus	wild_canid	False	Italy	Italy	31-Mar-2013	2013-03-31	2013.2438356164384	day		Wolf/Italy/7/2013		False		True	889	annotation	False	False	False	
KC992186.1	Canine distemper virus isolate Wolf/Abruzzo/10/2013 hemagglutinin (H) gene, partial cds	914	Canis lupus (wolf)	Canis lupus	wild_canid	False	Italy	Italy	31-Mar-2013	2013-03-31	2013.2438356164384	day		Wolf/Abruzzo/10/2013		False		True	914	annotation	False	False	False	
KC966929.1	Canine distemper virus strain Wb-CDV2013 hemagglutinin gene, complete cds	1824	wolf	Canis lupus	wild_canid	False	Italy: Ortona dei Marsi	Italy	Jan-2013	2013-01	2013.041095890411	month	Wb-CDV2013			False		True	1824	annotation	False	False	False	
KC966928.1	Canine distemper virus strain Wa-CDV2013 hemagglutinin gene, complete cds	1824	wolf	Canis lupus	wild_canid	False	Italy: Ortona dei Marsi	Italy	Jan-2013	2013-01	2013.041095890411	month	Wa-CDV2013			False		True	1824	annotation	False	False	False	
KP202314.1	Canine distemper virus isolate lbmicdv25 hemagglutinin (H) gene, partial cds	1122	domestic dog	Canis lupus familiaris	domestic_dog	False	Brazil	Brazil	2007	2007	2007.5	year		lbmicdv25		False		True	1122	annotation	False	False	False	
KP202313.1	Canine distemper virus isolate lbmicdv21 hemagglutinin (H) gene, partial cds	1122	domestic dog	Canis lupus familiaris	domestic_dog	False	Brazil	Brazil	2007	2007	2007.5	year		lbmicdv21		False		True	1122	annotation	False	False	False	
KP202312.1	Canine distemper virus isolate lbmicdv17 hemagglutinin (H) gene, partial cds	1122	domestic dog	Canis lupus familiaris	domestic_dog	False	Brazil	Brazil	2007	2007	2007.5	year		lbmicdv17		False		True	1122	annotation	False	False	False	
KP202311.1	Canine distemper virus isolate lbmicdv8 hemagglutinin (H) gene, partial cds	1122	domestic dog	Canis lupus familiaris	domestic_dog	False	Brazil	Brazil	2007	2007	2007.5	year		lbmicdv8		False		True	1122	annotation	False	False	False	
KP202310.1	Canine distemper virus isolate lbmicdv5 hemagglutinin (H) gene, partial cds	1122	domestic dog	Canis lupus familiaris	domestic_dog	False	Brazil	Brazil	2007	2007	2007.5	year		lbmicdv5		False		True	1122	annotation	False	False	False	
KP202308.1	Canine distemper virus isolate lbmicdv2 hemagglutinin (H) gene, partial cds	1122	domestic dog	Canis lupus familiaris	domestic_dog	False	Brazil	Brazil	2007	2007	2007.5	year		lbmicdv2		False		True	1122	annotation	False	False	False	
KP127967.1	Canine distemper virus isolate YT1404D hemagglutinin (H) gene, complete cds	1824	Canis lupus familiaris	Canis lupus familiaris	domestic_dog	False	China	China	Apr-2014	2014-04	2014.2876712328766	month		YT1404D		False		True	1824	annotation	False	False	False	
KP127966.1	Canine distemper virus isolate YT1308M hemagglutinin (H) gene, complete cds	1824	mink	Neovison vison	mustelid	False	China	China	Aug-2013	2013-08	2013.6219178082192	month		YT1308M		False		True	1824	annotation	False	False	False	
KP127965.1	Canine distemper virus isolate WH1302F hemagglutinin (H) gene, complete cds	1824	fox	Vulpes sp.	wild_canid	False	China	China	Feb-2013	2013-02	2013.123287671233	month		WH1302F		False		True	1824	annotation	False	False	False	
KP127964.1	Canine distemper virus isolate WF1403M hemagglutinin (H) gene, complete cds	1824	mink	Neovison vison	mustelid	False	China	China	Mar-2014	2014-03	2014.2027397260274	month		WF1403M		False		True	1824	annotation	False	False	False	
KP127963.1	Canine distemper virus isolate WF1403D hemagglutinin (H) gene, complete cds	1824	Canis lupus familiaris	Canis lupus familiaris	domestic_dog	False	China	China	Mar-2014	2014-03	2014.2027397260274	month		WF1403D		False		True	1824	annotation	False	False	False	
KP127962.1	Canine distemper virus isolate WF1307M hemagglutinin (H) gene, complete cds	1824	mink	Neovison vison	mustelid	False	China	China	Jul-2013	2013-07	2013.5369863013698	month		WF1307M		False		True	1824	annotation	False	False	False	
KP127961.1	Canine distemper virus isolate WF1306M hemagglutinin (H) gene, complete cds	1824	mink	Neovison vison	mustelid	False	China	China	Jun-2013	2013-06	2013.454794520548	month		WF1306M		False		True	1824	annotation	False	False	False	
KP127960.1	Canine distemper virus isolate WF1209M hemagglutinin (H) gene, complete cds	1824	mink	Neovison vison	mustelid	False	China	China	Sep-2012	2012-09	2012.707650273224	month		WF1209M		False		True	1824	annotation	False	False	False	
KP127959.1	Canine distemper virus isolate WF1202M hemagglutinin (H) gene, complete cds	1824	mink	Neovison vison	mustelid	False	China	China	Feb-2012	2012-02	2012.122950819672	month		WF1202M		False		True	1824	annotation	False	False	False	
KP127958.1	Canine distemper virus isolate QD1306M hemagglutinin (H) gene, complete cds	1824	mink	Neovison vison	mustelid	False	China	China	Jun-2013	2013-06	2013.454794520548	month		QD1306M		False		True	1824	annotation	False	False	False	
KP127957.1	Canine distemper virus isolate QD1208D hemagglutinin (H) gene, complete cds	1824	Canis lupus familiaris	Canis lupus familiaris	domestic_dog	False	China	China	Aug-2012	2012-08	2012.622950819672	month		QD1208D		False		True	1824	annotation	False	False	False	
KP127956.1	Canine distemper virus isolate LY1206M hemagglutinin (H) gene, complete cds	1824	mink	Neovison vison	mustelid	False	China	China	Jun-2012	2012-06	2012.4562841530055	month		LY1206M		False		True	1824	annotation	False	False	False	
KP127955.1	Canine distemper virus isolate HY1208F hemagglutinin (H) gene, complete cds	1824	fox	Vulpes sp.	wild_canid	False	China	China	Aug-2012	2012-08	2012.622950819672	month		HY1208F		False		True	1824	annotation	False	False	False	
KJ569205.1	Canine distemper virus strain SD-13-10 haemagglutinin (H) gene, complete cds	1836	Nyctereutes procyonoides (raccoon dog)	Nyctereutes procyonoides	wild_canid	False	China: Zhucheng, Shandong	China	31-Oct-2013	2013-10-31	2013.8301369863013	day	SD-13-10			False		True	1824	annotation	False	False	False	
KP765763.1	Canine distemper virus isolate SD(14)7, complete genome	15690	fox	Vulpes sp.	wild_canid	False	China: Shandong	China	03-Jul-2014	2014-07-03	2014.5013698630137	day		SD(14)7		False		True	1824	annotation	True	True	True	
KM923900.1	Canine distemper virus hemagglutinin gene, complete cds	1824	monkey	Primates sp.	primate	False	China	China	Sep-2008	2008-09	2008.707650273224	month	Monkey-BJ01-DV			False		True	1824	annotation	False	False	False	
KF856711.1	Canine distemper virus isolate BJ-01, complete genome	15690	monkey	Primates sp.	primate	False	China: Beijing	China	2006	2006	2006.5	year		BJ-01		False		True	1824	annotation	True	True	True	
KJ567093.1	Canine distemper virus isolate Bari-370-2013-ITA hemagglutinin (H) gene, partial cds	1030	dog	Canis lupus familiaris	domestic_dog	False	Italy	Italy	2013	2013	2013.5	year		Bari-370-2013-ITA		False		True	1030	annotation	False	False	False	
KJ567092.1	Canine distemper virus isolate Bari-181-2013-ITA hemagglutinin (H) gene, partial cds	1030	dog	Canis lupus familiaris	domestic_dog	False	Italy	Italy	2013	2013	2013.5	year		Bari-181-2013-ITA		False		True	1030	annotation	False	False	False	
KJ567091.1	Canine distemper virus isolate Bari-237-2013-ITA hemagglutinin (H) gene, partial cds	1000	dog	Canis lupus familiaris	domestic_dog	False	Italy	Italy	2013	2013	2013.5	year		Bari-237-2013-ITA		False		True	1000	annotation	False	False	False	
KJ567090.1	Canine distemper virus isolate Bari-12-2013-ITA hemagglutinin (H) gene, partial cds	1000	dog	Canis lupus familiaris	domestic_dog	False	Italy	Italy	2013	2013	2013.5	year		Bari-12-2013-ITA		False		True	1000	annotation	False	False	False	
KM386683.1	Canine distemper virus hemagglutinin (H) gene, complete cds	1824	Siberian tiger	Panthera tigris altaica	wild_felid	False	China	China	Oct-2013	2013-10	2013.7890410958903	month		DL1		False		True	1824	annotation	False	False	False	
KJ600776.1	Canine distemper virus isolate 569/12 hemagglutinin gene, partial cds	1767	Procyon lotor (raccoon)	Procyon lotor	procyonid	False	Germany	Germany	18-Dec-2012	2012-12-18	2012.9617486338798	day		569/12		False		True	1767	annotation	False	False	False	
KJ600775.1	Canine distemper virus isolate 525/13 hemagglutinin gene, partial cds	1767	Procyon lotor (raccoon)	Procyon lotor	procyonid	False	Germany	Germany	13-Mar-2013	2013-03-13	2013.194520547945	day		525/13		False		True	1767	annotation	False	False	False	
KJ600774.1	Canine distemper virus isolate 496/13 hemagglutinin gene, partial cds	1767	Procyon lotor (raccoon)	Procyon lotor	procyonid	False	Germany	Germany	08-Mar-2013	2013-03-08	2013.1808219178083	day		496/13		False		True	1767	annotation	False	False	False	
KJ600773.1	Canine distemper virus isolate 103/13 hemagglutinin gene, partial cds	1767	Procyon lotor (raccoon)	Procyon lotor	procyonid	False	Germany	Germany	06-Mar-2013	2013-03-06	2013.1753424657534	day		103/13		False		True	1767	annotation	False	False	False	
KM280689.1	Canine distemper virus strain Uy251, complete genome	15477	Canis lupus familiaris	Canis lupus familiaris	domestic_dog	False	Uruguay	Uruguay	2012	2012	2012.5	year	Uy251			False		True	1824	annotation	True	True	True	
KM114053.1	Canine distemper virus isolate JX2 hemagglutinin protein (H) gene, partial cds	1236	dog	Canis lupus familiaris	domestic_dog	False	China: Nanchang	China	Nov-2013	2013-11	2013.8739726027397	month		JX2		False		True	1236	annotation	False	False	False	
KM115536.1	Canine distemper virus isolate BA440/13/ITA hemagglutinin (H) gene, complete cds	1824	dog	Canis lupus familiaris	domestic_dog	False	Italy	Italy	Jul-2013	2013-07	2013.5369863013698	month		BA440/13/ITA		False		True	1824	annotation	False	False	False	
KM115535.1	Canine distemper virus isolate BA376/13/ITA hemagglutinin (H) gene, complete cds	1824	dog	Canis lupus familiaris	domestic_dog	False	Italy	Italy	Jun-2013	2013-06	2013.454794520548	month		BA376/13/ITA		False		True	1824	annotation	False	False	False	
KM115534.1	Canine distemper virus isolate BA201/13/ITA hemagglutinin (H) gene, complete cds	1824	dog	Canis lupus familiaris	domestic_dog	False	Italy	Italy	Mar-2013	2013-03	2013.2027397260274	month		BA201/13/ITA		False		True	1824	annotation	False	False	False	
KM115533.1	Canine distemper virus isolate BA466/12/ITA hemagglutinin (H) gene, complete cds	1824	dog	Canis lupus familiaris	domestic_dog	False	Italy	Italy	Sep-2012	2012-09	2012.707650273224	month		BA466/12/ITA		False		True	1824	annotation	False	False	False	
KM115532.1	Canine distemper virus isolate 278/13/ITA hemagglutinin (H) gene, complete cds	1824	dog	Canis lupus familiaris	domestic_dog	False	Italy	Italy	Apr-2013	2013-04	2013.2876712328766	month		278/13/ITA		False		True	1824	annotation	False	False	False	
KJ994343.1	Canine distemper virus strain CDV-ZC, complete genome	15690	raccoon dog	Nyctereutes procyonoides	wild_canid	False	China	China	Oct-2013	2013-10	2013.7890410958903	month	CDV-ZC			False		True	1824	annotation	True	True	True	
KM066099.1	Canine distemper virus isolate Ec232-12 hemagglutinin gene, partial cds	630	Canis lupus familiaris	Canis lupus familiaris	domestic_dog	False	Ecuador	Ecuador	2012	2012	2012.5	year		Ec232-12		False		True	630	annotation	False	False	False	
KM066098.1	Canine distemper virus isolate Ec231-12 hemagglutinin gene, partial cds	630	Canis lupus familiaris	Canis lupus familiaris	domestic_dog	False	Ecuador	Ecuador	2012	2012	2012.5	year		Ec231-12		False		True	630	annotation	False	False	False	
KC916722.1	Canine distemper virus strain SNP/2004/spotted hyena 6 hemagglutinin gene, partial cds	405	spotted hyena	Crocuta crocuta	other	False	Tanzania	Tanzania	2004	2004	2004.5	year	SNP/2004/spotted hyena 6			False		True	405	annotation	False	False	False	
KC916721.1	Canine distemper virus strain SNP/1999/spotted hyena 5 hemagglutinin gene, partial cds	405	spotted hyena	Crocuta crocuta	other	False	Tanzania	Tanzania	1999	1999	1999.5	year	SNP/1999/spotted hyena 5			False		True	405	annotation	False	False	False	
KC916720.1	Canine distemper virus strain SNP/1997/spotted hyena 4 hemagglutinin gene, partial cds	405	spotted hyena	Crocuta crocuta	other	False	Tanzania	Tanzania	1997	1997	1997.5	year	SNP/1997/spotted hyena 4			False		True	405	annotation	False	False	False	
KC916719.1	Canine distemper virus strain SNP/1997/spotted hyena 3 hemagglutinin gene, partial cds	405	spotted hyena	Crocuta crocuta	other	False	Tanzania	Tanzania	1997	1997	1997.5	year	SNP/1997/spotted hyena 3			False		True	405	annotation	False	False	False	
KC916718.1	Canine distemper virus strain SNP/1994/spotted hyena 2 hemagglutinin gene, partial cds	671	spotted hyena	Crocuta crocuta	other	False	Tanzania	Tanzania	1994	1994	1994.5	year	SNP/1994/spotted hyena 2			False		True	671	annotation	False	False	False	
KC916717.1	Canine distemper virus strain SNP/1994/ spotted hyena 1 hemagglutinin gene, complete cds	1824	spotted hyena	Crocuta crocuta	other	False	Tanzania	Tanzania	1994	1994	1994.5	year	SNP/1994/ spotted hyena 1			False		True	1824	annotation	False	False	False	
KC916716.1	Canine distemper virus strain SNP/1994/bat-eared fox hemagglutinin gene, complete cds	1824	bat-eared fox	Vulpes vulpes	wild_canid	False	Tanzania	Tanzania	1994	1994	1994.5	year	SNP/1994/bat-eared fox			False		True	1824	annotation	False	False	False	
KC916715.1	Canine distemper virus strain SE/2007/African wild dog hemagglutinin gene, complete cds	1824	African wild dog	Lycaon pictus	wild_canid	False	Tanzania	Tanzania	2007	2007	2007.5	year	SE/2007/African wild dog			False		True	1824	annotation	False	False	False	
KC916714.1	Canine distemper virus strain SE/2011/golden jackal hemagglutinin gene, complete cds	1824	golden jackal	Canis sp.	wild_canid	False	Tanzania	Tanzania	2011	2011	2011.5	year	SE/2011/golden jackal			False		True	1824	annotation	False	False	False	
KJ865300.1	Canine distemper virus strain CDV/LDM-BTU-1 hemagglutinin (H) gene, complete cds	1824	Cerdocyon thous	Cerdocyon thous	wild_canid	False	Brazil	Brazil	15-Mar-2014	2014-03-15	2014.2	day	CDV/LDM-BTU-1			False		True	1824	annotation	False	False	False	
KJ848781.1	Canine distemper virus isolate CDV-RD-JL, complete genome	15690	racoon dog	Canis lupus familiaris	domestic_dog	False	China	China	Apr-2014	2014-04	2014.2876712328766	month		CDV-RD-JL		False		True	1824	annotation	True	True	True	
KJ728667.1	Canine distemper virus collection-date 08-Sep-2013 hemagglutinin mRNA, complete cds	1824	Vulpes lagopus (fox)	Vulpes sp.	wild_canid	False	China: Shandong, Rongcheng	China	08-Sep-2013	2013-09-08	2013.6849315068494	day				False		True	1824	annotation	False	False	False	
KJ728666.1	Canine distemper virus collection-date 07-Dec-2013 hemagglutinin mRNA, complete cds	1824	Nyctereutes procyonoides (raccoon dog)	Nyctereutes procyonoides	wild_canid	False	China: Shandong province, Zhucheng	China	07-Dec-2013	2013-12-07	2013.9315068493152	day				False		True	1824	annotation	False	False	False	
KF835425.1	Canine distemper virus isolate 44-CO/12 hemagglutinin (H) gene, complete cds	1824	dog	Canis lupus familiaris	domestic_dog	False	Colombia	Colombia	18-May-2012	2012-05-18	2012.377049180328	day		44-CO/12		False		True	1824	annotation	False	False	False	
KF835424.1	Canine distemper virus isolate 42-CO/12 hemagglutinin (H) gene, complete cds	1824	dog	Canis lupus familiaris	domestic_dog	False	Colombia	Colombia	09-May-2012	2012-05-09	2012.3524590163934	day		42-CO/12		False		True	1824	annotation	False	False	False	
KF835423.1	Canine distemper virus isolate 41-CO/12 hemagglutinin (H) gene, complete cds	1824	dog	Canis lupus familiaris	domestic_dog	False	Colombia	Colombia	07-May-2012	2012-05-07	2012.3469945355191	day		41-CO/12		False		True	1824	annotation	False	False	False	
KF835422.1	Canine distemper virus isolate 39-CO/12 hemagglutinin (H) gene, complete cds	1824	dog	Canis lupus familiaris	domestic_dog	False	Colombia	Colombia	12-Apr-2012	2012-04-12	2012.27868852459	day		39-CO/12		False		True	1824	annotation	False	False	False	
KF835421.1	Canine distemper virus isolate 40-CO/12 hemagglutinin (H) gene, complete cds	1824	dog	Canis lupus familiaris	domestic_dog	False	Colombia	Colombia	12-Apr-2012	2012-04-12	2012.27868852459	day		40-CO/12		False		True	1824	annotation	False	False	False	
KF835420.1	Canine distemper virus isolate 34-CO/12 hemagglutinin (H) gene, complete cds	1824	dog	Canis lupus familiaris	domestic_dog	False	Colombia	Colombia	28-Mar-2012	2012-03-28	2012.2377049180327	day		34-CO/12		False		True	1824	annotation	False	False	False	
KF835419.1	Canine distemper virus isolate 33-CO/12 hemagglutinin (H) gene, complete cds	1824	dog	Canis lupus familiaris	domestic_dog	False	Colombia	Colombia	28-Mar-2012	2012-03-28	2012.2377049180327	day		33-CO/12		False		True	1824	annotation	False	False	False	
KF835418.1	Canine distemper virus isolate 30-CO/12 hemagglutinin (H) gene, complete cds	1824	dog	Canis lupus familiaris	domestic_dog	False	Colombia	Colombia	26-Mar-2012	2012-03-26	2012.2322404371585	day		30-CO/12		False		True	1824	annotation	False	False	False	
KF835417.1	Canine distemper virus isolate 29-CO/12 hemagglutinin (H) gene, complete cds	1824	dog	Canis lupus familiaris	domestic_dog	False	Colombia	Colombia	24-Mar-2012	2012-03-24	2012.2267759562842	day		29-CO/12		False		True	1824	annotation	False	False	False	
KF835416.1	Canine distemper virus isolate 26-CO/12 hemagglutinin (H) gene, complete cds	1824	dog	Canis lupus familiaris	domestic_dog	False	Colombia	Colombia	22-Mar-2012	2012-03-22	2012.22131147541	day		26-CO/12		False		True	1824	annotation	False	False	False	
KF835415.1	Canine distemper virus isolate 19-CO/12 hemagglutinin (H) gene, complete cds	1824	dog	Canis lupus familiaris	domestic_dog	False	Colombia	Colombia	28-Jan-2012	2012-01-28	2012.0737704918033	day		19-CO/12		False		True	1824	annotation	False	False	False	
KF835414.1	Canine distemper virus isolate 18-CO/12 hemagglutinin (H) gene, complete cds	1824	dog	Canis lupus familiaris	domestic_dog	False	Colombia	Colombia	23-Jan-2012	2012-01-23	2012.0601092896175	day		18-CO/12		False		True	1824	annotation	False	False	False	
KF835413.1	Canine distemper virus isolate 14-CO/12 hemagglutinin (H) gene, complete cds	1824	dog	Canis lupus familiaris	domestic_dog	False	Colombia	Colombia	20-Jan-2012	2012-01-20	2012.051912568306	day		14-CO/12		False		True	1824	annotation	False	False	False	
KF835412.1	Canine distemper virus isolate 13-CO/12 hemagglutinin (H) gene, complete cds	1824	dog	Canis lupus familiaris	domestic_dog	False	Colombia	Colombia	20-Jan-2012	2012-01-20	2012.051912568306	day		13-CO/12		False		True	1824	annotation	False	False	False	
KF835411.1	Canine distemper virus isolate 2-CO/11 hemagglutinin (H) gene, complete cds	1824	dog	Canis lupus familiaris	domestic_dog	False	Colombia	Colombia	20-Oct-2011	2011-10-20	2011.8	day		2-CO/11		False		True	1824	annotation	False	False	False	
KF184991.1	Canine distemper virus strain 352.2012 hemagglutinin (H) gene, partial cds	582	Canis lupus familiaris	Canis lupus familiaris	domestic_dog	False	Italy	Italy	2012	2012	2012.5	year	352.2012			False		True	582	annotation	False	False	False	
KF184990.1	Canine distemper virus strain 319.2012 hemagglutinin (H) gene, partial cds	582	Canis lupus familiaris	Canis lupus familiaris	domestic_dog	False	Italy	Italy	2012	2012	2012.5	year	319.2012			False		True	582	annotation	False	False	False	
KF184989.1	Canine distemper virus strain 99.2011 hemagglutinin (H) gene, partial cds	582	Canis lupus familiaris	Canis lupus familiaris	domestic_dog	False	Italy	Italy	2011	2011	2011.5	year	99.2011			False		True	582	annotation	False	False	False	
KF184988.1	Canine distemper virus strain 741.2006 hemagglutinin (H) gene, partial cds	582	Canis lupus familiaris	Canis lupus familiaris	domestic_dog	False	Italy	Italy	2006	2006	2006.5	year	741.2006			False		True	582	annotation	False	False	False	
KF184987.1	Canine distemper virus strain 64.2004 hemagglutinin (H) gene, partial cds	582	Canis lupus familiaris	Canis lupus familiaris	domestic_dog	False	Italy	Italy	2004	2004	2004.5	year	64.2004			False		True	582	annotation	False	False	False	
KF184986.1	Canine distemper virus strain 456.2003 hemagglutinin (H) gene, partial cds	582	Canis lupus familiaris	Canis lupus familiaris	domestic_dog	False	Italy	Italy	2003	2003	2003.5	year	456.2003			False		True	582	annotation	False	False	False	
KF184985.1	Canine distemper virus strain 444.2002 hemagglutinin (H) gene, partial cds	582	Canis lupus familiaris	Canis lupus familiaris	domestic_dog	False	Italy	Italy	2002	2002	2002.5	year	444.2002			False		True	582	annotation	False	False	False	
KJ685550.1	Canine distemper virus isolate SD(14)2 hemagglutinin gene, complete cds	1824	Neovison vison (mink)	Neovison vison	mustelid	False	China: Shandong Province, Linyi	China	06-Feb-2014	2014-02-06	2014.0986301369862	day		SD(14)2		False		True	1824	annotation	False	False	False	
KJ660069.1	Canine distemper virus strain SD(14)3 hemagglutinin mRNA, complete cds	1824	European mink	Neovison vison	mustelid	False	China: Shandong, Dezhou	China	02-Mar-2014	2014-03-02	2014.164383561644	day	SD(14)3			False		True	1824	annotation	False	False	False	
KJ579444.1	Canine distemper virus strain WD(13)11 hemagglutinin protein (H) gene, complete cds	1824	Arctic fox	Vulpes lagopus	wild_canid	False	China: Shandong, Wendeng	China	20-Nov-2013	2013-11-20	2013.8849315068494	day	WD(13)11			False		True	1824	annotation	False	False	False	
KF880684.1	Canine distemper virus strain SD(13)7 hemagglutinin (H) gene, complete cds	1824	mink	Neovison vison	mustelid	False	China: Shandong	China	13-Oct-2013	2013-10-13	2013.7808219178082	day	SD(13)7			False		True	1824	annotation	False	False	False	
KF880683.1	Canine distemper virus strain SD(13)6 hemagglutinin (H) gene, complete cds	1824	mink	Neovison vison	mustelid	False	China: Shandong	China	13-Oct-2013	2013-10-13	2013.7808219178082	day	SD(13)6			False		True	1824	annotation	False	False	False	
KF880682.1	Canine distemper virus strain SD(13)5 hemagglutinin (H) gene, complete cds	1824	mink	Neovison vison	mustelid	False	China: Shandong	China	13-Oct-2013	2013-10-13	2013.7808219178082	day	SD(13)5			False		True	1824	annotation	False	False	False	
KF880681.1	Canine distemper virus strain SD(13)4 hemagglutinin (H) gene, complete cds	1824	raccoon dog	Nyctereutes procyonoides	wild_canid	False	China: Shandong	China	13-Oct-2013	2013-10-13	2013.7808219178082	day	SD(13)4			False		True	1824	annotation	False	False	False	
KF880680.1	Canine distemper virus strain SD(13)3 hemagglutinin (H) gene, complete cds	1824	fox	Vulpes sp.	wild_canid	False	China: Shandong	China	13-Oct-2013	2013-10-13	2013.7808219178082	day	SD(13)3			False		True	1824	annotation	False	False	False	
KF880679.1	Canine distemper virus strain SD(13)2 hemagglutinin (H) gene, complete cds	1824	raccoon dog	Nyctereutes procyonoides	wild_canid	False	China: Shandong	China	13-Oct-2013	2013-10-13	2013.7808219178082	day	SD(13)2			False		True	1824	annotation	False	False	False	
KF880678.1	Canine distemper virus strain SD(13)1 hemagglutinin (H) gene, complete cds	1824	raccoon dog	Nyctereutes procyonoides	wild_canid	False	China: Shandong	China	13-Oct-2013	2013-10-13	2013.7808219178082	day	SD(13)1			False		True	1824	annotation	False	False	False	
KF880677.1	Canine distemper virus strain LN(13)2 hemagglutinin (H) gene, complete cds	1824	mink	Neovison vison	mustelid	False	China: Liaoning	China	03-Oct-2013	2013-10-03	2013.7534246575342	day	LN(13)2			False		True	1824	annotation	False	False	False	
KF767692.1	Canine distemper virus strain HLJ-13-1 hemagglutinin (H) gene, complete cds	1824	fox	Vulpes sp.	wild_canid	False	China: Hei Longjiang	China	07-Aug-2013	2013-08-07	2013.5972602739726	day	HLJ-13-1			False		True	1824	annotation	False	False	False	
KF006820.1	Canine distemper virus strain HeB-13-1 hemagglutinin (H) gene, complete cds	1824	mink	Neovison vison	mustelid	False	China: Heibei	China	31-Jan-2013	2013-01-31	2013.0821917808219	day	HeB-13-1			False		True	1824	annotation	False	False	False	
KF006819.1	Canine distemper virus strain LN-13-1 hemagglutinin (H) gene, complete cds	1824	raccoon	Procyon lotor	procyonid	False	China: Liaoning	China	30-Jan-2013	2013-01-30	2013.0794520547945	day	LN-13-1			False		True	1824	annotation	False	False	False	
KC494688.1	Canine distemper virus strain SD-12-3 hemagglutinin (H) gene, complete cds	1824	mink	Neovison vison	mustelid	False	China: Shandong	China	22-Sep-2012	2012-09-22	2012.724043715847	day	SD-12-3			False		True	1824	annotation	False	False	False	
JX844221.1	Canine distemper virus strain SD(12)2 hemagglutinin (H) gene, complete cds	1824	fox	Vulpes sp.	wild_canid	False	China: Shandong	China	05-Aug-2012	2012-08-05	2012.5928961748634	day	SD(12)2			False		True	1824	annotation	False	False	False	
JX844220.1	Canine distemper virus strain SD(12)1 hemagglutinin (H) gene, complete cds	1824	mink	Neovison vison	mustelid	False	China: Shandong	China	06-Jul-2012	2012-07-06	2012.5109289617487	day	SD(12)1			False		True	1824	annotation	False	False	False	
JX844219.1	Canine distemper virus strain LN(12)1 hemagglutinin (H) gene, complete cds	1824	fox	Vulpes sp.	wild_canid	False	China: Liaoning	China	08-Aug-2012	2012-08-08	2012.6010928961748	day	LN(12)1			False		True	1824	annotation	False	False	False	
JX844218.1	Canine distemper virus strain LN(11)1 hemagglutinin (H) gene, complete cds	1824	fox	Vulpes sp.	wild_canid	False	China: Liaoning	China	18-Aug-2011	2011-08-18	2011.627397260274	day	LN(11)1			False		True	1824	annotation	False	False	False	
KJ160517.1	Canine distemper virus isolate YD hemagglutinin protein gene, partial cds	1800	Canis lupus familiaris	Canis lupus familiaris	domestic_dog	False	China	China	Jan-2011	2011-01	2011.041095890411	month		YD		False		True	1800	annotation	False	False	False	
KJ489383.1	Canine distemper virus isolate NJ(12)7 hemagglutinin gene, complete cds	1824	dog	Canis lupus familiaris	domestic_dog	False	China	China	2012	2012	2012.5	year		NJ(12)7		False		True	1824	annotation	False	False	False	
KJ489382.1	Canine distemper virus isolate NJ(12)6 hemagglutinin gene, complete cds	1824	dog	Canis lupus familiaris	domestic_dog	False	China	China	2012	2012	2012.5	year		NJ(12)6		False		True	1824	annotation	False	False	False	
KJ489381.1	Canine distemper virus isolate NJ(12)5 hemagglutinin gene, complete cds	1824	dog	Canis lupus familiaris	domestic_dog	False	China	China	2012	2012	2012.5	year		NJ(12)5		False		True	1824	annotation	False	False	False	
KJ437596.1	Canine distemper virus isolate NJ(12)4 hemagglutinin gene, complete cds	1824	dog	Canis lupus familiaris	domestic_dog	False	China	China	2012	2012	2012.5	year		NJ(12)4		False		True	1824	annotation	False	False	False	
KJ437595.1	Canine distemper virus isolate NJ(12)3 hemagglutinin gene, complete cds	1824	dog	Canis lupus familiaris	domestic_dog	False	China	China	2012	2012	2012.5	year		NJ(12)3		False		True	1824	annotation	False	False	False	
KJ437594.1	Canine distemper virus isolate NJ(11)2 hemagglutinin gene, complete cds	1824	dog	Canis lupus familiaris	domestic_dog	False	China	China	2011	2011	2011.5	year		NJ(11)2		False		True	1824	annotation	False	False	False	
KJ437593.1	Canine distemper virus isolate NJ(12)1 hemagglutinin gene, complete cds	1824	dog	Canis lupus familiaris	domestic_dog	False	China	China	2012	2012	2012.5	year		NJ(12)1		False		True	1824	annotation	False	False	False	
KJ123771.1	Canine distemper virus isolate 171391-513, complete genome	15690	dog	Canis lupus familiaris	domestic_dog	False	USA	USA	2004	2004	2004.5	year		171391-513		False		True	1824	annotation	True	True	True	
KF430377.1	Canine distemper virus isolate CDV/mink/Denmark/52-27-1/2013 hemagglutinin gene, complete cds	1824	Neovison vison	Neovison vison	mustelid	False	Denmark	Denmark	2013	2013	2013.5	year		CDV/mink/Denmark/52-27-1/2013		False		True	1824	annotation	False	False	False	
KF430376.1	Canine distemper virus isolate CDV/raccoon_dog/Denmark/52-572-1/2013 hemagglutinin gene, complete cds	1824	Nyctereutes procyonoides	Nyctereutes procyonoides	wild_canid	False	Denmark	Denmark	2013	2013	2013.5	year		CDV/raccoon_dog/Denmark/52-572-1/2013		False		True	1824	annotation	False	False	False	
KF430375.1	Canine distemper virus isolate CDV/ferret/Denmark/52-689-1/2013 hemagglutinin gene, complete cds	1824	Mustela putorius	Mustela sp.	mustelid	False	Denmark	Denmark	2013	2013	2013.5	year		CDV/ferret/Denmark/52-689-1/2013		False		True	1824	annotation	False	False	False	
KF430374.1	Canine distemper virus isolate CDV/mink/Denmark/7606338/2004 hemagglutinin gene, complete cds	1824	Neovison vison	Neovison vison	mustelid	False	Denmark	Denmark	2004	2004	2004.5	year		CDV/mink/Denmark/7606338/2004		False		True	1824	annotation	False	False	False	
KF430373.1	Canine distemper virus isolate CDV/mink/Denmark/52-1133-1/2007 hemagglutinin gene, complete cds	1824	Neovison vison	Neovison vison	mustelid	False	Denmark	Denmark	2007	2007	2007.5	year		CDV/mink/Denmark/52-1133-1/2007		False		True	1824	annotation	False	False	False	
KF430372.1	Canine distemper virus isolate CDV/mink/Denmark/52-895-4/2007 hemagglutinin gene, complete cds	1824	Neovison vison	Neovison vison	mustelid	False	Denmark	Denmark	2007	2007	2007.5	year		CDV/mink/Denmark/52-895-4/2007		False		True	1824	annotation	False	False	False	
KF430371.1	Canine distemper virus isolate CDV/mink/Denmark/52-895-1/2007 hemagglutinin gene, complete cds	1824	Neovison vison	Neovison vison	mustelid	False	Denmark	Denmark	2007	2007	2007.5	year		CDV/mink/Denmark/52-895-1/2007		False		True	1824	annotation	False	False	False	
KF430370.1	Canine distemper virus isolate CDV/mink/Denmark/52-97-1/2013 hemagglutinin gene, complete cds	1824	Neovison vison	Neovison vison	mustelid	False	Denmark	Denmark	2013	2013	2013.5	year		CDV/mink/Denmark/52-97-1/2013		False		True	1824	annotation	False	False	False	
KF430369.1	Canine distemper virus isolate CDV/raccoon_dog/Denmark/52-79-1/2013 hemagglutinin gene, complete cds	1824	Nyctereutes procyonoides	Nyctereutes procyonoides	wild_canid	False	Denmark	Denmark	2013	2013	2013.5	year		CDV/raccoon_dog/Denmark/52-79-1/2013		False		True	1824	annotation	False	False	False	
KF430368.1	Canine distemper virus isolate CDV/mink/Denmark/52-69-1/2013 hemagglutinin gene, complete cds	1824	Neovison vison	Neovison vison	mustelid	False	Denmark	Denmark	2013	2013	2013.5	year		CDV/mink/Denmark/52-69-1/2013		False		True	1824	annotation	False	False	False	
KF430367.1	Canine distemper virus isolate CDV/mink/Denmark/52-1241-1/2012 hemagglutinin gene, complete cds	1824	Neovison vison	Neovison vison	mustelid	False	Denmark	Denmark	2012	2012	2012.5	year		CDV/mink/Denmark/52-1241-1/2012		False		True	1824	annotation	False	False	False	
KF430366.1	Canine distemper virus isolate CDV/mink/Denmark/52-39-1/2013 hemagglutinin gene, complete cds	1824	Neovison vison	Neovison vison	mustelid	False	Denmark	Denmark	2013	2013	2013.5	year		CDV/mink/Denmark/52-39-1/2013		False		True	1824	annotation	False	False	False	
KF430365.1	Canine distemper virus isolate CDV/mink/Denmark/52-1164-1/2012 hemagglutinin gene, complete cds	1824	Neovison vison	Neovison vison	mustelid	False	Denmark	Denmark	2012	2012	2012.5	year		CDV/mink/Denmark/52-1164-1/2012		False		True	1824	annotation	False	False	False	
KF430364.1	Canine distemper virus isolate CDV/mink/Denmark/52-1356-1/2012 hemagglutinin gene, complete cds	1824	Neovison vison	Neovison vison	mustelid	False	Denmark	Denmark	2012	2012	2012.5	year		CDV/mink/Denmark/52-1356-1/2012		False		True	1824	annotation	False	False	False	
KF430363.1	Canine distemper virus isolate CDV/mink/Denmark/52-784/2011 hemagglutinin gene, complete cds	1824	Neovison vison	Neovison vison	mustelid	False	Denmark	Denmark	2011	2011	2011.5	year		CDV/mink/Denmark/52-784/2011		False		True	1824	annotation	False	False	False	
KF430362.1	Canine distemper virus isolate CDV/fox/Denmark/52-1539-1/2012 hemagglutinin gene, complete cds	1824	Vulpes vulpes	Vulpes sp.	wild_canid	False	Denmark	Denmark	2012	2012	2012.5	year		CDV/fox/Denmark/52-1539-1/2012		False		True	1824	annotation	False	False	False	
KF430361.1	Canine distemper virus isolate CDV/fox/Denmark/52-1540-1/2012 hemagglutinin gene, complete cds	1824	Vulpes vulpes	Vulpes sp.	wild_canid	False	Denmark	Denmark	2012	2012	2012.5	year		CDV/fox/Denmark/52-1540-1/2012		False		True	1824	annotation	False	False	False	
KF430360.1	Canine distemper virus isolate CDV/fox/Denmark/52-1288-1/2012 hemagglutinin gene, complete cds	1824	Vulpes vulpes	Vulpes sp.	wild_canid	False	Denmark	Denmark	2012	2012	2012.5	year		CDV/fox/Denmark/52-1288-1/2012		False		True	1824	annotation	False	False	False	
KF430359.1	Canine distemper virus isolate CDV/fox/Denmark/52-1452-1/2012 hemagglutinin gene, complete cds	1824	Vulpes vulpes	Vulpes sp.	wild_canid	False	Denmark	Denmark	2012	2012	2012.5	year		CDV/fox/Denmark/52-1452-1/2012		False		True	1824	annotation	False	False	False	
KF430358.1	Canine distemper virus isolate CDV/fox/Denmark/52-1453-1/2012 hemagglutinin gene, complete cds	1824	Vulpes vulpes	Vulpes sp.	wild_canid	False	Denmark	Denmark	2012	2012	2012.5	year		CDV/fox/Denmark/52-1453-1/2012		False		True	1824	annotation	False	False	False	
KF430357.1	Canine distemper virus isolate CDV/fox/Denmark/52-1541-1/2012 hemagglutinin gene, complete cds	1824	Vulpes vulpes	Vulpes sp.	wild_canid	False	Denmark	Denmark	2012	2012	2012.5	year		CDV/fox/Denmark/52-1541-1/2012		False		True	1824	annotation	False	False	False	
KF430356.1	Canine distemper virus isolate CDV/mink/Denmark/52-1144-1/2012 hemagglutinin gene, complete cds	1824	Neovison vison	Neovison vison	mustelid	False	Denmark	Denmark	2012	2012	2012.5	year		CDV/mink/Denmark/52-1144-1/2012		False		True	1824	annotation	False	False	False	
KF430355.1	Canine distemper virus isolate CDV/mink/Denmark/52-1081-1/2012 hemagglutinin gene, complete cds	1824	Neovison vison	Neovison vison	mustelid	False	Denmark	Denmark	2012	2012	2012.5	year		CDV/mink/Denmark/52-1081-1/2012		False		True	1824	annotation	False	False	False	
KF430354.1	Canine distemper virus isolate CDV/mink/Denmark/52-1155-1/2012 hemagglutinin gene, complete cds	1824	Neovison vison	Neovison vison	mustelid	False	Denmark	Denmark	2012	2012	2012.5	year		CDV/mink/Denmark/52-1155-1/2012		False		True	1824	annotation	False	False	False	
KF430353.1	Canine distemper virus isolate CDV/mink/Denmark/52-971-1/2012 hemagglutinin gene, complete cds	1824	Neovison vison	Neovison vison	mustelid	False	Denmark	Denmark	2012	2012	2012.5	year		CDV/mink/Denmark/52-971-1/2012		False		True	1824	annotation	False	False	False	
KF430352.1	Canine distemper virus isolate CDV/mink/Denmark/52-1159-1/2012 hemagglutinin gene, complete cds	1824	Neovison vison	Neovison vison	mustelid	False	Denmark	Denmark	2012	2012	2012.5	year		CDV/mink/Denmark/52-1159-1/2012		False		True	1824	annotation	False	False	False	
KF430351.1	Canine distemper virus isolate CDV/mink/Denmark/52-1092-1/2012 hemagglutinin gene, complete cds	1824	Neovison vison	Neovison vison	mustelid	False	Denmark	Denmark	2012	2012	2012.5	year		CDV/mink/Denmark/52-1092-1/2012		False		True	1824	annotation	False	False	False	
KF430350.1	Canine distemper virus isolate CDV/mink/Denmark/52-1240-1/2012 hemagglutinin gene, complete cds	1824	Neovison vison	Neovison vison	mustelid	False	Denmark	Denmark	2012	2012	2012.5	year		CDV/mink/Denmark/52-1240-1/2012		False		True	1824	annotation	False	False	False	
KF430349.1	Canine distemper virus isolate CDV/mink/Denmark/52-1148-1/2012 hemagglutinin gene, complete cds	1824	Neovison vison	Neovison vison	mustelid	False	Denmark	Denmark	2012	2012	2012.5	year		CDV/mink/Denmark/52-1148-1/2012		False		True	1824	annotation	False	False	False	
KF430348.1	Canine distemper virus isolate CDV/mink/Denmark/52-940-1/2012 hemagglutinin gene, complete cds	1824	Neovison vison	Neovison vison	mustelid	False	Denmark	Denmark	2012	2012	2012.5	year		CDV/mink/Denmark/52-940-1/2012		False		True	1824	annotation	False	False	False	
KF430347.1	Canine distemper virus isolate CDV/mink/Denmark/52-1210-1/2012 hemagglutinin gene, complete cds	1824	Neovison vison	Neovison vison	mustelid	False	Denmark	Denmark	2012	2012	2012.5	year		CDV/mink/Denmark/52-1210-1/2012		False		True	1824	annotation	False	False	False	
KF430346.1	Canine distemper virus isolate CDV/fox/Denmark/52-1585-1/2012 hemagglutinin gene, complete cds	1824	Vulpes vulpes	Vulpes sp.	wild_canid	False	Denmark	Denmark	2012	2012	2012.5	year		CDV/fox/Denmark/52-1585-1/2012		False		True	1824	annotation	False	False	False	
KF430345.1	Canine distemper virus isolate CDV/mink/Denmark/52-1308-1/2012 hemagglutinin gene, complete cds	1824	Neovison vison	Neovison vison	mustelid	False	Denmark	Denmark	2012	2012	2012.5	year		CDV/mink/Denmark/52-1308-1/2012		False		True	1824	annotation	False	False	False	
KF430344.1	Canine distemper virus isolate CDV/mink/Denmark/52-1275-1/2012 hemagglutinin gene, complete cds	1824	Neovison vison	Neovison vison	mustelid	False	Denmark	Denmark	2012	2012	2012.5	year		CDV/mink/Denmark/52-1275-1/2012		False		True	1824	annotation	False	False	False	
KF430343.1	Canine distemper virus isolate CDV/mink/Denmark/52-1122-1/2012 hemagglutinin gene, complete cds	1824	Neovison vison	Neovison vison	mustelid	False	Denmark	Denmark	2012	2012	2012.5	year		CDV/mink/Denmark/52-1122-1/2012		False		True	1824	annotation	False	False	False	
KF430342.1	Canine distemper virus isolate CDV/mink/Denmark/52-1333-1/2012 hemagglutinin gene, complete cds	1824	Neovison vison	Neovison vison	mustelid	False	Denmark	Denmark	2012	2012	2012.5	year		CDV/mink/Denmark/52-1333-1/2012		False		True	1824	annotation	False	False	False	
KF430341.1	Canine distemper virus isolate CDV/mink/Denmark/52-1318-1/2012 hemagglutinin gene, complete cds	1824	Neovison vison	Neovison vison	mustelid	False	Denmark	Denmark	2012	2012	2012.5	year		CDV/mink/Denmark/52-1318-1/2012		False		True	1824	annotation	False	False	False	
KF430340.1	Canine distemper virus isolate CDV/mink/Denmark/52-1338-1/2012 hemagglutinin gene, complete cds	1824	Neovison vison	Neovison vison	mustelid	False	Denmark	Denmark	2012	2012	2012.5	year		CDV/mink/Denmark/52-1338-1/2012		False		True	1824	annotation	False	False	False	
KF430339.1	Canine distemper virus isolate CDV/mink/Denmark/52-1135-1/2012 hemagglutinin gene, complete cds	1824	Neovison vison	Neovison vison	mustelid	False	Denmark	Denmark	2012	2012	2012.5	year		CDV/mink/Denmark/52-1135-1/2012		False		True	1824	annotation	False	False	False	
KF430338.1	Canine distemper virus isolate CDV/mink/Denmark/52-1203-1/2012 hemagglutinin gene, complete cds	1824	Neovison vison	Neovison vison	mustelid	False	Denmark	Denmark	2012	2012	2012.5	year		CDV/mink/Denmark/52-1203-1/2012		False		True	1824	annotation	False	False	False	
KF430337.1	Canine distemper virus isolate CDV/mink/Denmark/52-1077-1/2012 hemagglutinin gene, complete cds	1824	Neovison vison	Neovison vison	mustelid	False	Denmark	Denmark	2012	2012	2012.5	year		CDV/mink/Denmark/52-1077-1/2012		False		True	1824	annotation	False	False	False	
JX912978.2	Canine distemper virus isolate Bra-391/12 hemagglutinin (H) gene, partial cds	1803	dog	Canis lupus familiaris	domestic_dog	False	Brazil	Brazil	2012	2012	2012.5	year		Bra-391/12		False		True	1803	annotation	False	False	False	
JX912976.2	Canine distemper virus isolate Bra-313/12 hemagglutinin (H) gene, partial cds	1803	dog	Canis lupus familiaris	domestic_dog	False	Brazil	Brazil	2012	2012	2012.5	year		Bra-313/12		False		True	1803	annotation	False	False	False	
JX912975.2	Canine distemper virus isolate Bra-311/12 hemagglutinin (H) gene, partial cds	1803	dog	Canis lupus familiaris	domestic_dog	False	Brazil	Brazil	2012	2012	2012.5	year		Bra-311/12		False		True	1803	annotation	False	False	False	
JX912971.2	Canine distemper virus isolate Bra-214/10 hemagglutinin (H) gene, partial cds	1803	dog	Canis lupus familiaris	domestic_dog	False	Brazil	Brazil	2010	2010	2010.5	year		Bra-214/10		False		True	1803	annotation	False	False	False	
JX912968.2	Canine distemper virus isolate Bra-188/08 hemagglutinin (H) gene, partial cds	1803	dog	Canis lupus familiaris	domestic_dog	False	Brazil	Brazil	2008	2008	2008.5	year		Bra-188/08		False		True	1803	annotation	False	False	False	
JX912966.2	Canine distemper virus isolate Bra-178/08 hemagglutinin (H) gene, partial cds	1803	dog	Canis lupus familiaris	domestic_dog	False	Brazil	Brazil	2008	2008	2008.5	year		Bra-178/08		False		True	1803	annotation	False	False	False	
JX912965.2	Canine distemper virus isolate Bra-173/08 hemagglutinin (H) gene, partial cds	1803	dog	Canis lupus familiaris	domestic_dog	False	Brazil	Brazil	2008	2008	2008.5	year		Bra-173/08		False		True	1803	annotation	False	False	False	
JX912964.2	Canine distemper virus isolate Bra-166/08 hemagglutinin (H) gene, partial cds	1803	dog	Canis lupus familiaris	domestic_dog	False	Brazil	Brazil	2008	2008	2008.5	year		Bra-166/08		False		True	1803	annotation	False	False	False	
JX912963.2	Canine distemper virus isolate Bra-128/12 hemagglutinin (H) gene, partial cds	1803	dog	Canis lupus familiaris	domestic_dog	False	Brazil	Brazil	2012	2012	2012.5	year		Bra-128/12		False		True	1803	annotation	False	False	False	
JX912961.2	Canine distemper virus isolate Bra-110/12 hemagglutinin (H) gene, partial cds	1803	dog	Canis lupus familiaris	domestic_dog	False	Brazil	Brazil	2012	2012	2012.5	year		Bra-110/12		False		True	1803	annotation	False	False	False	
JX912960.2	Canine distemper virus isolate Bra-104/12 hemagglutinin (H) gene, partial cds	1803	dog	Canis lupus familiaris	domestic_dog	False	Brazil	Brazil	2012	2012	2012.5	year		Bra-104/12		False		True	1803	annotation	False	False	False	
JX912959.2	Canine distemper virus isolate Bra-103/12 hemagglutinin (H) gene, partial cds	1803	dog	Canis lupus familiaris	domestic_dog	False	Brazil	Brazil	2012	2012	2012.5	year		Bra-103/12		False		True	1803	annotation	False	False	False	
JX912958.2	Canine distemper virus isolate Bra-101/12 hemagglutinin (H) gene, partial cds	1803	dog	Canis lupus familiaris	domestic_dog	False	Brazil	Brazil	2012	2012	2012.5	year		Bra-101/12		False		True	1803	annotation	False	False	False	
JX912977.1	Canine distemper virus isolate Bra-382/11 hemagglutinin (H) gene, partial cds	694	dog	Canis lupus familiaris	domestic_dog	False	Brazil	Brazil	2011	2011	2011.5	year		Bra-382/11		False		True	694	annotation	False	False	False	
JX912974.1	Canine distemper virus isolate Bra-282/12 hemagglutinin (H) gene, partial cds	694	dog	Canis lupus familiaris	domestic_dog	False	Brazil	Brazil	2012	2012	2012.5	year		Bra-282/12		False		True	694	annotation	False	False	False	
JX912973.1	Canine distemper virus isolate Bra-274/12 hemagglutinin (H) gene, partial cds	694	dog	Canis lupus familiaris	domestic_dog	False	Brazil	Brazil	2012	2012	2012.5	year		Bra-274/12		False		True	694	annotation	False	False	False	
JX912972.1	Canine distemper virus isolate Bra-258/11 hemagglutinin (H) gene, partial cds	694	dog	Canis lupus familiaris	domestic_dog	False	Brazil	Brazil	2011	2011	2011.5	year		Bra-258/11		False		True	694	annotation	False	False	False	
JX912970.1	Canine distemper virus isolate Bra-207/09 hemagglutinin (H) gene, partial cds	694	dog	Canis lupus familiaris	domestic_dog	False	Brazil	Brazil	2009	2009	2009.5	year		Bra-207/09		False		True	694	annotation	False	False	False	
JX912969.1	Canine distemper virus isolate Bra-194/08 hemagglutinin (H) gene, partial cds	694	dog	Canis lupus familiaris	domestic_dog	False	Brazil	Brazil	2008	2008	2008.5	year		Bra-194/08		False		True	694	annotation	False	False	False	
JX912967.1	Canine distemper virus isolate Bra-179/08 hemagglutinin (H) gene, partial cds	694	dog	Canis lupus familiaris	domestic_dog	False	Brazil	Brazil	2008	2008	2008.5	year		Bra-179/08		False		True	694	annotation	False	False	False	
JX912962.1	Canine distemper virus isolate Bra-114/12 hemagglutinin (H) gene, partial cds	694	dog	Canis lupus familiaris	domestic_dog	False	Brazil	Brazil	2012	2012	2012.5	year		Bra-114/12		False		True	694	annotation	False	False	False	
JX912957.1	Canine distemper virus isolate Bra-6/09 hemagglutinin (H) gene, partial cds	694	dog	Canis lupus familiaris	domestic_dog	False	Brazil	Brazil	2009	2009	2009.5	year		Bra-6/09		False		True	694	annotation	False	False	False	
JX912956.1	Canine distemper virus isolate Bra-5/09 hemagglutinin (H) gene, partial cds	694	dog	Canis lupus familiaris	domestic_dog	False	Brazil	Brazil	2009	2009	2009.5	year		Bra-5/09		False		True	694	annotation	False	False	False	
JX886788.1	Canine distemper virus isolate THA04/09 hemagglutinin (H) gene, partial cds	1544	dog	Canis lupus familiaris	domestic_dog	False	Thailand	Thailand	2009	2009	2009.5	year		THA04/09		False		True	1544	annotation	False	False	False	
JX886787.1	Canine distemper virus isolate THA05/09 hemagglutinin (H) gene, partial cds	1544	dog	Canis lupus familiaris	domestic_dog	False	Thailand	Thailand	2009	2009	2009.5	year		THA05/09		False		True	1544	annotation	False	False	False	
JX886786.1	Canine distemper virus isolate THA02/10 hemagglutinin (H) gene, partial cds	1544	dog	Canis lupus familiaris	domestic_dog	False	Thailand	Thailand	2010	2010	2010.5	year		THA02/10		False		True	1544	annotation	False	False	False	
JX886785.1	Canine distemper virus isolate THA01/10 hemagglutinin (H) gene, partial cds	1544	dog	Canis lupus familiaris	domestic_dog	False	Thailand	Thailand	2010	2010	2010.5	year		THA01/10		False		True	1544	annotation	False	False	False	
JX886784.1	Canine distemper virus isolate THA03/09 hemagglutinin (H) gene, partial cds	1544	dog	Canis lupus familiaris	domestic_dog	False	Thailand	Thailand	2009	2009	2009.5	year		THA03/09		False		True	1544	annotation	False	False	False	
JX886783.1	Canine distemper virus isolate THA03/10 hemagglutinin (H) gene, partial cds	1544	dog	Canis lupus familiaris	domestic_dog	False	Thailand	Thailand	2010	2010	2010.5	year		THA03/10		False		True	1544	annotation	False	False	False	
JX886782.1	Canine distemper virus isolate THA01/09 hemagglutinin (H) gene, partial cds	1544	dog	Canis lupus familiaris	domestic_dog	False	Thailand	Thailand	2009	2009	2009.5	year		THA01/09		False		True	1544	annotation	False	False	False	
JX886781.1	Canine distemper virus isolate THA02/09 hemagglutinin (H) gene, partial cds	1544	dog	Canis lupus familiaris	domestic_dog	False	Thailand	Thailand	2009	2009	2009.5	year		THA02/09		False		True	1544	annotation	False	False	False	
JX886780.1	Canine distemper virus isolate THA/VG hemagglutinin (H) gene, partial cds	1544	dog	Canis lupus familiaris	domestic_dog	False	Thailand	Thailand	2011	2011	2011.5	year		THA/VG		False		True	1544	annotation	False	False	False	
JX886779.1	Canine distemper virus isolate THA/QT hemagglutinin (H) gene, partial cds	1544	dog	Canis lupus familiaris	domestic_dog	False	Thailand	Thailand	2011	2011	2011.5	year		THA/QT		False		True	1544	annotation	False	False	False	
JX886778.1	Canine distemper virus isolate THA07/11 hemagglutinin (H) gene, partial cds	1544	dog	Canis lupus familiaris	domestic_dog	False	Thailand	Thailand	2011	2011	2011.5	year		THA07/11		False		True	1544	annotation	False	False	False	
JX886777.1	Canine distemper virus isolate THA06/10 hemagglutinin (H) gene, partial cds	1544	dog	Canis lupus familiaris	domestic_dog	False	Thailand	Thailand	2010	2010	2010.5	year		THA06/10		False		True	1544	annotation	False	False	False	
JX886776.1	Canine distemper virus isolate THA05/10 hemagglutinin (H) gene, partial cds	1544	dog	Canis lupus familiaris	domestic_dog	False	Thailand	Thailand	2010	2010	2010.5	year		THA05/10		False		True	1544	annotation	False	False	False	
JX886775.1	Canine distemper virus isolate THA12/11 hemagglutinin (H) gene, partial cds	1544	dog	Canis lupus familiaris	domestic_dog	False	Thailand	Thailand	2011	2011	2011.5	year		THA12/11		False		True	1544	annotation	False	False	False	
JX886774.1	Canine distemper virus isolate THA10/11 hemagglutinin (H) gene, partial cds	1544	dog	Canis lupus familiaris	domestic_dog	False	Thailand	Thailand	2011	2011	2011.5	year		THA10/11		False		True	1544	annotation	False	False	False	
JQ327708.1	Canine distemper virus strain R11-JB-079 hemagglutinin (H) gene, complete cds	1824	raccoon dog	Nyctereutes procyonoides	wild_canid	False	South Korea	South Korea	2011	2011	2011.5	year	R11-JB-079			False		True	1824	annotation	False	False	False	
JQ327707.1	Canine distemper virus strain R10-JB-004 hemagglutinin (H) gene, complete cds	1824	raccoon dog	Nyctereutes procyonoides	wild_canid	False	South Korea	South Korea	2010	2010	2010.5	year	R10-JB-004			False		True	1824	annotation	False	False	False	
KC667067.1	Canine distemper virus strain GZ0804 hemagglutinin (H) mRNA, partial cds	1812	dog	Canis lupus familiaris	domestic_dog	False	China	China	15-Oct-2012	2012-10-15	2012.7868852459017	day	GZ0804			False		True	1812	annotation	False	False	False	
KC667065.1	Canine distemper virus strain GZ0803 hemagglutinin (H) mRNA, partial cds	1812	dog	Canis lupus familiaris	domestic_dog	False	China	China	28-Nov-2012	2012-11-28	2012.9071038251366	day	GZ0803			False		True	1812	annotation	False	False	False	
JN896331.1	Canine distemper virus strain PS, complete genome	15690	Canis familiaris	Canis lupus familiaris	domestic_dog	False	China	China	2010	2010	2010.5	year	PS			False		True	1824	annotation	True	True	True	
KC590510.1	Canine distemper virus strain GZ0805 hemagglutinin protein (H) mRNA, partial cds	1812	Canis familiaris	Canis lupus familiaris	domestic_dog	False	China: Guangzhou	China	18-Aug-2012	2012-08-18	2012.6284153005465	day	GZ0805			False		True	1812	annotation	False	False	False	
KC257464.1	Canine distemper virus strain Argentina 26 hemagglutinin gene, partial cds	1812	Canis familiaris	Canis lupus familiaris	domestic_dog	False	Argentina	Argentina	2010	2010	2010.5	year	Argentina 26	Ramon		False		True	1812	annotation	False	False	False	
KC257463.1	Canine distemper virus strain Argentina 25 hemagglutinin gene, partial cds	1812	Canis familiaris	Canis lupus familiaris	domestic_dog	False	Argentina	Argentina	2010	2010	2010.5	year	Argentina 25	Ciro		False		True	1812	annotation	False	False	False	
JX406740.1	Canine distemper virus isolate Sichuan07 hemagglutinin gene, partial cds	594	dog	Canis lupus familiaris	domestic_dog	False	China	China	Apr-2011	2011-04	2011.2876712328766	month		Sichuan07		False		True	594	annotation	False	False	False	
JX406739.1	Canine distemper virus isolate Sichuan06 hemagglutinin gene, partial cds	594	dog	Canis lupus familiaris	domestic_dog	False	China	China	Apr-2011	2011-04	2011.2876712328766	month		Sichuan06		False		True	594	annotation	False	False	False	
JX406738.1	Canine distemper virus isolate Sichuan05 hemagglutinin gene, partial cds	594	dog	Canis lupus familiaris	domestic_dog	False	China	China	Apr-2011	2011-04	2011.2876712328766	month		Sichuan05		False		True	594	annotation	False	False	False	
JX406737.1	Canine distemper virus isolate Sichuan04 hemagglutinin gene, partial cds	594	dog	Canis lupus familiaris	domestic_dog	False	China	China	Apr-2011	2011-04	2011.2876712328766	month		Sichuan04		False		True	594	annotation	False	False	False	
JX406736.1	Canine distemper virus isolate Sichuan03 hemagglutinin gene, partial cds	594	dog	Canis lupus familiaris	domestic_dog	False	China	China	Apr-2011	2011-04	2011.2876712328766	month		Sichuan03		False		True	594	annotation	False	False	False	
JX406735.1	Canine distemper virus isolate Sichuan08 hemagglutinin gene, partial cds	594	Ailuropoda melanoleuca	Ailuropoda melanoleuca	ursid	False	China	China	Apr-2011	2011-04	2011.2876712328766	month		Sichuan08		False		True	594	annotation	False	False	False	
JX406734.1	Canine distemper virus isolate Sichuan02 hemagglutinin gene, partial cds	594	dog	Canis lupus familiaris	domestic_dog	False	China	China	Apr-2011	2011-04	2011.2876712328766	month		Sichuan02		False		True	594	annotation	False	False	False	
JX406733.1	Canine distemper virus isolate Sichuan01 hemagglutinin gene, partial cds	594	dog	Canis lupus familiaris	domestic_dog	False	China	China	Apr-2011	2011-04	2011.2876712328766	month		Sichuan01		False		True	594	annotation	False	False	False	
KC479141.1	Canine distemper virus isolate UP1 hemagglutinin protein (H) gene, partial cds	688	dog	Canis lupus familiaris	domestic_dog	False	India	India	2012	2012	2012.5	year		UP1		False		True	688	annotation	False	False	False	
KC479140.1	Canine distemper virus isolate T2 hemagglutinin protein (H) gene, partial cds	688	tiger	Panthera tigris	wild_felid	False	India	India	2012	2012	2012.5	year		T2		False		True	688	annotation	False	False	False	
KC479139.1	Canine distemper virus isolate T1 hemagglutinin protein (H) gene, partial cds	688	tiger	Panthera tigris	wild_felid	False	India	India	2012	2012	2012.5	year		T1		False		True	688	annotation	False	False	False	
KC479138.1	Canine distemper virus hemagglutinin protein (H) gene, partial cds	688	red panda	Ailurus fulgens	ailurid	False	India	India	2012	2012	2012.5	year				False		True	688	annotation	False	False	False	
KC427278.1	Canine distemper virus isolate Hebei, complete genome	15690	mink	Neovison vison	mustelid	False	China	China	06-Jul-2008	2008-07-06	2008.5109289617487	day		Hebei		False		True	1824	annotation	True	True	True	
JX681125.1	Canine distemper virus strain HLJ1-06, complete genome	15690	fox	Vulpes sp.	wild_canid	False	China	China	Jul-2006	2006-07	2006.5369863013698	month	HLJ1-06			False		True	1824	annotation	True	True	True	
JF810128.1	Canine distemper virus isolate W10/1556 hemagglutinin gene, partial cds	407	Vulpes vulpes	Vulpes sp.	wild_canid	False	Switzerland	Switzerland	2010	2010	2010.5	year		W10/1556		False		True	407	annotation	False	False	False	
JF810127.1	Canine distemper virus isolate W10/1716 hemagglutinin gene, partial cds	408	Vulpes vulpes	Vulpes sp.	wild_canid	False	Switzerland	Switzerland	2010	2010	2010.5	year		W10/1716		False		True	408	annotation	False	False	False	
JF810126.1	Canine distemper virus isolate W10/519 hemagglutinin gene, partial cds	407	Vulpes vulpes	Vulpes sp.	wild_canid	False	Switzerland	Switzerland	2010	2010	2010.5	year		W10/519		False		True	407	annotation	False	False	False	
JF810125.1	Canine distemper virus isolate W10/949 hemagglutinin gene, partial cds	414	Vulpes vulpes	Vulpes sp.	wild_canid	False	Switzerland	Switzerland	2010	2010	2010.5	year		W10/949		False		True	414	annotation	False	False	False	
JF810124.1	Canine distemper virus isolate W10/947 hemagglutinin gene, partial cds	414	Vulpes vulpes	Vulpes sp.	wild_canid	False	Switzerland	Switzerland	2010	2010	2010.5	year		W10/947		False		True	414	annotation	False	False	False	
JF810123.1	Canine distemper virus isolate W10/1293 hemagglutinin gene, partial cds	415	Vulpes vulpes	Vulpes sp.	wild_canid	False	Switzerland	Switzerland	2010	2010	2010.5	year		W10/1293		False		True	415	annotation	False	False	False	
JF810122.1	Canine distemper virus isolate W10/139 hemagglutinin gene, partial cds	414	Vulpes vulpes	Vulpes sp.	wild_canid	False	Switzerland	Switzerland	2010	2010	2010.5	year		W10/139		False		True	414	annotation	False	False	False	
JF810117.1	Canine distemper virus isolate W10/1832 hemagglutinin gene, partial cds	414	Meles meles	Meles meles	mustelid	False	Switzerland	Switzerland	2010	2010	2010.5	year		W10/1832		False		True	414	annotation	False	False	False	
JF810116.1	Canine distemper virus isolate W10/1376 hemagglutinin gene, partial cds	415	Meles meles	Meles meles	mustelid	False	Switzerland	Switzerland	2010	2010	2010.5	year		W10/1376		False		True	415	annotation	False	False	False	
JF810115.1	Canine distemper virus isolate W02/956 hemagglutinin gene, partial cds	401	Martes foina	Martes sp.	mustelid	False	Switzerland	Switzerland	2002	2002	2002.5	year		W02/956		False		True	401	annotation	False	False	False	
JF810114.1	Canine distemper virus isolate W10/228 hemagglutinin gene, partial cds	410	Martes foina	Martes sp.	mustelid	False	Switzerland	Switzerland	2010	2010	2010.5	year		W10/228		False		True	410	annotation	False	False	False	
JF810111.1	Canine distemper virus isolate 44294 hemagglutinin gene, complete cds	1824	dog	Canis lupus familiaris	domestic_dog	False	Switzerland	Switzerland	2010	2010	2010.5	year		44294		False		True	1824	annotation	False	False	False	
JF810110.1	Canine distemper virus isolate W02/2253 hemagglutinin gene, complete cds	1824	Martes foina	Martes sp.	mustelid	False	Switzerland	Switzerland	2002	2002	2002.5	year		W02/2253		False		True	1824	annotation	False	False	False	
JF810109.1	Canine distemper virus isolate W10/2733 hemagglutinin gene, complete cds	1824	Lynx lynx	Lynx sp.	wild_felid	False	Switzerland	Switzerland	2010	2010	2010.5	year		W10/2733		False		True	1824	annotation	False	False	False	
JF810108.1	Canine distemper virus isolate W10/845 hemagglutinin gene, complete cds	1824	Vulpes vulpes	Vulpes sp.	wild_canid	False	Switzerland	Switzerland	2010	2010	2010.5	year		W10/845		False		True	1824	annotation	False	False	False	
JF810107.1	Canine distemper virus isolate W10/339 hemagglutinin gene, complete cds	1824	Vulpes vulpes	Vulpes sp.	wild_canid	False	Switzerland	Switzerland	2010	2010	2010.5	year		W10/339		False		True	1824	annotation	False	False	False	
JF810106.1	Canine distemper virus isolate W10/301F hemagglutinin gene, complete cds	1824	Vulpes vulpes	Vulpes sp.	wild_canid	False	Switzerland	Switzerland	2010	2010	2010.5	year		W10/301F		False		True	1824	annotation	False	False	False	
JX276746.1	Canine distemper virus isolate PS-N hemagglutinin gene, complete cds	1824	Canis lupus familiaris	Canis lupus familiaris	domestic_dog	False	China	China	06-Jul-2009	2009-07-06	2009.509589041096	day		PS-N		False		True	1824	annotation	False	False	False	
JQ732177.1	Canine distemper virus strain LBLD(11) hemagglutinin gene, complete cds	1824	dog	Canis lupus familiaris	domestic_dog	False	China	China	2011	2011	2011.5	year	LBLD(11)			False		True	1824	annotation	False	False	False	
JQ732176.1	Canine distemper virus strain DH(05) hemagglutinin gene, complete cds	1824	dog	Canis lupus familiaris	domestic_dog	False	China	China	2005	2005	2005.5	year	DH(05)			False		True	1824	annotation	False	False	False	
JQ732175.1	Canine distemper virus strain JQ(11) hemagglutinin gene, complete cds	1824	dog	Canis lupus familiaris	domestic_dog	False	China	China	2011	2011	2011.5	year	JQ(11)			False		True	1824	annotation	False	False	False	
JQ732174.1	Canine distemper virus strain FH(10) hemagglutinin gene, complete cds	1824	raccoon dog	Nyctereutes procyonoides	wild_canid	False	China	China	2010	2010	2010.5	year	FH(10)			False		True	1824	annotation	False	False	False	
JQ732173.1	Canine distemper virus strain LDH(06) hemagglutinin gene, complete cds	1824	fox	Vulpes sp.	wild_canid	False	China	China	2006	2006	2006.5	year	LDH(06)			False		True	1824	annotation	False	False	False	
JQ732172.1	Canine distemper virus strain SS(10) hemagglutinin gene, complete cds	1824	dog	Canis lupus familiaris	domestic_dog	False	China	China	2010	2010	2010.5	year	SS(10)			False		True	1824	annotation	False	False	False	
JQ732171.1	Canine distemper virus strain TD2(10) hemagglutinin gene, complete cds	1824	dog	Canis lupus familiaris	domestic_dog	False	China	China	2010	2010	2010.5	year	TD2(10)			False		True	1824	annotation	False	False	False	
JQ732170.1	Canine distemper virus strain ZH(05) hemagglutinin gene, complete cds	1824	raccoon dog	Nyctereutes procyonoides	wild_canid	False	China	China	2005	2005	2005.5	year	ZH(05)			False		True	1824	annotation	False	False	False	
JN836737.1	Canine distemper virus isolate Fisher4 hemagglutinin gene, partial cds	1803	Martes pennanti (fisher)	Martes sp.	mustelid	False	USA: CA	USA	22-Sep-2009	2009-09-22	2009.7232876712328	day		Fisher4		False		True	1803	annotation	False	False	False	
JN836736.1	Canine distemper virus isolate Fisher3 hemagglutinin gene, partial cds	1803	Martes pennanti (fisher)	Martes sp.	mustelid	False	USA: CA	USA	22-Sep-2009	2009-09-22	2009.7232876712328	day		Fisher3		False		True	1803	annotation	False	False	False	
JN836735.1	Canine distemper virus isolate Fisher2 hemagglutinin gene, partial cds	1803	Martes pennanti (fisher)	Martes sp.	mustelid	False	USA: CA	USA	29-Apr-2009	2009-04-29	2009.323287671233	day		Fisher2		False		True	1803	annotation	False	False	False	
JN836734.1	Canine distemper virus isolate Fisher1 hemagglutinin gene, partial cds	1803	Martes pennanti (fisher)	Martes sp.	mustelid	False	USA: CA	USA	30-Apr-2009	2009-04-30	2009.3260273972603	day		Fisher1		False		True	1803	annotation	False	False	False	
JN153025.1	Canine distemper virus strain 458/07 hemagglutinin (H) gene, complete cds	1824	red fox	Vulpes vulpes	wild_canid	False	Germany	Germany	2008	2008	2008.5	year	458/07			False		True	1824	annotation	False	False	False	
JN153024.1	Canine distemper virus strain 408/589/07 hemagglutinin (H) gene, complete cds	1824	red fox	Vulpes vulpes	wild_canid	False	Germany	Germany	2008	2008	2008.5	year	408/589/07			False		True	1824	annotation	False	False	False	
JN153023.1	Canine distemper virus strain 236/07 hemagglutinin (H) gene, complete cds	1824	raccoon	Procyon lotor	procyonid	False	Germany	Germany	2007	2007	2007.5	year	236/07			False		True	1824	annotation	False	False	False	
JN153022.1	Canine distemper virus strain 188/07 hemagglutinin (H) gene, complete cds	1824	raccoon	Procyon lotor	procyonid	False	Germany	Germany	2007	2007	2007.5	year	188/07			False		True	1824	annotation	False	False	False	
JN153021.1	Canine distemper virus strain 140/07 hemagglutinin (H) gene, complete cds	1824	raccoon	Procyon lotor	procyonid	False	Germany	Germany	2007	2007	2007.5	year	140/07			False		True	1824	annotation	False	False	False	
JN153020.1	Canine distemper virus strain 125/07 hemagglutinin (H) gene, complete cds	1824	raccoon	Procyon lotor	procyonid	False	Germany	Germany	2007	2007	2007.5	year	125/07			False		True	1824	annotation	False	False	False	
JN153019.1	Canine distemper virus strain 124/07 hemagglutinin (H) gene, complete cds	1824	raccoon	Procyon lotor	procyonid	False	Germany	Germany	2007	2007	2007.5	year	124/07			False		True	1824	annotation	False	False	False	
FJ477090.1	Canine distemper virus strain Dog-2007 hemagglutinin gene, partial cds	1344	dog	Canis lupus familiaris	domestic_dog	False	Kazakhstan: Almaty	Kazakhstan	May-2007	2007-05	2007.3698630136987	month	Dog-2007			False		True	1344	annotation	False	False	False	
FJ477089.1	Canine distemper virus strain Phoca/Caspian/2007 hemagglutinin gene, partial cds	1344	Phoca	Phoca sp.	pinniped	False	Kazakhstan: Caspian Sea	Kazakhstan	Apr-2007	2007-04	2007.2876712328766	month	Phoca/Caspian/2007			False		True	1344	annotation	False	False	False	
JN215477.1	Canine distemper virus isolate Uy-141/09 hemagglutinin (H) gene, complete cds	1824	domestic dog	Canis lupus familiaris	domestic_dog	False	Uruguay	Uruguay	2009	2009	2009.5	year		Uy-141/09		False		True	1824	annotation	False	False	False	
JN215476.1	Canine distemper virus isolate Uy-128/09 hemagglutinin (H) gene, complete cds	1824	domestic dog	Canis lupus familiaris	domestic_dog	False	Uruguay	Uruguay	2009	2009	2009.5	year		Uy-128/09		False		True	1824	annotation	False	False	False	
JN215475.1	Canine distemper virus isolate Uy-111/08 hemagglutinin (H) gene, complete cds	1824	domestic dog	Canis lupus familiaris	domestic_dog	False	Uruguay	Uruguay	2008	2008	2008.5	year		Uy-111/08		False		True	1824	annotation	False	False	False	
JN215474.1	Canine distemper virus isolate Uy-109/08 hemagglutinin (H) gene, complete cds	1824	domestic dog	Canis lupus familiaris	domestic_dog	False	Uruguay	Uruguay	2008	2008	2008.5	year		Uy-109/08		False		True	1824	annotation	False	False	False	
JN215473.1	Canine distemper virus isolate Uy-102/07 hemagglutinin (H) gene, complete cds	1824	domestic dog	Canis lupus familiaris	domestic_dog	False	Uruguay	Uruguay	2007	2007	2007.5	year		Uy-102/07		False		True	1824	annotation	False	False	False	
HQ657209.1	Canine distemper virus isolate BJ-09 hemagglutinin protein gene, complete cds	1824	dog	Canis lupus familiaris	domestic_dog	False	China	China	2010	2010	2010.5	year		BJ-09		False		True	1824	annotation	False	False	False	
HQ128601.1	Canine distemper virus isolate PS-5 hemagglutinin protein (H) gene, complete cds	1824	raccoon dog	Nyctereutes procyonoides	wild_canid	False	China	China	May-2010	2010-05	2010.3698630136987	month		PS-5		False		True	1824	annotation	False	False	False	
GQ332535.1	Canine distemper virus isolate 24 hemagglutinin protein H gene, complete cds	1824	dog	Canis lupus familiaris	domestic_dog	False	China: Wuhan	China	May-2008	2008-05	2008.3715846994535	month		24		False		True	1824	annotation	False	False	False	
GQ332534.1	Canine distemper virus isolate 23 hemagglutinin protein H gene, complete cds	1824	dog	Canis lupus familiaris	domestic_dog	False	China: Wuhan	China	May-2008	2008-05	2008.3715846994535	month		23		False		True	1824	annotation	False	False	False	
GQ332533.1	Canine distemper virus isolate 20 hemagglutinin protein H gene, complete cds	1824	dog	Canis lupus familiaris	domestic_dog	False	China: Wuhan	China	May-2008	2008-05	2008.3715846994535	month		20		False		True	1824	annotation	False	False	False	
GQ332532.1	Canine distemper virus isolate 17 hemagglutinin protein H gene, complete cds	1824	dog	Canis lupus familiaris	domestic_dog	False	China: Wuhan	China	May-2008	2008-05	2008.3715846994535	month		17		False		True	1824	annotation	False	False	False	
GQ332531.1	Canine distemper virus isolate 16 hemagglutinin protein H gene, complete cds	1824	dog	Canis lupus familiaris	domestic_dog	False	China: Wuhan	China	May-2008	2008-05	2008.3715846994535	month		16		False		True	1824	annotation	False	False	False	
GQ332530.1	Canine distemper virus isolate 14 hemagglutinin protein H gene, complete cds	1824	dog	Canis lupus familiaris	domestic_dog	False	China: Wuhan	China	May-2008	2008-05	2008.3715846994535	month		14		False		True	1824	annotation	False	False	False	
JN381191.1	Canine distemper virus isolate CDV GZ2 hemagglutinin protein (H) gene, complete cds	1824	dog	Canis lupus familiaris	domestic_dog	False	China: Guizhou	China	May-2011	2011-05	2011.3698630136987	month		CDV GZ2		False		True	1824	annotation	False	False	False	
JF343962.1	Canine distemper virus strain ZJ7 hemagglutinin (H) mRNA, complete cds	1824	dog	Canis lupus familiaris	domestic_dog	False	China	China	20-Oct-2009	2009-10-20	2009.8	day	ZJ7			False		True	1824	annotation	False	False	False	
HM852904.1	Canine distemper virus isolate MKY-KM08, complete genome	15690	Macaca mulatta	Macaca sp.	primate	False	China	China	2008	2008	2008.5	year		MKY-KM08		False		True	1824	annotation	True	True	True	
HM563059.1	Canine distemper virus isolate Lili hemagglutinin (H) gene, complete cds	1921	dog	Canis lupus familiaris	domestic_dog	False	Portugal	Portugal	05-Feb-2007	2007-02-05	2007.0958904109589	day		Lili		False		True	1824	annotation	False	False	False	
HM563058.1	Canine distemper virus isolate SMLM75 hemagglutinin (H) gene, complete cds	1921	wolf	Canis lupus	wild_canid	False	Portugal	Portugal	18-Sep-2008	2008-09-18	2008.7131147540983	day		SMLM75		False		True	1824	annotation	False	False	False	
HM563057.1	Canine distemper virus isolate SMLM3 hemagglutinin (H) gene, complete cds	1921	wolf	Canis lupus	wild_canid	False	Portugal	Portugal	02-Feb-1998	1998-02-02	1998.0876712328768	day		SMLM3		False		True	1815	annotation	False	False	False	
HQ850147.1	Canine distemper virus isolate GS0812-4 hemagglutinin protein (H) gene, complete cds	1824	domestic dog	Canis lupus familiaris	domestic_dog	False	China: Gansu	China	Sep-2008	2008-09	2008.707650273224	month		GS0812-4		False		True	1824	annotation	False	False	False	
HQ540293.1	Canine distemper virus strain HLJ1-06, partial genome	15477	fox	Vulpes sp.	wild_canid	False	China	China	2006	2006	2006.5	year	HLJ1-06			False		True	1824	annotation	True	True	False	
HQ540292.1	Canine distemper virus strain HLJ2-07, partial genome	15477	Canis lupus familiaris	Canis lupus familiaris	domestic_dog	False	China	China	2007	2007	2007.5	year	HLJ2-07			False		True	1824	annotation	True	True	False	
HQ128600.1	Canine distemper virus isolate N-2 hemagglutinin protein (H) gene, complete cds	1824	dog	Canis lupus familiaris	domestic_dog	False	China	China	May-2010	2010-05	2010.3698630136987	month		N-2		False		True	1824	annotation	False	False	False	
HQ128599.1	Canine distemper virus isolate F-4 hemagglutinin protein (H) gene, complete cds	1824	dog	Canis lupus familiaris	domestic_dog	False	China	China	May-2010	2010-05	2010.3698630136987	month		F-4		False		True	1824	annotation	False	False	False	
HM120874.1	Canine distemper virus isolate SNP350/09/ITA hemagglutinin (H) gene, complete cds	1824	Vulpes vulpes (red fox)	Vulpes vulpes	wild_canid	False	Italy	Italy	2009	2009	2009.5	year		SNP350/09/ITA		False		True	1824	annotation	False	False	False	
FJ848536.1	Canine distemper virus isolate BJ080318 hemagglutinin gene, complete cds	1824	Canis lupus familiaris	Canis lupus familiaris	domestic_dog	False	China	China	18-Apr-2008	2008-04-18	2008.295081967213	day		BJ080318		False		True	1824	annotation	False	False	False	
FJ848535.1	Canine distemper virus isolate BJ080406 hemagglutinin gene, complete cds	1824	Canis lupus familiaris	Canis lupus familiaris	domestic_dog	False	China	China	06-Apr-2008	2008-04-06	2008.2622950819673	day		BJ080406		False		True	1824	annotation	False	False	False	
FJ848534.1	Canine distemper virus isolate BJ080505 hemagglutinin gene, complete cds	1824	Canis lupus familiaris	Canis lupus familiaris	domestic_dog	False	China	China	05-May-2008	2008-05-05	2008.3415300546449	day		BJ080505		False		True	1824	annotation	False	False	False	
FJ848533.1	Canine distemper virus isolate BJ080326 nonfunctional hemagglutinin gene, complete sequence	1824	Canis lupus familiaris	Canis lupus familiaris	domestic_dog	False	China	China	26-Mar-2008	2008-03-26	2008.2322404371585	day		BJ080326		False		True	1824	length_heuristic_full	False	False	False	
FJ848532.1	Canine distemper virus isolate BJ080127 hemagglutinin gene, complete cds	1824	Canis lupus familiaris	Canis lupus familiaris	domestic_dog	False	China	China	27-Jan-2008	2008-01-27	2008.0710382513662	day		BJ080127		False		True	1824	annotation	False	False	False	
FJ848531.1	Canine distemper virus isolate BJ080430 nonfunctional hemagglutinin gene, complete sequence	1824	Canis lupus familiaris	Canis lupus familiaris	domestic_dog	False	China	China	30-Apr-2008	2008-04-30	2008.327868852459	day		BJ080430		False		True	1824	length_heuristic_full	False	False	False	
FJ848530.1	Canine distemper virus isolate BJ080514 hemagglutinin gene, complete cds	1824	Canis lupus familiaris	Canis lupus familiaris	domestic_dog	False	China	China	14-May-2008	2008-05-14	2008.3661202185792	day		BJ080514		False		True	1824	annotation	False	False	False	
FJ851458.1	Canine distemper virus isolate KB24 hemagglutinin gene, complete cds	1824	dog	Canis lupus familiaris	domestic_dog	False	China: Beijing	China	2008	2008	2008.5	year		KB24		False		True	1824	annotation	False	False	False	
FJ851457.1	Canine distemper virus isolate KB21 nonfunctional hemagglutinin gene, complete sequence	1824	dog	Canis lupus familiaris	domestic_dog	False	China: Beijing	China	10-Jan-2008	2008-01-10	2008.0245901639344	day		KB21		False		True	1824	length_heuristic_full	False	False	False	
FJ851456.1	Canine distemper virus isolate BA134 hemagglutinin gene, complete cds	1824	dog	Canis lupus familiaris	domestic_dog	False	China: Beijing	China	26-Apr-2008	2008-04-26	2008.3169398907103	day		BA134		False		True	1824	annotation	False	False	False	
FJ851453.1	Canine distemper virus isolate BA63 hemagglutinin gene, complete cds	1824	dog	Canis lupus familiaris	domestic_dog	False	China: Beijing	China	28-Feb-2008	2008-02-28	2008.1584699453551	day		BA63		False		True	1824	annotation	False	False	False	
FJ851452.1	Canine distemper virus isolate BA54 hemagglutinin gene, complete cds	1824	dog	Canis lupus familiaris	domestic_dog	False	China: Beijing	China	23-Feb-2008	2008-02-23	2008.1448087431695	day		BA54		False		True	1824	annotation	False	False	False	
FJ851451.1	Canine distemper virus isolate BA24 hemagglutinin gene, complete cds	1824	dog	Canis lupus familiaris	domestic_dog	False	China: Beijing	China	18-Jan-2008	2008-01-18	2008.0464480874316	day		BA24		False		True	1824	annotation	False	False	False	
FJ851450.1	Canine distemper virus isolate AK96 hemagglutinin gene, complete cds	1824	dog	Canis lupus familiaris	domestic_dog	False	China: Beijing	China	06-Apr-2008	2008-04-06	2008.2622950819673	day		AK96		False		True	1824	annotation	False	False	False	
FJ409464.1	Canine distemper virus strain HLJ3-08 hemagglutinin (H) gene, complete cds	1824	dog	Canis lupus familiaris	domestic_dog	False	China: Helongjiang	China	2008	2008	2008.5	year	HLJ3-08			False		True	1824	annotation	False	False	False	
HM623895.1	Canine distemper virus isolate GS0904-11 hemagglutinin protein H gene, complete cds	1824	domestic dog	Canis lupus familiaris	domestic_dog	False	China: Gansu	China	Apr-2009	2009-04	2009.2876712328766	month		GS0904-11		False		True	1824	annotation	False	False	False	
HM623893.1	Canine distemper virus isolate GS0904-8 hemagglutinin protein H gene, complete cds	1824	domestic dog	Canis lupus familiaris	domestic_dog	False	China: Gansu	China	Apr-2009	2009-04	2009.2876712328766	month		GS0904-8		False		True	1824	annotation	False	False	False	
HM623891.1	Canine distemper virus isolate GS0904-7 hemagglutinin protein H gene, complete cds	1824	domestic dog	Canis lupus familiaris	domestic_dog	False	China: Gansu	China	Apr-2009	2009-04	2009.2876712328766	month		GS0904-7		False		True	1824	annotation	False	False	False	
HQ403645.1	Canine distemper virus isolate CDV-GZ1 hemagglutinin protein (H) gene, complete cds	1824	dog	Canis lupus familiaris	domestic_dog	False	China: Guizhou province	China	Jan-2009	2009-01	2009.041095890411	month		CDV-GZ1		False		True	1824	annotation	False	False	False	
FJ705236.1	Canine distemper virus strain TW7 hemagglutinin protein (H) gene, complete cds	1824	dog	Canis lupus familiaris	domestic_dog	False	Taiwan	Taiwan	2008	2008	2008.5	year	TW7			False		True	1824	annotation	False	False	False	
FJ705235.1	Canine distemper virus strain TW6 hemagglutinin protein (H) gene, complete cds	1824	dog	Canis lupus familiaris	domestic_dog	False	Taiwan	Taiwan	2008	2008	2008.5	year	TW6			False		True	1824	annotation	False	False	False	
FJ705234.1	Canine distemper virus strain TW5 hemagglutinin protein (H) gene, complete cds	1824	dog	Canis lupus familiaris	domestic_dog	False	Taiwan	Taiwan	2008	2008	2008.5	year	TW5			False		True	1824	annotation	False	False	False	
FJ705233.1	Canine distemper virus strain TW4 hemagglutinin protein (H) gene, complete cds	1824	dog	Canis lupus familiaris	domestic_dog	False	Taiwan	Taiwan	2008	2008	2008.5	year	TW4			False		True	1824	annotation	False	False	False	
FJ705232.1	Canine distemper virus strain TW3 hemagglutinin protein (H) gene, complete cds	1824	dog	Canis lupus familiaris	domestic_dog	False	Taiwan	Taiwan	2008	2008	2008.5	year	TW3			False		True	1824	annotation	False	False	False	
FJ705231.1	Canine distemper virus strain TW2 hemagglutinin protein (H) gene, complete cds	1824	dog	Canis lupus familiaris	domestic_dog	False	Taiwan	Taiwan	2008	2008	2008.5	year	TW2			False		True	1824	annotation	False	False	False	
FJ705230.1	Canine distemper virus strain TW1 hemagglutinin protein (H) gene, complete cds	1824	dog	Canis lupus familiaris	domestic_dog	False	Taiwan	Taiwan	2008	2008	2008.5	year	TW1			False		True	1824	annotation	False	False	False	
GU001863.1	Canine distemper virus hemagglutinin (H) gene, complete cds	1824	Lynx pardinus	Lynx sp.	wild_felid	False	Spain	Spain	2005	2005	2005.5	year				False		True	1824	annotation	False	False	False	
HM448834.1	Canine distemper virus strain SD(09)3 hemagglutinin protein (H) gene, complete cds	1824	fox	Vulpes sp.	wild_canid	False	China: ShanDong province	China	07-Oct-2009	2009-10-07	2009.7643835616439	day	SD(09)3			False		True	1824	annotation	False	False	False	
HM448833.1	Canine distemper virus strain SD(09)2 hemagglutinin protein (H) gene, complete cds	1824	raccoon dog	Nyctereutes procyonoides	wild_canid	False	China: ShanDong province	China	07-Oct-2009	2009-10-07	2009.7643835616439	day	SD(09)2			False		True	1824	annotation	False	False	False	
HM448832.1	Canine distemper virus strain HeB(09)3 hemagglutinin protein (H) gene, complete cds	1824	raccoon dog	Nyctereutes procyonoides	wild_canid	False	China: HeBei province	China	19-Aug-2009	2009-08-19	2009.6301369863013	day	HeB(09)3			False		True	1824	annotation	False	False	False	
HM448831.1	Canine distemper virus strain HeB(09)2 hemagglutinin protein (H) gene, complete cds	1824	fox	Vulpes sp.	wild_canid	False	China: HeBei province	China	20-Aug-2009	2009-08-20	2009.6328767123289	day	HeB(09)2			False		True	1824	annotation	False	False	False	
HM448830.1	Canine distemper virus strain HeB(09)1 hemagglutinin protein (H) gene, complete cds	1824	raccoon dog	Nyctereutes procyonoides	wild_canid	False	China: HeBei province	China	19-Aug-2009	2009-08-19	2009.6301369863013	day	HeB(09)1			False		True	1824	annotation	False	False	False	
HM448829.1	Canine distemper virus strain SD(09)1 hemagglutinin protein (H) gene, complete cds	1824	fox	Vulpes sp.	wild_canid	False	China: ShanDong province	China	19-Aug-2009	2009-08-19	2009.6301369863013	day	SD(09)1			False		True	1824	annotation	False	False	False	
HM749644.1	Canine distemper virus isolate CDV-JT1 hemagglutinin protein (H) gene, complete cds	1824	dog	Canis lupus familiaris	domestic_dog	False	China	China	Mar-2009	2009-03	2009.2027397260274	month		CDV-JT1		False		True	1824	annotation	False	False	False	
HM063009.1	Canine distemper virus strain Shuskiy, complete genome	15690	mink	Neovison vison	mustelid	False	Kazakhstan	Kazakhstan	1989	1989	1989.5	year	Shuskiy			False		True	1824	annotation	True	True	True	
FJ461724.1	Canine distemper virus isolate 14L hemagglutinin (H) gene, complete cds	1824	dog	Canis lupus familiaris	domestic_dog	False	South Africa	South Africa	Sep-2007	2007-09	2007.7068493150684	month		14L		False		True	1824	annotation	False	False	False	
FJ461723.1	Canine distemper virus isolate 23sp hemagglutinin (H) gene, complete cds	1824	dog	Canis lupus familiaris	domestic_dog	False	South Africa	South Africa	Oct-2007	2007-10	2007.7890410958903	month		23sp		False		True	1824	annotation	False	False	False	
FJ461722.1	Canine distemper virus isolate 23L hemagglutinin (H) gene, complete cds	1824	dog	Canis lupus familiaris	domestic_dog	False	South Africa	South Africa	Oct-2007	2007-10	2007.7890410958903	month		23L		False		True	1824	annotation	False	False	False	
FJ461721.1	Canine distemper virus isolate 12sp hemagglutinin (H) gene, complete cds	1824	dog	Canis lupus familiaris	domestic_dog	False	South Africa	South Africa	Sep-2007	2007-09	2007.7068493150684	month		12sp		False		True	1824	annotation	False	False	False	
FJ461720.1	Canine distemper virus isolate 2L hemagglutinin (H) gene, complete cds	1824	dog	Canis lupus familiaris	domestic_dog	False	South Africa	South Africa	Aug-2007	2007-08	2007.6219178082192	month		2L		False		True	1824	annotation	False	False	False	
FJ461719.1	Canine distemper virus isolate 11L hemagglutinin (H) gene, complete cds	1824	dog	Canis lupus familiaris	domestic_dog	False	South Africa	South Africa	Sep-2007	2007-09	2007.7068493150684	month		11L		False		True	1824	annotation	False	False	False	
FJ461718.1	Canine distemper virus isolate 5sp hemagglutinin (H) gene, complete cds	1824	dog	Canis lupus familiaris	domestic_dog	False	South Africa	South Africa	Aug-2007	2007-08	2007.6219178082192	month		5sp		False		True	1824	annotation	False	False	False	
FJ461717.1	Canine distemper virus isolate 17L hemagglutinin (H) gene, complete cds	1824	dog	Canis lupus familiaris	domestic_dog	False	South Africa	South Africa	Sep-2007	2007-09	2007.7068493150684	month		17L		False		True	1824	annotation	False	False	False	
FJ461716.1	Canine distemper virus isolate 16L hemagglutinin (H) gene, complete cds	1824	dog	Canis lupus familiaris	domestic_dog	False	South Africa	South Africa	Sep-2007	2007-09	2007.7068493150684	month		16L		False		True	1824	annotation	False	False	False	
FJ461715.1	Canine distemper virus isolate 4sp hemagglutinin (H) gene, complete cds	1824	dog	Canis lupus familiaris	domestic_dog	False	South Africa	South Africa	Aug-2007	2007-08	2007.6219178082192	month		4sp		False		True	1824	annotation	False	False	False	
FJ461714.1	Canine distemper virus isolate 4L7039 hemagglutinin (H) gene, complete cds	1824	dog	Canis lupus familiaris	domestic_dog	False	South Africa	South Africa	Aug-2007	2007-08	2007.6219178082192	month		4L7039		False		True	1824	annotation	False	False	False	
FJ461713.1	Canine distemper virus isolate 1bn hemagglutinin (H) gene, complete cds	1824	dog	Canis lupus familiaris	domestic_dog	False	South Africa	South Africa	Aug-2007	2007-08	2007.6219178082192	month		1bn		False		True	1824	annotation	False	False	False	
FJ461712.1	Canine distemper virus isolate 25L hemagglutinin (H) gene, complete cds	1824	dog	Canis lupus familiaris	domestic_dog	False	South Africa	South Africa	Oct-2007	2007-10	2007.7890410958903	month		25L		False		True	1824	annotation	False	False	False	
FJ461711.1	Canine distemper virus isolate 7L hemagglutinin (H) gene, complete cds	1824	dog	Canis lupus familiaris	domestic_dog	False	South Africa	South Africa	Aug-2007	2007-08	2007.6219178082192	month		7L		False		True	1824	annotation	False	False	False	
FJ461707.1	Canine distemper virus isolate 20L hemagglutinin (H) gene, complete cds	1824	dog	Canis lupus familiaris	domestic_dog	False	South Africa	South Africa	Sep-2007	2007-09	2007.7068493150684	month		20L		False		True	1824	annotation	False	False	False	
FJ461706.1	Canine distemper virus isolate 15sp hemagglutinin (H) gene, complete cds	1824	dog	Canis lupus familiaris	domestic_dog	False	South Africa	South Africa	Sep-2007	2007-09	2007.7068493150684	month		15sp		False		True	1824	annotation	False	False	False	
FJ461705.1	Canine distemper virus isolate 10L hemagglutinin (H) gene, complete cds	1824	dog	Canis lupus familiaris	domestic_dog	False	South Africa	South Africa	Sep-2007	2007-09	2007.7068493150684	month		10L		False		True	1824	annotation	False	False	False	
FJ461704.1	Canine distemper virus isolate 9L hemagglutinin (H) gene, complete cds	1824	dog	Canis lupus familiaris	domestic_dog	False	South Africa	South Africa	Sep-2007	2007-09	2007.7068493150684	month		9L		False		True	1824	annotation	False	False	False	
FJ461703.1	Canine distemper virus isolate 6L hemagglutinin (H) gene, complete cds	1824	dog	Canis lupus familiaris	domestic_dog	False	South Africa	South Africa	Aug-2007	2007-08	2007.6219178082192	month		6L		False		True	1824	annotation	False	False	False	
FJ461700.1	Canine distemper virus isolate 26L hemagglutinin (H) gene, complete cds	1824	dog	Canis lupus familiaris	domestic_dog	False	South Africa	South Africa	Oct-2007	2007-10	2007.7890410958903	month		26L		False		True	1824	annotation	False	False	False	
FJ461699.1	Canine distemper virus isolate 8L hemagglutinin (H) gene, complete cds	1824	dog	Canis lupus familiaris	domestic_dog	False	South Africa	South Africa	Aug-2007	2007-08	2007.6219178082192	month		8L		False		True	1824	annotation	False	False	False	
FJ461698.1	Canine distemper virus isolate 5L hemagglutinin (H) gene, complete cds	1824	dog	Canis lupus familiaris	domestic_dog	False	South Africa	South Africa	Aug-2007	2007-08	2007.6219178082192	month		5L		False		True	1824	annotation	False	False	False	
FJ461697.1	Canine distemper virus isolate 4L70247 hemagglutinin (H) gene, complete cds	1824	dog	Canis lupus familiaris	domestic_dog	False	South Africa	South Africa	Aug-2007	2007-08	2007.6219178082192	month		4L70247		False		True	1824	annotation	False	False	False	
FJ461696.1	Canine distemper virus isolate 1sp hemagglutinin (H) gene, complete cds	1824	dog	Canis lupus familiaris	domestic_dog	False	South Africa	South Africa	Aug-2007	2007-08	2007.6219178082192	month		1sp		False		True	1824	annotation	False	False	False	
FJ461695.1	Canine distemper virus isolate 13sp hemagglutinin (H) gene, complete cds	1824	dog	Canis lupus familiaris	domestic_dog	False	South Africa	South Africa	Sep-2007	2007-09	2007.7068493150684	month		13sp		False		True	1824	annotation	False	False	False	
FJ461694.1	Canine distemper virus isolate 21L hemagglutinin (H) gene, complete cds	1824	dog	Canis lupus familiaris	domestic_dog	False	South Africa	South Africa	Sep-2007	2007-09	2007.7068493150684	month		21L		False		True	1824	annotation	False	False	False	
FJ461693.1	Canine distemper virus isolate 4L70214 hemagglutinin (H) gene, complete cds	1824	dog	Canis lupus familiaris	domestic_dog	False	South Africa	South Africa	Aug-2007	2007-08	2007.6219178082192	month		4L70214		False		True	1824	annotation	False	False	False	
HM046486.1	Canine distemper virus strain Phoca/Caspian/2007, complete genome	15690	seal	Phoca sp.	pinniped	False	Kazakhstan: Caspian Sea coast	Kazakhstan	2007	2007	2007.5	year	Phoca/Caspian/2007			False		True	1824	annotation	True	True	True	
EU934233.1	Canine distemper virus strain BS0610 hemagglutinin protein (H) gene, complete cds	1824	raccoon dog	Nyctereutes procyonoides	wild_canid	False	China	China	Aug-2006	2006-08	2006.6219178082192	month	BS0610			False		True	1824	annotation	False	False	False	
EU743935.1	Canine distemper virus strain HLJ2 H protein gene, complete cds	1824	fox	Vulpes sp.	wild_canid	False	China	China	Apr-2005	2005-04	2005.2876712328766	month	HLJ2			False		True	1824	annotation	False	False	False	
GQ328902.1	Canine distemper virus isolate 4/07/ITA nonfunctional hemagglutinin gene, partial sequence	911	Canis lupus familiaris	Canis lupus familiaris	domestic_dog	False	Italy	Italy	2007	2007	2007.5	year		4/07/ITA		False		True	911	length_heuristic_partial	False	False	False	
FJ392652.1	Canine distemper virus strain Argentina 23 hemagglutinin gene, complete cds	1824	Canis familiaris	Canis lupus familiaris	domestic_dog	False	Argentina	Argentina	2003	2003	2003.5	year	Argentina 23	Paola		False		True	1824	annotation	False	False	False	
FJ392651.1	Canine distemper virus strain Argentina 24 hemagglutinin gene, complete cds	1824	Canis familiaris	Canis lupus familiaris	domestic_dog	False	Argentina	Argentina	2005	2005	2005.5	year	Argentina 24	Bruno		False		True	1824	annotation	False	False	False	
EU564813.1	Canine distemper virus strain JL(07)4 hemagglutinin protein (H) gene, complete cds	1824	dog	Canis lupus familiaris	domestic_dog	False	China: Jilin	China	2007	2007	2007.5	year	JL(07)4			False		True	1824	annotation	False	False	False	
EU564812.1	Canine distemper virus strain JL(07)3 hemagglutinin protein (H) gene, complete cds	1824	dog	Canis lupus familiaris	domestic_dog	False	China: Jilin	China	2007	2007	2007.5	year	JL(07)3			False		True	1824	annotation	False	False	False	
GQ328904.1	Canine distemper virus isolate 14/07/ITA nonfunctional hemagglutinin gene, partial sequence	904	Canis lupus familiaris	Canis lupus familiaris	domestic_dog	False	Italy	Italy	Feb-2007	2007-02	2007.123287671233	month		14/07/ITA		False		True	904	length_heuristic_partial	False	False	False	
GQ328903.1	Canine distemper virus isolate 11/07/ITA nonfunctional hemagglutinin gene, partial sequence	907	Canis lupus familiaris	Canis lupus familiaris	domestic_dog	False	Italy	Italy	Feb-2007	2007-02	2007.123287671233	month		11/07/ITA		False		True	907	length_heuristic_partial	False	False	False	
FJ810215.1	Canine distemper virus strain SD(08)1 hemagglutinin protein (H) gene, complete cds	1824	fox	Vulpes sp.	wild_canid	False	China: Shandong	China	2008	2008	2008.5	year	SD(08)1			False		True	1824	annotation	False	False	False	
FJ810214.1	Canine distemper virus strain JL(08)2 hemagglutinin protein (H) gene, complete cds	1824	raccoon dog	Nyctereutes procyonoides	wild_canid	False	China: Jilin	China	2008	2008	2008.5	year	JL(08)2			False		True	1824	annotation	False	False	False	
FJ810213.1	Canine distemper virus strain JL(08)1 hemagglutinin protein (H) gene, complete cds	1824	fox	Vulpes sp.	wild_canid	False	China: Jilin	China	2008	2008	2008.5	year	JL(08)1			False		True	1824	annotation	False	False	False	
EU325731.1	Canine distemper virus strain LN(07)3 hemagglutinin protein (H) gene, complete cds	1824	mink	Neovison vison	mustelid	False	China: Liaoning	China	2007	2007	2007.5	year	LN(07)3			False		True	1824	annotation	False	False	False	
EU325730.1	Canine distemper virus strain LN(07)1 hemagglutinin protein (H) gene, complete cds	1824	raccoon dog	Nyctereutes procyonoides	wild_canid	False	China: Liaoning	China	2007	2007	2007.5	year	LN(07)1			False		True	1824	annotation	False	False	False	
EU325729.1	Canine distemper virus strain JL(07)2 hemagglutinin protein (H) gene, complete cds	1824	raccoon dog	Nyctereutes procyonoides	wild_canid	False	China: Jilin	China	2007	2007	2007.5	year	JL(07)2			False		True	1824	annotation	False	False	False	
EU325728.1	Canine distemper virus strain JL(07)1 hemagglutinin protein (H) gene, complete cds	1824	raccoon dog	Nyctereutes procyonoides	wild_canid	False	China: Jilin	China	2007	2007	2007.5	year	JL(07)1			False		True	1824	annotation	False	False	False	
EU325727.1	Canine distemper virus strain HeB(07)2 hemagglutinin protein (H) gene, complete cds	1824	raccoon dog	Nyctereutes procyonoides	wild_canid	False	China	China	2007	2007	2007.5	year	HeB(07)2			False		True	1824	annotation	False	False	False	
EU325726.1	Canine distemper virus strain SD(06)2 hemagglutinin protein (H) gene, complete cds	1824	raccoon dog	Nyctereutes procyonoides	wild_canid	False	China	China	2006	2006	2006.5	year	SD(06)2			False		True	1824	annotation	False	False	False	
EU325725.1	Canine distemper virus strain SD(06)1 hemagglutinin protein (H) gene, complete cds	1824	mink	Neovison vison	mustelid	False	China	China	2006	2006	2006.5	year	SD(06)1			False		True	1824	annotation	False	False	False	
EU325724.1	Canine distemper virus strain LN(07)2 hemagglutinin protein (H) gene, complete cds	1824	mink	Neovison vison	mustelid	False	China	China	2007	2007	2007.5	year	LN(07)2			False		True	1824	annotation	False	False	False	
EU325723.1	Canine distemper virus strain HeB(07)3 hemagglutinin protein (H) gene, complete cds	1824	mink	Neovison vison	mustelid	False	China	China	2007	2007	2007.5	year	HeB(07)3			False		True	1824	annotation	False	False	False	
EU325722.1	Canine distemper virus strain LN(06)1 hemagglutinin protein (H) gene, complete cds	1824	fox	Vulpes sp.	wild_canid	False	China	China	2006	2006	2006.5	year	LN(06)1			False		True	1824	annotation	False	False	False	
EU325721.1	Canine distemper virus strain HLJ(07)1 hemagglutinin protein (H) gene, complete cds	1824	fox	Vulpes sp.	wild_canid	False	China	China	2007	2007	2007.5	year	HLJ(07)1			False		True	1824	annotation	False	False	False	
EU325720.1	Canine distemper virus strain HeB(07)1 hemagglutinin protein (H) gene, complete cds	1824	fox	Vulpes sp.	wild_canid	False	China: Hebei	China	2007	2007	2007.5	year	HeB(07)1			False		True	1824	annotation	False	False	False	
FJ851455.1	Canine distemper virus isolate BA130 hemagglutinin gene, complete cds	1824	dog	Canis lupus familiaris	domestic_dog	False	China: Beijing	China	23-Apr-2008	2008-04-23	2008.308743169399	day		BA130		False		True	1824	annotation	False	False	False	
FJ851454.1	Canine distemper virus isolate BA76 hemagglutinin gene, complete cds	1824	dog	Canis lupus familiaris	domestic_dog	False	China: Beijing	China	09-Mar-2008	2008-03-09	2008.1857923497269	day		BA76		False		True	1824	annotation	False	False	False	
FJ535063.1	Canine distemper virus hemagglutinin gene, complete cds	1824	Canis lupus familiaris	Canis lupus familiaris	domestic_dog	False	China	China	25-Mar-2008	2008-03-25	2008.2295081967213	day				False		True	1824	annotation	False	False	False	
EU296494.1	Canine distemper virus strain TW/07-PT18 hemagglutinin (H) gene, complete cds	1824	canine	Canis lupus familiaris	domestic_dog	False	Taiwan	Taiwan	2007	2007	2007.5	year	TW/07-PT18			False		True	1824	annotation	False	False	False	
FJ405224.1	Canine distemper virus isolate monkey-KM-01 hemagglutinin (H) mRNA, complete cds	1824	monkey	Primates sp.	primate	False	China: Kunming	China	20-Aug-2008	2008-08-20	2008.6338797814208	day		monkey-KM-01		False		True	1824	annotation	False	False	False	
FJ405223.1	Canine distemper virus isolate monkey-BJ-01 hemagglutinin (H) mRNA, complete cds	1824	monkey	Primates sp.	primate	False	China: Beijing	China	20-Aug-2008	2008-08-20	2008.6338797814208	day		monkey-BJ-01		False		True	1824	annotation	False	False	False	
EU716075.1	Canine distemper virus strain 07D111 hemagglutinin gene, complete cds	1824	dog	Canis lupus familiaris	domestic_dog	False	South Korea	South Korea	Jan-2007	2007-01	2007.041095890411	month	07D111			False		True	1824	annotation	False	False	False	
EU716074.1	Canine distemper virus strain 98Marten hemagglutinin gene, complete cds	1824	marten	Martes sp.	mustelid	False	South Korea	South Korea	Feb-1998	1998-02	1998.123287671233	month	98Marten			False		True	1824	annotation	False	False	False	
EU716073.1	Canine distemper virus strain 97Jindo hemagglutinin gene, complete cds	1824	dog	Canis lupus familiaris	domestic_dog	False	South Korea	South Korea	Feb-1997	1997-02	1997.123287671233	month	97Jindo			False		True	1824	annotation	False	False	False	
EU716072.1	Canine distemper virus strain 07Q72 hemagglutinin gene, complete cds	1824	dog	Canis lupus familiaris	domestic_dog	False	South Korea	South Korea	Jan-2007	2007-01	2007.041095890411	month	07Q72			False		True	1824	annotation	False	False	False	
EU743934.1	Canine distemper virus strain HLJ1 H protein gene, complete cds	1824	dog	Canis lupus familiaris	domestic_dog	False	China	China	Mar-2004	2004-03	2004.204918032787	month	HLJ1			False		True	1824	annotation	False	False	False	
EU716337.1	Canine distemper virus isolate 164071, complete genome	15690	Canis familiaris (Rottweiler)	Canis lupus familiaris	domestic_dog	False	USA: Chicago	USA	04-Sep-2004	2004-09-04	2004.6748633879781	day		164071		False		True	1824	annotation	True	True	True	
EU684265.1	Canine distemper virus hemagglutinin protein mRNA, complete cds	1824	Canis lupus familiaris	Canis lupus familiaris	domestic_dog	False	China: Xinjiang	China	Nov-2007	2007-11	2007.8739726027397	month	XJ2			False		True	1824	annotation	False	False	False	
AM422869.1	Canine Distemper virus partial H gene for hemagglutinin gene, genomic RNA, strain Arg24	871	Canis familiaris	Canis lupus familiaris	domestic_dog	False	Argentina:Buenos Aires	Argentina	2004	2004	2004.5	year	Arg24			False		True	871	annotation	False	False	False	
AM422868.1	Canine Distemper virus partial H gene for hemagglutinin gene, genomic RNA, strain Arg23	871	Canis familiaris	Canis lupus familiaris	domestic_dog	False	Argentina:Buenos Aires	Argentina	2003	2003	2003.5	year	Arg23			False		True	871	annotation	False	False	False	
AM422867.1	Canine Distemper virus partial H gene for hemagglutinin gene, genomic RNA, strain Arg22	871	Canis familiaris	Canis lupus familiaris	domestic_dog	False	Argentina:Buenos Aires	Argentina	2003	2003	2003.5	year	Arg22			False		True	871	annotation	False	False	False	
AM422866.1	Canine Distemper virus partial H gene for hemagglutinin gene, genomic RNA, strain Arg21	871	Canis familiaris	Canis lupus familiaris	domestic_dog	False	Argentina:Buenos Aires	Argentina	2003	2003	2003.5	year	Arg21			False		True	871	annotation	False	False	False	
AM422865.1	Canine Distemper virus partial H gene for hemagglutinin gene, genomic RNA, strain Arg20	871	Canis familiaris	Canis lupus familiaris	domestic_dog	False	Argentina:Buenos Aires	Argentina	2003	2003	2003.5	year	Arg20			False		True	871	annotation	False	False	False	
AM422864.1	Canine Distemper virus partial H gene for hemagglutinin gene, genomic RNA, strain Arg19	871	Canis familiaris	Canis lupus familiaris	domestic_dog	False	Argentina:Buenos Aires	Argentina	2003	2003	2003.5	year	Arg19			False		True	871	annotation	False	False	False	
AM422863.1	Canine Distemper virus partial H gene for hemagglutinin gene, genomic RNA, strain Arg18	871	Canis familiaris	Canis lupus familiaris	domestic_dog	False	Argentina:Buenos Aires	Argentina	2003	2003	2003.5	year	Arg18			False		True	871	annotation	False	False	False	
AM422862.1	Canine Distemper virus partial H gene for hemagglutinin gene, genomic RNA, strain Arg17	871	Canis familiaris	Canis lupus familiaris	domestic_dog	False	Argentina:Buenos Aires	Argentina	2003	2003	2003.5	year	Arg17			False		True	871	annotation	False	False	False	
AM422861.1	Canine Distemper virus partial H gene for hemagglutinin gene, genomic RNA, strain Arg16	871	Canis familiaris	Canis lupus familiaris	domestic_dog	False	Argentina:Buenos Aires	Argentina	2003	2003	2003.5	year	Arg16			False		True	871	annotation	False	False	False	
AM422860.1	Canine Distemper virus partial H gene for hemagglutinin gene, genomic RNA, strain Arg15	871	Canis familiaris	Canis lupus familiaris	domestic_dog	False	Argentina:Buenos Aires	Argentina	2003	2003	2003.5	year	Arg15			False		True	871	annotation	False	False	False	
AM422859.1	Canine Distemper virus partial H gene for hemagglutinin gene, genomic RNA, strain Arg14	871	Canis familiaris	Canis lupus familiaris	domestic_dog	False	Argentina:Buenos Aires	Argentina	2003	2003	2003.5	year	Arg14			False		True	871	annotation	False	False	False	
AM422858.1	Canine Distemper virus partial H gene for hemagglutinin gene, genomic RNA, strain Arg13	871	Canis familiaris	Canis lupus familiaris	domestic_dog	False	Argentina:Buenos Aires	Argentina	2003	2003	2003.5	year	Arg13			False		True	871	annotation	False	False	False	
AM422857.1	Canine Distemper virus partial H gene for hemagglutinin gene, genomic RNA, strain Arg12	871	Canis familiaris	Canis lupus familiaris	domestic_dog	False	Argentina:Buenos Aires	Argentina	2003	2003	2003.5	year	Arg12			False		True	871	annotation	False	False	False	
AM422856.1	Canine Distemper virus partial H gene for hemagglutinin gene, genomic RNA, strain Arg11	871	Canis familiaris	Canis lupus familiaris	domestic_dog	False	Argentina:Tucuman	Argentina	2003	2003	2003.5	year	Arg11			False		True	871	annotation	False	False	False	
AM422855.1	Canine Distemper virus partial H gene for hemagglutinin gene, genomic RNA, strain Arg10	871	Canis familiaris	Canis lupus familiaris	domestic_dog	False	Argentina:Buenos Aires	Argentina	2003	2003	2003.5	year	Arg10			False		True	871	annotation	False	False	False	
AM422854.1	Canine Distemper virus partial H gene for hemagglutinin gene, genomic RNA, strain Arg9	871	Canis familiaris	Canis lupus familiaris	domestic_dog	False	Argentina:Buenos Aires	Argentina	2003	2003	2003.5	year	Arg9			False		True	871	annotation	False	False	False	
AM422853.1	Canine Distemper virus partial H gene for hemagglutinin gene, genomic RNA, strain Arg8	871	Canis familiaris	Canis lupus familiaris	domestic_dog	False	Argentina:Buenos Aires	Argentina	2003	2003	2003.5	year	Arg8			False		True	871	annotation	False	False	False	
AM422852.1	Canine Distemper virus partial H gene for hemagglutinin gene, genomic RNA, strain Arg7	871	Canis familiaris	Canis lupus familiaris	domestic_dog	False	Argentina:Buenos Aires	Argentina	2003	2003	2003.5	year	Arg7			False		True	871	annotation	False	False	False	
AM422851.1	Canine Distemper virus partial H gene for hemagglutinin gene, genomic RNA, strain Arg6	871	Canis familiaris	Canis lupus familiaris	domestic_dog	False	Argentina:Buenos Aires	Argentina	2003	2003	2003.5	year	Arg6			False		True	871	annotation	False	False	False	
AM422850.1	Canine Distemper virus partial H gene for hemagglutinin gene, genomic RNA, strain Arg5	871	Canis familiaris	Canis lupus familiaris	domestic_dog	False	Argentina:Buenos Aires	Argentina	2003	2003	2003.5	year	Arg5			False		True	871	annotation	False	False	False	
AM422849.1	Canine Distemper virus partial H gene for hemagglutinin gene, genomic RNA, strain Arg4	871	Canis familiaris	Canis lupus familiaris	domestic_dog	False	Argentina:Buenos Aires	Argentina	2003	2003	2003.5	year	Arg4			False		True	871	annotation	False	False	False	
AM422848.1	Canine Distemper virus partial H gene for hemagglutinin gene, genomic RNA, strain Arg3	871	Canis familiaris	Canis lupus familiaris	domestic_dog	False	Argentina:Buenos Aires	Argentina	2003	2003	2003.5	year	Arg3			False		True	871	annotation	False	False	False	
AM422847.1	Canine Distemper virus partial H gene for hemagglutinin gene, genomic RNA, strain Arg2	871	Canis familiaris	Canis lupus familiaris	domestic_dog	False	Argentina:Buenos Aires	Argentina	2003	2003	2003.5	year	Arg2			False		True	871	annotation	False	False	False	
AM422846.1	Canine Distemper virus partial H gene for hemagglutinin gene, genomic RNA, strain Arg1	871	Canis familiaris	Canis lupus familiaris	domestic_dog	False	Argentina:Buenos Aires	Argentina	2003	2003	2003.5	year	Arg1			False		True	871	annotation	False	False	False	
EU379560.1	Canine distemper virus strain SD(07)1 hemagglutinin protein (H) gene, complete cds	1824	mink	Neovison vison	mustelid	False	China: Shandong	China	2007	2007	2007.5	year	SD(07)1			False		True	1824	annotation	False	False	False	
AM903376.1	Canine distemper virus H gene for hemagglutinin, genomic RNA, isolate Indian	1874	dog fecal sample	Canis lupus familiaris	domestic_dog	False	India:Uttar Pradesh	India	10-Dec-2006	2006-12-10	2006.9397260273972	day		Indian		False		True	1824	annotation	False	False	False	
