#
#model:
#
#<?xml version="1.0" encoding="UTF-8" standalone="no"?><input id="posterior" spec="beast.base.inference.CompoundDistribution">
#    <distribution id="prior" spec="beast.base.inference.CompoundDistribution">
#        <distribution id="CoalescentConstant.t:H_clade_3_5state" spec="beast.base.evolution.tree.coalescent.Coalescent">
#            <populationModel id="ConstantPopulation.t:H_clade_3_5state" spec="beast.base.evolution.tree.coalescent.ConstantPopulation">
#                <parameter id="popSize.t:H_clade_3_5state" lower="0.0" name="popSize" spec="beast.base.inference.parameter.RealParameter">0.3</parameter>
#            </populationModel>
#            <treeIntervals id="TreeIntervals.t:H_clade_3_5state" spec="beast.base.evolution.tree.TreeIntervals">
#                <tree id="Tree.t:H_clade_3_5state" spec="beast.base.evolution.tree.Tree">
#                    <trait id="dateTrait.t:H_clade_3_5state" spec="beast.base.evolution.tree.TraitSet" traitname="date-backward" value="KU666057|procyonid|2012.896=2012.896,PX789676|procyonid|2019.312=2019.312,MT932511|wild_felid|1992.787=1992.787,MT932504|wild_felid|1992.667=1992.667,MT932505|procyonid|1992.000=1992.000,MT932510|procyonid|2013.268=2013.268,MT932509|procyonid|2013.230=2013.230,MT932507|wild_canid|2013.238=2013.238,MT932506|procyonid|2013.164=2013.164,MT932508|procyonid|2013.195=2013.195,EU716337|domestic_dog|2004.675=2004.675,PX789675|wild_canid|2019.304=2019.304,MW984532|wild_felid|2015.964=2015.964,MW984531|wild_felid|2015.989=2015.989,MW984530|wild_felid|2015.912=2015.912,MW984527|wild_felid|2015.951=2015.951,MW984533|procyonid|2016.322=2016.322,MW984534|mustelid|2016.336=2016.336,MW984536|mustelid|2016.301=2016.301,MH644852|mustelid|2017.660=2017.660,MH644855|mustelid|2016.973=2016.973,MH644853|mustelid|2016.973=2016.973,MH644854|mustelid|2017.301=2017.301,MH644851|procyonid|2017.167=2017.167,MH644849|wild_canid|2016.210=2016.210,PX789692|procyonid|2023.030=2023.030,PX789695|procyonid|2022.819=2022.819,PX789698|procyonid|2022.805=2022.805,PX789703|procyonid|2023.392=2023.392,MH644850|mustelid|2016.361=2016.361,PX789700|procyonid|2022.926=2022.926,MT943490|wild_felid|2013.748=2013.748,MH810099|domestic_dog|2017.970=2017.970,MW984535|procyonid|2015.951=2015.951,PX789678|domestic_dog|2021.041=2021.041,PX789674|domestic_dog|2023.622=2023.622,MK487379|procyonid|2016.500=2016.500,MK473365|wild_canid|2017.500=2017.500,MK473366|wild_canid|2017.500=2017.500,KJ123771|domestic_dog|2004.500=2004.500,KF430374|mustelid|2004.500=2004.500,KF430373|mustelid|2007.500=2007.500,KF430371|mustelid|2007.500=2007.500,KF430372|mustelid|2007.500=2007.500,MN824467|procyonid|2018.500=2018.500,MG797669|domestic_dog|2017.500=2017.500,JF283477|domestic_dog|2010.500=2010.500,OK667001|procyonid|2014.500=2014.500,OK666993|procyonid|2014.500=2014.500,OK666919|wild_canid|2013.500=2013.500,OK666870|wild_canid|2016.500=2016.500,OK666917|domestic_dog|2012.500=2012.500,OK667043|procyonid|2017.500=2017.500,OK666936|wild_canid|2017.500=2017.500,OK667038|procyonid|2017.500=2017.500,OK667026|procyonid|2016.500=2016.500,OK666884|mustelid|2016.500=2016.500,OK666997|procyonid|2014.500=2014.500,OK666983|procyonid|2014.500=2014.500,OK666886|mustelid|2016.500=2016.500,OK666974|procyonid|2014.500=2014.500,OK667009|procyonid|2015.500=2015.500,OK666928|wild_canid|2016.500=2016.500,OK666932|wild_canid|2017.500=2017.500,OK666909|wild_canid|2017.500=2017.500,OK666908|wild_canid|2017.500=2017.500,OK666912|wild_canid|2017.500=2017.500,OK667023|procyonid|2015.500=2015.500,OK666924|wild_canid|2015.500=2015.500,OK666994|procyonid|2014.500=2014.500,OK666926|wild_canid|2015.500=2015.500,OK666920|wild_canid|2015.500=2015.500,OK667030|procyonid|2016.500=2016.500,OK666872|mustelid|2015.500=2015.500,OK667039|procyonid|2017.500=2017.500,OK666905|wild_canid|2017.500=2017.500,OK666934|wild_canid|2017.500=2017.500,OK666906|wild_canid|2017.500=2017.500,OK666914|wild_canid|2017.500=2017.500,OK667025|procyonid|2016.500=2016.500,OK666904|wild_canid|2016.500=2016.500,OK666890|mustelid|2016.500=2016.500,OK666910|wild_canid|2017.500=2017.500,OK666880|mustelid|2016.500=2016.500,OK666885|mustelid|2016.500=2016.500,OK667020|procyonid|2015.500=2015.500,OK667021|procyonid|2015.500=2015.500,OK666971|procyonid|2014.500=2014.500,OK666970|procyonid|2014.500=2014.500,OK666963|procyonid|2014.500=2014.500,OK666959|procyonid|2014.500=2014.500,OK666955|procyonid|2013.500=2013.500,OK666952|procyonid|2013.500=2013.500,OK666958|procyonid|2014.500=2014.500,OK666973|procyonid|2014.500=2014.500,OK666986|procyonid|2014.500=2014.500,OK666985|procyonid|2014.500=2014.500,OK667005|procyonid|2015.500=2015.500,OK667004|procyonid|2015.500=2015.500,OK667003|procyonid|2014.500=2014.500,OK667007|procyonid|2015.500=2015.500,OK666999|procyonid|2014.500=2014.500,OK666978|procyonid|2014.500=2014.500,OK666925|wild_canid|2015.500=2015.500,OK666998|procyonid|2014.500=2014.500,OK666977|procyonid|2014.500=2014.500,OK666950|procyonid|2013.500=2013.500,OK666948|procyonid|2013.500=2013.500,OK666946|procyonid|2013.500=2013.500,OK666954|procyonid|2013.500=2013.500,OK666980|procyonid|2014.500=2014.500,OK666976|procyonid|2014.500=2014.500,OK666975|procyonid|2014.500=2014.500,OK666949|procyonid|2013.500=2013.500,OK666940|procyonid|2010.500=2010.500,OK666979|procyonid|2014.500=2014.500,OK666933|wild_canid|2017.500=2017.500,OK666911|wild_canid|2017.500=2017.500,OK666921|wild_canid|2015.500=2015.500,OK666960|procyonid|2014.500=2014.500,OK666951|procyonid|2013.500=2013.500,OK666945|procyonid|2013.500=2013.500,OK666984|procyonid|2014.500=2014.500,OK666939|mustelid|2014.500=2014.500,OK667000|procyonid|2014.500=2014.500,OK667036|procyonid|2016.500=2016.500,OK667031|procyonid|2016.500=2016.500,OK667035|procyonid|2016.500=2016.500,OK667002|procyonid|2014.500=2014.500,OK666992|procyonid|2014.500=2014.500,OK667010|procyonid|2015.500=2015.500,OK667042|procyonid|2017.500=2017.500,OK667034|procyonid|2016.500=2016.500,OK667033|procyonid|2016.500=2016.500,OK667019|procyonid|2015.500=2015.500,OK667041|procyonid|2017.500=2017.500,OK667044|procyonid|2017.500=2017.500,OK667032|procyonid|2016.500=2016.500,OK667024|procyonid|2016.500=2016.500,OK667018|procyonid|2015.500=2015.500,OK667006|procyonid|2015.500=2015.500,OK667013|procyonid|2015.500=2015.500,OK667028|procyonid|2016.500=2016.500,OK667012|procyonid|2015.500=2015.500,OK666931|wild_canid|2017.500=2017.500,OK667029|procyonid|2016.500=2016.500,OK667016|procyonid|2015.500=2015.500,OK666877|mustelid|2016.500=2016.500,OK666878|mustelid|2016.500=2016.500,OK666876|mustelid|2016.500=2016.500,OK667040|procyonid|2017.500=2017.500,OK667015|procyonid|2015.500=2015.500,OK666935|wild_canid|2017.500=2017.500,OK667037|procyonid|2016.500=2016.500,OK666927|wild_canid|2015.500=2015.500,OK666889|mustelid|2016.500=2016.500,OK667022|procyonid|2015.500=2015.500,OK666879|mustelid|2016.500=2016.500,OK666937|wild_canid|2017.500=2017.500,OK666907|wild_canid|2017.500=2017.500,MK487378|wild_felid|2016.500=2016.500,OK666930|wild_canid|2017.500=2017.500">
#                        <taxa id="TaxonSet.H_clade_3_5state" spec="beast.base.evolution.alignment.TaxonSet">
#                        </taxa>
#                    </trait>
#                    <taxonset idref="TaxonSet.H_clade_3_5state"/>
#                </tree>
#            </treeIntervals>
#        </distribution>
#        <prior id="FrequenciesPrior.s:H_clade_3_5state" name="distribution">
#            <parameter dimension="4" id="freqParameter.s:H_clade_3_5state" lower="0.0" name="x" spec="beast.base.inference.parameter.RealParameter" upper="1.0">0.25</parameter>
#            <distr id="Dirichlet.0" spec="beast.base.inference.distribution.Dirichlet">
#                <parameter dimension="4" estimate="false" id="RealParameter.12" name="alpha" spec="beast.base.inference.parameter.RealParameter">4.0 4.0 4.0 4.0</parameter>
#            </distr>
#        </prior>
#        <prior id="GammaShapePrior.s:H_clade_3_5state" name="distribution">
#            <parameter id="gammaShape.s:H_clade_3_5state" lower="0.1" name="x" spec="beast.base.inference.parameter.RealParameter">1.0</parameter>
#            <Exponential id="Exponential.0" name="distr">
#                <parameter estimate="false" id="RealParameter.0" name="mean" spec="beast.base.inference.parameter.RealParameter">1.0</parameter>
#            </Exponential>
#        </prior>
#        <prior id="KappaPrior.s:H_clade_3_5state" name="distribution">
#            <parameter id="kappa.s:H_clade_3_5state" lower="0.0" name="x" spec="beast.base.inference.parameter.RealParameter">2.0</parameter>
#            <LogNormal id="LogNormalDistributionModel.0" name="distr">
#                <parameter estimate="false" id="RealParameter.10" name="M" spec="beast.base.inference.parameter.RealParameter">1.0</parameter>
#                <parameter estimate="false" id="RealParameter.11" name="S" spec="beast.base.inference.parameter.RealParameter">1.25</parameter>
#            </LogNormal>
#        </prior>
#        <prior id="PopSizePrior.t:H_clade_3_5state" name="distribution" x="@popSize.t:H_clade_3_5state">
#            <OneOnX id="OneOnX.1" name="distr"/>
#        </prior>
#        <prior id="relativeGeoRatesPrior.s:host" name="distribution">
#            <parameter dimension="10" id="relativeGeoRates.s:host" name="x" spec="beast.base.inference.parameter.RealParameter">1.0</parameter>
#            <Gamma id="Gamma.2" name="distr">
#                <parameter estimate="false" id="RealParameter.5" name="alpha" spec="beast.base.inference.parameter.RealParameter">1.0</parameter>
#                <parameter estimate="false" id="RealParameter.6" name="beta" spec="beast.base.inference.parameter.RealParameter">1.0</parameter>
#            </Gamma>
#        </prior>
#        <prior id="geoclockPrior.c:host" name="distribution">
#            <parameter id="traitClockRate.c:host" name="x" spec="beast.base.inference.parameter.RealParameter">1.0</parameter>
#            <LogNormal id="LogNormalDistributionModel.1" name="distr">
#                <parameter estimate="false" id="RealParameter.18" name="M" spec="beast.base.inference.parameter.RealParameter">1.0</parameter>
#                <parameter estimate="false" id="RealParameter.19" lower="0.0" name="S" spec="beast.base.inference.parameter.RealParameter" upper="5.0">1.25</parameter>
#            </LogNormal>
#        </prior>
#        <prior id="MeanRatePrior.c:H_clade_3_5state" name="distribution">
#            <parameter id="ucldMean.c:H_clade_3_5state" lower="0.0" name="x" spec="beast.base.inference.parameter.RealParameter">7.46E-4</parameter>
#            <LogNormal id="LogNormalDistributionModel.2" meanInRealSpace="true" name="distr">
#                <parameter estimate="false" id="RealParameter.20" name="M" spec="beast.base.inference.parameter.RealParameter">7.46E-4</parameter>
#                <parameter estimate="false" id="RealParameter.21" lower="0.0" name="S" spec="beast.base.inference.parameter.RealParameter" upper="5.0">1.0</parameter>
#            </LogNormal>
#        </prior>
#        <prior id="ucldStdevPrior.c:H_clade_3_5state" name="distribution">
#            <parameter id="ucldStdev.c:H_clade_3_5state" lower="0.0" name="x" spec="beast.base.inference.parameter.RealParameter">0.1</parameter>
#            <Gamma id="Gamma.4" name="distr">
#                <parameter estimate="false" id="RealParameter.14" name="alpha" spec="beast.base.inference.parameter.RealParameter">0.5396</parameter>
#                <parameter estimate="false" id="RealParameter.15" name="beta" spec="beast.base.inference.parameter.RealParameter">0.3819</parameter>
#            </Gamma>
#        </prior>
#    </distribution>
#    <distribution id="likelihood" spec="beast.base.inference.CompoundDistribution" useThreads="true">
#        <distribution data="@H_clade_3_5state" id="treeLikelihood.H_clade_3_5state" spec="beast.base.evolution.likelihood.ThreadedTreeLikelihood" tree="@Tree.t:H_clade_3_5state">
#            <siteModel gammaCategoryCount="4" id="SiteModel.s:H_clade_3_5state" shape="@gammaShape.s:H_clade_3_5state" spec="beast.base.evolution.sitemodel.SiteModel">
#                <parameter estimate="false" id="mutationRate.s:H_clade_3_5state" lower="0.0" name="mutationRate" spec="beast.base.inference.parameter.RealParameter">1.0</parameter>
#                <parameter estimate="false" id="proportionInvariant.s:H_clade_3_5state" lower="0.0" name="proportionInvariant" spec="beast.base.inference.parameter.RealParameter" upper="1.0">0.0</parameter>
#                <substModel id="hky.s:H_clade_3_5state" kappa="@kappa.s:H_clade_3_5state" spec="beast.base.evolution.substitutionmodel.HKY">
#                    <frequencies frequencies="@freqParameter.s:H_clade_3_5state" id="estimatedFreqs.s:H_clade_3_5state" spec="beast.base.evolution.substitutionmodel.Frequencies"/>
#                </substModel>
#            </siteModel>
#            <branchRateModel clock.rate="@ucldMean.c:H_clade_3_5state" id="RelaxedClock.c:H_clade_3_5state" spec="beast.base.evolution.branchratemodel.UCRelaxedClockModel" tree="@Tree.t:H_clade_3_5state">
#                <LogNormal S="@ucldStdev.c:H_clade_3_5state" id="LogNormalDistributionModel.c:H_clade_3_5state" meanInRealSpace="true" name="distr">
#                    <parameter estimate="false" id="RealParameter.13" lower="0.0" name="M" spec="beast.base.inference.parameter.RealParameter" upper="1.0">1.0</parameter>
#                </LogNormal>
#                <rateCategories dimension="322" id="rateCategories.c:H_clade_3_5state" spec="beast.base.inference.parameter.IntegerParameter">1</rateCategories>
#            </branchRateModel>
#        </distribution>
#        <distribution id="traitedtreeLikelihood.host" spec="beastclassic.evolution.likelihood.AncestralStateTreeLikelihood" tag="location" tree="@Tree.t:H_clade_3_5state">
#            <data id="host" spec="beastclassic.evolution.alignment.AlignmentFromTrait">
#                <traitSet id="traitSet.host" spec="beast.base.evolution.tree.TraitSet" taxa="@TaxonSet.H_clade_3_5state" traitname="discrete">KU666057|procyonid|2012.896=procyonid,
#PX789676|procyonid|2019.312=procyonid,
#MT932511|wild_felid|1992.787=wild_felid,
#MT932504|wild_felid|1992.667=wild_felid,
#MT932505|procyonid|1992.000=procyonid,
#MT932510|procyonid|2013.268=procyonid,
#MT932509|procyonid|2013.230=procyonid,
#MT932507|wild_canid|2013.238=wild_canid,
#MT932506|procyonid|2013.164=procyonid,
#MT932508|procyonid|2013.195=procyonid,
#EU716337|domestic_dog|2004.675=domestic_dog,
#PX789675|wild_canid|2019.304=wild_canid,
#MW984532|wild_felid|2015.964=wild_felid,
#MW984531|wild_felid|2015.989=wild_felid,
#MW984530|wild_felid|2015.912=wild_felid,
#MW984527|wild_felid|2015.951=wild_felid,
#MW984533|procyonid|2016.322=procyonid,
#MW984534|mustelid|2016.336=mustelid,
#MW984536|mustelid|2016.301=mustelid,
#MH644852|mustelid|2017.660=mustelid,
#MH644855|mustelid|2016.973=mustelid,
#MH644853|mustelid|2016.973=mustelid,
#MH644854|mustelid|2017.301=mustelid,
#MH644851|procyonid|2017.167=procyonid,
#MH644849|wild_canid|2016.210=wild_canid,
#PX789692|procyonid|2023.030=procyonid,
#PX789695|procyonid|2022.819=procyonid,
#PX789698|procyonid|2022.805=procyonid,
#PX789703|procyonid|2023.392=procyonid,
#MH644850|mustelid|2016.361=mustelid,
#PX789700|procyonid|2022.926=procyonid,
#MT943490|wild_felid|2013.748=wild_felid,
#MH810099|domestic_dog|2017.970=domestic_dog,
#MW984535|procyonid|2015.951=procyonid,
#PX789678|domestic_dog|2021.041=domestic_dog,
#PX789674|domestic_dog|2023.622=domestic_dog,
#MK487379|procyonid|2016.500=procyonid,
#MK473365|wild_canid|2017.500=wild_canid,
#MK473366|wild_canid|2017.500=wild_canid,
#KJ123771|domestic_dog|2004.500=domestic_dog,
#KF430374|mustelid|2004.500=mustelid,
#KF430373|mustelid|2007.500=mustelid,
#KF430371|mustelid|2007.500=mustelid,
#KF430372|mustelid|2007.500=mustelid,
#MN824467|procyonid|2018.500=procyonid,
#MG797669|domestic_dog|2017.500=domestic_dog,
#JF283477|domestic_dog|2010.500=domestic_dog,
#OK667001|procyonid|2014.500=procyonid,
#OK666993|procyonid|2014.500=procyonid,
#OK666919|wild_canid|2013.500=wild_canid,
#OK666870|wild_canid|2016.500=wild_canid,
#OK666917|domestic_dog|2012.500=domestic_dog,
#OK667043|procyonid|2017.500=procyonid,
#OK666936|wild_canid|2017.500=wild_canid,
#OK667038|procyonid|2017.500=procyonid,
#OK667026|procyonid|2016.500=procyonid,
#OK666884|mustelid|2016.500=mustelid,
#OK666997|procyonid|2014.500=procyonid,
#OK666983|procyonid|2014.500=procyonid,
#OK666886|mustelid|2016.500=mustelid,
#OK666974|procyonid|2014.500=procyonid,
#OK667009|procyonid|2015.500=procyonid,
#OK666928|wild_canid|2016.500=wild_canid,
#OK666932|wild_canid|2017.500=wild_canid,
#OK666909|wild_canid|2017.500=wild_canid,
#OK666908|wild_canid|2017.500=wild_canid,
#OK666912|wild_canid|2017.500=wild_canid,
#OK667023|procyonid|2015.500=procyonid,
#OK666924|wild_canid|2015.500=wild_canid,
#OK666994|procyonid|2014.500=procyonid,
#OK666926|wild_canid|2015.500=wild_canid,
#OK666920|wild_canid|2015.500=wild_canid,
#OK667030|procyonid|2016.500=procyonid,
#OK666872|mustelid|2015.500=mustelid,
#OK667039|procyonid|2017.500=procyonid,
#OK666905|wild_canid|2017.500=wild_canid,
#OK666934|wild_canid|2017.500=wild_canid,
#OK666906|wild_canid|2017.500=wild_canid,
#OK666914|wild_canid|2017.500=wild_canid,
#OK667025|procyonid|2016.500=procyonid,
#OK666904|wild_canid|2016.500=wild_canid,
#OK666890|mustelid|2016.500=mustelid,
#OK666910|wild_canid|2017.500=wild_canid,
#OK666880|mustelid|2016.500=mustelid,
#OK666885|mustelid|2016.500=mustelid,
#OK667020|procyonid|2015.500=procyonid,
#OK667021|procyonid|2015.500=procyonid,
#OK666971|procyonid|2014.500=procyonid,
#OK666970|procyonid|2014.500=procyonid,
#OK666963|procyonid|2014.500=procyonid,
#OK666959|procyonid|2014.500=procyonid,
#OK666955|procyonid|2013.500=procyonid,
#OK666952|procyonid|2013.500=procyonid,
#OK666958|procyonid|2014.500=procyonid,
#OK666973|procyonid|2014.500=procyonid,
#OK666986|procyonid|2014.500=procyonid,
#OK666985|procyonid|2014.500=procyonid,
#OK667005|procyonid|2015.500=procyonid,
#OK667004|procyonid|2015.500=procyonid,
#OK667003|procyonid|2014.500=procyonid,
#OK667007|procyonid|2015.500=procyonid,
#OK666999|procyonid|2014.500=procyonid,
#OK666978|procyonid|2014.500=procyonid,
#OK666925|wild_canid|2015.500=wild_canid,
#OK666998|procyonid|2014.500=procyonid,
#OK666977|procyonid|2014.500=procyonid,
#OK666950|procyonid|2013.500=procyonid,
#OK666948|procyonid|2013.500=procyonid,
#OK666946|procyonid|2013.500=procyonid,
#OK666954|procyonid|2013.500=procyonid,
#OK666980|procyonid|2014.500=procyonid,
#OK666976|procyonid|2014.500=procyonid,
#OK666975|procyonid|2014.500=procyonid,
#OK666949|procyonid|2013.500=procyonid,
#OK666940|procyonid|2010.500=procyonid,
#OK666979|procyonid|2014.500=procyonid,
#OK666933|wild_canid|2017.500=wild_canid,
#OK666911|wild_canid|2017.500=wild_canid,
#OK666921|wild_canid|2015.500=wild_canid,
#OK666960|procyonid|2014.500=procyonid,
#OK666951|procyonid|2013.500=procyonid,
#OK666945|procyonid|2013.500=procyonid,
#OK666984|procyonid|2014.500=procyonid,
#OK666939|mustelid|2014.500=mustelid,
#OK667000|procyonid|2014.500=procyonid,
#OK667036|procyonid|2016.500=procyonid,
#OK667031|procyonid|2016.500=procyonid,
#OK667035|procyonid|2016.500=procyonid,
#OK667002|procyonid|2014.500=procyonid,
#OK666992|procyonid|2014.500=procyonid,
#OK667010|procyonid|2015.500=procyonid,
#OK667042|procyonid|2017.500=procyonid,
#OK667034|procyonid|2016.500=procyonid,
#OK667033|procyonid|2016.500=procyonid,
#OK667019|procyonid|2015.500=procyonid,
#OK667041|procyonid|2017.500=procyonid,
#OK667044|procyonid|2017.500=procyonid,
#OK667032|procyonid|2016.500=procyonid,
#OK667024|procyonid|2016.500=procyonid,
#OK667018|procyonid|2015.500=procyonid,
#OK667006|procyonid|2015.500=procyonid,
#OK667013|procyonid|2015.500=procyonid,
#OK667028|procyonid|2016.500=procyonid,
#OK667012|procyonid|2015.500=procyonid,
#OK666931|wild_canid|2017.500=wild_canid,
#OK667029|procyonid|2016.500=procyonid,
#OK667016|procyonid|2015.500=procyonid,
#OK666877|mustelid|2016.500=mustelid,
#OK666878|mustelid|2016.500=mustelid,
#OK666876|mustelid|2016.500=mustelid,
#OK667040|procyonid|2017.500=procyonid,
#OK667015|procyonid|2015.500=procyonid,
#OK666935|wild_canid|2017.500=wild_canid,
#OK667037|procyonid|2016.500=procyonid,
#OK666927|wild_canid|2015.500=wild_canid,
#OK666889|mustelid|2016.500=mustelid,
#OK667022|procyonid|2015.500=procyonid,
#OK666879|mustelid|2016.500=mustelid,
#OK666937|wild_canid|2017.500=wild_canid,
#OK666907|wild_canid|2017.500=wild_canid,
#MK487378|wild_felid|2016.500=wild_felid,
#OK666930|wild_canid|2017.500=wild_canid</traitSet>
#                <userDataType codeMap="domestic_dog=0,mustelid=1,procyonid=2,wild_canid=3,wild_felid=4,? = 0 1 2 3 4 " codelength="-1" id="traitDataType.host" spec="beast.base.evolution.datatype.UserDataType" states="5"/>
#            </data>
#            <siteModel gammaCategoryCount="1" id="geoSiteModel.s:host" spec="beast.base.evolution.sitemodel.SiteModel">
#                <parameter estimate="false" id="mutationRate.s:host" name="mutationRate" spec="beast.base.inference.parameter.RealParameter">1.0</parameter>
#                <parameter estimate="false" id="gammaShape.s:host" name="shape" spec="beast.base.inference.parameter.RealParameter">1.0</parameter>
#                <parameter estimate="false" id="proportionInvariant.s:host" lower="0.0" name="proportionInvariant" spec="beast.base.inference.parameter.RealParameter" upper="1.0">0.0</parameter>
#                <substModel id="svs.s:host" rates="@relativeGeoRates.s:host" spec="beastclassic.evolution.substitutionmodel.SVSGeneralSubstitutionModel">
#                    <rateIndicator dimension="10" estimate="false" id="rateIndicator.s:host" spec="beast.base.inference.parameter.BooleanParameter">true</rateIndicator>
#                    <frequencies id="traitfreqs.s:host" spec="beast.base.evolution.substitutionmodel.Frequencies">
#                        <parameter dimension="5" id="traitfrequencies.s:host" name="frequencies" spec="beast.base.inference.parameter.RealParameter">0.2</parameter>
#                    </frequencies>
#                </substModel>
#            </siteModel>
#            <branchRateModel clock.rate="@traitClockRate.c:host" id="StrictClockModel.c:host" spec="beast.base.evolution.branchratemodel.StrictClockModel"/>
#        </distribution>
#    </distribution>
#</input>
#
Sample	posterior	likelihood	prior	treeLikelihood	Tree.height	Tree.treeLength	traitClockRate.host	relativeGeoRates.host.1	relativeGeoRates.host.2	relativeGeoRates.host.3	relativeGeoRates.host.4	relativeGeoRates.host.5	relativeGeoRates.host.6	relativeGeoRates.host.7	relativeGeoRates.host.8	relativeGeoRates.host.9	relativeGeoRates.host.10	geoSubstModelLogger.host.relGeoRate_domestic_dog_mustelid	geoSubstModelLogger.host.relGeoRate_domestic_dog_procyonid	geoSubstModelLogger.host.relGeoRate_domestic_dog_wild_canid	geoSubstModelLogger.host.relGeoRate_domestic_dog_wild_felid	geoSubstModelLogger.host.relGeoRate_mustelid_procyonid	geoSubstModelLogger.host.relGeoRate_mustelid_wild_canid	geoSubstModelLogger.host.relGeoRate_mustelid_wild_felid	geoSubstModelLogger.host.relGeoRate_procyonid_wild_canid	geoSubstModelLogger.host.relGeoRate_procyonid_wild_felid	geoSubstModelLogger.host.relGeoRate_wild_canid_wild_felid	kappa.H_clade_3_5state	freqParameter.H_clade_3_5state.1	freqParameter.H_clade_3_5state.2	freqParameter.H_clade_3_5state.3	freqParameter.H_clade_3_5state.4	gammaShape.H_clade_3_5state	popSize	CoalescentConstant	ucldMean.H_clade_3_5state	ucldStdev.H_clade_3_5state	rate.H_clade_3_5state.mean	rate.H_clade_3_5state.variance	rate.H_clade_3_5state.coefficientOfVariation
0	-38486.59120353074	-38133.888952003595	-352.7022515271448	-37904.07720084843	33.513796540822156	76.4083526090271	1.0	1.0	1.0	1.0	1.0	1.0	1.0	1.0	1.0	1.0	1.0	1.0	1.0	1.0	1.0	1.0	1.0	1.0	1.0	1.0	1.0	2.0	0.25	0.25	0.25	0.25	1.0	0.3	-350.6516939561442	7.46E-4	0.1	7.332960614465534E-4	5.017791004420235E-9	0.09486143278952672
10000	-16225.052085532956	-15342.017991275165	-883.0340942577907	-15154.814914265404	38.999364519452456	532.5740987466535	0.15225157149097834	1.0326994316133329	0.7399688573196151	0.8734351925657224	1.622351388881854	0.8932922678484819	1.2516188779969544	0.8814703307428603	1.1811086935784885	1.0776362371739518	0.9704478070069643	1.0326994316133329	0.7399688573196151	0.8734351925657224	1.622351388881854	0.8932922678484819	1.2516188779969544	0.8814703307428603	1.1811086935784885	1.0776362371739518	0.9704478070069643	2.9197074676222816	0.17999228643828397	0.33592209556631436	0.19653535193970323	0.28755026605569833	0.33443545447610795	68.9297678343932	-863.8303902645226	0.009787353030534409	1.0192840508527579	0.00852875976344106	2.9747117581434615E-5	0.6010450213982765
20000	-14070.330761065534	-13190.487456802412	-879.8433042631226	-13010.45693047498	42.7266818576416	593.6945212133761	0.23242034457300442	0.79213069415039	0.09583353192958165	1.0650849401810634	3.4866326395655447	1.2573403751741854	0.8324945921938612	2.6926122254044143	2.9459011890523734	0.29996665364157854	1.4684121068090736	0.79213069415039	0.09583353192958165	1.0650849401810634	3.4866326395655447	1.2573403751741854	0.8324945921938612	2.6926122254044143	2.9459011890523734	0.29996665364157854	1.4684121068090736	3.335164891854036	0.2687195154844923	0.2456486764456182	0.28358334145270864	0.20204846661718076	0.44567971798503814	66.97822171330446	-858.1757040999252	0.005570305834384972	1.2060071387091578	0.003170001089531127	3.104763713403575E-5	1.4931905632161693
30000	-12414.495364555816	-11559.428791024946	-855.06657353087	-11375.517264234377	48.384166606190014	608.0729114921925	0.17196245828616885	0.8104839258402405	0.23361822681141853	0.1312635197726626	2.02670740361057	0.36895613553201545	0.07629489549053428	0.013016828172532623	0.7853317993698423	0.1079775171519582	0.13089377002571323	0.8104839258402405	0.23361822681141853	0.1312635197726626	2.02670740361057	0.36895613553201545	0.07629489549053428	0.013016828172532623	0.7853317993698423	0.1079775171519582	0.13089377002571323	3.335164891854036	0.2687195154844923	0.2456486764456182	0.27706497228955446	0.2085668357803349	0.1571804079008812	68.00610836310926	-845.6404569926868	0.0032732867015585593	1.1502604531415017	0.0020082324594188927	1.150873804978461E-5	1.418090367025153
40000	-11802.528805065505	-10956.872932447239	-845.655872618266	-10788.063398221502	60.032724797956526	643.2660151806167	0.16301319172811077	1.0151385438470244	0.17081920394646144	0.01015274239221287	0.7287702545301695	1.5685235513880045	3.1087326148416867	0.6650741362525159	1.0168616461894022	0.3540244004097951	1.0055088669251895	1.0151385438470244	0.17081920394646144	0.01015274239221287	0.7287702545301695	1.5685235513880045	3.1087326148416867	0.6650741362525159	1.0168616461894022	0.3540244004097951	1.0055088669251895	3.7800796851266765	0.2687195154844923	0.2456486764456182	0.27706497228955446	0.2085668357803349	0.24810035482494236	61.452879556132046	-831.2814821782447	0.0029334397974517825	1.1939699419145928	0.0017058364038346609	6.689202662551112E-6	1.290440804245977
50000	-11341.676255807388	-10473.264989729503	-868.4112660778849	-10299.101057839032	51.78047630871207	670.428323699069	0.11629811680525369	0.1737205528820946	0.8799519329015857	0.4483102637825169	1.0005747954276747	0.43856660640364825	1.9976265847393648	0.8376604828792229	2.0336317510839397	0.36112241347665763	1.684901290716975	0.1737205528820946	0.8799519329015857	0.4483102637825169	1.0005747954276747	0.43856660640364825	1.9976265847393648	0.8376604828792229	2.0336317510839397	0.36112241347665763	1.684901290716975	4.520348460555309	0.27514777282247005	0.2456486764456182	0.2706367149515767	0.2085668357803349	0.24810035482494236	69.08196746447139	-854.465232498615	0.0020031865825592336	1.1047335533464941	0.0012638469764703916	3.0277475025937557E-6	1.213313608848607
60000	-11038.964141003811	-10131.399297256403	-907.5648437474089	-9964.010276201983	56.7709895626526	780.5089508579562	0.11646400467555322	1.0878819353453664	0.8979046220406696	0.7647744363197875	3.4285584795453548	1.3171899686592838	3.4270053819299315	0.12144397641197337	4.113894093927021	1.3998436262258023	0.1309276912088455	1.0878819353453664	0.8979046220406696	0.7647744363197875	3.4285584795453548	1.3171899686592838	3.4270053819299315	0.12144397641197337	4.113894093927021	1.3998436262258023	0.1309276912088455	4.520348460555309	0.27514777282247005	0.2456486764456182	0.2706367149515767	0.2085668357803349	0.24810035482494236	105.12323241000614	-886.9650986782408	0.0015484535428464934	1.1078217710334428	0.001044217687283873	1.9575092691694095E-6	1.2265581809789183
70000	-10807.537558196896	-9937.824611098196	-869.7129470987003	-9774.62609505718	70.01515186781594	752.1205737199788	0.1652315802348221	1.3860735192553861	0.05386054240938505	0.1761366062822337	0.2571945860202881	0.2363858321168509	1.362151770877485	0.4804588249350097	2.23062901684286	0.43298200832409633	0.0654071291979036	1.3860735192553861	0.05386054240938505	0.1761366062822337	0.2571945860202881	0.2363858321168509	1.362151770877485	0.4804588249350097	2.23062901684286	0.43298200832409633	0.0654071291979036	4.966676825942009	0.27514777282247005	0.2456486764456182	0.2706367149515767	0.2085668357803349	0.24810035482494236	65.55160430597861	-859.7937914157162	0.001544082688021987	1.1060934633842319	0.0010323084584107276	2.2112351577570963E-6	1.2360405531177945
80000	-10400.57266355385	-9537.513614202175	-863.0590493516763	-9377.826369570908	64.28467088315924	716.5059085467083	0.177790168795485	0.26631934365606275	0.013970369822393256	1.027380168157095	1.1319449497540293	0.5804413886725989	1.4371637587609067	0.330600299149637	6.4367739173469785	0.4643555215925062	1.481400158374813	0.26631934365606275	0.013970369822393256	1.027380168157095	1.1319449497540293	0.5804413886725989	1.4371637587609067	0.330600299149637	6.4367739173469785	0.4643555215925062	1.481400158374813	5.844521869263756	0.27877702771037294	0.2420194215577153	0.2706367149515767	0.2085668357803349	0.24810035482494236	69.97411819890898	-847.0710065981815	0.0013324493118899194	0.991304563273737	9.58146426496788E-4	1.2951784090163706E-6	0.9800129924496245
90000	-10169.312760729803	-9313.851117284941	-855.4616434448625	-9142.316774762154	85.32785542540982	750.4843918350145	0.21863166545692342	0.3589526378535371	0.10710194617699455	0.0613970600922886	2.0045581959716006	0.8187440208481087	2.706748380196995	0.053971858965553524	2.9289710675603344	1.1757140115636084	1.6835220248009213	0.3589526378535371	0.10710194617699455	0.0613970600922886	2.0045581959716006	0.8187440208481087	2.706748380196995	0.053971858965553524	2.9289710675603344	1.1757140115636084	1.6835220248009213	5.844521869263756	0.27877702771037294	0.2420194215577153	0.2706367149515767	0.2085668357803349	0.24810035482494236	64.4925106256231	-840.6279274826082	0.0012115085828514325	1.165865872232812	8.449967966014585E-4	1.7581862155832385E-6	1.1709935819758472
100000	-9987.644256939184	-9131.633058337924	-856.0111986012598	-8973.66040340896	54.78870300208369	687.3479933535596	0.17690480519378823	0.45358076205415687	0.140091638692557	0.14932127057625522	0.40120126671802525	0.13044616567780512	2.0722116788152976	0.23366386262745578	1.7784901463561258	0.15282268176709146	0.13555309888029946	0.45358076205415687	0.140091638692557	0.14932127057625522	0.40120126671802525	0.13044616567780512	2.0722116788152976	0.23366386262745578	1.7784901463561258	0.15282268176709146	0.13555309888029946	6.45712871170234	0.2639882340924236	0.24137305107358414	0.2706367149515767	0.22400199988241534	0.24810035482494236	74.12198766493454	-847.8797377831816	0.0010943348097864733	0.9544774241930203	8.681534308560511E-4	1.08958486266998E-6	1.026183684316856
110000	-9980.372082748467	-9118.862243906866	-861.5098388416004	-8960.17915317942	58.3601060429193	708.8689321631655	0.11804974923113243	0.38770684514203957	0.2170119974143562	0.6725582788573503	0.6724038268784627	0.021529905424022073	2.4725344069744537	0.4810875493260025	2.788462634194296	0.19271060340211163	0.4036047331290702	0.38770684514203957	0.2170119974143562	0.6725582788573503	0.6724038268784627	0.021529905424022073	2.4725344069744537	0.4810875493260025	2.788462634194296	0.19271060340211163	0.4036047331290702	5.6639347197072105	0.2639882340924236	0.24137305107358414	0.2706367149515767	0.22400199988241534	0.24810035482494236	66.68370066025618	-850.3168530941638	0.0011476093770693935	1.0380195465491695	8.157746509970685E-4	1.0549989281039146E-6	1.0363565625109181
120000	-9880.647994724255	-9026.93696970948	-853.7110250147747	-8861.977024178175	56.49747169823868	691.9620726311203	0.18142826126485526	0.9184300595009407	0.10145963804604274	0.7047267715228347	0.4256728183434075	0.071569868955613	2.6038489166191128	0.09006661965842627	1.6999123211036515	0.03853762912331252	0.04869038363269566	0.9184300595009407	0.10145963804604274	0.7047267715228347	0.4256728183434075	0.071569868955613	2.6038489166191128	0.09006661965842627	1.6999123211036515	0.03853762912331252	0.04869038363269566	5.958227047948879	0.2681550276001262	0.24137305107358414	0.2664699214438741	0.22400199988241534	0.7112124991878992	63.45513127401275	-843.8892729326747	0.0012071122959789358	1.0452471649481603	8.613222913524737E-4	1.2333571228282883E-6	1.0777862781792276
130000	-9840.334907750113	-8964.188103101176	-876.1468046489366	-8802.86208208146	55.86016616353722	771.593419514909	0.11161439724954345	0.020952483777737525	0.18319793275480759	0.20494659929558337	0.35293589384465796	0.3652358829101412	2.2367018963956786	0.053116288702522926	4.975177332214532	0.6908158791395281	0.033205534145284224	0.020952483777737525	0.18319793275480759	0.20494659929558337	0.35293589384465796	0.3652358829101412	2.2367018963956786	0.053116288702522926	4.975177332214532	0.6908158791395281	0.033205534145284224	5.416237070406813	0.2681550276001262	0.23697001030257175	0.2664699214438741	0.22840504065342773	0.7112124991878992	70.44835652141616	-863.5722178800935	0.0011342141772417828	1.067701666129262	7.971878372063693E-4	1.5921325171223982E-6	1.2413568246582907
140000	-9792.7176558916	-8950.404173666611	-842.3134822249876	-8791.39721286721	54.4014224913869	697.0206705382116	0.18997590009386622	0.5949402485027976	0.07317804097112379	0.2228837389876796	0.3204495722950952	0.11317006377249895	1.95270990974738	0.1269644918334441	3.849173612323008	0.08849807801142104	0.3860277532084429	0.5949402485027976	0.07317804097112379	0.2228837389876796	0.3204495722950952	0.11317006377249895	1.95270990974738	0.1269644918334441	3.849173612323008	0.08849807801142104	0.3860277532084429	6.043128061284156	0.27170258041524453	0.22623513192019729	0.25876331274433345	0.24329897492022456	0.7112124991878992	64.05675949195198	-831.3003994312036	0.0012508084062160456	1.078810885158355	8.366564277080784E-4	1.7546341289399135E-6	1.1727622891428207
150000	-9821.334207046139	-8950.809898998405	-870.5243080477345	-8786.920137003915	56.03814284068055	757.4617741963691	0.12237623044490457	0.7175815136273687	0.5764702485434491	0.4286708470603725	0.5596858944877316	0.05198760516197692	4.071604020797941	0.12673364488902036	4.628477171798116	0.30146164825546384	0.9185261020456431	0.7175815136273687	0.5764702485434491	0.4286708470603725	0.5596858944877316	0.05198760516197692	4.071604020797941	0.12673364488902036	4.628477171798116	0.30146164825546384	0.9185261020456431	6.890042318153044	0.27170258041524453	0.22623513192019729	0.25876331274433345	0.24329897492022456	0.7112124991878992	76.29900876831698	-854.3483292526611	0.0011441991847037048	1.057735771392874	8.042476037081811E-4	1.8637449229468792E-6	1.2411059923355396
160000	-9813.361222012683	-8933.742836474645	-879.6183855380383	-8774.309317817646	60.04473594212974	787.7041713628697	0.12231394745076372	0.4352750331696914	0.3677909372213151	0.3381709273846435	0.3012652046380795	0.3817051538467046	2.8025957254788185	0.007875630843206657	4.755704415352801	0.6996544008028277	0.3337631661593619	0.4352750331696914	0.3677909372213151	0.3381709273846435	0.3012652046380795	0.3817051538467046	2.8025957254788185	0.007875630843206657	4.755704415352801	0.6996544008028277	0.3337631661593619	6.2293256619564605	0.27170258041524453	0.21518928570651122	0.25876331274433345	0.25434482113391066	0.7112124991878992	78.91837372209467	-865.5578487554308	0.0011426457314650334	1.041678593019077	8.270471703732625E-4	2.0097948638399144E-6	1.2726604708838538
170000	-9834.004518413247	-8948.084120819902	-885.920397593345	-8777.017685984429	61.43084385828702	792.8770322521049	0.15393367884058887	0.2808519924787755	0.10800116380622607	1.2434769580760687	0.19519600174844176	0.9753453362639062	1.6258805560157212	3.1957283198351822	2.245828500489596	0.371682317990893	0.4264483408715713	0.2808519924787755	0.10800116380622607	1.2434769580760687	0.19519600174844176	0.9753453362639062	1.6258805560157212	3.1957283198351822	2.245828500489596	0.371682317990893	0.4264483408715713	6.615069722509838	0.27170258041524453	0.21518928570651122	0.25876331274433345	0.25434482113391066	0.7112124991878992	95.87755923734161	-871.4195882295732	0.0010999115856177035	1.1040384422028853	7.569903305029628E-4	1.8847147639430607E-6	1.3633573224671038
180000	-9864.333102537423	-8947.66084298408	-916.6722595533422	-8782.83036419411	81.60316275283667	1027.6603395528614	0.12109562966324021	0.27884740797542446	0.24497079119812948	0.18222278110588977	0.08458967478493443	0.42721947386441067	0.7298345954774645	0.0269071599734227	2.8326884306803635	0.10367925307550689	0.008249559364196737	0.27884740797542446	0.24497079119812948	0.18222278110588977	0.08458967478493443	0.42721947386441067	0.7298345954774645	0.0269071599734227	2.8326884306803635	0.10367925307550689	0.008249559364196737	6.615069722509838	0.27170258041524453	0.21518928570651122	0.25876331274433345	0.25434482113391066	0.7112124991878992	100.3673174086826	-908.8543516919524	7.304584228594271E-4	0.9380304291789916	5.424861935299938E-4	8.187509141601152E-7	1.3376425094970725
190000	-9807.33152472512	-8905.05374795294	-902.2777767721792	-8733.512484187799	102.11887695841493	983.8923419755868	0.2200098100215091	0.03734132066515579	0.0699133243584951	0.7426839983071926	4.391479557186635	0.21488753717527806	1.674873778980668	0.02077107989670575	2.966257926282783	0.3684627863064184	0.23989940679375135	0.03734132066515579	0.0699133243584951	0.7426839983071926	4.391479557186635	0.21488753717527806	1.674873778980668	0.02077107989670575	2.966257926282783	0.3684627863064184	0.23989940679375135	6.615069722509838	0.27170258041524453	0.21518928570651122	0.2520896000884373	0.26101853378980683	0.7112124991878992	93.25955546224297	-888.8391420376067	8.352449970937266E-4	0.9886063731827631	5.814999004555712E-4	1.2896204525847208E-6	1.392485582548816
200000	-9657.39176585417	-8744.502066190582	-912.8896996635884	-8573.900818950715	69.07118800451465	947.0742674225346	0.17367071835892053	1.4564692452405092	0.0127206300206968	0.5911928183660804	0.26281246615124304	0.31748429533527056	3.4580361902739867	0.28620390534360374	4.694546778710938	0.5295517503473989	0.4730179292984113	1.4564692452405092	0.0127206300206968	0.5911928183660804	0.26281246615124304	0.31748429533527056	3.4580361902739867	0.28620390534360374	4.694546778710938	0.5295517503473989	0.4730179292984113	6.323729592585255	0.27170258041524453	0.21518928570651122	0.2520896000884373	0.26101853378980683	0.7112124991878992	99.6826065223866	-898.537130656929	7.336580477230876E-4	0.8605200927800998	5.587395144262475E-4	1.0336649781669408E-6	1.3014007938952368
210000	-9697.690188286697	-8778.953817822368	-918.736370464328	-8608.736938742983	75.40031469096485	994.7683417205419	0.10337394212793612	0.005733663928961404	0.36605709808072434	0.7806355160424333	0.0068517380908550505	1.1246146905785361	1.6857344250231785	0.44686003202495334	2.7689113602708155	0.21382964790764525	0.6336122277919293	0.005733663928961404	0.36605709808072434	0.7806355160424333	0.0068517380908550505	1.1246146905785361	1.6857344250231785	0.44686003202495334	2.7689113602708155	0.21382964790764525	0.6336122277919293	6.814843716456156	0.27170258041524453	0.21518928570651122	0.2520896000884373	0.26101853378980683	0.3962647695926365	109.02329059776058	-907.8341995968356	7.732970707139962E-4	0.9073801715816129	6.150211727225899E-4	7.128414368212774E-7	1.1091411523220784
220000	-9665.90139981261	-8748.248335171938	-917.6530646406713	-8577.622115330229	71.46999454046268	977.1711398907886	0.13428166461021965	0.42684513443748895	0.3583046470649903	0.6055824623852382	1.6906341334429438	0.4030775870055633	1.3058328900869818	0.12699697128723864	2.474582960336533	0.247017385009059	0.014839766497841566	0.42684513443748895	0.3583046470649903	0.6055824623852382	1.6906341334429438	0.4030775870055633	1.3058328900869818	0.12699697128723864	2.474582960336533	0.247017385009059	0.014839766497841566	5.730064560605203	0.28193284115507955	0.21518928570651122	0.2326435353460318	0.2702343377923773	0.3962647695926365	97.05768518969612	-908.0919314087506	6.719111041068969E-4	0.8640707320211406	5.869518208014358E-4	4.918333950331936E-7	1.049075562086481
230000	-9681.943696715034	-8759.715269456334	-922.2284272587008	-8596.221280515269	91.24431631718728	1056.0645823966122	0.14339774166373656	1.2237975359364146	0.10066045214808983	0.6037971601163873	0.7573873832165835	0.41752401488397295	1.85449468661875	0.336903014077668	4.419112934174371	0.15199634651786745	0.21631031693532463	1.2237975359364146	0.10066045214808983	0.6037971601163873	0.7573873832165835	0.41752401488397295	1.85449468661875	0.336903014077668	4.419112934174371	0.15199634651786745	0.21631031693532463	7.197957101162861	0.28193284115507955	0.21518928570651122	0.2326435353460318	0.2702343377923773	0.586873437199526	97.25445473556292	-909.8569279573331	6.548743237316834E-4	0.8421532123481217	5.654135020135213E-4	3.921249865070655E-7	0.9619413282089474
240000	-9691.813380669848	-8783.335224226317	-908.4781564435299	-8611.138088777248	86.12115441557044	1018.4627459953178	0.10024062170146458	0.3565071653853203	0.0803626850355453	1.6165906317286884	0.5988606016198866	0.5516402383610596	4.374699979101136	0.7800143771123027	5.509450496112223	0.33183621517808226	0.8171351347763715	0.3565071653853203	0.0803626850355453	1.6165906317286884	0.5988606016198866	0.5516402383610596	4.374699979101136	0.7800143771123027	5.509450496112223	0.33183621517808226	0.8171351347763715	7.197957101162861	0.28193284115507955	0.21518928570651122	0.2326435353460318	0.2702343377923773	0.586873437199526	81.08501610828084	-890.8040437529999	7.210683665909009E-4	0.8597624909724154	5.670544157620616E-4	5.517459476251855E-7	1.0371589507428467
250000	-9648.190729301152	-8768.891902266409	-879.2988270347425	-8599.901752358697	118.35695186415744	975.6070041595174	0.1477356916920749	0.15463895576457024	0.012168150012092004	0.3804009817096224	0.5760416012343483	0.2429912911850699	1.7020551925937373	0.2295909296027786	2.7636014906781066	0.3248549730996026	0.8338009881469195	0.15463895576457024	0.012168150012092004	0.3804009817096224	0.5760416012343483	0.2429912911850699	1.7020551925937373	0.2295909296027786	2.7636014906781066	0.3248549730996026	0.8338009881469195	6.502864221569775	0.28193284115507955	0.21518928570651122	0.2326435353460318	0.2702343377923773	0.586873437199526	75.12878514841621	-869.6263123375426	7.771884693493525E-4	0.95692385664069	5.766832453385404E-4	6.097481565449013E-7	1.0143701518562611
260000	-9641.421587241468	-8732.754938479273	-908.6666487621951	-8568.97560978963	122.86859240941567	1099.5312877511365	0.10606823337863107	1.3575214997516867	0.1760053088183485	0.5053798575932867	0.10366904633209523	1.7333301107489343	1.7107571758067708	0.26226074997602794	3.616322996831598	0.20452921596440526	0.7972291289783886	1.3575214997516867	0.1760053088183485	0.5053798575932867	0.10366904633209523	1.7333301107489343	1.7107571758067708	0.26226074997602794	3.616322996831598	0.20452921596440526	0.7972291289783886	6.502864221569775	0.2722373123357109	0.22008913498953808	0.22774368606300494	0.27992986661174596	0.586873437199526	86.78271844391745	-895.1036441831869	7.88721711102887E-4	1.0086529260768253	5.166401004081495E-4	1.2535561260167084E-6	1.434712617700641
270000	-9659.027221020819	-8726.757623531294	-932.2695974895245	-8563.653556039477	90.45304184574496	1093.3700587425967	0.059321026466193784	1.2495272077059936	0.0311977795006989	0.8756691738563902	0.1333941142290106	1.1812141124105322	0.4387765105679528	0.09744314405288898	3.99503360340712	0.1504431008112718	0.5951673588285692	1.2495272077059936	0.0311977795006989	0.8756691738563902	0.1333941142290106	1.1812141124105322	0.4387765105679528	0.09744314405288898	3.99503360340712	0.1504431008112718	0.5951673588285692	6.502864221569775	0.2766865685343812	0.21563987879086777	0.2261154565195014	0.28155809615524946	0.586873437199526	100.02650333474652	-920.1569125167886	6.186928550611449E-4	0.9198253034167754	4.655121549741659E-4	7.027835963453658E-7	1.3505032685586578
280000	-9657.41604765508	-8743.448977304051	-913.9670703510285	-8569.162742132881	80.5406497291863	990.0240320143052	0.1326223004423179	0.8054333503098299	0.04767752439228308	0.01574881601835255	0.5179052789550939	0.08663696807832336	1.1009767625777624	0.15451191330629496	1.8615165383136747	0.14853731100675402	0.3311114536713704	0.8054333503098299	0.04767752439228308	0.01574881601835255	0.5179052789550939	0.08663696807832336	1.1009767625777624	0.15451191330629496	1.8615165383136747	0.14853731100675402	0.3311114536713704	5.899849041421001	0.2766865685343812	0.21963004219498433	0.21223484718753843	0.29144854208309584	0.586873437199526	109.58497359726725	-906.5992123756414	6.479389137004868E-4	0.8734920489316659	5.232879422295256E-4	5.714804707749721E-7	1.1681740570886243
290000	-9619.538409353989	-8729.909231115507	-889.6291782384812	-8558.627550083207	76.38355995257695	949.5399001608256	0.22263115053642604	0.06209321210283919	0.03951787696299884	0.18554991708929144	0.16137652809153552	0.10502833561861079	0.3034335057831377	0.11682820855724696	2.8202641977487617	0.03336162135435749	0.17124213334502944	0.06209321210283919	0.03951787696299884	0.18554991708929144	0.16137652809153552	0.10502833561861079	0.3034335057831377	0.11682820855724696	2.8202641977487617	0.03336162135435749	0.17124213334502944	5.899849041421001	0.2749560317465509	0.21963004219498433	0.2139653839753688	0.29144854208309584	0.3807050003604265	90.58776290079867	-884.3525505005274	6.819493712444149E-4	0.781784874353989	5.960585752399128E-4	7.723287208252923E-7	1.123034424396682
300000	-9701.467497851647	-8761.881182057154	-939.5863157944937	-8601.635590770973	88.96436371459382	1166.189976999315	0.07987147669238169	0.09332533255400645	0.0039029092831100237	0.9869444041815525	0.728455289441508	0.49751061088528076	1.4039690642922251	0.08092379409094752	3.3445463154062236	0.20086493180127651	0.13428965108807733	0.09332533255400645	0.0039029092831100237	0.9869444041815525	0.728455289441508	0.49751061088528076	1.4039690642922251	0.08092379409094752	3.3445463154062236	0.20086493180127651	0.13428965108807733	5.899849041421001	0.2749560317465509	0.21963004219498433	0.2139653839753688	0.29144854208309584	0.3807050003604265	110.42504557652795	-929.7143740595016	5.637503014501867E-4	0.8505206987872694	4.7168004346207653E-4	4.0574705772498943E-7	1.1062250030861602
310000	-9701.88504597029	-8761.29334900286	-940.5916969674287	-8594.766368072778	83.49836298866353	1127.0505410013488	0.078183954842451	0.27187741569407065	0.020323410362148363	0.18992867574057604	0.07989642885103584	1.0655245036254235	0.4526008787096571	1.7627824107420584	3.1381424555381807	0.3040422959298511	1.4265880060017433	0.27187741569407065	0.020323410362148363	0.18992867574057604	0.07989642885103584	1.0655245036254235	0.4526008787096571	1.7627824107420584	3.1381424555381807	0.3040422959298511	1.4265880060017433	6.704114897909772	0.2856373202722816	0.21963004219498433	0.2139653839753688	0.28076725355736515	0.3807050003604265	115.71940517448017	-929.8132365038796	5.620143122048169E-4	0.6663485453007745	4.834750293026837E-4	3.9644128754810573E-7	1.1386716517166675
320000	-9722.080679054825	-8741.316340929547	-980.7643381252789	-8570.60650809852	113.36890840106221	1396.6805953388086	0.08493296262912584	0.4185379257233246	0.015901850509940325	1.8821893527598172	2.728811898530092	0.7710993292431454	2.2940165630700404	1.2855624967874943	3.4346388247106603	1.241351384078016	1.1401903359751286	0.4185379257233246	0.015901850509940325	1.8821893527598172	2.728811898530092	0.7710993292431454	2.2940165630700404	1.2855624967874943	3.4346388247106603	1.241351384078016	1.1401903359751286	6.704114897909772	0.2929419022141559	0.20790536801643492	0.2139653839753688	0.28518734579404026	0.3807050003604265	124.91115358309557	-963.3547495506137	4.796334406645496E-4	0.7568140990948515	4.0771282201812004E-4	2.5384856122506484E-7	1.0936510846062693
330000	-9678.695060262735	-8734.539066860223	-944.1559934025125	-8568.334773386734	86.29580360069401	1182.809097833472	0.131340202020537	0.04918674747535189	0.0272263498846515	0.32260735358288034	1.1020839979813015	0.09231637546516457	1.185743342411889	0.577650766880016	2.0284509145248877	0.3111116764898121	0.8650433213990926	0.04918674747535189	0.0272263498846515	0.32260735358288034	1.1020839979813015	0.09231637546516457	1.185743342411889	0.577650766880016	2.0284509145248877	0.3111116764898121	0.8650433213990926	6.016862484827371	0.2929419022141559	0.20790536801643492	0.2139653839753688	0.28518734579404026	0.3807050003604265	120.93107465490974	-935.6132227770778	5.83283354855422E-4	0.8278686123563537	5.070821485818189E-4	4.820584164301638E-7	1.1231550869019244
340000	-9650.120491905063	-8731.130889324992	-918.9896025800716	-8566.553280276023	77.23682907284577	1034.493848994647	0.07997339256438996	1.2282491841581442	0.12047393124644971	0.36977684768255065	0.00446681812646066	0.9722427093855469	1.426788334087715	0.6309061880457935	3.7077854512980055	0.07856367197661786	0.5953329138612716	1.2282491841581442	0.12047393124644971	0.36977684768255065	0.00446681812646066	0.9722427093855469	1.426788334087715	0.6309061880457935	3.7077854512980055	0.07856367197661786	0.5953329138612716	6.016862484827371	0.2899820031280895	0.216011307855898	0.21692528306143513	0.27708140595457714	0.3807050003604265	99.10806935794318	-907.8060852754352	5.45228521870843E-4	0.7787508445460543	5.06078845337867E-4	5.904486335918372E-7	1.1659958048657602
350000	-9654.840852380821	-8727.085575041074	-927.7552773397475	-8558.481136384513	84.38355445982413	1107.8645687955204	0.16381432415044136	0.17377897988657626	0.13663582065048793	0.34511278611937946	0.605675337953267	0.2587251866874066	0.41540656603994036	0.0036974069086136646	2.7357475604402874	0.3641392508261688	0.06457896329578683	0.17377897988657626	0.13663582065048793	0.34511278611937946	0.605675337953267	0.2587251866874066	0.41540656603994036	0.0036974069086136646	2.7357475604402874	0.3641392508261688	0.06457896329578683	6.472609139546983	0.2899820031280895	0.2088360808231789	0.22410051009415424	0.27708140595457714	0.3807050003604265	119.19402779933694	-920.706972812342	5.680299361311E-4	0.867755377725243	5.09233136499476E-4	4.719742915228196E-7	1.0303887596307295
360000	-9659.776961714098	-8740.50694745617	-919.2700142579283	-8566.22671210429	84.43350173317646	1057.142188314747	0.20041435182314044	1.3673625641040008	0.07115571939532803	0.5792344254228449	0.4122189723224055	0.2716235030900403	4.29838388017063	2.5457581889815324	5.7564421170900815	0.0464090911185351	0.4946893708246894	1.3673625641040008	0.07115571939532803	0.5792344254228449	0.4122189723224055	0.2716235030900403	4.29838388017063	2.5457581889815324	5.7564421170900815	0.0464090911185351	0.4946893708246894	6.192287930602776	0.2807496770876221	0.20762777327914214	0.22410051009415424	0.28752203953908134	0.3888266981888043	87.13698693722708	-901.6039636229947	6.152477137226302E-4	0.9620805350700641	4.864649395002475E-4	5.364774398165504E-7	1.0730835509053154
370000	-9657.63272848731	-8719.507054260328	-938.1256742269821	-8543.971017159709	79.22530087924221	1080.1181431290306	0.09077323565418628	1.7577316240909506	0.13429177292163907	0.49800255123828985	0.14374735835832994	0.9719670105505694	0.16698363148632012	0.7140005330765059	4.1418299083692025	0.1172385117196111	1.1560821816171136	1.7577316240909506	0.13429177292163907	0.49800255123828985	0.14374735835832994	0.9719670105505694	0.16698363148632012	0.7140005330765059	4.1418299083692025	0.1172385117196111	1.1560821816171136	6.192287930602776	0.2807496770876221	0.20762777327914214	0.22410051009415424	0.28752203953908134	0.3888266981888043	117.63098495903591	-925.5368621102374	6.15942194818827E-4	0.9402416959391501	5.048849689084521E-4	4.434746432272024E-7	1.0438152513029177
380000	-9734.86605145774	-8718.274857099146	-1016.5911943585942	-8553.574054402983	106.69669229378117	1598.1421322256042	0.08407460325860736	1.7778772879382025	0.18058118740851264	1.9092099475468356	2.090994100269438	1.0065399576828196	1.14070734852788	0.15852289418998244	7.932347155339224	0.8694477167509436	0.3603191748186864	1.7778772879382025	0.18058118740851264	1.9092099475468356	2.090994100269438	1.0065399576828196	1.14070734852788	0.15852289418998244	7.932347155339224	0.8694477167509436	0.3603191748186864	6.192287930602776	0.2807496770876221	0.21675806002959358	0.2149702233437028	0.28752203953908134	0.6145740010430987	171.9195468560459	-996.3638554380001	4.642852650734486E-4	0.829029209989623	3.817674554916252E-4	1.6126476191069485E-7	0.8485059190076644
390000	-9749.511795074559	-8746.46785165753	-1003.0439434170298	-8574.038753238485	123.18471574693311	1668.7119139869003	0.09606972395758362	0.45394527983778726	0.605650375038072	0.006532582470636311	2.879789470995575	1.53817530235579	0.4072823859783469	0.27393703276401454	4.264370599255266	0.18689286088848256	0.4904035702154159	0.45394527983778726	0.605650375038072	0.006532582470636311	2.879789470995575	1.53817530235579	0.4072823859783469	0.27393703276401454	4.264370599255266	0.18689286088848256	0.4904035702154159	7.11263679975684	0.2863023586210342	0.21675806002959358	0.2149702233437028	0.28196935800566925	0.4058964303266125	170.51930595548203	-989.3015386834031	4.2452274709209043E-4	0.8541395823210199	3.332476989914699E-4	1.4902592937833037E-7	0.8849988985459853
400000	-9742.631788115572	-8719.620297622216	-1023.0114904933562	-8548.833676397331	122.42142001011129	1730.4823223028172	0.08957565441201691	0.207824645789657	0.057977335820508805	1.3369814739490735	0.7265718597859548	0.946847145947751	1.4550177363272074	0.44861511127798415	4.413686926147632	0.6312669010012204	0.24048968013671976	0.207824645789657	0.057977335820508805	1.3369814739490735	0.7265718597859548	0.946847145947751	1.4550177363272074	0.44861511127798415	4.413686926147632	0.6312669010012204	0.24048968013671976	6.6876773804043275	0.2863023586210342	0.21118731089799864	0.21191420144930107	0.29059612903166593	0.4058964303266125	210.73061730742523	-1009.636562897519	4.4169828193971655E-4	0.8576007481422266	3.4375693878538056E-4	1.603471009132408E-7	0.9348787415114109
410000	-9761.162601632122	-8723.129859185221	-1038.0327424469015	-8551.936729006216	147.6946344716555	1968.4220329564785	0.052565205921188955	0.0345606201677901	0.3422491298586767	0.37030004847118253	0.8240957181080241	1.3616580137475145	3.3461693091348033	0.670576913986337	5.766078009021905	0.21553328471232536	1.8906738402686307	0.0345606201677901	0.3422491298586767	0.37030004847118253	0.8240957181080241	1.3616580137475145	3.3461693091348033	0.670576913986337	5.766078009021905	0.21553328471232536	1.8906738402686307	6.286332806001919	0.2863023586210342	0.21118731089799864	0.21191420144930107	0.29059612903166593	0.4058964303266125	232.74124858877846	-1019.7255745528057	3.769046594427983E-4	0.85530198691609	2.8006737801532445E-4	1.0447941276641254E-7	0.9425846465097873
420000	-9725.242812340835	-8715.37881333512	-1009.8639990057154	-8543.11436071562	147.22996709515493	1752.844914455994	0.08179593259837468	0.16211428278144502	0.34309384505820223	1.772283539517274	0.44621357140638124	0.7194849158100303	2.458133651253238	1.141414382477804	5.043032847267748	0.5071073077747922	0.3292363151989569	0.16211428278144502	0.34309384505820223	1.772283539517274	0.44621357140638124	0.7194849158100303	2.458133651253238	1.141414382477804	5.043032847267748	0.5071073077747922	0.3292363151989569	6.00864174132354	0.2863023586210342	0.22028398759674525	0.21191420144930107	0.2814994523329193	0.4058964303266125	193.82637955364413	-993.9349776883441	5.156554027328277E-4	0.8905963344843056	3.504266098585757E-4	2.5312704131261557E-7	1.028422694741906
430000	-9708.063718797162	-8720.577135870808	-987.4865829263551	-8546.403638939464	114.49365438719798	1473.355199086815	0.07734419704983499	0.174050335395345	0.0849620662071738	0.8381126065691302	1.9435211175826275	0.3289196923068951	3.544373316550115	0.26263941285102155	3.7425961548922033	0.9772357540631909	1.1175197668702674	0.174050335395345	0.0849620662071738	0.8381126065691302	1.9435211175826275	0.3289196923068951	3.544373316550115	0.26263941285102155	3.7425961548922033	0.9772357540631909	1.1175197668702674	6.00864174132354	0.2976015379698083	0.22028398759674525	0.20116198850880573	0.2809524859246405	0.4058964303266125	161.21938003355524	-971.5803134378355	4.6672337695503874E-4	0.9100685001161671	3.36620895114682E-4	1.8281778352524192E-7	0.9929098662621889
440000	-9668.240848235379	-8712.074754191473	-956.1660940439053	-8542.852858964634	107.70188081350993	1281.389964630422	0.13029578666260994	0.038201721967234085	0.3250343397083495	0.05743097462028911	0.7112446066962683	0.024706516633226774	3.4368030327706807	0.32116229656743533	3.790700194299586	0.471105135457004	0.19324570819701678	0.038201721967234085	0.3250343397083495	0.05743097462028911	0.7112446066962683	0.024706516633226774	3.4368030327706807	0.32116229656743533	3.790700194299586	0.471105135457004	0.19324570819701678	6.00864174132354	0.3021280489385221	0.20774794450999515	0.20116198850880573	0.28896201804267685	0.4058964303266125	137.93065598179768	-944.6969476783887	5.42700058315431E-4	0.8242495069733807	4.1591680214328534E-4	2.0538565254918182E-7	0.9579054880940219
450000	-9673.42655733961	-8711.184497832844	-962.2420595067657	-8549.468812268173	136.65109572171224	1379.4976079573134	0.09155988769696873	0.1948375415207831	0.612751161386771	0.40013307607423204	0.2647266584630236	1.148507716264124	3.271956299474285	0.039527145660154785	3.7929877655749307	0.9416403166895355	0.22050918621398577	0.1948375415207831	0.612751161386771	0.40013307607423204	0.2647266584630236	1.148507716264124	3.271956299474285	0.039527145660154785	3.7929877655749307	0.9416403166895355	0.22050918621398577	6.208451352211953	0.29413728082817675	0.20774794450999515	0.20915275661915106	0.28896201804267685	0.4058964303266125	127.22805413479428	-948.2259997167257	5.528350940887587E-4	1.0496486275169712	4.13706955946463E-4	2.8240123736342433E-7	1.0431217244959923
460000	-9645.706381238735	-8688.054260019451	-957.6521212192843	-8530.143056844807	114.73362620273107	1322.2280935148058	0.11916076553411249	0.7630813518819917	0.2734174588808391	0.441197503786166	0.9711295629713554	0.3552263363061293	1.3978827138131473	0.4116991402252797	8.40387543880085	0.2578821683530901	0.4391964834900403	0.7630813518819917	0.2734174588808391	0.441197503786166	0.9711295629713554	0.3552263363061293	1.3978827138131473	0.4116991402252797	8.40387543880085	0.2578821683530901	0.4391964834900403	6.208451352211953	0.3036397349286305	0.19805697413999698	0.1996503025186973	0.298652988412675	0.4058964303266125	125.46116673749952	-941.2273111175896	5.652802841214637E-4	0.9736438824175969	4.180866105917688E-4	4.277164141789569E-7	1.1951293175670459
470000	-9595.796834509616	-8668.78175034003	-927.0150841695875	-8507.46989713743	86.59411949710564	1093.448541049283	0.1350524689211725	0.8520314955758757	0.184254929477132	0.2687886949452758	0.24354694549435724	0.3136661912976874	0.20794639428829842	0.041574801740219255	4.134189498467372	0.2251638055487817	0.5545647700497958	0.8520314955758757	0.184254929477132	0.2687886949452758	0.24354694549435724	0.3136661912976874	0.20794639428829842	0.041574801740219255	4.134189498467372	0.2251638055487817	0.5545647700497958	7.85288027215738	0.2932879281908989	0.20610569315599953	0.20195339024042638	0.298652988412675	0.4058964303266125	103.8709754113452	-917.0643072551434	6.781279616486914E-4	0.960056290217347	5.244578538449293E-4	6.062979477591837E-7	1.1061189560415958
480000	-9643.976856307965	-8714.923178436726	-929.053677871239	-8548.953486131193	97.53368950696797	1090.0451956114605	0.12022233476303987	0.5431989758492861	0.2479736788246232	1.9333830042810327	0.6184551880077025	0.9820265189563152	2.857019951090674	0.6827256213639273	4.937631176211391	0.7842852021588225	0.15221138814776253	0.5431989758492861	0.2479736788246232	1.9333830042810327	0.6184551880077025	0.9820265189563152	2.857019951090674	0.6827256213639273	4.937631176211391	0.7842852021588225	0.15221138814776253	7.85288027215738	0.2932879281908989	0.20610569315599953	0.20195339024042638	0.298652988412675	0.4058964303266125	109.63995944153818	-912.4039765194317	6.774253865032937E-4	0.9027613771560643	4.973827994084682E-4	4.1560561688693755E-7	1.033987162233103
490000	-9620.46088622526	-8713.055796311563	-907.4050899136989	-8548.563323344826	89.12560743280127	1000.5754812900641	0.14134499653473362	1.0067892638283462	0.04163802469238225	0.09657884594124738	1.4107881289001445	0.8111750249285722	0.9152533087089452	0.4462742551239679	5.736490347434803	0.10531051617495718	0.6404916732328444	1.0067892638283462	0.04163802469238225	0.09657884594124738	1.4107881289001445	0.8111750249285722	0.9152533087089452	0.4462742551239679	5.736490347434803	0.10531051617495718	0.6404916732328444	6.7814290705373725	0.2932879281908989	0.20610569315599953	0.20195339024042638	0.298652988412675	0.4058964303266125	85.57068330049051	-893.6696010606317	7.603820447805768E-4	0.9300457754258342	5.451523357348974E-4	8.115033331381406E-7	1.2403219661519351
500000	-9627.602880019933	-8696.144063168236	-931.4588168516966	-8532.65774151104	89.07669026805982	1114.8848365508256	0.10460620372894924	0.13765808333861357	0.30425687964217096	0.8941965594015526	0.3962045112172606	0.2906165065186302	0.9321683541613532	0.75264280753771	2.606250224443808	0.9632829301049366	0.430459406277937	0.13765808333861357	0.30425687964217096	0.8941965594015526	0.3962045112172606	0.2906165065186302	0.9321683541613532	0.75264280753771	2.606250224443808	0.9632829301049366	0.430459406277937	6.945772936100723	0.2932879281908989	0.20610569315599953	0.20195339024042638	0.298652988412675	0.4058964303266125	105.20233609442863	-920.7755319455537	7.066178323741058E-4	0.9356152186887504	5.28891683474011E-4	7.348582782931719E-7	1.2487902372817423
510000	-9642.533856891843	-8695.590805404774	-946.9430514870688	-8540.309992725295	76.68638221975331	1058.6797637982686	0.11207751620754236	0.403194627668277	0.08624932239041629	0.5457273448954394	0.4193998481137876	0.31549752531618647	1.6306082644082496	0.18929379801877702	5.179988498730363	0.28749535059465625	0.06688150526510649	0.403194627668277	0.08624932239041629	0.5457273448954394	0.4193998481137876	0.31549752531618647	1.6306082644082496	0.18929379801877702	5.179988498730363	0.28749535059465625	0.06688150526510649	6.088060380685982	0.2823786400269802	0.21701498131991817	0.20195339024042638	0.298652988412675	0.4058964303266125	154.35748349318214	-934.6121183535811	7.313929331800415E-4	0.9733326187735875	5.281492589504066E-4	7.161367258500283E-7	1.2348381752638165
520000	-9659.644879853719	-8717.673761839127	-941.9711180145911	-8553.58671932134	73.98058004698309	1055.0578082650663	0.15552150201780743	0.18667107945207054	0.17227859774139997	1.3366067439054987	0.2371184244634075	0.3778050962659408	2.947105082120458	0.11594644126632944	4.9752943980537445	0.46411807177609016	1.1581318279144464	0.18667107945207054	0.17227859774139997	1.3366067439054987	0.2371184244634075	0.3778050962659408	2.947105082120458	0.11594644126632944	4.9752943980537445	0.46411807177609016	1.1581318279144464	6.088060380685982	0.2823786400269802	0.20991890759253437	0.21999880745310071	0.2877036449273845	0.4058964303266125	120.77583582599131	-927.9366501150374	6.52012451798718E-4	0.8507780159516993	5.14428260791199E-4	4.200808750393873E-7	1.0544131279106415
530000	-9681.873713122468	-8701.820519774225	-980.0531933482426	-8530.452971105566	99.82978256162706	1442.3346407218608	0.1103055386626924	0.24338206150909003	0.09863061996022318	0.028112647727987	0.7321269313817674	0.27300665355553366	2.9507069250173226	1.2628872354344862	1.9435341091136022	0.657671122055661	0.5687184157113274	0.24338206150909003	0.09863061996022318	0.028112647727987	0.7321269313817674	0.27300665355553366	2.9507069250173226	1.2628872354344862	1.9435341091136022	0.657671122055661	0.5687184157113274	6.9758163959754675	0.2823786400269802	0.20991890759253437	0.21999880745310071	0.2877036449273845	0.4058964303266125	156.6692614512349	-968.8634653218365	4.5481214769598567E-4	0.8503734586032391	3.883739290848417E-4	2.0155342272552554E-7	0.9898647630112434
540000	-9696.936337913156	-8723.9419806033	-972.9943573098553	-8554.911227914934	102.8942002277557	1329.9050618599244	0.13110170647154085	0.2062083502141007	0.08990553163992464	0.07988813848469625	0.9737150010941663	0.233503110765667	1.979133699803096	1.1789644907276544	4.655796279345289	0.4451872600166719	0.07302593038986441	0.2062083502141007	0.08990553163992464	0.07988813848469625	0.9737150010941663	0.233503110765667	1.979133699803096	1.1789644907276544	4.655796279345289	0.4451872600166719	0.07302593038986441	6.202086837666471	0.2823786400269802	0.20991890759253437	0.21999880745310071	0.2877036449273845	0.4058964303266125	129.76781527818093	-960.9520006141449	5.207015044754682E-4	0.8806347355158839	4.0548462300131016E-4	2.575716223152353E-7	0.9661239915255284
550000	-9693.190263667393	-8703.845901749803	-989.3443619175905	-8535.529551434689	97.21865876932321	1413.834420938861	0.09112401274482233	0.6102979380300848	0.18766808640462168	0.7669363893632475	0.19843313749701946	1.1639608318615655	1.2150422856776888	0.08290534162052032	3.366486498300142	0.4335364436975632	0.38865513294748044	0.6102979380300848	0.18766808640462168	0.7669363893632475	0.19843313749701946	1.1639608318615655	1.2150422856776888	0.08290534162052032	3.366486498300142	0.4335364436975632	0.38865513294748044	7.245812915981689	0.2926064155912452	0.1996911320282694	0.21999880745310071	0.2877036449273845	0.4058964303266125	142.67540057150939	-978.4932801550716	4.822024126877593E-4	0.7633422449151783	3.8404581275647807E-4	1.9096269614583601E-7	0.9450434245009192
560000	-9637.943846590475	-8706.514886942789	-931.4289596476866	-8532.666299426328	78.3785644010258	1066.3295553415821	0.07153817646543151	0.5136242536776034	0.28259239450019946	0.5110109413253227	0.986349306589009	0.606891188446678	1.3964128085286687	0.29565639996195553	5.559822062055022	0.3685323766209189	2.432782981713119	0.5136242536776034	0.28259239450019946	0.5110109413253227	0.986349306589009	0.606891188446678	1.3964128085286687	0.29565639996195553	5.559822062055022	0.3685323766209189	2.432782981713119	7.245812915981689	0.2926064155912452	0.1996911320282694	0.21999880745310071	0.2877036449273845	0.4058964303266125	97.53343868008226	-915.2746670230022	6.170103958416497E-4	0.9368453146196304	5.095770066060852E-4	3.720347651982975E-7	1.025066343532426
570000	-9649.407329146758	-8700.659299215058	-948.7480299316986	-8530.450049442985	85.80723090595987	1143.389184860768	0.09888778127551316	0.17419108434926586	0.040667321877580945	0.995586229245677	2.055480004309673	1.0408482937988814	0.22325314999064372	0.021707681693405343	2.9264260721589683	0.12926999360491162	0.39263824826865157	0.17419108434926586	0.040667321877580945	0.995586229245677	2.055480004309673	1.0408482937988814	0.22325314999064372	0.021707681693405343	2.9264260721589683	0.12926999360491162	0.39263824826865157	6.577792660803218	0.2926064155912452	0.1996911320282694	0.21999880745310071	0.2877036449273845	0.4058964303266125	127.32233019237587	-938.1418422936769	5.356376282348116E-4	0.8936303967672874	4.828812938364598E-4	2.739065089986268E-7	1.0169568453335665
580000	-9653.610247069839	-8707.499883637642	-946.110363432197	-8537.723534943485	79.54197354530513	1064.4997411899433	0.09978179241711034	0.35713424204397026	0.7180741629516759	0.6753923354347222	1.2245490871218692	1.7027138751955535	0.08905967670578245	0.2065913186004418	4.599187223355986	0.08769226684649407	1.0675157656662386	0.35713424204397026	0.7180741629516759	0.6753923354347222	1.2245490871218692	1.7027138751955535	0.08905967670578245	0.2065913186004418	4.599187223355986	0.08769226684649407	1.0675157656662386	6.577792660803218	0.2923571432983484	0.21775248355945578	0.21247343185596165	0.27741694128623395	0.4058964303266125	117.88179689311232	-932.8842031083734	5.581189406027988E-4	0.8853067543651293	4.92249312109019E-4	3.139250029462845E-7	0.9995708278815669
590000	-9640.83292966643	-8692.037340013632	-948.7955896527976	-8525.361178950066	83.23236861991633	1158.6018200778933	0.07222321991881313	0.2142047382878472	0.25110433310590297	0.4167070833892608	0.49701923776407286	0.8204506325733014	0.885063567366264	0.20691766506027423	4.391324656050187	0.4763327292609374	0.20723255993777073	0.2142047382878472	0.25110433310590297	0.4167070833892608	0.49701923776407286	0.8204506325733014	0.885063567366264	0.20691766506027423	4.391324656050187	0.4763327292609374	0.20723255993777073	6.577792660803218	0.2923571432983484	0.2113446924004637	0.21247343185596165	0.28382473244522605	0.4058964303266125	127.0608753669368	-937.4231359603323	5.768292688960074E-4	0.8781367322317017	5.169230771598541E-4	3.4123287819189474E-7	0.9807498553064983
600000	-9672.932785242978	-8721.892001380133	-951.0407838628461	-8542.418179880817	76.4567459099139	1098.079700904382	0.145885918152609	1.513440761057867	0.4880984081933431	0.10872816274057373	1.1726411810273696	0.2051044394747965	1.4203844900127223	1.1849862706128096	4.6555895624520165	0.23717281267406426	0.622550568491094	1.513440761057867	0.4880984081933431	0.10872816274057373	1.1726411810273696	0.2051044394747965	1.4203844900127223	1.1849862706128096	4.6555895624520165	0.23717281267406426	0.622550568491094	6.577792660803218	0.2923571432983484	0.2113446924004637	0.21247343185596165	0.28382473244522605	0.4058964303266125	102.79666960344618	-937.2422950926205	5.888449021205509E-4	0.9231844351845527	5.286124524700328E-4	4.1194837051570145E-7	1.0931639997011866
610000	-9677.753511285264	-8702.563518770257	-975.1899925150074	-8535.78227248049	72.3653904110929	1196.4099185801351	0.054255926797323904	0.18635161955026708	0.05244280393054377	0.7456760430124639	0.3471067274742864	0.8750621395330053	1.562701725397503	0.22426242677831199	3.0758282189246082	0.3508498458606084	0.7189728196962476	0.18635161955026708	0.05244280393054377	0.7456760430124639	0.3471067274742864	0.8750621395330053	1.562701725397503	0.22426242677831199	3.0758282189246082	0.3508498458606084	0.7189728196962476	5.883493122482185	0.2923571432983484	0.2113446924004637	0.21247343185596165	0.28382473244522605	0.4058964303266125	149.54416383364526	-963.9036961157688	5.408877867248379E-4	0.8218908654700174	4.753361279675932E-4	2.718320442179232E-7	0.9807935807928417
620000	-9693.152007615023	-8703.332709614682	-989.8192980003411	-8530.816349456658	78.61618086053146	1322.4209178171577	0.09967471773789206	0.631193547788683	0.07655097731002784	0.13143731664071298	0.9744431435568847	0.4277536711583388	3.3542900243390603	0.011464761814130952	2.0536975802883557	0.15723243241370666	1.2549556992887152	0.631193547788683	0.07655097731002784	0.13143731664071298	0.9744431435568847	0.4277536711583388	3.3542900243390603	0.011464761814130952	2.0536975802883557	0.15723243241370666	1.2549556992887152	6.436410302761126	0.2923571432983484	0.2113446924004637	0.21247343185596165	0.28382473244522605	0.4058964303266125	161.1279151331741	-977.8237285572683	4.884409442772458E-4	0.9738700581662765	4.19533954402936E-4	2.3127970787002294E-7	1.034799076851719
630000	-9725.9647764732	-8715.962440082478	-1010.0023363907217	-8549.224009890435	88.38791863241377	1525.3451447761408	0.060592424629120865	0.14235232888943494	0.18667457708606444	0.5460742930325273	0.3222262043944157	0.444907720488076	2.645241960744728	0.9186024979448226	1.7378788730271515	0.23518243269797912	0.29591383496210294	0.14235232888943494	0.18667457708606444	0.5460742930325273	0.3222262043944157	0.444907720488076	2.645241960744728	0.9186024979448226	1.7378788730271515	0.23518243269797912	0.29591383496210294	6.436410302761126	0.2923571432983484	0.2113446924004637	0.21775227510398457	0.27854588919720313	0.4058964303266125	174.64535897473982	-999.0633743001122	4.722276982360304E-4	0.9349269092112903	3.7713322337540843E-4	1.8706243399034964E-7	1.016072718191156
640000	-9679.004444109156	-8705.348881577023	-973.6555625321332	-8530.98556113246	80.14566634415414	1241.8996001607254	0.053974939744805855	0.18409268512173782	0.02882297052665593	0.73161640603817	0.08348627206881565	0.7398160211933303	1.6781630940025034	0.4220586924698552	3.458512137422639	0.5490516169427346	1.205650352176774	0.18409268512173782	0.02882297052665593	0.73161640603817	0.08348627206881565	0.7398160211933303	1.6781630940025034	0.4220586924698552	3.458512137422639	0.5490516169427346	1.205650352176774	6.436410302761126	0.2923571432983484	0.2113446924004637	0.21775227510398457	0.27854588919720313	0.4058964303266125	136.7609149910551	-961.5167500826584	4.956557331511936E-4	0.8129808254773048	4.2990846177157893E-4	2.21860912989529E-7	0.9903695837261849
650000	-9672.524268712914	-8711.0467254449	-961.4775432680141	-8547.937485657518	80.78888113892494	1263.8881686508055	0.059839207847928386	0.019577281193101894	0.3312401873769618	0.7803346225784007	0.5995851737617214	0.33913736419184204	1.6888029812687715	0.08595790093895525	3.9642221465835243	0.10492799146324086	0.521697003974429	0.019577281193101894	0.3312401873769618	0.7803346225784007	0.5995851737617214	0.33913736419184204	1.6888029812687715	0.08595790093895525	3.9642221465835243	0.10492799146324086	0.521697003974429	6.436410302761126	0.2923571432983484	0.2113446924004637	0.21775227510398457	0.27854588919720313	0.4058964303266125	117.37778332631096	-950.6023667603581	4.5894868967185303E-4	0.7407879726753122	4.456974732294552E-4	1.6703119221888212E-7	0.911540168095002
660000	-9695.52729979734	-8702.808127371649	-992.7191724256911	-8528.582554298293	107.961330326487	1482.7039669956748	0.09386165987551351	0.3053294858631497	0.05423315317762183	0.22338302851613118	0.21001267881220578	0.3423750345613417	0.5307853532345179	0.12040419581400207	2.184755466052872	0.35815190023844584	0.09915908363383007	0.3053294858631497	0.05423315317762183	0.22338302851613118	0.21001267881220578	0.3423750345613417	0.5307853532345179	0.12040419581400207	2.184755466052872	0.35815190023844584	0.09915908363383007	5.908757346345942	0.2923571432983484	0.2113446924004637	0.21775227510398457	0.27854588919720313	0.4058964303266125	182.1254351871115	-985.8444161036887	4.796989215773254E-4	0.8143312707767442	4.009355000343028E-4	1.4615318786347218E-7	0.8608254635067529
670000	-9657.736774731193	-8687.405490465108	-970.3312842660845	-8520.04727718111	116.64422525396866	1351.5499612157005	0.0833707767701742	0.25491894218799965	0.32894968162715366	0.6659063778318053	0.24336083667381858	1.17575689810052	2.131406659297521	0.10297451606358922	7.621200041719469	0.42699295607242366	0.5959324414260028	0.25491894218799965	0.32894968162715366	0.6659063778318053	0.24336083667381858	1.17575689810052	2.131406659297521	0.10297451606358922	7.621200041719469	0.42699295607242366	0.5959324414260028	5.908757346345942	0.2923571432983484	0.2113446924004637	0.21191599770258995	0.2843821665985978	0.4058964303266125	135.86674417623894	-954.3816572124877	4.907907097632773E-4	0.8344870204208925	4.134050274591113E-4	1.7170916797293483E-7	0.8787323699357351
680000	-9651.373047115492	-8675.28513360982	-976.0879135056736	-8504.133688131018	115.3306735397107	1360.5951358360078	0.05487493613450037	0.12039513293237213	0.15754524465452982	0.5659511585209158	2.229012602223875	1.14059434094283	0.7152506049579521	0.0807916067570269	3.065420220639015	0.4806767930074168	1.3980895661408432	0.12039513293237213	0.15754524465452982	0.5659511585209158	2.229012602223875	1.14059434094283	0.7152506049579521	0.0807916067570269	3.065420220639015	0.4806767930074168	1.3980895661408432	6.948832026667719	0.2923571432983484	0.2113446924004637	0.21191599770258995	0.2843821665985978	0.4058964303266125	123.98435601535381	-962.649543028465	5.403266193315917E-4	0.9119754997166386	4.3244267083206297E-4	2.8524135013433043E-7	0.9744636455942656
690000	-9653.483015057252	-8697.63584633233	-955.8471687249216	-8532.752762110997	122.67274249437126	1330.6676368229	0.07859781698325485	0.06496831959250184	0.4636820086431915	0.4746830554099846	0.08063851093451106	0.32039621419291653	0.713166983481607	0.6769570051966904	4.813287465453403	0.4939642579545793	0.0676681485302515	0.06496831959250184	0.4636820086431915	0.4746830554099846	0.08063851093451106	0.32039621419291653	0.713166983481607	0.6769570051966904	4.813287465453403	0.4939642579545793	0.0676681485302515	6.948832026667719	0.2923571432983484	0.2113446924004637	0.21191599770258995	0.2843821665985978	0.4058964303266125	122.84327205035895	-945.4459235176589	4.828411810659036E-4	0.7171982368176232	3.93560940630199E-4	1.7965593284954424E-7	0.9232327880401574
700000	-9640.175721245436	-8693.836910345688	-946.3388108997481	-8528.666980344084	77.61120886638045	1169.5048660658308	0.126786682877086	0.30081503846285623	0.34452895545716283	0.15454529596857303	1.222816545495338	0.2730581852346927	1.8203991646931212	0.16243802257547288	4.8048702089923	0.16449895530377015	0.11768690465111677	0.30081503846285623	0.34452895545716283	0.15454529596857303	1.222816545495338	0.2730581852346927	1.8203991646931212	0.16243802257547288	4.8048702089923	0.16449895530377015	0.11768690465111677	6.948832026667719	0.2947816618135755	0.20892017388523657	0.21191599770258995	0.2843821665985978	0.4058964303266125	121.02533188476036	-935.0076613482847	4.952540251564221E-4	0.7928983952899066	4.756937790718909E-4	1.785553076473733E-7	0.8037051845219745
710000	-9613.18067089861	-8677.503950852366	-935.676720046244	-8508.95993626456	75.48635070142356	1064.113507931222	0.06816217992817031	0.0614913742399292	0.19349728962991508	1.2735181172817618	0.5920458277140044	2.522101563671013	0.6872395431839354	0.40516564043658726	3.5648286828795666	0.3843286707655388	1.5746440036655356	0.0614913742399292	0.19349728962991508	1.2735181172817618	0.5920458277140044	2.522101563671013	0.6872395431839354	0.40516564043658726	3.5648286828795666	0.3843286707655388	1.5746440036655356	6.948832026667719	0.2947816618135755	0.1989640040280575	0.22187216755976902	0.2843821665985978	0.4695181219136461	119.55958451696769	-921.17117635331	5.749519776202445E-4	0.8962509664748457	5.171474511850531E-4	2.2183712508333084E-7	0.8366216393239632
720000	-9619.728789445564	-8693.353335605794	-926.3754538397694	-8526.12491889224	72.51847476550616	1031.844413930715	0.07450280450680705	0.07072102988290455	0.19383084718545948	1.0591891881516955	0.23444264363823913	0.7387902957386367	1.2547768043889136	0.07729418591720809	2.5612727446624697	0.20171552114715996	0.25901698160188236	0.07072102988290455	0.19383084718545948	1.0591891881516955	0.23444264363823913	0.7387902957386367	1.2547768043889136	0.07729418591720809	2.5612727446624697	0.20171552114715996	0.25901698160188236	6.948832026667719	0.2947816618135755	0.1989640040280575	0.21433479291639748	0.2919195412419693	0.4695181219136461	92.25410470406206	-916.5922444855464	6.239742011119114E-4	0.9389089545221221	5.491203818520534E-4	3.955217120200684E-7	1.0134978721117305
730000	-9668.830603404867	-8706.087466996307	-962.7431364085608	-8532.611713654855	78.7891215180728	1178.846950667219	0.0915917945133783	0.5062216837974794	0.15061421823405513	1.7578955494784485	1.6785064966925265	0.6316653580081034	3.1700692833441284	0.3247697402887323	4.650566973954636	0.8873650186327086	0.9496843116605511	0.5062216837974794	0.15061421823405513	1.7578955494784485	1.6785064966925265	0.6316653580081034	3.1700692833441284	0.3247697402887323	4.650566973954636	0.8873650186327086	0.9496843116605511	6.948832026667719	0.2947816618135755	0.1989640040280575	0.21433479291639748	0.2919195412419693	0.4695181219136461	136.8929892934548	-945.433996648964	5.129946792398998E-4	0.8022703812175362	4.7566976119288196E-4	1.737264589547428E-7	0.8276901966376291
740000	-9680.774578401062	-8684.724462044727	-996.0501163563355	-8514.866343353087	95.69448276606354	1440.6098837221589	0.08441377469693714	0.11582785123938037	0.18698084276935156	0.7500211133056265	0.039545719124638445	0.16568355283859054	1.2828718490750715	0.49184342253441826	6.200218632990753	0.5218231814900056	0.4435029191174893	0.11582785123938037	0.18698084276935156	0.7500211133056265	0.039545719124638445	0.16568355283859054	1.2828718490750715	0.49184342253441826	6.200218632990753	0.5218231814900056	0.4435029191174893	6.948832026667719	0.2947816618135755	0.21231632852348975	0.21433479291639748	0.27856721674653706	0.4695181219136461	175.3344758286552	-983.2701370338075	4.227031109676124E-4	0.76743352488951	3.85655548104912E-4	9.533932116759194E-8	0.7582740909424128
750000	-9633.03355823044	-8678.984667909352	-954.0488903210876	-8507.663944866137	93.53677084223618	1217.9411211902889	0.1024723120800467	0.429564582277089	0.1800246597891646	1.6675196385572937	0.046780515240612865	1.1851142533539862	2.948891550480358	0.8101835343334407	2.881935720995852	0.18407105949636882	0.5948419856684307	0.429564582277089	0.1800246597891646	1.6675196385572937	0.046780515240612865	1.1851142533539862	2.948891550480358	0.8101835343334407	2.881935720995852	0.18407105949636882	0.5948419856684307	6.50335788787745	0.2947816618135755	0.21231632852348975	0.21433479291639748	0.27856721674653706	0.4695181219136461	116.56739299637539	-940.8074600858291	5.684581371056373E-4	0.8138660828869531	4.4998442334237017E-4	2.452604315718321E-7	0.9185653100069522
760000	-9645.489933774244	-8707.175644304907	-938.3142894693374	-8534.072102450857	109.53691249853884	1292.0288668052826	0.07621013257505746	0.08395699609697152	0.10003363989085888	0.9476942233985739	0.5402238702517551	1.6384130037209157	1.0702585474842916	0.3215293390635354	3.418660654216166	0.39431253056737114	0.13755524395774552	0.08395699609697152	0.10003363989085888	0.9476942233985739	0.5402238702517551	1.6384130037209157	1.0702585474842916	0.3215293390635354	3.418660654216166	0.39431253056737114	0.13755524395774552	6.978524281675026	0.2947816618135755	0.21231632852348975	0.21433479291639748	0.27856721674653706	0.4695181219136461	112.98704585605053	-927.5804310066787	4.786514547383396E-4	0.6693752108676668	3.8284677783287206E-4	1.6853436261759447E-7	0.8818753147238292
770000	-9648.500845275561	-8719.709551506256	-928.7912937693061	-8547.772234704746	97.12290458543544	1159.7953373464804	0.16293720240190332	0.2373717446612438	0.0438952524123681	0.15336403346622812	0.1325411256653612	0.04024975269510564	5.421520568646891	0.3294747697832566	5.513776176739136	0.15060195083363845	0.371738900453749	0.2373717446612438	0.0438952524123681	0.15336403346622812	0.1325411256653612	0.04024975269510564	5.421520568646891	0.3294747697832566	5.513776176739136	0.15060195083363845	0.371738900453749	6.978524281675026	0.2947816618135755	0.21231632852348975	0.21433479291639748	0.27856721674653706	0.4695181219136461	102.664614027097	-914.7269168317232	6.168261639985308E-4	0.7236379484984481	4.907725584325773E-4	3.3269020715993936E-7	0.9344012291429079
780000	-9649.68328092106	-8698.341804970709	-951.3414759503501	-8526.517387196678	110.65171204522463	1317.2185018442378	0.09419547392142988	0.911931733421737	0.20116005561723638	0.5744355514111881	0.004789608542252698	1.0671514410565908	1.653352802377665	0.684502202285618	2.916047223303855	0.1125912819401612	1.2098059887393677	0.911931733421737	0.20116005561723638	0.5744355514111881	0.004789608542252698	1.0671514410565908	1.653352802377665	0.684502202285618	2.916047223303855	0.1125912819401612	1.2098059887393677	6.978524281675026	0.2947816618135755	0.21231632852348975	0.21433479291639748	0.27856721674653706	0.4695181219136461	119.82208411669976	-939.4167502891388	5.801886260368619E-4	0.8193324697516179	4.257767128964414E-4	2.4654435714698066E-7	0.9221131189687435
790000	-9660.768568542442	-8697.220643976938	-963.5479245655049	-8528.482049681015	106.71393928629486	1317.7844930796573	0.06949407738469546	0.3895809742371164	0.21083021226503468	0.572622895958984	0.5078106385567092	0.47444874546963695	1.2441405999776611	0.002231550594165041	2.8791430490976455	0.10945340071984022	0.8013684771827198	0.3895809742371164	0.21083021226503468	0.572622895958984	0.5078106385567092	0.47444874546963695	1.2441405999776611	0.002231550594165041	2.8791430490976455	0.10945340071984022	0.8013684771827198	5.955760848691481	0.2947816618135755	0.21231632852348975	0.21433479291639748	0.27856721674653706	0.4695181219136461	130.95692738258546	-953.4137488398537	5.761478281530414E-4	0.8634175275406056	3.991694351083913E-4	2.3189261510726789E-7	0.9574596226895533
800000	-9700.069039147753	-8694.687783890808	-1005.3812552569444	-8522.03340834314	123.59275606725451	1625.2827498756715	0.09629776661551227	0.23409122243029926	0.486381076499781	0.6038846994269415	2.6407508938778363	0.23961150843165877	1.4564277868617785	0.49134656873773	3.9809118399303545	0.6875208274895981	0.3551673823535771	0.23409122243029926	0.486381076499781	0.6038846994269415	2.6407508938778363	0.23961150843165877	1.4564277868617785	0.49134656873773	3.9809118399303545	0.6875208274895981	0.3551673823535771	6.036460730473314	0.30542708911288496	0.21231632852348975	0.21433479291639748	0.2679217894472276	0.4695181219136461	180.47198424145557	-992.3171738016241	4.046296467323852E-4	0.6696288592161774	3.0958698045309977E-4	1.0165357836303686E-7	0.8770172725737807
810000	-9727.363689990485	-8715.47238862758	-1011.8913013629041	-8544.732146992312	115.58364598113947	1573.6991396601443	0.07553366330800082	1.227014930193101	0.29369610320842404	0.6518326059198415	0.12612916850789596	0.48777348038679824	2.4870511012266547	0.4617885202718453	3.6862659363422434	0.41802145539393815	0.3908859676807933	1.227014930193101	0.29369610320842404	0.6518326059198415	0.12612916850789596	0.48777348038679824	2.4870511012266547	0.4617885202718453	3.6862659363422434	0.41802145539393815	0.3908859676807933	6.036460730473314	0.30542708911288496	0.20455506190952422	0.22209605953036302	0.2679217894472276	0.4695181219136461	210.59972110428131	-999.0062858130982	4.3820250422717824E-4	0.7423825188279977	3.6587805364280535E-4	1.4256279305994825E-7	0.8953216662278398
820000	-9718.008154670782	-8721.512123948258	-996.496030722525	-8538.650083082464	156.00606015566666	1695.4669112487652	0.1313703947837459	0.194072914500246	0.018154246692484166	1.0068593445323095	0.38085542482435863	1.1229029382877322	0.1964078712953682	1.974374463666816	1.4499617393146802	0.10038702425460624	0.09909924313044377	0.194072914500246	0.018154246692484166	1.0068593445323095	0.38085542482435863	1.1229029382877322	0.1964078712953682	1.974374463666816	1.4499617393146802	0.10038702425460624	0.09909924313044377	6.036460730473314	0.30542708911288496	0.20455506190952422	0.22209605953036302	0.2679217894472276	0.4695181219136461	165.7432675965026	-988.2882752398427	4.4594793757607426E-4	0.6964266594541788	3.5189547072003247E-4	1.094705572401938E-7	0.78136517698262
830000	-9697.113711349884	-8708.93123933988	-988.1824720100042	-8531.4894986101	145.47479527832877	1594.6443606118962	0.08310388416234767	0.26674964490083997	0.04553482428887935	0.3380327200891946	0.3142742854152433	0.223255973365821	0.46308488042770574	0.17474301641257417	1.1117818957185652	0.1400471840612437	0.06961791006401255	0.26674964490083997	0.04553482428887935	0.3380327200891946	0.3142742854152433	0.223255973365821	0.46308488042770574	0.17474301641257417	1.1117818957185652	0.1400471840612437	0.06961791006401255	6.894284655534931	0.2934726648771763	0.21371681727515532	0.22209605953036302	0.2707144583173051	0.4695181219136461	173.0577242452905	-982.6468029734727	4.123192462446976E-4	0.7252552533842872	3.500067105077267E-4	1.1610280619487137E-7	0.8460501423480575
840000	-9709.347493222607	-8715.701712962458	-993.6457802601498	-8543.063264850865	152.40240033784556	1619.536173021477	0.13845111774309496	0.3220850077055192	0.10028688255411011	0.036773470883269904	3.1840976916909254	0.5922267220565628	0.6297525457547387	0.6540580716949167	5.610940517113969	0.9073772748749723	0.04571167367537493	0.3220850077055192	0.10028688255411011	0.036773470883269904	3.1840976916909254	0.5922267220565628	0.6297525457547387	0.6540580716949167	5.610940517113969	0.9073772748749723	0.04571167367537493	5.923266797683628	0.2934726648771763	0.21371681727515532	0.22209605953036302	0.2707144583173051	0.4695181219136461	168.49154782985076	-979.8636702009226	3.7788814002544734E-4	0.7849315028953452	3.356656651733564E-4	1.405344872190128E-7	0.9128922047551289
850000	-9662.903368503661	-8698.430938042204	-964.4724304614568	-8527.875039858622	150.23765096378358	1396.6602848705488	0.14355916296749047	0.21928714813884692	0.02761107699145404	0.5409462414795384	5.9611722082991	0.4797305393592144	0.434231073171181	1.1151858379442678	3.691510515903242	0.2379891924220663	0.09856794839172991	0.21928714813884692	0.02761107699145404	0.5409462414795384	5.9611722082991	0.4797305393592144	0.434231073171181	1.1151858379442678	3.691510515903242	0.2379891924220663	0.09856794839172991	5.923266797683628	0.2934726648771763	0.21371681727515532	0.22209605953036302	0.2707144583173051	0.4695181219136461	134.7467655302807	-950.073079160903	4.91567498683569E-4	0.7538398842381598	4.0241352245089864E-4	1.9676305577858036E-7	0.901611645888997
860000	-9670.783487869816	-8702.333959131425	-968.44952873839	-8533.379624572784	123.86215446489622	1388.5187023881476	0.09590676428576014	0.06421304409596404	0.035938415989220034	0.44597990617017985	0.40285820623689406	0.21625392246994857	0.33574246075261105	0.9255234071652605	1.0761342025265443	0.1646776807990268	0.3461443918870828	0.06421304409596404	0.035938415989220034	0.44597990617017985	0.40285820623689406	0.21625392246994857	0.33574246075261105	0.9255234071652605	1.0761342025265443	0.1646776807990268	0.3461443918870828	6.598212731818824	0.28417238950582957	0.21371681727515532	0.20845593952742225	0.29365485369159267	0.4695181219136461	152.48925729934493	-961.6684277546562	4.920020736554629E-4	0.8902485410823662	3.9829936420503984E-4	2.867414122021813E-7	1.0889993073751478
870000	-9642.98311396487	-8700.095871047128	-942.887242917742	-8531.528631674126	121.55869064895307	1235.58704637167	0.1114504500862812	0.6315628181121314	0.051443300662528085	0.7485095936758571	0.9943760629514742	0.6126798005214251	0.19758861274263534	0.32608218895639296	3.2981650912664997	0.16884017706508211	2.084436645946576	0.6315628181121314	0.051443300662528085	0.7485095936758571	0.9943760629514742	0.6126798005214251	0.19758861274263534	0.32608218895639296	3.2981650912664997	0.16884017706508211	2.084436645946576	5.864920077434547	0.28417238950582957	0.21371681727515532	0.20845593952742225	0.29365485369159267	0.4695181219136461	123.52636090100651	-931.4414005850604	5.807521119076795E-4	0.8666961174082085	4.714693142404089E-4	3.837933488763469E-7	1.0284420445093758
880000	-9688.247238676375	-8697.386325090922	-990.8609135854529	-8522.210284279807	150.60831576770155	1586.656632388654	0.12583258946304063	0.7014596655055565	0.15686767979135613	0.3555169076467483	1.0327365427320685	0.760230177932644	0.2990627525111383	0.49402650361903183	3.5366005846588906	0.07059889534202532	0.59575220933135	0.7014596655055565	0.15686767979135613	0.3555169076467483	1.0327365427320685	0.760230177932644	0.2990627525111383	0.49402650361903183	3.5366005846588906	0.07059889534202532	0.59575220933135	5.864920077434547	0.29123316208741074	0.21371681727515532	0.21399674592045284	0.2810532747169809	0.4695181219136461	180.21349948387308	-980.770792673017	3.945226384650348E-4	0.8440801652889186	3.329021153349336E-4	1.8576052944026647E-7	1.0046455338202451
890000	-9719.982212439136	-8721.31773493207	-998.6644775070648	-8546.475765634545	168.90413847080845	1680.0500582205113	0.10639157050821635	1.2452522203485312	0.012929247857505665	0.06955638040515161	0.14235604733427432	0.19299289982492496	0.6321244721146632	1.2762708275586787	2.9199949890498598	0.11466782414822727	0.9222243386828646	1.2452522203485312	0.012929247857505665	0.06955638040515161	0.14235604733427432	0.19299289982492496	0.6321244721146632	1.2762708275586787	2.9199949890498598	0.11466782414822727	0.9222243386828646	5.864920077434547	0.294328344558556	0.21062163480401008	0.21399674592045284	0.2810532747169809	0.4695181219136461	179.4386164337274	-989.1764308179474	3.833809017676639E-4	0.7557277623305972	3.071401928277215E-4	1.213652113483784E-7	0.879808087965076
900000	-9661.722145832147	-8672.146072769512	-989.5760730626347	-8505.365834175062	138.14152558745445	1493.846852196666	0.0654090286252462	0.9138310071062321	0.08343111149052226	0.0561951878106371	2.5621979650263085	2.2564782332676896	0.6853956561809657	0.4566653791556533	5.0428237373475095	0.658197333222428	1.368847038171388	0.9138310071062321	0.08343111149052226	0.0561951878106371	2.5621979650263085	2.2564782332676896	0.6853956561809657	0.4566653791556533	5.0428237373475095	0.658197333222428	1.368847038171388	7.268627471982834	0.29652346422181936	0.21062163480401008	0.22419942406257012	0.26865547691160024	0.4695181219136461	136.63032800934218	-972.6454586689232	4.081452346641444E-4	0.8177782889118447	3.596620224191354E-4	1.4813987350703158E-7	0.8922587878157258
910000	-9651.663763830247	-8687.273993064338	-964.3897707659083	-8518.78390817992	111.21498257196427	1296.8334994693628	0.07215167549383354	1.1670008915268701	0.32501710613149515	0.4376446601371208	0.2711466378135013	0.2557690442608358	1.1673389435784745	0.08574088256427835	2.0236775010985877	0.10827471940440597	0.3452172839127852	1.1670008915268701	0.32501710613149515	0.4376446601371208	0.2711466378135013	0.2557690442608358	1.1673389435784745	0.08574088256427835	2.0236775010985877	0.10827471940440597	0.3452172839127852	7.268627471982834	0.29652346422181936	0.21062163480401008	0.22419942406257012	0.26865547691160024	0.4695181219136461	141.34267581202798	-955.3983325545287	5.103043510362662E-4	0.7651858087390856	4.123057145581333E-4	1.765220184468813E-7	0.8581550507520141
920000	-9618.797174095027	-8671.074146976269	-947.7230271187576	-8509.68432962608	137.32783981237674	1267.3880157787771	0.07626337919368563	0.36014106182202144	0.3231045457072731	1.2424354580380563	0.08820632214935879	1.4965549336157233	1.3534791245996123	0.018107102513772566	4.8119945491	0.13959804844025625	0.9710163063982965	0.36014106182202144	0.3231045457072731	1.2424354580380563	0.08820632214935879	1.4965549336157233	1.3534791245996123	0.018107102513772566	4.8119945491	0.13959804844025625	0.9710163063982965	6.537481639983778	0.29652346422181936	0.20010522071334258	0.22419942406257012	0.27917189100226775	0.4695181219136461	123.68311582463757	-933.746514983156	6.145317065712715E-4	0.916167764801486	4.4495595574727903E-4	2.2619104856860025E-7	0.8767469756884229
930000	-9621.230554429649	-8668.60430308011	-952.6262513495387	-8503.355865353842	124.36474830733269	1288.1043220427966	0.09098386944163264	0.07919136005515674	0.013892380277304094	0.7005049019080194	0.16596745430551835	1.054639405376076	0.2925038042992229	0.0314265667120306	2.64952540576344	0.04772047887379522	0.9370051103208226	0.07919136005515674	0.013892380277304094	0.7005049019080194	0.16596745430551835	1.054639405376076	0.2925038042992229	0.0314265667120306	2.64952540576344	0.04772047887379522	0.9370051103208226	5.733332156991668	0.29652346422181936	0.20010522071334258	0.22419942406257012	0.27917189100226775	0.4695181219136461	135.21344867599353	-944.2061113625914	5.768997784203262E-4	0.8158556230068625	4.2558054460056246E-4	2.1384739129256802E-7	0.8665145300746722
940000	-9650.790501615715	-8688.999409767508	-961.7910918482062	-8524.537308564939	151.4891177303281	1465.61920015352	0.0946184225666141	0.14471158076951474	0.1686600415756246	0.28035806907824323	1.8242040305760014	0.253388693827025	0.6331820623920328	1.1007055140772404	1.9621203378077279	0.28539156583876907	0.7594705646664291	0.14471158076951474	0.1686600415756246	0.28035806907824323	1.8242040305760014	0.253388693827025	0.6331820623920328	1.1007055140772404	1.9621203378077279	0.28539156583876907	0.7594705646664291	5.614322506985605	0.29652346422181936	0.20010522071334258	0.22419942406257012	0.27917189100226775	0.4695181219136461	131.79076918192024	-952.0810848948835	4.808930138206374E-4	0.8669392840705167	3.530480277560694E-4	2.340541997290295E-7	1.0547168036923087
950000	-9651.847249295595	-8660.601233513515	-991.2460157820815	-8496.379758053617	137.29864268971986	1542.6510322897807	0.05373448857705713	0.04284178239958795	0.24425669896157498	0.616457997500839	0.4975898319583309	0.4559632316227214	0.2573849474583388	0.1334649517695141	3.512983827251013	2.015486652250234	0.4677759524076919	0.04284178239958795	0.24425669896157498	0.616457997500839	0.4975898319583309	0.4559632316227214	0.2573849474583388	0.1334649517695141	3.512983827251013	2.015486652250234	0.4677759524076919	6.229502579196577	0.3096868069297578	0.2090704751070998	0.22419942406257012	0.25704329390057207	0.4695181219136461	146.67027430921482	-979.4663202778202	4.6866105221937676E-4	0.9512422521935336	3.770918943051089E-4	1.5696658806153487E-7	0.8928250040125298
960000	-9621.41474609029	-8646.056550193	-975.3581958972907	-8489.480300746214	116.33160200207598	1384.921291976887	0.09231436597604713	0.09531773820397203	0.4300559550406419	0.06301904809230095	1.613963568991773	0.2055559919967172	1.4772241381249274	0.19534719992127736	3.7588922071395023	0.601983295768187	0.35408694701158744	0.09531773820397203	0.4300559550406419	0.06301904809230095	1.613963568991773	0.2055559919967172	1.4772241381249274	0.19534719992127736	3.7588922071395023	0.601983295768187	0.35408694701158744	7.440478105149222	0.3096868069297578	0.2090704751070998	0.22419942406257012	0.25704329390057207	0.4470956766889	146.59271087652508	-963.922423737472	4.7692387614509953E-4	0.8085635164633661	4.0769062954717404E-4	1.891949312199864E-7	0.9227501363467852
970000	-9660.465304547895	-8667.06116577242	-993.4041387754754	-8504.960363869257	146.8132016124124	1615.5924458045913	0.06875384022739738	0.31752368901474676	0.17049720682191685	0.05975233723587712	0.5686314065043963	0.8904624730711942	1.177324047172185	0.17955784228085567	4.547643848117299	0.06893688953122418	2.032574449452601	0.31752368901474676	0.17049720682191685	0.05975233723587712	0.5686314065043963	0.8904624730711942	1.177324047172185	0.17955784228085567	4.547643848117299	0.06893688953122418	2.032574449452601	6.566221908039395	0.3057769482045773	0.2090704751070998	0.21187214544423202	0.2732804312440907	0.4470956766889	155.4787656404757	-980.5498185093683	4.415649508696816E-4	0.8166857317808056	3.439072445798718E-4	1.5605754498060408E-7	0.9353031834153082
980000	-9696.422059831895	-8694.952570668751	-1001.4694891631447	-8527.169090783545	147.91839414159912	1717.0858562922265	0.08532833654721284	0.15110739045610905	0.09182538601414755	0.22251887332732023	0.7910874218820058	0.22924719754912312	0.8042073566883385	0.011667468260287216	1.665980249001232	0.050663661949633246	0.2620265785389953	0.15110739045610905	0.09182538601414755	0.22251887332732023	0.7910874218820058	0.22924719754912312	0.8042073566883385	0.011667468260287216	1.665980249001232	0.050663661949633246	0.2620265785389953	5.954963957000515	0.3057769482045773	0.20190569537885386	0.21187214544423202	0.2804452109723366	0.4470956766889	158.18794343086017	-995.1546854176368	3.580835047209384E-4	0.7414458020897206	3.065480497509217E-4	6.968365392293061E-8	0.7931840587703756
990000	-9681.052203218671	-8676.271690939106	-1004.780512279566	-8508.002474352568	183.96520086353274	1757.9127471609654	0.07808156800997969	0.3945045073261462	0.037867790338689186	0.24046979681676417	1.1415219748962335	0.34780629581722056	0.270988564171018	0.1132070975364765	1.1135207278722827	0.0516675089091778	0.9607058878893573	0.3945045073261462	0.037867790338689186	0.24046979681676417	1.1415219748962335	0.34780629581722056	0.270988564171018	0.1132070975364765	1.1135207278722827	0.0516675089091778	0.9607058878893573	5.954963957000515	0.3057769482045773	0.21058005736135746	0.20319778346172843	0.2804452109723366	0.4470956766889	195.57883583901437	-997.2228202271452	4.214522030276828E-4	0.8639255830452323	3.2813948968660623E-4	2.014962760402228E-7	1.1020246866881807
1000000	-9721.986877742043	-8695.122666220079	-1026.8642115219639	-8528.067199659698	129.97436892835373	1737.0490161705322	0.04562608580384611	0.16743592681674563	9.65067098280386E-4	0.9793218919215857	0.05446405718189106	0.7800320404012199	0.8989302486476153	0.17184613457063738	2.690801862306424	0.8935855270210574	0.10637769566990926	0.16743592681674563	9.65067098280386E-4	0.9793218919215857	0.05446405718189106	0.7800320404012199	0.8989302486476153	0.17184613457063738	2.690801862306424	0.8935855270210574	0.10637769566990926	6.975237569216023	0.29672144880945556	0.21963555675647922	0.20319778346172843	0.2804452109723366	0.4470956766889	184.3360021581204	-1016.771611819056	3.904312180863795E-4	0.7404074274648913	3.242352676196956E-4	1.1011082118355811E-7	0.8591540799247536
1010000	-9729.536741282256	-8718.265048202606	-1011.2716930796507	-8544.03053183899	168.8628905894804	1861.6429702737223	0.06950028861372642	0.23210649730312172	0.27173635449442696	0.2808231898964819	1.6280047719109074	2.3261573153362907	1.2575054098306147	0.13354350930995032	3.5844394502422916	0.2690746437171785	0.12075192881440333	0.23210649730312172	0.27173635449442696	0.2808231898964819	1.6280047719109074	2.3261573153362907	1.2575054098306147	0.13354350930995032	3.5844394502422916	0.2690746437171785	0.12075192881440333	7.370496110690576	0.28745346046746634	0.21192508597750678	0.22198667649130427	0.2786347770637224	0.4470956766889	166.86915556587212	-998.3237882375142	3.510410183578621E-4	0.8204909201804739	2.869354985258538E-4	8.714435308152938E-8	0.8466304056289858
1020000	-9720.584763346318	-8689.471380449986	-1031.1133828963327	-8522.764719176492	165.71616681759141	1926.060888785777	0.03816976346863725	0.6228531902449796	0.42145581156309997	2.100858646930193	1.6748562677828118	0.7542710839107211	0.7915562011859097	0.062269104304796465	2.885977787298417	0.2783728979898002	0.5798094150082171	0.6228531902449796	0.42145581156309997	2.100858646930193	1.6748562677828118	0.7542710839107211	0.7915562011859097	0.062269104304796465	2.885977787298417	0.2783728979898002	0.5798094150082171	6.251304445269117	0.28745346046746634	0.21192508597750678	0.22198667649130427	0.2786347770637224	0.4470956766889	230.51731410475966	-1017.0155451649135	4.036506449991081E-4	0.8154643528633778	3.2570472402902934E-4	9.560001910544841E-8	0.8247315060116635
1030000	-9709.466089282969	-8695.399942229798	-1014.0661470531712	-8523.1162220619	135.41585135806469	1798.4328006215853	0.07442927533165962	0.39267545391500835	0.10037073437378498	0.8642485197501072	1.0215766612962922	0.11017890302884562	2.964931964919809	0.34240329567180794	4.199140037979257	0.6911952295146466	0.14598982308524797	0.39267545391500835	0.10037073437378498	0.8642485197501072	1.0215766612962922	0.11017890302884562	2.964931964919809	0.34240329567180794	4.199140037979257	0.6911952295146466	0.14598982308524797	6.251304445269117	0.28745346046746634	0.21192508597750678	0.22198667649130427	0.2786347770637224	0.4470956766889	203.49629056979543	-1000.0969437368645	4.565241153007188E-4	0.8887862307268636	3.377308341500897E-4	1.5784827473937248E-7	0.9213364187790202
1040000	-9708.486600300557	-8694.425638387454	-1014.0609619131029	-8523.594596973882	122.96902424327106	1758.1599793540188	0.10100719858865738	0.5019883044236476	0.08393772346863806	0.23587141322878444	0.8815749073559634	0.4463220167198763	0.7250789266088379	0.30368916956022796	2.2839490144054655	0.20929343802318726	0.1231163663844914	0.5019883044236476	0.08393772346863806	0.23587141322878444	0.8815749073559634	0.4463220167198763	0.7250789266088379	0.30368916956022796	2.2839490144054655	0.20929343802318726	0.1231163663844914	6.251304445269117	0.28745346046746634	0.19906224348682855	0.21491897439387955	0.29856532165182537	0.4470956766889	183.40607635243668	-1006.1820539862854	3.939037615539195E-4	0.7257448301720949	3.015666121667858E-4	1.0007364456197152E-7	0.8382171691891892
1050000	-9734.80937462418	-8666.907906883082	-1067.9014677410971	-8504.152487835749	195.38544730989182	2363.021444908104	0.05169038291719465	0.09823902036765708	0.03823214306150575	1.679294451186979	0.16699750450594728	1.5005754759982262	1.112651597279754	0.0847158256319069	4.035080695681985	0.508959156263407	1.5961064091714345	0.09823902036765708	0.03823214306150575	1.679294451186979	0.16699750450594728	1.5005754759982262	1.112651597279754	0.0847158256319069	4.035080695681985	0.508959156263407	1.5961064091714345	5.592519747873315	0.28745346046746634	0.19841209469104026	0.21556912318966784	0.29856532165182537	0.4470956766889	236.6304497463129	-1053.421560690235	3.2860472301515266E-4	0.959452492731724	2.581523937337012E-4	7.267720714518337E-8	0.8397956156917545
1060000	-9727.805380285688	-8666.328861873884	-1061.4765184118032	-8496.146437949914	180.42783884413666	2286.129855399493	0.034748719017520475	0.18950771665124017	0.46565672776290035	0.13695118880512203	2.646236021081522	3.573785670602554	0.5500210363501318	0.49438871348113456	3.8105647410409067	0.3285433228481816	0.5731675703662656	0.18950771665124017	0.46565672776290035	0.13695118880512203	2.646236021081522	3.573785670602554	0.5500210363501318	0.49438871348113456	3.8105647410409067	0.3285433228481816	0.5731675703662656	5.592519747873315	0.28745346046746634	0.22513358695123295	0.20244576328325686	0.2849671892980436	0.4470956766889	252.04659844268036	-1044.4746162027627	3.352101737683105E-4	0.9232490651996323	2.5300040579834536E-4	6.885113868527277E-8	0.8318248332918176
1070000	-9756.54704446577	-8686.918683940763	-1069.6283605250057	-8518.338867791148	201.74177121874618	2500.2820811377087	0.07782489420825567	0.6748162575845997	0.13039989037898359	0.5551445719732105	0.26191966340678074	0.21588790344653483	2.5671621091498324	0.31207778679268383	2.6290652286187153	0.23391803736522473	0.5806588717475065	0.6748162575845997	0.13039989037898359	0.5551445719732105	0.26191966340678074	0.21588790344653483	2.5671621091498324	0.31207778679268383	2.6290652286187153	0.23391803736522473	0.5806588717475065	5.592519747873315	0.28745346046746634	0.22513358695123295	0.20244576328325686	0.2849671892980436	0.4470956766889	279.8443239350964	-1058.2432312516462	3.118494586459081E-4	0.9779468268056278	2.4429092030100514E-4	6.153972635036981E-8	0.8075335997361305
1080000	-9765.923134828514	-8694.417196762355	-1071.505938066159	-8532.377067455216	193.22554918279286	2362.386127683898	0.04474380163670706	0.74554222589964	0.2872916141175901	0.7726007567118447	0.03223765831915483	0.4210773146300789	2.4603952392158908	0.16530634980123926	4.65089288852391	0.11237107491520974	0.13151866908322746	0.74554222589964	0.2872916141175901	0.7726007567118447	0.03223765831915483	0.4210773146300789	2.4603952392158908	0.16530634980123926	4.65089288852391	0.11237107491520974	0.13151866908322746	6.737008203988623	0.28745346046746634	0.22513358695123295	0.20244576328325686	0.2849671892980436	0.4470956766889	263.19353473888253	-1058.1770738371702	2.8831987544487045E-4	0.7703506465350471	2.3523321109004353E-4	5.022903235046483E-8	0.8084022193254642
1090000	-9684.401226505252	-8678.723266764575	-1005.6779597406763	-8509.742033539056	154.32361654312737	1771.3376299492916	0.0795906558204924	0.580329930280001	0.10104596758156127	0.05094341868955876	0.601843867332826	0.35233366595189314	1.4952261977013233	0.08618354127057562	4.144976580828905	0.6089756024700036	0.021499325220239257	0.580329930280001	0.10104596758156127	0.05094341868955876	0.601843867332826	0.35233366595189314	1.4952261977013233	0.08618354127057562	4.144976580828905	0.6089756024700036	0.021499325220239257	6.737008203988623	0.2995094483802231	0.2130775990384762	0.20244576328325686	0.2849671892980436	0.4470956766889	164.8603327765012	-994.7186030789773	4.218693283982058E-4	0.8781154112629231	3.322122590253091E-4	1.713949541098037E-7	0.9883796245066073
1100000	-9714.237975705311	-8701.857976703945	-1012.3799990013675	-8534.49456106579	132.4717005350309	1675.016498888254	0.06890873329443788	0.9742614356136311	0.2707244336516151	0.09073957559784793	1.0808851685236973	0.3724478688066439	0.15127733244535838	0.12448912699098778	2.3475766463791126	0.26511379951611574	0.4503119896026008	0.9742614356136311	0.2707244336516151	0.09073957559784793	1.0808851685236973	0.3724478688066439	0.15127733244535838	0.12448912699098778	2.3475766463791126	0.26511379951611574	0.4503119896026008	6.737008203988623	0.2995094483802231	0.2130775990384762	0.20244576328325686	0.2849671892980436	0.4470956766889	186.61044483769376	-1003.3829341346857	4.0687240463048094E-4	0.7755118783569575	3.178112664040997E-4	1.140545666425856E-7	0.864724794252425
1110000	-9685.633708372956	-8690.29054826836	-995.3431601045957	-8523.628846917954	154.64875674614322	1682.3531724870459	0.07167106799922762	0.04134208140724488	0.04123223428086881	0.5220271583632317	0.9054132812660927	1.2588036862092677	0.7538498279029991	0.07348272847144006	1.3983659751389768	0.42009927597001673	0.7783420132969703	0.04134208140724488	0.04123223428086881	0.5220271583632317	0.9054132812660927	1.2588036862092677	0.7538498279029991	0.07348272847144006	1.3983659751389768	0.42009927597001673	0.7783420132969703	5.521465657917702	0.30561355417348546	0.2130775990384762	0.20244576328325686	0.27886308350478123	0.4470956766889	176.6393031756911	-986.4144274431185	4.275570162249969E-4	0.8464326404711028	3.1946516408477713E-4	1.3201071146168964E-7	0.8837871891988553
1120000	-9667.981018929353	-8697.016149787567	-970.9648691417851	-8530.14868853081	166.4960442644926	1542.490194703204	0.09144871202057293	1.3960239671447534	0.05788118393648169	0.89740206054419	0.7383707897118115	1.0593223758332737	0.8047121364490853	0.035588432322093744	2.682260738041309	0.7024823456181125	0.03301743886461362	1.3960239671447534	0.05788118393648169	0.89740206054419	0.7383707897118115	1.0593223758332737	0.8047121364490853	0.035588432322093744	2.682260738041309	0.7024823456181125	0.03301743886461362	6.2968586136339635	0.30561355417348546	0.2130775990384762	0.19104107697222758	0.29026776981581054	0.4470956766889	153.793775021111	-959.5900419202475	5.494672931868611E-4	0.8961522669943222	3.8067402090466505E-4	3.1656706101840583E-7	1.0486261863818687
1130000	-9630.743819238982	-8668.538035090965	-962.2057841480156	-8500.476217239073	152.04127650826632	1486.2680763383291	0.1506004377883566	0.5548260395957616	0.06653930468803795	0.0990818431025955	0.6775134256458321	0.8471655408467039	2.4712655924957394	0.3815516874977776	4.443828536983852	0.37170862623940853	0.08315788506810286	0.5548260395957616	0.06653930468803795	0.0990818431025955	0.6775134256458321	0.8471655408467039	2.4712655924957394	0.3815516874977776	4.443828536983852	0.37170862623940853	0.08315788506810286	6.905590103428925	0.30561355417348546	0.2130775990384762	0.19104107697222758	0.29026776981581054	0.4470956766889	141.53850138581862	-949.5639646441795	5.5334693077298E-4	0.9319810719319009	3.6168797898418053E-4	3.070873767217127E-7	1.0876596118660582
1140000	-9682.330978703594	-8684.830434707263	-997.5005439963309	-8513.056486136875	144.1467844390184	1646.757302090219	0.10262917396972017	0.3722918913527871	0.062154121163783944	0.6025710453811728	2.6181901325365184	1.327618634704328	3.471003841572734	2.3757520756665906	3.1983886840950877	0.07910958369160734	1.1011773375617442	0.3722918913527871	0.062154121163783944	0.6025710453811728	2.6181901325365184	1.327618634704328	3.471003841572734	2.3757520756665906	3.1983886840950877	0.07910958369160734	1.1011773375617442	6.905590103428925	0.30561355417348546	0.2130775990384762	0.19104107697222758	0.29026776981581054	0.4470956766889	157.93523593944155	-979.3389611393046	4.993776446032701E-4	0.9136585938221433	3.4882073522853144E-4	2.596900097855637E-7	1.0940343044988006
1150000	-9691.732733013869	-8687.813269468854	-1003.9194635450143	-8518.011044277653	160.95560291862301	1751.35677889685	0.12613007668954063	0.18917697108910653	0.11820931495863474	0.07912382557879155	0.9373441520484336	0.21926197124855493	1.3717209425527936	0.2955550935522631	2.5712217566512163	0.127111215152977	0.017363081488279624	0.18917697108910653	0.11820931495863474	0.07912382557879155	0.9373441520484336	0.21926197124855493	1.3717209425527936	0.2955550935522631	2.5712217566512163	0.127111215152977	0.017363081488279624	6.905590103428925	0.30561355417348546	0.2130775990384762	0.2048115375543773	0.2764973092336608	0.4470956766889	193.8499277874812	-995.1949335607327	4.330461594460187E-4	0.9336237212521671	3.344647916396112E-4	2.4173790266500997E-7	1.168354820260822
1160000	-9685.283730551493	-8706.166176353283	-979.1175541982101	-8536.333236231998	135.80820584424134	1435.1012313731283	0.10001619862048243	0.3315453736502012	0.08711044459531078	0.1455669912976161	1.1016252327716831	0.8569329644573663	1.1844054071329873	0.8202139382596877	5.555415882612176	0.049457607880919886	0.9792736282810646	0.3315453736502012	0.08711044459531078	0.1455669912976161	1.1016252327716831	0.8569329644573663	1.1844054071329873	0.8202139382596877	5.555415882612176	0.049457607880919886	0.9792736282810646	6.905590103428925	0.30561355417348546	0.2130775990384762	0.2048115375543773	0.2764973092336608	0.4470956766889	153.7591675585683	-965.5183064283768	4.5812861177354987E-4	0.8142490683064583	3.798197547657848E-4	1.466256661026659E-7	0.9021013969239478
1170000	-9727.269949014699	-8698.319931978138	-1028.9500170365607	-8531.044043294612	217.02147419794534	2056.7275091470797	0.13659501596471937	0.013168866012694893	0.17720743868776417	0.14717548825100726	2.7798480680659967	0.9925909063303191	0.03286456806734522	0.06887777617276852	6.694070238596898	0.3815167615070423	0.4932985603789887	0.013168866012694893	0.17720743868776417	0.14717548825100726	2.7798480680659967	0.9925909063303191	0.03286456806734522	0.06887777617276852	6.694070238596898	0.3815167615070423	0.4932985603789887	6.905590103428925	0.29117553545870595	0.21948564256560998	0.21107825393545002	0.27826056804023386	0.4470956766889	183.2376081349394	-1015.2877223221856	3.297962408038041E-4	0.7725193546721403	2.76557540403582E-4	7.584819887886572E-8	0.7877510935536515
1180000	-9694.183651126406	-8687.751529686206	-1006.4321214402003	-8520.521851703783	214.90540520843078	1930.9243832921504	0.07354599666687739	0.0505560452377832	0.0037977216454125043	0.37722409500247606	2.2995954057051726	0.5393975028539174	1.4535487719639275	0.3108460505806302	2.4375056106785133	0.13898495218568027	0.7893828466213314	0.0505560452377832	0.0037977216454125043	0.37722409500247606	2.2995954057051726	0.5393975028539174	1.4535487719639275	0.3108460505806302	2.4375056106785133	0.13898495218568027	0.7893828466213314	6.905590103428925	0.29117553545870595	0.21948564256560998	0.21107825393545002	0.27826056804023386	0.4470956766889	174.77994847234228	-995.3089889026666	3.911681632010099E-4	0.7937442114934343	2.930114926795884E-4	1.189925274806781E-7	0.8407910615402674
1190000	-9695.158676841047	-8683.416833090714	-1011.7418437503337	-8514.373379323803	164.64088116111085	1813.0841621975674	0.061612891828593926	0.06349602377017109	0.08650727248780339	0.001359298593244714	0.6216354704476222	0.10679858441688336	1.40003979431115	0.6862602920605096	2.130430952478401	0.16912140449597488	0.7447701997435777	0.06349602377017109	0.08650727248780339	0.001359298593244714	0.6216354704476222	0.10679858441688336	1.40003979431115	0.6862602920605096	2.130430952478401	0.16912140449597488	0.7447701997435777	6.905590103428925	0.29117553545870595	0.21948564256560998	0.21107825393545002	0.27826056804023386	0.4470956766889	186.9858102225098	-1002.3717474911398	4.358952246409585E-4	0.8660627755357302	3.291786488569154E-4	1.3911228883927584E-7	0.9077799085678885
1200000	-9691.431532208793	-8667.980527086549	-1023.4510051222446	-8502.095330423595	143.58718997594497	1727.6390207606323	0.10930205504821125	0.8313528946289293	0.45185295847369744	0.517196093036488	4.389924236373053	0.4622684818253058	1.4398754288519935	0.04621884334970802	5.5454275355466445	0.13809729386289055	1.0225083672627817	0.8313528946289293	0.45185295847369744	0.517196093036488	4.389924236373053	0.4622684818253058	1.4398754288519935	0.04621884334970802	5.5454275355466445	0.13809729386289055	1.0225083672627817	6.592195548426879	0.29477148318528845	0.21948564256560998	0.21107825393545002	0.27466462031365135	0.4470956766889	181.82611315753675	-1006.1829449257875	4.487636143423097E-4	0.8172258550889895	3.1782076546060323E-4	1.3430193963024918E-7	0.9046079483686565
1210000	-9689.233647525134	-8675.825145579323	-1013.4085019458101	-8508.103363830163	150.32040383225402	1653.2338966157963	0.08713326735866042	0.03016884008651906	0.12656765420416521	2.8274263199129783	2.484975783942324	0.6185085345069407	3.080206801879409	1.074200922174425	6.2101553636241125	0.6015818091456707	0.4981133958255567	0.03016884008651906	0.12656765420416521	2.8274263199129783	2.484975783942324	0.6185085345069407	3.080206801879409	1.074200922174425	6.2101553636241125	0.6015818091456707	0.4981133958255567	6.592195548426879	0.3072491961683892	0.20700792958250924	0.21107825393545002	0.27466462031365135	0.4470956766889	189.19638567532587	-993.1190370012629	4.1962265220189853E-4	0.827177119778639	3.2722053101827116E-4	1.5465832514094877E-7	0.9435754098738699
1220000	-9648.985711318244	-8694.330882804974	-954.6548285132708	-8527.103433473963	133.40624797655295	1305.6119873112132	0.1122668404672923	0.16041613569749674	0.4530857254621068	0.4517850253906959	1.3137056706013879	0.15636096137534067	2.172672024821297	0.7485671499423491	5.745005449442744	0.16179535220786123	0.18036335105736614	0.16041613569749674	0.4530857254621068	0.4517850253906959	1.3137056706013879	0.15636096137534067	2.172672024821297	0.7485671499423491	5.745005449442744	0.16179535220786123	0.18036335105736614	6.592195548426879	0.29892878180209165	0.20700792958250924	0.21107825393545002	0.2829850346799489	0.4470956766889	141.04500204937167	-940.8797368849625	5.689105960762877E-4	0.7494168471883399	4.4674860421810335E-4	2.701185996462484E-7	0.9139506902934299
1230000	-9620.709606558285	-8669.268925023931	-951.440681534354	-8498.77645635443	147.65470980549551	1404.4063148350074	0.10031853269413565	0.021215416039639768	0.2259007316096945	0.0995188703677284	0.6794350564860379	0.12498033171160623	1.7318814290959799	2.244114289492364	4.222228168174802	0.6495347652129911	0.6973655407501578	0.021215416039639768	0.2259007316096945	0.0995188703677284	0.6794350564860379	0.12498033171160623	1.7318814290959799	2.244114289492364	4.222228168174802	0.6495347652129911	0.6973655407501578	6.592195548426879	0.29892878180209165	0.20700792958250924	0.21107825393545002	0.2829850346799489	0.4470956766889	113.1027696512053	-938.3760920113098	5.127393300656816E-4	0.8619837745322156	3.9139438099241913E-4	1.8885088363086278E-7	0.8478365876899545
1240000	-9668.911682974633	-8688.111672495828	-980.8000104788036	-8514.403945472157	122.38993557259309	1427.3222988571274	0.05624047509438007	1.7561555672311406	0.24439150092134324	1.433683977676997	0.965718033288004	0.6370289370632878	1.4349667444326573	0.2564801662710772	6.575811787117112	0.8345538823400779	0.7114336191464328	1.7561555672311406	0.24439150092134324	1.433683977676997	0.965718033288004	0.6370289370632878	1.4349667444326573	0.2564801662710772	6.575811787117112	0.8345538823400779	0.7114336191464328	6.592195548426879	0.29892878180209165	0.21530158386179057	0.20278459965616868	0.2829850346799489	0.5708244405814372	164.4571967596506	-962.2476728666473	5.576503610116737E-4	0.8571460727028064	4.1348314267992E-4	2.0674694516038363E-7	0.8351983692849938
1250000	-9687.33790214322	-8699.224956129114	-988.1129460141053	-8528.68977843438	126.07144912758633	1468.3919049468946	0.07487564234994748	0.2309296818192211	0.40720696614529633	1.0168948960601947	2.156636569135462	1.5169482742199276	1.8292022736834732	0.16316710398801418	3.2005846951497214	0.45035747857170594	0.6146391015279181	0.2309296818192211	0.40720696614529633	1.0168948960601947	2.156636569135462	1.5169482742199276	1.8292022736834732	0.16316710398801418	3.2005846951497214	0.45035747857170594	0.6146391015279181	6.592195548426879	0.29892878180209165	0.21530158386179057	0.20278459965616868	0.2829850346799489	0.4790581419257407	166.84622146234045	-973.778824730498	4.8121907919321174E-4	0.7593244978901461	3.756422229960503E-4	1.4976624867221844E-7	0.8354165796866286
1260000	-9589.610449470076	-8660.339715228973	-929.2707342411038	-8490.662215705957	95.10471160154792	1205.8690015826899	0.14785835347931917	0.2665102827355477	0.008768248989739767	0.008993179163013268	1.7647977053817152	0.251278588249912	0.6342100846056107	0.22139444437946118	0.6776455928411698	0.11216229843535079	0.3905588699076491	0.2665102827355477	0.008768248989739767	0.008993179163013268	1.7647977053817152	0.251278588249912	0.6342100846056107	0.22139444437946118	0.6776455928411698	0.11216229843535079	0.3905588699076491	6.592195548426879	0.29892878180209165	0.20110952559122758	0.21697665792673168	0.2829850346799489	0.4790581419257407	117.4673376641042	-922.7674763031685	5.558939322041619E-4	0.8662772262374204	4.7041001302591817E-4	2.493063532474741E-7	0.8844014690446249
1270000	-9598.779364432783	-8662.801898722842	-935.9774657099407	-8499.110393733525	91.5318436646076	1165.470099130064	0.08449339216883568	0.13947174613361127	0.09018515629238646	0.45431495218960066	0.5016935411303516	0.7580101566061183	0.9924452587330331	0.6380638434021184	3.4603697630701213	0.04656509583967813	0.45115854041583126	0.13947174613361127	0.09018515629238646	0.45431495218960066	0.5016935411303516	0.7580101566061183	0.9924452587330331	0.6380638434021184	3.4603697630701213	0.04656509583967813	0.45115854041583126	6.592195548426879	0.2875275501107456	0.21251075728257363	0.21697665792673168	0.2829850346799489	0.4790581419257407	113.7555098572965	-925.9396901669688	5.239916278180317E-4	0.8364087710962862	4.686727655557151E-4	1.8600157684202124E-7	0.80425531424062
1280000	-9615.56768374899	-8677.383555307919	-938.1841284410716	-8508.551771814478	86.74004052535659	1157.4399446124564	0.14102636684338704	0.3397381278085748	0.027822757660893167	0.18704121577172514	1.861377653548196	0.11950133441792186	0.4430533988760658	0.4923418237369136	2.4187795476941676	0.02684989137242694	0.5670778240805989	0.3397381278085748	0.027822757660893167	0.18704121577172514	1.861377653548196	0.11950133441792186	0.4430533988760658	0.4923418237369136	2.4187795476941676	0.02684989137242694	0.5670778240805989	6.592195548426879	0.2875275501107456	0.21251075728257363	0.21697665792673168	0.2829850346799489	0.4790581419257407	119.6745086222477	-929.7316058568699	5.759259306340586E-4	0.7867041850614881	5.14642323330013E-4	2.621874922800668E-7	0.8825207329838483
1290000	-9639.079912803294	-8701.592924331171	-937.4869884721228	-8520.012251942024	93.04553898690054	1166.3213504232606	0.10185648400074225	0.735529957270107	0.0909340748703513	1.1400102395884621	1.4250540508697112	0.5855239387593039	2.488005086088077	0.07749072043139361	3.901342504065089	0.9273940770685118	0.32833779280963526	0.735529957270107	0.0909340748703513	1.1400102395884621	1.4250540508697112	0.5855239387593039	2.488005086088077	0.07749072043139361	3.901342504065089	0.9273940770685118	0.32833779280963526	6.044869663931597	0.2875275501107456	0.21251075728257363	0.21697665792673168	0.2829850346799489	0.4790581419257407	109.36883383792087	-924.1119338182161	5.206506586286731E-4	0.701908925667465	4.657400839336443E-4	2.071754447448671E-7	0.8964551192578978
1300000	-9665.770428541147	-8704.409957607411	-961.3604709337353	-8531.700623158418	94.55721685496187	1268.5335336141748	0.07337642803448863	0.18618114192273816	0.19470242011802963	0.7354037491728124	0.43695315723985206	1.8716302859978196	0.026349817246707548	1.5518431897703864	3.391275821089989	1.2721928130942406	0.342898647451203	0.18618114192273816	0.19470242011802963	0.7354037491728124	0.43695315723985206	1.8716302859978196	0.026349817246707548	1.5518431897703864	3.391275821089989	1.2721928130942406	0.342898647451203	6.668980182915463	0.2875275501107456	0.21251075728257363	0.21697665792673168	0.2829850346799489	0.4790581419257407	138.18409505161875	-948.7205268904569	5.280376515982876E-4	0.7503774466807716	4.665815878479432E-4	1.9442618538650466E-7	0.8252627119803098
1310000	-9661.004375969593	-8689.99375915866	-971.0106168109318	-8508.004338911247	120.51758074352674	1455.9713547458596	0.17491226647662345	1.7161318684790015	0.5813323140850071	0.28310433966894616	0.29313009995270795	0.05084635883452977	3.200616561156555	0.377839831865568	3.8736966927030836	0.30431745569694113	0.6856412903738158	1.7161318684790015	0.5813323140850071	0.28310433966894616	0.29313009995270795	0.05084635883452977	3.200616561156555	0.377839831865568	3.8736966927030836	0.30431745569694113	0.6856412903738158	6.967625735185446	0.2875275501107456	0.21251075728257363	0.21697665792673168	0.2829850346799489	0.4790581419257407	153.3664816129641	-957.9363015352945	4.8474016804714635E-4	0.718477222435288	3.890984796169785E-4	1.7882645263119923E-7	0.8736045203225745
1320000	-9645.187622160007	-8676.677407849409	-968.5102143105983	-8511.621613928623	128.3385326589386	1481.636707339184	0.08833843788580502	0.017125207651350866	0.006805994746825465	0.1771310638420321	1.4021018075321348	0.03060530303232951	0.9041973399382142	0.08025127041826519	3.2721898508219294	0.12989116280209032	0.378180293620722	0.017125207651350866	0.006805994746825465	0.1771310638420321	1.4021018075321348	0.03060530303232951	0.9041973399382142	0.08025127041826519	3.2721898508219294	0.12989116280209032	0.378180293620722	6.967625735185446	0.2875275501107456	0.21251075728257363	0.21697665792673168	0.2829850346799489	0.4790581419257407	122.78887192183461	-959.6975587971511	4.854862788118875E-4	0.7995788719056951	3.675789262681568E-4	1.8318275981459956E-7	0.9217019997442
1330000	-9637.897066138725	-8688.380979821202	-949.5160863175216	-8517.308574430454	139.0906417011053	1403.7558209266956	0.11835564200362185	0.2923312305487041	0.01460475976943871	1.6035697296870095	0.2885598600502343	0.8320314312824852	0.3026647268025865	0.6124545085232523	2.9357957712696257	0.4299767389176362	3.30492778410127	0.2923312305487041	0.01460475976943871	1.6035697296870095	0.2885598600502343	0.8320314312824852	0.3026647268025865	0.6124545085232523	2.9357957712696257	0.4299767389176362	3.30492778410127	6.550471000155086	0.2828711076800791	0.21251075728257363	0.2216331003573982	0.2829850346799489	0.4790581419257407	124.89719434619056	-936.841389476702	5.264741559821893E-4	0.790372145476087	3.89686754102407E-4	2.4091162701154827E-7	0.9061575292095425
1340000	-9631.417608256783	-8658.676749732736	-972.7408585240464	-8486.099651694114	153.97324274871067	1576.9221942702695	0.07846736684983023	0.6301398673447238	0.5677956803770304	0.11580461645216324	0.16084891553953107	0.43079430502799326	0.13922182937044303	0.03981665637527852	2.265574796036458	0.3603112941723166	0.05354436537862506	0.6301398673447238	0.5677956803770304	0.11580461645216324	0.16084891553953107	0.43079430502799326	0.13922182937044303	0.03981665637527852	2.265574796036458	0.3603112941723166	0.05354436537862506	6.246818258469007	0.2828711076800791	0.21251075728257363	0.21662990018910386	0.2879882348482432	0.4790581419257407	146.68945190862252	-964.121417074835	5.844165460087696E-4	1.145712662672938	4.193205697803249E-4	2.65635879508619E-7	0.9154684303131997
1350000	-9645.118791968382	-8686.455238508472	-958.6635534599093	-8517.066901947355	134.60683902629665	1396.351437894059	0.08500743633752535	0.6712945859446613	0.041186932709273906	0.6687564580894297	0.23559851051669817	0.4034859848079863	0.3645946141682172	0.11907516636872581	2.384685880623799	0.11963733710029653	0.6269669112486814	0.6712945859446613	0.041186932709273906	0.6687564580894297	0.23559851051669817	0.4034859848079863	0.3645946141682172	0.11907516636872581	2.384685880623799	0.11963733710029653	0.6269669112486814	6.246818258469007	0.2828711076800791	0.21251075728257363	0.21662990018910386	0.2879882348482432	0.4790581419257407	150.12189690128037	-950.2466813224402	5.158714309134935E-4	0.8699966831063818	4.1515105771827785E-4	2.3453204055335332E-7	0.9443124110724878
1360000	-9641.846509101071	-8674.815832198323	-967.0306769027477	-8512.019102558199	137.82569367944143	1434.680579404588	0.07141763882634988	0.5791947824026867	0.05581700003108997	1.0912628573183136	0.35531696581243094	1.597415152562153	1.9233922853868306	0.12135941470526167	6.058984306229782	0.4593046488319132	0.06739137331058791	0.5791947824026867	0.05581700003108997	1.0912628573183136	0.35531696581243094	1.597415152562153	1.9233922853868306	0.12135941470526167	6.058984306229782	0.4593046488319132	0.06739137331058791	6.246818258469007	0.2932892302938739	0.21251075728257363	0.22181712804743609	0.27238288437611624	0.4790581419257407	131.61618914967357	-951.6413339142067	4.8634333001905297E-4	0.9614076637488572	4.0243640358617657E-4	1.8579312392750618E-7	0.8811367232753204
1370000	-9670.44167678283	-8695.520863615197	-974.9208131676326	-8516.792161611234	186.9280627265789	1559.201677304665	0.11493048607573059	0.233731063406995	0.5974177438857098	1.2220283140928032	0.7980033475656496	0.8928258538723635	0.6958988279191372	0.14518251220557235	3.646460296539557	1.7917917812334623	0.40892098111804054	0.233731063406995	0.5974177438857098	1.2220283140928032	0.7980033475656496	0.8928258538723635	0.6958988279191372	0.14518251220557235	3.646460296539557	1.7917917812334623	0.40892098111804054	6.246818258469007	0.3017143793986782	0.21251075728257363	0.22181712804743609	0.26395773527131194	0.4790581419257407	164.23606586426058	-962.0338994286402	4.5968684179650593E-4	0.885321751915299	3.7351674088447183E-4	2.0724482833290236E-7	0.9790949978450112
1380000	-9667.748778087494	-8698.511546996644	-969.2372310908504	-8539.567164453547	118.01517373765239	1309.2361084035003	0.10506218470418964	0.03153819676973485	0.0012403769247550118	2.2720471504555264	0.24679768303284072	1.4723716877566386	0.2952747852807148	0.2134430406126041	3.300176086311005	0.18393412802936923	5.076175644096068	0.03153819676973485	0.0012403769247550118	2.2720471504555264	0.24679768303284072	1.4723716877566386	0.2952747852807148	0.2134430406126041	3.300176086311005	0.18393412802936923	5.076175644096068	6.246818258469007	0.29571303191862897	0.2186737395968381	0.21329129670772573	0.2723219317768071	0.4790581419257407	123.15529491508957	-954.4350418270715	5.051533092015056E-4	0.682484761039963	4.21562291332465E-4	1.5033570612297028E-7	0.8098410850797514
1390000	-9640.722483977777	-8678.624788918027	-962.0976950597503	-8510.66358120809	126.27105128251728	1336.2557439939114	0.07066736936128674	0.9650847798501028	0.13054507286012576	0.12444035620617205	0.15686814127130333	1.1497974381981269	1.1446038396167006	0.1623666754932856	4.085468447443167	0.6965309089521974	1.7930931174809446	0.9650847798501028	0.13054507286012576	0.12444035620617205	0.15686814127130333	1.1497974381981269	1.1446038396167006	0.1623666754932856	4.085468447443167	0.6965309089521974	1.7930931174809446	6.246818258469007	0.29571303191862897	0.2186737395968381	0.21329129670772573	0.2723219317768071	0.4790581419257407	137.6244332135781	-948.9713231927459	5.142763690760088E-4	0.8053197995279706	4.0332134102755266E-4	1.4166339961331417E-7	0.7860113075328136
1400000	-9642.5826682845	-8683.328588802851	-959.2540794816491	-8511.140203230447	115.88904363061636	1352.8701548877673	0.0893893673592327	0.09646095317723398	0.0748342031136474	0.14877665939648008	0.16351336629262397	1.3883078664576216	0.4517231999515961	0.8062434614075534	3.030253615923115	0.1320999424075445	0.2943462948824178	0.09646095317723398	0.0748342031136474	0.14877665939648008	0.16351336629262397	1.3883078664576216	0.4517231999515961	0.8062434614075534	3.030253615923115	0.1320999424075445	0.2943462948824178	6.246818258469007	0.29571303191862897	0.21177041826098972	0.22019461804357413	0.2723219317768071	0.4790581419257407	143.6302010254438	-949.8298115845187	5.290761698947887E-4	0.9132807731738474	4.134606031745368E-4	3.464316596084668E-7	1.1217963825114816
1410000	-9645.111451646526	-8671.262451397597	-973.8490002489285	-8501.472924056425	148.83477328172702	1542.1842040895242	0.09030182875578632	0.16833146009942399	0.15948321640753652	0.051299412590482825	0.8884445334903379	0.5841117371518584	0.42714033417346725	0.656682613589662	2.669061848424563	0.39394552512607917	0.022716119087771415	0.16833146009942399	0.15948321640753652	0.051299412590482825	0.8884445334903379	0.5841117371518584	0.42714033417346725	0.656682613589662	2.669061848424563	0.39394552512607917	0.022716119087771415	6.246818258469007	0.2850977535632761	0.21177041826098972	0.22019461804357413	0.28293721013215994	0.4790581419257407	140.74199633766335	-965.5629720898927	4.56735603539525E-4	0.7941434690451697	3.581901176984272E-4	1.8221000397676253E-7	0.9205020036990897
1420000	-9674.969222527061	-8676.002453493207	-998.966769033854	-8507.741256349474	177.58757652042624	1727.9438255427985	0.07966149770429257	0.14097412441175	0.1533634068478432	0.3876357120591803	1.1240649801601215	1.4882777091757242	0.9541224410002908	0.20187437692555604	2.1218222280107804	0.8142502885738478	0.783380757403926	0.14097412441175	0.1533634068478432	0.3876357120591803	1.1240649801601215	1.4882777091757242	0.9541224410002908	0.20187437692555604	2.1218222280107804	0.8142502885738478	0.783380757403926	6.246818258469007	0.2971192925931131	0.222660754856277	0.1972827424184498	0.28293721013215994	0.4790581419257407	163.636437621091	-988.2821964138548	4.178257912703029E-4	0.7869814362427766	3.134244752511129E-4	1.598965905648409E-7	0.9548291687873094
1430000	-9676.514825918477	-8684.259112269567	-992.2557136489112	-8523.45278870351	177.6264223076945	1655.056032814715	0.06684524184260263	1.0804046468683177	0.0903425459333273	1.710742372556473	0.49558881803868593	0.6105414610637054	1.1948986493147677	0.07224532766692839	3.545171254239828	0.13061382766572122	0.16489150131352856	1.0804046468683177	0.0903425459333273	1.710742372556473	0.49558881803868593	0.6105414610637054	1.1948986493147677	0.07224532766692839	3.545171254239828	0.13061382766572122	0.16489150131352856	6.246818258469007	0.2971192925931131	0.222660754856277	0.1972827424184498	0.28293721013215994	0.4790581419257407	157.59160586431196	-980.2679004204753	4.943929875139734E-4	0.7918145238943383	3.5459014961883664E-4	2.5572255321266765E-7	1.0707612787968672
1440000	-9688.066233090429	-8672.629326307875	-1015.4369067825535	-8511.390043015035	210.53849975880325	1945.5149829250154	0.06257872936152463	0.5235325243381221	0.012092027970238063	1.070456321365153	0.10293706569359468	1.0935048011218715	2.1151965504162553	0.0893577632870199	3.59194889351977	0.2886560269172228	0.8938560943234839	0.5235325243381221	0.012092027970238063	1.070456321365153	0.10293706569359468	1.0935048011218715	2.1151965504162553	0.0893577632870199	3.59194889351977	0.2886560269172228	0.8938560943234839	6.246818258469007	0.28013960886043043	0.222660754856277	0.20454264281189422	0.2926569934713982	0.4790581419257407	178.4836881701751	-1003.2547557792523	3.4000976469707633E-4	0.6877287135133531	2.5926483400045815E-4	9.05342125006963E-8	0.9039379892711105
1450000	-9675.000025101712	-8668.989693496009	-1006.0103316057022	-8499.737089929955	198.5453293247013	1748.7497666856907	0.08099943854907331	0.012640967648523651	0.06331189165237158	0.3453659980946782	1.199945172442123	1.0939109555430062	0.38910986098441325	0.12508922962958013	4.071850374975147	0.1278006927675989	1.7905104834139198	0.012640967648523651	0.06331189165237158	0.3453659980946782	1.199945172442123	1.0939109555430062	0.38910986098441325	0.12508922962958013	4.071850374975147	0.1278006927675989	1.7905104834139198	6.246818258469007	0.28013960886043043	0.222660754856277	0.20454264281189422	0.2926569934713982	0.4790581419257407	168.21036650078003	-994.1899111398989	4.4965960505739035E-4	0.8002147373757832	3.1437373267381946E-4	1.3529889921590224E-7	0.9055508194611213
1460000	-9686.538394323714	-8672.181560576848	-1014.3568337468666	-8508.990386710208	178.66723012169666	1867.0745095723569	0.07650053436236441	0.30828338218250745	0.4861778234466447	0.48595718862332066	1.0070283077794524	1.0745892946358788	1.665632053928886	0.246725464997034	3.1374226093982185	0.045322745985297556	0.9669094204244683	0.30828338218250745	0.4861778234466447	0.48595718862332066	1.0070283077794524	1.0745892946358788	1.665632053928886	0.246725464997034	3.1374226093982185	0.045322745985297556	0.9669094204244683	6.246818258469007	0.28013960886043043	0.222660754856277	0.20454264281189422	0.2926569934713982	0.4790581419257407	180.0366490919263	-1002.3229210822046	4.4292968649240486E-4	0.7638961715097569	3.016207898504921E-4	1.6656419517180158E-7	0.9546697833510899
1470000	-9717.396113314182	-8672.652847581141	-1044.7432657330407	-8506.626469285442	204.42517116508384	2183.043486668914	0.05913288831255798	0.014286267555302056	0.022971263450456754	0.5699206559722048	0.36550721326473373	0.3907152313503335	0.39473833203360575	0.11546959567765296	1.4049496828506254	0.49374328408629353	0.20389131454569845	0.014286267555302056	0.022971263450456754	0.5699206559722048	0.36550721326473373	0.3907152313503335	0.39473833203360575	0.11546959567765296	1.4049496828506254	0.49374328408629353	0.20389131454569845	6.246818258469007	0.2853930613601268	0.222660754856277	0.20454264281189422	0.2874035409717018	0.4790581419257407	260.52091420135577	-1037.7403832735467	3.313377233165559E-4	0.744852306171645	2.606370255025942E-4	6.922918418652443E-8	0.7782504799581543
1480000	-9732.897453285294	-8691.19297630413	-1041.7044769811637	-8522.419291047008	183.29269773865968	2046.4987973241455	0.0605598495910014	1.6805928862271304	0.6379223563395006	0.940273144734743	1.0355740585574713	0.4817950790860621	0.9236008388236123	0.1739801356432008	4.993711062509399	0.41521310423106006	0.9761801428169921	1.6805928862271304	0.6379223563395006	0.940273144734743	1.0355740585574713	0.4817950790860621	0.9236008388236123	0.1739801356432008	4.993711062509399	0.41521310423106006	0.9761801428169921	6.246818258469007	0.2853930613601268	0.222660754856277	0.20454264281189422	0.2874035409717018	0.4790581419257407	208.47926426682474	-1026.564577332568	3.4678956751947045E-4	0.7693933470331286	2.9207584671618185E-4	8.181088381300119E-8	0.8318041528067163
1490000	-9667.280592908804	-8683.172997048858	-984.1075958599471	-8514.594726846844	189.36991067740206	1736.6904453450784	0.10263765749761354	0.7426025979380588	0.03025473056486093	0.3115956402274253	0.41635268787538604	0.12526543371902318	2.144574981972579	0.4239227436212849	1.8718385004062525	0.3237254569681631	0.3418987037879917	0.7426025979380588	0.03025473056486093	0.3115956402274253	0.41635268787538604	0.12526543371902318	2.144574981972579	0.4239227436212849	1.8718385004062525	0.3237254569681631	0.3418987037879917	6.246818258469007	0.2853930613601268	0.222660754856277	0.20454264281189422	0.2874035409717018	0.4790581419257407	143.89565472112724	-975.2627310979146	4.2563961937254816E-4	0.8002726812220774	3.125290116956654E-4	1.3134753680973634E-7	0.8311244232671243
1500000	-9688.006284449157	-8697.332561550913	-990.6737228982431	-8523.946626203653	176.33366567049328	1723.5666041770028	0.09591577463967295	0.2711213110673328	0.4493440156901975	0.70618642952711	0.5912646475650928	1.5670597870957779	0.6891225443468885	0.7685198572980235	5.251370484431247	0.23273561079010027	0.019220813228645675	0.2711213110673328	0.4493440156901975	0.70618642952711	0.5912646475650928	1.5670597870957779	0.6891225443468885	0.7685198572980235	5.251370484431247	0.23273561079010027	0.019220813228645675	6.246818258469007	0.2853930613601268	0.222660754856277	0.21505806488287071	0.2768881189007253	0.4790581419257407	195.20898808713258	-977.4377927012428	3.9303244614275054E-4	0.8972587471385772	3.161807254269818E-4	1.8198440707416495E-7	1.0187427436297498
1510000	-9628.627880615473	-8685.287382183587	-943.3404984318851	-8520.332027969389	136.88315463786924	1395.2709688522416	0.10925907969393256	0.016360837280373783	0.17700284217578865	0.558065184987093	0.4983472371704677	0.23329349953230524	1.4114358323681317	0.4741493278406737	2.720861312818904	0.11226577576937936	1.7910141961556814	0.016360837280373783	0.17700284217578865	0.558065184987093	0.4983472371704677	0.23329349953230524	1.4114358323681317	0.4741493278406737	2.720861312818904	0.11226577576937936	1.7910141961556814	6.749530563740036	0.2853930613601268	0.21189541749256252	0.21505806488287071	0.2876534562644398	0.4790581419257407	123.75304378807958	-932.7080160355828	5.121849093581801E-4	0.9393271414615038	3.9474177885889236E-4	3.290219366691594E-7	1.0446189495354001
1520000	-9662.780070882836	-8708.060118686248	-954.7199521965892	-8535.093078590886	123.54622123087711	1348.480661200627	0.10676937849093047	1.3465689108507781	0.13029832666759686	0.3641095002056385	0.23844926666258998	0.6005283229776051	2.0916206391060337	1.6582597883020498	2.503534839127406	0.1501464558349612	2.28103017184781	1.3465689108507781	0.13029832666759686	0.3641095002056385	0.23844926666258998	0.6005283229776051	2.0916206391060337	1.6582597883020498	2.503534839127406	0.1501464558349612	2.28103017184781	6.749530563740036	0.2853930613601268	0.21189541749256252	0.21505806488287071	0.2876534562644398	0.47185838009885617	123.24233838859912	-941.3984327330666	5.154834142075463E-4	0.718030962720949	4.2732413366469284E-4	2.0760944465798585E-7	0.843667659002589
1530000	-9641.748645301708	-8707.977211713258	-933.771433588451	-8547.118917398697	149.7155706144342	1413.1291337957355	0.08601527878024125	0.18466082416569546	0.27462049433494956	0.6211927484095753	1.1318939847093237	0.3657298597473253	0.9478527957228795	0.06425610430192637	1.8762942767580522	0.3354408673157829	0.1691816431746432	0.18466082416569546	0.27462049433494956	0.6211927484095753	1.1318939847093237	0.3657298597473253	0.9478527957228795	0.06425610430192637	1.8762942767580522	0.3354408673157829	0.1691816431746432	5.751635784559008	0.2853930613601268	0.22367794437848143	0.2032755379969518	0.2876534562644398	0.47185838009885617	96.62394328524327	-925.498317623239	5.115319140704967E-4	0.9026078070583848	3.834795140929384E-4	2.1492078888086823E-7	0.8931232414182106
1540000	-9660.517304163921	-8710.34399847751	-950.1733056864106	-8545.309030393095	122.65549737030716	1357.5046243989025	0.09377862179834334	0.12192069372223362	0.11248574316744375	1.1641528231337501	0.2790416475049926	0.4429947881466312	0.18854770764271378	0.41532714758315376	3.360567773405899	0.06180911301942853	0.16029738112274444	0.12192069372223362	0.11248574316744375	1.1641528231337501	0.2790416475049926	0.4429947881466312	0.18854770764271378	0.41532714758315376	3.360567773405899	0.06180911301942853	0.16029738112274444	6.8359573563231075	0.2853930613601268	0.22367794437848143	0.2032755379969518	0.2876534562644398	0.47185838009885617	136.24149627498255	-941.0773591052098	4.907919127007464E-4	0.9108894335132297	3.9242985030707797E-4	4.459756879087158E-7	1.2370353922503015
1550000	-9678.15795844751	-8693.22795810765	-984.93000033986	-8528.295927110443	135.53213542738737	1451.9252352030203	0.11653625329208873	0.1398830421535149	0.19156176873322778	0.04437846729689642	0.09920977262507201	0.2633661680874539	1.8630170992516975	0.5395975735818198	3.4288395734278287	0.09282814666891001	0.030937062394365625	0.1398830421535149	0.19156176873322778	0.04437846729689642	0.09920977262507201	0.2633661680874539	1.8630170992516975	0.5395975735818198	3.4288395734278287	0.09282814666891001	0.030937062394365625	5.958001220716063	0.2853930613601268	0.22367794437848143	0.2032755379969518	0.2876534562644398	0.47185838009885617	157.81075487957455	-976.0040169688966	4.5345442438568317E-4	0.8559033376856593	3.794247662946473E-4	2.0801933323944755E-7	1.0058557147773166
1560000	-9683.786659978921	-8713.099993077152	-970.6866669017687	-8545.633926267512	122.50468402833823	1357.5456116198175	0.08483304140633888	0.05857880481099591	0.1529109161845824	0.3236575275278767	2.2592520220681473	0.6467180159302426	1.018508027551736	0.5151122136448666	1.8845843689045987	0.036893265227975314	0.6890649187795383	0.05857880481099591	0.1529109161845824	0.3236575275278767	2.2592520220681473	0.6467180159302426	1.018508027551736	0.5151122136448666	1.8845843689045987	0.036893265227975314	0.6890649187795383	7.4014459794097025	0.2853930613601268	0.22367794437848143	0.2032755379969518	0.2876534562644398	0.47185838009885617	107.28049986242061	-960.6400422853892	4.698339253101409E-4	0.8189804816636868	4.172229493274988E-4	1.6834670689518083E-7	0.8864696657410807
1570000	-9631.733127819296	-8693.028278521631	-938.7048492976645	-8519.045441321288	114.56430049031206	1186.192850644973	0.09516136312913555	0.08748892179856539	0.8738575878831915	1.5497231052476643	0.3315798547551306	0.2630462261894322	4.533324709666849	0.4237557947841643	4.328044382821374	0.40532736951608755	1.6623064351927181	0.08748892179856539	0.8738575878831915	1.5497231052476643	0.3315798547551306	0.2630462261894322	4.533324709666849	0.4237557947841643	4.328044382821374	0.40532736951608755	1.6623064351927181	6.57417266211888	0.2853930613601268	0.22367794437848143	0.2032755379969518	0.2876534562644398	0.47185838009885617	109.11869752555978	-921.1532791200079	6.277401740565905E-4	1.0104156210558786	4.812513584831096E-4	4.060273409899397E-7	1.050618321337127
1580000	-9656.59517952981	-8695.107317512333	-961.4878620174773	-8522.401244579958	143.55263312469305	1360.0643605652792	0.09123491623124078	0.6995783497236556	0.01432956836100571	0.3041906970384191	1.7105938104508258	0.6369171958504948	2.332565558690568	0.054664129281201325	3.2696033567602263	0.11144642957768788	0.13582046323432875	0.6995783497236556	0.01432956836100571	0.3041906970384191	1.7105938104508258	0.6369171958504948	2.332565558690568	0.054664129281201325	3.2696033567602263	0.11144642957768788	0.13582046323432875	6.482138347463422	0.27532960243335186	0.22367794437848143	0.2032755379969518	0.29771691519121474	0.47185838009885617	148.86164807815436	-948.8931112354501	6.338913456112686E-4	0.9705210259485123	4.26398683795182E-4	3.946461069987109E-7	1.0801543683038233
1590000	-9690.363591609255	-8702.81426898298	-987.5493226262756	-8530.20957883636	145.783865147693	1398.8242284480398	0.08617661729276037	0.3383069740269314	0.5684616824915326	0.421070319489684	0.9139289935341545	3.6779245048706377	4.33611324412155	2.379293987895712	4.88227056492471	0.42144910124836055	0.32525375015476493	0.3383069740269314	0.5684616824915326	0.421070319489684	0.9139289935341545	3.6779245048706377	4.33611324412155	2.379293987895712	4.88227056492471	0.42144910124836055	0.32525375015476493	6.482138347463422	0.27532960243335186	0.22367794437848143	0.2032755379969518	0.29771691519121474	0.47185838009885617	127.77704795988399	-966.497665004264	5.29836478220947E-4	0.8969466474570039	4.1086442311213137E-4	3.179109176445512E-7	1.1133084522653083
1600000	-9656.047143030986	-8685.504761198586	-970.5423818323994	-8517.198158323265	146.87346633037518	1423.9543015923387	0.09196463571417875	0.6381463361807145	0.014440743998818634	0.47881011203736845	0.09063790378611546	0.6750725828562476	2.752211553781097	0.23344981345420024	6.67328812007474	0.29023529632985984	0.2954836040370019	0.6381463361807145	0.014440743998818634	0.47881011203736845	0.09063790378611546	0.6750725828562476	2.752211553781097	0.23344981345420024	6.67328812007474	0.29023529632985984	0.2954836040370019	5.757831439766392	0.28895453605869076	0.21005301075314256	0.21469692364751317	0.2862955295406534	0.47185838009885617	154.7907624969518	-956.1362199830485	4.403961178703751E-4	0.8152558490743018	3.428911420399826E-4	2.695529676610113E-7	1.1658194436039635
1610000	-9617.50849575035	-8688.341030378779	-929.1674653715717	-8511.967729278676	146.6264798929015	1294.255198878035	0.09674789176206001	0.06474142850478426	0.10876384105889578	0.30981174996731653	0.024243152962666978	0.444334410543957	0.974639433464317	0.9426101080493127	1.9647413558854816	0.16954760212626802	0.23935568621296596	0.06474142850478426	0.10876384105889578	0.30981174996731653	0.024243152962666978	0.444334410543957	0.974639433464317	0.9426101080493127	1.9647413558854816	0.16954760212626802	0.23935568621296596	5.757831439766392	0.28895453605869076	0.21005301075314256	0.21469692364751317	0.2862955295406534	0.47185838009885617	96.65778896235965	-921.6715623951569	6.317640364962155E-4	0.8473469071019931	4.475489131363218E-4	4.686191897165274E-7	1.0994110498895406
1620000	-9634.365288234467	-8694.45845721486	-939.9068310196076	-8527.890875193576	134.4500881819114	1290.6869184641955	0.10059138113297242	0.29602364284736	0.0319814458978955	0.15113803670304843	0.6042216077765504	0.22013760252708453	2.9818231233943067	0.05264813259305467	3.2891034913513026	0.06380325709764799	0.8120044841042985	0.29602364284736	0.0319814458978955	0.15113803670304843	0.6042216077765504	0.22013760252708453	2.9818231233943067	0.05264813259305467	3.2891034913513026	0.06380325709764799	0.8120044841042985	5.757831439766392	0.29772222188580233	0.21005301075314256	0.20592923782040162	0.2862955295406534	0.47185838009885617	122.19070121020563	-928.4655228697154	6.206072593474297E-4	1.0022222023341347	4.4859821976458953E-4	4.274415752584975E-7	1.0311039605381718
1630000	-9630.514100703786	-8690.655677494282	-939.8584232095031	-8523.902489017924	111.31693704101767	1206.7673752989672	0.1341384224621681	0.21660492540162107	9.243132274732202E-4	1.1314922733035093	2.6509982800540572	2.0990841156192324	1.4471287412965799	0.4897090849843999	8.222483725642698	0.2650266881317033	0.40597993896605744	0.21660492540162107	9.243132274732202E-4	1.1314922733035093	2.6509982800540572	2.0990841156192324	1.4471287412965799	0.4897090849843999	8.222483725642698	0.2650266881317033	0.40597993896605744	5.757831439766392	0.2872663929816322	0.21005301075314256	0.20592923782040162	0.29675135844482353	0.47185838009885617	106.99369828197271	-920.3169525899629	7.10504072807441E-4	0.9738672743177551	4.6884784503516255E-4	6.12235100028966E-7	1.1087185705323577
1640000	-9599.311514161413	-8667.771168225174	-931.540345936239	-8496.978760818398	111.26401228179071	1113.1684623240014	0.15189013040393579	0.2540136198355626	0.1337582965570861	0.15016446638915987	5.613971864475869	0.5216070067857027	2.7622735344936897	0.35238582571769805	5.314184777541692	0.04672639572860118	0.3537275667868888	0.2540136198355626	0.1337582965570861	0.15016446638915987	5.613971864475869	0.5216070067857027	2.7622735344936897	0.35238582571769805	5.314184777541692	0.04672639572860118	0.3537275667868888	5.757831439766392	0.2872663929816322	0.21005301075314256	0.20592923782040162	0.29675135844482353	0.47185838009885617	111.91397189214852	-913.2048456891413	7.824172992515313E-4	1.0197131397155528	5.089533016184048E-4	7.815328664594974E-7	1.272194167653988
1650000	-9580.870835156575	-8665.576350068437	-915.2944850881378	-8498.466940919765	108.42082565337827	1111.9950144530276	0.13996812969596725	0.5808317063721313	0.08862396583237303	0.24735962747754137	0.5003117084072578	0.817705814009642	0.5785121135266453	0.2955130815707925	5.15852932012354	0.13720656063207504	0.6153015169954889	0.5808317063721313	0.08862396583237303	0.24735962747754137	0.5003117084072578	0.817705814009642	0.5785121135266453	0.2955130815707925	5.15852932012354	0.13720656063207504	0.6153015169954889	5.757831439766392	0.2883797855442378	0.20893961819053689	0.20592923782040162	0.29675135844482353	0.47185838009885617	105.97545291484286	-903.6489149369102	6.905045988588913E-4	1.0058716880842093	5.038353628441441E-4	3.702281025543445E-7	0.9920269261465726
1660000	-9600.343765460626	-8702.372166921206	-897.9715985394189	-8530.525262229696	106.92977995458767	1056.4819258858358	0.12806726684089328	0.13193516737669664	0.19146983645315574	0.549544688709125	0.20608552642611305	0.08049183541363027	2.9623936245229032	0.5430976053956401	2.764721150385871	0.22179459002785898	0.40151480078038404	0.13193516737669664	0.19146983645315574	0.549544688709125	0.20608552642611305	0.08049183541363027	2.9623936245229032	0.5430976053956401	2.764721150385871	0.22179459002785898	0.40151480078038404	6.490439524599692	0.2983833376388845	0.1989360660958902	0.20592923782040162	0.29675135844482353	0.47185838009885617	99.42083795194361	-887.2965618061687	7.266041023560521E-4	0.901805400269626	5.195967258784987E-4	4.125566023226307E-7	0.9654195174706367
1670000	-9603.73928750001	-8683.754635632722	-919.9846518672869	-8517.62912103883	111.50789224425147	1121.1451643819685	0.1239615935573039	0.014337061349206506	0.0478034972241226	0.18820541565548352	2.456243970087168	0.2568089303590239	1.4212266233709163	0.20202703778055897	2.0893675420156437	0.3720847274042163	0.3466588465249791	0.014337061349206506	0.0478034972241226	0.18820541565548352	2.456243970087168	0.2568089303590239	1.4212266233709163	0.20202703778055897	2.0893675420156437	0.3720847274042163	0.3466588465249791	6.490439524599692	0.2983833376388845	0.1989360660958902	0.20592923782040162	0.29675135844482353	0.47185838009885617	97.83420517145444	-909.7344940155217	7.612589322771862E-4	0.9493920144455846	5.460363918242648E-4	5.353766898846462E-7	1.0300688078283824
1680000	-9596.641866341182	-8680.98106287628	-915.6608034649012	-8513.43992717343	119.28493432000943	1109.6029381336034	0.09259925292355593	0.2514163996158585	0.32519245649834894	0.6610839791699157	0.16946723211620998	0.8942897662720908	1.1374293535268785	0.2993191637406378	3.116674893897705	0.5908996895974459	0.767444954726776	0.2514163996158585	0.32519245649834894	0.6610839791699157	0.16946723211620998	0.8942897662720908	1.1374293535268785	0.2993191637406378	3.116674893897705	0.5908996895974459	0.767444954726776	6.490439524599692	0.2983833376388845	0.1989360660958902	0.20592923782040162	0.29675135844482353	0.47185838009885617	106.05058911963373	-904.4842495065586	6.797081232831963E-4	0.9112252787500669	5.032121140644154E-4	3.6859619218357804E-7	0.9403389809139119
1690000	-9584.429328206927	-8684.850012189	-899.5793160179281	-8512.646287533555	147.40441204034948	1106.5003460561597	0.1487151814238966	0.2132551894928772	0.19317535934780353	1.8070936853757478	1.1573059014479983	0.4868802652823097	0.9520529867423875	0.30562773452769376	3.2235324066059614	0.2647316485830091	1.6761930416781037	0.2132551894928772	0.19317535934780353	1.8070936853757478	1.1573059014479983	0.4868802652823097	0.9520529867423875	0.30562773452769376	3.2235324066059614	0.2647316485830091	1.6761930416781037	6.490439524599692	0.2914183925212753	0.20590101121349944	0.20592923782040162	0.29675135844482353	0.47185838009885617	78.32591898148573	-886.827041395411	7.337084939912531E-4	0.979847489245223	5.208115617932816E-4	4.5537437282891974E-7	0.9548835768837326
1700000	-9586.274402537352	-8699.86754526621	-886.4068572711419	-8537.418663180395	111.54432607864268	928.3338404873733	0.13609757955423865	0.7205069736484602	0.05680410390829111	0.01368277113255713	1.233617513579513	0.38850938795019213	0.6773452409240711	0.04323319466716218	4.11382157815458	0.35541019943937247	0.43409265048997425	0.7205069736484602	0.05680410390829111	0.01368277113255713	1.233617513579513	0.38850938795019213	0.6773452409240711	0.04323319466716218	4.11382157815458	0.35541019943937247	0.43409265048997425	6.490439524599692	0.2914183925212753	0.20590101121349944	0.20592923782040162	0.29675135844482353	0.47185838009885617	81.79058848240768	-875.4084161556409	8.579840082831922E-4	1.0196716213978465	6.323331278632918E-4	7.872365492678615E-7	1.0218717370317112
1710000	-9634.470104193511	-8687.028269067645	-947.441835125866	-8520.82264590598	117.35570246502485	1232.341705489075	0.06548351412203986	0.45994456760978536	0.2733487569079666	0.9242511039697795	0.005616661088721561	2.137594255559356	0.9960207579421777	2.0670956014342123	5.812610441791098	0.4793744912631797	0.1687324230292681	0.45994456760978536	0.2733487569079666	0.9242511039697795	0.005616661088721561	2.137594255559356	0.9960207579421777	2.0670956014342123	5.812610441791098	0.4793744912631797	0.1687324230292681	7.021481513437944	0.2914183925212753	0.20590101121349944	0.20592923782040162	0.29675135844482353	0.47185838009885617	134.30085372929943	-930.6797183503769	5.160802944720416E-4	0.928601767374074	4.239465912025863E-4	3.1053440530094287E-7	1.0926832209793087
1720000	-9664.514803167875	-8690.772340576923	-973.7424625909509	-8511.015578362161	134.52220264339957	1379.203905034092	0.14436321011710546	0.5919244780743866	0.11912775880262905	1.2434513965768639	1.0362641553483027	0.49195825802493653	0.5038797938737785	0.0958498120773842	4.092653461889135	0.8331730640273812	1.494527560477854	0.5919244780743866	0.11912775880262905	1.2434513965768639	1.0362641553483027	0.49195825802493653	0.5038797938737785	0.0958498120773842	4.092653461889135	0.8331730640273812	1.494527560477854	6.25448057463492	0.2914183925212753	0.20590101121349944	0.20592923782040162	0.29675135844482353	0.47185838009885617	128.25173289991375	-961.3531629998337	5.109007081867623E-4	0.7962558376440869	4.023123141572346E-4	1.8323200057814716E-7	0.8625337174527389
1730000	-9659.367574600434	-8677.093653286383	-982.2739213140509	-8508.474689901155	178.24457238363192	1558.373433952663	0.09573906052865137	2.164642349283752	0.06719316164255999	1.2305976374880663	0.8725651372056191	0.6053984511200663	2.2441660622752573	1.506188591296527	4.381143660850389	0.05219213086445558	0.8537167860326114	2.164642349283752	0.06719316164255999	1.2305976374880663	0.8725651372056191	0.6053984511200663	2.2441660622752573	1.506188591296527	4.381143660850389	0.05219213086445558	0.8537167860326114	6.25448057463492	0.2914183925212753	0.20590101121349944	0.20592923782040162	0.29675135844482353	0.47185838009885617	158.28788381395154	-965.8864201884853	4.778763004435798E-4	0.7870811214001053	3.58572393491905E-4	1.985982013289565E-7	0.9733260518226338
1740000	-9680.49676384199	-8713.346444418356	-967.1503194236336	-8545.251382078904	175.21195350453166	1425.4397657127759	0.11237960078722953	0.0672291246113266	0.11968584006081878	0.599335054088787	0.4936639466311348	0.03263068459918394	2.6163930691020125	0.11255616976700732	6.649833139754323	0.24631384277596813	0.33938200369631044	0.0672291246113266	0.11968584006081878	0.599335054088787	0.4936639466311348	0.03263068459918394	2.6163930691020125	0.11255616976700732	6.649833139754323	0.24631384277596813	0.33938200369631044	6.25448057463492	0.3035422631754435	0.20590101121349944	0.20592923782040162	0.28462748779065533	0.47185838009885617	146.0986834405713	-953.5814375078941	5.939462325672367E-4	0.7501594984615099	4.093568269471027E-4	2.1721785307591612E-7	0.8590935118337961
1750000	-9649.565978690478	-8699.444051030587	-950.1219276598918	-8528.715896352054	156.78633549920798	1371.8241264332016	0.11167381790394965	1.0422094611365107	0.10844408969533578	0.9380267235613561	0.2932190063327017	1.5504869637021526	2.613241319353839	0.031116671521002077	4.080176913528942	0.5823757564032446	0.9550747961820373	1.0422094611365107	0.10844408969533578	0.9380267235613561	0.2932190063327017	1.5504869637021526	2.613241319353839	0.031116671521002077	4.080176913528942	0.5823757564032446	0.9550747961820373	5.543810085233462	0.3035422631754435	0.20590101121349944	0.20592923782040162	0.28462748779065533	0.47185838009885617	124.89046920841375	-935.7156456763362	5.928933259998839E-4	0.8291347184727842	4.293028636697812E-4	2.6256419337219936E-7	0.8898257312957586
1760000	-9628.914564713348	-8686.025367788143	-942.8891969252045	-8517.51169677869	164.65603139937022	1435.5135106952255	0.10967079432026701	0.30903351982652605	1.3831312540417052E-4	0.33131332288982884	0.7113433752940804	0.7612144566613073	0.394730215555765	0.06508580027739702	2.706061259354019	0.03548626255575	1.2944825219140053	0.30903351982652605	1.3831312540417052E-4	0.33131332288982884	0.7113433752940804	0.7612144566613073	0.394730215555765	0.06508580027739702	2.706061259354019	0.03548626255575	1.2944825219140053	6.666830442024139	0.3035422631754435	0.20590101121349944	0.20592923782040162	0.28462748779065533	0.47185838009885617	113.23868447048555	-934.0294925472758	5.441132555944045E-4	0.8114455225346394	3.884822213924959E-4	2.0551065919012814E-7	0.8705950414513846
1770000	-9642.651312607506	-8703.26449351035	-939.3868190971555	-8529.881054617455	194.29600470677067	1432.8496698319186	0.1562752657703617	0.24877204435991288	0.06342022291693142	0.08529499018198529	0.15875983543724537	0.03366960813246549	2.641379101352503	0.46357471508961356	2.7436299823425765	0.29142326705640786	0.08557040788202322	0.24877204435991288	0.06342022291693142	0.08529499018198529	0.15875983543724537	0.03366960813246549	2.641379101352503	0.46357471508961356	2.7436299823425765	0.29142326705640786	0.08557040788202322	6.186763809425305	0.3035422631754435	0.20590101121349944	0.20592923782040162	0.28462748779065533	0.47185838009885617	121.50124775401704	-930.4907004653693	5.252751764317861E-4	0.8904604275711319	3.9414061563291836E-4	1.859097335263474E-7	0.8465796744541313
1780000	-9616.79046227274	-8689.749284124802	-927.041178147937	-8523.464421506336	229.2927409275936	1451.5910463627274	0.14747621707267528	0.08609849131338339	0.32102104185751934	0.5092796265717097	2.7218792610965643	0.9048887099378958	1.3624672755678127	0.3027336709703475	3.6649734002651027	0.05347745799271151	0.06175864540998901	0.08609849131338339	0.32102104185751934	0.5092796265717097	2.7218792610965643	0.9048887099378958	1.3624672755678127	0.3027336709703475	3.6649734002651027	0.05347745799271151	0.06175864540998901	7.002565276184215	0.3083660473809896	0.20107722700795336	0.20592923782040162	0.28462748779065533	0.47185838009885617	104.69165951480902	-914.923369907288	5.174026241632466E-4	0.8738726672411607	3.698083841419218E-4	1.8926550224982653E-7	0.8596362002947446
1790000	-9631.051913588775	-8675.265558478453	-955.7863551103225	-8510.658671646746	256.0079399881886	1620.1519588700753	0.08272436727109554	0.36586433458984097	0.13283100867618094	0.49983813174937836	0.7166661278069011	1.0481339345140075	0.9860211765253015	0.28503570644992887	4.135325074367709	0.1694213197227388	0.47578286600437536	0.36586433458984097	0.13283100867618094	0.49983813174937836	0.7166661278069011	1.0481339345140075	0.9860211765253015	0.28503570644992887	4.135325074367709	0.1694213197227388	0.47578286600437536	7.002565276184215	0.3083660473809896	0.20107722700795336	0.20592923782040162	0.28462748779065533	0.47185838009885617	100.45985447577449	-943.9690917641136	5.191597777731602E-4	0.971193850214535	3.517325247858008E-4	3.4245251184139113E-7	1.1250436073989873
1800000	-9617.166986076445	-8677.516857241179	-939.6501288352657	-8506.265923031613	221.03525111086657	1508.905522854802	0.07967559738320362	0.011817042986335914	0.5683669229341392	0.794757834782608	0.0724348697293497	1.3895439402854108	1.2309091203650828	0.01860821063919213	3.4298976568103217	0.169150925844826	0.4738434620796944	0.011817042986335914	0.5683669229341392	0.794757834782608	0.0724348697293497	1.3895439402854108	1.2309091203650828	0.01860821063919213	3.4298976568103217	0.169150925844826	0.4738434620796944	7.736681441639283	0.3083660473809896	0.21567439564062127	0.20592923782040162	0.2700303191579874	0.47185838009885617	102.27055013528546	-928.4177775352903	5.465625464326934E-4	0.918135335128652	3.7511493949769656E-4	4.1402166179116285E-7	1.1584578704304924
1810000	-9590.836359894987	-8674.66191299317	-916.1744469018186	-8508.40962857878	174.27202107721013	1281.646035274962	0.12769966737453442	0.6279278711528893	1.5957164881784896E-4	0.8618635160366406	2.538067990588766	0.0698033826568265	2.0371977448454723	0.04921692872967906	3.4206128084564003	0.2289751281185931	0.24504444588604177	0.6279278711528893	1.5957164881784896E-4	0.8618635160366406	2.538067990588766	0.0698033826568265	2.0371977448454723	0.04921692872967906	3.4206128084564003	0.2289751281185931	0.24504444588604177	5.766801739787845	0.3083660473809896	0.21567439564062127	0.22133180960398757	0.25462774737440147	0.47185838009885617	100.28391138663247	-904.2247971301841	6.000050203803403E-4	0.8316408626415646	4.228328926597002E-4	3.2439290256371027E-7	0.9800480349983026
1820000	-9617.450365730516	-8681.798628768622	-935.6517369618946	-8513.615396018995	183.72980706176028	1380.8540696820342	0.12443035882040442	0.20409758939193973	0.5091179072021771	0.6770922748263799	1.84280857333022	1.0912759405037427	1.0680126369062521	0.24684518439392222	4.9637131377906165	0.44827327596505695	0.2091535164049318	0.20409758939193973	0.5091179072021771	0.6770922748263799	1.84280857333022	1.0912759405037427	1.0680126369062521	0.24684518439392222	4.9637131377906165	0.44827327596505695	0.2091535164049318	6.84223645745766	0.3083660473809896	0.21567439564062127	0.22133180960398757	0.25462774737440147	0.47185838009885617	109.6643670770234	-922.1090505111757	5.875834719896361E-4	0.8509088275656246	4.28946099844065E-4	3.5655255173351316E-7	0.9995015326702695
1830000	-9629.328946549456	-8669.631259706379	-959.6976868430783	-8499.094794890387	189.72957334003866	1475.8777871945654	0.09761510454084103	1.010965192292075	0.2678630803827397	0.6543231116350724	2.459978382406088	1.9384928917216895	0.7839552762189705	0.09963010042788202	5.044653344121195	1.3852369537373157	0.63178287157561	1.010965192292075	0.2678630803827397	0.6543231116350724	2.459978382406088	1.9384928917216895	0.7839552762189705	0.09963010042788202	5.044653344121195	1.3852369537373157	0.63178287157561	6.84223645745766	0.3083660473809896	0.21567439564062127	0.2069065117027162	0.2690530452756728	0.47185838009885617	137.59366630011675	-942.5183974226046	5.733084620834217E-4	0.8928206329791282	4.042752050648533E-4	2.829753863443719E-7	0.9753484172814053
1840000	-9670.831155146574	-8680.181493980459	-990.6496611661153	-8510.790113621795	123.64507807354666	1551.1979156841228	0.0751496833689289	0.039551657084580964	0.09888896466664747	0.6431956271568247	0.4485917333786033	1.4386547758724122	0.2186265536388655	0.7384271714442229	2.843861641167715	0.3292848259447402	0.6032471310650236	0.039551657084580964	0.09888896466664747	0.6431956271568247	0.4485917333786033	1.4386547758724122	0.2186265536388655	0.7384271714442229	2.843861641167715	0.3292848259447402	0.6032471310650236	6.84223645745766	0.3083660473809896	0.21567439564062127	0.2069065117027162	0.2690530452756728	0.47185838009885617	146.7839055477487	-980.8279963181939	3.830003871546047E-4	0.7521035551791184	3.200374995907907E-4	1.1776896313689099E-7	0.9397986119772015
1850000	-9622.709830836524	-8669.383593640103	-953.3262371964208	-8495.28308850606	112.80620943622299	1308.0000069718649	0.0828064329242887	1.073858218652921	0.3298284108423009	0.2515233419340203	0.372258443803942	0.28436825495130386	2.321698039061482	0.2353814537843712	5.802228385334034	0.1643103016362979	0.18763181871503884	1.073858218652921	0.3298284108423009	0.2515233419340203	0.372258443803942	0.28436825495130386	2.321698039061482	0.2353814537843712	5.802228385334034	0.1643103016362979	0.18763181871503884	7.245280429294952	0.3083660473809896	0.21567439564062127	0.2069065117027162	0.2690530452756728	0.47185838009885617	131.64584413104504	-939.7198464347678	4.8029428741862637E-4	0.7798225949308943	4.180575451851112E-4	2.3754555953476998E-7	0.9519104232994959
1860000	-9680.545094249554	-8699.185385990395	-981.3597082591591	-8527.07390974267	127.444092261386	1484.4559714110592	0.12991486426708862	0.38508536914593355	0.06450254033722229	0.3920719984221724	0.19395509717845277	0.27905042918756323	3.4037819107949354	0.5450639467880299	1.7741373733145605	0.09869074211599868	0.4366034727294234	0.38508536914593355	0.06450254033722229	0.3920719984221724	0.19395509717845277	0.27905042918756323	3.4037819107949354	0.5450639467880299	1.7741373733145605	0.09869074211599868	0.4366034727294234	6.5237107564349035	0.2961849670522544	0.2057221422504407	0.2190875920314514	0.2790052986658534	0.47185838009885617	133.36288966275333	-972.306442123611	4.0762881866308496E-4	0.6937019192266597	3.5739252360524114E-4	1.8631718597206078E-7	0.9770499171983114
1870000	-9661.591713067815	-8687.514564669284	-974.0771483985326	-8518.087822425514	113.89610859894816	1343.5864359996021	0.09937016777256194	0.7171931511848199	0.18485825843137035	0.022860785535216963	0.7241382207234026	0.729142958411427	5.743298083365228	0.18335311055509823	7.398797133075463	0.739215840794234	0.363275278011374	0.7171931511848199	0.18485825843137035	0.022860785535216963	0.7241382207234026	0.729142958411427	5.743298083365228	0.18335311055509823	7.398797133075463	0.739215840794234	0.363275278011374	6.5237107564349035	0.2961849670522544	0.21377349791120148	0.2110362363706906	0.2790052986658534	0.49993671036829956	154.37033726769963	-954.8098820210527	4.399777238045747E-4	0.8369119553811522	3.9297960609162796E-4	2.3865046002267196E-7	1.0018222584299061
1880000	-9626.88712813189	-8658.283393347596	-968.6037347842943	-8489.817711479656	138.04276271793634	1446.604313277879	0.113086918529577	0.2137829968049165	0.18409711274231488	0.11204163906422886	1.0487139997591075	0.313470964313089	2.84799860483001	0.8987801655095481	3.1933348659821865	0.1278629657663603	1.0965384938723703	0.2137829968049165	0.18409711274231488	0.11204163906422886	1.0487139997591075	0.313470964313089	2.84799860483001	0.8987801655095481	3.1933348659821865	0.1278629657663603	1.0965384938723703	6.5237107564349035	0.30419073502474975	0.19446028858010736	0.2110362363706906	0.2903127400244521	0.49993671036829956	149.0701350674184	-956.3458611673559	4.492485258116314E-4	0.7832172735261843	3.9076569395091805E-4	2.1883659280575718E-7	0.9873835236927939
1890000	-9648.53760136662	-8674.636736136323	-973.900865230297	-8497.186977317942	164.32920073235616	1637.152426982191	0.12004610385200941	0.19858445824341428	0.2830469915619664	0.9625330906936194	2.0795895053776245	1.7240227350843607	1.680035567374254	0.524521737586352	3.793798243869577	0.7351309311381695	0.6512719735159157	0.19858445824341428	0.2830469915619664	0.9625330906936194	2.0795895053776245	1.7240227350843607	1.680035567374254	0.524521737586352	3.793798243869577	0.7351309311381695	0.6512719735159157	6.319992465499779	0.30202665822883845	0.20608784153867704	0.20157276020803222	0.2903127400244521	0.4360921845967203	147.26571147095137	-958.8797847927711	4.242520461410881E-4	0.9171968167432338	3.264577619279891E-4	2.8882065329950805E-7	1.1900465998601137
1900000	-9629.005584210036	-8667.1259025038	-961.879681706236	-8497.66115334056	173.18946308273678	1551.641583587434	0.09683207566341569	0.5081303960188884	0.031111040074095198	0.3281890748749198	1.2034994139550663	1.804071605164755	1.4137009548649284	1.186197832035409	3.3618372886167736	0.1244698842746159	0.3588596744197648	0.5081303960188884	0.031111040074095198	0.3281890748749198	1.2034994139550663	1.804071605164755	1.4137009548649284	1.186197832035409	3.3618372886167736	0.1244698842746159	0.3588596744197648	6.319992465499779	0.31109915845067737	0.20608784153867704	0.19250025998619333	0.2903127400244521	0.4360921845967203	141.25610027141823	-949.2842379712678	4.310023628871606E-4	0.8015909287633675	3.371828111193989E-4	3.667338498193093E-7	1.2112872905116936
1910000	-9653.24414762225	-8671.763852808133	-981.4802948141163	-8506.88602462063	173.16299524866298	1605.7336997652983	0.0761343514986238	1.6610783615338816	0.022850884767805224	0.3605427617452782	0.5724741933980237	0.9681693418877013	2.1764092522678435	0.5107626792938915	5.54891524167771	0.538921764530666	0.877731459337187	1.6610783615338816	0.022850884767805224	0.3605427617452782	0.5724741933980237	0.9681693418877013	2.1764092522678435	0.5107626792938915	5.54891524167771	0.538921764530666	0.877731459337187	6.319992465499779	0.31109915845067737	0.20466774371148944	0.20447021688008868	0.2797628809577444	0.4360921845967203	150.7248385125534	-965.6730857530675	4.6956389396746683E-4	0.7709458540066004	3.353232888977537E-4	2.8689222050355114E-7	1.060823303120382
1920000	-9660.325415680996	-8678.948219740923	-981.3771959400732	-8511.765026702562	155.51962851184555	1610.7909282729127	0.08294933152045629	0.4027002012610255	0.09231504174295072	1.3428461805112741	0.5611425752181368	1.0385484669182854	1.3158523168127227	1.1490749616087534	2.685405335987382	0.09689728509375321	0.31838287138524085	0.4027002012610255	0.09231504174295072	1.3428461805112741	0.5611425752181368	1.0385484669182854	1.3158523168127227	1.1490749616087534	2.685405335987382	0.09689728509375321	0.31838287138524085	6.319992465499779	0.29753753157362933	0.21822937058853745	0.20447021688008868	0.2797628809577444	0.4708501190069995	159.23579061415322	-969.9718039671702	4.4782683803432755E-4	0.7579249688884804	3.35015527939524E-4	2.797134683557379E-7	1.1323806812698365
1930000	-9673.874626044488	-8709.64055010061	-964.2340759438771	-8543.785345113032	161.90881647906616	1650.2767098882096	0.1455530308107244	0.6186575460555046	0.11792528414820355	0.26927979924636253	1.932601602560201	0.845409436927116	1.1907120064798775	0.4233479538943051	3.260211868743525	0.40905978821765754	0.8980487889084884	0.6186575460555046	0.11792528414820355	0.26927979924636253	1.932601602560201	0.845409436927116	1.1907120064798775	0.4233479538943051	3.260211868743525	0.40905978821765754	0.8980487889084884	6.319992465499779	0.29753753157362933	0.21822937058853745	0.20447021688008868	0.2797628809577444	0.4708501190069995	149.8202942101519	-952.2963208623507	4.838686052439159E-4	0.8027831152778071	3.5158861277648207E-4	2.3172800656701825E-7	0.9767077232555447
1940000	-9612.392955187088	-8690.398879013104	-921.9940761739841	-8517.954296155882	122.02807385832554	1237.2001301951045	0.06321480241194628	0.49068183534380455	0.4138219541118933	0.6243613298845897	0.08381002896479353	2.1497131707351484	0.04860673174409308	0.2242226468417769	3.545057956767553	0.4729657790939725	0.30258188245881545	0.49068183534380455	0.4138219541118933	0.6243613298845897	0.08381002896479353	2.1497131707351484	0.04860673174409308	0.2242226468417769	3.545057956767553	0.4729657790939725	0.30258188245881545	7.778115390410047	0.2859076601529742	0.21822937058853745	0.21610008830074381	0.2797628809577444	0.5672759323832711	106.44755028636034	-909.8239080697659	6.810251394893226E-4	0.938062457259123	4.63417880303507E-4	5.152973299052635E-7	1.11225922174817
1950000	-9644.639126497197	-8670.432064126871	-974.2070623703249	-8502.13328473211	155.13428125899497	1572.102921986966	0.07849884708300263	0.09367390763748663	0.11011057818824976	0.43863798638134527	1.948246138327841	2.036133013660841	3.389440811516567	0.04168460467775428	4.957032355501213	0.9980943942795133	1.2502130898165946	0.09367390763748663	0.11011057818824976	0.43863798638134527	1.948246138327841	2.036133013660841	3.389440811516567	0.04168460467775428	4.957032355501213	0.9980943942795133	1.2502130898165946	6.52206005758332	0.3043064428831497	0.22816749315596835	0.19389249785398183	0.2736335661069	0.5672759323832711	137.73340276089024	-955.4890769642274	5.478922682327361E-4	0.9926082544230099	3.7858614648077985E-4	3.608805586373203E-7	1.1194175900630166
1960000	-9613.765175339411	-8684.043432322655	-929.7217430167569	-8517.524864014023	122.98325485851504	1175.2467751890065	0.09376398822639004	1.2478031559857168	0.24569700852637266	0.22154937378867204	0.9272851429180263	0.9104108993982116	2.021852165772599	0.10586473144701081	5.4340170459892105	0.39653560498706114	0.495704028715343	1.2478031559857168	0.24569700852637266	0.22154937378867204	0.9272851429180263	0.9104108993982116	2.021852165772599	0.10586473144701081	5.4340170459892105	0.39653560498706114	0.495704028715343	6.52206005758332	0.3043064428831497	0.21907636366172406	0.20298362734822611	0.2736335661069	0.4845276836338735	107.94461067400506	-914.9497679763264	6.230068199706543E-4	0.8981030923005181	4.4393354330525574E-4	3.7293927125259513E-7	0.9969165558114684
1970000	-9637.785527420314	-8681.00276878787	-956.7827586324443	-8514.030508618029	162.48550404563602	1450.1730829472497	0.08984410306007021	0.07344103514694678	0.4473099471148882	0.3956790789195825	0.15578541342245222	0.29869649600384834	1.4709688230686204	0.8136413284857967	2.5327599931263025	0.23146708424579088	0.8224041022062871	0.07344103514694678	0.4473099471148882	0.3956790789195825	0.15578541342245222	0.29869649600384834	1.4709688230686204	0.8136413284857967	2.5327599931263025	0.23146708424579088	0.8224041022062871	6.52206005758332	0.3043064428831497	0.21907636366172406	0.20298362734822611	0.2736335661069	0.4845276836338735	140.4699654699689	-946.4989485584274	5.729391228346145E-4	0.9205642528991681	3.911384839532405E-4	2.895827923983143E-7	1.0347127457818701
1980000	-9594.212885779189	-8694.140171243462	-900.0727145357271	-8536.087265120335	99.86431452140415	1079.618543778973	0.09493567279284136	0.046126042993107484	0.1610963228233483	0.6140448408891219	1.1728747150029786	0.7224316848972554	0.16443978893714148	0.2844896005118938	3.0770418411180214	0.4655437997556789	0.06286800042780467	0.046126042993107484	0.1610963228233483	0.6140448408891219	1.1728747150029786	0.7224316848972554	0.16443978893714148	0.2844896005118938	3.0770418411180214	0.4655437997556789	0.06286800042780467	5.875140678047103	0.3043064428831497	0.21907636366172406	0.20298362734822611	0.2736335661069	0.4845276836338735	106.65012617289028	-889.9919805292678	8.480367725486701E-4	0.9868672024253489	5.442271505841255E-4	6.392661346353624E-7	1.0339573567709222
1990000	-9566.057612495919	-8699.044295859409	-867.0133166365105	-8532.365491048786	112.29012968975516	1019.5116836687481	0.12883949213050536	0.12002205555292238	0.0323393779023885	0.37074245913710485	0.24572599376319137	2.0583119142525197	1.93864356685155	0.5911550083843717	4.144970775810716	0.18465947546900086	0.45659568833433617	0.12002205555292238	0.0323393779023885	0.37074245913710485	0.24572599376319137	2.0583119142525197	1.93864356685155	0.5911550083843717	4.144970775810716	0.18465947546900086	0.45659568833433617	5.875140678047103	0.3043064428831497	0.20513810643034042	0.209372552030553	0.28118289865595675	0.4845276836338735	70.24788288463576	-854.047862447267	9.539550426378143E-4	0.9963644835160951	6.195986230296765E-4	8.868852070586916E-7	1.0315903666041817
2000000	-9569.653214171063	-8679.118850554834	-890.5343636162283	-8509.5772131386	120.44190193210204	1136.3204602049407	0.10056291460034263	0.22860381107166233	0.11370948436956355	0.2641268222524661	0.5156519172839575	0.37904096332829473	0.959647447973094	0.4697868747597039	3.279531415803449	0.2833865690694164	0.07035565747292957	0.22860381107166233	0.11370948436956355	0.2641268222524661	0.5156519172839575	0.37904096332829473	0.959647447973094	0.4697868747597039	3.279531415803449	0.2833865690694164	0.07035565747292957	5.875140678047103	0.3043064428831497	0.20513810643034042	0.209372552030553	0.28118289865595675	0.4845276836338735	89.36365088665652	-881.3623101817591	7.014829036136884E-4	0.9251233006292046	4.777832726227138E-4	6.084427580548318E-7	1.067371195387594
2010000	-9624.208301666122	-8691.545817540598	-932.6624841255237	-8524.359001247658	160.44414865451816	1328.299087533563	0.1028414089572451	0.6623559210476644	0.286188326423489	1.6138733837181358	0.2683534282076874	3.2325545428210343	2.6082415344620746	1.1846986159172925	5.979520046143098	1.2363495253555965	0.29627331666222734	0.6623559210476644	0.286188326423489	1.6138733837181358	0.2683534282076874	3.2325545428210343	2.6082415344620746	1.1846986159172925	5.979520046143098	1.2363495253555965	0.29627331666222734	5.875140678047103	0.3043064428831497	0.21319669618432446	0.20131396227656895	0.28118289865595675	0.4845276836338735	109.83902229708445	-912.7820343338967	6.297874230674231E-4	0.88335471395791	4.15294988172355E-4	4.108987973059008E-7	1.0732855110401816
2020000	-9646.682567970933	-8679.862281112302	-966.8202868586309	-8508.990696238077	167.36866591306847	1549.103301962876	0.08052639688582608	0.34938422537914826	0.48844134730967953	2.0009997028384254	1.405435319360421	1.974174199071261	0.5645248181453347	0.1704027844565951	4.755614118308973	0.3456077631174333	1.0850550081136188	0.34938422537914826	0.48844134730967953	2.0009997028384254	1.405435319360421	1.974174199071261	0.5645248181453347	0.1704027844565951	4.755614118308973	0.3456077631174333	1.0850550081136188	5.875140678047103	0.3043064428831497	0.1971374544614031	0.22644601395259575	0.2721100887028513	0.4845276836338735	133.11303720022636	-950.7755482341989	5.090636472342412E-4	0.9454361205393587	3.7159731257358034E-4	2.9944663466334063E-7	1.0720046995573855
2030000	-9651.031947935975	-8707.359872628462	-943.6720753075126	-8540.181729566808	152.31508910120107	1408.3640062321451	0.13336124221405865	0.10829531501389841	0.08722782820566113	0.37296096605526824	0.1370348164851372	0.15309769149298266	0.7713147727823871	0.032756827950143605	1.5930556843455266	0.2358808538713773	0.23081459482585223	0.10829531501389841	0.08722782820566113	0.37296096605526824	0.1370348164851372	0.15309769149298266	0.7713147727823871	0.032756827950143605	1.5930556843455266	0.2358808538713773	0.23081459482585223	5.875140678047103	0.3038636544503998	0.1971374544614031	0.21943103350956575	0.2795678575786312	0.4845276836338735	122.57828574003436	-938.0089258679128	4.855845789159891E-4	0.8503988922975759	4.214770022910429E-4	2.5690598066011985E-7	0.9493134568409526
2040000	-9645.385337542	-8684.075400112555	-961.3099374294459	-8520.384934799502	161.3556999014616	1453.487549258716	0.08218594458722495	0.09334689819068114	0.030833387747400857	0.8002941638204797	1.1604891945854743	1.2850747446915618	0.5860088450873853	1.4329770870841643	5.582997808839563	0.6134565776297204	3.138667305143119	0.09334689819068114	0.030833387747400857	0.8002941638204797	1.1604891945854743	1.2850747446915618	0.5860088450873853	1.4329770870841643	5.582997808839563	0.6134565776297204	3.138667305143119	5.875140678047103	0.2916620033388913	0.21389721405174575	0.21943103350956575	0.275009749099797	0.4845276836338735	139.6972853580092	-944.1927323820635	4.51454640974532E-4	0.8329039066942437	3.863758562652495E-4	1.9741802854382077E-7	0.9383683065895465
2050000	-9651.642725410278	-8700.606972356674	-951.0357530536031	-8530.974716633868	181.5392160285167	1450.1609165443333	0.08039018617884387	0.10219132043702515	0.360771286906105	1.0539598658750158	1.3872845626010974	1.447504415989131	0.41622479326165684	0.24701799527159374	3.5354680016677227	0.9247968724519802	0.19935593026933987	0.10219132043702515	0.360771286906105	1.0539598658750158	1.3872845626010974	1.447504415989131	0.41622479326165684	0.24701799527159374	3.5354680016677227	0.9247968724519802	0.19935593026933987	5.875140678047103	0.30029221889685787	0.21389721405174575	0.21080081795159922	0.275009749099797	0.4845276836338735	113.36800667727996	-939.2119612828252	4.7475523666951877E-4	0.7868105374652817	3.9881821731887053E-4	2.5220687204042977E-7	1.0110743335363588
2060000	-9688.070260474424	-8709.670782334386	-978.3994781400374	-8543.470356538068	204.98671382370617	1647.3014784274044	0.10170598754537304	1.7288188146343286	0.33531329287735323	0.255985861881447	0.23709278491787852	0.3814082661624344	1.8638059817769812	1.0652521266906556	4.35317479700482	0.18565452650751593	0.6897083134704611	1.7288188146343286	0.33531329287735323	0.255985861881447	0.23709278491787852	0.3814082661624344	1.8638059817769812	1.0652521266906556	4.35317479700482	0.18565452650751593	0.6897083134704611	5.875140678047103	0.30029221889685787	0.21389721405174575	0.21080081795159922	0.275009749099797	0.4845276836338735	167.6529247221828	-965.2395788912676	4.325788261396116E-4	0.7536888631981655	3.253383062536549E-4	1.989226576061367E-7	1.0243257158399162
2070000	-9692.799813797526	-8698.557007553361	-994.2428062441645	-8526.013265167272	275.6011626293959	1826.9470282262394	0.11590872842901777	0.22324080531800045	0.4623275142150674	0.0683412659865505	1.1591109562034958	0.8980980222367483	0.7468070279270171	1.2361511980476765	4.434688478687779	0.3583646164663182	2.8314824764790747	0.22324080531800045	0.4623275142150674	0.0683412659865505	1.1591109562034958	0.8980980222367483	0.7468070279270171	1.2361511980476765	4.434688478687779	0.3583646164663182	2.8314824764790747	6.540531545590093	0.29070966429914924	0.21389721405174575	0.22038337254930784	0.275009749099797	0.4845276836338735	171.59067382288848	-979.1738839293357	4.6912062292412673E-4	0.9091911695263831	3.117608046043044E-4	2.1494845746985438E-7	1.0268325581991238
2080000	-9657.081815486317	-8699.365487967398	-957.7163275189203	-8532.145870210292	252.47853550434232	1634.3803830303036	0.11513512584130751	0.7705174136010992	0.41724699896668865	0.11082652879497475	0.5721122466212697	1.3287910747675256	2.873982940813946	1.4549847349989258	4.98313556357646	0.30718312568676065	1.1691449002760028	0.7705174136010992	0.41724699896668865	0.11082652879497475	0.5721122466212697	1.3287910747675256	2.873982940813946	1.4549847349989258	4.98313556357646	0.30718312568676065	1.1691449002760028	6.540531545590093	0.30191227687571803	0.21389721405174575	0.20130029611419892	0.2828902129583371	0.4845276836338735	123.38165043879725	-941.3572420894614	4.992999700375484E-4	0.8784839745172989	3.133894105077099E-4	2.0714769118379123E-7	0.9347462825149215
2090000	-9657.679738940213	-8695.413967880884	-962.2657710593281	-8523.61469528151	294.5683310863058	1716.2292744493755	0.0815932211305795	0.0529574334172599	0.15473589001810437	0.5766025322580176	0.6674562058554839	0.24859267815212097	0.9421074686507244	0.2866165564027751	3.2193982160842034	0.40537835144236317	0.03134708213078091	0.0529574334172599	0.15473589001810437	0.5766025322580176	0.6674562058554839	0.24859267815212097	0.9421074686507244	0.2866165564027751	3.2193982160842034	0.40537835144236317	0.03134708213078091	6.540531545590093	0.30191227687571803	0.20439568838005953	0.20130029611419892	0.2923917386300233	0.4845276836338735	150.05374257918865	-952.0712448974824	5.969175474421586E-4	1.008103103782114	3.53491525089096E-4	3.0592848363557423E-7	1.0019543568260056
2100000	-9658.087248576741	-8698.695237710985	-959.3920108657563	-8527.631255010741	178.6951581493047	1456.4201793459445	0.1261893898011306	0.11884644578705865	0.2117281565633212	0.5957824555506067	3.627138175682209	0.9492109798208143	1.35219378523795	0.19272154478516595	2.698622311029104	0.26958606022263887	1.7267743460279208	0.11884644578705865	0.2117281565633212	0.5957824555506067	3.627138175682209	0.9492109798208143	1.35219378523795	0.19272154478516595	2.698622311029104	0.26958606022263887	1.7267743460279208	6.540531545590093	0.30191227687571803	0.20439568838005953	0.20130029611419892	0.2923917386300233	0.4845276836338735	113.96640417623185	-945.2715825338423	5.462491859122958E-4	0.8903402667500429	3.597033249382854E-4	2.648138608907116E-7	0.996403591564306
2110000	-9624.430172169672	-8706.15792468291	-918.2722474867619	-8533.873513041088	265.91875824981076	1558.5024618640168	0.08924140256738622	0.14169057881683617	0.12980576523879836	0.09044671149619657	0.4370044123650808	1.1266623003026786	1.865448430833675	0.33937729611891665	2.22949292606729	0.2977791613802655	0.8497127723431912	0.14169057881683617	0.12980576523879836	0.09044671149619657	0.4370044123650808	1.1266623003026786	1.865448430833675	0.33937729611891665	2.22949292606729	0.2977791613802655	0.8497127723431912	6.540531545590093	0.3115534972685553	0.20696987904722366	0.20130029611419892	0.2801763275700219	0.4845276836338735	101.1852217295394	-907.619073619575	5.996701334492562E-4	1.0202357601100887	3.602807994841487E-4	5.838291475233252E-7	1.2675807334879678
2120000	-9599.98492878775	-8685.20802962827	-914.7768991594809	-8520.367623211474	133.30051803721827	1162.1834414020725	0.1060517367293129	0.633814597368885	0.12964499495448867	0.09047393047828127	0.1678301276813079	1.5491352798368418	1.4687151188383822	0.6836746046833061	2.7322676392336467	0.4236066190811865	0.5106306142807188	0.633814597368885	0.12964499495448867	0.09047393047828127	0.1678301276813079	1.5491352798368418	1.4687151188383822	0.6836746046833061	2.7322676392336467	0.4236066190811865	0.5106306142807188	5.717484805483746	0.3115534972685553	0.20696987904722366	0.20130029611419892	0.2801763275700219	0.4845276836338735	96.44711296978342	-903.7876507044764	7.003619675574897E-4	0.9200864143840326	4.884611789941122E-4	4.429815450800091E-7	0.9847929001550475
2130000	-9613.21827910277	-8677.116484209319	-936.101794893452	-8513.339728083698	138.00458047952105	1237.9744226186353	0.0722668318950855	0.018976442660144435	0.06967808273867201	2.3177126526616934	0.1520465079651858	1.2923975858934338	0.755114027157767	0.16524751070796836	6.377265205474402	0.21037895874360635	0.16173178100588534	0.018976442660144435	0.06967808273867201	2.3177126526616934	0.1520465079651858	1.2923975858934338	0.755114027157767	0.16524751070796836	6.377265205474402	0.21037895874360635	0.16173178100588534	5.717484805483746	0.2857812585633194	0.21431659105460119	0.2172755198387215	0.28262663054335774	0.4845276836338735	119.3452252415326	-921.5458149458976	6.126766828671262E-4	0.9352491075641582	4.4862970595926937E-4	4.1802218745245194E-7	1.0742150584748296
2140000	-9620.464313367502	-8668.835521926789	-951.6287914407139	-8500.669224601499	134.62543965296524	1330.8901536446447	0.08342734999527575	0.5300034698574169	0.17873714013797054	0.32399841855373485	0.28264846263663784	1.1452516152954326	1.7667840864254507	0.20619847686349194	4.560131371614284	0.2275409499295671	0.2294131468617518	0.5300034698574169	0.17873714013797054	0.32399841855373485	0.28264846263663784	1.1452516152954326	1.7667840864254507	0.20619847686349194	4.560131371614284	0.2275409499295671	0.2294131468617518	6.733245369334685	0.2857812585633194	0.21431659105460119	0.2172755198387215	0.28262663054335774	0.4845276836338735	138.40851959774227	-939.4711331144268	4.992220915841783E-4	0.8404315613371602	3.839399447615123E-4	2.961199976146449E-7	1.1269429886654054
2150000	-9610.0301062241	-8671.174115449207	-938.8559907748927	-8501.872711046473	124.60546208100303	1261.9284776960899	0.16014156739856236	0.32564297034094575	0.06830560081895248	0.27257142781225446	2.2007378677021094	0.6647531254855381	1.2165686265698994	0.7741682479662833	3.9753568946973377	0.12880608896014745	0.3525475349660971	0.32564297034094575	0.06830560081895248	0.27257142781225446	2.2007378677021094	0.6647531254855381	1.2165686265698994	0.7741682479662833	3.9753568946973377	0.12880608896014745	0.3525475349660971	6.424060741425512	0.29465498961464404	0.21730023736404444	0.2172755198387215	0.2707692531825899	0.4845276836338735	117.58058895782018	-926.6751459414767	5.775630681075924E-4	0.9138370579258283	4.5042835015581445E-4	4.2255303821862645E-7	1.1153010178061644
2160000	-9605.607065702921	-8656.312259194703	-949.2948065082186	-8485.878230890172	120.7453660089923	1213.0316112478454	0.08323798998138486	0.23680514900038654	0.3531583295342903	0.2949601284881794	0.26477532562526235	0.8368418041371217	0.9232836814373034	0.7743391341966206	6.673361213612044	1.0513784926241616	1.0923702065096819	0.23680514900038654	0.3531583295342903	0.2949601284881794	0.26477532562526235	0.8368418041371217	0.9232836814373034	0.7743391341966206	6.673361213612044	1.0513784926241616	1.0923702065096819	6.424060741425512	0.29465498961464404	0.21730023736404444	0.2080134630041017	0.28003131001720966	0.4845276836338735	122.24269448553756	-933.8997314265093	5.656053862359734E-4	0.9077589558959924	4.477128406211186E-4	3.468847249392804E-7	1.0480942963616995
2170000	-9624.93144556878	-8698.541472130937	-926.3899734378431	-8523.029674414165	146.93488708972382	1229.9615319114573	0.1395318318734858	0.10042734874609327	0.32800895183555767	0.32535764056870586	1.4040351294867193	1.0105992291385992	0.9048070727619709	1.3583913761008357	3.9122184324274274	0.06583773498457457	0.38029273752759785	0.10042734874609327	0.32800895183555767	0.32535764056870586	1.4040351294867193	1.0105992291385992	0.9048070727619709	1.3583913761008357	3.9122184324274274	0.06583773498457457	0.38029273752759785	6.424060741425512	0.29465498961464404	0.21730023736404444	0.2080134630041017	0.28003131001720966	0.4845276836338735	121.38098636694312	-914.2617024098543	5.487252811365319E-4	0.9201640063992026	4.6963100650226127E-4	4.2547665563285147E-7	1.0773750493157603
2180000	-9622.880175052785	-8686.03867932418	-936.8414957286052	-8520.534649410476	111.24408060710593	1171.8653567448841	0.0745797991262248	0.1761798666521859	0.27664933737728503	0.3086346784498487	0.36980759984475947	0.9375624164882596	0.6685763401109159	0.06144572275966731	3.502668808237867	0.5233400471794338	0.15445017628415034	0.1761798666521859	0.27664933737728503	0.3086346784498487	0.36980759984475947	0.9375624164882596	0.6685763401109159	0.06144572275966731	3.502668808237867	0.5233400471794338	0.15445017628415034	6.424060741425512	0.29465498961464404	0.21730023736404444	0.2080134630041017	0.28003131001720966	0.4845276836338735	116.25661234141297	-927.4285601213123	5.50784439312486E-4	0.745072431427533	4.577223773930215E-4	2.8025247286217525E-7	1.0090633494019452
2190000	-9629.75530299166	-8679.296769682789	-950.4585333088716	-8512.865554527103	145.3835177923622	1385.006316841859	0.14073880862399402	0.3921755613772826	0.008322881777851954	0.7282853511119143	1.5444155499776318	0.2463004000230408	0.570563589565529	0.14662928704290795	1.537390287537037	0.17316150273018657	0.02760418000183568	0.3921755613772826	0.008322881777851954	0.7282853511119143	1.5444155499776318	0.2463004000230408	0.570563589565529	0.14662928704290795	1.537390287537037	0.17316150273018657	0.02760418000183568	5.895334010224576	0.29465498961464404	0.21730023736404444	0.2080134630041017	0.28003131001720966	0.4845276836338735	128.70771053014676	-943.3981514215069	4.740121088803702E-4	0.7906562675774548	3.883033702042125E-4	1.4007317167449625E-7	0.8342524275992518
2200000	-9651.985668826372	-8689.208517283763	-962.777151542609	-8526.238117885676	138.7353459014155	1385.0988400004853	0.09458748033497441	0.2646671984051307	0.11496247969977866	0.45666791277228985	0.3885355714849269	1.501789840498243	0.270960152819892	2.335547788562867	4.790111929827651	0.26930614548443016	1.8969376611928572	0.2646671984051307	0.11496247969977866	0.45666791277228985	0.3885355714849269	1.501789840498243	0.270960152819892	2.335547788562867	4.790111929827651	0.26930614548443016	1.8969376611928572	5.895334010224576	0.29465498961464404	0.21730023736404444	0.2080134630041017	0.28003131001720966	0.4845276836338735	123.43787367019549	-948.7206284786845	4.7810199194774875E-4	0.7004785234381999	3.920284963647514E-4	1.4853101118286418E-7	0.8525879873586433
2210000	-9660.548800207216	-8698.257228180824	-962.291572026391	-8533.477168370606	139.9586489936837	1483.02284312639	0.06645591726069744	0.1537544636302924	0.11404303185847574	0.3632586134357238	0.46240369815342175	0.9753512969965201	0.7068378423634971	0.3053866904218424	3.5610926475372446	0.2710263952910678	0.35682118320468253	0.1537544636302924	0.11404303185847574	0.3632586134357238	0.46240369815342175	0.9753512969965201	0.7068378423634971	0.3053866904218424	3.5610926475372446	0.2710263952910678	0.35682118320468253	5.895334010224576	0.30101620485462055	0.21730023736404444	0.2080134630041017	0.27367009477723314	0.4845276836338735	122.83974505846567	-953.0621834844118	4.009876270308546E-4	0.6752175733154422	3.354298496188708E-4	9.358289661464647E-8	0.7810925338137056
2220000	-9662.925805322251	-8677.217044498797	-985.7087608234546	-8518.123830833629	107.40697805002324	1393.109704801976	0.04494385909181887	0.7408195900483204	0.3825748082793162	0.23308963033321733	0.2663403503956222	1.5126725206906697	1.0840321763990821	0.22343008664101205	4.11801393699811	0.141514990329423	0.3132102247320024	0.7408195900483204	0.3825748082793162	0.23308963033321733	0.2663403503956222	1.5126725206906697	1.0840321763990821	0.22343008664101205	4.11801393699811	0.141514990329423	0.3132102247320024	6.643877261665806	0.30101620485462055	0.21730023736404444	0.19693192244016955	0.2847516353411653	0.4845276836338735	138.42719269375283	-973.5324167607548	4.127212936320743E-4	0.7489221549083543	4.033953612744929E-4	1.1707548624866439E-7	0.7892552399518717
2230000	-9705.801475620425	-8702.15770792474	-1003.643767695685	-8530.748937553557	120.71108262205189	1540.0341903253534	0.08493131685960129	0.885569271337682	0.03339852556965995	0.9846680484958538	0.13834157049926343	0.7725283109877742	0.1844784451986111	0.43921353511854655	3.284778020681193	0.5036960842001805	0.0679657213393446	0.885569271337682	0.03339852556965995	0.9846680484958538	0.13834157049926343	0.7725283109877742	0.1844784451986111	0.43921353511854655	3.284778020681193	0.5036960842001805	0.0679657213393446	6.643877261665806	0.30101620485462055	0.21730023736404444	0.19693192244016955	0.2847516353411653	0.4845276836338735	165.96044789931383	-993.8922165390835	3.931749659287769E-4	0.7683439059687726	3.6705864219622043E-4	1.1453514692516566E-7	0.8431030308565114
2240000	-9722.939082250168	-8710.908783429264	-1012.030298820904	-8538.037742074748	161.5467050571892	1711.423148756793	0.046129791790542815	1.0246402415965683	0.25121446598013697	0.3096308320090712	1.3834884193281514	1.3061211285440992	1.7531100357415341	0.31428468326784886	4.287444297011685	0.22991336138402985	2.7168090265745732	1.0246402415965683	0.25121446598013697	0.3096308320090712	1.3834884193281514	1.3061211285440992	1.7531100357415341	0.31428468326784886	4.287444297011685	0.22991336138402985	2.7168090265745732	6.0566823471379205	0.2946197535727494	0.21730023736404444	0.2099891022613482	0.2780909068018578	0.4845276836338735	176.7318252850496	-995.0190026521091	3.7161554170694514E-4	0.8621967790499941	3.229402552377209E-4	7.593575551068573E-8	0.7593783742583701
2250000	-9681.01270479912	-8688.209547890867	-992.803156908252	-8523.962909961048	118.49592239137871	1381.2019694175574	0.058713443119586275	1.6100197691991367	0.44886711443036037	1.1235038398934554	0.510579009696672	1.992104487291727	1.8971974118224972	0.3036009963209325	9.495117312963906	0.2121433658967251	0.5480523290103219	1.6100197691991367	0.44886711443036037	1.1235038398934554	0.510579009696672	1.992104487291727	1.8971974118224972	0.3036009963209325	9.495117312963906	0.2121433658967251	0.5480523290103219	5.589987625448648	0.2946197535727494	0.21730023736404444	0.2099891022613482	0.2780909068018578	0.4845276836338735	150.6482954053844	-971.8282435041373	4.8196668253240376E-4	0.800677611333679	4.2182036691156867E-4	1.4979348624748118E-7	0.8212914420307048
2260000	-9696.611569854573	-8689.406469195726	-1007.2051006588471	-8524.649565472411	132.57392216083613	1566.1539870522631	0.07046801719452689	0.3420751078875476	0.2730247983925414	0.8630960733662869	0.0478589747433427	0.6761316517332867	2.798512422208352	0.32883611650847905	2.5506697075532	0.29380231069067997	0.8531864597677355	0.3420751078875476	0.2730247983925414	0.8630960733662869	0.0478589747433427	0.6761316517332867	2.798512422208352	0.32883611650847905	2.5506697075532	0.29380231069067997	0.8531864597677355	5.589987625448648	0.30479481748944737	0.21266103489336793	0.20445324081532673	0.2780909068018578	0.4845276836338735	177.919780353556	-995.495252763845	4.243623940495847E-4	0.8074158671754001	3.579105233466163E-4	1.3657038816701276E-7	0.9561000460629022
2270000	-9695.48220558824	-8726.924872933438	-968.5573326548018	-8559.98697102499	127.865226877427	1416.4761387793963	0.10410347348794068	0.2127044364383974	0.019957950292142247	0.23093499135040965	0.36995144009221953	0.48589984978825307	0.017967222814941772	0.3396513669950659	1.3417593904719398	0.04583634391193709	0.34866044268061236	0.2127044364383974	0.019957950292142247	0.23093499135040965	0.36995144009221953	0.48589984978825307	0.017967222814941772	0.3396513669950659	1.3417593904719398	0.04583634391193709	0.34866044268061236	6.8601051847521575	0.30479481748944737	0.21266103489336793	0.20445324081532673	0.2780909068018578	0.4845276836338735	123.07870520188725	-962.9141168315091	4.575546871440223E-4	0.8083755525199716	3.9215599739910226E-4	1.6501931474762906E-7	0.9522237222511635
2280000	-9687.576550684826	-8700.57124767691	-987.0053030079156	-8536.414206991492	154.32242922147657	1565.6538632539675	0.06917073543707951	0.13063488484911837	0.2144214392397025	1.255446729642935	0.11256507651526187	3.282846578469432	0.027690475478684588	0.528618470078771	4.650149846158166	0.28046532581979156	0.8649824760638675	0.13063488484911837	0.2144214392397025	1.255446729642935	0.11256507651526187	3.282846578469432	0.027690475478684588	0.528618470078771	4.650149846158166	0.28046532581979156	0.8649824760638675	6.111963062501573	0.30479481748944737	0.21266103489336793	0.20445324081532673	0.2780909068018578	0.4845276836338735	163.3274397265311	-973.1369141600862	4.339311742212366E-4	0.7280036818149835	3.5806383438099403E-4	1.659852800637346E-7	0.9746027334300882
2290000	-9682.169442045091	-8679.93084628511	-1002.2385957599813	-8514.254728097905	128.5408445100487	1516.5494805497028	0.08251627450210604	0.6262179185771533	0.1495999246567061	1.079487778522714	1.4661970946492375	0.4755039942937054	3.6943125815269626	0.9962612088438741	3.8867722055054306	0.47771045943301393	0.3343733528749683	0.6262179185771533	0.1495999246567061	1.079487778522714	1.4661970946492375	0.4755039942937054	3.6943125815269626	0.9962612088438741	3.8867722055054306	0.47771045943301393	0.3343733528749683	6.111963062501573	0.30479481748944737	0.21266103489336793	0.20445324081532673	0.2780909068018578	0.4845276836338735	174.02738204611273	-986.6143976480051	4.0376002837655135E-4	0.7738972780084992	3.581255188337029E-4	1.591719345176584E-7	0.9982540951387806
2300000	-9700.106465983825	-8678.047343062512	-1022.0591229213125	-8516.911623141252	172.60441148076765	1773.8184280274047	0.06264068019720503	0.17611469699546872	0.49804997959808905	1.1109409772090295	0.6729990447874112	0.3645557817654852	4.253884688886627	0.05814578802876567	4.593075285723921	0.5150662440239153	0.3017786377124653	0.17611469699546872	0.49804997959808905	1.1109409772090295	0.6729990447874112	0.3645557817654852	4.253884688886627	0.05814578802876567	4.593075285723921	0.5150662440239153	0.3017786377124653	6.111963062501573	0.30479481748944737	0.21266103489336793	0.20445324081532673	0.2780909068018578	0.4845276836338735	196.0107883964169	-1006.8766187717254	3.31869570858334E-4	0.7338264797227435	2.9014659657834355E-4	1.3481208372416027E-7	1.0659791966230396
2310000	-9698.731181092233	-8691.062910369154	-1007.66827072308	-8521.111244439682	142.5907926735172	1709.228386951608	0.06912537789766808	0.13288154058455043	0.03667925929208371	0.8816111042463193	0.1959756823334124	0.40797275001073985	1.136306796110403	0.06809594795705651	4.056836479058785	0.40625114144964036	1.1648441520529813	0.13288154058455043	0.03667925929208371	0.8816111042463193	0.1959756823334124	0.40797275001073985	1.136306796110403	0.06809594795705651	4.056836479058785	0.40625114144964036	1.1648441520529813	6.111963062501573	0.30479481748944737	0.21229991574021992	0.21075374255790816	0.27215152421242433	0.4845276836338735	184.74643236640702	-996.7237178085451	3.892872239280776E-4	0.7070654403505129	3.447670314874355E-4	1.6528516045907453E-7	1.0030555576330096
2320000	-9684.440454088466	-8674.289326665696	-1010.1511274227704	-8517.48471049476	131.9564931274128	1698.0638147776738	0.07588871281579775	0.09238542363411356	0.036340947008509934	0.9004638884736572	1.1392903859778456	0.2063769918304302	1.7752599536913884	0.7259958615620778	4.251230583173827	0.4701348608258745	0.5777920459966764	0.09238542363411356	0.036340947008509934	0.9004638884736572	1.1392903859778456	0.2063769918304302	1.7752599536913884	0.7259958615620778	4.251230583173827	0.4701348608258745	0.5777920459966764	6.111963062501573	0.30479481748944737	0.21229991574021992	0.21075374255790816	0.27215152421242433	0.4845276836338735	178.74221182260624	-997.4404364573094	3.7426455756606886E-4	0.7896948098980431	3.455450875333745E-4	1.5626046395629092E-7	0.9495723635810716
2330000	-9703.92249628346	-8689.185981379145	-1014.7365149043142	-8519.44656607008	216.07148917636803	1957.505495810736	0.08252780726339784	0.4186545571388269	0.2776822323280436	0.5019330322232259	0.11498545188056969	0.18947036293249847	2.258551136342127	1.560916206434122	3.5778552124157925	0.4034270492460972	0.4499127188562261	0.4186545571388269	0.2776822323280436	0.5019330322232259	0.11498545188056969	0.18947036293249847	2.258551136342127	1.560916206434122	3.5778552124157925	0.4034270492460972	0.4499127188562261	6.111963062501573	0.30479481748944737	0.20196344704647684	0.21075374255790816	0.2824879929061674	0.4845276836338735	190.21958178638315	-1002.1762918117254	3.2983003600188396E-4	0.9072301871867308	2.564432189383607E-4	1.695926388855095E-7	1.0812787441856886
2340000	-9680.424829573012	-8680.377744249956	-1000.0470853230565	-8506.17822566874	148.15588086062962	1763.2782712226992	0.10771637230786747	0.02351760137592072	0.07434741426067082	0.02349173825083097	0.6825789619212217	0.013373401558028835	2.2525075560453565	0.4077120282602489	3.5960649451639775	0.255525356245738	0.2327147561085617	0.02351760137592072	0.07434741426067082	0.02349173825083097	0.6825789619212217	0.013373401558028835	2.2525075560453565	0.4077120282602489	3.5960649451639775	0.255525356245738	0.2327147561085617	6.111963062501573	0.30479481748944737	0.21127559975581486	0.21075374255790816	0.27317584019682933	0.4845276836338735	180.90202035820727	-990.4317534937884	3.714865951161348E-4	0.7652350024231654	3.0279112285889944E-4	1.012121336984023E-7	0.8451767081136607
2350000	-9723.622466365956	-8687.328038423928	-1036.2944279420276	-8521.619887778357	147.7573725854537	1943.8008018176918	0.07328178726216106	0.5722100270018932	0.020177239072538197	0.3184782464677854	0.08946902450066789	0.5271092598633575	1.2975001687258427	0.045263592083508414	3.849802166458155	0.7371879384860291	0.7361155740344703	0.5722100270018932	0.020177239072538197	0.3184782464677854	0.08946902450066789	0.5271092598633575	1.2975001687258427	0.045263592083508414	3.849802166458155	0.7371879384860291	0.7361155740344703	6.788866958946357	0.30479481748944737	0.21127559975581486	0.21075374255790816	0.27317584019682933	0.4845276836338735	206.55555077485496	-1025.6667098538458	3.6568964988036875E-4	0.6549705307092311	2.919934690995061E-4	7.210263499758795E-8	0.7492205048314069
2360000	-9728.694816749732	-8686.827728482105	-1041.867088267626	-8518.139132218826	168.8401045241078	2162.641514375195	0.09254548497137331	0.2520941774488323	0.03290940852243369	0.23583131464112078	0.737150271256652	0.3448153922629632	0.6260637342216889	0.42313062778101	2.904037259034812	0.028234106356619812	0.37618419994611474	0.2520941774488323	0.03290940852243369	0.23583131464112078	0.737150271256652	0.3448153922629632	0.6260637342216889	0.42313062778101	2.904037259034812	0.028234106356619812	0.37618419994611474	7.8066713198116675	0.29488009785412483	0.21127559975581486	0.21075374255790816	0.28309055983215187	0.4845276836338735	233.1704930437457	-1033.0684112078998	3.4388937644251735E-4	0.7769396691771085	2.592290622384658E-4	4.7583827466131944E-8	0.6875917378752885
2370000	-9740.723383138127	-8692.78650139816	-1047.9368817399672	-8515.969752017148	228.3903998442621	2332.7640831110184	0.05790148563513847	0.2512958419088088	0.15007399637929902	0.8320304947883351	0.23886143442643223	1.9473521540337027	2.4629561151604684	0.30112171031771334	4.86132124535604	0.2853169095095683	0.13537177656640328	0.2512958419088088	0.15007399637929902	0.8320304947883351	0.23886143442643223	1.9473521540337027	2.4629561151604684	0.30112171031771334	4.86132124535604	0.2853169095095683	0.13537177656640328	6.645596001875597	0.29488009785412483	0.21127559975581486	0.21075374255790816	0.28309055983215187	0.4406087098312441	230.9503367301932	-1033.123442921532	3.46133141052596E-4	0.8408751887248399	2.3881083463857754E-4	1.045410766128448E-7	0.9483913125157007
2380000	-9758.924467812307	-8704.623892361591	-1054.3005754507167	-8523.749865006124	209.73683351191227	2227.851840583252	0.07835358887924199	0.20346754085916258	0.2841614494650832	0.9698696441738468	3.6670313990831938	1.5798594770740293	1.6192173399312622	0.14599871630351105	3.203258400149344	0.1790645944695964	0.826404623985155	0.20346754085916258	0.2841614494650832	0.9698696441738468	3.6670313990831938	1.5798594770740293	1.6192173399312622	0.14599871630351105	3.203258400149344	0.1790645944695964	0.826404623985155	6.645596001875597	0.31018615571162905	0.21127559975581486	0.21075374255790816	0.26778450197464765	0.5301215331030772	256.09731174333405	-1038.7727942968338	3.3248535525900395E-4	0.7582152217955337	2.4856042028852045E-4	9.622009467238373E-8	0.9467753018618122
2390000	-9687.60102768708	-8679.323402409318	-1008.2776252777616	-8508.339359384841	169.59859601315617	1733.7222229736078	0.07343518777670117	0.5530991581359851	0.19711698822338752	0.4448160939357593	0.1592907573765176	0.9732360040701814	0.7096082355898592	0.9553744937307423	6.246701762844577	0.008776636787293044	1.518834559836397	0.5530991581359851	0.19711698822338752	0.4448160939357593	0.1592907573765176	0.9732360040701814	0.7096082355898592	0.9553744937307423	6.246701762844577	0.008776636787293044	1.518834559836397	6.645596001875597	0.31018615571162905	0.21127559975581486	0.21075374255790816	0.26778450197464765	0.5301215331030772	196.04912799047756	-993.6906197059025	4.1910352786840685E-4	0.7480746620780031	3.224441793585594E-4	1.479339432128255E-7	0.921217515732888
2400000	-9747.752969454094	-8707.910819573757	-1039.842149880336	-8537.595411072303	168.59524122817612	2075.17687956181	0.07019009976733076	0.32139768618248105	0.1982399336862197	0.6767290664198791	0.5126329011432739	1.2480957932358603	0.2599386136762086	1.277961672886325	2.1419234561960847	0.7692971881451806	0.9230711653473432	0.32139768618248105	0.1982399336862197	0.6767290664198791	0.5126329011432739	1.2480957932358603	0.2599386136762086	1.277961672886325	2.1419234561960847	0.7692971881451806	0.9230711653473432	7.81272023201525	0.29900958036062397	0.21127559975581486	0.20772131167535043	0.2819935082082105	0.5301215331030772	223.71521395137344	-1028.4739662524285	3.3928393884665765E-4	0.7290679997719798	2.7389843279657344E-4	6.78700501636287E-8	0.7717000004430579
2410000	-9709.54564834015	-8680.396538122786	-1029.1491102173634	-8506.91989984073	180.86413443519234	2044.9513497000926	0.05809983109722608	0.4928161782707764	0.033895164419019456	0.33343176373670796	1.6894309246377168	0.3866991637239159	1.2593057174966735	0.04052872549741619	2.0510236564407864	0.6025558313092507	0.18071760089572714	0.4928161782707764	0.033895164419019456	0.33343176373670796	1.6894309246377168	0.3866991637239159	1.2593057174966735	0.04052872549741619	2.0510236564407864	0.6025558313092507	0.18071760089572714	6.452726364483261	0.29900958036062397	0.21127559975581486	0.20772131167535043	0.2819935082082105	0.4612150580652343	207.81295848447255	-1019.5001928775812	3.1205176048199827E-4	0.6627133889008202	2.6671264946957014E-4	6.077619713788112E-8	0.7552773473453203
2420000	-9768.765636024904	-8694.056657629095	-1074.7089783958086	-8528.865613472604	234.74488978786727	2468.780292858946	0.05184048550979395	0.5261428264507788	0.09019429811952201	0.8049867671190308	0.1469156430002516	1.5429939150087832	1.396927737109994	0.4786698517707898	2.7163316289072954	1.093985850268997	0.031540180054858015	0.5261428264507788	0.09019429811952201	0.8049867671190308	0.1469156430002516	1.5429939150087832	1.396927737109994	0.4786698517707898	2.7163316289072954	1.093985850268997	0.031540180054858015	7.483311445783444	0.29900958036062397	0.21127559975581486	0.20772131167535043	0.2819935082082105	0.4612150580652343	237.1663890176919	-1062.812380443245	2.544091396241203E-4	0.6799222115295425	2.0831749184555687E-4	3.179078307346572E-8	0.6963375515178485
2430000	-9766.910586332746	-8678.004526180885	-1088.9060601518609	-8508.696514653071	216.77002040626996	2642.044860301418	0.04901624272824538	0.3320066333113532	0.019617930828699424	0.038364818647077865	0.9823476815539091	1.4969426418356913	0.09018602231771991	0.1531151305899381	2.3304855604426797	0.5950892923485684	0.9725464582088412	0.3320066333113532	0.019617930828699424	0.038364818647077865	0.9823476815539091	1.4969426418356913	0.09018602231771991	0.1531151305899381	2.3304855604426797	0.5950892923485684	0.9725464582088412	7.483311445783444	0.29900958036062397	0.21127559975581486	0.20772131167535043	0.2819935082082105	0.4612150580652343	289.95044547555426	-1078.3165662193553	2.4747412493030354E-4	0.7517546607676527	2.066902305114463E-4	2.9137769510637096E-8	0.7134789010083545
2440000	-9714.136258679293	-8682.673608225978	-1031.4626504533155	-8511.21413635193	225.7652436093364	2031.5550829652946	0.05704340492243615	0.5813893226056438	0.3708337854101864	0.07074839346224679	0.5896676713447634	1.207246380131439	1.6632556245903543	0.7461166695494887	2.5075197020718485	0.6536389970929428	0.8068497885427223	0.5813893226056438	0.3708337854101864	0.07074839346224679	0.5896676713447634	1.207246380131439	1.6632556245903543	0.7461166695494887	2.5075197020718485	0.6536389970929428	0.8068497885427223	6.47430034811608	0.2852221164975744	0.21127559975581486	0.21876875247506408	0.28473353127154644	0.4612150580652343	202.40107090270305	-1019.3165582062957	3.3243131075885355E-4	0.7748724339247622	2.718436496550691E-4	5.0314523613485914E-8	0.6981325366256964
2450000	-9723.813319022376	-8670.520738680478	-1053.2925803418984	-8504.141320107929	191.19257227236312	2314.8506040291954	0.04584175588873268	0.27340874919079783	0.23669179804160928	0.8423841247973869	0.3325028276373264	1.9279482992593098	0.25845435669228933	0.4765775889002141	4.027635169923993	0.37299621945153394	0.40313042352202905	0.27340874919079783	0.23669179804160928	0.8423841247973869	0.3325028276373264	1.9279482992593098	0.25845435669228933	0.4765775889002141	4.027635169923993	0.37299621945153394	0.40313042352202905	6.47430034811608	0.2852221164975744	0.21127559975581486	0.21876875247506408	0.28473353127154644	0.5095852564740648	268.9883750773356	-1040.5901110640061	3.2696648027199273E-4	0.757215978332791	2.4867536210127866E-4	7.49540455994296E-8	0.842365390863761
2460000	-9735.564692334468	-8682.233724270653	-1053.3309680638165	-8518.679177883943	184.02482964494882	2228.8773661013643	0.05572148929846427	0.8532534226571858	0.31643857122797864	0.1524592638057388	0.6137298796494862	0.8091556357302188	2.0917053928008684	0.3180674986841657	6.501542726854172	0.5789022763758425	1.24559873837761	0.8532534226571858	0.31643857122797864	0.1524592638057388	0.6137298796494862	0.8091556357302188	2.0917053928008684	0.3180674986841657	6.501542726854172	0.5789022763758425	1.24559873837761	6.47430034811608	0.2956661857253138	0.2008315305280755	0.21876875247506408	0.28473353127154644	0.5095852564740648	231.64194328645948	-1036.7490620857145	3.125349772814587E-4	0.7533846181701133	2.527636563153678E-4	5.5403448606215743E-8	0.7366620027667168
2470000	-9677.136309269854	-8670.954762594414	-1006.1815466754404	-8499.51685263874	171.9680093788018	1858.728352955289	0.16678148976503887	0.027105923900246992	0.07460732491946782	0.23534209573368914	0.33984429903247265	0.4585971343794788	1.2329592131042342	4.439503770836509	3.021862031571919	0.13154218294771516	0.17613618064343906	0.027105923900246992	0.07460732491946782	0.23534209573368914	0.33984429903247265	0.4585971343794788	1.2329592131042342	4.439503770836509	3.021862031571919	0.13154218294771516	0.17613618064343906	6.47430034811608	0.2956661857253138	0.2116571958577866	0.21876875247506408	0.27390786594183536	0.5095852564740648	166.6491594221606	-994.0784864302101	3.785141469619457E-4	0.860806244566578	3.0448482153776473E-4	9.410799913413846E-8	0.795458267102622
2480000	-9675.248701546956	-8681.207587767873	-994.0411137790838	-8513.135020372305	154.6622608700714	1666.0846980915844	0.060977845421421234	0.10800811038670113	0.22364949428617067	0.7666224002727686	0.7460834025630987	0.6000328759576821	2.6640146492128585	0.22158110833703626	4.790329629323707	1.1843814145047926	0.13717225555878226	0.10800811038670113	0.22364949428617067	0.7666224002727686	0.7460834025630987	0.6000328759576821	2.6640146492128585	0.22158110833703626	4.790329629323707	1.1843814145047926	0.13717225555878226	7.401215464038442	0.30598631652002983	0.20133706506307059	0.21876875247506408	0.27390786594183536	0.5095852564740648	172.64541348503772	-979.1930471206239	4.482645432808967E-4	0.8216534357536711	3.410199136251302E-4	1.7673524647651357E-7	0.9153729793401555
2490000	-9650.00206532688	-8696.522606687011	-953.4794586398701	-8528.08697332294	103.88925270716469	1276.9451066790134	0.0989015833922066	0.1769321549514215	0.16740996939164648	0.422403086423022	0.08814260960313908	0.2926405120518218	2.7426389165848724	0.05858861964439244	3.9704621138795826	0.052682167932820635	0.6214533620402928	0.1769321549514215	0.16740996939164648	0.422403086423022	0.08814260960313908	0.2926405120518218	2.7426389165848724	0.05858861964439244	3.9704621138795826	0.052682167932820635	0.6214533620402928	7.401215464038442	0.2928824475267862	0.21444093405631423	0.2095517647320007	0.28312485368489876	0.5095852564740648	121.76578331751006	-942.3391671575619	5.487451158783592E-4	0.7946553634796899	4.469103939371195E-4	1.6870154401258176E-7	0.7670793800069144
2500000	-9662.871052444747	-8665.224434227719	-997.6466182170271	-8494.42675495422	132.06316641058106	1541.5135550537545	0.06683011075824663	0.11328659728432938	0.11042667265009896	1.1989803417245013	0.19251467912328135	1.3865105289830018	1.7668004876016397	1.379638267030846	5.220900464582051	0.14654658417834063	1.232451591283964	0.11328659728432938	0.11042667265009896	1.1989803417245013	0.19251467912328135	1.3865105289830018	1.7668004876016397	1.379638267030846	5.220900464582051	0.14654658417834063	1.232451591283964	6.634610000213133	0.30496804081531426	0.2023553407677862	0.2095517647320007	0.28312485368489876	0.5095852564740648	171.81356170258653	-981.8907655571716	4.332969517705994E-4	0.796176856408458	3.6636165681290213E-4	1.432646849798377E-7	0.8683397682915515
2510000	-9679.901266486733	-8695.776286784718	-984.1249797020163	-8520.588733249526	128.58389506156533	1451.3809183417948	0.06684614618678701	0.1339468608895807	0.20538755023968502	1.3489766323999626	1.2000626862627293	1.8214970825853651	0.5091171534902843	0.82645030725667	3.49490129362079	0.4508291932551303	0.405245820047348	0.1339468608895807	0.20538755023968502	1.3489766323999626	1.2000626862627293	1.8214970825853651	0.5091171534902843	0.82645030725667	3.49490129362079	0.4508291932551303	0.405245820047348	6.634610000213133	0.31315207285668495	0.2023553407677862	0.20136773269063005	0.28312485368489876	0.5095852564740648	148.7644299003271	-970.8911332322176	4.5654713048319046E-4	0.7595997234276752	3.561939124508754E-4	9.285690147697122E-8	0.7243326398607363
2520000	-9657.971351402759	-8687.235720604032	-970.735630798727	-8510.298217924908	123.1813124137953	1418.3977068126833	0.12163423106644707	1.3662017654748442	0.23322242286310432	0.9544834350813177	1.1977513455203646	0.9987306251963333	2.1215575554183976	0.7129794659915017	4.335980187566445	0.09008503672826053	0.1035364739544644	1.3662017654748442	0.23322242286310432	0.9544834350813177	1.1977513455203646	0.9987306251963333	2.1215575554183976	0.7129794659915017	4.335980187566445	0.09008503672826053	0.1035364739544644	6.100741597724768	0.31315207285668495	0.2023553407677862	0.20136773269063005	0.28312485368489876	0.5095852564740648	154.16748823483533	-956.6737379412705	4.936071739091385E-4	0.7067182544799332	4.000382363038988E-4	1.3447978263168154E-7	0.7945427991693438
2530000	-9686.769063087375	-8702.110653204969	-984.658409882406	-8539.337311581045	141.73026742927175	1575.6506821447877	0.08242155236436563	0.40110968673042635	0.07349624176327546	0.05424276545689983	0.7888079644066952	0.0031864171387111684	1.4419930509516774	0.48638554674883844	2.9583021988194154	0.31983770974546794	0.09978557845429509	0.40110968673042635	0.07349624176327546	0.05424276545689983	0.7888079644066952	0.0031864171387111684	1.4419930509516774	0.48638554674883844	2.9583021988194154	0.31983770974546794	0.09978557845429509	6.625991180243313	0.322813209559545	0.2023553407677862	0.20136773269063005	0.2734637169820387	0.5095852564740648	158.78059385102623	-975.5239285940435	4.605656452431536E-4	0.7158449716930538	3.5341096010063037E-4	1.0329202264989181E-7	0.7398743029487357
2540000	-9694.105999644817	-8673.489143645926	-1020.6168559988914	-8505.894356150176	197.66243974247573	1950.9715672751377	0.10821480510495826	0.378946163140768	0.18220967815020317	0.0014454872627582284	0.3345196955088481	0.441367985146389	3.208669155348138	2.42334815707634	2.2907552636892032	0.30195908905878427	1.3223393721388719	0.378946163140768	0.18220967815020317	0.0014454872627582284	0.3345196955088481	0.441367985146389	3.208669155348138	2.42334815707634	2.2907552636892032	0.30195908905878427	1.3223393721388719	6.625991180243313	0.30736564852650616	0.2023553407677862	0.20136773269063005	0.28891127801507754	0.5095852564740648	179.50394536588098	-1006.731509637265	4.4997450883907907E-4	0.9437792539815257	3.0701931179133907E-4	1.0866885852504015E-7	0.7929956290582223
2550000	-9650.425306261104	-8692.272401075632	-958.1529051854723	-8520.202195538057	144.6164514558153	1463.4145972076037	0.07778047861662492	0.35736454810325574	0.026688004046679682	0.6657834555914641	0.020153592977449838	0.37187614754103987	0.45156924251300073	0.38549424797658327	3.5007459119135143	0.1606243408517764	0.06240810911285803	0.35736454810325574	0.026688004046679682	0.6657834555914641	0.020153592977449838	0.37187614754103987	0.45156924251300073	0.38549424797658327	3.5007459119135143	0.1606243408517764	0.06240810911285803	6.625991180243313	0.30736564852650616	0.2023553407677862	0.20136773269063005	0.28891127801507754	0.5095852564740648	132.01148965461394	-948.9852266430443	5.608464775328717E-4	0.8935285461261961	3.642811789586138E-4	1.835266999298038E-7	0.9060763819327531
2560000	-9675.046126288476	-8681.066709166309	-993.9794171221669	-8503.079088915674	156.07660800225878	1688.36025234223	0.0649680429639955	0.29277619965639384	0.07829045625830558	2.1310107293376808	0.6857514590500084	2.299503855512965	0.1367839831581485	0.25977628903884026	5.30608437658741	0.5682708269153783	0.47900870850991767	0.29277619965639384	0.07829045625830558	2.1310107293376808	0.6857514590500084	2.299503855512965	0.1367839831581485	0.25977628903884026	5.30608437658741	0.5682708269153783	0.47900870850991767	6.625991180243313	0.30736564852650616	0.2023553407677862	0.20136773269063005	0.28891127801507754	0.5095852564740648	138.35529299965066	-979.0160007756346	4.441661431464289E-4	0.7459993127916154	3.177089222837333E-4	1.2039809192172643E-7	0.840674264112932
2570000	-9640.710987662093	-8686.327429920275	-954.3835577418179	-8509.606195267614	142.18071611749144	1346.0900895696725	0.12217469071864366	0.567790555733351	0.02331594390122924	0.8282771800543262	2.772178833557944	0.9117079418430359	1.2447261027935255	0.8973613676869006	2.9728726455521435	0.2903506805865579	0.0313265473687178	0.567790555733351	0.02331594390122924	0.8282771800543262	2.772178833557944	0.9117079418430359	1.2447261027935255	0.8973613676869006	2.9728726455521435	0.2903506805865579	0.0313265473687178	5.784884179366382	0.29278097623843846	0.2023553407677862	0.21595240497869772	0.28891127801507754	0.5095852564740648	145.50511617311167	-941.7212714458137	5.963636335170728E-4	0.7566608424098036	4.3915578723834254E-4	2.4192335194988426E-7	0.834841248052788
2580000	-9655.318427667846	-8689.740183826329	-965.5782438415165	-8514.981265824426	144.6852314920494	1382.4353294930363	0.06682712959828971	0.71324393355432	0.6070217693732102	1.2745602611914242	1.079208672049582	0.6254421581424278	1.442100036338865	0.28838180577487504	3.4427961662164757	0.5867887125581221	0.20237184748956266	0.71324393355432	0.6070217693732102	1.2745602611914242	1.079208672049582	0.6254421581424278	1.442100036338865	0.28838180577487504	3.4427961662164757	0.5867887125581221	0.20237184748956266	5.784884179366382	0.29278097623843846	0.2023553407677862	0.21595240497869772	0.28891127801507754	0.5095852564740648	128.23580563120115	-952.6771475528814	5.245451381540173E-4	0.7838960281287665	4.0283269667115885E-4	1.626753120815778E-7	0.8188574649308907
2590000	-9703.064195127447	-8707.560414561209	-995.503780566238	-8537.435814600314	126.63819449835417	1516.2856549777716	0.11614229533476121	0.6438383275159336	0.04067075321756535	0.5645946554317883	0.8121423850445854	0.04644590218151776	2.602474827558907	0.4274116576630849	3.7694664913606477	0.11196026270180699	0.2088926235281292	0.6438383275159336	0.04067075321756535	0.5645946554317883	0.8121423850445854	0.04644590218151776	2.602474827558907	0.4274116576630849	3.7694664913606477	0.11196026270180699	0.2088926235281292	5.784884179366382	0.3039435415373999	0.2023553407677862	0.20478983967973627	0.28891127801507754	0.5095852564740648	170.49420529489478	-984.6465032290969	4.5845254757252593E-4	0.6204179701335574	3.9535985349070294E-4	7.603179605385539E-8	0.6168378127108114
2600000	-9687.933543394525	-8675.684158368298	-1012.2493850262279	-8520.764551011503	145.86079297977892	1674.1621880833259	0.06806426586045997	0.3748733659227146	0.3439458551020367	0.1826173169827391	0.6084097668724046	1.4977332284148976	2.8086770536310937	0.31035851246784735	3.945235066637928	0.0975997513947258	1.8152302695778135	0.3748733659227146	0.3439458551020367	0.1826173169827391	0.6084097668724046	1.4977332284148976	2.8086770536310937	0.31035851246784735	3.945235066637928	0.0975997513947258	1.8152302695778135	6.420743346097046	0.3039435415373999	0.2023553407677862	0.20478983967973627	0.28891127801507754	0.5095852564740648	174.94940504359286	-997.6039137551612	4.099016178448356E-4	0.7169336757220579	3.375747819692435E-4	8.630565803786063E-8	0.7509059281063298
2610000	-9700.832137064072	-8701.035863417143	-999.7962736469284	-8530.48680106543	173.0326141545487	1813.5708872729142	0.13504960686868572	0.29674170325333077	0.21137652987403716	0.03196363790030211	0.84572784650534	0.11758236275488224	2.9852803737117406	0.18586741341596807	1.5284101406102801	0.12993961919920632	0.18768012435082923	0.29674170325333077	0.21137652987403716	0.03196363790030211	0.84572784650534	0.11758236275488224	2.9852803737117406	0.18586741341596807	1.5284101406102801	0.12993961919920632	0.18768012435082923	6.420743346097046	0.3039435415373999	0.2023553407677862	0.20478983967973627	0.28891127801507754	0.5095852564740648	186.99518922998996	-991.239239132775	3.950007334868639E-4	0.7549425594770798	2.9983333514290654E-4	9.450618754139022E-8	0.8085918623282782
2620000	-9679.13577884782	-8682.683950229231	-996.4518286185892	-8509.964974841652	185.52686025269435	1779.1825855276688	0.08764029325267873	0.744376215844079	0.004639008809793226	0.20867348558867208	0.8836928143709533	1.1597393744426785	1.1744620046932828	0.7598835905426394	1.1176132797059286	0.1992053290171237	0.6221739833192672	0.744376215844079	0.004639008809793226	0.20867348558867208	0.8836928143709533	1.1597393744426785	1.1744620046932828	0.7598835905426394	1.1176132797059286	0.1992053290171237	0.6221739833192672	6.420743346097046	0.3016380685360832	0.2046608137691028	0.20478983967973627	0.28891127801507754	0.5095852564740648	195.52395309827108	-985.75432050534	5.192832723553489E-4	1.0816645366591566	2.958549276966512E-4	2.8626046206817917E-7	1.2129275425245438
2630000	-9683.070878723544	-8666.531009235181	-1016.5398694883626	-8493.636424730468	177.85633344901245	1835.6682212622059	0.12214788001520888	0.517485068961703	0.3008383926133605	0.020763968969411364	1.2514272480533517	1.5417920578679247	2.602426163103511	0.009491132328239628	6.185167555034509	0.014964756351594005	1.9646121402027126	0.517485068961703	0.3008383926133605	0.020763968969411364	1.2514272480533517	1.5417920578679247	2.602426163103511	0.009491132328239628	6.185167555034509	0.014964756351594005	1.9646121402027126	6.420743346097046	0.29619613796488414	0.2046608137691028	0.20478983967973627	0.2943532085862766	0.5095852564740648	171.056256631913	-999.1497714584322	5.353734433187138E-4	0.9580478228458401	3.228331312740998E-4	2.1780747843188262E-7	1.021107479194313
2640000	-9682.787660067237	-8676.984254549594	-1005.8034055176427	-8505.424128392933	179.1554321388983	1731.714909816155	0.08932068136729379	1.1267204620258913	0.024415642200125393	0.5218630726627027	0.09924963379415838	1.1447098015969297	2.582344057399026	4.270997108460022	2.1696666785941243	0.1645528239193409	0.06281813971328144	1.1267204620258913	0.024415642200125393	0.5218630726627027	0.09924963379415838	1.1447098015969297	2.582344057399026	4.270997108460022	2.1696666785941243	0.1645528239193409	0.06281813971328144	6.420743346097046	0.30552599134518343	0.19533096038880354	0.20478983967973627	0.2943532085862766	0.5095852564740648	163.30837287050335	-990.3011783787013	5.209115557391873E-4	0.9725675505225411	3.3706135912487154E-4	2.013481135722467E-7	1.0332610669644449
2650000	-9702.410310602943	-8694.019495533488	-1008.3908150694556	-8521.84698345215	183.07017809209458	1838.0838531276822	0.09265688445992003	0.20582844892227742	0.309926894030018	0.9926243568463403	0.22263172609990817	0.3284077606318595	2.1772152294862064	0.5776882551330671	3.861543444613513	0.15223933606483464	2.1026584533835213	0.20582844892227742	0.309926894030018	0.9926243568463403	0.22263172609990817	0.3284077606318595	2.1772152294862064	0.5776882551330671	3.861543444613513	0.15223933606483464	2.1026584533835213	6.420743346097046	0.30552599134518343	0.19533096038880354	0.20478983967973627	0.2943532085862766	0.5095852564740648	196.99577413637124	-994.839007437843	4.103831120659176E-4	0.7772377694938125	2.7578063374953857E-4	1.2950638222628951E-7	0.9491909298024855
2660000	-9712.673798765389	-8704.846172531094	-1007.8276262342953	-8535.868932386264	183.78404746388446	1858.8915543779449	0.05339083377964406	0.13251243978273486	0.10124285520067706	0.10184998592263367	0.6301809864625562	0.3013247293376576	1.3482273503420674	0.5772682706350845	2.0962987076759747	0.2384741214012294	0.5848125060394089	0.13251243978273486	0.10124285520067706	0.10184998592263367	0.6301809864625562	0.3013247293376576	1.3482273503420674	0.5772682706350845	2.0962987076759747	0.2384741214012294	0.5848125060394089	5.8094273603104645	0.30552599134518343	0.19533096038880354	0.20478983967973627	0.2943532085862766	0.5095852564740648	187.15769659406422	-998.2618702921252	4.205321531596888E-4	0.8637829697643069	2.8617025327357017E-4	1.5040616129972155E-7	0.9544800587753011
2670000	-9685.908951402607	-8662.71298855217	-1023.1959628504369	-8503.68826630663	174.1228822276382	1917.4340268804526	0.06092767856570672	0.9723671057468702	0.005784049657599565	1.5195704855016823	0.5039398860238444	1.1069821833375832	2.2383931381726563	0.0899316176942557	8.70085627801014	0.39255175295537825	0.6189048229954652	0.9723671057468702	0.005784049657599565	1.5195704855016823	0.5039398860238444	1.1069821833375832	2.2383931381726563	0.0899316176942557	8.70085627801014	0.39255175295537825	0.6189048229954652	6.91235011492366	0.29378410706027225	0.2171249424998215	0.20478983967973627	0.2843011107601699	0.5095852564740648	198.96121797063643	-1003.2631718183807	4.446130130134711E-4	0.9397333754563479	3.055371965025644E-4	1.918497846598019E-7	0.9972364902772062
2680000	-9687.903182020553	-8681.433562011887	-1006.469620008665	-8510.02535258645	153.60337217281383	1650.047127106909	0.09568087166438129	0.37377405840633376	0.05236090574601152	2.3602233290313093	1.286849027591229	0.5896569714232505	0.9577584317071183	0.3274279660878251	6.468292306367758	0.6753259198583917	0.06708308936278515	0.37377405840633376	0.05236090574601152	2.3602233290313093	1.286849027591229	0.5896569714232505	0.9577584317071183	0.3274279660878251	6.468292306367758	0.6753259198583917	0.06708308936278515	6.178332065463385	0.29378410706027225	0.2171249424998215	0.20478983967973627	0.2843011107601699	0.5095852564740648	162.16436485855348	-991.0447749640895	4.1068635032462814E-4	0.7867986348047323	3.3006157637776446E-4	1.0055143774578126E-7	0.8079886014483051
2690000	-9696.774183899495	-8678.341746701	-1018.4324371984953	-8511.78469110945	123.21877761979215	1627.3855115507233	0.07012258374847666	1.9052914379423265	0.25376653809824423	0.5864963783720443	0.3982531549449766	0.7641276281658403	2.138722006988813	1.3179998107728963	2.9402062281229906	1.6929436226277155	1.0365965256145449	1.9052914379423265	0.25376653809824423	0.5864963783720443	0.3982531549449766	0.7641276281658403	2.138722006988813	1.3179998107728963	2.9402062281229906	1.6929436226277155	1.0365965256145449	7.3929292444246215	0.3024128117522042	0.2171249424998215	0.19616113498780435	0.2843011107601699	0.5095852564740648	177.73243272189987	-1002.2232803705726	4.0744679963334104E-4	0.8218782750151833	3.2940321901504176E-4	9.352913773562282E-8	0.8303968762484013
2700000	-9686.952837376255	-8693.653548278191	-993.2992890980634	-8528.940107904768	141.23573181472116	1568.1939743014557	0.09528606033315679	0.20789485137147626	0.22039556144325767	0.8313569690136197	0.966189215858698	0.1400137723673309	1.348514720994783	0.7763653364239532	3.8142219521624963	0.39078687900740133	0.17828106179612582	0.20789485137147626	0.22039556144325767	0.8313569690136197	0.966189215858698	0.1400137723673309	1.348514720994783	0.7763653364239532	3.8142219521624963	0.39078687900740133	0.17828106179612582	6.516078965605623	0.3024128117522042	0.2171249424998215	0.19616113498780435	0.2843011107601699	0.5095852564740648	157.67447903382478	-982.019729913427	4.5673730124572674E-4	0.7671072975212095	3.5971229282895384E-4	1.7191784935428863E-7	0.8792786547920737
2710000	-9677.726191916605	-8684.879149899692	-992.8470420169117	-8515.735896927432	129.01429720082533	1474.9353183335793	0.06778300927469016	0.5792707297513802	0.6173297637927357	1.4026519906205637	3.5635444243159107	0.9526650323952823	1.4869433184533811	0.10292449494450315	6.378650944452364	0.30640223157898944	0.48304527384886975	0.5792707297513802	0.6173297637927357	1.4026519906205637	3.5635444243159107	0.9526650323952823	1.4869433184533811	0.10292449494450315	6.378650944452364	0.30640223157898944	0.48304527384886975	6.516078965605623	0.3024128117522042	0.2171249424998215	0.19616113498780435	0.2843011107601699	0.5095852564740648	161.6265391332756	-973.9142072290716	4.4064329589086097E-4	0.8416094139321048	3.6579773718636356E-4	2.6027107715179516E-7	1.013267546325453
2720000	-9620.38316123431	-8663.524771636485	-956.8583895978244	-8501.812305111314	104.73490711107706	1249.8370327499251	0.05886002203014085	0.132724424370757	0.01354929694573293	1.3416822328490856	0.645024173714981	1.552004957127669	0.9926175968805878	0.49370293359926914	6.421041506572007	0.5091918806441255	1.3025879831071598	0.132724424370757	0.01354929694573293	1.3416822328490856	0.645024173714981	1.552004957127669	0.9926175968805878	0.49370293359926914	6.421041506572007	0.5091918806441255	1.3025879831071598	6.125937831045933	0.28900248792741906	0.2167409866992175	0.20995541461319348	0.2843011107601699	0.5095852564740648	117.74593702977533	-940.446706152479	5.521195742143189E-4	0.8349132452293813	4.569836121144229E-4	2.836153265271043E-7	0.9139096541382595
2730000	-9628.119425078923	-8688.874762857567	-939.2446622213549	-8520.404804569724	105.70551017900752	1211.0549440323255	0.08605379566136934	1.6571362218435182	0.07088663142398882	1.1925925925836691	0.6020405414164207	2.0576400275028934	0.10769969486909198	0.2744432800006613	6.228087538732824	0.3394612250640368	0.26583190365101883	1.6571362218435182	0.07088663142398882	1.1925925925836691	0.6020405414164207	2.0576400275028934	0.10769969486909198	0.2744432800006613	6.228087538732824	0.3394612250640368	0.26583190365101883	6.125937831045933	0.28900248792741906	0.2167409866992175	0.20995541461319348	0.2843011107601699	0.5095852564740648	109.54878175912917	-924.0580223216401	5.943329533873538E-4	0.794088333548655	4.691941032251476E-4	3.0932513571038516E-7	0.9232156233211228
2740000	-9651.943028836658	-8702.451132325872	-949.4918965107862	-8526.814865534456	106.0830912643077	1258.6898115259867	0.1000442752129783	0.6466514517858686	0.18391481679479607	0.9717369256963326	0.6388223875112466	1.3697821801979104	1.8663886781128292	3.0912807508448656	4.4112352826905	0.1293827757576811	1.0007199418163324	0.6466514517858686	0.18391481679479607	0.9717369256963326	0.6388223875112466	1.3697821801979104	1.8663886781128292	3.0912807508448656	4.4112352826905	0.1293827757576811	1.0007199418163324	6.125937831045933	0.28900248792741906	0.2167409866992175	0.20995541461319348	0.2843011107601699	0.5095852564740648	127.68873696006895	-933.4595481089316	4.911614459398788E-4	0.6642598983268881	4.286601528820052E-4	1.3574020054917398E-7	0.7234285852197762
2750000	-9624.00290414561	-8687.561804493336	-936.4410996522729	-8515.746481697375	101.55485172205269	1221.1506939980711	0.12078670455523262	0.8814794430251819	0.0933712214737474	1.4175442280329444	0.7840050008020608	0.5868344068019477	2.379736615724283	1.0466764515295377	6.562424485956246	0.358808301235392	0.7433806457578119	0.8814794430251819	0.0933712214737474	1.4175442280329444	0.7840050008020608	0.5868344068019477	2.379736615724283	1.0466764515295377	6.562424485956246	0.358808301235392	0.7433806457578119	7.014887644449907	0.28900248792741906	0.20187418800204246	0.20995541461319348	0.29916790945734495	0.5095852564740648	115.67776633485477	-919.0410741981927	5.906135326542402E-4	0.8601476707689889	4.610623133845806E-4	2.1611200902073137E-7	0.7952242083106338
2760000	-9633.443915173071	-8678.626830852336	-954.8170843207361	-8513.347689038059	104.30694511370993	1372.3919788451433	0.12114932624653364	0.07891764209681344	0.25282824892223704	0.18539532887764706	1.4515413854111827	0.2938075147953234	1.075324491607843	0.45041707740085496	3.293859711200914	0.30742190926769725	0.6024378281188707	0.07891764209681344	0.25282824892223704	0.18539532887764706	1.4515413854111827	0.2938075147953234	1.075324491607843	0.45041707740085496	3.293859711200914	0.30742190926769725	0.6024378281188707	5.9553488347171815	0.28900248792741906	0.20187418800204246	0.20995541461319348	0.29916790945734495	0.5095852564740648	126.54677018300183	-944.9013582478817	5.355891182988415E-4	0.7550378485839357	4.449132907222554E-4	1.9719176868284095E-7	0.8074923571681302
2770000	-9633.45255421471	-8701.991116976955	-931.4614372377554	-8536.049667664141	96.73508550965406	1180.9300124688152	0.11781097457091502	0.42069604743571304	0.08785086592197738	0.5096156129814551	2.293430665459021	1.2261024755159595	2.586989765084671	0.5264801122264309	2.9796128326599307	0.21299761895544167	0.0629273744562637	0.42069604743571304	0.08785086592197738	0.5096156129814551	2.293430665459021	1.2261024755159595	2.586989765084671	0.5264801122264309	2.9796128326599307	0.21299761895544167	0.0629273744562637	5.9553488347171815	0.28900248792741906	0.20187418800204246	0.20995541461319348	0.29916790945734495	0.5095852564740648	105.41671377822432	-918.9621898988175	5.478932411504436E-4	0.6925858007738442	4.379338026399071E-4	2.2878413362317678E-7	0.8525934090221162
2780000	-9668.277989131091	-8711.76956381007	-956.5084253210212	-8548.45162889768	128.59249147996198	1353.2484456771128	0.09583293084422205	0.26187380841916186	0.09025835460828123	3.5471323179928445	0.9254349172340907	1.2580581409382825	2.818346430565982	0.655960170163052	4.479383682228609	0.22838935199826182	0.5396393879082533	0.26187380841916186	0.09025835460828123	3.5471323179928445	0.9254349172340907	1.2580581409382825	2.818346430565982	0.655960170163052	4.479383682228609	0.22838935199826182	0.5396393879082533	6.197823122833822	0.28262029349651635	0.20993480757662067	0.21948135702803037	0.28796354189883255	0.5095852564740648	105.16469720709628	-939.9505717054876	4.8697572774976345E-4	0.7180783784940538	3.971893580478953E-4	1.4633080120108836E-7	0.7690562784843278
2790000	-9659.014578898805	-8690.754320146463	-968.2602587523406	-8517.323448052775	137.0870087528716	1442.7594366704982	0.07501743842381406	0.3509873242159168	0.14155798278083115	1.0137732925549325	0.9605054904320451	0.4631246260511651	1.170883026734873	0.3676035651134827	1.5551444984816978	0.31624263613566167	0.2327545414111246	0.3509873242159168	0.14155798278083115	1.0137732925549325	0.9605054904320451	0.4631246260511651	1.170883026734873	0.3676035651134827	1.5551444984816978	0.31624263613566167	0.2327545414111246	6.667765242168155	0.28262029349651635	0.20993480757662067	0.21948135702803037	0.28796354189883255	0.5095852564740648	153.0829514069411	-959.1540664707106	5.431965977213661E-4	0.6783002488262025	4.040602666488705E-4	1.502351044634954E-7	0.7773568837037881
2800000	-9698.739203035926	-8697.07432123033	-1001.6648818055955	-8526.418139302701	211.4531682247526	1831.236768087726	0.07560442230077807	0.6130611451759377	0.07009821573356632	0.03945551391929838	0.2402923524997666	0.5433285159723917	1.1227920432422411	0.16530664257831273	2.430608595469472	0.18710522287419715	0.3895491356196692	0.6130611451759377	0.07009821573356632	0.03945551391929838	0.2402923524997666	0.5433285159723917	1.1227920432422411	0.16530664257831273	2.430608595469472	0.18710522287419715	0.3895491356196692	6.667765242168155	0.29046993585991737	0.20993480757662067	0.21163171466462932	0.28796354189883255	0.5095852564740648	177.46932374260268	-993.3443873434085	4.3016676427300936E-4	0.699354973573076	3.192135779876649E-4	1.0909201772089405E-7	0.7615060161167986
2810000	-9681.749321657655	-8680.762700041698	-1000.9866216159577	-8517.492873223437	217.394017822771	1807.924114918054	0.04621912626252709	0.5884364020188219	0.066857445817848	1.4419077908991855	0.020815402529695173	1.047253349576348	2.5943756691462365	0.39070153916019135	4.2162665640485315	0.5411514413244652	0.8750545931790679	0.5884364020188219	0.066857445817848	1.4419077908991855	0.020815402529695173	1.047253349576348	2.5943756691462365	0.39070153916019135	4.2162665640485315	0.5411514413244652	0.8750545931790679	6.667765242168155	0.29046993585991737	0.20993480757662067	0.21163171466462932	0.28796354189883255	0.5095852564740648	179.61796803268092	-985.6397209045426	4.4639700768744103E-4	0.7869413226116596	3.3291819770920374E-4	1.1155638026389865E-7	0.8095643771219694
2820000	-9630.317298877548	-8654.406131915026	-975.9111669625221	-8491.604661402824	170.04611792135145	1450.566467341137	0.08436985291906623	1.947861739327201	0.08659403238491674	0.16736360292710914	0.16283852050999012	1.4854495878372203	3.2019422112313074	0.9948499471536738	3.1704879562895223	0.20715073508772125	0.3655956722213416	1.947861739327201	0.08659403238491674	0.16736360292710914	0.16283852050999012	1.4854495878372203	3.2019422112313074	0.9948499471536738	3.1704879562895223	0.20715073508772125	0.3655956722213416	5.7065168049141395	0.29046993585991737	0.20993480757662067	0.21163171466462932	0.28796354189883255	0.5095852564740648	157.50650415296604	-961.2417294847753	5.049525015310827E-4	0.9155010764456848	3.9309808506135844E-4	1.6222637805164088E-7	0.824385086307067
2830000	-9658.450762819286	-8678.276612643658	-980.174150175627	-8509.096089354713	118.73723849664691	1399.9959282750046	0.08180249502580447	0.008475050123848601	0.062054669034551195	0.3833755055811827	0.8407471771225841	0.3301094657939994	1.1386602471204141	2.0641939729263874	2.954572192776316	0.37900186245233625	0.8320883683638898	0.008475050123848601	0.062054669034551195	0.3833755055811827	0.8407471771225841	0.3301094657939994	1.1386602471204141	2.0641939729263874	2.954572192776316	0.37900186245233625	0.8320883683638898	6.059544093363903	0.2979896700731018	0.20993480757662067	0.21163171466462932	0.28044380768564814	0.5095852564740648	147.462941765179	-968.5835651262955	4.5820284418160244E-4	0.838060384289532	4.0512890185834504E-4	1.5383235161719842E-7	0.7895838143072021
2840000	-9663.608790457887	-8676.43855393207	-987.1702365258172	-8506.516800789592	137.1998834890881	1547.9062125725843	0.10802164058460993	1.083010286066208	0.019150386085693402	0.052857907291323544	0.057639504733000606	0.019560740965317132	0.9362616693789974	0.2935834730568118	2.1177342838379696	0.19011727628710728	1.121946453656588	1.083010286066208	0.019150386085693402	0.052857907291323544	0.057639504733000606	0.019560740965317132	0.9362616693789974	0.2935834730568118	2.1177342838379696	0.19011727628710728	1.121946453656588	5.4871357399824845	0.2979896700731018	0.20993480757662067	0.21163171466462932	0.28044380768564814	0.5095852564740648	172.732973167601	-979.4322219957281	3.5350181078181586E-4	0.7714114841786116	3.3161813780272837E-4	9.289878320967703E-8	0.8228450812305683
2850000	-9668.014631191854	-8677.854400792101	-990.1602303997538	-8514.02547344661	112.66870630885782	1506.775474094332	0.0657286810370263	0.019063766189043888	0.13640139441454913	1.6859935123610528	2.392151423980205	0.6583550914268103	1.1639178446928435	0.050573989779185195	3.883934073023165	0.6984545452236136	0.26902461587835613	0.019063766189043888	0.13640139441454913	1.6859935123610528	2.392151423980205	0.6583550914268103	1.1639178446928435	0.050573989779185195	3.883934073023165	0.6984545452236136	0.26902461587835613	5.4871357399824845	0.2979896700731018	0.20218289410748383	0.21163171466462932	0.288195721154785	0.5095852564740648	156.00124983917226	-976.9300787326434	4.2682842204584605E-4	0.6881824333826697	3.766047072253974E-4	8.855603881350223E-8	0.6839664366420304
2860000	-9683.456160212374	-8682.239965737434	-1001.2161944749403	-8510.324369003712	125.12287165033906	1669.4193504198026	0.05442942670418983	0.10388629341955431	0.42054195715510995	0.41815452474335035	0.7199277192284653	1.1602149368358434	1.0981014819199688	0.02334823304033743	1.475712573867135	0.1448036932642979	8.22646611984081E-4	0.10388629341955431	0.42054195715510995	0.41815452474335035	0.7199277192284653	1.1602149368358434	1.0981014819199688	0.02334823304033743	1.475712573867135	0.1448036932642979	8.22646611984081E-4	6.756295286207076	0.2979896700731018	0.20218289410748383	0.21163171466462932	0.288195721154785	0.5095852564740648	166.73786517663635	-992.4319859926201	4.1821780006130456E-4	0.7841100617147647	3.509092339605749E-4	8.240164251106639E-8	0.6818754315048674
2870000	-9648.587586681486	-8673.64603372413	-974.9415529573562	-8507.051392852367	132.18816276540974	1422.5289043356945	0.05925325085919939	0.1544790571592557	0.2681491915017514	2.2746500607946207	0.02743072356016125	0.6459800543815075	0.5735474103550995	0.0323454951826284	2.5528458037202046	0.11129569426417667	0.39786831099489206	0.1544790571592557	0.2681491915017514	2.2746500607946207	0.02743072356016125	0.6459800543815075	0.5735474103550995	0.0323454951826284	2.5528458037202046	0.11129569426417667	0.39786831099489206	6.756295286207076	0.2979896700731018	0.20218289410748383	0.21163171466462932	0.288195721154785	0.5095852564740648	124.39735204034392	-964.6564461636854	4.746763880419551E-4	0.8854759972908519	3.691624574930157E-4	1.5031487893924557E-7	0.8197090147540632
2880000	-9666.937690764955	-8704.49917364822	-962.4385171167345	-8542.783400171793	115.02881208470608	1346.544317842397	0.07060574921053721	0.030194131802635513	0.03218854620849893	0.8150872624328289	0.2602425153983367	0.6000637021999797	2.4679058342197706	0.5146106352636484	2.6516486351464894	0.14808259208380473	0.1438911827632837	0.030194131802635513	0.03218854620849893	0.8150872624328289	0.2602425153983367	0.6000637021999797	2.4679058342197706	0.5146106352636484	2.6516486351464894	0.14808259208380473	0.1438911827632837	7.108234540217703	0.2979896700731018	0.20218289410748383	0.21163171466462932	0.288195721154785	0.5095852564740648	137.2884837183926	-951.9326883795735	4.973905373657036E-4	0.7626466274055481	3.9238623555872063E-4	1.7148316564875393E-7	0.8664516259771691
2890000	-9620.177506890024	-8671.289713221082	-948.8877936689414	-8512.26471191374	122.45778719638905	1305.285439039163	0.06800146031438932	0.3640708095064716	0.40068965719750044	0.6271711837501407	0.25241524461974923	0.2770538641018082	3.0767934415427147	0.1410939132691367	3.4599069497139134	0.6267897079368228	0.46061264691768394	0.3640708095064716	0.40068965719750044	0.6271711837501407	0.25241524461974923	0.2770538641018082	3.0767934415427147	0.1410939132691367	3.4599069497139134	0.6267897079368228	0.46061264691768394	5.823831527677252	0.2979896700731018	0.20218289410748383	0.21163171466462932	0.288195721154785	0.5095852564740648	120.79741028382674	-935.5483618803049	6.211925864051641E-4	1.0597406584382982	4.3664530510288614E-4	6.950177215392503E-7	1.3259791626772452
2900000	-9602.653563191263	-8681.250419236227	-921.4031439550362	-8514.473997353143	98.3315663500565	1162.096350526146	0.08392719018008299	0.6780028983917031	0.2984097180682664	0.13134677972817513	0.4976631057716339	0.6785197154822219	1.266666047670784	0.4378461133486933	4.80574774908164	0.006517904335750106	0.6037759836358365	0.6780028983917031	0.2984097180682664	0.13134677972817513	0.4976631057716339	0.6785197154822219	1.266666047670784	0.4378461133486933	4.80574774908164	0.006517904335750106	0.6037759836358365	5.448311344621372	0.2979896700731018	0.20218289410748383	0.22449405744180936	0.27533337837760496	0.5095852564740648	104.36669942694047	-909.5398713657477	6.12321390657376E-4	0.8600081272498056	4.6093361865285763E-4	5.825691246508753E-7	1.2450196134190852
2910000	-9607.47042267874	-8663.643904856994	-943.8265178217464	-8495.990006178843	144.47230280252643	1311.7672648641228	0.11567816454343112	0.11179843397990331	0.295082248818515	0.3372321082523774	0.2795312038632437	0.05666266857038732	3.061522744120151	0.5268574243160163	4.9103474044775925	0.5662765484345917	0.10870087064433244	0.11179843397990331	0.295082248818515	0.3372321082523774	0.2795312038632437	0.05666266857038732	3.061522744120151	0.5268574243160163	4.9103474044775925	0.5662765484345917	0.10870087064433244	6.871973735953058	0.2979896700731018	0.2095411908485894	0.21713576070070378	0.27533337837760496	0.5095852564740648	121.64936524494401	-930.884677092902	5.459009559653398E-4	0.934634692205925	4.2185331783571443E-4	3.3080907962830943E-7	1.0050995966656282
2920000	-9633.773265779573	-8666.627684164241	-967.1455816153324	-8496.865848922871	157.54929385317675	1482.232453417499	0.1119717344626348	0.6322537414876637	0.4936064568242899	0.2648924380660229	0.5134870969547364	0.5735364998403205	3.571626396396021	0.9062599631655427	3.7007097788207073	0.2890708374217964	2.2227621622026192	0.6322537414876637	0.4936064568242899	0.2648924380660229	0.5134870969547364	0.5735364998403205	3.571626396396021	0.9062599631655427	3.7007097788207073	0.2890708374217964	2.2227621622026192	6.032333054431357	0.2979896700731018	0.2095411908485894	0.21713576070070378	0.27533337837760496	0.40253102795079987	147.47910343535082	-951.7394146105319	4.5431035559159093E-4	0.8817084828097576	3.8425075059632434E-4	2.4966403100703597E-7	1.0004338407990885
2930000	-9628.434184688498	-8672.53499704095	-955.899187647549	-8507.201230720611	100.6013495163752	1245.3179144719197	0.07971458153259102	0.2993372622879542	0.5606219840609445	1.3936913356103653	0.09446918894914695	1.0083959502059852	2.9757106288516644	0.7516346719224297	4.134488095460361	0.3086868905171748	1.3435194688390584	0.2993372622879542	0.5606219840609445	1.3936913356103653	0.09446918894914695	1.0083959502059852	2.9757106288516644	0.7516346719224297	4.134488095460361	0.3086868905171748	1.3435194688390584	5.748105897407918	0.2979896700731018	0.2095411908485894	0.2130492885644523	0.2794198505138564	0.40253102795079987	150.35788113661076	-940.0646594184742	5.68497610817826E-4	0.9216514731583922	4.5858492821668716E-4	3.108519976675347E-7	1.010200941934569
2940000	-9680.021662374334	-8670.364747246049	-1009.6569151282852	-8504.069589125429	145.29585033943786	1773.8010387603	0.08112385121581162	0.3701814727149891	0.1492524421962132	0.09457876930398189	2.372157434194912	0.5735680942210779	0.7349800345309306	0.33400581528145096	1.7131593016369713	0.061330340634424364	0.34628833807702425	0.3701814727149891	0.1492524421962132	0.09457876930398189	2.372157434194912	0.5735680942210779	0.7349800345309306	0.33400581528145096	1.7131593016369713	0.061330340634424364	0.34628833807702425	5.748105897407918	0.2979896700731018	0.2095411908485894	0.2130492885644523	0.2794198505138564	0.40253102795079987	175.1817160738949	-1000.8037673030847	3.375625517881548E-4	0.767848437595753	2.7468358479236586E-4	1.005728216457177E-7	0.9192238132232777
2950000	-9698.813024556102	-8682.433053309198	-1016.3799712469051	-8512.011082486571	169.55848395890985	1865.1219475158657	0.05621334334572636	0.014284913961981833	0.0015052143409063456	1.260602879670708	0.07724255795293003	1.6473548579142503	1.0470283102376874	0.1328179605947837	3.4142094961956153	0.3464965400153265	0.8345945110491217	0.014284913961981833	0.0015052143409063456	1.260602879670708	0.07724255795293003	1.6473548579142503	1.0470283102376874	0.1328179605947837	3.4142094961956153	0.3464965400153265	0.8345945110491217	6.5428701888018255	0.2979896700731018	0.20974428724897215	0.21599504801908592	0.2762709946588401	0.40253102795079987	183.95928653236695	-1004.2956592632845	3.517657928751381E-4	0.9060658389001249	2.744764758788897E-4	8.527468284951646E-8	0.8722288640271979
2960000	-9740.581196609817	-8670.794154266438	-1069.7870423433794	-8500.90084905241	154.60488159902152	2189.788660734211	0.03724478453602628	0.43081915165752144	0.4040271196765453	0.34344538945631353	1.3698508363480528	0.6651545391648622	0.9659865700803805	0.2789941973625296	3.061726013705562	0.10618900986585797	0.441576526609063	0.43081915165752144	0.4040271196765453	0.34344538945631353	1.3698508363480528	0.6651545391648622	0.9659865700803805	0.2789941973625296	3.061726013705562	0.10618900986585797	0.441576526609063	5.472320970184006	0.2979896700731018	0.20974428724897215	0.21599504801908592	0.2762709946588401	0.40253102795079987	302.19980646588044	-1058.1310904897875	2.881145400946112E-4	0.7541024326392234	2.52041983072439E-4	4.626159328836116E-8	0.7980697915027045
2970000	-9735.66310249578	-8699.87251649208	-1035.7905860037015	-8524.547944277996	128.689967774862	1835.716714112756	0.05983341355838241	0.15536334186899523	0.3762695153021671	0.06200461666378851	3.1524310171805117	1.058730980849813	1.148150259952476	0.5716851777383537	3.433025016934757	0.4545599137243196	0.2321285302494605	0.15536334186899523	0.3762695153021671	0.06200461666378851	3.1524310171805117	1.058730980849813	1.148150259952476	0.5716851777383537	3.433025016934757	0.4545599137243196	0.2321285302494605	5.472320970184006	0.2979896700731018	0.22077677100716497	0.21599504801908592	0.26523851090064726	0.40253102795079987	216.5993775086718	-1022.0091990470374	3.8794473176403385E-4	0.8994113968035147	3.102729778621594E-4	1.1750983039647131E-7	0.9538306206328362
2980000	-9669.206547540663	-8669.901536661118	-999.3050108795452	-8500.853917867613	111.8982247789071	1507.76694240387	0.07171497490381261	0.08788210386066715	0.2117143920489643	0.38417005845488317	0.7729400438732674	0.196477391509648	0.7805597019100939	0.9097026979042012	1.896897842630333	0.22970928733857238	0.6959976221043978	0.08788210386066715	0.2117143920489643	0.38417005845488317	0.7729400438732674	0.196477391509648	0.7805597019100939	0.9097026979042012	1.896897842630333	0.22970928733857238	0.6959976221043978	6.942098257451753	0.2979896700731018	0.22077677100716497	0.2057867076985567	0.27544685122117646	0.5603294945681861	175.0220201925747	-990.2121156064048	4.2371687018710193E-4	0.7803583063908721	3.48010651202162E-4	1.2673006537332498E-7	0.8550811792965601
2990000	-9647.462467711026	-8655.728471981525	-991.7339957295015	-8483.608922790945	93.95043476979588	1431.0819930684993	0.0993711758956991	0.6732962783708257	0.03751171597853703	0.5062281458959884	1.109473737101578	1.50865012508845	0.21849195654167797	0.9867071978493159	4.359396976686539	1.3369101722636805	0.45223513914680713	0.6732962783708257	0.03751171597853703	0.5062281458959884	1.109473737101578	1.50865012508845	0.21849195654167797	0.9867071978493159	4.359396976686539	1.3369101722636805	0.45223513914680713	6.396848665001021	0.2979896700731018	0.22077677100716497	0.2057867076985567	0.27544685122117646	0.5603294945681861	141.73622393785337	-978.0860956498145	4.5070441053267325E-4	0.8465587517269217	3.804968368083262E-4	1.5087661367702836E-7	0.8503727840611862
3000000	-9662.317137442087	-8672.522807580915	-989.7943298611714	-8505.875167866861	91.68798559093271	1364.60058761829	0.052904727624110956	0.990393379295202	0.5702572774739315	0.9241824849865083	0.7357297614980048	1.40063759171181	3.186416675973269	0.5076176253692272	3.362472960700872	0.7440585239118801	0.6758680219502831	0.990393379295202	0.5702572774739315	0.9241824849865083	0.7357297614980048	1.40063759171181	3.186416675973269	0.5076176253692272	3.362472960700872	0.7440585239118801	0.6758680219502831	6.396848665001021	0.30706936230467363	0.20945114172971893	0.19670701546698485	0.2867724804986225	0.5603294945681861	172.7976326046062	-973.0921190352386	4.548680077756632E-4	0.8541778437422134	4.0629088083704134E-4	1.847489268713489E-7	0.9081667686572009
3010000	-9648.495489876537	-8661.723719966933	-986.7717699096041	-8493.72113282387	99.09846421564912	1371.3680844108987	0.06070411126815686	0.0020975122753771874	0.13146771156731787	0.5729421233278099	1.0190151768445412	1.6239066237297521	2.938165581761051	0.6712333259141373	4.924103330962724	0.290984513012614	0.16567518323701041	0.0020975122753771874	0.13146771156731787	0.5729421233278099	1.0190151768445412	1.6239066237297521	2.938165581761051	0.6712333259141373	4.924103330962724	0.290984513012614	0.16567518323701041	6.396848665001021	0.30706936230467363	0.20945114172971893	0.19670701546698485	0.2867724804986225	0.5603294945681861	137.8213339130387	-971.1789299496068	4.675708025346249E-4	0.8700059711250144	4.1519146907987664E-4	2.24732028211788E-7	0.9675597149472837
3020000	-9657.592358879008	-8673.160186515786	-984.4321723632221	-8503.13368685344	102.92278894359649	1411.966182356605	0.07968788786038937	0.542850174418745	0.17184324500995526	0.41269088392600534	0.9614080768070102	0.5711534197399688	1.8557177557874707	0.9148480918685125	2.753156990514233	0.4615160814068849	0.6738893044058406	0.542850174418745	0.17184324500995526	0.41269088392600534	0.9614080768070102	0.5711534197399688	1.8557177557874707	0.9148480918685125	2.753156990514233	0.4615160814068849	0.6738893044058406	6.396848665001021	0.30706936230467363	0.2150779975856075	0.20513049796100935	0.2727221421487094	0.5603294945681861	168.95653774122567	-971.9918956019704	3.839892408902656E-4	0.9561908874351486	3.7853930832477793E-4	2.0231021502800063E-7	1.0898516823595692
3030000	-9659.044249221319	-8672.657334788692	-986.3869144326278	-8500.267172588086	102.80382703013872	1380.8541965978263	0.11179242803599623	0.5845041300163722	0.0372092695829415	0.20635197914358788	0.25814886722504216	0.37171098940432684	0.8458727626979534	2.005578712457942	2.1489494512980163	0.5452766938104631	0.30396380768819836	0.5845041300163722	0.0372092695829415	0.20635197914358788	0.25814886722504216	0.37171098940432684	0.8458727626979534	2.005578712457942	2.1489494512980163	0.5452766938104631	0.30396380768819836	6.396848665001021	0.29169100457432817	0.2150779975856075	0.2205088556913548	0.2727221421487094	0.5603294945681861	166.28117224496677	-976.3209697760088	4.545026345531734E-4	0.9401680008301417	4.0803539275481403E-4	2.582303209800623E-7	1.1003955659763414
3040000	-9666.269917202651	-8673.310502573644	-992.9594146290083	-8502.415097838237	122.33216499309589	1383.9927642704452	0.10737409323277539	0.4776495810017431	0.429979967441899	0.46933935261287235	0.9923875897992619	0.8293581054059476	2.0161095901928707	0.3825955126391382	4.6931260467933065	0.17128707285057557	1.9572855749854596	0.4776495810017431	0.429979967441899	0.46933935261287235	0.9923875897992619	0.8293581054059476	2.0161095901928707	0.3825955126391382	4.6931260467933065	0.17128707285057557	1.9572855749854596	6.396848665001021	0.29169100457432817	0.2150779975856075	0.2205088556913548	0.2727221421487094	0.5603294945681861	168.45319269914285	-978.0284128984497	4.2352618199477973E-4	0.8655016082321365	3.802545863406186E-4	2.4438806145429986E-7	1.1175636164406604
3050000	-9679.531890919177	-8693.173833745455	-986.358057173723	-8524.922333684322	103.14383506605274	1301.4220443894967	0.08247791497368653	0.07365819031843643	0.4228110764159884	0.28149408233470286	3.031462532902527	1.48631361345071	0.9186612564405348	1.9860978262427982	7.683283954867068	1.2368303203286006	0.5659476291226122	0.07365819031843643	0.4228110764159884	0.28149408233470286	3.031462532902527	1.48631361345071	0.9186612564405348	1.9860978262427982	7.683283954867068	1.2368303203286006	0.5659476291226122	6.396848665001021	0.29169100457432817	0.2150779975856075	0.2205088556913548	0.2727221421487094	0.5603294945681861	148.86272223236455	-966.388897030578	4.3404976355932015E-4	0.7300928916490355	4.2205720510919844E-4	2.8216647967706226E-7	1.1398803353766982
3060000	-9608.177310588757	-8672.475151200559	-935.7021593881979	-8500.326071396526	114.46507032060735	1157.1395428850656	0.120631125043157	0.1732287197644061	0.021870527150727525	1.0084751260586284	0.2424571933049414	1.3859814116092137	1.65280632367858	0.6835537549085133	2.3973270149095325	0.20500815415713852	1.297975752611085	0.1732287197644061	0.021870527150727525	1.0084751260586284	0.2424571933049414	1.3859814116092137	1.65280632367858	0.6835537549085133	2.3973270149095325	0.20500815415713852	1.297975752611085	5.56847682257179	0.306890857056933	0.2150779975856075	0.20530900320875	0.2727221421487094	0.5603294945681861	124.90723708687143	-923.9210638205878	5.846230282278948E-4	0.9982332924937796	4.956686599368647E-4	4.3333893570785626E-7	1.1099913593207686
3070000	-9635.358358484345	-8679.085005954585	-956.2733525297609	-8506.375832490388	117.14162191492291	1285.425681160589	0.06706111451892048	0.5725957658104341	0.28404313648789015	0.2514636703726776	0.7063410405109475	1.3275264247706333	0.40552136905631647	0.13255143463198832	1.6714042923700816	0.23795048890651369	0.6651746419933313	0.5725957658104341	0.28404313648789015	0.2514636703726776	0.7063410405109475	1.3275264247706333	0.40552136905631647	0.13255143463198832	1.6714042923700816	0.23795048890651369	0.6651746419933313	7.031005218480183	0.306890857056933	0.2150779975856075	0.20530900320875	0.2727221421487094	0.5603294945681861	133.61656006636852	-946.8918640102765	5.084953024317923E-4	0.8258357217601401	4.373033933052021E-4	2.462796888717666E-7	0.9395434660364063
3080000	-9629.148803443768	-8691.658405856851	-937.4903975869158	-8521.905788877784	98.50794622512191	1158.6037529708167	0.12368510825746615	0.029999352876933606	0.04520270683781664	0.10285180747019494	1.2730769048997697	0.7589409411534	0.33064792799294784	0.5455125302488633	1.847242145994752	0.03434165744109587	0.11378027221172028	0.029999352876933606	0.04520270683781664	0.10285180747019494	1.2730769048997697	0.7589409411534	0.33064792799294784	0.5455125302488633	1.847242145994752	0.03434165744109587	0.11378027221172028	6.0741570183218965	0.306890857056933	0.2150779975856075	0.20530900320875	0.2727221421487094	0.5773590614686394	103.79354729839767	-930.2991749095607	6.132251412860127E-4	0.806457188102768	4.981498399818212E-4	3.607179799322479E-7	1.0106361582430086
3090000	-9627.29737046814	-8689.148997127295	-938.1483733408458	-8527.150145385784	118.93637697069613	1257.8017041759338	0.0715496752250292	0.3337496075182876	0.09585118687416024	0.3895253085291889	0.7402836096431582	0.8239456214758629	0.5220393067918992	0.09602572970685987	2.1874022195380665	0.13681493504473882	0.2895652244315295	0.3337496075182876	0.09585118687416024	0.3895253085291889	0.7402836096431582	0.8239456214758629	0.5220393067918992	0.09602572970685987	2.1874022195380665	0.13681493504473882	0.2895652244315295	6.0741570183218965	0.29605083942376065	0.2150779975856075	0.20530900320875	0.2835621597818817	0.4559971427459934	113.89958563457812	-930.1924731845115	5.517444257032813E-4	0.7348827174854422	4.1207260180613003E-4	2.0626069372897389E-7	0.854438419625783
3100000	-9649.364425884325	-8686.582414754726	-962.7820111295987	-8516.164773084176	114.78243677208185	1319.9486913571259	0.10875652729210414	0.3560548572101605	0.01912630651390715	0.7161325098329914	0.8487032606338106	0.7409677192034962	0.7100749163117953	0.11016208617861467	2.737832152615456	0.15657591995153824	0.2228238095668593	0.3560548572101605	0.01912630651390715	0.7161325098329914	0.8487032606338106	0.7409677192034962	0.7100749163117953	0.11016208617861467	2.737832152615456	0.15657591995153824	0.2228238095668593	6.096308962500857	0.29605083942376065	0.2150779975856075	0.20530900320875	0.2835621597818817	0.4559971427459934	164.85421051091004	-953.8025042103653	4.815521899469157E-4	0.8280199041613026	4.1285626482013757E-4	2.043224019685045E-7	0.9430258245445442
3110000	-9673.082273578764	-8700.236602166124	-972.8456714126403	-8531.68696206072	118.00898467578315	1374.4150683141406	0.05765563948192376	1.383237573668044	0.6147128359167834	1.4112670694013825	0.6563524789945171	2.646241439745918	1.2013728935821668	1.2103251112110476	3.0584444960837645	0.9069417673633606	1.7049842120248169	1.383237573668044	0.6147128359167834	1.4112670694013825	0.6563524789945171	2.646241439745918	1.2013728935821668	1.2103251112110476	3.0584444960837645	0.9069417673633606	1.7049842120248169	7.006051415318262	0.29643145857753916	0.20244357519089523	0.21756280644968373	0.2835621597818817	0.4559971427459934	142.06580679839348	-955.2456468029054	4.4924512598176313E-4	0.7168895506570833	3.7595467729386554E-4	2.0487303827131505E-7	0.9895023011094697
3120000	-9627.144287713581	-8690.928662764816	-936.2156249487649	-8519.52699586912	115.91942773163048	1191.3755439077765	0.10708188495678879	1.0874285788570743	0.3022076923234766	2.3873854941871935	0.003857720348445069	1.521345556592615	0.9971419273968389	2.1464235024647067	6.241220594294287	0.3431128353264116	0.8949245825351085	1.0874285788570743	0.3022076923234766	2.3873854941871935	0.003857720348445069	1.521345556592615	0.9971419273968389	2.1464235024647067	6.241220594294287	0.3431128353264116	0.8949245825351085	5.620055847230453	0.2877135409940555	0.2111614927743789	0.21756280644968373	0.2835621597818817	0.4559971427459934	109.84804750240282	-918.2778495883385	5.380656847668875E-4	0.8505747952965486	4.385609065254594E-4	2.746737898924927E-7	0.9643325180662287
3130000	-9624.552481842939	-8695.991387089813	-928.5610947531262	-8524.36960556718	111.89351732167651	1138.4134997539038	0.14787114805843352	0.13626026161409166	0.020997372671215545	0.020835021956368688	3.0678066245580946	0.7560351175427663	0.7939499062705667	0.10650448131378841	3.758053704487549	0.07787669884120538	0.8564276818057552	0.13626026161409166	0.020997372671215545	0.020835021956368688	3.0678066245580946	0.7560351175427663	0.7939499062705667	0.10650448131378841	3.758053704487549	0.07787669884120538	0.8564276818057552	6.689048297579909	0.2877135409940555	0.2111614927743789	0.21756280644968373	0.2835621597818817	0.4559971427459934	117.50978372209343	-916.509042446947	6.395819551616744E-4	0.916381955952816	5.195997632238275E-4	5.9961620739829E-7	1.129684501525322
3140000	-9614.839367090683	-8686.055515120745	-928.783851969938	-8518.165981724891	173.8664746822217	1361.390890789004	0.09385928573675084	0.21259903452237178	0.4413073908785404	0.5782685371577353	0.5721271112717441	0.689696168768814	0.5468104581727582	0.0046260559280276925	3.6801840548296703	0.28488736235852247	1.2440803815906063	0.21259903452237178	0.4413073908785404	0.5782685371577353	0.5721271112717441	0.689696168768814	0.5468104581727582	0.0046260559280276925	3.6801840548296703	0.28488736235852247	1.2440803815906063	5.549196427957633	0.2984217001067195	0.2111614927743789	0.21756280644968373	0.2728540006692177	0.4559971427459934	101.20741389218601	-918.3128544986145	5.301908629802179E-4	0.904311751766147	4.029081181569664E-4	4.7493508397453395E-7	1.2042089244130516
3150000	-9669.67145174372	-8695.24578070275	-974.4256710409693	-8527.416662020936	148.80679629709945	1505.8051869696098	0.15331265561243368	0.18143898267296824	0.03624084313120275	0.23715335856667066	5.466057726428046	0.4130724473900497	1.5821396260105698	0.7513254745762087	2.356091349371927	0.23617376013735142	1.5597009896054144	0.18143898267296824	0.03624084313120275	0.23715335856667066	5.466057726428046	0.4130724473900497	1.5821396260105698	0.7513254745762087	2.356091349371927	0.23617376013735142	1.5597009896054144	5.549196427957633	0.2984217001067195	0.2111614927743789	0.21756280644968373	0.2728540006692177	0.4559971427459934	138.3844877784187	-960.0981751507886	4.446600012358695E-4	0.7956307651058894	3.6708711157453996E-4	2.204859643925019E-7	0.966133263614604
3160000	-9692.91065470235	-8703.410313939874	-989.5003407624756	-8528.57727568077	154.3310286406725	1588.5153007394792	0.05945623300599069	0.09002482384659687	0.2399476332093664	2.4675569756696825	0.22071778760901947	0.6436186744052247	0.5041668359744297	0.31013200410891156	4.277055033636766	0.9227372904782045	1.164976740534671	0.09002482384659687	0.2399476332093664	2.4675569756696825	0.22071778760901947	0.6436186744052247	0.5041668359744297	0.31013200410891156	4.277055033636766	0.9227372904782045	1.164976740534671	5.549196427957633	0.31063465151492214	0.2111614927743789	0.20432967503737523	0.27387418067332353	0.5938400266072635	173.84488282517603	-975.6896754192702	4.13638379134254E-4	0.8032687508318274	3.405432141197642E-4	1.7369642448745343E-7	0.9746109206837308
3170000	-9643.710223949602	-8685.806639452516	-957.9035844970866	-8511.68493562699	135.69264693299712	1400.5501294206151	0.09834349786107177	0.12043384431159425	0.08659800764998185	0.4900946835599749	0.44879748814953335	0.6432737168560551	1.342103538959523	0.26884688472160395	3.9296906331599186	0.3462600582352745	0.24809484617446384	0.12043384431159425	0.08659800764998185	0.4900946835599749	0.44879748814953335	0.6432737168560551	1.342103538959523	0.26884688472160395	3.9296906331599186	0.3462600582352745	0.24809484617446384	6.099726330715942	0.31063465151492214	0.2111614927743789	0.2164692556366597	0.2617346000740391	0.5938400266072635	136.30574073843343	-947.2103995268101	5.267372122205003E-4	0.9098991968881546	3.830034502889838E-4	3.543307907108087E-7	1.098553246257245
3180000	-9665.056927468826	-8675.032452777461	-990.0244746913656	-8496.020249565241	159.43524087257393	1631.3100332215338	0.09236295096924788	0.4492160932739977	0.06415687364955415	2.745306774790134	0.9847198838601583	0.09959560159980427	1.437049764857668	0.289140996266096	5.433910298105435	0.5733319269311623	1.678493865340984	0.4492160932739977	0.06415687364955415	2.745306774790134	0.9847198838601583	0.09959560159980427	1.437049764857668	0.289140996266096	5.433910298105435	0.5733319269311623	1.678493865340984	6.099726330715942	0.31063465151492214	0.19549180152084603	0.2164692556366597	0.27740429132757194	0.5938400266072635	136.63471567534728	-973.5485099226447	4.2667031314003444E-4	0.9231888881675067	3.436967415627157E-4	2.3335818043092424E-7	1.0724353080631557
3190000	-9688.434212050448	-8687.394446150107	-1001.0397659003402	-8515.83084506791	193.1945244803939	1848.654177339847	0.09841538190008338	0.051638246155693936	0.08025091763191115	0.3924949591042374	0.6486364732924852	0.18388084197436744	1.9522810945449722	0.009014662484531135	2.799026418396264	0.06951836316304967	1.5632998120853407	0.051638246155693936	0.08025091763191115	0.3924949591042374	0.6486364732924852	0.18388084197436744	1.9522810945449722	0.009014662484531135	2.799026418396264	0.06951836316304967	1.5632998120853407	6.850242204684754	0.2939387679773776	0.21218768505839058	0.2164692556366597	0.27740429132757194	0.5938400266072635	183.16156987485576	-990.749445348331	3.836587262602063E-4	0.794189698988042	3.137144480150438E-4	1.9524211532454418E-7	1.0362260602628899
3200000	-9727.387513955304	-8679.756211869035	-1047.6313020862697	-8513.44211403489	159.9343139892718	2076.2483441604354	0.05074292250645235	0.4379532546571186	0.2486025077230904	0.13285890782303145	0.3985571254014752	1.1413494644845181	0.4496342197768459	0.8738699713569943	3.2732182158259424	0.340792369858269	1.4567398145286572	0.4379532546571186	0.2486025077230904	0.13285890782303145	0.3985571254014752	1.1413494644845181	0.4496342197768459	0.8738699713569943	3.2732182158259424	0.340792369858269	1.4567398145286572	6.056367244163193	0.28704626745476397	0.21218768505839058	0.2164692556366597	0.2842967918501856	0.4361824230221249	226.965420820516	-1036.1344968154083	3.0777599919021547E-4	0.6754862470072677	2.6992589270728414E-4	1.6646399545032047E-7	1.1771973613851947
3210000	-9701.450772853297	-8693.868886884833	-1007.5818859684641	-8532.419623363941	157.91929451445708	1819.2940880220444	0.07123190211854313	0.08641943411180439	0.017733276798144654	0.3585345434970181	0.6684558634150323	1.1800664701354575	0.7014359804054398	0.49383155960149555	1.4022038653146751	0.24283673077547277	0.53374268668574	0.08641943411180439	0.017733276798144654	0.3585345434970181	0.6684558634150323	1.1800664701354575	0.7014359804054398	0.49383155960149555	1.4022038653146751	0.24283673077547277	0.53374268668574	6.6649828655843715	0.28704626745476397	0.21218768505839058	0.2164692556366597	0.2842967918501856	0.4361824230221249	169.55706603294738	-999.1471700228446	3.944796691239917E-4	0.8159740688024497	3.1925476532310127E-4	1.7070635748489057E-7	1.025643726422397
3220000	-9684.678542371708	-8681.054187790793	-1003.6243545809159	-8520.088591753323	116.35267815833188	1644.3046660504822	0.04795055054526355	0.19205803974806615	8.519225299594723E-4	0.6165317817778818	0.04228478292674172	0.48793012076579817	1.0054384775427014	0.6811272149114247	3.4247466180117128	0.4953516047836777	0.39634812241496875	0.19205803974806615	8.519225299594723E-4	0.6165317817778818	0.04228478292674172	0.48793012076579817	1.0054384775427014	0.6811272149114247	3.4247466180117128	0.4953516047836777	0.39634812241496875	5.586565006513671	0.28704626745476397	0.21218768505839058	0.2164692556366597	0.2842967918501856	0.4361824230221249	188.02624068581093	-993.8192085416329	3.9339296090809816E-4	0.6029933430832618	3.5850031669569976E-4	8.23906174236202E-8	0.7069445868640994
3230000	-9692.167904715947	-8699.673990824933	-992.493913891014	-8531.977805178482	96.09144033035193	1447.1966634103687	0.10514515962894619	0.025773451669352892	0.018633920862766173	0.13175407005439704	1.2096637733112974	0.3900787838724626	0.785969892276525	0.1703211777777069	1.8369224619468367	0.051537179869397286	0.05883860563686254	0.025773451669352892	0.018633920862766173	0.13175407005439704	1.2096637733112974	0.3900787838724626	0.785969892276525	0.1703211777777069	1.8369224619468367	0.051537179869397286	0.05883860563686254	5.586565006513671	0.28704626745476397	0.21218768505839058	0.2164692556366597	0.2842967918501856	0.5520417334005135	151.57286943123435	-985.9851765448825	4.0319751619011983E-4	0.7518701256171808	4.1385313384717255E-4	9.098724242453947E-8	0.7197456240921869
3240000	-9681.067488287821	-8665.46201119465	-1015.6054770931717	-8503.36574976314	103.47047609863435	1574.648906011575	0.05239491744416373	0.00865965724263606	0.016741170631390984	0.3630176469775827	0.5845864161225115	0.8294543833172942	0.15401675185552063	0.36629649918744184	3.8695522740252315	0.11963785791820782	0.6639191122258172	0.00865965724263606	0.016741170631390984	0.3630176469775827	0.5845864161225115	0.8294543833172942	0.15401675185552063	0.36629649918744184	3.8695522740252315	0.11963785791820782	0.6639191122258172	6.062361234522709	0.28704626745476397	0.21218768505839058	0.20978289571326514	0.29098315177358014	0.5520417334005135	189.50667962935742	-1005.6139102351302	3.4988947325031945E-4	0.7592946108299351	3.4874212665612843E-4	1.1826950728341836E-7	0.9641062421807793
3250000	-9658.362096494424	-8681.302497430184	-977.0595990642387	-8515.06958536675	116.27894941398738	1408.450301231945	0.08491676283349968	0.11334303749977914	0.07269061234578293	0.8199526205761061	0.7013830246396602	0.6838104840401776	0.7395396682630379	0.5926657002671487	3.2163232074893515	0.22614033508063938	1.542350194100204	0.11334303749977914	0.07269061234578293	0.8199526205761061	0.7013830246396602	0.6838104840401776	0.7395396682630379	0.5926657002671487	3.2163232074893515	0.22614033508063938	1.542350194100204	7.215326328090382	0.28704626745476397	0.21218768505839058	0.20978289571326514	0.29098315177358014	0.5520417334005135	121.35325536501591	-965.7111724369199	4.6013204298511756E-4	0.8277425321627445	4.1982826462629485E-4	2.206018153734778E-7	0.9360770066690156
3260000	-9658.31945468337	-8673.920049383529	-984.3994052998404	-8504.55389693321	137.01055599825148	1532.9585754104742	0.07801573191777739	0.4251817101115586	0.25117617319354996	0.2182654656948787	0.7563457923399934	1.7289905979313223	1.4795573510280788	0.2738487594981317	3.2709837357174023	0.8842427331347673	0.1812728071238958	0.4251817101115586	0.25117617319354996	0.2182654656948787	0.7563457923399934	1.7289905979313223	1.4795573510280788	0.2738487594981317	3.2709837357174023	0.8842427331347673	0.1812728071238958	7.215326328090382	0.30067607784763367	0.21218768505839058	0.19615308532039544	0.29098315177358014	0.5520417334005135	165.15247287322023	-971.8524909409691	4.4150616403359875E-4	0.8283391134726537	3.6503639733105294E-4	1.331105108314641E-7	0.8237803171822278
3270000	-9696.81743052046	-8704.632610298733	-992.1848202217266	-8526.5755010258	124.85144498711864	1531.9376275016232	0.1061123365221163	0.07442852450574407	0.10042217094082359	1.8824667632626737	0.6352478179145988	0.5200963080729994	1.3878088326919835	0.9899439609742273	2.4581113882010426	0.1530428600394689	0.4552518014041475	0.07442852450574407	0.10042217094082359	1.8824667632626737	0.6352478179145988	0.5200963080729994	1.3878088326919835	0.9899439609742273	2.4581113882010426	0.1530428600394689	0.4552518014041475	5.648746530284735	0.30067607784763367	0.21218768505839058	0.19615308532039544	0.29098315177358014	0.5520417334005135	147.1149001682965	-981.4625220603234	4.4873027078214914E-4	0.7744098185034882	3.6188664433872133E-4	1.3213895707041853E-7	0.8294907331815228
3280000	-9693.17257368657	-8715.081659197851	-978.0909144887197	-8530.827171101604	167.18730166545834	1616.3037054941453	0.08095889111128335	0.1421868157460584	0.31824151025116226	0.10892553933078344	0.2948503866638934	0.3808300846065671	0.45939032692113085	0.9965829540989904	3.2358194752429275	0.0362626886448496	0.026036451075058534	0.1421868157460584	0.31824151025116226	0.10892553933078344	0.2948503866638934	0.3808300846065671	0.45939032692113085	0.9965829540989904	3.2358194752429275	0.0362626886448496	0.026036451075058534	5.648746530284735	0.30067607784763367	0.21218768505839058	0.19615308532039544	0.29098315177358014	0.5520417334005135	166.3902476391561	-969.3020058776464	4.087663176981534E-4	0.8926014522893525	3.057589737594772E-4	1.6712176268635126E-7	1.0203861246064858
3290000	-9664.85202414581	-8688.113313110798	-976.7387110350116	-8522.314907659944	157.54956886338283	1489.9906169778644	0.20337892111135203	1.392164536408403	0.07514211116123913	0.7161499187659287	3.4303292816187376	0.5165859857824352	2.4982141387144	0.33526710900177753	1.5378514071732254	0.04071313075103735	0.3137415313202209	1.392164536408403	0.07514211116123913	0.7161499187659287	3.4303292816187376	0.5165859857824352	2.4982141387144	0.33526710900177753	1.5378514071732254	0.04071313075103735	0.3137415313202209	6.8502356886667535	0.2886758735517156	0.20918195773576445	0.2196167271488348	0.282525441563685	0.5520417334005135	152.3013116926487	-963.6253216283905	5.11390025526814E-4	0.8922484581367757	3.7291414756907E-4	1.912892653342558E-7	0.9003634787739081
3300000	-9657.436299405443	-8694.102386430939	-963.3339129745036	-8521.645679154006	157.37434131992526	1404.5538188769183	0.11120105810690063	2.0421200185540584	0.06351211892908637	0.2951810584412731	1.3133762929286203	0.8373669039732492	1.8452767836837805	1.1552667162576866	5.948625113301109	0.18123028772480762	0.42989221062770744	2.0421200185540584	0.06351211892908637	0.2951810584412731	1.3133762929286203	0.8373669039732492	1.8452767836837805	1.1552667162576866	5.948625113301109	0.18123028772480762	0.42989221062770744	6.8502356886667535	0.2951866452923185	0.22453992442221318	0.20425876046238606	0.2760146698230821	0.43344501581557454	140.6774035092641	-946.2830063295322	5.820714825214518E-4	0.957535637438083	3.9814241415991566E-4	2.187134060155683E-7	0.9313085661155417
3310000	-9642.462929262061	-8692.419433128427	-950.0434961336333	-8523.754104277365	155.15047748627916	1392.176685887965	0.10500305821875895	0.015463648349877701	0.12945761375559278	1.2273338944400298	2.6405236730320083	1.2733206102545638	0.3652687307496593	0.07146512945119551	1.6937828394626144	0.0058045842194719005	0.22039219079885475	0.015463648349877701	0.12945761375559278	1.2273338944400298	2.6405236730320083	1.2733206102545638	0.3652687307496593	0.07146512945119551	1.6937828394626144	0.0058045842194719005	0.22039219079885475	6.8502356886667535	0.2951866452923185	0.22453992442221318	0.20425876046238606	0.2760146698230821	0.43344501581557454	124.58218140040701	-940.0174629243714	5.57831035938915E-4	0.816388492738317	3.8262756964679086E-4	3.0483726438419863E-7	1.0747789523469327
3320000	-9635.790857137808	-8680.874761973379	-954.9160951644299	-8515.204684802216	142.0486966051069	1326.5038165309961	0.11166370696524032	0.05843251518801817	0.01682760036511538	1.1852171692013789	0.03276060745784517	0.7517685084025465	0.46711400499973077	0.1406054622546264	3.8555693781574236	0.18742723282233525	0.5302895853864884	0.05843251518801817	0.01682760036511538	1.1852171692013789	0.03276060745784517	0.7517685084025465	0.46711400499973077	0.1406054622546264	3.8555693781574236	0.18742723282233525	0.5302895853864884	6.8502356886667535	0.2951866452923185	0.21863026451646134	0.20425876046238606	0.2819243297288339	0.43344501581557454	143.01100841505308	-945.1127670621443	5.330741467827276E-4	0.8665838888042056	4.1065616991832504E-4	2.434950825393131E-7	0.9813522157938729
3330000	-9668.611111259668	-8689.437025082174	-979.174086177495	-8526.332075653669	209.43151086734454	1485.1859080018971	0.11621995994454654	2.9369370489063775	0.2960641435109986	0.17069022438028955	0.6493031206588737	0.15909759217210118	4.2591746187912465	0.32141386542918926	5.2197773479418625	0.30061495131883936	1.0081117048487322	2.9369370489063775	0.2960641435109986	0.17069022438028955	0.6493031206588737	0.15909759217210118	4.2591746187912465	0.32141386542918926	5.2197773479418625	0.30061495131883936	1.0081117048487322	5.738253351757525	0.28497811395889366	0.20621896517749477	0.22687859113477743	0.2819243297288339	0.43344501581557454	136.260619023229	-961.5707157114053	4.927596714098807E-4	0.9268935722464423	3.639096242607368E-4	1.9516713619477637E-7	0.977984502051519
3340000	-9713.740032174188	-8683.680503010422	-1030.0595291637665	-8512.920046356112	190.2376341308846	1805.8839321012513	0.05899055074649667	1.086931808664458	0.1129691962213432	0.29793115699827133	0.20853613005866936	0.31896268502239106	3.067999943849552	0.8629191227213059	5.697157882032809	0.9320586997348789	0.5440359212213705	1.086931808664458	0.1129691962213432	0.29793115699827133	0.20853613005866936	0.31896268502239106	3.067999943849552	0.8629191227213059	5.697157882032809	0.9320586997348789	0.5440359212213705	5.961701936162178	0.28497811395889366	0.21700717141854642	0.2019559049720131	0.2960588096505466	0.43344501581557454	211.73805131879064	-1013.4599400640569	4.262678377435008E-4	0.9110403290189718	3.2741847773922606E-4	2.2037523285823134E-7	1.1080363637687924
3350000	-9684.781416941307	-8699.459148746284	-985.3222681950224	-8530.637925932986	236.87006764421432	1719.5493597334557	0.08379530550497884	0.9160285740061043	0.14083823517428948	0.5949617972888729	0.6387385543043733	1.3480815105671924	2.3392983200606343	1.6019652485155795	3.013989092303321	0.1457980603104239	0.8246012801715327	0.9160285740061043	0.14083823517428948	0.5949617972888729	0.6387385543043733	1.3480815105671924	2.3392983200606343	1.6019652485155795	3.013989092303321	0.1457980603104239	0.8246012801715327	5.961701936162178	0.28497811395889366	0.21700717141854642	0.2019559049720131	0.2960588096505466	0.4068100168641545	160.7764967385048	-971.0341453290674	4.4430191739027586E-4	0.9065329066013649	3.120491976663122E-4	2.4793138153319184E-7	1.1415919879734637
3360000	-9672.221662260245	-8707.311990307506	-964.9096719527396	-8534.171389553254	166.91450202602778	1427.7457642652435	0.10433146540508835	1.04820277674015	0.5301521943070171	0.2511058752354414	3.5262753018509843	0.6686000203111921	2.074244941464644	1.173046103140519	3.9905918019710453	0.13049627838834918	0.43314316995664004	1.04820277674015	0.5301521943070171	0.2511058752354414	3.5262753018509843	0.6686000203111921	2.074244941464644	1.173046103140519	3.9905918019710453	0.13049627838834918	0.43314316995664004	5.348363552215283	0.30189768930093275	0.21700717141854642	0.2176243894540658	0.26347074982645485	0.3752158527690676	154.78746448279335	-948.7718648490819	5.291455723458247E-4	0.8845315314335072	3.7309202171128983E-4	3.0800937473186465E-7	1.1327580458235131
3370000	-9681.927666063508	-8713.865387311376	-968.0622787521322	-8539.56012233726	162.6373319239467	1478.5864115214888	0.09206950788263685	0.925070610449358	0.20434595137694817	0.4191802393781427	2.424742607011345	1.1965752098456233	0.15001049675214245	0.011125826771119023	1.4877546057398683	0.16778177859285007	0.794135803937617	0.925070610449358	0.20434595137694817	0.4191802393781427	2.424742607011345	1.1965752098456233	0.15001049675214245	0.011125826771119023	1.4877546057398683	0.16778177859285007	0.794135803937617	5.348363552215283	0.2945220956446455	0.21700717141854642	0.2176243894540658	0.2708463434827421	0.3752158527690676	150.72774591976977	-958.2016468511895	4.8730985885763275E-4	0.8068209802168016	3.8115044615706775E-4	2.4341151067010323E-7	0.9926065897055283
3380000	-9669.655401481603	-8691.119311456509	-978.5360900250935	-8524.195421752356	192.85430923091724	1622.6279498279391	0.08563759260805204	0.39113287997316104	0.07104657677272166	0.7133386230377544	1.5869282883710956	0.5392341145236569	1.2595117361170114	0.3661762004483285	2.377900393825768	0.13413424133899782	0.5690729154615882	0.39113287997316104	0.07104657677272166	0.7133386230377544	1.5869282883710956	0.5392341145236569	1.2595117361170114	0.3661762004483285	2.377900393825768	0.13413424133899782	0.5690729154615882	6.726518908578036	0.3076499082440944	0.21700717141854642	0.2044965768546169	0.2708463434827421	0.3752158527690676	143.74933713117628	-967.5953528390181	4.874989272867106E-4	0.9377126503570204	3.5704272475309E-4	2.1563283937630805E-7	0.9805023579809923
3390000	-9626.378915789664	-8681.424073079894	-944.9548427097706	-8518.933997264676	123.17066749166908	1282.320780881537	0.08560113838803264	0.22438779874798775	0.15128726910827975	0.34134518931188573	0.23132018499220747	0.16386696103176918	1.1582882959078447	0.12740852162351401	2.7339165996397115	0.5213745624065343	0.0099728339564944	0.22438779874798775	0.15128726910827975	0.34134518931188573	0.23132018499220747	0.16386696103176918	1.1582882959078447	0.12740852162351401	2.7339165996397115	0.5213745624065343	0.0099728339564944	6.726518908578036	0.3076499082440944	0.1994395012791574	0.2044965768546169	0.28841401362213115	0.3752158527690676	127.46872133528515	-935.8786295746214	6.164088664351276E-4	1.0206222323647183	4.627126267231865E-4	3.8400203228158923E-7	1.0275565738097276
3400000	-9663.454529119299	-8700.973059990185	-962.4814691291148	-8533.347608889459	177.38362735187343	1509.1477158217645	0.10092170959389318	0.7812571485085053	0.30089065676743293	1.1871087938269473	0.6763810780586977	1.4919347775855232	3.5971634653005076	0.80179548443464	3.092166827624433	0.2650176091245828	0.6028677940108601	0.7812571485085053	0.30089065676743293	1.1871087938269473	0.6763810780586977	1.4919347775855232	3.5971634653005076	0.80179548443464	3.092166827624433	0.2650176091245828	0.6028677940108601	6.726518908578036	0.3076499082440944	0.1994395012791574	0.2044965768546169	0.28841401362213115	0.3752158527690676	140.1721340412892	-946.3542389999266	5.87148238724816E-4	1.0454758086536866	3.947930659860876E-4	3.2918146152379744E-7	1.0092835401323645
3410000	-9626.90746703022	-8687.603773774254	-939.3036932559666	-8517.41995530841	118.69383549270296	1235.194427087036	0.08802449111931254	0.07505485480024122	0.8890083487061444	0.6461359631625891	0.347347709355893	1.1332158174458657	0.3538529082263351	0.7876727448776868	3.8567437570600207	1.2637301982165574	2.2374685231604023	0.07505485480024122	0.8890083487061444	0.6461359631625891	0.347347709355893	1.1332158174458657	0.3538529082263351	0.7876727448776868	3.8567437570600207	1.2637301982165574	2.2374685231604023	6.726518908578036	0.3076499082440944	0.1994395012791574	0.2044965768546169	0.28841401362213115	0.6048989426456127	118.15535671697943	-924.2540383901535	6.523174149637454E-4	0.9720789229080931	4.894397109566836E-4	3.682552030229528E-7	0.9892109050911457
3420000	-9638.842989696985	-8683.433158067568	-955.409831629416	-8516.300960904835	167.88390631311512	1441.0985988421635	0.09718049592643699	1.334557315151147	0.5451392525826592	0.0867419540381923	0.34567552447327465	0.6086072288574746	1.54258288042211	1.022935359757606	4.221846479663034	0.7505093431627492	0.02670998680554971	1.334557315151147	0.5451392525826592	0.0867419540381923	0.34567552447327465	0.6086072288574746	1.54258288042211	1.022935359757606	4.221846479663034	0.7505093431627492	0.02670998680554971	6.305292745123507	0.3076499082440944	0.1994395012791574	0.21925457995087494	0.2736560105258731	0.6048989426456127	135.57478153066265	-941.8230058671146	5.857321445581071E-4	0.9440960222672665	3.823952521477676E-4	3.6020962600618126E-7	1.0606389181860405
3430000	-9647.75554669658	-8690.434483281831	-957.3210634147489	-8515.80097943593	140.5275220530557	1376.1675450233972	0.13350087450855055	0.0971401464958292	0.03303965900203938	0.6740161607173628	4.625904502972085	1.9424151795154396	2.0802236280518707	0.7766891253583575	2.9142398286375952	0.22590843924188736	0.5222681907881704	0.0971401464958292	0.03303965900203938	0.6740161607173628	4.625904502972085	1.9424151795154396	2.0802236280518707	0.7766891253583575	2.9142398286375952	0.22590843924188736	0.5222681907881704	7.197594138810823	0.3076499082440944	0.19167601379236152	0.22701806743767083	0.2736560105258731	0.6048989426456127	109.36021246016324	-940.8682132390271	5.810536713605674E-4	0.8761291913605572	3.9748309409107425E-4	2.935529772606134E-7	0.9992858667038756
3440000	-9687.958379136067	-8714.011378582632	-973.9470005534349	-8537.649433774815	147.15490144750675	1451.898322864199	0.06941955597666356	0.9343964827965583	0.4162105392486461	0.4237250198499571	0.05364930446790061	0.5645753846116538	2.439180078834585	1.2832494483292058	5.697462825846145	1.1182644962597468	0.27443774523198805	0.9343964827965583	0.4162105392486461	0.4237250198499571	0.05364930446790061	0.5645753846116538	2.439180078834585	1.2832494483292058	5.697462825846145	1.1182644962597468	0.27443774523198805	6.2733047444241805	0.3076499082440944	0.19167601379236152	0.22701806743767083	0.2736560105258731	0.6048989426456127	139.5340989877189	-957.6965347276797	4.736891881995133E-4	0.8596292368894597	3.645429787875637E-4	1.8317801353623961E-7	0.9425058528818404
3450000	-9683.9909411951	-8699.21333540323	-984.7776057918693	-8531.850061571016	126.8541648546701	1531.8424099868764	0.0727018555707455	0.8610213324628988	0.010984616178407534	0.34086101611959563	0.366625360168581	0.35479311179084155	0.34270233795295213	0.02943889262282432	2.48804067840581	0.0254112606746207	0.6456556755534985	0.8610213324628988	0.010984616178407534	0.34086101611959563	0.366625360168581	0.35479311179084155	0.34270233795295213	0.02943889262282432	2.48804067840581	0.0254112606746207	0.6456556755534985	6.2733047444241805	0.3076499082440944	0.19167601379236152	0.22701806743767083	0.2736560105258731	0.34751795065056396	159.0588870165322	-977.2291462776626	4.1065136952535915E-4	0.6627546780206174	3.188367469586789E-4	1.4414698625622083E-7	0.9523623932743329
3460000	-9676.421106885562	-8680.779511521598	-995.641595363965	-8512.877054747078	149.2073830819864	1631.2788771321802	0.09059673784953824	0.02787711188634011	0.24431801870723058	0.1668090443580617	0.7828170021154819	0.11576486184637631	2.4105329205486403	0.09700964599295558	4.462342323836809	0.20150367246557346	0.05934776569968675	0.02787711188634011	0.24431801870723058	0.1668090443580617	0.7828170021154819	0.11576486184637631	2.4105329205486403	0.09700964599295558	4.462342323836809	0.20150367246557346	0.05934776569968675	7.381293553814438	0.3076499082440944	0.19167601379236152	0.22701806743767083	0.2736560105258731	0.5599214644205126	181.6367754995995	-984.3318550935448	4.1383780708620154E-4	0.761542958252984	3.372332617863466E-4	1.2086750172377733E-7	0.8340143372781965
3470000	-9635.886795932009	-8668.094698890345	-967.7920970416641	-8511.004718602033	120.28061849473416	1387.1635840198442	0.09336795289715603	0.36892785024682756	0.19313513260087298	0.618430201645306	0.14075816860263393	0.4296996867812769	3.991133266203922	0.6612771534823897	5.5451969096418265	0.44212688711650366	0.5109370267265111	0.36892785024682756	0.19313513260087298	0.618430201645306	0.14075816860263393	0.4296996867812769	3.991133266203922	0.6612771534823897	5.5451969096418265	0.44212688711650366	0.5109370267265111	6.843904133532083	0.2903544728043976	0.2105712092957736	0.22701806743767083	0.2720562504621578	0.5599214644205126	131.66092536538525	-952.2070392489956	5.433069395774005E-4	0.8325532854534452	4.012816908936126E-4	3.094600094487146E-7	1.0724592267433724
3480000	-9682.753810896866	-8696.270674290308	-986.4831366065578	-8520.327286719908	130.91201735106904	1617.4759857801973	0.08903843580217422	0.14546635425240634	1.0332433923789384	0.4884068462113343	0.21298166851681835	1.3458361663883112	0.887890779054135	1.2251126556640217	5.452437367517372	1.2419974384385388	0.4637329423865749	0.14546635425240634	1.0332433923789384	0.4884068462113343	0.21298166851681835	1.3458361663883112	0.887890779054135	1.2251126556640217	5.452437367517372	1.2419974384385388	0.4637329423865749	6.843904133532083	0.2903544728043976	0.2105712092957736	0.22701806743767083	0.2720562504621578	0.5599214644205126	148.99739692010982	-971.1582263657383	4.3370520645012305E-4	0.8979755257388524	3.4448646754963255E-4	1.7836836374993525E-7	0.990914845099282
3490000	-9648.918318976539	-8690.137091947236	-958.7812270293043	-8520.521028641997	105.82734984053062	1301.4696796136113	0.08755057375063516	1.2064885039134827	0.018962951238033016	0.3576222262365214	0.43824161742694095	0.21651103387987547	2.7962750441140054	0.01778774662097501	3.9703660022459943	0.2615197918788524	1.1169954990952733	1.2064885039134827	0.018962951238033016	0.3576222262365214	0.43824161742694095	0.21651103387987547	2.7962750441140054	0.01778774662097501	3.9703660022459943	0.2615197918788524	1.1169954990952733	6.835017496353209	0.2903544728043976	0.2105712092957736	0.22701806743767083	0.2720562504621578	0.5599214644205126	134.76500285637462	-945.6049851665074	5.454344863460351E-4	0.8295197634305997	4.275377021881844E-4	3.019022389641377E-7	0.9860531581061706
3500000	-9663.713943550089	-8678.024281192425	-985.6896623576631	-8507.578514251407	110.23118450436459	1422.4119970010242	0.11384125051852181	0.16373313149991484	0.10151414784990868	0.15607759602316376	1.6469720695455792	0.1120741092139557	0.7519138320114057	0.25106091092422933	1.666011872663817	0.2047413270475416	1.0698142892821638	0.16373313149991484	0.10151414784990868	0.15607759602316376	1.6469720695455792	0.1120741092139557	0.7519138320114057	0.25106091092422933	1.666011872663817	0.2047413270475416	1.0698142892821638	5.207392038726242	0.2903544728043976	0.2105712092957736	0.21671170097376546	0.2823626169260632	0.41121626406862727	146.644636163084	-977.9545860272889	4.088227426156844E-4	0.7900535175722866	3.675848214731634E-4	1.313142481086663E-7	0.8691332867360981
3510000	-9665.764803135547	-8679.595912932726	-986.1688902028222	-8509.87080148447	131.72308762535064	1549.6923785009851	0.10284550037145268	0.19818046124356836	0.08456692419257845	1.0253790094426036	2.970187899233893	0.12658133943095518	1.2005331434132411	0.0097830641057483	3.0594222815205354	0.2586486307684526	0.2103102579456971	0.19818046124356836	0.08456692419257845	1.0253790094426036	2.970187899233893	0.12658133943095518	1.2005331434132411	0.0097830641057483	3.0594222815205354	0.2586486307684526	0.2103102579456971	6.531661320267552	0.2903544728043976	0.2105712092957736	0.20391619306860714	0.2951581248312215	0.5895205112453517	158.10573328851788	-974.7225897070482	4.2200557198872107E-4	0.7632957057678044	3.5759211146324966E-4	1.8538055862554479E-7	0.9550621224332794
3520000	-9659.655580354542	-8671.137251640088	-988.5183287144542	-8498.701751194129	200.0686959602796	1690.2473727189954	0.06697378610447516	0.055336341397625124	0.49405299513230433	0.294793777572897	0.27934487129224467	0.7214543383959291	1.176283427297564	0.7418849362161487	1.6709749536606573	0.2822023266761656	0.4929437249809382	0.055336341397625124	0.49405299513230433	0.294793777572897	0.27934487129224467	0.7214543383959291	1.176283427297564	0.7418849362161487	1.6709749536606573	0.2822023266761656	0.4929437249809382	5.817717029105586	0.2903544728043976	0.2105712092957736	0.20391619306860714	0.2951581248312215	0.5895205112453517	167.86741426646822	-979.2880163943204	4.678583541945845E-4	0.8273136620104016	3.4626868767955024E-4	2.3204954108048567E-7	0.9893409602612366
3530000	-9648.576172542025	-8672.332415637338	-976.2437569046876	-8505.132799803783	155.06013281204173	1427.26325655995	0.09210824959689556	0.14181039208922466	0.113375695626186	1.0175392278419022	1.9743581512882198	0.6074637450763758	3.2094112821195315	0.3798843361616834	2.6937993660638924	0.13072226887863905	0.5791788657858585	0.14181039208922466	0.113375695626186	1.0175392278419022	1.9743581512882198	0.6074637450763758	3.2094112821195315	0.3798843361616834	2.6937993660638924	0.13072226887863905	0.5791788657858585	6.584228843260972	0.2994056545030589	0.20152002759711227	0.20391619306860714	0.2951581248312215	0.5895205112453517	157.01856520280546	-962.5087908452765	4.8114265057495816E-4	0.8523703397721343	3.9797078114965054E-4	2.045723818905918E-7	0.9387148849208663
3540000	-9649.499616447769	-8670.480986096067	-979.0186303517029	-8501.487433248034	116.86542250552607	1374.4001195597389	0.10706945497414086	1.5962387763398234	0.029415905768704263	0.4572650686020698	1.3147362375443943	1.9686325721850098	2.647752286751513	0.4234170971759537	4.420255573731023	0.3626556142076823	0.030374650516346385	1.5962387763398234	0.029415905768704263	0.4572650686020698	1.3147362375443943	1.9686325721850098	2.647752286751513	0.4234170971759537	4.420255573731023	0.3626556142076823	0.030374650516346385	5.968263615558281	0.2994056545030589	0.20152002759711227	0.21347167035180606	0.2856026475480226	0.47367425512395106	172.9026886928193	-963.2552983555946	4.8409047414973153E-4	0.8510522724751161	4.1003834418533046E-4	2.524209671249447E-7	1.0295657061491035
3550000	-9655.104848502378	-8686.339655036161	-968.7651934662164	-8520.40226007818	110.62370831014242	1295.6367894135713	0.05823957915960268	0.5106168309046262	0.08012434003878317	0.979815483067831	0.12401108665103641	1.0259695156640523	0.7060742817526171	0.7411993478282477	3.176008079263779	0.13579190015890297	1.2897641333317829	0.5106168309046262	0.08012434003878317	0.979815483067831	0.12401108665103641	1.0259695156640523	0.7060742817526171	0.7411993478282477	3.176008079263779	0.13579190015890297	1.2897641333317829	6.124809168942152	0.2994056545030589	0.20152002759711227	0.21347167035180606	0.2856026475480226	0.47367425512395106	146.11013981291666	-957.2034155216378	4.377891670516102E-4	0.7698391246195191	3.9441380223479143E-4	1.5301345515692398E-7	0.8626796093608038
3560000	-9607.317647139833	-8683.779501814584	-923.5381453252476	-8517.499725999729	91.39213443318103	1058.8534044914272	0.11539810232649216	0.6920924682280786	0.2433172703798228	0.5679389764841938	0.30873217233452016	0.5025013262919092	2.346028630343089	0.3936026671563391	4.612153470871517	0.1962882371381793	0.810388962899625	0.6920924682280786	0.2433172703798228	0.5679389764841938	0.30873217233452016	0.5025013262919092	2.346028630343089	0.3936026671563391	4.612153470871517	0.1962882371381793	0.810388962899625	6.012903428858562	0.2994056545030589	0.20152002759711227	0.21347167035180606	0.2856026475480226	0.596441837860892	123.58371024761136	-910.4512050926219	6.276610541605604E-4	0.8102318672302491	5.17825843541888E-4	3.5526508154445486E-7	0.9372467094086535
3570000	-9679.276267270976	-8697.10433009302	-982.1719371779564	-8533.723887491578	116.56869481940792	1428.5303175841027	0.07476863967529274	0.12601428083445035	0.019850925515964214	0.593932375796989	0.004278592027133195	0.30108503439166684	0.6659116713114714	0.4740711596309316	2.809184034551648	0.13991396537064965	0.23235114728737277	0.12601428083445035	0.019850925515964214	0.593932375796989	0.004278592027133195	0.30108503439166684	0.6659116713114714	0.4740711596309316	2.809184034551648	0.13991396537064965	0.23235114728737277	6.913438337643308	0.2994056545030589	0.21361349707505198	0.20720590784992615	0.27977494057196284	0.4581818913346226	157.54750705256083	-974.3663454907942	4.230708950853814E-4	0.7077586075046783	3.677204528902116E-4	1.0871648457928117E-7	0.8200044460209469
3580000	-9665.957487158428	-8696.022600612463	-969.9348865459659	-8526.054643980304	91.63325807463589	1273.0427875739995	0.061756097015306086	0.5461430659819296	0.2762804019326236	0.5226707551376982	0.22264553209480945	1.3558921377357027	0.22407893008749613	2.043713946757901	4.642178141785833	0.5438534664054632	0.8223943244386692	0.5461430659819296	0.2762804019326236	0.5226707551376982	0.22264553209480945	1.3558921377357027	0.22407893008749613	2.043713946757901	4.642178141785833	0.5438534664054632	0.8223943244386692	6.913438337643308	0.2994056545030589	0.21361349707505198	0.20720590784992615	0.27977494057196284	0.36800172834648354	142.09159699238162	-955.5644507573767	4.800421731081323E-4	0.8760803885708259	4.321850041692736E-4	1.4258171765608489E-7	0.7785350461396838
3590000	-9590.725768389013	-8671.286518642657	-919.4392497463564	-8502.85640554638	71.79732307812213	1028.6141082835911	0.10758115565846686	0.5148999191860123	0.05214747802603654	0.08932480168568918	0.7183122306237246	0.3838280477457978	1.0520612635593882	0.8239490586150233	3.2778426200497073	0.3622306134837386	0.4144262097259678	0.5148999191860123	0.05214747802603654	0.08932480168568918	0.7183122306237246	0.3838280477457978	1.0520612635593882	0.8239490586150233	3.2778426200497073	0.3622306134837386	0.4144262097259678	6.291123149717141	0.2994056545030589	0.21361349707505198	0.20720590784992615	0.27977494057196284	0.5388080215361261	99.94322810748305	-908.6902099374236	7.024097134229334E-4	1.015640826176437	6.042424019997421E-4	2.2805266828412367E-7	0.7021545326590087
3600000	-9611.437941255515	-8688.11889775267	-923.3190435028444	-8524.141433884226	84.30797758427016	1085.7921907675025	0.1155121975622414	0.9419172951702584	0.05516234676656541	0.1814325442431398	0.4747995546028237	0.2547544753636286	1.4234189889409228	0.6505752175563887	3.1407819385068927	0.10599351294483593	1.1735741952163543	0.9419172951702584	0.05516234676656541	0.1814325442431398	0.4747995546028237	0.2547544753636286	1.4234189889409228	0.6505752175563887	3.1407819385068927	0.10599351294483593	1.1735741952163543	6.82606992885714	0.2994056545030589	0.21361349707505198	0.20720590784992615	0.27977494057196284	0.5388080215361261	119.69564208920369	-911.8759332440382	6.472920134695361E-4	0.9706567505110784	5.328618625677497E-4	4.693621207202608E-7	1.097348313472109
3610000	-9650.407026456654	-8684.863857419035	-965.5431690376189	-8511.346364079538	102.98154812984907	1383.3464696069493	0.07419150513315864	0.026474883689882968	0.0844457005359058	0.44523547687093024	0.13127319465782944	0.20513651110195705	0.997833356826086	0.10488408394126347	2.3209594246546006	0.2761399411738858	0.24866523574322963	0.026474883689882968	0.0844457005359058	0.44523547687093024	0.13127319465782944	0.20513651110195705	0.997833356826086	0.10488408394126347	2.3209594246546006	0.2761399411738858	0.24866523574322963	6.82606992885714	0.2994056545030589	0.21361349707505198	0.20720590784992615	0.27977494057196284	0.5388080215361261	154.89828313401657	-957.4445934689035	4.888573228317161E-4	0.9018399218844129	3.8557242464301464E-4	2.0854444473674067E-7	0.9779966220109229
3620000	-9643.095637640508	-8672.715129438147	-970.3805082023601	-8502.045173404376	125.58926026547385	1402.5849722274231	0.08514760538714145	0.04972522652014566	0.15635218403415901	0.49164428018868644	0.6183048467677636	0.4858030775810751	1.0163759997371156	0.2878551355991446	3.746372006400497	0.30830116786970196	0.559069524756269	0.04972522652014566	0.15635218403415901	0.49164428018868644	0.6183048467677636	0.4858030775810751	1.0163759997371156	0.2878551355991446	3.746372006400497	0.30830116786970196	0.559069524756269	6.82606992885714	0.2994056545030589	0.21361349707505198	0.20720590784992615	0.27977494057196284	0.5388080215361261	147.6312804962226	-959.7142576155748	4.7785229912104674E-4	0.8810665963360119	3.65613418340439E-4	1.8381326428991406E-7	0.9831592340856539
3630000	-9682.419440498923	-8696.257917988576	-986.1615225103474	-8524.489885865552	143.88332942924873	1529.8878922977824	0.08443770622438247	0.02883951539480322	0.4502834892335547	0.4881519224401013	1.3437324695880932	0.715558354404702	0.9229484924677169	0.6816932590822513	6.621999447889859	0.7482529574209299	0.6621554818235789	0.02883951539480322	0.4502834892335547	0.4881519224401013	1.3437324695880932	0.715558354404702	0.9229484924677169	0.6816932590822513	6.621999447889859	0.7482529574209299	0.6621554818235789	7.084390636650462	0.2994056545030589	0.21361349707505198	0.20720590784992615	0.27977494057196284	0.5388080215361261	148.4892002161594	-970.579791963779	4.312960230859002E-4	0.8807605140712501	3.2831983536679856E-4	1.437707056416759E-7	0.9103933722704862
3640000	-9655.583254569603	-8694.035064701058	-961.5481898685445	-8525.029739616586	145.2382457202215	1505.0527250750615	0.0926025805856974	0.1523445651922304	0.09716168399615059	0.0887089348385125	0.04517039688865874	0.7229891987252582	2.3025785602553204	0.2863221064561798	3.2316293508876264	0.13095567421321958	0.6722258048940575	0.1523445651922304	0.09716168399615059	0.0887089348385125	0.04517039688865874	0.7229891987252582	2.3025785602553204	0.2863221064561798	3.2316293508876264	0.13095567421321958	0.6722258048940575	5.93477467002819	0.2994056545030589	0.21361349707505198	0.20720590784992615	0.27977494057196284	0.5388080215361261	149.74744853630477	-951.3957812045363	4.8035436301922856E-4	0.8090233941643729	3.6126830071752536E-4	2.2053689127352919E-7	0.9541558014590897
3650000	-9671.336384979772	-8699.100819453175	-972.2355655265964	-8520.613122783676	150.0794383770492	1513.8739522676194	0.0780418268524747	0.07827158826884502	0.24818865277025123	1.4540485628696138	0.9691682744487166	1.7688151954681117	0.9914366737181816	0.4834545771309528	3.9130676475258066	0.2838804986220383	3.088401120229088	0.07827158826884502	0.24818865277025123	1.4540485628696138	0.9691682744487166	1.7688151954681117	0.9914366737181816	0.4834545771309528	3.9130676475258066	0.2838804986220383	3.088401120229088	5.93477467002819	0.29098623531914286	0.21361349707505198	0.2156253270338422	0.27977494057196284	0.5388080215361261	138.64144215397766	-956.6548773272307	4.963883484480065E-4	0.7303759314329819	3.5166495843351535E-4	2.3042099094218554E-7	0.9977531135427389
3660000	-9625.145319460415	-8689.91765414007	-935.2276653203453	-8520.861620105286	102.09691498253412	1168.6738806118783	0.07394805181963626	0.3641737317477273	0.5754683368703576	0.5727931018053427	0.5828306287632244	2.382395183301221	0.517783856474819	0.11093890716515016	4.3547272930170635	0.1680926673862999	0.9949295501545021	0.3641737317477273	0.5754683368703576	0.5727931018053427	0.5828306287632244	2.382395183301221	0.517783856474819	0.11093890716515016	4.3547272930170635	0.1680926673862999	0.9949295501545021	5.235872055091228	0.29098623531914286	0.21361349707505198	0.2156253270338422	0.27977494057196284	0.4106538325573168	119.83889984071551	-921.908579123844	6.154117378197835E-4	0.8942678466279348	4.763631543988805E-4	4.4675668016616906E-7	1.038015091904887
3670000	-9657.377167084924	-8687.110995947505	-970.2661711374182	-8520.273568582594	127.91657677444843	1452.6734093795328	0.09755211366741481	0.18244244517919242	0.08056350104884556	0.34592379265639067	1.939195252294943	0.7831587539915332	0.04741824620977979	0.1400822228993726	3.343679124768792	0.4246461392484922	0.050782005502845555	0.18244244517919242	0.08056350104884556	0.34592379265639067	1.939195252294943	0.7831587539915332	0.04741824620977979	0.1400822228993726	3.343679124768792	0.4246461392484922	0.050782005502845555	5.621521474436261	0.27831095422705104	0.21660886671122825	0.20479377406871452	0.300286404993006	0.4106538325573168	142.50029114164357	-960.7756276448563	4.903208124500516E-4	0.8171559365135641	3.645362403547947E-4	1.9953543320050324E-7	0.9448778617469573
3680000	-9705.305298237992	-8705.753646799918	-999.5516514380748	-8527.33445889996	167.26876149505998	1726.5440562755905	0.19446086297650503	0.79659048570121	0.14418592671304778	0.027425448750135112	0.27269466007946774	0.13147516236148657	1.9035087134844526	0.3019013479476099	5.7491050766746055	0.26217343466474874	0.17864172792222352	0.79659048570121	0.14418592671304778	0.027425448750135112	0.27269466007946774	0.13147516236148657	1.9035087134844526	0.3019013479476099	5.7491050766746055	0.26217343466474874	0.17864172792222352	6.04365110386051	0.2959826343765499	0.2089916218886221	0.20479377406871452	0.2902319696661133	0.5936872399135695	159.6275846721891	-988.0213451313579	4.2606404484829026E-4	0.8013375978285228	3.2553401261328644E-4	1.4876564528649564E-7	0.9354024964319776
3690000	-9689.130600022132	-8669.75955789371	-1019.3710421284212	-8500.986553002605	214.5677405373846	2001.5409871760114	0.07809107660759688	0.1279701146602232	0.04761414680352172	0.8699687353810747	1.2119766294463008	0.30837822809027904	0.9209404460754518	0.03129271526669466	2.4410828331002845	0.2440132892098782	0.3338561652678383	0.1279701146602232	0.04761414680352172	0.8699687353810747	1.2119766294463008	0.30837822809027904	0.9209404460754518	0.03129271526669466	2.4410828331002845	0.2440132892098782	0.3338561652678383	6.04365110386051	0.2959826343765499	0.2089916218886221	0.20479377406871452	0.2902319696661133	0.5936872399135695	208.02174292089003	-1009.8680082036778	3.94861453735221E-4	0.8368794567091009	2.791593701655585E-4	1.230264400952796E-7	0.9078201598111899
3700000	-9741.781449047918	-8699.69964827216	-1042.0818007757566	-8519.262794683182	211.99117480305122	2289.908458498042	0.0795406915074402	1.7716250012053576	0.27785252613901873	0.7410280010457777	0.22739417912773924	0.5798333333715731	2.026630338127911	0.025427375343407617	2.563048934679623	0.11083512907275543	0.45928635617594754	1.7716250012053576	0.27785252613901873	0.7410280010457777	0.22739417912773924	0.5798333333715731	2.026630338127911	0.025427375343407617	2.563048934679623	0.11083512907275543	0.45928635617594754	6.539039065099975	0.2959826343765499	0.2089916218886221	0.20479377406871452	0.2902319696661133	0.5327189279826001	235.3907500057723	-1030.2853666495998	3.0926411799162945E-4	0.8584947724218347	2.4552472570714553E-4	6.50519675970038E-8	0.8622671847063201
3710000	-9754.222956559817	-8681.000883813513	-1073.2220727463045	-8505.889791883934	227.93238709642776	2652.8262169795803	0.06773835538913257	0.11245406595833594	0.2180834195860902	0.36632248538556317	0.27460151101752184	0.044611809229462396	0.973252433417594	0.07383713750605218	3.043438677408333	0.018454947704391576	0.1598217410095572	0.11245406595833594	0.2180834195860902	0.36632248538556317	0.27460151101752184	0.044611809229462396	0.973252433417594	0.07383713750605218	3.043438677408333	0.018454947704391576	0.1598217410095572	6.539039065099975	0.2959826343765499	0.2089916218886221	0.20479377406871452	0.2902319696661133	0.5327189279826001	278.41818587152136	-1064.8564810024648	2.66763211393865E-4	0.785938688651982	2.079946164625895E-4	5.059406929289863E-8	0.8767773237176112
3720000	-9810.993037497725	-8695.407885955949	-1115.5851515417762	-8525.266484669788	254.73182252930306	3081.4432419924033	0.034532275019827016	0.4091486815462774	0.12513743488981932	0.08470561685107895	0.18882782790357455	0.3728039102078437	0.6992333303204163	0.1289485336306343	2.8069288285616505	0.652711968469372	0.23123780399896715	0.4091486815462774	0.12513743488981932	0.08470561685107895	0.18882782790357455	0.3728039102078437	0.6992333303204163	0.1289485336306343	2.8069288285616505	0.652711968469372	0.23123780399896715	6.539039065099975	0.2959826343765499	0.2089916218886221	0.20479377406871452	0.2902319696661133	0.5327189279826001	317.8559730345243	-1105.8061721035983	2.1690839109301141E-4	0.7482605667738712	1.8918778762400557E-4	3.245620396409421E-8	0.8124624439018723
3730000	-9725.280690914495	-8665.857791002349	-1059.422899912146	-8497.783319166527	172.36317435711828	2238.3295826223475	0.08443080277771955	0.08018793469547161	0.4782102833588077	1.2124141173719736	0.4839946933384515	0.5468513757685252	1.7326221495168894	0.3546290734828357	5.332742862724753	0.030771251335371414	0.990589898384293	0.08018793469547161	0.4782102833588077	1.2124141173719736	0.4839946933384515	0.5468513757685252	1.7326221495168894	0.3546290734828357	5.332742862724753	0.030771251335371414	0.990589898384293	5.490932944951412	0.2959826343765499	0.2089916218886221	0.20479377406871452	0.2902319696661133	0.5327189279826001	228.79753090076298	-1045.9643344477922	3.0144793955559987E-4	0.7282274585755433	2.46170716680082E-4	5.4368182483421654E-8	0.7942731733364516
3740000	-9696.028295288295	-8678.382743549451	-1017.6455517388449	-8510.632084041057	136.8862439084666	1733.0482792731557	0.07036309207333863	0.2887853453033019	0.2783572014125381	0.7930700107078043	0.661349059400499	3.156023234771418	1.7890496147067598	0.01083206542969709	5.566712944738782	0.41183605051793054	0.9473576473078544	0.2887853453033019	0.2783572014125381	0.7930700107078043	0.661349059400499	3.156023234771418	1.7890496147067598	0.01083206542969709	5.566712944738782	0.41183605051793054	0.9473576473078544	6.667003300097931	0.2959826343765499	0.2089916218886221	0.20479377406871452	0.2902319696661133	0.5327189279826001	196.50311511155786	-1000.5262600404087	4.052875468465103E-4	0.8550909747140581	3.302579176807633E-4	9.941643451557522E-8	0.8207533966711044
3750000	-9665.477673226304	-8663.13963602333	-1002.3380372029741	-8494.956882831802	119.56937594515804	1676.7752529657432	0.08641660649136955	0.09857116141844324	0.16374698777353716	0.2350499403701791	1.3999251256268392	0.26458427634362397	0.7197691818787088	0.18496245468783454	2.752897335832654	0.19493007795578357	0.5512079254652047	0.09857116141844324	0.16374698777353716	0.2350499403701791	1.3999251256268392	0.26458427634362397	0.7197691818787088	0.18496245468783454	2.752897335832654	0.19493007795578357	0.5512079254652047	6.667003300097931	0.2959826343765499	0.2089916218886221	0.20479377406871452	0.2902319696661133	0.5327189279826001	186.45044196279014	-993.0376709656728	4.153491260682338E-4	0.7955233076781535	3.349477788684535E-4	1.31858631510097E-7	0.9058076789014678
3760000	-9658.668217458595	-8677.944467721783	-980.7237497368116	-8508.614156656835	98.34445274685731	1411.0362927854778	0.10821570238850768	0.05347698360035817	0.18294238911227842	0.5433340070425808	0.22243321329236757	0.346074990766318	1.6214544030203488	0.07949040181046395	4.045826193488626	0.40172943492423785	0.1367221123218374	0.05347698360035817	0.18294238911227842	0.5433340070425808	0.22243321329236757	0.346074990766318	1.6214544030203488	0.07949040181046395	4.045826193488626	0.40172943492423785	0.1367221123218374	7.227198422321274	0.2959826343765499	0.2089916218886221	0.20479377406871452	0.2902319696661133	0.5327189279826001	148.68999160856754	-970.4000904441207	5.251449160964388E-4	0.8162203138942137	3.996073993857942E-4	2.3211020189236315E-7	0.9744896534286561
3770000	-9650.82241512121	-8689.691586093562	-961.1308290276479	-8517.028966098682	93.10858016043329	1354.0173781852634	0.07999190500373798	1.0877392572728783	0.22503111398216608	0.22000108293394385	0.14764336570434233	0.7787836810935251	0.1663998455512666	0.16495746000643408	1.903516838612256	0.39627436575745906	0.8372368513197295	1.0877392572728783	0.22503111398216608	0.22000108293394385	0.14764336570434233	0.7787836810935251	0.1663998455512666	0.16495746000643408	1.903516838612256	0.39627436575745906	0.8372368513197295	6.335803279564353	0.2959826343765499	0.2089916218886221	0.20479377406871452	0.2902319696661133	0.5327189279826001	147.9241237985614	-952.2037867372278	5.226678182490255E-4	0.8724274558518844	3.9443161316180333E-4	2.92572936979953E-7	1.072723575652763
3780000	-9636.679161985818	-8689.795701693161	-946.8834602926563	-8525.722971229026	114.84278716076116	1227.49891537091	0.09655122156455985	0.833344963881099	0.2053520501705404	0.05059206022724362	1.7634932436195796	1.3292514155359108	1.7210111255197396	1.6530499822354405	3.1065922711128806	0.6723673038753396	1.6082625411045073	0.833344963881099	0.2053520501705404	0.05059206022724362	1.7634932436195796	1.3292514155359108	1.7210111255197396	1.6530499822354405	3.1065922711128806	0.6723673038753396	1.6082625411045073	6.962717105269187	0.2959826343765499	0.2089916218886221	0.20479377406871452	0.2902319696661133	0.41637046539618666	139.37339320274268	-930.840123613218	5.923031262125059E-4	0.9371120628387914	4.3374864883605104E-4	3.7255018186961925E-7	1.1070947768015513
3790000	-9618.464579272988	-8683.704157917526	-934.7604213554621	-8513.523891084116	99.83800818672343	1187.3276379387746	0.1704709895673974	0.14122363956713338	6.170009848640517E-5	0.12869580530402389	0.8159032575170138	0.2636942823862389	0.9779374543727429	0.35437612111485495	1.1751928237001341	0.29043583236631915	0.1568614665973867	0.14122363956713338	6.170009848640517E-5	0.12869580530402389	0.8159032575170138	0.2636942823862389	0.9779374543727429	0.35437612111485495	1.1751928237001341	0.29043583236631915	0.1568614665973867	5.752155560314525	0.2814139071294459	0.2089916218886221	0.20479377406871452	0.3048006969132173	0.4227865094229905	126.88996527422309	-928.2158276710014	6.027136891592991E-4	0.9492159863361669	4.800715159826454E-4	4.3198629074494576E-7	1.068216895436182
3800000	-9634.229214282475	-8679.901624939972	-954.327589342504	-8511.933188505314	125.4546892997198	1307.3318322637986	0.09426901204666267	0.8630934418918829	0.18876887933647385	0.9169673738619597	0.8467629356510865	0.6604789483730518	0.21988038558833828	2.128724853903896	1.740177367977174	0.08014764363444236	0.6350413834684198	0.8630934418918829	0.18876887933647385	0.9169673738619597	0.8467629356510865	0.6604789483730518	0.21988038558833828	2.128724853903896	1.740177367977174	0.08014764363444236	0.6350413834684198	6.726168302818143	0.2814139071294459	0.21878756677554798	0.20479377406871452	0.29500475202629145	0.4227865094229905	108.65846480982783	-943.48672615457	5.398916322126399E-4	0.898396442632953	4.007479646345802E-4	3.1462894241854395E-7	1.0663939392297497
3810000	-9640.197250562545	-8666.410426914212	-973.7868236483329	-8494.729179304268	161.8034513906352	1527.1614557848384	0.0755715140936752	0.08756320805076176	0.4470102074864614	0.2541995273865114	0.2776571626271038	0.06149662750238507	0.5929295706148935	0.899787415457033	3.764420131427368	0.28437249188462405	0.572395067414574	0.08756320805076176	0.4470102074864614	0.2541995273865114	0.2776571626271038	0.06149662750238507	0.5929295706148935	0.899787415457033	3.764420131427368	0.28437249188462405	0.572395067414574	5.590763570839781	0.29171255089808196	0.21878756677554798	0.20479377406871452	0.2847061082576554	0.4227865094229905	143.87672446058204	-964.1390003363064	4.4942983335813033E-4	0.8272081844174741	3.5248752559058263E-4	1.8130985610912305E-7	0.9520602303685725
3820000	-9623.147526165507	-8688.688112411177	-934.4594137543309	-8514.438494568802	149.78128702892334	1269.468713307584	0.09164977100683558	0.3106651325474638	0.4078932512386563	0.1331703241241495	1.12841982064897	0.4273797650433651	1.20406371978762	0.44032170985955005	2.8403391368835114	0.33667849001367556	0.10549024908527604	0.3106651325474638	0.4078932512386563	0.1331703241241495	1.12841982064897	0.4273797650433651	1.20406371978762	0.44032170985955005	2.8403391368835114	0.33667849001367556	0.10549024908527604	6.266729992841306	0.29171255089808196	0.21878756677554798	0.20479377406871452	0.2847061082576554	0.4227865094229905	123.00996102982663	-925.0821836073889	4.943378091644369E-4	0.7525257251036678	4.2784591345201595E-4	1.2903507789954574E-7	0.7185463291967837
3830000	-9631.052297825174	-8667.491548686732	-963.560749138441	-8500.32207306438	113.32835361627083	1326.5844771842192	0.06812609135555232	0.646863578403722	0.165728609774006	1.2265321306619041	0.11902827397857454	0.30816780458751114	1.7114228768340394	0.363161583576858	3.15137857256854	0.048877284323047374	0.827302090293055	0.646863578403722	0.165728609774006	1.2265321306619041	0.11902827397857454	0.30816780458751114	1.7114228768340394	0.363161583576858	3.15137857256854	0.048877284323047374	0.827302090293055	6.787662142518262	0.29171255089808196	0.21071207054536756	0.20479377406871452	0.29278160448783586	0.4227865094229905	141.21294379792866	-952.4715404777157	4.62358186833028E-4	0.716158407309809	4.1832521800844836E-4	1.3395058827345172E-7	0.7701517332626153
3840000	-9616.047159172715	-8670.134383432636	-945.9127757400786	-8501.66973956002	122.1609954577392	1241.6732115932657	0.0988222063265432	0.2681628307999195	0.4882983266634212	1.2677162067191678	1.0035760202438766	2.058251835910169	1.536653282619693	3.1928997809256137	5.163955644210123	0.6418238295390974	0.18875644262863442	0.2681628307999195	0.4882983266634212	1.2677162067191678	1.0035760202438766	2.058251835910169	1.536653282619693	3.1928997809256137	5.163955644210123	0.6418238295390974	0.18875644262863442	6.787662142518262	0.29171255089808196	0.21071207054536756	0.21030068884291303	0.28727468971363734	0.42530856917909676	117.0524264440088	-927.7996610016811	5.057806242261433E-4	0.8267320602703361	4.535997320377919E-4	1.7079838334649254E-7	0.7891206474319754
3850000	-9643.591860586352	-8691.89081434584	-951.7010462405124	-8527.147219831877	106.0628439480796	1244.0387965233915	0.1161463996120819	0.9877868311458409	0.05488644085432299	7.326000692482635E-4	3.2069015133173733	1.2750383793228557	1.6205773106376982	0.44702889787822625	5.600029636765991	0.43899272813619794	1.308711284040164	0.9877868311458409	0.05488644085432299	7.326000692482635E-4	3.2069015133173733	1.2750383793228557	1.6205773106376982	0.44702889787822625	5.600029636765991	0.43899272813619794	1.308711284040164	5.875848329546564	0.29171255089808196	0.21071207054536756	0.21030068884291303	0.28727468971363734	0.5880029086470797	119.59222903463485	-934.9729390857624	5.009339849808177E-4	0.7350273276353031	4.389110495628566E-4	1.7790172796257032E-7	0.8214055996660209
3860000	-9601.843358853685	-8684.959924613757	-916.8834342399274	-8511.906891125003	89.41215005879994	1054.5934145674887	0.13705316129417247	1.0456592440061305	0.15938136844443423	0.5758651779143484	0.39970226367520695	0.7727370482700766	2.2647819804167404	1.1191163158753024	4.780923107563508	0.1689396042945259	0.13733176509989792	1.0456592440061305	0.15938136844443423	0.5758651779143484	0.39970226367520695	0.7727370482700766	2.2647819804167404	1.1191163158753024	4.780923107563508	0.1689396042945259	0.13733176509989792	6.382775434743531	0.29171255089808196	0.21071207054536756	0.21030068884291303	0.28727468971363734	0.5880029086470797	92.11954197077175	-903.1564844321706	6.706486151906698E-4	0.8747561248905166	5.871862769252257E-4	3.969897651572077E-7	0.8873133576560712
3870000	-9609.556586317301	-8688.478195466587	-921.0783908507144	-8509.054466394588	92.96494907023484	1080.943288665534	0.10772483396468535	0.5776349559680953	0.01872718435156399	0.7789049944659949	0.73901876224379	1.0994642610565832	0.448286233129239	0.5885779817796982	4.36261328002258	0.7581308388245156	0.8332064728937626	0.5776349559680953	0.01872718435156399	0.7789049944659949	0.73901876224379	1.0994642610565832	0.448286233129239	0.5885779817796982	4.36261328002258	0.7581308388245156	0.8332064728937626	6.382775434743531	0.30110771643844825	0.21071207054536756	0.20090552330254677	0.28727468971363734	0.5880029086470797	113.19187150818651	-908.4358528151431	6.089047194389135E-4	0.805049614131815	5.215755816091494E-4	2.655514881425232E-7	0.8518205125494939
3880000	-9588.681835865564	-8659.464117767773	-929.2177180977902	-8484.852253115489	119.99072166121586	1150.4705793867179	0.08515868745546283	0.005798799154376294	0.08052641276115168	0.6725189291145502	0.058568032063299885	0.9423583938116947	1.7552941117879879	0.7481963649787362	3.2850716321848195	0.26104932140617576	1.3797279123302808	0.005798799154376294	0.08052641276115168	0.6725189291145502	0.058568032063299885	0.9423583938116947	1.7552941117879879	0.7481963649787362	3.2850716321848195	0.26104932140617576	1.3797279123302808	5.553905305254677	0.31285798743466126	0.21071207054536756	0.20090552330254677	0.27552441871742434	0.4763412973056215	101.36485061209217	-917.357407825186	6.639102033969076E-4	0.8902885439016734	5.078671070483027E-4	2.2773452245068525E-7	0.7889777494489882
3890000	-9617.120187767185	-8699.853087517804	-917.267100249381	-8529.92749484339	104.66216443232888	1083.2440911505348	0.07500513872496153	0.5722647176883492	0.18678020723237942	0.4708802565064696	0.9156830874001634	0.7633838623360713	1.922100591004575	0.008270905596264276	3.3824412854721753	0.5048161508690693	0.06836524707732893	0.5722647176883492	0.18678020723237942	0.4708802565064696	0.9156830874001634	0.7633838623360713	1.922100591004575	0.008270905596264276	3.3824412854721753	0.5048161508690693	0.06836524707732893	6.539217088657245	0.31285798743466126	0.21071207054536756	0.20090552330254677	0.27552441871742434	0.48225391705780596	102.2568234759629	-904.7377183628291	8.028551448678084E-4	1.0067147785821908	5.564818952449934E-4	2.993770529739053E-7	0.7929952532216019
3900000	-9586.067895050084	-8677.0611306605	-909.0067643895843	-8508.626480608951	118.2551232634652	1084.9999557142453	0.09545400096412048	1.3733090060287723	0.02719732462564735	0.6275167039912686	0.06553107006862312	0.6221856522618157	0.26530327890169303	0.24297197236972726	3.035781636877729	0.41850858993729956	0.9325911814503155	1.3733090060287723	0.02719732462564735	0.6275167039912686	0.06553107006862312	0.6221856522618157	0.26530327890169303	0.24297197236972726	3.035781636877729	0.41850858993729956	0.9325911814503155	5.941554325107501	0.31285798743466126	0.21071207054536756	0.20090552330254677	0.27552441871742434	0.48225391705780596	103.84825036749274	-898.3529662775667	7.641728038207744E-4	0.945414527846347	5.48904457959536E-4	3.804445945844157E-7	0.8389898536867562
3910000	-9644.16427471368	-8708.87025228872	-935.2940224249595	-8538.494611331651	114.79794178914828	1190.7003112462173	0.08182494703103106	0.2246392372296513	0.3154092240574437	1.462670913854884	1.0810129715394647	0.45634189152685456	0.8850231291132902	0.4369404337367035	2.9784320916201463	0.6201003003380823	0.7337204557742546	0.2246392372296513	0.3154092240574437	1.462670913854884	1.0810129715394647	0.45634189152685456	0.8850231291132902	0.4369404337367035	2.9784320916201463	0.6201003003380823	0.7337204557742546	5.941554325107501	0.31285798743466126	0.21071207054536756	0.20090552330254677	0.27552441871742434	0.48225391705780596	115.90221838031894	-922.9549635706016	6.662167802407188E-4	0.9479771236708621	5.122544871099902E-4	2.8661016011756356E-7	0.8384694343711717
3920000	-9651.400290024152	-8698.182150931978	-953.2181390921734	-8533.5260782982	139.4146268610824	1302.37049827933	0.0715470149961103	0.5390539750865827	0.04530549164879864	1.601283508913069	0.40063307486979993	0.42226508164207366	1.7465968864171562	0.059072428667844235	6.952370048329596	0.45767124531834624	2.117136962530516	0.5390539750865827	0.04530549164879864	1.601283508913069	0.40063307486979993	0.42226508164207366	1.7465968864171562	0.059072428667844235	6.952370048329596	0.45767124531834624	2.117136962530516	5.941554325107501	0.30277245465284613	0.21071207054536756	0.20090552330254677	0.28560995149923946	0.6262961787498863	135.24987868940045	-935.1965882630063	6.039311332106553E-4	1.0144812617986014	4.6614284727314955E-4	2.1719050269343037E-7	0.8146453931810707
3930000	-9595.175617072262	-8676.92227634231	-918.2533407299516	-8508.521814615948	105.63363527811694	1080.5529917384108	0.09724394721059183	0.3979088672413547	0.048035487844584474	0.033828978636908355	0.8487461111707371	0.7000038594064528	1.688074567355257	0.08975827651633081	2.1318294946196477	0.013888292399235863	0.295393093406604	0.3979088672413547	0.048035487844584474	0.033828978636908355	0.8487461111707371	0.7000038594064528	1.688074567355257	0.08975827651633081	2.1318294946196477	0.013888292399235863	0.295393093406604	6.7311584252667735	0.30277245465284613	0.21071207054536756	0.20090552330254677	0.28560995149923946	0.5639411166405296	110.49555578486344	-908.5628278818291	7.696454351031586E-4	0.9725195767521532	5.303348815884265E-4	7.443559893361781E-7	1.202249483551243
3940000	-9616.605380546955	-8656.452522733372	-960.1528578135823	-8493.41480817544	158.67950085427026	1422.3702323432335	0.07336273906291162	0.5624151502419414	0.0626006618666133	0.2683909625854847	0.3356273247390061	0.7359983728838352	0.9324967727782635	0.4276545139139651	3.9990052576104977	0.35179346526072414	0.8945652635458636	0.5624151502419414	0.0626006618666133	0.2683909625854847	0.3356273247390061	0.7359983728838352	0.9324967727782635	0.4276545139139651	3.9990052576104977	0.35179346526072414	0.8945652635458636	6.879241603968359	0.30277245465284613	0.21071207054536756	0.20090552330254677	0.28560995149923946	0.4100485877462678	141.4304559389272	-948.0234761050909	6.299567927347947E-4	0.9501236622749668	4.1206950219845447E-4	5.981180893031415E-7	1.2217673749404123
3950000	-9637.020092339159	-8689.193743090133	-947.8263492490266	-8519.042204134439	141.32644163711643	1334.872167699406	0.1440951050034776	0.15379329121453214	0.10522755629222065	1.0360917875261766	4.798462391641945	1.0070453311988372	0.6419242651236134	0.08621296043926305	2.1619069800109343	0.3217643525405521	0.4931045711194379	0.15379329121453214	0.10522755629222065	1.0360917875261766	4.798462391641945	1.0070453311988372	0.6419242651236134	0.08621296043926305	2.1619069800109343	0.3217643525405521	0.4931045711194379	5.856756010471277	0.30277245465284613	0.21071207054536756	0.20090552330254677	0.28560995149923946	0.4100485877462678	123.34019937197976	-934.5541725434583	5.991792957803466E-4	0.9818224301988266	4.201200636031074E-4	5.972774611936187E-7	1.234847006025051
3960000	-9620.728930199504	-8679.63074869854	-941.0981815009643	-8514.10391333947	170.49024859698255	1316.1616798162324	0.12456423292825798	0.10579068387917846	0.11888740222794678	1.410825177079259	0.16749865514105575	0.9416791768355641	1.2176431670922017	0.8978682034321076	4.609419931128335	0.030576776377309618	0.5495201655186305	0.10579068387917846	0.11888740222794678	1.410825177079259	0.16749865514105575	0.9416791768355641	1.2176431670922017	0.8978682034321076	4.609419931128335	0.030576776377309618	0.5495201655186305	5.856756010471277	0.30277245465284613	0.21071207054536756	0.20090552330254677	0.28560995149923946	0.4768560443884111	111.62383877058481	-928.5179033856673	6.150514475951348E-4	0.9585956507492875	4.154500570967103E-4	5.931318039033461E-7	1.295434110023259
3970000	-9637.267086860471	-8684.593689968802	-952.6733968916686	-8513.427696890207	132.77261069571713	1304.6002162824211	0.07758101875967953	1.0444830475372007	0.5718896179899592	1.4432912118174985	1.44297037044473	0.8077760295078713	0.8044373318690072	0.08192811743642342	2.911096831214666	0.2602205033637497	0.014991957379754547	1.0444830475372007	0.5718896179899592	1.4432912118174985	1.44297037044473	0.8077760295078713	0.8044373318690072	0.08192811743642342	2.911096831214666	0.2602205033637497	0.014991957379754547	5.856756010471277	0.30277245465284613	0.20123945199759333	0.20090552330254677	0.29508257004701366	0.4768560443884111	140.70183937414336	-940.2871340420123	5.83908126226509E-4	0.8737172040617607	4.199288351981498E-4	4.969713831162536E-7	1.250867168952728
3980000	-9619.369236528317	-8676.146823252313	-943.2224132760032	-8508.034017450418	99.25819751866246	1141.8773584320363	0.0756975901819153	0.35848454392498563	0.15675458913337725	0.8880242193259276	0.7277276405368318	1.5262057701548237	0.297315527928878	0.44210154503246835	3.9601770179683373	0.6868296510633912	0.3245930730542995	0.35848454392498563	0.15675458913337725	0.8880242193259276	0.7277276405368318	1.5262057701548237	0.297315527928878	0.44210154503246835	3.9601770179683373	0.6868296510633912	0.3245930730542995	5.856756010471277	0.30277245465284613	0.20123945199759333	0.20090552330254677	0.29508257004701366	0.4768560443884111	115.51311627583439	-931.0125975946894	6.420845313386436E-4	0.8358418726966638	5.023295985297342E-4	2.830421497941187E-7	0.896364447209514
3990000	-9630.595247040485	-8675.17261291462	-955.4226341258654	-8510.280177741923	112.27178427991704	1283.988975997764	0.07993491989805197	0.008871661797142725	0.2772067591623689	0.41578888206516335	0.25141616398883293	1.4570964065601242	0.18788100502639277	0.08519720188428526	2.322333624676007	0.18463510037231742	0.5985366245272319	0.008871661797142725	0.2772067591623689	0.41578888206516335	0.25141616398883293	1.4570964065601242	0.18788100502639277	0.08519720188428526	2.322333624676007	0.18463510037231742	0.5985366245272319	6.631800714488622	0.30277245465284613	0.20123945199759333	0.20090552330254677	0.29508257004701366	0.41486038911488915	134.70656472300976	-946.806362127801	5.539905027634494E-4	0.8236957717626778	4.316037354498106E-4	2.5099921977700337E-7	0.9262509653030659
4000000	-9634.590389834053	-8681.77557418365	-952.8148156504028	-8512.432201968011	103.31783229144806	1185.4782834736488	0.08544989837033304	0.5451189918554843	0.004994008372388887	1.1110241811027208	1.455276013584015	2.0532410259375715	3.985942604961123	0.3611445559354153	6.167797591119437	0.7344729585829467	0.8591266749369986	0.5451189918554843	0.004994008372388887	1.1110241811027208	1.455276013584015	2.0532410259375715	3.985942604961123	0.3611445559354153	6.167797591119437	0.7344729585829467	0.8591266749369986	6.631800714488622	0.28593245634144426	0.20123945199759333	0.21209819493585438	0.3007298967251079	0.41486038911488915	113.96262830435624	-933.1895947842066	6.258651964646405E-4	0.7189658319780067	4.663390405306378E-4	2.698555046457955E-7	0.8686100749573463
4010000	-9630.961241918303	-8686.802199177571	-944.159042740731	-8519.02831851177	115.99691961822752	1211.9003581869576	0.08582604994152074	0.1608135523305812	0.057494824490572916	3.0089695125175893	0.8297680390448832	1.8039091870210788	1.2005891805143962	0.41558680048625063	3.713430504674051	0.13526456787948893	0.44180493235131496	0.1608135523305812	0.057494824490572916	3.0089695125175893	0.8297680390448832	1.8039091870210788	1.2005891805143962	0.41558680048625063	3.713430504674051	0.13526456787948893	0.44180493235131496	6.631800714488622	0.2917481113873117	0.19542379695172585	0.21209819493585438	0.3007298967251079	0.6228757864644379	129.5425494159437	-929.688374355746	5.844076277252392E-4	0.7454429634091073	4.4991805099688645E-4	1.806649949286271E-7	0.7903896952962539
4020000	-9633.907450798626	-8684.915403623074	-948.9920471755514	-8515.2651402822	104.91839379928328	1232.1754818593997	0.0601139809023656	0.2632757628570495	0.14181833926466123	0.33668845323456625	0.556043274585464	1.9219141764853258	0.52966274120589	0.6080233614259904	3.680512401093249	0.3078281110142543	0.3121787337627399	0.2632757628570495	0.14181833926466123	0.33668845323456625	0.556043274585464	1.9219141764853258	0.52966274120589	0.6080233614259904	3.680512401093249	0.3078281110142543	0.3121787337627399	6.04537413372532	0.2990745591235229	0.2064762737484913	0.21209819493585438	0.28235097219213134	0.7252119756282385	122.84846606803	-936.9397109163751	6.199617964336367E-4	0.8351321984719309	4.652405115057435E-4	2.60535813313085E-7	0.8845534253856506
4030000	-9627.832408993037	-8692.86733610671	-934.9650728863276	-8528.308889648728	115.13155375609855	1168.1287667196304	0.07974227304769385	0.09334552817318674	0.054376255821644584	0.9267103574638704	0.5506917614798557	0.5172882569530175	1.487234171328731	0.530765573815839	2.6505660325761435	0.6501527869924162	0.4467115268548309	0.09334552817318674	0.054376255821644584	0.9267103574638704	0.5506917614798557	0.5172882569530175	1.487234171328731	0.530765573815839	2.6505660325761435	0.6501527869924162	0.4467115268548309	7.222191388629279	0.2920789647345101	0.21347186813750407	0.21209819493585438	0.28235097219213134	0.7252119756282385	116.98897557833189	-923.5662330778943	6.53875778989206E-4	0.9002764523549637	5.293401762919321E-4	3.287893461282994E-7	0.9093023106901312
4040000	-9661.218197038139	-8691.748327253184	-969.4698697849549	-8525.04481285966	168.66609047329663	1543.854682030697	0.09242835543779794	0.7460304504873175	0.037519622870031126	0.3842659768220775	0.014631211998102179	0.17114812610146507	1.9575903290627203	0.31800829834570105	4.2659682541010415	0.3541683361706418	0.2265007565228776	0.7460304504873175	0.037519622870031126	0.3842659768220775	0.014631211998102179	0.17114812610146507	1.9575903290627203	0.31800829834570105	4.2659682541010415	0.3541683361706418	0.2265007565228776	6.693828223015608	0.2920789647345101	0.21347186813750407	0.21209819493585438	0.28235097219213134	0.463158882988625	139.9152815884323	-958.2223722710777	4.7365041534934774E-4	0.9173681474244025	3.7004470832264195E-4	1.546597253522232E-7	0.8426641428412394
4050000	-9703.279738701951	-8693.289048131892	-1009.9906905700586	-8527.982468883794	156.63882445443954	1676.5938532526652	0.08708182082320913	0.41920292655094443	0.8924278538093477	0.5933298142746446	0.0657307189519403	1.2163257759740014	0.5766572944233866	1.3996298149177397	9.322024923823554	1.230364104809434	1.6606980745290156	0.41920292655094443	0.8924278538093477	0.5933298142746446	0.0657307189519403	1.2163257759740014	0.5766572944233866	1.3996298149177397	9.322024923823554	1.230364104809434	1.6606980745290156	6.105390135940126	0.2920789647345101	0.21347186813750407	0.21209819493585438	0.28235097219213134	0.463158882988625	170.51809271424892	-990.0458737255711	4.3511175798153633E-4	0.8397260473037366	3.439833304917182E-4	1.6275110452692356E-7	0.9176501350828351
4060000	-9711.026208501637	-8677.829161722539	-1033.1970467790982	-8518.495533654554	129.3972765943396	1891.9224645386043	0.07338984126273666	0.012540053871494082	0.06511147932319747	0.09905506136728336	0.9577086906026845	0.8993856348558251	0.4828762309720517	0.07689974151832937	3.6825190185459205	0.5395340901025208	0.3606722437410285	0.012540053871494082	0.06511147932319747	0.09905506136728336	0.9577086906026845	0.8993856348558251	0.4828762309720517	0.07689974151832937	3.6825190185459205	0.5395340901025208	0.3606722437410285	6.724532637453167	0.2920789647345101	0.21347186813750407	0.21209819493585438	0.28235097219213134	0.463158882988625	229.29020293082198	-1023.1864833516521	3.8174075878251446E-4	0.752856920730364	3.179415100249973E-4	1.3443174252291496E-7	0.9990768478800677
4070000	-9701.61204996379	-8685.7848482491	-1015.8272017146875	-8520.11602904166	133.5435806609202	1829.7706699513585	0.06526205084845894	0.13792515036018788	0.005733356502471907	0.7942535602355865	0.6992666906651416	2.225980734574123	0.4728339881751056	0.3123833950989296	5.10836548837514	0.008922106221577745	0.10430810800573045	0.13792515036018788	0.005733356502471907	0.7942535602355865	0.6992666906651416	2.225980734574123	0.4728339881751056	0.3123833950989296	5.10836548837514	0.008922106221577745	0.10430810800573045	6.724532637453167	0.2920789647345101	0.21347186813750407	0.21209819493585438	0.28235097219213134	0.463158882988625	182.96153522741972	-1003.7672425389757	3.8581201369613626E-4	0.5761725058067809	3.0807654962883096E-4	1.6456177950876384E-7	1.0380460473002442
4080000	-9717.296181841519	-8688.28171159965	-1029.0144702418697	-8533.634914153623	138.6729675794776	1951.838797709396	0.04047726314471393	0.08877224220200622	0.18706084875491433	0.27420427588176177	1.721257969919097	2.032545922176604	0.7939269606098028	1.3881908672881373	4.6572872060028585	0.15198961139160347	1.4941322992659363	0.08877224220200622	0.18706084875491433	0.27420427588176177	1.721257969919097	2.032545922176604	0.7939269606098028	1.3881908672881373	4.6572872060028585	0.15198961139160347	1.4941322992659363	6.937896536384553	0.2920789647345101	0.2067241094511113	0.21884595362224715	0.28235097219213134	0.463158882988625	205.00761753408196	-1013.13171985779	3.258873287763828E-4	0.6144305690294736	2.820025695359802E-4	1.1580551592481167E-7	1.0292643911013168
4090000	-9664.062311689948	-8677.008998355548	-987.0533133343996	-8517.406814377695	123.67428251398954	1593.1260225079989	0.08022833371523667	0.18895671641572845	0.2293254774505012	1.473207611674514	1.3132306149631192	1.5811969545333657	1.7626939135492445	0.19500515344580774	5.055702400719297	0.6891217023059311	0.23861844543647395	0.18895671641572845	0.2293254774505012	1.473207611674514	1.3132306149631192	1.5811969545333657	1.7626939135492445	0.19500515344580774	5.055702400719297	0.6891217023059311	0.23861844543647395	6.17930798437933	0.2920789647345101	0.2067241094511113	0.21884595362224715	0.28235097219213134	0.463158882988625	147.59969451596902	-972.0882516918153	4.7056310030780857E-4	0.7195380869424649	3.5910348840081414E-4	1.8714742911318784E-7	0.9010265984569401
4100000	-9675.483585764016	-8693.370053364548	-982.113532399467	-8531.61485429076	116.24085335663062	1528.9266775089231	0.06558211279665008	0.3703854078291547	0.012831190409002376	0.4493543613746847	1.1485087710073936	1.2482882281218444	0.20451185230304444	0.10303285840681142	3.3591825274102143	0.016856138121419846	0.8667949080255516	0.3703854078291547	0.012831190409002376	0.4493543613746847	1.1485087710073936	1.2482882281218444	0.20451185230304444	0.10303285840681142	3.3591825274102143	0.016856138121419846	0.8667949080255516	6.938295427576265	0.2920789647345101	0.2067241094511113	0.21884595362224715	0.28235097219213134	0.42178390488905015	126.28383689835555	-971.3761449966403	5.407243149848801E-4	0.8177150515209545	3.8272389795258443E-4	2.0592252044082026E-7	0.9051530414097648
4110000	-9645.910035916706	-8679.079162278247	-966.830873638459	-8513.589075182836	127.17391268796193	1464.8550376506366	0.06880968023491721	0.2363122592662751	0.27331071500684223	0.3137802703009126	0.8834048061677654	0.2859232994116712	1.670232135313993	0.3682391094131962	4.024496592614844	0.37666766696020987	0.9428652098367795	0.2363122592662751	0.27331071500684223	0.3137802703009126	0.8834048061677654	0.2859232994116712	1.670232135313993	0.3682391094131962	4.024496592614844	0.37666766696020987	0.9428652098367795	5.881283326575927	0.2920789647345101	0.19775981008989202	0.21884595362224715	0.29131527155335063	0.42178390488905015	132.2607092716688	-955.2638297150764	4.856045075597712E-4	0.6910933545196332	3.782115371216645E-4	1.6155019648085474E-7	0.8363869248419036
4120000	-9682.398076889478	-8676.595570181124	-1005.8025067083545	-8508.819043659185	145.36393131459613	1687.7995372980108	0.08091079711166392	0.3369195355865924	0.13325140530300209	1.4443594010896044	0.16101829946315102	1.0910928972231524	1.9498099394889876	1.0541127497028822	5.654616351188715	0.9706372233101839	0.8958587252073598	0.3369195355865924	0.13325140530300209	1.4443594010896044	0.16101829946315102	1.0910928972231524	1.9498099394889876	1.0541127497028822	5.654616351188715	0.9706372233101839	0.8958587252073598	5.951623805709778	0.2920789647345101	0.22562608269724832	0.2159580196495077	0.2663369329187337	0.6231292717658838	179.58631801673482	-989.6247204321439	4.376205585041973E-4	0.744067841560948	3.5219442147696765E-4	1.3862854551918573E-7	0.8440822862454012
4130000	-9687.465564451762	-8690.19467287729	-997.2708915744736	-8518.264459406844	141.33158164269477	1609.0509676518925	0.0859517579636758	0.6619697426153225	0.017444337489660112	0.19210203943435872	0.15259199746583757	1.8630545031856385	0.4320113005457882	0.44167759664929834	3.5976151722060092	0.17811381881139168	0.5790794249238035	0.6619697426153225	0.017444337489660112	0.19210203943435872	0.15259199746583757	1.8630545031856385	0.4320113005457882	0.44167759664929834	3.5976151722060092	0.17811381881139168	0.5790794249238035	6.794703382235883	0.2920789647345101	0.22562608269724832	0.2159580196495077	0.2663369329187337	0.6231292717658838	157.2613490107243	-986.5994940745494	4.2672788029999393E-4	0.7739002148073334	3.2839868255479386E-4	1.2056562152728018E-7	0.866280944476255
4140000	-9692.11132952101	-8704.852697860799	-987.2586316602117	-8532.659948725219	133.9094399951535	1516.8225351586532	0.16547740537897423	0.28312904136835204	0.20537385272596576	1.6795094015400738	5.669804781934821	0.5661195367983441	1.9027887741971699	0.3515030533736982	2.8568741777717865	0.11171153959231862	1.145742014399378	0.28312904136835204	0.20537385272596576	1.6795094015400738	5.669804781934821	0.5661195367983441	1.9027887741971699	0.3515030533736982	2.8568741777717865	0.11171153959231862	1.145742014399378	6.652742322082366	0.30771351965662763	0.22562608269724832	0.20032346472739018	0.2663369329187337	0.45081707219455197	176.9435239855104	-970.5205112060186	4.83254819340658E-4	0.7612719399722415	3.928875512055406E-4	1.9982833075860844E-7	0.935186995880196
4150000	-9699.39513958613	-8701.13259475612	-998.2625448300095	-8537.169917704672	147.2078530929544	1636.066424193052	0.08170934985009401	0.07967842982851504	0.004293149673232453	0.05403514847845185	0.5279397070648545	0.2971621092340317	1.5582570017834094	0.04576272150965459	3.2732382824863735	0.4315793879070989	1.5271313144516012	0.07967842982851504	0.004293149673232453	0.05403514847845185	0.5279397070648545	0.2971621092340317	1.5582570017834094	0.04576272150965459	3.2732382824863735	0.4315793879070989	1.5271313144516012	6.226812864363623	0.30771351965662763	0.22562608269724832	0.20032346472739018	0.2663369329187337	0.45081707219455197	164.90529577697603	-988.4211616401338	3.397494916673566E-4	0.7136530071120706	3.014844245277021E-4	9.555284780441943E-8	0.8991260498839045
4160000	-9638.801650178353	-8686.212194451664	-952.5894557266897	-8523.054589074918	116.6420001395536	1291.4164004793668	0.059493255859162535	0.29860654927262475	0.05157567019665862	0.46774467939954356	1.4159094082859356	0.679026201637922	1.2640987093728544	0.7693881246787773	4.72639028766595	0.1274627651035567	2.918733580349122	0.29860654927262475	0.05157567019665862	0.46774467939954356	1.4159094082859356	0.679026201637922	1.2640987093728544	0.7693881246787773	4.72639028766595	0.1274627651035567	2.918733580349122	6.226812864363623	0.2941791469186206	0.20775582875007956	0.2138578374653972	0.28420718686590246	0.45081707219455197	115.7347179354294	-937.4601945753394	4.722017516588144E-4	0.7182180192221973	4.2701264361567264E-4	1.7324847865127676E-7	0.8550297825598002
4170000	-9656.945969906472	-8695.765763739118	-961.1802061673537	-8527.994625505886	115.49931900140432	1347.5059692106997	0.10748458467498483	2.876630078075225	0.25121951050253777	0.5971640500121274	0.5522428059697287	0.05843626466037182	2.7758087299874616	0.5889341600629396	4.0212552405065285	0.23603917941130895	0.23923499830854733	2.876630078075225	0.25121951050253777	0.5971640500121274	0.5522428059697287	0.05843626466037182	2.7758087299874616	0.5889341600629396	4.0212552405065285	0.23603917941130895	0.23923499830854733	7.128566551664744	0.28069424176223934	0.2195620744651537	0.2138578374653972	0.2858858463072096	0.45081707219455197	125.39572932039088	-947.2388688608278	4.2021164096118705E-4	0.7004391805747268	3.907752882561472E-4	1.6907479864338048E-7	0.9068067537978113
4180000	-9641.518259368697	-8682.98087079861	-958.5373885700873	-8518.35003162968	108.0210899469052	1263.8327999156386	0.06972649277044167	1.140754142112311	0.32081861849344356	0.27192071461033657	0.4063213159479104	0.7168912380793008	2.124057359393827	0.5327862505486096	1.92487535308191	1.010304603061465	0.557212067181036	1.140754142112311	0.32081861849344356	0.27192071461033657	0.4063213159479104	0.7168912380793008	2.124057359393827	0.5327862505486096	1.92487535308191	1.010304603061465	0.557212067181036	7.128566551664744	0.2863716451258047	0.2195620744651537	0.2138578374653972	0.2802084429436442	0.45081707219455197	115.35500293817317	-947.1511264795759	5.006193019819179E-4	0.7065336128322576	4.4234876748466633E-4	2.504483559269876E-7	0.9390700334285852
4190000	-9610.273790742762	-8682.212970034258	-928.0608207085037	-8517.030884469019	132.36169008955017	1173.3795309070924	0.13475427041738994	0.5249401677276557	0.014975206696543602	0.8821371323751396	0.5781095922602248	0.4036071904427913	1.3181702173529852	1.0993212344988792	3.20567001340435	0.9289570549605214	0.5074940896594282	0.5249401677276557	0.014975206696543602	0.8821371323751396	0.5781095922602248	0.4036071904427913	1.3181702173529852	1.0993212344988792	3.20567001340435	0.9289570549605214	0.5074940896594282	6.149757895376748	0.29702323714899936	0.2195620744651537	0.20320624544220253	0.2802084429436442	0.45081707219455197	114.13001347981346	-916.7706843798817	5.433704133756906E-4	0.7989398380679561	4.6190462118011534E-4	2.9462309397018505E-7	0.9174930589968706
4200000	-9587.066347495946	-8690.181752888362	-896.8845946075833	-8523.536524580992	122.03957952654866	1038.505670852393	0.0776022409904033	0.7279339904639401	0.14838046374907402	0.06079710118803273	0.6377165667421633	0.31888230449878807	1.4826646706706939	0.2329190245052759	2.7149319029475127	0.11396111680529106	0.3249893758219794	0.7279339904639401	0.14838046374907402	0.06079710118803273	0.6377165667421633	0.31888230449878807	1.4826646706706939	0.2329190245052759	2.7149319029475127	0.11396111680529106	0.3249893758219794	6.703604622950644	0.29702323714899936	0.2195620744651537	0.20320624544220253	0.2802084429436442	0.6544803686826882	85.79604796853118	-887.0144557960172	6.732929290437772E-4	0.9081458391772556	5.710636464790317E-4	4.897329896284548E-7	0.938102092323576
4210000	-9582.961093820244	-8684.08041637657	-898.8806774436742	-8519.779728925416	134.61822174295747	1098.7960069655935	0.11228209161737353	0.08764169377011193	0.10745296689404649	0.13597798151625992	2.3157916809687977	1.0742202013631366	0.44346847471142514	0.3788567912221353	3.2338811636125855	0.7608457955116289	0.3037548770199878	0.08764169377011193	0.10745296689404649	0.13597798151625992	2.3157916809687977	1.0742202013631366	0.44346847471142514	0.3788567912221353	3.2338811636125855	0.7608457955116289	0.3037548770199878	5.997432245696405	0.29702323714899936	0.2195620744651537	0.20320624544220253	0.2802084429436442	0.49403609476441473	91.50484153615118	-887.2625203902546	6.998278121928355E-4	1.0081330900454522	5.567600055543364E-4	4.1146546899276765E-7	0.9075126707593936
4220000	-9584.675474908945	-8672.943885230094	-911.731589678852	-8503.993786092831	178.6241973647029	1290.6335010705413	0.15705999287918876	0.12059196806642856	0.13440207061985762	0.2597052921798803	2.3004372074757304	0.7112750904894349	0.7369159127706263	0.3567452882444627	5.129202819608285	0.4072576200292909	2.5332889066745627	0.12059196806642856	0.13440207061985762	0.2597052921798803	2.3004372074757304	0.7112750904894349	0.7369159127706263	0.3567452882444627	5.129202819608285	0.4072576200292909	2.5332889066745627	6.414822828319433	0.3060630338083708	0.2195620744651537	0.2063935126755204	0.2679813790509549	0.49403609476441473	96.20120271226203	-896.5856416387116	6.701930158303401E-4	0.9769313974735163	5.033511650943293E-4	3.653737249467224E-7	0.87593177153395
4230000	-9621.191311349046	-8682.207748491515	-938.9835628575316	-8511.44272602655	142.80820588370966	1308.5098255031623	0.17709281594799067	0.33238543011200467	0.2524254251240736	0.23957409515927588	2.33939455739796	0.7235239301599568	1.951382924543954	0.984332994708812	4.373448789700979	0.15532392015879629	0.5530889029688772	0.33238543011200467	0.2524254251240736	0.23957409515927588	2.33939455739796	0.7235239301599568	1.951382924543954	0.984332994708812	4.373448789700979	0.15532392015879629	0.5530889029688772	5.303590109194273	0.3060630338083708	0.2195620744651537	0.1959691524537625	0.2784057392727128	0.49403609476441473	114.7965053800131	-925.5677058444928	5.841460707476699E-4	0.7849805464160742	4.3792169650784085E-4	2.468266700778785E-7	0.8892467840704239
4240000	-9614.948684095005	-8697.948338397615	-917.0003456973893	-8527.005067091168	146.0218869728954	1255.491630437962	0.11611357717508736	0.7715895095177743	0.21766226019295107	0.18966464020967982	0.25279483784639806	0.20445744612658082	1.5294014034157928	0.02235026939672289	5.472209075235375	0.3506843780386872	0.5606293258027994	0.7715895095177743	0.21766226019295107	0.18966464020967982	0.25279483784639806	0.20445744612658082	1.5294014034157928	0.02235026939672289	5.472209075235375	0.3506843780386872	0.5606293258027994	5.668203569542634	0.2882446091830306	0.2195620744651537	0.21378757707910273	0.2784057392727128	0.49403609476441473	102.29074222189409	-905.5054469883066	6.235351558691634E-4	0.8024427596980831	4.41817026177773E-4	3.3351902978421175E-7	0.9565875653167821
4250000	-9620.521493218903	-8677.636553033039	-942.8849401858639	-8508.352100713671	156.19487378341833	1386.1720919427466	0.07397314749541581	0.6030608046801167	0.16560777596804357	0.5796146390855188	0.1342270737252735	1.2699442702662898	1.4985848544394547	1.8032578142780988	5.190115307104909	0.3209523511416205	0.05712139918977878	0.6030608046801167	0.16560777596804357	0.5796146390855188	0.1342270737252735	1.2699442702662898	1.4985848544394547	1.8032578142780988	5.190115307104909	0.3209523511416205	0.05712139918977878	5.668203569542634	0.30268508489318796	0.20512159875499633	0.20270202405048618	0.28949129230132936	0.40893306120423933	123.66051062862688	-928.8818462385462	5.725585176735064E-4	0.751819522946471	4.100598576364722E-4	2.3062934261053628E-7	0.8881072849545543
4260000	-9631.618156843524	-8691.87913394728	-939.7390228962449	-8524.817851662117	185.1623179654381	1476.2047769254057	0.07305646655546774	0.6156637735884705	0.13794088656530915	0.8110339867954722	0.2220892111717149	0.47752963747405025	0.3971994501937771	1.1489040764713143	2.557083346940227	0.6918986741103724	0.05088200755483649	0.6156637735884705	0.13794088656530915	0.8110339867954722	0.2220892111717149	0.47752963747405025	0.3971994501937771	1.1489040764713143	2.557083346940227	0.6918986741103724	0.05088200755483649	6.78364048395147	0.30268508489318796	0.20512159875499633	0.20270202405048618	0.28949129230132936	0.40893306120423933	116.52097872663819	-929.8826185487994	5.807260295321691E-4	0.7880825941523324	4.0433119964686427E-4	2.9978294682822055E-7	0.937702040197391
4270000	-9636.967758571842	-8684.828212736033	-952.1395458358088	-8518.16405579505	180.8299422114135	1442.179322692162	0.10119729753467661	0.3499991875948577	0.052859275100101494	3.0605493640676014	0.01488445543631633	1.2417596376305184	0.8582101913005673	0.415566564581201	3.714969608245736	0.34422322584213416	0.7521426757543802	0.3499991875948577	0.052859275100101494	3.0605493640676014	0.01488445543631633	1.2417596376305184	0.8582101913005673	0.415566564581201	3.714969608245736	0.34422322584213416	0.7521426757543802	5.850746684419066	0.30268508489318796	0.20512159875499633	0.20270202405048618	0.28949129230132936	0.40893306120423933	137.3819228947016	-938.9829767093811	5.414241681658817E-4	0.8343879984191938	4.029456123561915E-4	2.835418982274955E-7	0.9638584643561576
4280000	-9653.608674659486	-8688.643831889482	-964.9648427700046	-8520.93996015201	139.48824601459273	1425.2299473482983	0.11411609919685803	0.18672569977059664	0.05222355127264981	0.73955295621212	0.8136311373125962	0.2886478733121888	2.5716083037599664	0.14871392060660676	3.443089555269096	0.07744769596733328	0.4243086428348089	0.18672569977059664	0.05222355127264981	0.73955295621212	0.8136311373125962	0.2886478733121888	2.5716083037599664	0.14871392060660676	3.443089555269096	0.07744769596733328	0.4243086428348089	6.795530813807024	0.30268508489318796	0.20512159875499633	0.21419986201710123	0.27799345433471434	0.40893306120423933	128.6866357431225	-954.8699266444345	4.4307646416396343E-4	0.5960900108705408	3.929116493905149E-4	9.669816445830996E-8	0.6884148754571192
4290000	-9660.14467212499	-8688.688567347175	-971.456104777816	-8516.295777758167	124.83691100183887	1369.3741497885976	0.08396207284564212	0.8208666767287213	0.4584227239720121	0.25359486700157247	1.7216898834132042	0.5015352829237213	1.6567745944525698	0.05474427675027784	3.387823946556853	0.570593398827757	0.008478406045020703	0.8208666767287213	0.4584227239720121	0.25359486700157247	1.7216898834132042	0.5015352829237213	1.6567745944525698	0.05474427675027784	3.387823946556853	0.570593398827757	0.008478406045020703	6.795530813807024	0.30268508489318796	0.20512159875499633	0.21419986201710123	0.27799345433471434	0.40893306120423933	140.15894144979458	-960.0920998370534	4.3887034862987676E-4	0.6432325314277956	3.8786370669111433E-4	9.042633782377353E-8	0.6678037866451726
4300000	-9672.969265090493	-8700.844278530207	-972.1249865602861	-8529.754539383812	125.99344076892716	1422.4217493901763	0.12614799101771543	0.09168928941285134	0.4376183626135856	0.19617709999346017	0.8953355237696186	0.26246249200665644	0.6524612287591977	0.2233011176982492	2.5999398522345767	0.13223543041455027	0.016043271869351342	0.09168928941285134	0.4376183626135856	0.19617709999346017	0.8953355237696186	0.26246249200665644	0.6524612287591977	0.2233011176982492	2.5999398522345767	0.13223543041455027	0.016043271869351342	6.943642988140709	0.28859046293193824	0.20512159875499633	0.21419986201710123	0.29208807629596406	0.5485278713167834	155.29178200660903	-964.5554083538544	4.272554643115224E-4	0.7447191740431761	4.0587266053139325E-4	9.911050806922957E-8	0.7083839651398126
4310000	-9618.347660592406	-8683.025078444833	-935.3225821475736	-8513.414503173071	103.38406490491198	1117.038635302116	0.07828647541260293	0.3049622626757925	0.18476836953799167	0.45613547570534924	0.6307829868621027	1.4216462931794656	1.7315217649005978	0.25357389305007666	3.6506471002505814	0.17421693933430366	1.4481144874170846	0.3049622626757925	0.18476836953799167	0.45613547570534924	0.6307829868621027	1.4216462931794656	1.7315217649005978	0.25357389305007666	3.6506471002505814	0.17421693933430366	1.4481144874170846	6.943642988140709	0.28859046293193824	0.20512159875499633	0.21419986201710123	0.29208807629596406	0.5485278713167834	115.9664384771544	-922.5459147768951	5.020504305668304E-4	0.7607231793267142	4.783853200436125E-4	1.138330851941941E-7	0.667933369467867
4320000	-9619.230106589826	-8679.228131681368	-940.0019749084579	-8506.745876160841	97.34547168299453	1141.1629398250627	0.09506326562339669	0.03331967588403134	0.007209481494269312	0.5197958596880059	0.004782439571223849	0.379867403591435	1.4949876525985581	1.0010645256130593	2.045181826261153	0.31133842440006854	1.3130681114377003	0.03331967588403134	0.007209481494269312	0.5197958596880059	0.004782439571223849	0.379867403591435	1.4949876525985581	1.0010645256130593	2.045181826261153	0.31133842440006854	1.3130681114377003	7.600395281384767	0.28859046293193824	0.20512159875499633	0.21419986201710123	0.29208807629596406	0.5485278713167834	122.04758758174655	-929.7372115903431	5.638242820808011E-4	0.929842710981564	5.276888046037172E-4	1.4711776543236535E-7	0.666080276792378
4330000	-9593.914388529243	-8656.753004663347	-937.1613838658956	-8495.830262949152	86.89186851742747	1062.0820676594988	0.1345882179692597	0.7695182685215897	0.018348218889783916	0.1942570931973697	0.015958163860360256	0.17562095429724028	2.2092851459863825	0.3110619047212032	2.6022448784928387	0.3396141483551609	0.6422122676847396	0.7695182685215897	0.018348218889783916	0.1942570931973697	0.015958163860360256	0.17562095429724028	2.2092851459863825	0.3110619047212032	2.6022448784928387	0.3396141483551609	0.6422122676847396	6.959172921484423	0.28859046293193824	0.20512159875499633	0.21419986201710123	0.29208807629596406	0.5485278713167834	119.05831500403491	-927.1907932201353	5.556896456954097E-4	0.9569383376594107	5.501936103200402E-4	1.5662573253551524E-7	0.6759144163581651
4340000	-9608.193524099184	-8661.995429712382	-946.1980943868019	-8492.362967873387	86.84230658822014	1109.2575760701577	0.08274979895613944	0.21236807147834308	0.3939575934952219	3.3852366117593946	0.5100790330949825	1.8115097479723568	1.4468929798753545	0.1296362955267527	2.7257999697101014	0.23346030206446086	0.5518339181442014	0.21236807147834308	0.3939575934952219	3.3852366117593946	0.5100790330949825	1.8115097479723568	1.4468929798753545	0.1296362955267527	2.7257999697101014	0.23346030206446086	0.5518339181442014	6.959172921484423	0.28859046293193824	0.20512159875499633	0.21419986201710123	0.29208807629596406	0.5485278713167834	136.00041103275356	-931.9940771705985	5.547791935926915E-4	0.7838115727738884	5.069434952864837E-4	1.389797399172558E-7	0.6704811567557786
4350000	-9602.24662289211	-8679.44130375012	-922.805319141989	-8516.204734093717	78.05722527692814	1025.6725814035967	0.07632247058793025	0.2314027138120314	0.08241186002629679	1.370106050460952	0.2802136028764239	0.6974443968263305	0.3528761821581655	0.012593247299512243	2.9656583565011045	0.09104714089638467	0.4455120414231881	0.2314027138120314	0.08241186002629679	1.370106050460952	0.2802136028764239	0.6974443968263305	0.3528761821581655	0.012593247299512243	2.9656583565011045	0.09104714089638467	0.4455120414231881	6.297644559564183	0.304871151514667	0.20512159875499633	0.19791917343437251	0.29208807629596406	0.5485278713167834	93.77925983930443	-913.4519589161165	5.704154432856896E-4	0.8914396943503223	5.449395582313599E-4	1.2275017481933424E-7	0.6228234909370628
4360000	-9583.880546035332	-8659.865096334073	-924.01544970126	-8492.489021179052	92.80161675449416	1064.9910395449813	0.12885567689026017	1.2516399023469242	0.11561919120330581	0.05548663900378022	0.3953112645392642	0.9756360226248486	2.2628531842863207	0.08789028345644845	5.3561221142208435	0.292188594788191	0.3616597242423791	1.2516399023469242	0.11561919120330581	0.05548663900378022	0.3953112645392642	0.9756360226248486	2.2628531842863207	0.08789028345644845	5.3561221142208435	0.292188594788191	0.3616597242423791	7.146861138705306	0.304871151514667	0.21064939048312062	0.19239138170624823	0.29208807629596406	0.5356043088996252	95.17103320160756	-910.4400168128562	6.250003961529998E-4	0.8468424986333911	5.563081359801054E-4	2.6545889152413223E-7	0.788834634664164
4370000	-9606.80663070925	-8684.800592270833	-922.006038438417	-8515.94873026752	89.75787321431193	952.973224079092	0.12489441130285082	1.1805595277666192	0.01972913448610095	1.3757921096585404	2.4720652858627936	0.6973449867490589	1.9339686837542294	1.075323154383172	4.322635133866316	0.4564637736220442	1.6002472999840276	1.1805595277666192	0.01972913448610095	1.3757921096585404	2.4720652858627936	0.6973449867490589	1.9339686837542294	1.075323154383172	4.322635133866316	0.4564637736220442	1.6002472999840276	6.1399572847210635	0.304871151514667	0.21064939048312062	0.19239138170624823	0.29208807629596406	0.5356043088996252	97.39899404280168	-904.7349461356822	6.584727021655382E-4	0.793640540126073	5.81132154325654E-4	2.2137427968538983E-7	0.7161542088310866
4380000	-9633.591010630733	-8692.962046839097	-940.6289637916356	-8529.248650502974	124.76736625685183	1181.5574803799527	0.06890013219277835	0.42286048564138706	0.5545504040020298	0.8894366250855293	0.15107402062829398	0.5534727026752062	0.6514822652533296	0.27330761654587477	2.3176985161882606	0.4886516793902423	0.43206801238172104	0.42286048564138706	0.5545504040020298	0.8894366250855293	0.15107402062829398	0.5534727026752062	0.6514822652533296	0.27330761654587477	2.3176985161882606	0.4886516793902423	0.43206801238172104	6.9334914798932985	0.304871151514667	0.21064939048312062	0.19239138170624823	0.29208807629596406	0.5356043088996252	119.02258829964059	-930.5511405143654	6.791022564435756E-4	0.8194133532154418	5.750735552117936E-4	2.2894739734415648E-7	0.688872286673301
4390000	-9589.206619427408	-8672.858224747819	-916.348394679589	-8510.166775655009	144.2407382330082	1136.4226442842362	0.10351444823735838	0.051649937862107934	0.17375058687153097	0.11446550565930413	0.22813877966492455	0.3706331762626695	0.7726813403145251	0.9144360761947817	1.847889536824923	0.16088345530044987	0.7231763181870696	0.051649937862107934	0.17375058687153097	0.11446550565930413	0.22813877966492455	0.3706331762626695	0.7726813403145251	0.9144360761947817	1.847889536824923	0.16088345530044987	0.7231763181870696	6.600287852521022	0.304871151514667	0.19657679132122663	0.20646398086814222	0.29208807629596406	0.5356043088996252	95.13654180587001	-908.007254259171	7.026323509332822E-4	0.9452989832511668	4.836475628499232E-4	8.298500850753491E-7	1.2150023740238465
4400000	-9637.276434716236	-8683.901306125565	-953.3751285906715	-8521.18148573446	222.81696162572726	1395.1380387883264	0.09688043089402418	1.4665559612552872	0.09723226838728571	1.7109162828346456	0.10738579189803257	0.2991137284212886	0.5339241450274232	0.2817736720532231	1.8646693454658994	0.017526146881613917	0.46223743368132664	1.4665559612552872	0.09723226838728571	1.7109162828346456	0.10738579189803257	0.2991137284212886	0.5339241450274232	0.2817736720532231	1.8646693454658994	0.017526146881613917	0.46223743368132664	6.6169366272697	0.304871151514667	0.19657679132122663	0.20646398086814222	0.29208807629596406	0.5356043088996252	166.09138608951932	-943.4410359811167	5.533839610985005E-4	0.8780101114255465	3.6804902974923114E-4	3.9132079208204E-7	1.132783435769945
4410000	-9636.453530053222	-8685.894175090021	-950.5593549632006	-8522.702786525224	226.4121945648215	1447.443144132826	0.08537756979310192	1.0010096001535702	0.30720818378468967	0.7882681724014096	1.5374193935171756	1.893152519888847	1.9025644150354817	0.08144671643983738	3.946975666734143	0.1842603270960225	3.03273126315846	1.0010096001535702	0.30720818378468967	0.7882681724014096	1.5374193935171756	1.893152519888847	1.9025644150354817	0.08144671643983738	3.946975666734143	0.1842603270960225	3.03273126315846	7.426286410599765	0.304871151514667	0.19657679132122663	0.20646398086814222	0.29208807629596406	0.4136615768111169	103.49176199938152	-932.5758995830151	6.789386299985961E-4	0.9453362726084127	3.9860034204231953E-4	6.29186184475735E-7	1.2325683671804157
4420000	-9640.451601110863	-8705.196015789512	-935.2555853213503	-8542.297901251157	178.91508139855355	1276.440294806991	0.10977488037315439	0.10457566593921404	0.2644876304072552	1.0617795155917324	1.3193056934783036	0.9410788140972383	2.3079674610120886	0.12731232021872332	4.288646320234536	0.2586178505367178	0.10392642200801122	0.10457566593921404	0.2644876304072552	1.0617795155917324	1.3193056934783036	0.9410788140972383	2.3079674610120886	0.12731232021872332	4.288646320234536	0.2586178505367178	0.10392642200801122	6.096559011505347	0.304871151514667	0.19657679132122663	0.20646398086814222	0.29208807629596406	0.4136615768111169	101.53723398902788	-921.2362139316431	8.151017655047252E-4	1.0346861227780493	4.885226380220677E-4	1.0925046289093678E-6	1.2980026051785087
4430000	-9633.099161275702	-8676.5139187289	-956.585242546802	-8503.437147202187	287.8161773103312	1638.4507889900003	0.08364597372966232	0.9572701719304579	0.26244400465097667	0.19815682157879713	0.5766295329892448	0.210196171805715	1.1582844062052893	0.656118663869236	3.4153700154870275	0.8031948282821995	0.0774906109734033	0.9572701719304579	0.26244400465097667	0.19815682157879713	0.5766295329892448	0.210196171805715	1.1582844062052893	0.656118663869236	3.4153700154870275	0.8031948282821995	0.0774906109734033	6.403201047928259	0.300342836504417	0.20110510633147663	0.20646398086814222	0.29208807629596406	0.5654895923929616	122.33425955656476	-944.8851586119091	5.731927287193566E-4	1.0152904961260687	3.3662851971488355E-4	5.89401239362358E-7	1.3425480487963506
4440000	-9628.09836346401	-8675.342349128941	-952.7560143350686	-8507.378400157908	182.53993637798965	1409.7331255452257	0.08899176068064438	0.90121880594188	0.10465968211276462	0.007062895336684311	0.03643581771022223	1.4917397903435698	2.09087903716551	0.41145509523552765	3.321390426461985	0.5478989327967286	0.2918967344666309	0.90121880594188	0.10465968211276462	0.007062895336684311	0.03643581771022223	1.4917397903435698	2.09087903716551	0.41145509523552765	3.321390426461985	0.5478989327967286	0.2918967344666309	6.524908584751266	0.300342836504417	0.20110510633147663	0.20646398086814222	0.29208807629596406	0.43443063416050054	144.71124916181242	-940.3148771479139	6.297556211902582E-4	0.9310145595583774	4.0858828280635433E-4	7.467320306893905E-7	1.3381006482058677
4450000	-9631.910087046232	-8666.471269915119	-965.4388171311125	-8503.799683915135	207.75522759288893	1449.8275764329346	0.05849525620648436	0.28733030687340544	0.5898757363112297	0.16715007338311116	0.16134441065366212	0.9372993620744821	2.8747313626547	0.03401219221407131	5.249727266690056	0.1235778773857932	0.3504848414274264	0.28733030687340544	0.5898757363112297	0.16715007338311116	0.16134441065366212	0.9372993620744821	2.8747313626547	0.03401219221407131	5.249727266690056	0.1235778773857932	0.3504848414274264	6.963234340307443	0.300342836504417	0.20110510633147663	0.22267182426826948	0.2758802328958368	0.6142225158463875	156.25140364409316	-950.3600142189168	6.37667246681213E-4	0.9927662559005275	4.216907776938447E-4	6.834064102309439E-7	1.328344362601244
4460000	-9635.74644876524	-8687.009935483233	-948.7365132820076	-8518.920797888246	157.0303649322666	1281.7195840876657	0.1261480613501732	0.13635315309912108	0.038612511736785815	1.2889222002705274	0.7781971176530653	1.9137097446809765	2.9845504200216104	1.8358035401373751	6.286248092811225	0.3265769218918966	0.6460914897743221	0.13635315309912108	0.038612511736785815	1.2889222002705274	0.7781971176530653	1.9137097446809765	2.9845504200216104	1.8358035401373751	6.286248092811225	0.3265769218918966	0.6460914897743221	6.366928532452638	0.300342836504417	0.20110510633147663	0.22267182426826948	0.2758802328958368	0.4274581797908159	112.18564293657096	-930.1362377422321	6.189164975077435E-4	0.8933552781545456	4.3975094509069373E-4	5.967100369640605E-7	1.2869451292747482
4470000	-9612.376364914035	-8673.354683733916	-939.0216811801176	-8508.25341452946	119.21708096129109	1192.4550029128643	0.1307506053193156	0.2254529397001023	0.17275637926010493	0.11893210148319465	0.4600417163324442	0.14339329828725256	1.2317420988341607	0.4308441645712788	2.258102233952507	0.03842837710757227	0.04519762648894043	0.2254529397001023	0.17275637926010493	0.11893210148319465	0.4600417163324442	0.14339329828725256	1.2317420988341607	0.4308441645712788	2.258102233952507	0.03842837710757227	0.04519762648894043	5.818420784402935	0.300342836504417	0.20110510633147663	0.22267182426826948	0.2758802328958368	0.4274581797908159	109.70325096986333	-931.6727541896395	5.708419330358182E-4	0.9429869063632591	4.46720421328315E-4	4.5386060098900596E-7	1.155759538243541
4480000	-9665.496060627196	-8678.895293387854	-986.6007672393422	-8513.156505574229	133.81667847313787	1501.788427050028	0.11224682427676039	0.016398638656953738	0.025502827431793645	0.1496263931611258	2.1400014480064704	0.07496162151619476	2.81184055867304	0.007637062845202768	2.2325121383492035	0.34406581191233826	0.23326667871654672	0.016398638656953738	0.025502827431793645	0.1496263931611258	2.1400014480064704	0.07496162151619476	2.81184055867304	0.007637062845202768	2.2325121383492035	0.34406581191233826	0.23326667871654672	6.689419837822665	0.300342836504417	0.2071127578106444	0.22267182426826948	0.26987258141666903	0.6090619329021684	157.17304594532604	-976.0753276104234	4.275042991865936E-4	0.846085682474703	3.66079030107809E-4	1.7290949356504858E-7	0.9678526659066965
4490000	-9681.965792595487	-8668.372711516571	-1013.5930810789166	-8503.500487219742	128.89967165163105	1631.319530717565	0.0480823523892186	0.41571779693035504	0.04584273396002972	0.7884245454381623	0.35535536336335044	1.5012489500269386	1.4917169373109411	0.26276226413676784	4.665545991901898	0.5497699778607377	0.04702223782366712	0.41571779693035504	0.04584273396002972	0.7884245454381623	0.35535536336335044	1.5012489500269386	1.4917169373109411	0.26276226413676784	4.665545991901898	0.5497699778607377	0.04702223782366712	6.222383332539755	0.300342836504417	0.2071127578106444	0.22267182426826948	0.26987258141666903	0.4248807909636728	167.20191435222225	-1000.3459173100115	3.8485021387505493E-4	0.7992161983485265	3.3305965122292267E-4	1.2649030611305284E-7	0.9783491698164755
4500000	-9683.210773286764	-8692.555833894301	-990.6549393924632	-8517.709543356517	105.48331550916508	1450.1478141000246	0.08072504152650044	1.2441453996004375	0.34301229679333484	0.46300303281781113	0.8576124834836845	0.28799435363135883	1.5350110309058658	0.09932358228368514	3.8447478192320377	0.627720744173025	0.8438470338525208	1.2441453996004375	0.34301229679333484	0.46300303281781113	0.8576124834836845	0.28799435363135883	1.5350110309058658	0.09932358228368514	3.8447478192320377	0.627720744173025	0.8438470338525208	6.222383332539755	0.287705234203444	0.2071127578106444	0.22267182426826948	0.282510183717642	0.4248807909636728	178.71598643282456	-977.9560263960637	4.645694250535148E-4	0.7770168185045077	3.952196838917967E-4	1.753783269160844E-7	0.9288770887919772
4510000	-9746.041500749852	-8709.24605875926	-1036.7954419905932	-8527.36836446353	150.07131202524639	1902.0209366973154	0.09395359154396478	0.16205732851415766	0.14166455073776993	2.4747611316086617	1.2516377463317236	1.0460025756623716	1.0135102041388082	0.08389163321835698	3.087746143557585	0.15805559258338472	0.20934146857482966	0.16205732851415766	0.14166455073776993	2.4747611316086617	1.2516377463317236	1.0460025756623716	1.0135102041388082	0.08389163321835698	3.087746143557585	0.15805559258338472	0.20934146857482966	6.381103558494823	0.287705234203444	0.2071127578106444	0.22267182426826948	0.282510183717642	0.48761641117271304	243.41099053522595	-1024.7625953933743	3.349529792625094E-4	0.7478235347941189	2.8567256122680315E-4	7.222330442166703E-8	0.8402290669545411
4520000	-9714.226588086409	-8717.914065885941	-996.3125222004667	-8540.655877226629	144.9377711628432	1491.9576070000116	0.10078153119211593	0.6104544375334171	0.27508789050516097	0.8344685512949791	0.5030241713129754	0.18193855852685842	8.615323342294516	0.9098054470525622	4.52546936220586	0.18899184018111884	1.63625265689575	0.6104544375334171	0.27508789050516097	0.8344685512949791	0.5030241713129754	0.18193855852685842	8.615323342294516	0.9098054470525622	4.52546936220586	0.18899184018111884	1.63625265689575	6.381103558494823	0.287705234203444	0.2071127578106444	0.22267182426826948	0.282510183717642	0.48761641117271304	147.7548852741152	-975.9988287357726	4.2312478317460306E-4	0.7529422763068518	3.5848524344057225E-4	1.2146433708325358E-7	0.851410578266468
4530000	-9672.846546671384	-8697.352935349047	-975.4936113223376	-8534.472053961777	113.54489398391442	1343.2843063755718	0.060083356601299494	0.1342288125043935	0.14839747988005544	0.2615580554771694	0.3798650215494215	0.6661049963613801	2.3490413260539302	0.2689191962567978	2.596982844399649	0.08864762744259601	0.5356070266991193	0.1342288125043935	0.14839747988005544	0.2615580554771694	0.3798650215494215	0.6661049963613801	2.3490413260539302	0.2689191962567978	2.596982844399649	0.08864762744259601	0.5356070266991193	6.381103558494823	0.287705234203444	0.2071127578106444	0.21047139814758017	0.29471060983833136	0.48761641117271304	137.10802259423974	-965.1397272196562	5.303705892859482E-4	0.7619050867873778	4.471218633519529E-4	1.6205975871542637E-7	0.7733410149419161
4540000	-9695.139919734112	-8708.511768738828	-986.6281509952836	-8542.38583043041	158.82892479852046	1480.2827223187428	0.05898359402630286	0.05978499425389918	0.4501230030871064	0.9686019947760771	0.4807021019592538	0.2651148366853798	3.7797159972361527	1.0340725306494305	3.670190251746661	0.17149058693457567	0.929275828304073	0.05978499425389918	0.4501230030871064	0.9686019947760771	0.4807021019592538	0.2651148366853798	3.7797159972361527	1.0340725306494305	3.670190251746661	0.17149058693457567	0.929275828304073	5.8812534066750075	0.287705234203444	0.21672687430403736	0.21047139814758017	0.28509649334493836	0.6984609661057694	139.32644977630727	-971.9391826866134	4.917299718357682E-4	0.745549258553149	3.959955688478853E-4	1.1100170165898352E-7	0.718935339107075
4550000	-9659.505657699672	-8699.38853816868	-960.1171195309935	-8537.59369583197	105.734582241277	1275.9614732469827	0.08534600003231918	0.5352898354064468	0.4483470150719063	0.3840226594725674	0.05466257487734876	1.065752321897215	5.402935342117832	1.4176173765158113	5.137417793664273	0.6072289646895115	0.6260638650553453	0.5352898354064468	0.4483470150719063	0.3840226594725674	0.05466257487734876	1.065752321897215	5.402935342117832	1.4176173765158113	5.137417793664273	0.6072289646895115	0.6260638650553453	5.8812534066750075	0.30078850757473763	0.20957596007679816	0.20521368966553627	0.28442184268292786	0.551514943824166	111.97529517604549	-941.8809308003781	5.628089122730081E-4	0.8485961456395087	4.3778506207572786E-4	1.6028584489258566E-7	0.7439725882152919
4560000	-9638.138356116258	-8688.615694882335	-949.5226612339237	-8523.283120671125	102.7113632014612	1180.590679780002	0.11036836232626482	0.5190097638014578	0.44778683364569266	0.02874655389044499	3.2206955773418215	0.8797041340425616	2.511872394098219	0.1605956416971095	3.2897983098731247	1.1549657667902673	0.6702860452830647	0.5190097638014578	0.44778683364569266	0.02874655389044499	3.2206955773418215	0.8797041340425616	2.511872394098219	0.1605956416971095	3.2897983098731247	1.1549657667902673	0.6702860452830647	5.8812534066750075	0.30078850757473763	0.20957596007679816	0.20521368966553627	0.28442184268292786	0.551514943824166	104.76344969048816	-934.0389325914597	5.848341791496957E-4	0.96169168685886	4.851241690662298E-4	1.663687616434885E-7	0.7464338552295168
4570000	-9647.477490498675	-8727.813969734383	-919.6635207642922	-8557.736153634725	74.55331907449003	990.7152041764738	0.0926362549252246	0.5803180012660496	0.25612964581531233	1.294848177190767	1.1257820173426438	1.597098015351246	0.9017507521220427	0.28625334172593325	3.5159259467454524	0.1817382755972103	0.047216590370258764	0.5803180012660496	0.25612964581531233	1.294848177190767	1.1257820173426438	1.597098015351246	0.9017507521220427	0.28625334172593325	3.5159259467454524	0.1817382755972103	0.047216590370258764	5.8812534066750075	0.3019774039427519	0.20838706370878388	0.20521368966553627	0.28442184268292786	0.38262081521281377	105.73038368604675	-907.184923708269	6.891141604332794E-4	0.9077870817087165	5.776962200595064E-4	2.7411993952052426E-7	0.816925376954521
4580000	-9634.154712183545	-8678.920613446147	-955.2340987373966	-8512.881493858005	86.85715810120794	1143.1477395357779	0.11533596066933864	0.5688391845852508	0.2510734380829653	0.3958546061505471	0.1082453473372473	0.42783479832950483	0.7450438714942776	0.2065899449011695	3.1876748502524284	0.2597894284378626	0.15651310434808066	0.5688391845852508	0.2510734380829653	0.3958546061505471	0.1082453473372473	0.42783479832950483	0.7450438714942776	0.2065899449011695	3.1876748502524284	0.2597894284378626	0.15651310434808066	6.117286770855393	0.29198470334404397	0.21837976430749179	0.20521368966553627	0.28442184268292786	0.38262081521281377	124.16799615976693	-946.2169626841289	6.561082774164215E-4	0.9545716229791089	5.044654665676077E-4	3.996341640205868E-7	1.1122900171843804
4590000	-9606.265911357223	-8675.586612691694	-930.6792986655283	-8497.680575406535	106.13844172175808	1079.9382204552523	0.11728548243111458	0.7307729862009287	0.10841348069119874	0.5606394303119924	0.008812846610787264	2.653714029107644	2.726462660212033	1.71170112668795	3.4322358790082967	0.09487237270375919	1.285780256539388	0.7307729862009287	0.10841348069119874	0.5606394303119924	0.008812846610787264	2.653714029107644	2.726462660212033	1.71170112668795	3.4322358790082967	0.09487237270375919	1.285780256539388	6.117286770855393	0.30092237731745985	0.21837976430749179	0.20521368966553627	0.275484168709512	0.500896497498759	119.88693613964377	-914.5559757702417	7.337662397551925E-4	0.912497100190143	5.394050106616785E-4	4.82377947455621E-7	1.0992498333954965
4600000	-9630.94348776262	-8688.548296388733	-942.395191373888	-8520.478684453243	107.80334932248181	1169.6987930018781	0.10372845100396261	0.18472533048460116	0.01776607197746534	0.3880325413922622	3.8124501391202688	1.2430228435121164	1.2439208220717781	0.8934223234645355	2.780484799183374	0.17308367012321765	0.3334935460549134	0.18472533048460116	0.01776607197746534	0.3880325413922622	3.8124501391202688	1.2430228435121164	1.2439208220717781	0.8934223234645355	2.780484799183374	0.17308367012321765	0.3334935460549134	5.73365212340965	0.30092237731745985	0.20310603308785313	0.20521368966553627	0.29075789992915063	0.500896497498759	123.4147838893553	-928.8472216955329	6.441368334909866E-4	0.8285464061800911	4.819231170293584E-4	2.389350538252981E-7	0.8621713055401327
4610000	-9634.815001816763	-8666.25535284644	-968.5596489703237	-8509.641617232304	121.80965447059046	1427.2547448095802	0.09121090830725037	0.26280674022589096	0.005398876682327714	0.6226614490310127	0.11533276612496632	0.33684039573926366	2.5316011885917282	0.7163953455427899	1.862981922160687	0.08054794789129124	0.29414388768456234	0.26280674022589096	0.005398876682327714	0.6226614490310127	0.11533276612496632	0.33684039573926366	2.5316011885917282	0.7163953455427899	1.862981922160687	0.08054794789129124	0.29414388768456234	6.287371220284421	0.2913398915112415	0.21268851889407148	0.20521368966553627	0.29075789992915063	0.500896497498759	136.3737392322171	-958.8637147191018	5.553158015213995E-4	0.9035683525919476	4.1793247676830635E-4	1.8829363446039396E-7	0.8667517337416559
4620000	-9655.416685477488	-8677.630958477816	-977.7857269996724	-8513.006022861804	138.25852522005323	1503.8250333363142	0.12534543720620694	0.10713701388554243	0.05501140187245738	0.8577029278518595	2.9218438908348605	0.30706900646206314	3.9842170988921457	0.46005936553028365	3.332103928715679	0.13460723557873652	1.8638129749675036	0.10713701388554243	0.05501140187245738	0.8577029278518595	2.9218438908348605	0.30706900646206314	3.9842170988921457	0.46005936553028365	3.332103928715679	0.13460723557873652	1.8638129749675036	6.287371220284421	0.2913398915112415	0.21268851889407148	0.20521368966553627	0.29075789992915063	0.500896497498759	146.58512004930364	-961.3712957158273	5.193691316738445E-4	0.8622416135391142	3.5461538405029766E-4	2.184788861828635E-7	0.997404202097555
4630000	-9682.498056659853	-8673.640559701129	-1008.8574969587238	-8499.674067702868	179.50833956461202	1843.796067574998	0.07228239379629302	1.4101701977038528	0.10959420878155243	0.402901512440743	1.585569011024245	0.17852350894152716	0.9628806921621109	0.2808985410307713	6.02631445426524	0.5726803563195991	0.4631964387196837	1.4101701977038528	0.10959420878155243	0.402901512440743	1.585569011024245	0.17852350894152716	0.9628806921621109	0.2808985410307713	6.02631445426524	0.5726803563195991	0.4631964387196837	6.287371220284421	0.2913398915112415	0.21268851889407148	0.20521368966553627	0.29075789992915063	0.500896497498759	178.26949630611415	-993.6673905609597	4.611097163480398E-4	0.8968323555756784	3.2301744896960643E-4	2.081124973848831E-7	1.0861853828570474
4640000	-9651.851700661242	-8686.009606069043	-965.8420945921995	-8517.180173282228	151.1305130502229	1479.3279790687586	0.11146894684903978	0.06376081548461575	0.0881667090211356	0.6642998651292286	0.06378607256907616	1.0474327973547406	1.638319668546533	0.6027946297498757	4.227322365526524	0.12883887896890783	0.5696114726838472	0.06376081548461575	0.0881667090211356	0.6642998651292286	0.06378607256907616	1.0474327973547406	1.638319668546533	0.6027946297498757	4.227322365526524	0.12883887896890783	0.5696114726838472	5.945911915297957	0.2832886171862951	0.2207397932190179	0.20521368966553627	0.29075789992915063	0.500896497498759	146.12661048826124	-954.2851325554637	5.209611491090352E-4	0.883063128783346	3.7726576947546674E-4	2.275415940262001E-7	0.9780823096740279
4650000	-9653.274216902208	-8674.145646309002	-979.1285705932058	-8510.855377436088	118.40080590897269	1446.457141492464	0.10627882445848287	0.2293200529563484	0.04962102104759677	0.12049986187711834	1.1784080898649167	0.06241295930148957	1.8068237510053489	0.03602184100218519	2.757593101150822	0.17233688839630792	1.1456930954764384	0.2293200529563484	0.04962102104759677	0.12049986187711834	1.1784080898649167	0.06241295930148957	1.8068237510053489	0.03602184100218519	2.757593101150822	0.17233688839630792	1.1456930954764384	6.331390329013365	0.2832886171862951	0.2064779654809254	0.21947551740362878	0.29075789992915063	0.6179147825188203	137.17545743988794	-969.110183616292	4.985006022878002E-4	0.834775291595405	3.7796031668554573E-4	2.4902480873099373E-7	1.0768434111510596
4660000	-9672.847406238312	-8680.835628779316	-992.0117774589968	-8512.528429870474	122.4091856867627	1651.499102227602	0.11543853870636876	0.3446541112220474	0.15515612746098706	0.21514804705013355	3.310251619150232	0.8254265840251835	1.2200793239871806	0.4087214456469466	4.502867718151495	0.32428056990419707	0.1984835811334357	0.3446541112220474	0.15515612746098706	0.21514804705013355	3.310251619150232	0.8254265840251835	1.2200793239871806	0.4087214456469466	4.502867718151495	0.32428056990419707	0.1984835811334357	7.249809570832835	0.3113128693881872	0.2064779654809254	0.202350610039794	0.2798585550910933	0.6179147825188203	180.70545035228406	-977.9105453681535	4.5286716475242153E-4	0.7591610439921482	3.296449668441197E-4	2.0901090725413153E-7	1.0799064754224408
4670000	-9686.254496516694	-8696.528323237635	-989.7261732790593	-8518.4937220881	102.3187361473712	1409.7585097100798	0.10631045501035681	0.307981127775763	0.3452668048240513	0.9545173670991277	0.07152020478303286	1.3511546022849326	1.4807221878030963	0.0388397470646786	4.184144523423853	1.0046551642302881	0.40021382147615536	0.307981127775763	0.3452668048240513	0.9545173670991277	0.07152020478303286	1.3511546022849326	1.4807221878030963	0.0388397470646786	4.184144523423853	1.0046551642302881	0.40021382147615536	6.784595569380694	0.3113128693881872	0.2064779654809254	0.202350610039794	0.2798585550910933	0.6179147825188203	163.49933710638913	-977.1309825088034	5.152673636191603E-4	0.7107047825030207	3.9221053677486613E-4	2.2452857769602747E-7	0.95033786310668
4680000	-9710.55160114755	-8710.642849756992	-999.9087513905579	-8537.597507581511	114.05812700102358	1594.8594926976477	0.11843615603905855	0.2333779453056678	0.17691546333166933	0.09669134750355399	1.8609335956742226	0.3893172074200846	1.7064997431568123	0.9498503085380233	8.881931656476691	0.16613169879732714	1.5600787225089852	0.2333779453056678	0.17691546333166933	0.09669134750355399	1.8609335956742226	0.3893172074200846	1.7064997431568123	0.9498503085380233	8.881931656476691	0.16613169879732714	1.5600787225089852	6.784595569380694	0.3113128693881872	0.2064779654809254	0.202350610039794	0.2798585550910933	0.4250200878424258	162.31263162147482	-981.7081499122595	5.002219631641175E-4	0.7316592009051801	3.7058563597254903E-4	2.0114887355605748E-7	0.9508709510053054
4690000	-9666.399992053794	-8667.77140597205	-998.6285860817445	-8496.666440251696	105.00344408969973	1574.103111817756	0.09294119866359131	0.6789977814189833	0.09780302432493546	0.19759457955016677	0.24590103893978768	0.650371865079057	2.566283290271906	0.13716266196805338	5.170044848557885	0.3723915399192486	0.1146046046664423	0.6789977814189833	0.09780302432493546	0.19759457955016677	0.24590103893978768	0.650371865079057	2.566283290271906	0.13716266196805338	5.170044848557885	0.3723915399192486	0.1146046046664423	6.784595569380694	0.3113128693881872	0.2064779654809254	0.202350610039794	0.2798585550910933	0.5274046541730093	154.45805235940549	-985.9260360899214	4.3172593138341195E-4	0.7714022303373265	3.423177882946424E-4	1.820766782431785E-7	1.018532707662924
4700000	-9662.433319308462	-8687.499697887679	-974.9336214207829	-8520.20018135948	121.22183460904145	1529.344972634015	0.09364431975443177	0.4705385195479863	0.1221019650358791	0.4362623015553905	0.5005808148873591	0.4647461489138565	1.4330160598542014	0.29271787737793714	3.072228299305856	0.11592243374225963	0.6916563513788077	0.4705385195479863	0.1221019650358791	0.4362623015553905	0.5005808148873591	0.4647461489138565	1.4330160598542014	0.29271787737793714	3.072228299305856	0.11592243374225963	0.6916563513788077	6.784595569380694	0.3113128693881872	0.2064779654809254	0.202350610039794	0.2798585550910933	0.4681071313525334	160.14063804238455	-964.8505779150788	4.11617127214829E-4	0.7988895563014664	3.4308790014467636E-4	1.276177905088255E-7	0.8710763723426679
4710000	-9642.960548584331	-8666.122676094343	-976.8378724899877	-8497.84743404598	115.9589535959895	1485.682404394076	0.07678127649797689	0.4766403912258986	0.10613437351511781	0.956671922741503	0.23147567280060174	1.21775180683101	0.5021262333504051	0.19997950402026166	4.862778016880537	0.22320708187500432	0.30525045011476665	0.4766403912258986	0.10613437351511781	0.956671922741503	0.23147567280060174	1.21775180683101	0.5021262333504051	0.19997950402026166	4.862778016880537	0.22320708187500432	0.30525045011476665	7.505768154264765	0.2978642029090937	0.21856928361931952	0.202350610039794	0.2812159034317927	0.4681071313525334	151.47300261318168	-964.7071129201781	4.948470247959748E-4	0.8254828851481035	4.0175486657112366E-4	2.241152675691896E-7	0.9290960772365617
4720000	-9660.692238598258	-8679.649103420905	-981.0431351773531	-8510.465056134204	116.749644443317	1504.06518077321	0.0793025817421373	0.6707805631524103	0.5237674277860074	0.8380185133530095	0.33319819803558676	0.5672926945550927	1.63297697223404	0.11036154268735664	4.354532988091026	0.10660172685824869	1.0045511559577134	0.6707805631524103	0.5237674277860074	0.8380185133530095	0.33319819803558676	0.5672926945550927	1.63297697223404	0.11036154268735664	4.354532988091026	0.10660172685824869	1.0045511559577134	5.770004408421963	0.2840835829889802	0.21856928361931952	0.21613122995990752	0.2812159034317927	0.6007140842095174	150.6078039114958	-968.1828411059192	4.4631618122520237E-4	0.8755473028428596	3.578046142627364E-4	2.2016264203140108E-7	1.0631800529510904
4730000	-9723.130312840003	-8672.781064560764	-1050.3492482792399	-8506.355750884439	150.37283309890483	2152.787700523446	0.054138652399166994	0.41035797035958077	0.004221143695131108	0.08193795858362883	0.049552983727503275	0.11451344468911194	1.2185453703931604	0.2583475151811998	2.883310370387682	0.43555295480444667	0.4066735968306429	0.41035797035958077	0.004221143695131108	0.08193795858362883	0.049552983727503275	0.11451344468911194	1.2185453703931604	0.2583475151811998	2.883310370387682	0.43555295480444667	0.4066735968306429	6.616229506466976	0.2840835829889802	0.21856928361931952	0.21613122995990752	0.2812159034317927	0.4924656161559877	239.2747349683295	-1041.2494469439168	3.0837990410083246E-4	0.7882411362071761	2.5175299200517646E-4	9.73040600754459E-8	1.0189488122983266
4740000	-9689.354426363687	-8680.431680636753	-1008.9227457269333	-8512.94518391672	134.44871224583795	1806.5029248581345	0.08149005991669996	0.16592738508232546	0.05396838767875722	0.05104412114478479	1.7857454743602483	1.4883303237108736	0.41632729403896473	0.1395551722218227	2.1247405393035037	0.1638692349928916	0.46701558304633545	0.16592738508232546	0.05396838767875722	0.05104412114478479	1.7857454743602483	1.4883303237108736	0.41632729403896473	0.1395551722218227	2.1247405393035037	0.1638692349928916	0.46701558304633545	6.616229506466976	0.2840835829889802	0.21856928361931952	0.21613122995990752	0.2812159034317927	0.4924656161559877	166.14397867707333	-999.7459803992066	3.2359092024078446E-4	0.7819560193640277	2.719091682273682E-4	1.394943992134615E-7	1.1027207893764897
4750000	-9656.812597339347	-8691.602851678963	-965.2097456603849	-8522.847756537469	128.3890132934594	1531.364215184307	0.11477031231552154	0.08825119886243167	0.15549238150765696	0.01976733527100138	1.2473270911322694	0.3234571209815193	0.7909882469545699	0.02004805265766761	2.5925498910094515	0.7492327084080139	0.032423744012396956	0.08825119886243167	0.15549238150765696	0.01976733527100138	1.2473270911322694	0.3234571209815193	0.7909882469545699	0.02004805265766761	2.5925498910094515	0.7492327084080139	0.032423744012396956	5.8631787979509395	0.2840835829889802	0.20658831539138867	0.21613122995990752	0.2931968716597236	0.590233736534087	146.46199307417862	-957.2048750874385	4.3418400999517803E-4	0.7771152226100536	3.7087599318147614E-4	2.7214445455801224E-7	1.1372648752450927
4760000	-9645.187363481366	-8681.03272612509	-964.1546373562758	-8510.171499630313	108.45704762754222	1337.770957214744	0.11226550317755407	0.7534180814689004	0.008601075508591223	0.592630125846684	0.5691149528320097	0.1286531966405256	1.3227459554552334	0.34040286685887733	2.4132415384147174	0.0014911916337397783	0.883971234533969	0.7534180814689004	0.008601075508591223	0.592630125846684	0.5691149528320097	0.1286531966405256	1.3227459554552334	0.34040286685887733	2.4132415384147174	0.0014911916337397783	0.883971234533969	5.8631787979509395	0.2840835829889802	0.21610480255530848	0.22465722106826636	0.27515439338744496	0.640176810841219	143.3758802195829	-955.0717436590785	5.131600094765243E-4	0.7517525013310737	3.98474183335952E-4	3.544883029823195E-7	1.1232819059265053
4770000	-9695.648284665494	-8700.74048642451	-994.907798240983	-8535.811842677113	125.67637334108561	1680.4226755494924	0.08939372472696479	0.2083784561965957	0.004005826536912264	0.6888256203461914	0.13491641526516568	0.23867470045970426	1.5277079633214445	0.5095474533700416	4.23644549975867	0.1494045618664831	0.14477094922590047	0.2083784561965957	0.004005826536912264	0.6888256203461914	0.13491641526516568	0.23867470045970426	1.5277079633214445	0.5095474533700416	4.23644549975867	0.1494045618664831	0.14477094922590047	5.324215171329888	0.3062327365300549	0.19395564901423373	0.22465722106826636	0.27515439338744496	0.640176810841219	134.00795300982742	-984.5541376021723	4.1304578573940926E-4	0.9153386911640854	3.2013999732325083E-4	3.412611515705802E-7	1.2920958086256535
4780000	-9659.960719706438	-8675.151639174124	-984.8090805323136	-8507.394021864942	143.73766637660816	1599.7179207477614	0.08097636765589428	0.14649363877458985	0.27198499530165876	1.4272400247314472	0.4925737988410967	1.984209511336171	0.10608528751338145	0.8937424527722804	4.728986353774627	0.07887971437510566	1.3455594566532314	0.14649363877458985	0.27198499530165876	1.4272400247314472	0.4925737988410967	1.984209511336171	0.10608528751338145	0.8937424527722804	4.728986353774627	0.07887971437510566	1.3455594566532314	5.892564646838445	0.3062327365300549	0.19006970307205553	0.22465722106826636	0.27904033932962313	0.43540339682977813	150.28422813997005	-970.6581955523097	4.692833740476838E-4	0.8651990750121699	3.5193759550565523E-4	3.847807184402798E-7	1.2038203606770943
4790000	-9744.439446022021	-8691.895211212697	-1052.5442348093231	-8517.336640245543	188.35746444067803	2201.1642530550585	0.045955871010499	0.6685059760715792	0.5007256200837243	0.27191669584830275	2.203820591140392	2.656621273425319	0.7124241000488556	0.7808826329694216	6.807112482848761	1.0218534902202299	0.4887880925177449	0.6685059760715792	0.5007256200837243	0.27191669584830275	2.203820591140392	2.656621273425319	0.7124241000488556	0.7808826329694216	6.807112482848761	1.0218534902202299	0.4887880925177449	7.2630063397626445	0.3062327365300549	0.19006970307205553	0.2181348661424579	0.2855626942554316	0.43540339682977813	220.8796462660226	-1032.7018074443306	2.945319162377217E-4	0.8298158923328195	2.3728969116937408E-4	1.0425332788466584E-7	1.0386508098440916
4800000	-9724.38679238748	-8690.501734473437	-1033.8850579140442	-8518.054946466595	166.2948342273357	1887.9694677505372	0.05842550925675081	0.04557672325024966	0.06305958780094195	2.6835699725055644	0.1255055970344937	0.5597575587414771	0.23883038730000655	0.05644778177292313	3.4018628396818014	0.4188485402348095	0.2539337260714194	0.04557672325024966	0.06305958780094195	2.6835699725055644	0.1255055970344937	0.5597575587414771	0.23883038730000655	0.05644778177292313	3.4018628396818014	0.4188485402348095	0.2539337260714194	6.505670583316086	0.3062327365300549	0.2077972505531063	0.20040731866140712	0.2855626942554316	0.43540339682977813	205.37280025529805	-1023.1365910952494	3.51320813926866E-4	0.731664517926891	2.939301327004344E-4	9.773913099768398E-8	0.8557631302798632
4810000	-9705.764580287538	-8696.431868749616	-1009.3327115379207	-8534.497192523402	187.55059018308197	1875.6463430610033	0.07638552121708457	0.5673900202066293	0.09303602444252568	1.2717520685335506	0.622631815146445	0.7515066635715186	0.9616615242504498	0.20391483769237212	4.9312093102767	0.5026757775121772	0.6594004975589752	0.5673900202066293	0.09303602444252568	1.2717520685335506	0.622631815146445	0.7515066635715186	0.9616615242504498	0.20391483769237212	4.9312093102767	0.5026757775121772	0.6594004975589752	5.99769320522409	0.3034997834495473	0.20344971056547792	0.2074878117295431	0.2855626942554316	0.4013584566727353	171.13514410305876	-996.1606389199158	3.6194334720292536E-4	0.8584867865068854	3.226643995719904E-4	1.2413644850214152E-7	0.8709352185920185
4820000	-9703.189866091447	-8705.101193433831	-998.0886726576157	-8538.926182394243	216.7430961930851	1782.0610300013775	0.08227404385228203	0.27951774713031224	0.3595972508134083	1.6166737332221315	4.960813357050088	1.5427209773442798	0.7116928270731746	0.030119495118193815	3.6594878428535895	0.7972286821671862	0.23262084742218242	0.27951774713031224	0.3595972508134083	1.6166737332221315	4.960813357050088	1.5427209773442798	0.7116928270731746	0.030119495118193815	3.6594878428535895	0.7972286821671862	0.23262084742218242	5.99769320522409	0.3034997834495473	0.20344971056547792	0.21929870148815486	0.27375180449681985	0.686243457379694	163.69656950362173	-981.3416700774329	3.631699277617482E-4	0.8079271673353048	2.955453451031772E-4	1.124667031803541E-7	0.8663081951418388
4830000	-9670.29260969785	-8683.882703594581	-986.409906103269	-8516.351013178519	285.05478625813913	1817.5461345655046	0.07828961893099726	0.17044729310375528	0.20683314661741986	0.3834253097646753	0.31211293578058397	0.6362311279021189	2.814943256921038	0.617859410558327	5.257712059366546	0.4721581454260022	0.16145764883772082	0.17044729310375528	0.20683314661741986	0.3834253097646753	0.31211293578058397	0.6362311279021189	2.814943256921038	0.617859410558327	5.257712059366546	0.4721581454260022	0.16145764883772082	5.99769320522409	0.2907716918697573	0.20344971056547792	0.21929870148815486	0.28647989607660984	0.42934501460130703	135.20098276072946	-972.7566995739519	4.358863281114924E-4	0.9023550934048074	3.1477880738730647E-4	2.6510634192079997E-7	1.0823131288636876
4840000	-9675.586273933875	-8667.307511957571	-1008.2787619763031	-8495.112602401	164.12714827612842	1727.245930549163	0.09166236823535867	0.09249212919937704	0.16553686795840344	0.2955336994500335	0.019404016534887467	1.2025525693308372	1.1254584758939448	0.2294641037143513	2.531242493414633	0.013679336226587922	2.8650616853826456	0.09249212919937704	0.16553686795840344	0.2955336994500335	0.019404016534887467	1.2025525693308372	1.1254584758939448	0.2294641037143513	2.531242493414633	0.013679336226587922	2.8650616853826456	6.952639696212166	0.2907716918697573	0.21587307015006782	0.20687534190356496	0.28647989607660984	0.6002488103740059	173.39346001832766	-997.1499775221205	4.067556282370881E-4	0.7694035523454087	3.290195823027049E-4	2.168034965142045E-7	1.0968902116853965
4850000	-9640.989762645433	-8667.80397800568	-973.1857846397533	-8499.954177313766	128.3895698741869	1380.4868361463687	0.07495142431240537	0.0479712723300401	0.0061369994463508215	1.305932125980344	2.4091828418503463	2.572161279674682	0.10273664634619083	0.48607296746927764	3.250517977862811	0.6318531298281049	0.462986099875666	0.0479712723300401	0.0061369994463508215	1.305932125980344	2.4091828418503463	2.572161279674682	0.10273664634619083	0.48607296746927764	3.250517977862811	0.6318531298281049	0.462986099875666	5.9016705875107	0.2907716918697573	0.21587307015006782	0.20687534190356496	0.28647989607660984	0.44942319743737486	130.1253884440772	-959.6064564304219	4.61481539749336E-4	0.7812408090753128	4.2060553453113545E-4	1.6325378192614076E-7	0.8873315670803206
4860000	-9650.09296306879	-8667.421807217137	-982.6711558516524	-8493.587127287457	123.18984398446199	1466.7225819616103	0.11261472133873002	1.2188858051640474	0.027898939245654706	0.21689918462423197	0.2248682000446455	0.4378384703797227	1.114421374607113	0.4972541815574862	4.276538274552251	0.609556766250446	0.0045486037422622205	1.2188858051640474	0.027898939245654706	0.21689918462423197	0.2248682000446455	0.4378384703797227	1.114421374607113	0.4972541815574862	4.276538274552251	0.609556766250446	0.0045486037422622205	6.689437195794198	0.2907716918697573	0.21587307015006782	0.20687534190356496	0.28647989607660984	0.39755345324027486	159.6873770847026	-971.8736285755098	3.9982956723987723E-4	0.8223165267006572	3.548501233080711E-4	1.2943700794979927E-7	0.8904683998366173
4870000	-9652.919723914425	-8672.293656878175	-980.6260670362494	-8505.658748886475	118.2642082549102	1360.1700466926034	0.049810525417774615	0.01200102452713519	0.0010521325113827312	1.2424575707729422	0.3662487735194359	0.8378399893932815	0.834174876479809	0.33578947240221757	2.394595681196286	0.30567939058225474	0.2995568920884592	0.01200102452713519	0.0010521325113827312	1.2424575707729422	0.3662487735194359	0.8378399893932815	0.834174876479809	0.33578947240221757	2.394595681196286	0.30567939058225474	0.2995568920884592	5.561751441821269	0.2907716918697573	0.21587307015006782	0.20687534190356496	0.28647989607660984	0.4926295979167602	151.70830951766416	-971.2345896467234	4.661791830357494E-4	0.7055849928056824	4.324683353340432E-4	1.480639999930344E-7	0.7903718677306539
4880000	-9679.627929334272	-8678.388732275296	-1001.2391970589757	-8517.324077663576	138.3025471455565	1590.190984580999	0.08068354687326326	0.04570868682850299	0.022755920602805096	0.09058760458605104	3.712474609663079	0.597874406352022	3.354992325913126	0.11183699570966926	2.9331149920211153	0.7349626328699996	0.18136950221221845	0.04570868682850299	0.022755920602805096	0.09058760458605104	3.712474609663079	0.597874406352022	3.354992325913126	0.11183699570966926	2.9331149920211153	0.7349626328699996	0.18136950221221845	6.189880637666308	0.31117901373771695	0.21587307015006782	0.20687534190356496	0.2660725742086502	0.5058734505170506	165.02552792674365	-987.6739700940511	3.4864537198439096E-4	0.6083083682615208	3.3155841616196895E-4	6.06493277245806E-8	0.7020615007846692
4890000	-9664.552188282487	-8681.199132319742	-983.3530559627445	-8527.10956294433	157.12044667425135	1618.4413184059777	0.06761435458968852	0.01296194696473232	0.19630211272234202	1.0245258971931366	0.5404040813186154	0.58594775521451	2.0165876428409315	0.20537733100544536	2.604239852245562	0.28800580273463855	0.6702769335567625	0.01296194696473232	0.19630211272234202	1.0245258971931366	0.5404040813186154	0.58594775521451	2.0165876428409315	0.20537733100544536	2.604239852245562	0.28800580273463855	0.6702769335567625	6.688966326830892	0.2979801639271023	0.21587307015006782	0.20687534190356496	0.27927142401926486	0.5058734505170506	149.76952366436328	-972.5654051647305	4.1000261867757447E-4	0.7574038495054389	3.517493962227612E-4	8.598233041245175E-8	0.6882910140362983
4900000	-9658.143306043867	-8660.571884407971	-997.5714216358958	-8489.796381287422	106.30869530074185	1427.0202017231882	0.04839563122190367	0.5950077758912982	0.07496919124130966	0.610268822975157	0.73738436564862	0.3062159315858298	1.7173421267219202	0.013483221988514675	4.522437755071878	0.7078287967795335	0.6184466063568519	0.5950077758912982	0.07496919124130966	0.610268822975157	0.73738436564862	0.3062159315858298	1.7173421267219202	0.013483221988514675	4.522437755071878	0.7078287967795335	0.6184466063568519	6.688966326830892	0.3071093784935915	0.20674385558357863	0.20687534190356496	0.27927142401926486	0.5058734505170506	180.3412173299031	-983.9831132769816	4.322625559621009E-4	0.8438232041831469	3.8241109979202516E-4	8.240021310391304E-8	0.6794449850668292
4910000	-9618.939189001738	-8651.206852185447	-967.7323368162905	-8486.229073724891	102.23857282822338	1349.2109145037991	0.054176362386809576	0.11063473936618705	0.1037761593125912	1.3588265056544135	0.8221016512859508	1.4778594217090926	0.3772774902903413	0.42758579999303237	3.944518728319023	0.2715084636541716	1.97375341927996	0.11063473936618705	0.1037761593125912	1.3588265056544135	0.8221016512859508	1.4778594217090926	0.3772774902903413	0.42758579999303237	3.944518728319023	0.2715084636541716	1.97375341927996	6.624436541369739	0.3071093784935915	0.20674385558357863	0.20687534190356496	0.27927142401926486	0.5058734505170506	133.44603540996962	-953.1667758108729	5.037569774223011E-4	0.9541343707240638	4.055562158155965E-4	2.405473832373646E-7	1.0123988697380175
4920000	-9623.642399621785	-8669.223784340098	-954.4186152816881	-8500.717725572507	104.4692749516644	1280.0951337522838	0.08818503546253481	0.27500065932367745	0.5452639489725478	1.3110840348149244	0.2524668548860772	0.5918496551248759	1.0455868479295494	0.09940206562448534	2.983359721939928	0.2574176374746338	0.43884139272782824	0.27500065932367745	0.5452639489725478	1.3110840348149244	0.2524668548860772	0.5918496551248759	1.0455868479295494	0.09940206562448534	2.983359721939928	0.2574176374746338	0.43884139272782824	6.624436541369739	0.2966180703192533	0.20674385558357863	0.21736665007790315	0.27927142401926486	0.5058734505170506	116.61852255773204	-944.1563690809205	4.8202898274436875E-4	0.8419788073656844	4.105407628900354E-4	1.595933770794076E-7	0.9046961092101617
4930000	-9690.87237509425	-8680.185505685517	-1010.686869408733	-8514.752959066593	154.80663199309606	1772.1243385361345	0.0664530386861956	0.025033091147391308	0.2958957524699083	0.7026529868959474	0.27054939768536296	0.9714433854499088	0.295656420030323	0.36170375711726555	6.176278219518366	0.11351579496307562	1.2677313192462172	0.025033091147391308	0.2958957524699083	0.7026529868959474	0.27054939768536296	0.9714433854499088	0.295656420030323	0.36170375711726555	6.176278219518366	0.11351579496307562	1.2677313192462172	5.814798990143224	0.2966180703192533	0.20674385558357863	0.21736665007790315	0.27927142401926486	0.5058734505170506	186.72102738853707	-997.7741367948992	3.9900875047336283E-4	0.6924552477836631	3.314432628022505E-4	9.332797487522034E-8	0.7381853572805728
4940000	-9700.573489248523	-8680.444849119978	-1020.128640128545	-8509.920508090498	127.3260114829756	1673.3789770544065	0.1197608885284921	2.5815393884177493	0.04568109518103493	0.4646024317595137	0.3219359940734044	0.3572830986540149	1.633855703519034	1.218296995512626	1.4068937650616882	0.3564814517516952	0.6014154025262768	2.5815393884177493	0.04568109518103493	0.4646024317595137	0.3219359940734044	0.3572830986540149	1.633855703519034	1.218296995512626	1.4068937650616882	0.3564814517516952	0.6014154025262768	5.676623181744702	0.2966180703192533	0.20674385558357863	0.21736665007790315	0.27927142401926486	0.4538759423595843	179.13798164428079	-1008.9938767805618	3.8106251341878507E-4	0.8737196413822959	3.262024105847208E-4	9.006132954307661E-8	0.8244100957722135
4950000	-9673.016786183105	-8674.216226915249	-998.8005592678567	-8507.761595973565	143.2458540068474	1600.773324120355	0.054747412024641805	0.3878909155070479	0.22417980827950929	1.1699455113422328	0.01277253166323488	0.5975075320995947	1.1478116867436325	0.5904434839196919	4.242230387992634	0.30921160753676324	0.8106668037373389	0.3878909155070479	0.22417980827950929	1.1699455113422328	0.01277253166323488	0.5975075320995947	1.1478116867436325	0.5904434839196919	4.242230387992634	0.30921160753676324	0.8106668037373389	5.676623181744702	0.2966180703192533	0.20674385558357863	0.21736665007790315	0.27927142401926486	0.4538759423595843	203.641193171121	-986.1984727370202	4.418955660636283E-4	0.7865447323929636	3.462261981029063E-4	1.4210908722458106E-7	0.8620638242259877
4960000	-9637.638259635953	-8664.603100522745	-973.0351591132074	-8493.44110416145	114.0010930999745	1378.90791250856	0.07787161924045033	0.21975329913648878	0.10898061325592967	0.3412082683981712	0.019493472255571295	0.7222419533209032	0.5024782927352681	2.2739085187210835	3.4994866568718135	1.0611574025548025	1.2601406168992078	0.21975329913648878	0.10898061325592967	0.3412082683981712	0.019493472255571295	0.7222419533209032	0.5024782927352681	2.2739085187210835	3.4994866568718135	1.0611574025548025	1.2601406168992078	5.676623181744702	0.2966180703192533	0.20674385558357863	0.21736665007790315	0.27927142401926486	0.4538759423595843	134.9038253341043	-960.299378000035	5.484496602716226E-4	0.8759124902868445	4.312233980200873E-4	2.030395602869965E-7	0.8559632838089468
4970000	-9651.974069424858	-8694.527768389413	-957.4463010354453	-8527.457665376223	109.48855924674776	1265.3203099710786	0.09787605702194348	0.8015198495392576	0.08156675033526625	0.33406312982936576	1.506778284114468	0.9918374307369289	0.9805747594748828	0.3525358498380131	4.030171395222997	0.31853000271748183	2.0097966208884865	0.8015198495392576	0.08156675033526625	0.33406312982936576	1.506778284114468	0.9918374307369289	0.9805747594748828	0.3525358498380131	4.030171395222997	0.31853000271748183	2.0097966208884865	6.835811428922902	0.289187755069576	0.21417417083325593	0.21736665007790315	0.27927142401926486	0.4150691908879369	132.47958033107318	-943.5295442443906	5.498072958172674E-4	0.8304181423532124	4.177716225448968E-4	1.9236246865205882E-7	0.8775170340773073
4980000	-9660.436550307639	-8690.841321811473	-969.5952284961662	-8521.649475055514	126.6158995583229	1445.3672561116534	0.13065941257099667	0.010921200183034562	0.1787592480887013	0.5844535524871091	2.063496077306261	0.3340305029592158	2.8254427157268798	0.10085773281316715	1.621695129231426	0.2716813910724487	0.20812425026174872	0.010921200183034562	0.1787592480887013	0.5844535524871091	2.063496077306261	0.3340305029592158	2.8254427157268798	0.10085773281316715	1.621695129231426	0.2716813910724487	0.20812425026174872	6.664618635156929	0.29897485874354024	0.21417417083325593	0.20757954640393894	0.27927142401926486	0.4150691908879369	142.6568684488877	-959.592858829064	4.8540709986335753E-4	0.7249675887608463	3.690295774069852E-4	1.3717898978246863E-7	0.8290901032402734
4990000	-9681.850268401296	-8677.586285044072	-1004.2639833572249	-8518.299605242864	150.77150940854114	1726.6021924459098	0.08824169448714517	0.06825897795860456	0.022556181965584083	0.09257624388513702	0.6936924495086533	1.224266573633741	0.7685263380266277	0.4245835576484221	3.2421807708325696	0.2706675790531388	2.109153987257332	0.06825897795860456	0.022556181965584083	0.09257624388513702	0.6936924495086533	1.224266573633741	0.7685263380266277	0.4245835576484221	3.2421807708325696	0.2706675790531388	2.109153987257332	6.300428508957454	0.29897485874354024	0.21417417083325593	0.20757954640393894	0.27927142401926486	0.5496395088901104	182.92590134102568	-992.8559857918759	3.842072903702215E-4	0.7858385270465538	3.031976704624358E-4	8.804292279657232E-8	0.8581476471674935
5000000	-9693.531883418606	-8705.367974815663	-988.1639086029421	-8533.950783062795	144.86756960344383	1556.7619104336015	0.08635323429283243	0.6635670205848578	0.48918335474893127	0.5339150487005028	0.6831412394444119	1.3385499009634712	0.24961870855272844	0.47167763815159974	7.089116457280377	0.30058919438116877	2.0611176544175804	0.6635670205848578	0.48918335474893127	0.5339150487005028	0.6831412394444119	1.3385499009634712	0.24961870855272844	0.47167763815159974	7.089116457280377	0.30058919438116877	2.0611176544175804	6.300428508957454	0.29897485874354024	0.21417417083325593	0.20757954640393894	0.27927142401926486	0.5496395088901104	145.00747464599104	-971.5255981884677	4.704627794919986E-4	0.8749209458008373	3.53067112893646E-4	1.7688796975433746E-7	0.961771565366502
5010000	-9650.213479099675	-8680.607493282827	-969.605985816849	-8506.240941384815	133.24388539809183	1405.8317449379972	0.14579813826474425	0.24532276183840104	0.32356094142830133	0.3369722468659919	1.9977602002880541	0.6577783554040371	0.9638809777829271	0.1627917109436382	3.9212359963968857	0.1704786584865909	0.1410700688754711	0.24532276183840104	0.32356094142830133	0.3369722468659919	1.9977602002880541	0.6577783554040371	0.9638809777829271	0.1627917109436382	3.9212359963968857	0.1704786584865909	0.1410700688754711	6.300428508957454	0.29897485874354024	0.21417417083325593	0.20757954640393894	0.27927142401926486	0.5496395088901104	126.29196090113366	-958.5416993099715	5.305512262521582E-4	0.8547297691197769	4.0912190328324017E-4	2.378990407139218E-7	0.9627468800665926
5020000	-9659.206924457418	-8682.896025403286	-976.3108990541309	-8512.012720518664	139.76953093427693	1437.2552770178345	0.06558500185460156	0.21643030819119075	0.16564689885895867	0.30754155851999104	0.1813775912437347	0.5343918550402847	1.0170835530586266	0.08376389841868451	1.2634920199601751	0.016955223205233808	0.43332555076139645	0.21643030819119075	0.16564689885895867	0.30754155851999104	0.1813775912437347	0.5343918550402847	1.0170835530586266	0.08376389841868451	1.2634920199601751	0.016955223205233808	0.43332555076139645	6.300428508957454	0.29897485874354024	0.21417417083325593	0.20757954640393894	0.27927142401926486	0.47339895689295813	128.4894622581398	-968.9492997962901	5.223851066623568E-4	0.9101014859854515	4.0573002912522E-4	1.9209002100126763E-7	0.9220786243607069
5030000	-9618.322611831756	-8668.480423411682	-949.8421884200748	-8505.444261210616	127.64684314134472	1272.0679103318098	0.09147693625789802	0.4087884408008981	0.49886522250521487	0.10707865691127356	0.05713089002506351	0.5171468133898768	1.5025230195868264	0.10516609162821554	4.628025986417872	0.13218984446706045	0.32484351040773973	0.4087884408008981	0.49886522250521487	0.10707865691127356	0.05713089002506351	0.5171468133898768	1.5025230195868264	0.10516609162821554	4.628025986417872	0.13218984446706045	0.32484351040773973	6.857621214841255	0.30029867315733194	0.21417417083325593	0.21590240106722433	0.26962475494218774	0.47472666758921356	134.5937503960721	-939.2494607806013	5.355940229705889E-4	0.7250597646732291	4.3074897776304637E-4	2.4032723117087444E-7	0.9339410453921609
5040000	-9611.51491490774	-8663.387205471963	-948.1277094357768	-8496.30596441499	127.42937881175878	1313.1801726425265	0.07908498868510722	0.4044731859748127	0.029899866612350813	0.4760758976245553	0.7284850262030886	1.2208769778239073	1.301024320498869	0.5713919694944792	4.6297161820866775	0.2560187596777349	0.7604317556975206	0.4044731859748127	0.029899866612350813	0.4760758976245553	0.7284850262030886	1.2208769778239073	1.301024320498869	0.5713919694944792	4.6297161820866775	0.2560187596777349	0.7604317556975206	6.857621214841255	0.30029867315733194	0.21417417083325593	0.21590240106722433	0.26962475494218774	0.47472666758921356	132.52072884990375	-934.7192096800674	5.57581330202803E-4	0.8847038342625199	4.2400706181729467E-4	2.2954739926295548E-7	0.9126310951985244
5050000	-9623.33172371255	-8674.208695999394	-949.1230277131558	-8506.314592401595	148.35926757842074	1312.072153820632	0.09826182087558752	1.3859000537274289	0.025491406373879477	1.0345176518882901	1.510560852927921	1.4993375545158079	1.3283047558644319	0.6724887281563814	3.811687129973691	0.8142571948033476	0.864307612286019	1.3859000537274289	0.025491406373879477	1.0345176518882901	1.510560852927921	1.4993375545158079	1.3283047558644319	0.6724887281563814	3.811687129973691	0.8142571948033476	0.864307612286019	6.328230498313878	0.30029867315733194	0.2028383395473869	0.21590240106722433	0.28096058622805675	0.47472666758921356	112.95599824972712	-933.7103068998828	5.124443664892515E-4	0.8973221442499708	4.1183125283315186E-4	3.553987302321439E-7	1.154680158485486
5060000	-9562.890318148091	-8645.184356375172	-917.7059617729185	-8480.502780817089	168.68065790684807	1270.737174348526	0.10744990075876772	0.028827010449443993	0.23712803708971159	0.21125744762588047	0.26042819845795573	0.7934888558551267	0.05010573529648445	0.07993645950201794	4.139153433155399	0.3234164486985389	0.2716089761761591	0.028827010449443993	0.23712803708971159	0.21125744762588047	0.26042819845795573	0.7934888558551267	0.05010573529648445	0.07993645950201794	4.139153433155399	0.3234164486985389	0.2716089761761591	6.328230498313878	0.30029867315733194	0.2028383395473869	0.21590240106722433	0.28096058622805675	0.47472666758921356	99.30072838671208	-908.9261241351957	5.83231714312307E-4	0.8946375019939627	4.210602373360141E-4	2.8651490139262754E-7	0.9622389971934074
5070000	-9652.036221323684	-8685.706538511895	-966.3296828117882	-8515.845415802607	181.10347805678177	1457.4721076230528	0.10064451473830034	0.9636560053918938	0.04732298970844377	0.5763630047231947	0.24205262867628818	0.7556810215126377	1.8152161832976008	0.1488132407898704	2.748976725453916	0.5160215248048372	0.4639673518655865	0.9636560053918938	0.04732298970844377	0.5763630047231947	0.24205262867628818	0.7556810215126377	1.8152161832976008	0.1488132407898704	2.748976725453916	0.5160215248048372	0.4639673518655865	6.328230498313878	0.30029867315733194	0.2028383395473869	0.21590240106722433	0.28096058622805675	0.47472666758921356	125.03049660084896	-955.2957084656371	5.46634287098521E-4	0.9423771226135683	3.877193070137495E-4	2.3981919600642393E-7	0.9829999656818066
5080000	-9590.161255282535	-8686.496711002412	-903.6645442801239	-8519.98962412724	106.50218387844737	1091.4005787101814	0.11243922210195641	0.1709408932886673	0.1063408734515474	0.07287858229028749	0.8422853664077987	0.1694910230508415	0.8460439712100286	0.01715997906132274	1.337282396940687	0.18848042734642395	0.1837413233775452	0.1709408932886673	0.1063408734515474	0.07287858229028749	0.8422853664077987	0.1694910230508415	0.8460439712100286	0.01715997906132274	1.337282396940687	0.18848042734642395	0.1837413233775452	5.872891294810069	0.30029867315733194	0.2028383395473869	0.21590240106722433	0.28096058622805675	0.47472666758921356	97.57694312591741	-896.9840412832525	7.040933012002675E-4	0.9866770658496776	5.167494003721592E-4	4.993838836153134E-7	1.0665631445910086
5090000	-9608.865649238815	-8684.212128790403	-924.6535204484111	-8509.108370931526	103.61090453532168	1193.1970615000903	0.15649472943794837	0.5659104627952389	0.32177874400667034	0.597836909588346	0.7260600036142438	1.3824077967124502	1.1332959206214628	0.17348138888878442	4.435572827375928	0.24014432307673353	0.7526198449050181	0.5659104627952389	0.32177874400667034	0.597836909588346	0.7260600036142438	1.3824077967124502	1.1332959206214628	0.17348138888878442	4.435572827375928	0.24014432307673353	0.7526198449050181	6.337031992109355	0.30029867315733194	0.2028383395473869	0.21590240106722433	0.28096058622805675	0.47472666758921356	115.03679189824103	-912.1330079168009	5.964360271459073E-4	0.8900291759014015	4.384321919798528E-4	3.9344965554902975E-7	1.1140909529645318
5100000	-9571.591026492335	-8673.2053482792	-898.3856782131347	-8499.01379097165	93.1196660504076	1029.2648761072032	0.12821792490419193	0.3586413014907054	0.04225338169049072	1.153740215640358	0.21882024478687587	0.29908962479550794	1.9736771543382947	1.4015206418189554	2.7517381323337506	0.8199767319848525	0.026348328146683114	0.3586413014907054	0.04225338169049072	1.153740215640358	0.21882024478687587	0.29908962479550794	1.9736771543382947	1.4015206418189554	2.7517381323337506	0.8199767319848525	0.026348328146683114	6.337031992109355	0.30029867315733194	0.211840854162245	0.21590240106722433	0.2719580716131986	0.47472666758921356	84.26420352768916	-886.9147671167714	7.839819866787551E-4	0.894407620787367	5.491928973645137E-4	7.794997482182473E-7	1.121775892239445
5110000	-9613.571643326915	-8691.48693075158	-922.084712575335	-8529.332691367934	82.53493476937358	1066.6538223877724	0.14913969571336533	0.8164712325620709	0.03375154678052676	0.9765619029922503	2.37298046032868	0.2086380462201352	4.579919886861159	0.3307772456922781	5.221800731624623	0.7248960468854319	0.7203515928084585	0.8164712325620709	0.03375154678052676	0.9765619029922503	2.37298046032868	0.2086380462201352	4.579919886861159	0.3307772456922781	5.221800731624623	0.7248960468854319	0.7203515928084585	5.817890872227035	0.30029867315733194	0.211840854162245	0.21590240106722433	0.2719580716131986	0.47472666758921356	107.04501181732228	-903.851663180465	6.685715018756518E-4	0.920963455480151	4.880342796655871E-4	4.460149413998089E-7	1.0239741643348625
5120000	-9649.279911998216	-8694.702105249962	-954.5778067482531	-8532.183139607328	94.82364229634676	1263.3120062510222	0.07753167132628959	0.3099853269726792	0.11168354498811715	1.2614491014841442	0.8509480945954808	1.4207975869134208	1.1962148750308819	0.0744213786027303	2.668341395938966	0.27984351794318496	1.0101901678072653	0.3099853269726792	0.11168354498811715	1.2614491014841442	0.8509480945954808	1.4207975869134208	1.1962148750308819	0.0744213786027303	2.668341395938966	0.27984351794318496	1.0101901678072653	7.169389804096953	0.30029867315733194	0.211840854162245	0.20785029291818036	0.28001017976224263	0.40704144124091785	138.6992204906736	-942.7153424949175	5.839274355942296E-4	0.7229839464773355	4.182478310207168E-4	3.1075059113848404E-7	1.0032204189813905
5130000	-9648.538292309688	-8685.761806291901	-962.7764860177864	-8514.149202937397	105.80730971930642	1353.5897806473988	0.06951614642760347	0.25731741843332867	0.03504320605090716	1.709096907205238	0.1687814447260512	2.3878378989527236	1.4925970348464896	0.102881836986395	3.095700941703407	1.3217602726732074	0.21900963947979687	0.25731741843332867	0.03504320605090716	1.709096907205238	0.1687814447260512	2.3878378989527236	1.4925970348464896	0.102881836986395	3.095700941703407	1.3217602726732074	0.21900963947979687	6.6386645019890995	0.30029867315733194	0.211840854162245	0.20785029291818036	0.28001017976224263	0.652976275360934	116.09618458343738	-948.9519930024439	5.780595426008459E-4	0.8099752883150175	3.939481833184265E-4	4.159686679101723E-7	1.1372901999319467
5140000	-9638.789254753836	-8685.21732446376	-953.5719302900769	-8514.684095118933	108.15112769036752	1314.8393537460881	0.09908046518047015	0.04560164878679601	0.4076093527154695	0.18559086900596639	0.818270216090782	1.0470709787173902	1.7959122771802667	0.4872668967130468	3.6189809594186753	0.9315472817166931	0.9026246854277489	0.04560164878679601	0.4076093527154695	0.18559086900596639	0.818270216090782	1.0470709787173902	1.7959122771802667	0.4872668967130468	3.6189809594186753	0.9315472817166931	0.9026246854277489	7.009529941778071	0.30029867315733194	0.211840854162245	0.20785029291818036	0.28001017976224263	0.652976275360934	147.30755936826864	-939.9773845739018	5.739671329497303E-4	0.9502620366853992	4.344775457529737E-4	3.0065562596846794E-7	0.9901708380915586
5150000	-9652.963761731166	-8671.627010620348	-981.3367511108165	-8503.117139482209	111.17719393444537	1496.6129364225603	0.08311330854599373	0.3461248938666112	0.15262545968572835	0.12277854625642542	0.8155531314988292	0.4300452531358402	1.3095508133456861	0.3600074881294038	2.5492566737956213	0.49965622596348314	0.28416700338105205	0.3461248938666112	0.15262545968572835	0.12277854625642542	0.8155531314988292	0.4300452531358402	1.3095508133456861	0.3600074881294038	2.5492566737956213	0.49965622596348314	0.28416700338105205	6.512197229281464	0.3037881675212977	0.20835135979827923	0.20785029291818036	0.28001017976224263	0.652976275360934	134.3048814991444	-971.720399627469	4.588957687282239E-4	0.8327585178006692	3.711603027707885E-4	2.668405715350354E-7	1.0986023723984069
5160000	-9617.435391490631	-8671.037622907554	-946.3977685830779	-8506.511048157656	96.18306087765723	1219.5507469605552	0.09687150285023138	0.022659499490525443	0.5772336225387982	1.0891575710580563	0.3946231865367649	1.1434002000861911	2.799200083742899	0.562570332022309	4.672348243434862	0.2898656718653662	0.31717977110546197	0.022659499490525443	0.5772336225387982	1.0891575710580563	0.3946231865367649	1.1434002000861911	2.799200083742899	0.562570332022309	4.672348243434862	0.2898656718653662	0.31717977110546197	6.90382571755617	0.3037881675212977	0.20835135979827923	0.20785029291818036	0.28001017976224263	0.652976275360934	136.77337198069736	-931.7955711683562	5.153807186095101E-4	0.8119222206793082	4.382886936500695E-4	2.3082000734168912E-7	0.9117064523055398
5170000	-9634.625255239589	-8675.755425651456	-958.8698295881331	-8508.093132215468	93.25957867041379	1273.8344735208666	0.15894261601904933	0.031245881551071077	0.10020345923535301	0.1597604587228887	2.483546014002879	0.24614164946612052	0.47088499822551283	0.3460531497716934	2.203849002102491	0.33112941770503673	0.11644358078532566	0.031245881551071077	0.10020345923535301	0.1597604587228887	2.483546014002879	0.24614164946612052	0.47088499822551283	0.3460531497716934	2.203849002102491	0.33112941770503673	0.11644358078532566	6.657850189213672	0.29001940373402135	0.20835135979827923	0.20785029291818036	0.293778943549519	0.4885904686445721	124.58852551696974	-950.3173872658579	5.467774606726859E-4	0.8319755564088956	4.5115818642866824E-4	3.607137919706066E-7	1.0448187282326655
5180000	-9674.739798215205	-8699.013360801435	-975.7264374137695	-8531.95249065358	118.20231488943178	1437.0695185158747	0.08080931980960822	0.6735110404486031	0.31576326389703224	0.4388781043666278	1.6456377264917805	0.2785293529001785	1.3113823244599745	0.28900560982564955	7.0968804264049	0.19574938400615174	1.065083775182589	0.6735110404486031	0.31576326389703224	0.4388781043666278	1.6456377264917805	0.2785293529001785	1.3113823244599745	0.28900560982564955	7.0968804264049	0.19574938400615174	1.065083775182589	6.937926864172293	0.29145423325768566	0.20835135979827923	0.20785029291818036	0.2923441140258547	0.4885904686445721	125.85985447972793	-959.9933408667429	4.6561661803082066E-4	0.7579055404418665	3.8371951321981287E-4	1.5853116080973105E-7	0.8716803455963235
5190000	-9700.00762900998	-8679.225804255531	-1020.7818247544487	-8506.18990060874	146.9307526841407	1867.3446414020184	0.06900296666806156	1.058521024392837	0.4263848858816671	0.8630228719720304	0.9860365156307305	0.6293967590491891	2.328086600417302	1.3357234875051311	3.0415673971308173	0.21556030767434287	1.1519732569738603	1.058521024392837	0.4263848858816671	0.8630228719720304	0.9860365156307305	0.6293967590491891	2.328086600417302	1.3357234875051311	3.0415673971308173	0.21556030767434287	1.1519732569738603	6.686072792879022	0.29834156322642064	0.20753637268991695	0.20177795005780766	0.2923441140258547	0.4885904686445721	213.78112908391577	-1006.1352775893241	3.532854400523533E-4	0.6740231778822539	2.88536219468813E-4	7.250576218521365E-8	0.8216707840357332
5200000	-9703.069185308968	-8701.153357272995	-1001.9158280359728	-8523.384073814957	113.67299889646048	1478.0195147533398	0.06424723907861671	0.5438611465081261	0.9147490498950974	0.12638373852130086	1.219565431601115	1.456034134931206	2.052206363001782	0.2239075266631719	2.1633277272925056	0.047522105129004656	1.0985816090876064	0.5438611465081261	0.9147490498950974	0.12638373852130086	1.219565431601115	1.456034134931206	2.052206363001782	0.2239075266631719	2.1633277272925056	0.047522105129004656	1.0985816090876064	7.399564098892134	0.3094054292955929	0.20753637268991695	0.20177795005780766	0.28128024795668244	0.4885904686445721	154.65057696756514	-989.2386083291657	4.0603278922888333E-4	0.7235964621720564	3.6417862018032766E-4	1.0994243057521701E-7	0.8268284591568718
5210000	-9687.977777103435	-8690.579049664528	-997.3987274389077	-8521.979199806778	110.6569829280053	1512.063009941697	0.12302923768553718	1.11127148341191	0.08795872136802976	1.0316511911191262	1.5123338294015942	1.141040467834413	0.8433168688840885	0.9667447255796686	2.353103599641849	0.9677398841956238	0.002698969853723221	1.11127148341191	0.08795872136802976	1.0316511911191262	1.5123338294015942	1.141040467834413	0.8433168688840885	0.9667447255796686	2.353103599641849	0.9677398841956238	0.002698969853723221	6.362759064939942	0.2928909501804572	0.20753637268991695	0.2182924291729434	0.28128024795668244	0.6004467099474977	173.62324215923599	-985.8405054000807	3.947641993464508E-4	0.6001649044938229	3.541887798027622E-4	9.98306398125261E-8	0.8091440383354165
5220000	-9683.038243142948	-8698.793487122331	-984.2447560206167	-8531.266714218214	126.23494141277061	1477.0054499597422	0.08145362712107268	0.4664459400142712	0.050034792009811854	0.36242987877778077	2.104967564958577	0.23770720476636598	2.044600115364661	0.3112315746582974	3.9882041938278134	0.699506895945987	0.1201818004474456	0.4664459400142712	0.050034792009811854	0.36242987877778077	2.104967564958577	0.23770720476636598	2.044600115364661	0.3112315746582974	3.9882041938278134	0.699506895945987	0.1201818004474456	5.891131219772234	0.2986739383538429	0.1921951495102056	0.2182924291729434	0.290838482963008	0.6430603389735767	155.38421893397768	-971.1791957421087	4.286228108731104E-4	0.8203345357115339	3.952162339632513E-4	1.1980135151501044E-7	0.78649672771761
5230000	-9668.505265450767	-8689.625316936099	-978.8799485146681	-8526.138351672686	102.64465892964816	1451.4892563935805	0.07511437318393015	1.1924707772454137	0.2337177250715121	0.22919334330266586	0.4144203643528046	1.348382296233236	2.154836587566172	1.5357038894697643	3.6309826304079706	1.3930368780501166	0.09449523603016695	1.1924707772454137	0.2337177250715121	0.22919334330266586	0.4144203643528046	1.348382296233236	2.154836587566172	1.5357038894697643	3.6309826304079706	1.3930368780501166	0.09449523603016695	6.825987242574895	0.2986739383538429	0.1921951495102056	0.2182924291729434	0.290838482963008	0.4191711437865766	149.33978605229515	-964.1438961486409	4.360131532318162E-4	0.7410829738796004	3.85218498994633E-4	1.2396129795885525E-7	0.8082775881956933
5240000	-9676.53938463538	-8681.339791143013	-995.1995934923661	-8513.544462348598	140.4946641759001	1540.9045248532266	0.1090395649877974	0.6032560348690025	0.48101150494698675	1.300189063179266	0.5322022948488838	0.048757273622516605	3.291740121263556	0.7178250642402044	4.36223517943006	0.3882773736955492	0.7298925244971302	0.6032560348690025	0.48101150494698675	1.300189063179266	0.5322022948488838	0.048757273622516605	3.291740121263556	0.7178250642402044	4.36223517943006	0.3882773736955492	0.7298925244971302	6.271694832332768	0.2986739383538429	0.1921951495102056	0.2182924291729434	0.290838482963008	0.40239310895352415	171.9775426843314	-980.6031395655178	4.0904813522306936E-4	0.7840619703857861	3.514370485925109E-4	1.091686656625986E-7	0.8185107343266373
5250000	-9653.60903845133	-8682.374210230504	-971.2348282208261	-8516.2119021401	119.67341063892943	1391.321931786964	0.1106208070706416	0.5900630764051321	0.009146164055010361	0.3199749944683077	0.3258254134350307	0.7580709290820368	2.3601242883672096	0.3795981356512618	3.188608980615676	0.23426365896171603	2.0882210168028985	0.5900630764051321	0.009146164055010361	0.3199749944683077	0.3258254134350307	0.7580709290820368	2.3601242883672096	0.3795981356512618	3.188608980615676	0.23426365896171603	2.0882210168028985	6.271694832332768	0.28804134303196316	0.2127192177912498	0.20596211575565676	0.2932773234211302	0.40239310895352415	151.73042625485613	-958.632819573002	4.789798524384858E-4	0.8593576526027952	4.140209701066812E-4	1.4336834865840862E-7	0.7785053657748012
5260000	-9600.119918829398	-8674.388768059634	-925.7311507697626	-8509.5996483157	97.12218420208849	1101.1231348986407	0.11215420889931432	0.7371918435720582	0.1253317917862562	1.3242277028204281	0.9318463428931782	0.812113042018318	0.7138393815850134	0.4767276937406644	7.764992332739923	0.326047862248941	0.006179069748480571	0.7371918435720582	0.1253317917862562	1.3242277028204281	0.9318463428931782	0.812113042018318	0.7138393815850134	0.4767276937406644	7.764992332739923	0.326047862248941	0.006179069748480571	6.271694832332768	0.28804134303196316	0.2127192177912498	0.20596211575565676	0.2932773234211302	0.40239310895352415	94.59016839956787	-910.1063448963592	6.716804097509434E-4	0.9009250403618113	5.43138814004039E-4	2.558478345715036E-7	0.8091356851290531
5270000	-9593.382095896513	-8685.457094347297	-907.9250015492162	-8527.76005265326	107.09768689018841	1066.82261097011	0.09699942701092487	0.1929979932444629	0.08137408396906537	1.6575187861444858	0.4044814140855207	1.1618744116986575	0.4551423631183441	0.49845868444991354	4.935771287755365	0.17595288865374925	0.15334300281452612	0.1929979932444629	0.08137408396906537	1.6575187861444858	0.4044814140855207	1.1618744116986575	0.4551423631183441	0.49845868444991354	4.935771287755365	0.17595288865374925	0.15334300281452612	6.5797150656262176	0.28804134303196316	0.2127192177912498	0.20596211575565676	0.2932773234211302	0.4673676732966799	102.50597077723994	-895.5131289577304	7.007471623919137E-4	0.8535941608236529	5.552331839916525E-4	4.5272587181770423E-7	0.9199330430197736
5280000	-9587.570528536588	-8692.65893774178	-894.9115907948068	-8531.173508717615	129.27323976189226	1045.7937912620046	0.09812938785449733	0.043723589867978994	0.3088024712705096	0.5923578301608626	0.08750520782020138	0.41529678616522014	1.142851565939534	0.01070248304649278	3.938698088670946	0.6659210726099424	0.2688405824433442	0.043723589867978994	0.3088024712705096	0.5923578301608626	0.08750520782020138	0.41529678616522014	1.142851565939534	0.01070248304649278	3.938698088670946	0.6659210726099424	0.2688405824433442	6.5797150656262176	0.2973463022037072	0.2127192177912498	0.1966571565839127	0.2932773234211302	0.4673676732966799	85.19594827607531	-884.9791810496854	6.736062440555906E-4	0.8452062514505296	5.179294818917455E-4	3.8637107915441155E-7	0.9179658596414518
5290000	-9559.53953147925	-8672.754423982911	-886.7851074963381	-8512.130107443672	97.20718732446439	949.8601231829489	0.07394579267070339	0.2827079357402002	0.09827296405902407	0.23578811702577945	0.7661158397009298	1.4167017618608753	0.36415061868126464	0.8359760227270329	2.021797684275039	0.12378817058092166	0.2728012264445612	0.2827079357402002	0.09827296405902407	0.23578811702577945	0.7661158397009298	1.4167017618608753	0.36415061868126464	0.8359760227270329	2.021797684275039	0.12378817058092166	0.2728012264445612	6.5797150656262176	0.2973463022037072	0.2127192177912498	0.1966571565839127	0.2932773234211302	0.4673676732966799	72.92328341697016	-877.3553977686536	7.611560410107468E-4	0.9046710277495852	6.032742246866896E-4	5.529904345510239E-7	0.9545460645260037
5300000	-9609.758243308268	-8699.270920414754	-910.4873228935148	-8537.85132223455	82.66315705777133	1043.6309405466932	0.10596982497920626	0.015927024207541617	0.04407386292015523	0.11849998122474839	0.8263488614653712	0.4440247624328332	1.317566889761527	0.4068127450075075	3.467371151692188	0.11870806367123465	0.9312610599456911	0.015927024207541617	0.04407386292015523	0.11849998122474839	0.8263488614653712	0.4440247624328332	1.317566889761527	0.4068127450075075	3.467371151692188	0.11870806367123465	0.9312610599456911	6.5797150656262176	0.2812716094908303	0.2127192177912498	0.2127318492967896	0.2932773234211302	0.4673676732966799	112.39958053042378	-900.7234006646983	6.332291915765742E-4	0.7133458037110146	5.814653822264851E-4	3.826580827988478E-7	0.9230870639676862
5310000	-9625.438864027243	-8702.79032133111	-922.6485426961337	-8540.100280135435	69.59367108979986	966.0816167627281	0.07575905423193699	0.20984588394706163	0.5669398428101688	0.06531308617123247	0.9689105140320993	1.4485574415738154	0.6879518730004179	1.002165246239363	4.944156816449691	0.08096986251461828	0.8109823279137971	0.20984588394706163	0.5669398428101688	0.06531308617123247	0.9689105140320993	1.4485574415738154	0.6879518730004179	1.002165246239363	4.944156816449691	0.08096986251461828	0.8109823279137971	6.5797150656262176	0.2812716094908303	0.2127192177912498	0.2127318492967896	0.2932773234211302	0.4673676732966799	87.55688179112042	-909.1088068284225	7.081773566235716E-4	0.8306796563298607	5.960556511017045E-4	4.370621041350787E-7	0.9690887860131501
5320000	-9658.95009952399	-8681.567857288042	-977.382242235949	-8520.938434136164	93.39543985618903	1343.4911876244187	0.08580565514141265	0.018679973350163775	0.4506983434035975	0.5731718692932516	0.4474261472415336	0.13006847976273728	2.124617341117063	1.0137138868251712	3.7930914291730775	0.5009013271057868	0.17936980389325916	0.018679973350163775	0.4506983434035975	0.5731718692932516	0.4474261472415336	0.13006847976273728	2.124617341117063	1.0137138868251712	3.7930914291730775	0.5009013271057868	0.17936980389325916	5.601335835961555	0.3014893028875855	0.19006579707682067	0.21803093990563766	0.2904139601299561	0.4673676732966799	169.6158919769052	-965.675601280566	4.960934317733754E-4	0.7762176193183808	4.2114333314239915E-4	1.785623547562544E-7	0.8895973356291067
5330000	-9632.332361511164	-8683.476216169613	-948.8561453415507	-8514.197091778247	92.81759963694275	1199.5782506494295	0.11530015180236364	0.6043875846806211	0.25384116155937886	0.5029445043421616	1.1935666477082547	0.3727769691692606	0.051554231811254854	0.3534479400362924	1.1730490406291492	0.011650027138319903	0.2643373361864949	0.6043875846806211	0.25384116155937886	0.5029445043421616	1.1935666477082547	0.3727769691692606	0.051554231811254854	0.3534479400362924	1.1730490406291492	0.011650027138319903	0.2643373361864949	6.315783637306516	0.3147832259006353	0.19006579707682067	0.21724246920415963	0.2779085078183843	0.4673676732966799	137.90619073691022	-942.0406198121411	5.218399206422358E-4	0.7285090374810109	4.6403864169309856E-4	2.866624173876419E-7	1.0076988293029303
5340000	-9656.08403779276	-8702.58331981633	-953.5007179764309	-8535.192763360876	73.10926831379452	1098.2025341781089	0.12052181511994751	1.0835737429211856	0.16691226183106875	0.12260624997192596	0.20211091043217663	1.4356486368232046	1.600045739632291	1.0427378457734098	9.704634003324346	0.293045478292091	1.3572219166992159	1.0835737429211856	0.16691226183106875	0.12260624997192596	0.20211091043217663	1.4356486368232046	1.600045739632291	1.0427378457734098	9.704634003324346	0.293045478292091	1.3572219166992159	5.804871571095241	0.3147832259006353	0.19006579707682067	0.21724246920415963	0.2779085078183843	0.4673676732966799	136.1705495565152	-934.3224127339433	5.424152271330169E-4	0.8142637805204836	4.80711633293561E-4	2.655796476353328E-7	0.9214397440168913
5350000	-9588.354701332964	-8672.762883490246	-915.5918178427177	-8512.639454278798	75.02669629952338	999.1739124991086	0.06644506259699971	0.15684359919316507	0.04039525728740359	1.1030395884004218	0.47943790542555587	0.9470642216015915	1.179414110320867	0.2832026231193349	3.4124557286262074	0.6709689221387126	1.0572061643649031	0.15684359919316507	0.04039525728740359	1.1030395884004218	0.47943790542555587	0.9470642216015915	1.179414110320867	0.2832026231193349	3.4124557286262074	0.6709689221387126	1.0572061643649031	6.949126978672859	0.3147832259006353	0.19006579707682067	0.21724246920415963	0.2779085078183843	0.4673676732966799	103.07043939904128	-902.5884119630291	7.707458859226371E-4	0.9165345788868802	5.676644442421147E-4	5.39713521578044E-7	1.0094877645929003
5360000	-9603.933017117535	-8677.3243831844	-926.6086339331354	-8513.162201828643	86.81768893577171	1055.2426021136725	0.1308210714502822	0.12175090207366249	0.02634854515730715	0.27309473054835953	0.7565307634013007	1.5391250596118105	2.432702328999917	0.1961084717659577	4.898495031427973	0.4579427447402717	0.833672618425474	0.12175090207366249	0.02634854515730715	0.27309473054835953	0.7565307634013007	1.5391250596118105	2.432702328999917	0.1961084717659577	4.898495031427973	0.4579427447402717	0.833672618425474	5.66099043049989	0.3147832259006353	0.20857973452141787	0.19872853175956243	0.2779085078183843	0.4673676732966799	85.1518949291605	-912.4865879714727	7.583638373141983E-4	0.9938537931339188	5.467935582935786E-4	8.485426267338918E-7	1.2119243067300218
5370000	-9618.726252473387	-8684.443131952181	-934.2831205212057	-8516.401709767271	109.61762031774401	1248.3865630816279	0.13385598181905983	0.05313749719232938	0.3022658259547636	0.46400577841114576	0.30959585076304097	0.4020123643975888	0.9688493017018774	2.889756807518689	2.3394111548099743	0.1641782124450028	0.9138922074904179	0.05313749719232938	0.3022658259547636	0.46400577841114576	0.30959585076304097	0.4020123643975888	0.9688493017018774	2.889756807518689	2.3394111548099743	0.1641782124450028	0.9138922074904179	5.66099043049989	0.3147832259006353	0.1933174138644808	0.19872853175956243	0.29317082847532133	0.4673676732966799	122.59696239389744	-923.0970848344396	5.531434273978248E-4	0.9327436657867348	4.3514188292479615E-4	4.703958701901199E-7	1.1660700742059276
5380000	-9637.723389389228	-8681.608480371555	-956.1149090176733	-8514.481263991507	133.89395082904994	1377.1609732070024	0.09843465343112229	0.40836508877814215	0.24128385118652093	0.9063509802785374	0.7811246044966542	1.016314337244116	1.6300326545871842	0.14966878918782003	5.596479700755417	0.011590955825884116	0.9522090322748828	0.40836508877814215	0.24128385118652093	0.9063509802785374	0.7811246044966542	1.016314337244116	1.6300326545871842	0.14966878918782003	5.596479700755417	0.011590955825884116	0.9522090322748828	6.8664378104291615	0.3147832259006353	0.1933174138644808	0.18997204072720889	0.3019273195076749	0.5853863703516645	129.183445626562	-940.551174290496	6.616043622269185E-4	1.0731805380269812	4.479248583652243E-4	5.574728550740115E-7	1.2072941570153686
5390000	-9618.864572581104	-8675.21987079859	-943.6447017825138	-8501.042199753942	100.46028709526033	1226.094366429079	0.1216804770794633	2.1081684968691325	0.1998307729274161	0.7693603548354386	1.0917878572740134	0.762846363221455	3.4710063272444844	1.0048475208081418	6.939730318517359	0.8639236682097635	0.2869196711292054	2.1081684968691325	0.1998307729274161	0.7693603548354386	1.0917878572740134	0.762846363221455	3.4710063272444844	1.0048475208081418	6.939730318517359	0.8639236682097635	0.2869196711292054	6.293550978803756	0.3147832259006353	0.1933174138644808	0.18997204072720889	0.3019273195076749	0.5853863703516645	129.38806168922898	-923.0108137948889	5.877927222118474E-4	1.001353322081676	4.12393736247529E-4	4.867210635957851E-7	1.1814976618158544
5400000	-9629.542206492702	-8667.184263893554	-962.3579425991485	-8500.1320805739	121.63607587822291	1372.4321094836491	0.0726152591391144	0.4325932588257427	0.4078797761674198	0.8129532024677426	0.31578708658966503	0.7032387741368579	0.3397688279233428	0.35497926474660396	7.99444565979049	0.744866373485478	0.5791651761223949	0.4325932588257427	0.4078797761674198	0.8129532024677426	0.31578708658966503	0.7032387741368579	0.3397688279233428	0.35497926474660396	7.99444565979049	0.744866373485478	0.5791651761223949	6.527210904195414	0.29689669561806	0.20494931060890106	0.21964724187743062	0.2785067518956082	0.5853863703516645	134.3162038684729	-946.3935783514169	5.119353648737618E-4	0.9405061108131457	3.970158994750043E-4	3.323912304370432E-7	1.1436547660710819
5410000	-9631.686383022849	-8687.06381739378	-944.6225656290686	-8518.093136819687	185.99857095149852	1376.0479031115192	0.15109074726042063	0.7744715877025073	0.24710206073016402	0.06047744599693705	3.1066896939218362	1.3136204162851453	2.735152968276489	0.1753765419344336	3.4288297149343423	0.1634661740429029	0.8913456301819277	0.7744715877025073	0.24710206073016402	0.06047744599693705	3.1066896939218362	1.3136204162851453	2.735152968276489	0.1753765419344336	3.4288297149343423	0.1634661740429029	0.8913456301819277	6.8142670962251435	0.29689669561806	0.2155586633940643	0.21964724187743062	0.26789739911044497	0.5853863703516645	115.5641197421021	-928.5699725304123	6.170817765025623E-4	1.1237602439066234	4.194149326488331E-4	5.532585968535128E-7	1.225550397777023
5420000	-9585.29208911602	-8682.93824540169	-902.3538437143283	-8517.595588338469	139.44455824402993	1115.920088720757	0.11405693585753209	0.10416213975975908	0.5375994700459976	1.213443981229901	2.1058886165860455	0.2912939070473882	1.5284181629303317	0.44969298448868456	3.5745444432664297	0.2190868582164746	0.4906247676630539	0.10416213975975908	0.5375994700459976	1.213443981229901	2.1058886165860455	0.2912939070473882	1.5284181629303317	0.44969298448868456	3.5745444432664297	0.2190868582164746	0.4906247676630539	6.8142670962251435	0.29689669561806	0.2155586633940643	0.21964724187743062	0.26789739911044497	0.4473174822094697	91.21184686740042	-889.1553555222539	7.141372033615382E-4	0.9398475746228161	4.7952322910448596E-4	5.626199494413172E-7	1.1320678717233825
5430000	-9597.382692493733	-8667.994643116024	-929.3880493777092	-8502.188476409245	142.23102186490166	1228.825228403926	0.1303430229222588	0.371653208279559	0.11101808294942092	0.15191115982265924	1.3875440435284798	0.30144376677371876	0.7530929017332955	0.3855992793923346	2.186347202993361	0.26669236297992166	0.5442790160662799	0.371653208279559	0.11101808294942092	0.15191115982265924	1.3875440435284798	0.30144376677371876	0.7530929017332955	0.3855992793923346	2.186347202993361	0.26669236297992166	0.5442790160662799	5.695242565852757	0.30876369886063254	0.2155586633940643	0.20778023863485803	0.26789739911044497	0.4473174822094697	115.47238383369992	-920.8597596485963	6.337150399330837E-4	0.835709092147142	4.696023860650655E-4	3.223284169968428E-7	0.9228992356251984
5440000	-9611.208733650928	-8665.704438715791	-945.5042949351368	-8500.200778927083	188.4337583334346	1363.4701205127035	0.09432571919049873	0.5962628331080013	0.07712273558380044	0.0268192901684653	1.38307821042703	0.07894023233958096	1.2907487518596708	0.16487726108005155	6.319831160049337	0.44576256259058716	1.1640609434075724	0.5962628331080013	0.07712273558380044	0.0268192901684653	1.38307821042703	0.07894023233958096	1.2907487518596708	0.16487726108005155	6.319831160049337	0.44576256259058716	1.1640609434075724	6.913106735752662	0.30876369886063254	0.2155586633940643	0.20778023863485803	0.26789739911044497	0.5547478072841435	104.07764839397846	-930.8760233466928	6.19216681087964E-4	0.9643833328428222	4.174378770096291E-4	4.1490145803502744E-7	1.0932506911197115
5450000	-9592.596816320769	-8664.634055743982	-927.9627605767879	-8499.541413976083	150.88257290924255	1191.8268456602107	0.08540703540467981	0.3126742741169284	0.6267657834160744	0.03370282922342199	0.48527612110845697	0.5525184584727257	0.9854766996873183	0.037175393024794536	4.822596547712435	0.0394181001421584	0.5879542591097963	0.3126742741169284	0.6267657834160744	0.03370282922342199	0.48527612110845697	0.5525184584727257	0.9854766996873183	0.037175393024794536	4.822596547712435	0.0394181001421584	0.5879542591097963	6.304092052992315	0.30876369886063254	0.2155586633940643	0.20111460188842906	0.2745630358568739	0.4228901100409752	117.26132180300351	-916.0374187063609	6.779117638963407E-4	1.0467957817992288	4.4848248974473846E-4	4.7399993922112835E-7	1.1480682720686837
5460000	-9575.622809762148	-8672.986858444583	-902.6359513175651	-8509.422898368302	117.70831195033978	1026.567471592662	0.07606804763209239	0.06871614228854608	0.2380827647563581	0.6406588079773036	0.48666557754682077	0.9642835825668511	1.4862236267866864	0.04179173759853386	2.6943144467569944	0.6868075764554955	0.023590759056257536	0.06871614228854608	0.2380827647563581	0.6406588079773036	0.48666557754682077	0.9642835825668511	1.4862236267866864	0.04179173759853386	2.6943144467569944	0.6868075764554955	0.023590759056257536	6.304092052992315	0.30876369886063254	0.2155586633940643	0.20111460188842906	0.2745630358568739	0.4228901100409752	109.27414421860121	-891.407385392924	8.505349377983048E-4	1.058890320900461	5.627864020911762E-4	6.845792727890815E-7	1.1056032066403172
5470000	-9576.838924130889	-8673.043559842181	-903.795364288707	-8506.480621272787	95.99667463656981	953.8240036983867	0.11743349578651188	0.22988078814457744	0.06678658898178942	1.4841720378957188	0.5088869825580287	1.2870427002181946	1.1502850989768991	0.6983976347539022	6.793702149290642	0.2973939767706607	0.20476561229514142	0.22988078814457744	0.06678658898178942	1.4841720378957188	0.5088869825580287	1.2870427002181946	1.1502850989768991	0.6983976347539022	6.793702149290642	0.2973939767706607	0.20476561229514142	6.304092052992315	0.2979157771166173	0.2059906650338211	0.21196252363244425	0.2841310342171171	0.5323697543193507	95.26185391983448	-887.8219484503993	8.138631011703952E-4	1.048902211815521	5.941529325383799E-4	9.413620522871097E-7	1.3114049361352331
5480000	-9673.001907265028	-8685.065023958165	-987.9368833068636	-8512.5974187303	106.39083801507685	1329.9925471817558	0.09805944080249257	0.0451830846197433	0.02973459363688771	0.013748462729036109	1.0397532950974955	0.40242416249560625	2.371928242140067	0.2107750622755387	1.9487982434476663	0.08847634650375868	0.9857965301101386	0.0451830846197433	0.02973459363688771	0.013748462729036109	1.0397532950974955	0.40242416249560625	2.371928242140067	0.2107750622755387	1.9487982434476663	0.08847634650375868	0.9857965301101386	7.246781817280557	0.2979157771166173	0.2059906650338211	0.21196252363244425	0.2841310342171171	0.5173975398392977	178.714635839371	-977.4242238754165	5.351782767843101E-4	0.9430748635857886	3.9255551031062926E-4	2.263779723108796E-7	1.0250305211845736
5490000	-9599.39502018183	-8660.638923488887	-938.756096692943	-8495.204025347623	90.97138022889952	1146.889384034924	0.07271382999418083	0.21398828082483284	0.05838433929133683	0.6865677523824454	1.7241996920164533	0.6550301889102165	1.4476714844929695	0.17753566169450008	4.4213564369256755	1.0566978962068043	0.3010569738672245	0.21398828082483284	0.05838433929133683	0.6865677523824454	1.7241996920164533	0.6550301889102165	1.4476714844929695	0.17753566169450008	4.4213564369256755	1.0566978962068043	0.3010569738672245	6.122524846317159	0.2979157771166173	0.2059906650338211	0.21196252363244425	0.2841310342171171	0.5173975398392977	103.79227831274636	-924.9787461407104	6.014530618686658E-4	0.9298739814030651	4.3667145992510713E-4	2.9007508876138916E-7	0.9859729078059783
5500000	-9613.620952807894	-8662.966858824673	-950.6540939832205	-8495.956320184223	109.13832268885005	1220.5416845706677	0.09814549199227511	2.2472225939083024	0.2084470260369065	0.08766557809218972	1.0434994121204546	0.7801878340520357	1.2504507401316074	0.1238016829174892	3.9398389364819963	0.9019466479429951	0.21396057646944544	2.2472225939083024	0.2084470260369065	0.08766557809218972	1.0434994121204546	0.7801878340520357	1.2504507401316074	0.1238016829174892	3.9398389364819963	0.9019466479429951	0.21396057646944544	5.607822486989591	0.2979157771166173	0.2059906650338211	0.21196252363244425	0.2841310342171171	0.5446536104304552	121.39340345250531	-936.9376951931055	5.547454709593465E-4	1.0265088294885922	4.541953360403663E-4	3.307439851779223E-7	1.0949618910562935
5510000	-9597.844226646825	-8665.870143253982	-931.9740833928428	-8493.364617626456	92.26873835468729	1115.2244124305546	0.11430994511856221	0.8639208389443005	0.3930276703681296	0.6752067209743663	2.75909216912462	1.0327682852340019	1.2432495275056832	0.22953127301902276	3.59228669224973	0.3344195032950898	1.6083488764034073	0.8639208389443005	0.3930276703681296	0.6752067209743663	2.75909216912462	1.0327682852340019	1.2432495275056832	0.22953127301902276	3.59228669224973	0.3344195032950898	1.6083488764034073	6.995917351769818	0.28784894099055414	0.2096135732654712	0.2184064515268573	0.2841310342171171	0.434681540640873	117.77139547538019	-916.5624931756803	5.733685507393081E-4	0.9371924319532047	4.7706917728865717E-4	3.003768505110248E-7	0.998970095971369
5520000	-9606.459680376192	-8669.862110561395	-936.5975698147972	-8505.216552603913	85.61620456348327	1094.0685507556348	0.12260035445270752	1.1005652968995892	0.035751353260006176	0.8738086030393986	0.33304866503390707	0.7221876682855257	1.4831027445140483	1.1060731671164183	5.157747453265008	0.0990163963676583	1.2467826542187839	1.1005652968995892	0.035751353260006176	0.8738086030393986	0.33304866503390707	0.7221876682855257	1.4831027445140483	1.1060731671164183	5.157747453265008	0.0990163963676583	1.2467826542187839	6.697524363709926	0.28784894099055414	0.2096135732654712	0.2184064515268573	0.2841310342171171	0.5873737223613864	109.5393714640198	-921.5080011272152	7.138677170317035E-4	0.9424020299742812	5.472949813564553E-4	3.6770434416494535E-7	1.0078878458283655
5530000	-9674.998232457057	-8667.71856061821	-1007.2796718388478	-8488.537040872034	134.8369276013093	1642.2922084000427	0.04610151519314847	1.046369070924327	0.06708422442025938	0.23820899632143142	0.8558250237945937	0.9756758684015904	0.9765540690368473	0.9228335153042829	2.2906294916482874	0.7613273810806298	0.1896204040556157	1.046369070924327	0.06708422442025938	0.23820899632143142	0.8558250237945937	0.9756758684015904	0.9765540690368473	0.9228335153042829	2.2906294916482874	0.7613273810806298	0.1896204040556157	6.697524363709926	0.28784894099055414	0.2096135732654712	0.2184064515268573	0.2841310342171171	0.5873737223613864	189.77683854478346	-995.0679432881415	4.2373705266686743E-4	0.8663474646413309	3.2715127953760994E-4	1.4660155308031423E-7	0.9999439816703448
5540000	-9660.72901855007	-8665.000694972667	-995.728323577403	-8491.97360579169	111.47520062272278	1506.0859370612338	0.09974383918942763	0.00777250726608357	0.36999171653145263	0.2645578566219502	5.691792281745979	0.6523184065981467	1.2664301692050806	1.1574254296314028	1.781334436892596	0.5322674850264002	0.6952702940797766	0.00777250726608357	0.36999171653145263	0.2645578566219502	5.691792281745979	0.6523184065981467	1.2664301692050806	1.1574254296314028	1.781334436892596	0.5322674850264002	0.6952702940797766	6.275175467093908	0.28784894099055414	0.2096135732654712	0.2184064515268573	0.2841310342171171	0.49681548389051716	148.87775503433232	-980.7337890189383	4.485308723477874E-4	0.9042658414779434	3.6151250635055684E-4	1.5285101027511067E-7	0.9779198346772592
5550000	-9604.283638023242	-8650.362035208014	-953.9216028152282	-8487.713630057731	124.27677612094396	1440.7214735808498	0.09051682946496765	0.006659113972719137	0.0724519662682343	0.5421848569535588	0.17575642673580824	1.0216417584587278	0.36375548993141377	0.037330626506228405	3.322625483065472	0.02482539529204284	0.4281809392494676	0.006659113972719137	0.0724519662682343	0.5421848569535588	0.17575642673580824	1.0216417584587278	0.36375548993141377	0.037330626506228405	3.322625483065472	0.02482539529204284	0.4281809392494676	6.275175467093908	0.30308790111681716	0.2096135732654712	0.20316749140059426	0.2841310342171171	0.49681548389051716	132.8195284858476	-945.5030245614913	4.567947537231893E-4	0.8312877419564487	3.742196468366961E-4	1.6076314775520862E-7	0.8609896736928039
5560000	-9656.399829681934	-8683.225787364281	-973.1740423176517	-8523.486343575181	124.61068433511147	1443.6093582917272	0.08559070694761325	0.17925749186836662	0.032861805731822284	0.3420099556846343	1.751098555914097	1.371547903206209	2.7465546134814867	0.12217904787642105	6.335737027797872	0.20544505832395574	1.2198750960235738	0.17925749186836662	0.032861805731822284	0.3420099556846343	1.751098555914097	1.371547903206209	2.7465546134814867	0.12217904787642105	6.335737027797872	0.20544505832395574	1.2198750960235738	6.275175467093908	0.30308790111681716	0.2096135732654712	0.20316749140059426	0.2841310342171171	0.49681548389051716	136.4634532113164	-956.346278850441	4.740021363907614E-4	0.8206019447970224	3.7317494163250557E-4	1.4548240620416485E-7	0.8134030417639276
5570000	-9661.087365276233	-8688.322109705223	-972.7652555710098	-8524.284791111982	117.39898489553887	1500.59897278252	0.10849341492752775	0.14101947286284805	0.08706473741561725	0.5792364038324994	0.5464532891233617	0.7772361966008385	1.4873481911737432	0.21662869686015448	3.464637470272129	0.15500638246498205	0.6600753228507892	0.14101947286284805	0.08706473741561725	0.5792364038324994	0.5464532891233617	0.7772361966008385	1.4873481911737432	0.21662869686015448	3.464637470272129	0.15500638246498205	0.6600753228507892	6.275175467093908	0.2912645691118291	0.22143690527045926	0.20316749140059426	0.2841310342171171	0.49681548389051716	140.20062837906426	-962.7071379926755	4.8816604142127255E-4	0.7207722443696006	3.821426119708016E-4	1.5144456081041247E-7	0.8231301761680746
5580000	-9680.96069134222	-8677.778024632677	-1003.1826667095428	-8512.497706690887	133.5525721382681	1713.4581665634728	0.0922842507982219	0.295264947763823	0.12279990697784819	0.707280086048629	0.6165171428964994	0.790815386091733	4.211516139739041	0.5149730084170167	2.55693566181855	0.26686440759202124	0.84380422886876	0.295264947763823	0.12279990697784819	0.707280086048629	0.6165171428964994	0.790815386091733	4.211516139739041	0.5149730084170167	2.55693566181855	0.26686440759202124	0.84380422886876	6.736354015185973	0.2912645691118291	0.22143690527045926	0.20316749140059426	0.2841310342171171	0.49681548389051716	145.88171229492346	-989.8549309362245	4.2601300260773335E-4	0.8028099506045142	3.135260464826444E-4	1.3326712099546802E-7	0.9206432501734398
5590000	-9688.5709653337	-8676.77732068981	-1011.7936446438906	-8508.26067177422	187.80630044936026	1940.630098982179	0.0657814865166548	0.06727052060716654	0.07662428312012544	0.14561953936922703	0.9599795578289329	0.8976008406999245	1.8924153105005468	0.08037402085292966	4.6380887479644715	0.41042340490689333	0.3854046240197821	0.06727052060716654	0.07662428312012544	0.14561953936922703	0.9599795578289329	0.8976008406999245	1.8924153105005468	0.08037402085292966	4.6380887479644715	0.41042340490689333	0.3854046240197821	6.736354015185973	0.2912645691118291	0.22143690527045926	0.20316749140059426	0.2841310342171171	0.6395345391503529	167.1354695227117	-998.4808453407079	4.277189013612305E-4	1.0087750280579773	2.932485334670481E-4	1.356852936613145E-7	0.9577390746785893
5600000	-9623.89911549097	-8663.35422806452	-960.5448874264521	-8505.907095685392	117.31475157444385	1434.0486730695075	0.0633460426707534	0.26482295260826394	0.15786161524276138	0.11778753130913164	0.4518538785948583	0.4818515671199463	1.1701468631259742	0.3114579898036171	1.982813357140953	0.612576857503585	0.08225780400125676	0.26482295260826394	0.15786161524276138	0.11778753130913164	0.4518538785948583	0.4818515671199463	1.1701468631259742	0.3114579898036171	1.982813357140953	0.612576857503585	0.08225780400125676	6.246048351111368	0.2912645691118291	0.22143690527045926	0.21907611365740828	0.26822241196030305	0.40098784344542104	129.72043934867446	-951.5867395385347	5.535669080166414E-4	0.976132963478618	4.118746009944715E-4	2.178812009892186E-7	0.8825302477926071
5610000	-9649.512237678759	-8685.98803859958	-963.5241990791783	-8520.50337253827	100.06885908577094	1307.1466339618526	0.07179222179239092	0.27100108957297964	0.24958107532440388	1.0247548982870431	0.18015970945529466	0.44600267316526687	1.6616820403601529	2.377248687114978	4.5541474005627665	0.1634890216993269	1.5265716923685835	0.27100108957297964	0.24958107532440388	1.0247548982870431	0.18015970945529466	0.44600267316526687	1.6616820403601529	2.377248687114978	4.5541474005627665	0.1634890216993269	1.5265716923685835	6.246048351111368	0.2912645691118291	0.22143690527045926	0.20962129181134556	0.2776772338063658	0.5408703602513636	152.39147293349654	-947.609637203481	5.769332328046807E-4	0.9523098378929039	4.5312496820988434E-4	1.9037877155275277E-7	0.8287117993397226
5620000	-9644.859351825946	-8684.20826410767	-960.6510877182753	-8515.678672667193	93.2589323557854	1266.95343059881	0.08388494061759863	0.031074973518470623	0.3858529783422173	0.2862468290868876	0.2968747824047605	1.261703411564136	1.2776487515188177	1.7857259047922855	2.292429084034049	0.30924479220689866	0.959012507587903	0.031074973518470623	0.3858529783422173	0.2862468290868876	0.2968747824047605	1.261703411564136	1.2776487515188177	1.7857259047922855	2.292429084034049	0.30924479220689866	0.959012507587903	6.246048351111368	0.2912645691118291	0.22143690527045926	0.20962129181134556	0.2776772338063658	0.5408703602513636	129.7580435192426	-948.2192222042788	6.440767561379946E-4	1.0506114061329095	4.779137769895588E-4	2.9270461063165424E-7	0.9000071681069506
5630000	-9677.086715035039	-8678.674897212319	-998.4118178227208	-8513.220401124869	114.06904620966516	1531.5707512082515	0.0525722211095667	1.1950901293970355	0.2551814496001858	1.3106806035340062	0.5410256919557905	4.749401625995832	0.28277634833644827	0.25129601623330283	9.370694798859601	1.4645645083113579	0.23348142974338565	1.1950901293970355	0.2551814496001858	1.3106806035340062	0.5410256919557905	4.749401625995832	0.28277634833644827	0.25129601623330283	9.370694798859601	1.4645645083113579	0.23348142974338565	6.246048351111368	0.2912645691118291	0.22143690527045926	0.20962129181134556	0.2776772338063658	0.5408703602513636	148.9135834400531	-975.1991839947646	4.877542448070649E-4	0.9112102024106791	3.721367194673463E-4	1.602710887014425E-7	0.9307874329845545
5640000	-9682.151505897788	-8698.019993530797	-984.1315123669893	-8535.746573404005	126.29914887010958	1538.519714449689	0.07166485144138224	0.754008372289015	0.017587701715372068	0.10174925385698284	1.6385955943878419	1.2212358418400577	1.655140691913331	0.163384722874753	1.5428099141928353	0.32961328259272776	0.764457263564811	0.754008372289015	0.017587701715372068	0.10174925385698284	1.6385955943878419	1.2212358418400577	1.655140691913331	0.163384722874753	1.5428099141928353	0.32961328259272776	0.764457263564811	6.246048351111368	0.2912645691118291	0.22143690527045926	0.20962129181134556	0.2776772338063658	0.4228490814557564	155.1110293461874	-972.2133256179679	5.81288912600352E-4	1.0688400408715293	4.2667413808319135E-4	2.4329892737132875E-7	0.8902637680695769
5650000	-9668.026901489036	-8712.829747776084	-955.1971537129518	-8548.290293076501	110.45987267294335	1266.4210092640888	0.057589582384374144	0.0761000142215683	0.18335825211828755	1.3919287780645513	0.35262449137438395	0.9549498855790517	1.7207529072083112	0.06074522352047334	3.3643508366218087	0.8713448350463577	0.45243878891899153	0.0761000142215683	0.18335825211828755	1.3919287780645513	0.35262449137438395	0.9549498855790517	1.7207529072083112	0.06074522352047334	3.3643508366218087	0.8713448350463577	0.45243878891899153	6.246048351111368	0.28808818866134217	0.22398544652493377	0.20501242643509923	0.28291393837862455	0.4228490814557564	111.6271605263574	-942.5118789495452	6.116763554596167E-4	0.8992499811058153	4.626632340299878E-4	2.3068588758389064E-7	0.858977686423491
5660000	-9637.539830709602	-8683.591808119836	-953.9480225897667	-8525.96552234714	118.40676354922377	1284.1650172684788	0.08178746906349221	0.17553845965123924	0.25795822228630494	1.123090983653936	0.16495123132675188	0.5008939731787585	3.3701411028112456	0.12280990593877181	8.959242948021183	1.9717373345188973	0.08191744317465906	0.17553845965123924	0.25795822228630494	1.123090983653936	0.16495123132675188	0.5008939731787585	3.3701411028112456	0.12280990593877181	8.959242948021183	1.9717373345188973	0.08191744317465906	6.246048351111368	0.2952375099419171	0.22398544652493377	0.1978631051545243	0.28291393837862455	0.43791460855837766	122.00707071785419	-934.6356784027614	5.314862722371937E-4	0.8479522009862596	4.071084339553433E-4	2.0095551425791237E-7	0.9239494424339492
5670000	-9635.04292218562	-8682.671078260924	-952.3718439246958	-8518.080885048634	123.59561164616257	1303.3807297889114	0.09449382863402302	0.38983490827693495	0.34071319710894177	1.129633218965096	0.3798779155978108	0.437062736707471	0.5643965385160599	0.3775879971827152	4.927651013426888	0.531471230092926	0.03277438636035696	0.38983490827693495	0.34071319710894177	1.129633218965096	0.3798779155978108	0.437062736707471	0.5643965385160599	0.3775879971827152	4.927651013426888	0.531471230092926	0.03277438636035696	6.246048351111368	0.2952375099419171	0.22398544652493377	0.1978631051545243	0.28291393837862455	0.43791460855837766	104.31237859213584	-940.3017853332273	6.030740887953465E-4	1.0246180560085691	4.272433642962661E-4	2.7609887480467477E-7	1.004167512629281
5680000	-9640.755487911658	-8685.016228096958	-955.7392598146995	-8520.756009551771	136.35293613352184	1259.2293333031164	0.07646048149304471	0.48884164866784263	0.011873492837218256	1.3867665877510407	2.017951318354145	0.7699261693721762	3.8756293393347043	2.159239844574085	4.628519253498423	0.1262404496137478	2.35866674274475	0.48884164866784263	0.011873492837218256	1.3867665877510407	2.017951318354145	0.7699261693721762	3.8756293393347043	2.159239844574085	4.628519253498423	0.1262404496137478	2.35866674274475	6.246048351111368	0.29957300444989693	0.20802277335340102	0.21382577832605704	0.27857844387064473	0.45121611156180075	113.34563302975693	-934.3447931085959	6.554231454096227E-4	1.0754157585841642	4.73157757934644E-4	3.781094355822097E-7	0.9963067551074556
5690000	-9608.507540563724	-8667.779178872663	-940.7283616910603	-8494.957972698214	105.81719768088642	1149.0966343280704	0.15476204866091342	0.17490138898066962	0.7563809447142	0.8756593515187561	0.7590475195693259	0.6980287174421088	2.513734110609544	1.2967501197301878	3.250974109406119	0.11480117228629966	0.44500824020676727	0.17490138898066962	0.7563809447142	0.8756593515187561	0.7590475195693259	0.6980287174421088	2.513734110609544	1.2967501197301878	3.250974109406119	0.11480117228629966	0.44500824020676727	5.996934503940365	0.29957300444989693	0.20802277335340102	0.21382577832605704	0.27857844387064473	0.6356705759667879	121.28588317385662	-927.1220629653255	6.352826112938684E-4	0.9936348567831287	4.6458685528547126E-4	4.982631165766596E-7	1.1996974758036154
5700000	-9649.7470089274	-8678.422954714035	-971.3240542133648	-8519.964092013006	139.4990456798102	1395.819828490029	0.08162533512716262	0.6795283754286329	0.26558537607515725	0.2697505516202244	2.0543791989649236	1.033279301924228	0.9983824861393213	0.021441740597941523	3.7320436602713856	0.53231687603312	0.5308149910787019	0.6795283754286329	0.26558537607515725	0.2697505516202244	2.0543791989649236	1.033279301924228	0.9983824861393213	0.021441740597941523	3.7320436602713856	0.53231687603312	0.5308149910787019	5.7063435030025405	0.29957300444989693	0.20802277335340102	0.21382577832605704	0.27857844387064473	0.39634245187997497	125.49330416269038	-958.436958868756	5.580394188411578E-4	0.9382050056201403	4.000181254970525E-4	3.2212796824566436E-7	1.0752435543910388
5710000	-9640.377745129403	-8713.863668324548	-926.5140768048547	-8543.137976137057	103.65545275723193	1086.2948135762924	0.0649518443340593	0.08727663988498365	0.6105002231503588	0.2481246083169826	1.8076257292933564	0.7918503612754059	4.08818778908396	0.17599181974800698	2.4832925544962854	0.6781223705467846	0.6272291865037442	0.08727663988498365	0.6105002231503588	0.2481246083169826	1.8076257292933564	0.7918503612754059	4.08818778908396	0.17599181974800698	2.4832925544962854	0.6781223705467846	0.6272291865037442	5.763245069509451	0.29957300444989693	0.1967788013011633	0.22506975037829477	0.27857844387064473	0.39634245187997497	108.33178726320207	-911.8227412550518	6.881989467098405E-4	0.8954421340473169	5.450744056481288E-4	3.891965643215819E-7	0.9162977394351937
5720000	-9667.236333112112	-8694.08885140045	-973.1474817116633	-8532.341472078542	122.98089165228703	1405.1998321364297	0.08543962822186817	1.3789551099922694	0.2348410837395144	0.08144380333653378	0.08327904295326205	0.16005222033910316	1.937549590724003	0.26245133884982064	6.228239476325306	0.48938940482337034	0.7304561443544684	1.3789551099922694	0.2348410837395144	0.08144380333653378	0.08327904295326205	0.16005222033910316	1.937549590724003	0.26245133884982064	6.228239476325306	0.48938940482337034	0.7304561443544684	6.541115206548194	0.29957300444989693	0.1967788013011633	0.2065723229203672	0.29707587132857227	0.47315375365352397	132.5350979408325	-958.6739141444771	5.468722754374964E-4	0.8684077580774804	4.113068295625381E-4	2.8164182245948956E-7	0.9979794000841637
5730000	-9662.450079162682	-8719.52226341927	-942.9278157434109	-8550.963820819876	100.84711709949335	1158.9582567219013	0.06401612762989599	0.8703314440266623	0.8023051193999731	0.8767155569036812	1.406078912604756	2.1532383218063673	2.9759222390095017	0.017278001218108765	5.077181411687763	1.3621005504364803	0.9012153890840833	0.8703314440266623	0.8023051193999731	0.8767155569036812	1.406078912604756	2.1532383218063673	2.9759222390095017	0.017278001218108765	5.077181411687763	1.3621005504364803	0.9012153890840833	6.541115206548194	0.29957300444989693	0.20957456443894096	0.19377655978258954	0.29707587132857227	0.5901586412615788	116.30526175663434	-923.8022323971006	5.053179892206987E-4	0.7186611522850496	4.5322948070890333E-4	1.4836029086725182E-7	0.7512806453078534
5740000	-9617.573857192096	-8685.031550837615	-932.5423063544808	-8520.344912557737	93.00316639763042	1091.3265798352847	0.06166193341291592	2.1330081898713797	0.2752558574632529	0.20843262018271683	0.71008716524233	0.4060490303598075	2.1941403278870806	0.6739595422394526	3.6824814200929645	1.8021809464370273	0.20730733126913006	2.1330081898713797	0.2752558574632529	0.20843262018271683	0.71008716524233	0.4060490303598075	2.1941403278870806	0.6739595422394526	3.6824814200929645	1.8021809464370273	0.20730733126913006	6.541115206548194	0.29169939421134217	0.2055300074677562	0.20569472699232905	0.29707587132857227	0.5483572497347436	116.39730327276796	-916.7929142759072	6.000453401790174E-4	0.9057939052048619	5.115889140724582E-4	3.223227069677567E-7	0.9121934644005699
5750000	-9588.642745736452	-8676.070455588957	-912.5722901474938	-8503.418142912085	110.33500672569332	1089.4122239292838	0.1388671124564364	0.46466972057064687	0.2664055114204254	1.9846041998414568	1.5417595096242271	0.21950836040496	1.7204906833835472	0.2379108697687628	4.034961333113961	1.5058278676197356	0.27207597581312687	0.46466972057064687	0.2664055114204254	1.9846041998414568	1.5417595096242271	0.21950836040496	1.7204906833835472	0.2379108697687628	4.034961333113961	1.5058278676197356	0.27207597581312687	6.279903709388336	0.29169939421134217	0.2055300074677562	0.20569472699232905	0.29707587132857227	0.5483572497347436	108.89530045697198	-897.7464242072828	7.088087610099553E-4	0.8955248382359396	5.421210262240417E-4	3.458063656887223E-7	0.9037809125732209
5760000	-9605.85272835313	-8689.02801498924	-916.824713363888	-8517.820881185748	117.59929727892252	1116.6832515059743	0.1658742915944247	0.02363793403945929	0.0562711619299718	0.10134605926943019	1.1956501236110124	0.27284734890489626	1.0321279763478037	0.282970932863066	1.3177871881018646	0.17161963074094155	0.5229818474320933	0.02363793403945929	0.0562711619299718	0.10134605926943019	1.1956501236110124	0.27284734890489626	1.0321279763478037	0.282970932863066	1.3177871881018646	0.17161963074094155	0.5229818474320933	7.239173586380583	0.3035328374504948	0.2055300074677562	0.20569472699232905	0.28524242808941963	0.5483572497347436	101.93779966463443	-909.5266224855682	6.396644460872971E-4	0.8559874807650815	5.232873980016318E-4	3.1332378728244073E-7	0.8748321039471298
5770000	-9601.115190215529	-8667.76930692752	-933.3458832880087	-8497.063897051828	88.43937220246386	1060.66786461998	0.16715966309183738	0.09031748451024835	0.017186794385895585	0.29863349075122597	0.7904836288757794	0.22556239569081382	3.305248582013241	0.2515753810116848	3.1003454534074244	0.15399931762175967	0.01257584356484587	0.09031748451024835	0.017186794385895585	0.29863349075122597	0.7904836288757794	0.22556239569081382	3.305248582013241	0.2515753810116848	3.1003454534074244	0.15399931762175967	0.01257584356484587	6.184388736329308	0.29353434139457	0.22604770737365715	0.20569472699232905	0.2747232242394435	0.5483572497347436	111.15423380066456	-923.2165359498055	5.998023931380413E-4	0.8203655492147367	5.192644665882813E-4	3.085637104735201E-7	0.9113887768956317
5780000	-9631.81758941505	-8687.886028413997	-943.9315610010524	-8521.382389162993	114.25126198561748	1183.5213660543811	0.07153420613911457	1.7453602019828502	0.12139077375129123	0.6711355856245769	0.0668989114980514	0.9456425980385965	1.9309373988958316	0.05369024987264727	2.512097701800888	0.3070018290355169	0.9781110590990634	1.7453602019828502	0.12139077375129123	0.6711355856245769	0.0668989114980514	0.9456425980385965	1.9309373988958316	0.05369024987264727	2.512097701800888	0.3070018290355169	0.9781110590990634	6.803058711502744	0.29353434139457	0.2111532370394039	0.2199851060088675	0.2753273155571583	0.5483572497347436	132.75358990125528	-931.644677345153	5.741287571598069E-4	0.7912899147645792	4.700385676255593E-4	2.679252040599215E-7	0.9257841033450861
5790000	-9622.339455910473	-8697.088574107234	-925.2508818032392	-8529.6142271821	74.9808085592779	1046.863717120566	0.11903760430429858	0.11239632902844353	0.29604998495412466	0.03488108569071812	2.7971682856263356	0.17810563719668876	2.6675779482182356	0.5152708344491979	5.275100207943299	0.56315780559074	0.10867415423126757	0.11239632902844353	0.29604998495412466	0.03488108569071812	2.7971682856263356	0.17810563719668876	2.6675779482182356	0.5152708344491979	5.275100207943299	0.56315780559074	0.10867415423126757	5.594432093655457	0.3059704226389435	0.19871715579503046	0.2199851060088675	0.2753273155571583	0.5483572497347436	117.1939949624804	-910.5154118142926	6.785751443268245E-4	0.7819679474753547	5.934025423944118E-4	3.3946883491028043E-7	0.8901647441631261
5800000	-9584.715236674045	-8685.330041943718	-899.3851947303259	-8521.161217410388	64.6640442309976	917.102057083247	0.1322213178928609	0.7859103617909995	0.04425636593714976	0.6430570437031741	0.12357505400227015	0.3074359676977302	1.4187241052670883	0.030834388774689834	2.8050479450136656	0.16284609709930908	0.333618316863538	0.7859103617909995	0.04425636593714976	0.6430570437031741	0.12357505400227015	0.3074359676977302	1.4187241052670883	0.030834388774689834	2.8050479450136656	0.16284609709930908	0.333618316863538	5.594432093655457	0.2936896988449791	0.19871715579503046	0.2199851060088675	0.28760803935112267	0.3997856279048813	89.33096819685458	-890.631880618033	8.007008971042683E-4	0.8430181719935501	6.64349828392992E-4	5.84446153397635E-7	0.9635377657900087
5810000	-9644.039046823133	-8679.096700188524	-964.9423466346084	-8517.47088855202	83.38375745637842	1176.6184488949466	0.05270099049782966	1.3939656307819888	0.059302755629612576	0.7353004060682632	0.8558603507061987	0.39554814858452336	3.01678799519807	0.7994580594941998	5.303262619306042	0.04279551502602875	0.875351771823955	1.3939656307819888	0.059302755629612576	0.7353004060682632	0.8558603507061987	0.39554814858452336	3.01678799519807	0.7994580594941998	5.303262619306042	0.04279551502602875	0.875351771823955	5.594432093655457	0.2936896988449791	0.19871715579503046	0.2199851060088675	0.28760803935112267	0.3997856279048813	121.90232130717524	-948.1785849531261	5.607288657085383E-4	0.9202732235010039	4.759617117857608E-4	2.7322286521504957E-7	0.977344683165912
5820000	-9618.944937488188	-8675.29900478968	-943.6459326985075	-8517.2486358532	77.61479269209788	1103.1594138391542	0.0703499116756973	0.6869090529555305	0.041831711250986704	0.376393132735007	0.2250961243199443	0.4553232111758368	2.0974072286281853	0.2931984128974662	2.6129606688332374	0.32578822277219266	0.09471555331277479	0.6869090529555305	0.041831711250986704	0.376393132735007	0.2250961243199443	0.4553232111758368	2.0974072286281853	0.2931984128974662	2.6129606688332374	0.32578822277219266	0.09471555331277479	5.594432093655457	0.2936896988449791	0.19871715579503046	0.2199851060088675	0.28760803935112267	0.5820598654893235	107.280322247065	-933.0387344173068	5.766079135542449E-4	1.061663753178651	4.961157485753797E-4	5.06798850485855E-7	1.2645664440008606
5830000	-9603.29209756147	-8695.28428127483	-908.0078162866417	-8536.178422228626	79.67516526387706	938.218981853784	0.092888488454463	0.9319838391724277	0.5075142898709742	1.2550917129954096	0.9718722318408256	0.39116162855779557	1.4160404267007631	0.5421927335562895	6.02747489513128	0.6851578377899412	1.2103962386365388	0.9319838391724277	0.5075142898709742	1.2550917129954096	0.9718722318408256	0.39116162855779557	1.4160404267007631	0.5421927335562895	6.02747489513128	0.6851578377899412	1.2103962386365388	5.807200014095205	0.31025542135327994	0.19871715579503046	0.20341938350056663	0.28760803935112267	0.5820598654893235	80.58517387352558	-891.1661692495971	6.85925806866351E-4	0.9907952276401395	6.294722223198331E-4	5.932592881352716E-7	1.0648564121285882
5840000	-9608.34472990979	-8691.749870959282	-916.594858950508	-8527.324250774764	70.78556858031948	998.6644319750633	0.1053262270115946	0.6444465614003363	0.11638873111117215	0.5768409586241862	0.07586715392597267	0.3340230873474207	1.3960614392013662	0.46368012191074787	3.872530556649842	0.5768176674739913	0.5113045783913066	0.6444465614003363	0.11638873111117215	0.5768409586241862	0.07586715392597267	0.3340230873474207	1.3960614392013662	0.46368012191074787	3.872530556649842	0.5768176674739913	0.5113045783913066	6.87048343072105	0.31025542135327994	0.19871715579503046	0.20341938350056663	0.28760803935112267	0.4501287598026116	99.90833818498373	-905.1823992613319	6.402539516794317E-4	0.9377878866947716	5.614995688409662E-4	3.555726699909255E-7	0.9528245634920011
5850000	-9605.733905884596	-8668.218112899815	-937.5157929847804	-8507.26996243246	93.35302183299007	1088.6063210066734	0.1560735830386746	0.7752594388169133	0.06297099685913285	0.010771852160591384	0.7463131331985502	0.352853738300684	2.197472692128772	1.5628421883260202	2.929702122236964	0.005246207861344193	0.4209778581477695	0.7752594388169133	0.06297099685913285	0.010771852160591384	0.7463131331985502	0.352853738300684	2.197472692128772	1.5628421883260202	2.929702122236964	0.005246207861344193	0.4209778581477695	6.87048343072105	0.31025542135327994	0.19871715579503046	0.20341938350056663	0.28760803935112267	0.4501287598026116	90.23511194057939	-926.1674734789801	5.728653155084718E-4	0.9572092912506472	4.7853008142641776E-4	3.683882964424436E-7	1.0515175147808018
5860000	-9608.452946426667	-8684.770332464845	-923.6826139618223	-8522.113310187055	121.82856448160696	1119.0958369768625	0.08755058309443697	0.012259879931691683	0.059455813928197	0.7746863935465548	1.1455971946527546	0.4079620979911794	2.2361469255070614	0.47268043973747165	1.6633405920087345	0.10286024753032533	0.3518043033505393	0.012259879931691683	0.059455813928197	0.7746863935465548	1.1455971946527546	0.4079620979911794	2.2361469255070614	0.47268043973747165	1.6633405920087345	0.10286024753032533	0.3518043033505393	6.87048343072105	0.31025542135327994	0.19871715579503046	0.20341938350056663	0.28760803935112267	0.40517007709675595	118.16733946879042	-912.9404789239494	6.95544628398579E-4	1.0096907317348913	4.97006643469706E-4	4.132465904324433E-7	1.0077288615317204
5870000	-9618.072147236118	-8706.69859105501	-911.3735561811079	-8541.041678001311	117.19906097030491	1089.36280220532	0.1706622323006314	0.39829657054152434	0.2604349067054585	0.46221351953425793	0.07708160066585919	0.7227546563627893	0.08038767833040601	0.1298981434867609	4.225847162196763	0.07092984481061303	0.06248884093953366	0.39829657054152434	0.2604349067054585	0.46221351953425793	0.07708160066585919	0.7227546563627893	0.08038767833040601	0.1298981434867609	4.225847162196763	0.07092984481061303	0.06248884093953366	5.919174356412805	0.31025542135327994	0.19871715579503046	0.20341938350056663	0.28760803935112267	0.5203729918442291	92.5725667542151	-902.669494245009	7.535397150602669E-4	0.8801232585511598	5.211011777879375E-4	3.687270472026352E-7	0.9603282957514397
5880000	-9593.439687384172	-8695.496007454945	-897.943679929227	-8535.824481225663	115.84334391720681	1009.0739849378496	0.08018149464976057	0.46647502723864553	0.15763775337393257	0.4085114238005928	0.21929030333316382	0.982886242450141	1.4325335183926948	0.04837658305501908	5.141592193464359	0.3747485045545152	1.248391715819402	0.46647502723864553	0.15763775337393257	0.4085114238005928	0.21929030333316382	0.982886242450141	1.4325335183926948	0.04837658305501908	5.141592193464359	0.3747485045545152	1.248391715819402	6.514846085719437	0.31025542135327994	0.19871715579503046	0.20341938350056663	0.28760803935112267	0.458913433652696	81.90849000626164	-884.0757682405383	8.152749035378933E-4	0.9840648441753215	5.555205396374604E-4	5.200314284362609E-7	0.9729681892477804
5890000	-9627.353199328689	-8693.173719582262	-934.1794797464254	-8526.50272492555	188.2125076419918	1262.3779719893234	0.09532589586471872	0.09750880989959614	0.045042069096923563	0.29587819240482033	0.1395829484067257	1.0462001605226103	2.080567303583918	0.1654593090466971	3.4842304463797826	0.19912419190931244	0.28952505179401283	0.09750880989959614	0.045042069096923563	0.29587819240482033	0.1395829484067257	1.0462001605226103	2.080567303583918	0.1654593090466971	3.4842304463797826	0.19912419190931244	0.28952505179401283	6.925854217725123	0.31025542135327994	0.20394754211004051	0.21135462394743407	0.2744424125892452	0.458913433652696	122.9694873057534	-923.0272302496436	7.149683859117759E-4	0.9447950870798815	4.35749430197051E-4	3.505175746877864E-7	0.9450010008361714
5900000	-9599.740467272848	-8700.870639371742	-898.869827901106	-8536.88667374628	127.48750565965763	1056.724085487681	0.08359933792910794	0.04425801873891163	0.09125817417254116	1.6317687802066128	0.12890277953897097	0.7843372298677046	0.3180098812780082	0.15667962758627538	4.615247587865147	0.8852388555690001	1.0040979234358711	0.04425801873891163	0.09125817417254116	1.6317687802066128	0.12890277953897097	0.7843372298677046	0.3180098812780082	0.15667962758627538	4.615247587865147	0.8852388555690001	1.0040979234358711	6.580192912052721	0.31025542135327994	0.20394754211004051	0.21135462394743407	0.2744424125892452	0.6398455355581176	91.98439572653153	-885.5029243418512	8.470601554129024E-4	1.0001547135727156	5.518897480992081E-4	4.337859386676815E-7	0.9152456242381423
5910000	-9622.055854978384	-8690.41204165759	-931.6438133207932	-8529.661129879389	221.1160899188412	1396.987387596479	0.07259105642509706	2.888422787814707	0.013630553561929168	0.6672395267577393	0.12730481036442126	3.1329483686932127	0.9068110187366119	0.300425454001678	3.8910762262170073	0.6314730509064178	0.44767693424025573	2.888422787814707	0.013630553561929168	0.6672395267577393	0.12730481036442126	3.1329483686932127	0.9068110187366119	0.300425454001678	3.8910762262170073	0.6314730509064178	0.44767693424025573	6.580192912052721	0.31025542135327994	0.20394754211004051	0.21135462394743407	0.2744424125892452	0.6398455355581176	107.38280733866966	-915.0397696485321	6.81744270603256E-4	0.9629189576494049	4.0804016797009614E-4	5.218212990258692E-7	1.119684930837299
5920000	-9620.672849523231	-8675.220524076452	-945.452325446778	-8513.547453723058	241.4154109206609	1530.7369489780278	0.10493661943002924	0.012028534115214033	0.07691402095014774	0.3910588720187458	0.5821483801241624	0.49565269321269495	1.2091101345612492	0.22732115748914747	5.9333052806544595	0.09192046744697832	0.738415160017106	0.012028534115214033	0.07691402095014774	0.3910588720187458	0.5821483801241624	0.49565269321269495	1.2091101345612492	0.22732115748914747	5.9333052806544595	0.09192046744697832	0.738415160017106	5.587385303807175	0.31025542135327994	0.20394754211004051	0.21135462394743407	0.2744424125892452	0.463705087642309	119.50317438868737	-932.4763375943917	6.661838977243192E-4	1.097485464541562	3.8239954474083454E-4	4.265881854638378E-7	1.099808656743043
5930000	-9587.07468496567	-8663.606685207686	-923.4679997579839	-8496.98813488435	124.54982884502401	1109.662080295177	0.09498142330006384	0.0385722854234365	0.2622161687795976	0.38778570735849593	1.045051970514312	0.3073653793832468	1.955279896013448	0.39297018910530934	2.866046619807144	0.9001142497619149	0.39495549009428493	0.0385722854234365	0.2622161687795976	0.38778570735849593	1.045051970514312	0.3073653793832468	1.955279896013448	0.39297018910530934	2.866046619807144	0.9001142497619149	0.39495549009428493	6.048602962317484	0.31025542135327994	0.20394754211004051	0.21135462394743407	0.2744424125892452	0.463705087642309	106.68703896628782	-911.67770925562	7.959193564685363E-4	0.9811072096983322	5.258796239345842E-4	6.619765074791565E-7	1.0880300720068123
5940000	-9620.191834235076	-8675.783218296587	-944.4086159384896	-8501.166184403446	168.40064211403393	1383.054813187014	0.13371550018535147	0.28982496227785165	0.07245760247436313	0.4842841672633167	0.27209175692365106	0.29631459749132555	0.70737188173825	0.34337462654864437	4.374255079479364	0.15027105114524433	0.2819709028049617	0.28982496227785165	0.07245760247436313	0.4842841672633167	0.27209175692365106	0.29631459749132555	0.70737188173825	0.34337462654864437	4.374255079479364	0.15027105114524433	0.2819709028049617	6.769822047517743	0.31025542135327994	0.20394754211004051	0.21135462394743407	0.2744424125892452	0.5405133756013477	127.35928895571729	-934.0360406828148	6.545211284523882E-4	1.005054278386816	4.304661823101683E-4	5.065383160212673E-7	1.1278659336407797
5950000	-9614.330910291097	-8685.698794126332	-928.632116164765	-8516.631404971795	140.53207199857607	1243.1091912489092	0.08323258223415536	0.059193009803209046	0.06458508543716848	1.8511671858938248	0.30154807046230203	0.9692144150320648	2.402033603078047	0.19623533312021293	5.3203494937267175	0.1975946281187033	0.9679064751853106	0.059193009803209046	0.06458508543716848	1.8511671858938248	0.30154807046230203	0.9692144150320648	2.402033603078047	0.19623533312021293	5.3203494937267175	0.1975946281187033	0.9679064751853106	5.556735599296202	0.31025542135327994	0.20394754211004051	0.21135462394743407	0.2744424125892452	0.620919171103743	108.43392248925203	-913.2536271993788	6.633877711663569E-4	0.9399958406286636	4.347774688720008E-4	7.047994546300618E-7	1.1916775187008248
5960000	-9635.1809975436	-8667.411166396909	-967.769831146692	-8499.242480049494	134.0245577240431	1427.1784182775227	0.07707291960847766	0.3618935980635688	6.357672471234485E-4	0.8671681171789238	0.04880711539887463	2.695008340454732	2.2125713607236404	0.17493939753501436	4.25051123095767	0.7620959594396817	0.05885834857691748	0.3618935980635688	6.357672471234485E-4	0.8671681171789238	0.04880711539887463	2.695008340454732	2.2125713607236404	0.17493939753501436	4.25051123095767	0.7620959594396817	0.05885834857691748	6.064405663663227	0.31025542135327994	0.20394754211004051	0.21135462394743407	0.2744424125892452	0.620919171103743	137.02195459834874	-952.7221085604383	6.047667972066826E-4	1.0143622234350407	3.9887694366449224E-4	6.069187072336504E-7	1.3098994604470984
5970000	-9643.607205537839	-8686.276927831424	-957.3302777064139	-8521.09229409499	137.9024898496062	1429.643022171615	0.11429845210101008	0.5081399984719164	0.10664304468427768	0.8869915928394206	0.08049889965813223	0.2605783871286199	2.193969728963704	0.36554387677531464	5.130300047992238	1.1510845719466625	0.03962148649415823	0.5081399984719164	0.10664304468427768	0.8869915928394206	0.08049889965813223	0.2605783871286199	2.193969728963704	0.36554387677531464	5.130300047992238	1.1510845719466625	0.03962148649415823	5.674182906720893	0.31025542135327994	0.20394754211004051	0.21135462394743407	0.2744424125892452	0.4419373221797011	130.10558108025472	-944.4099815974558	5.134841229765171E-4	0.8741167000681901	3.734244288365937E-4	3.510037418615959E-7	1.159001935066443
5980000	-9658.942847295428	-8683.092808894406	-975.8500384010224	-8522.620174945403	139.0792969232491	1515.028646065472	0.0532156398580681	0.7489233287095395	0.028284404733431082	0.378403091554297	0.6675740154911751	0.4232626169576125	1.3117424262130746	0.2768140991726223	4.268059687733633	1.3079598299559443	0.5474669107966856	0.7489233287095395	0.028284404733431082	0.378403091554297	0.6675740154911751	0.4232626169576125	1.3117424262130746	0.2768140991726223	4.268059687733633	1.3079598299559443	0.5474669107966856	6.554043524227372	0.2997679238489945	0.20394754211004051	0.215940927336906	0.2803436067040587	0.42119432608177215	127.9751970778185	-962.4001805486257	5.243947352364002E-4	0.9191938511037997	3.4773385260434734E-4	3.0388108555788746E-7	1.088116523096103
5990000	-9659.042284616136	-8671.018304783483	-988.0239798326535	-8500.385334073051	176.95193278103787	1639.51621425368	0.10320652275446916	1.0220217943666827	0.014612834433498033	0.5194631206070176	1.8018859189880496	1.3639778179656914	0.81345911522351	0.5377816391306361	2.188308966437931	0.25921715962295905	1.282301122371609	1.0220217943666827	0.014612834433498033	0.5194631206070176	1.8018859189880496	1.3639778179656914	0.81345911522351	0.5377816391306361	2.188308966437931	0.25921715962295905	1.282301122371609	6.554043524227372	0.30289022836812474	0.20394754211004051	0.215940927336906	0.27722130218492846	0.42119432608177215	157.9023395638386	-975.5330765636826	5.170278047099863E-4	0.875977858066217	3.260353105586349E-4	3.1281498222633475E-7	1.1610003253624928
6000000	-9704.102526472603	-8687.007821054212	-1017.0947054183902	-8523.905735168291	121.40892136130834	1683.7975888687172	0.06575738134061662	0.6507133251417409	0.016393611938218092	0.9065054427970602	0.007521278734154464	0.3257646550720643	1.4611753461057508	0.1220967411375508	3.715356415752886	0.2955606980412009	2.337922436001867	0.6507133251417409	0.016393611938218092	0.9065054427970602	0.007521278734154464	0.3257646550720643	1.4611753461057508	0.1220967411375508	3.715356415752886	0.2955606980412009	2.337922436001867	5.6575004672211255	0.30289022836812474	0.20394754211004051	0.215940927336906	0.27722130218492846	0.6151885473701278	184.2308382139327	-1004.5694295889837	4.0471108575935956E-4	0.7389592548857142	2.97487518114079E-4	1.334066187005187E-7	0.9883456364603129
6010000	-9673.803589444606	-8678.605300054978	-995.1982893896268	-8509.00352364233	119.34992746786557	1580.9530322823787	0.08754888619329239	0.810921991950617	0.03396968861404598	0.027174174217473934	1.7208680374804692	0.2548199268441715	2.5185106317847925	1.7723397709429838	3.0846727189432435	0.0348255394005518	0.1018030641978165	0.810921991950617	0.03396968861404598	0.027174174217473934	1.7208680374804692	0.2548199268441715	2.5185106317847925	1.7723397709429838	3.0846727189432435	0.0348255394005518	0.1018030641978165	7.047617536372395	0.30908605493331026	0.20394754211004051	0.20974510077172046	0.27722130218492846	0.35408392385525655	171.6619916279385	-982.2895030072907	4.25421824302416E-4	0.7865396785579554	3.449666140434814E-4	1.188768994472508E-7	0.8483348130708459
6020000	-9666.938193422444	-8691.3506292629	-975.5875641595437	-8527.575944200484	110.05331786530127	1329.9455732693139	0.09822820558697974	0.4191513493295602	0.017832935229593404	0.12821622407719485	1.17283743055284	0.3892456346116388	1.138017373743585	0.2663130114902543	4.07272460779931	0.4114764732830388	0.3475290109178753	0.4191513493295602	0.017832935229593404	0.12821622407719485	1.17283743055284	0.3892456346116388	1.138017373743585	0.2663130114902543	4.07272460779931	0.4114764732830388	0.3475290109178753	6.592313301614207	0.29630329632933927	0.2167303007140115	0.20974510077172046	0.27722130218492846	0.7118328022125501	143.9214908190595	-964.2252272591957	5.24495416074368E-4	0.8957204865919349	4.099595534979057E-4	1.713437111164276E-7	0.8900062344699028
6030000	-9664.22945173835	-8672.596168746388	-991.6332829919634	-8497.917996302825	117.14813697562869	1552.2127309915077	0.06645462561500144	0.46336098843628565	0.0482482068198583	1.7626629866192551	0.03876186149510847	1.308896365043721	0.2898415928063262	0.09095949480277277	2.707109462410631	1.2002178463144817	0.13639728549101	0.46336098843628565	0.0482482068198583	1.7626629866192551	0.03876186149510847	1.308896365043721	0.2898415928063262	0.09095949480277277	2.707109462410631	1.2002178463144817	0.13639728549101	7.332275995279564	0.29630329632933927	0.2156776149756604	0.21079778651007156	0.27722130218492846	0.5592756850345968	156.52027111069964	-979.8708770737052	4.5346561214414777E-4	0.9869668918240587	3.62152917426566E-4	2.676351921590096E-7	1.1570876657715987
6040000	-9639.654393635488	-8653.276248346123	-986.3781452893658	-8486.795612898597	147.4475612870575	1614.8017230458365	0.1149260583686559	0.02185379826912232	0.03379437670734069	0.0631957367512222	0.24349087901419636	0.3049159022337614	0.23701567294224216	0.2808337177124762	2.2799662447778752	0.12983183555815814	0.48897774101985564	0.02185379826912232	0.03379437670734069	0.0631957367512222	0.24349087901419636	0.3049159022337614	0.23701567294224216	0.2808337177124762	2.2799662447778752	0.12983183555815814	0.48897774101985564	7.332275995279564	0.29630329632933927	0.2156776149756604	0.21079778651007156	0.27722130218492846	0.5592756850345968	174.3970594038316	-979.2602611260452	4.3068766858484067E-4	0.9602804804315695	3.3945578726353584E-4	2.0133100726558084E-7	1.0118448057933955
6050000	-9676.494065961107	-8692.837473088674	-983.6565928724345	-8517.502147129757	120.86730206189483	1501.069726806669	0.08667604161070032	1.2566554693457077	0.030011408096267397	1.8398773378208813	0.5082056753400159	0.6578826145235589	0.4679128169818646	0.13977942921052616	6.329695803063147	1.5450750382961496	3.292597444867112	1.2566554693457077	0.030011408096267397	1.8398773378208813	0.5082056753400159	0.6578826145235589	0.4679128169818646	0.13977942921052616	6.329695803063147	1.5450750382961496	3.292597444867112	6.1921953530879685	0.29630329632933927	0.2156776149756604	0.21079778651007156	0.27722130218492846	0.49262098842530555	157.9326351449012	-964.5397368307347	5.087959222673945E-4	0.9478018710052829	3.7180124514010586E-4	3.194634209135877E-7	1.1007075314098684
6060000	-9638.798245192636	-8680.768309674584	-958.029935518053	-8514.381632647552	111.53281880513259	1354.5643910952622	0.10863855032279751	0.10402665797078546	0.12165639267184399	0.6136685428820343	1.284343950418105	0.22808641827294038	2.9747345520749655	0.0797498866630866	1.538216947116945	0.008315835223437948	0.7532563730308616	0.10402665797078546	0.12165639267184399	0.6136685428820343	1.284343950418105	0.22808641827294038	2.9747345520749655	0.0797498866630866	1.538216947116945	0.008315835223437948	0.7532563730308616	6.1921953530879685	0.29630329632933927	0.2156776149756604	0.21079778651007156	0.27722130218492846	0.49262098842530555	142.46349710107276	-948.063583676732	5.016636847788443E-4	0.8159406266400738	4.1538548073360244E-4	2.2918080063345783E-7	0.9363862825055569
6070000	-9635.399001383608	-8680.362183741552	-955.0368176420559	-8517.40825280863	106.12323744208943	1336.9809072026314	0.12998170807962592	0.03504255865209209	0.17488667077699133	0.21847040752704505	2.186503493604276	0.9029448526827757	1.416296912452301	0.3003363928595501	5.427696173738346	0.08266748173110748	0.44392177960588103	0.03504255865209209	0.17488667077699133	0.21847040752704505	2.186503493604276	0.9029448526827757	1.416296912452301	0.3003363928595501	5.427696173738346	0.08266748173110748	0.44392177960588103	7.037941705719907	0.29630329632933927	0.2156776149756604	0.21079778651007156	0.27722130218492846	0.6714467938368894	118.43117143019685	-941.3091136108933	5.040564976552025E-4	0.8978515956193523	4.291644275199634E-4	2.65989294146928E-7	0.9077975461701068
6080000	-9653.144155802356	-8668.537199035221	-984.6069567671342	-8513.173711253032	117.28193239857599	1508.5966925243329	0.07974325937754012	0.28516230740523535	0.07222119561466778	1.3397885277940236	0.3988258420721876	0.39324110204036766	3.8745476680909343	0.4666370154538581	5.170442077090354	0.3585369547994108	1.033560673524587	0.28516230740523535	0.07222119561466778	1.3397885277940236	0.3988258420721876	0.39324110204036766	3.8745476680909343	0.4666370154538581	5.170442077090354	0.3585369547994108	1.033560673524587	5.908341955707278	0.29630329632933927	0.21715104473554472	0.21079778651007156	0.27574787242504417	0.4220648226534227	137.39979395307776	-969.0493445759039	4.2035990535622356E-4	0.7869272307289675	3.421561127620632E-4	1.4332445356587955E-7	0.8693412475639433
6090000	-9721.810905910443	-8694.725208237214	-1027.0856976732275	-8527.013185008911	116.6913449250717	1665.84499667132	0.06683248017845025	0.027229485116753157	0.2520286401223959	0.5165048416829349	2.2923774783351405	0.1355423815631923	3.4196704162621208	0.10107106320734899	3.670846615643928	0.6176378187086097	1.403520419692882	0.027229485116753157	0.2520286401223959	0.5165048416829349	2.2923774783351405	0.1355423815631923	3.4196704162621208	0.10107106320734899	3.670846615643928	0.6176378187086097	1.403520419692882	6.215236443674678	0.29630329632933927	0.21715104473554472	0.21079778651007156	0.27574787242504417	0.4220648226534227	208.1571574370763	-1011.6977647109351	4.076879899618473E-4	0.815254677151314	3.4110844331979544E-4	1.2619431051032122E-7	0.8905079192929228
6100000	-9699.246372048188	-8697.075863568827	-1002.1705084793606	-8526.250485869012	106.09027739762017	1460.7711321969139	0.10263138387074697	0.8738578028502606	0.13589372624075402	0.09476514922597143	1.8894136170875857	0.3692548875285797	3.0942245249368323	0.817016213320564	2.855762208256258	0.2737131753806069	1.1002875885183467	0.8738578028502606	0.13589372624075402	0.09476514922597143	1.8894136170875857	0.3692548875285797	3.0942245249368323	0.817016213320564	2.855762208256258	0.2737131753806069	1.1002875885183467	6.949899502028378	0.29630329632933927	0.21715104473554472	0.21079778651007156	0.27574787242504417	0.5810761867625421	188.54909734487853	-988.2112497636502	4.485451535603002E-4	0.7244870073691951	3.9251945960577724E-4	1.6903631471523685E-7	0.9198786000593415
6110000	-9660.621998841578	-8695.030553045917	-965.5914457956609	-8527.682914733816	102.00589375773811	1306.6889934623957	0.11104686748305702	3.3440661485472396	0.18984634896133076	1.1464298770114996	0.3102001334279938	0.4789962040799947	1.5189990154565562	0.36659206651950554	8.038566600965916	0.10078049763654458	0.5565236090945882	3.3440661485472396	0.18984634896133076	1.1464298770114996	0.3102001334279938	0.4789962040799947	1.5189990154565562	0.36659206651950554	8.038566600965916	0.10078049763654458	0.5565236090945882	6.949899502028378	0.29630329632933927	0.21715104473554472	0.21079778651007156	0.27574787242504417	0.5332700177570544	126.35477508881847	-947.0775524184627	5.011733558794518E-4	0.8569725741616891	4.27221958129836E-4	2.5987013396079854E-7	0.9515490427278451
6120000	-9663.840639215054	-8688.767957541912	-975.0726816731418	-8509.804472111402	96.31380067832745	1366.5825599067903	0.1562056890159543	0.043110892568670255	0.35838285173172507	0.10074130773450937	1.4524945587089844	1.1386837429467964	1.6893546284389287	0.31377178097805236	4.398199739431047	0.030872602527047058	0.9055184015742131	0.043110892568670255	0.35838285173172507	0.10074130773450937	1.4524945587089844	1.1386837429467964	1.6893546284389287	0.31377178097805236	4.398199739431047	0.030872602527047058	0.9055184015742131	7.02672263754057	0.3080656366613367	0.2071019163083434	0.19903544617807414	0.2857970008522455	0.41518111950444725	146.30091337783216	-962.3357293711802	4.5757826290891734E-4	0.8959737965618347	4.088075896021071E-4	1.6485570975045285E-7	0.8905951953523858
6130000	-9632.49465696226	-8675.133234572999	-957.3614223892612	-8515.583278122702	93.16841453128036	1196.1779879799644	0.09149718745284097	0.661444925119399	0.05120635460270877	0.34119035233434686	1.1594178086681513	0.5937314251033243	3.3802407463336404	0.0855960635549775	4.652294687888051	0.052000384203280195	1.0100138180508231	0.661444925119399	0.05120635460270877	0.34119035233434686	1.1594178086681513	0.5937314251033243	3.3802407463336404	0.0855960635549775	4.652294687888051	0.052000384203280195	1.0100138180508231	6.047185614016829	0.3080656366613367	0.21503778038913204	0.19903544617807414	0.2778611367714569	0.5380218888581088	124.12948348468672	-942.4829088571838	5.831383092269989E-4	0.9217088918431412	4.907557037620741E-4	4.272017737984078E-7	1.0689439678572563
6140000	-9632.864452555703	-8669.945588239132	-962.9188643165708	-8505.584221712097	107.71954142351478	1329.2983026392876	0.11008534505022922	0.03002898161502199	0.08937837878586985	0.011718788139340004	2.4650423852752614	0.43130929237187865	1.7023209291752313	0.8091863199627951	3.057889317467283	0.3984372547212172	0.3857037433308453	0.03002898161502199	0.08937837878586985	0.011718788139340004	2.4650423852752614	0.43130929237187865	1.7023209291752313	0.8091863199627951	3.057889317467283	0.3984372547212172	0.3857037433308453	6.047185614016829	0.3080656366613367	0.21503778038913204	0.19903544617807414	0.2778611367714569	0.5380218888581088	132.23985520208458	-950.6828594209803	5.828683342824938E-4	0.9559460201025419	4.122563955457682E-4	3.95287396966267E-7	1.1981102869114726
6150000	-9635.645008845617	-8682.195229153313	-953.4497796923035	-8513.42378991024	94.42531657725036	1217.6793517007752	0.07023253677750843	0.22068073690222345	0.4774658909406685	0.04970206739825793	1.0767889902115702	2.185506876326516	2.106229480240739	0.001346905393553529	3.0955115738270074	0.6099737233543061	0.9266699567964698	0.22068073690222345	0.4774658909406685	0.04970206739825793	1.0767889902115702	2.185506876326516	2.106229480240739	0.001346905393553529	3.0955115738270074	0.6099737233543061	0.9266699567964698	6.787628222839598	0.3080656366613367	0.21503778038913204	0.19903544617807414	0.2778611367714569	0.5380218888581088	127.14177348767268	-938.849993451613	7.048861222273148E-4	0.9758307960739516	5.070996041110426E-4	6.58292372681248E-7	1.2189507355077052
6160000	-9655.59574266909	-8672.537363894815	-983.0583787742738	-8511.701634109564	106.69943377336187	1442.535964899596	0.0836218982932949	0.3002426149863717	0.021180609653357448	0.622408591825148	2.599237312128656	0.12310117599841543	1.4894600581732529	0.052786315610699956	2.8988861065661413	0.042538154750146565	0.5879980914283804	0.3002426149863717	0.021180609653357448	0.622408591825148	2.599237312128656	0.12310117599841543	1.4894600581732529	0.052786315610699956	2.8988861065661413	0.042538154750146565	0.5879980914283804	6.81926995054522	0.3080656366613367	0.21503778038913204	0.19903544617807414	0.2778611367714569	0.5380218888581088	166.77870634950122	-971.3872588698828	4.4187090848279493E-4	0.8457974103377872	3.8040073161094444E-4	1.2575375326947298E-7	0.858914706153438
6170000	-9696.977034803804	-8685.158954236269	-1011.818080567534	-8526.878584325015	137.16016310649104	1650.2786725719454	0.06859081853392059	0.7455448839209314	0.22388925681413036	0.5058918668881782	0.47777190652463375	1.714166582659609	1.6158249948759595	0.32484732005946243	4.21005595180906	0.11503512435873765	1.4507272729779588	0.7455448839209314	0.22388925681413036	0.5058918668881782	0.47777190652463375	1.714166582659609	1.6158249948759595	0.32484732005946243	4.21005595180906	0.11503512435873765	1.4507272729779588	6.433615949340012	0.3080656366613367	0.21503778038913204	0.19903544617807414	0.2778611367714569	0.42065632627143884	184.04068622678506	-997.5289201723467	3.9182832155680087E-4	0.8257959159596545	3.268840528181624E-4	1.01314318729697E-7	0.8590444605759365
6180000	-9695.427828873777	-8701.325217482758	-994.1026113910201	-8538.83911855017	161.9692900272852	1679.6445120345504	0.06995634231249834	0.05309902709413373	0.20674421993882683	0.17489860299341006	0.03544793240485071	0.8255280926791606	1.6562025407763172	0.834984440285147	3.9239450466393753	0.5251730885827283	0.37219820545505616	0.05309902709413373	0.20674421993882683	0.17489860299341006	0.03544793240485071	0.8255280926791606	1.6562025407763172	0.834984440285147	3.9239450466393753	0.5251730885827283	0.37219820545505616	6.767243468995307	0.30009228408673533	0.20701920702113563	0.21791091255033931	0.2749775963417895	0.42065632627143884	167.27795890193892	-982.6659642798131	4.1387685637836333E-4	0.8148920801358188	3.1917517073244293E-4	1.0351600613436367E-7	0.8192945587382393
6190000	-9672.440492877762	-8683.026869985235	-989.413622892528	-8521.090506136548	130.20970451320858	1615.6183031246742	0.06732443387080632	2.2843813451644586	0.15282394069647978	0.3178288494405391	0.7761457929486202	1.2282216262984793	1.5626454728937555	0.3216626391084028	3.42399754336816	0.6756503040710131	0.026509748878614618	2.2843813451644586	0.15282394069647978	0.3178288494405391	0.7761457929486202	1.2282216262984793	1.5626454728937555	0.3216626391084028	3.42399754336816	0.6756503040710131	0.026509748878614618	5.61777550730846	0.30009228408673533	0.20701920702113563	0.21791091255033931	0.2749775963417895	0.514183505989763	150.07286576530151	-976.4006285400072	4.257051251297895E-4	0.7019081420270589	3.291078048712313E-4	1.2711317836636893E-7	0.8634084667249539
6200000	-9647.653567794421	-8674.507497117862	-973.1460706765592	-8507.602799005292	107.1105840320798	1365.0058022971173	0.06854254458912415	0.07614237338880724	0.20267519973857037	3.1407099396158595	0.1976051897552849	1.8570376588980937	2.1328319133586096	0.15479911745116987	5.598493289166942	0.041717223314281224	0.3150033879178174	0.07614237338880724	0.20267519973857037	3.1407099396158595	0.1976051897552849	1.8570376588980937	2.1328319133586096	0.15479911745116987	5.598493289166942	0.041717223314281224	0.3150033879178174	6.687565714208747	0.30009228408673533	0.20701920702113563	0.21791091255033931	0.2749775963417895	0.514183505989763	150.35456447114242	-956.3790893980777	5.88861349284935E-4	0.7656900458481241	4.373978843894088E-4	2.4628395433939763E-7	0.8978849756433007
6210000	-9646.781467662197	-8685.502665102591	-961.2788025596059	-8515.88849485327	102.3971057606826	1260.6467766244393	0.08569224588571435	0.035953835729608995	0.3976190277577997	0.14591976103363483	0.6965280154096154	1.1009426133379312	1.2090531104598419	0.4722194941077186	7.747924144057673	0.3607013011546526	0.6448554711792711	0.035953835729608995	0.3976190277577997	0.14591976103363483	0.6965280154096154	1.1009426133379312	1.2090531104598419	0.4722194941077186	7.747924144057673	0.3607013011546526	0.6448554711792711	6.687565714208747	0.30009228408673533	0.20701920702113563	0.21791091255033931	0.2749775963417895	0.514183505989763	130.39494264382023	-945.7640178322505	5.451841459850689E-4	0.8209073391286333	4.2031433789226156E-4	2.777919330534341E-7	1.0048906366267534
6220000	-9679.50276415583	-8665.633972180976	-1013.8687919748542	-8494.377681331081	145.62169964364588	1693.2795794994893	0.1283617636829154	1.36737466541344	0.024586979552117815	0.7208261267466223	0.1458360945351889	2.3132956795001935	2.5066092909732047	0.877565264572059	6.326299607341811	0.5999636126554819	0.4022311294272381	1.36737466541344	0.024586979552117815	0.7208261267466223	0.1458360945351889	2.3132956795001935	2.5066092909732047	0.877565264572059	6.326299607341811	0.5999636126554819	0.4022311294272381	6.911835180046732	0.30009228408673533	0.2213522779471595	0.20357784162431544	0.2749775963417895	0.514183505989763	190.65351611675914	-996.6016571747205	3.833546844935615E-4	0.7083767394020664	3.198664412157608E-4	1.5012967646101994E-7	0.9473448418597197
6230000	-9690.18808979827	-8666.192211160129	-1023.9958786381409	-8502.22083111393	171.8764801491378	1837.8002136499392	0.08516919014276433	0.3698318496305728	0.287151449992895	0.5174081766727268	0.9053355093167285	2.595515684302623	1.1344907848690018	0.4203068304289804	11.038558406619199	0.7160408517733865	0.65376787409508	0.3698318496305728	0.287151449992895	0.5174081766727268	0.9053355093167285	2.595515684302623	1.1344907848690018	0.4203068304289804	11.038558406619199	0.7160408517733865	0.65376787409508	6.120256676446293	0.30009228408673533	0.2045510567980262	0.20357784162431544	0.29177881749092277	0.514183505989763	201.92703075998048	-1003.2805652622377	3.819839818680533E-4	0.6254124857098603	3.001211782234007E-4	1.832986010259026E-7	1.0398964748744064
6240000	-9727.320500405718	-8698.17523612797	-1029.1452642777474	-8527.360606705859	174.23577483536096	1940.8619368394657	0.045963911187568395	0.29371378104697143	0.3956659042706373	0.14510333239132142	0.37865262903005664	1.8847218514745432	0.11445659873803381	0.21554119108317815	2.21642506501325	0.10863581580521092	0.6414587297282465	0.29371378104697143	0.3956659042706373	0.14510333239132142	0.37865262903005664	1.8847218514745432	0.11445659873803381	0.21554119108317815	2.21642506501325	0.10863581580521092	0.6414587297282465	5.892051209055815	0.30009228408673533	0.2045510567980262	0.20357784162431544	0.29177881749092277	0.514183505989763	191.11551926540756	-1019.9919147903817	3.6504984789656757E-4	0.6132242687305204	2.8668243795397676E-4	1.3612265214747113E-7	1.003243731296719
6250000	-9672.28194225131	-8686.430462423305	-985.8514798280045	-8523.481543642383	146.4882614274733	1556.8700387216438	0.12038888742200382	0.02021490669681554	0.0014840269953341715	0.6055069474341186	0.46320129728619114	0.32646901207681206	1.539477355272074	0.2568555133527593	2.4508001182530035	0.03388668337732204	1.2382261080120738	0.02021490669681554	0.0014840269953341715	0.6055069474341186	0.46320129728619114	0.32646901207681206	1.539477355272074	0.2568555133527593	2.4508001182530035	0.03388668337732204	1.2382261080120738	6.8312290355249035	0.3116407455183001	0.2045510567980262	0.2072756546603209	0.2765325430233525	0.514183505989763	190.49822453713094	-976.8526765827827	4.1277439697468883E-4	0.6840258445780604	3.213258759914085E-4	1.2813902680793464E-7	0.8575374504792294
6260000	-9656.617858468087	-8689.54941668076	-967.0684417873271	-8524.002007447041	119.68595178853295	1397.1531380260183	0.09108567725934635	0.07615556238376936	0.18277702769988738	0.8548169940723733	2.6979898734799463	1.0080719408652863	2.2952058333762397	0.2640642338924915	6.23953732734888	0.08973466837008619	0.9139457490320853	0.07615556238376936	0.18277702769988738	0.8548169940723733	2.6979898734799463	1.0080719408652863	2.2952058333762397	0.2640642338924915	6.23953732734888	0.08973466837008619	0.9139457490320853	6.891868620996875	0.3116407455183001	0.20010964014163357	0.2072756546603209	0.28097395967974514	0.6804015720209193	139.39552860311434	-949.8153017536295	5.261898521625642E-4	0.7236872015181194	3.968273557629816E-4	2.756624154437567E-7	0.999414121317107
6270000	-9687.822159795212	-8694.69024154852	-993.1319182466931	-8520.627797169433	141.7696620753258	1563.2294046340726	0.1271244568298002	0.17842273820773927	0.2793823054258693	0.4667369781452652	0.3548194390167009	0.960811094865567	5.105194157321222	1.5383308971203793	4.380837102455312	1.8185151728340665	1.0717799135444221	0.17842273820773927	0.2793823054258693	0.4667369781452652	0.3548194390167009	0.960811094865567	5.105194157321222	1.5383308971203793	4.380837102455312	1.8185151728340665	1.0717799135444221	6.918855374072801	0.2984637264315012	0.20010964014163357	0.2072756546603209	0.29415097876654406	0.44896095502421696	152.599538475011	-974.4215678638004	4.7386459906315125E-4	0.8923011172098133	3.543781806184638E-4	2.450685072407714E-7	1.0236371194616456
6280000	-9710.707688291002	-8720.00066723111	-990.7070210598929	-8547.839534831972	136.56278387272113	1522.787724159455	0.1050646511580923	0.3835344271677306	0.07525582755538886	0.7797997730566265	0.6922933287233123	0.5252396671075116	2.7730906250793637	0.39513700444355765	2.9672272611900876	0.12317912393274827	1.085331217174522	0.3835344271677306	0.07525582755538886	0.7797997730566265	0.6922933287233123	0.5252396671075116	2.7730906250793637	0.39513700444355765	2.9672272611900876	0.12317912393274827	1.085331217174522	6.87041213720699	0.2984637264315012	0.21044448168321356	0.21780222617589542	0.27328956570938956	0.6267730706054933	183.37863346822792	-978.8738335904513	4.1530925085945695E-4	0.6264259423896534	3.685616813021553E-4	3.1672173371245607E-7	1.228815929737933
6290000	-9727.84197711046	-8716.94275858007	-1010.8992185303914	-8549.480123707113	119.3278073535091	1599.0650549001862	0.06537582144081679	0.08514553633738103	0.17351111841489217	0.6307070772692136	0.6749855581499731	0.8770846460432873	1.2469155232758005	0.13236508941780037	2.923867094602018	0.15703356332836843	0.9739526992117831	0.08514553633738103	0.17351111841489217	0.6307070772692136	0.6749855581499731	0.8770846460432873	1.2469155232758005	0.13236508941780037	2.923867094602018	0.15703356332836843	0.9739526992117831	5.800554991409942	0.3059508360362955	0.19882547255871233	0.2103151165711011	0.2849085748338908	0.5710014262289851	198.9257611260589	-1000.6612826881977	4.008762382982983E-4	0.606953023505183	3.536064631882748E-4	6.872703858298994E-8	0.6707465764153605
6300000	-9678.694969641625	-8697.57409278265	-981.1208768589752	-8527.229764957508	110.77350463992754	1378.661213673702	0.07668225440146514	0.7005164984127725	0.07483185312080985	0.9659641454753636	1.1858132171452984	0.7917526586840836	3.2076952172701767	0.45322002175188797	2.1987728648755107	0.3617920037805509	0.46992276414003054	0.7005164984127725	0.07483185312080985	0.9659641454753636	1.1858132171452984	0.7917526586840836	3.2076952172701767	0.45322002175188797	2.1987728648755107	0.3617920037805509	0.46992276414003054	5.697472444457499	0.3059508360362955	0.19882547255871233	0.2103151165711011	0.2849085748338908	0.4235928982521546	148.50992143482014	-968.4590424126644	4.8389154856880113E-4	0.7232289541635963	4.160513256653978E-4	1.2120924995531254E-7	0.7636721549345914
6310000	-9650.64352589815	-8689.729772600833	-960.9137532973165	-8521.225767203323	109.39095497360603	1268.0415631114404	0.13233835831814755	1.21972765501396	0.2611988129617141	0.2325139183742505	1.7159849784655166	0.2984598750316832	2.9336503649407484	0.1322862397127414	2.7648168819199213	0.14747599081433435	0.43183533585925504	1.21972765501396	0.2611988129617141	0.2325139183742505	1.7159849784655166	0.2984598750316832	2.9336503649407484	0.1322862397127414	2.7648168819199213	0.14747599081433435	0.43183533585925504	6.182717512198149	0.3059508360362955	0.19882547255871233	0.2103151165711011	0.2849085748338908	0.5389501616722335	135.18658476802636	-948.58677402045	5.136573917399451E-4	0.8269177386152329	4.422191878330425E-4	1.3977320166799568E-7	0.745761816932267
6320000	-9634.410275992943	-8671.62347055936	-962.7868054335834	-8499.9365259958	141.51861960295474	1405.8011350763193	0.09701446302594113	0.21187557223501685	0.21489145126748158	0.007904309099041305	1.4778152944068312	0.46242831904601983	1.3220153893222035	0.2196737862435792	2.9105784714741127	0.40646359650948755	1.0859479861865762	0.21187557223501685	0.21489145126748158	0.007904309099041305	1.4778152944068312	0.46242831904601983	1.3220153893222035	0.2196737862435792	2.9105784714741127	0.40646359650948755	1.0859479861865762	6.182717512198149	0.3059508360362955	0.19882547255871233	0.2103151165711011	0.2849085748338908	0.5389501616722335	134.77647109805318	-951.5487547989651	5.477957532920529E-4	0.9341503835685299	4.008072597875329E-4	3.7999057692167257E-7	1.1137483136809088
6330000	-9624.647786171543	-8687.029877346746	-937.6179088247973	-8512.357609486935	104.89193668040511	1158.4304737628129	0.08923360920781175	0.9163802674224956	0.06808118914484318	0.6340389127104632	0.07357187311049204	0.6536535804175425	0.7354435479432518	0.27977025108295267	4.485882380580699	0.2301426924537382	0.6933547701149285	0.9163802674224956	0.06808118914484318	0.6340389127104632	0.07357187311049204	0.6536535804175425	0.7354435479432518	0.27977025108295267	4.485882380580699	0.2301426924537382	0.6933547701149285	6.470942397583139	0.3059508360362955	0.19882547255871233	0.2103151165711011	0.2849085748338908	0.5389501616722335	103.56318601362847	-926.1131213452769	6.333984061511768E-4	0.8476607217448184	4.8818279647775374E-4	5.061084187404408E-7	1.101746174010281
6340000	-9623.935321417446	-8687.260033108876	-936.6752883085708	-8516.85704669825	102.40029697002143	1156.7353996594147	0.12118390502363108	0.007333165041111964	0.07669579240873418	0.6487266132264038	1.393305859735409	0.5237361700329847	3.023301073401608	1.4046038863914714	4.215838407716888	0.4786376751630187	0.8035807810834634	0.007333165041111964	0.07669579240873418	0.6487266132264038	1.393305859735409	0.5237361700329847	3.023301073401608	1.4046038863914714	4.215838407716888	0.4786376751630187	0.8035807810834634	6.470942397583139	0.3059508360362955	0.19882547255871233	0.2103151165711011	0.2849085748338908	0.5389501616722335	104.79069017964677	-921.9287095677795	6.02714550713038E-4	0.79196421293675	4.794690876924706E-4	4.952334385144601E-7	1.1595697034075332
6350000	-9655.641678702315	-8695.569372433916	-960.0723062684001	-8521.19516506164	138.7471750383774	1365.6576191004208	0.06330935806680052	0.9911201951510209	0.193877611582511	0.16589423881438495	0.39200681306324575	1.9928448359047057	2.1254115956428348	0.20489094241376576	3.5987236072662534	0.16676189159057672	0.6470533755323036	0.9911201951510209	0.193877611582511	0.16589423881438495	0.39200681306324575	1.9928448359047057	2.1254115956428348	0.20489094241376576	3.5987236072662534	0.16676189159057672	0.6470533755323036	6.470942397583139	0.3059508360362955	0.19882547255871233	0.2103151165711011	0.2849085748338908	0.47826323196907533	131.93767084120472	-946.3374843594557	5.3552480552264E-4	0.8811661826239485	3.9667989312314845E-4	3.435370461471397E-7	1.1190358522035528
6360000	-9638.652955547219	-8708.807558619594	-929.8453969276261	-8535.246004255165	99.00482482045962	1136.7421376974462	0.12087550463948743	0.5632067478442964	0.29408831331278007	0.8249261298851008	1.3472802486343767	0.4012351265184499	1.5891542728547086	1.5093321768934482	2.2234625240952597	0.27454275798289596	0.41277952096833803	0.5632067478442964	0.29408831331278007	0.8249261298851008	1.3472802486343767	0.4012351265184499	1.5891542728547086	1.5093321768934482	2.2234625240952597	0.27454275798289596	0.41277952096833803	6.470942397583139	0.3059508360362955	0.19882547255871233	0.2103151165711011	0.2849085748338908	0.47826323196907533	116.1803149062719	-917.7986671327736	6.240907743219615E-4	0.9011716359114366	4.741390381133882E-4	4.4834633919842326E-7	1.07244548747568
6370000	-9623.526778419473	-8672.081513633955	-951.4452647855176	-8500.421792341458	115.57372786291779	1278.3749370215373	0.08924561471642821	0.05951855851784976	0.13027301674303945	1.516456070018101	1.0520907985530124	1.439581434159292	1.249401074416897	1.9644994617287537	4.681513694791571	0.2539515907720695	0.5380382761421045	0.05951855851784976	0.13027301674303945	1.516456070018101	1.0520907985530124	1.439581434159292	1.249401074416897	1.9644994617287537	4.681513694791571	0.2539515907720695	0.5380382761421045	7.033173732957761	0.3059508360362955	0.19882547255871233	0.2103151165711011	0.2849085748338908	0.47826323196907533	116.45781565820573	-935.2345844528836	6.23967104021336E-4	0.9829856099777295	4.347564554264595E-4	4.3919912119523273E-7	1.0846362821821558
6380000	-9665.96088609304	-8679.042751968795	-986.918134124246	-8514.258926160182	157.4199789978252	1631.5747732356383	0.08181078010919228	0.13890746555040775	0.45722580779827204	1.1182545565492297	0.41231479845762525	0.9373494250774348	1.8727113768132215	0.05241021332049314	3.323747890057498	0.09327479002264051	0.813475937952628	0.13890746555040775	0.45722580779827204	1.1182545565492297	0.41231479845762525	0.9373494250774348	1.8727113768132215	0.05241021332049314	3.323747890057498	0.09327479002264051	0.813475937952628	7.033173732957761	0.2846565254679052	0.20632569902876902	0.22410920066943474	0.2849085748338908	0.47826323196907533	141.1092197533207	-975.2032919175483	4.3820272624243794E-4	0.7799919788448887	3.2461779833059675E-4	1.9612668215681545E-7	1.056142598795823
6390000	-9660.293762370015	-8689.705110264167	-970.5886521058469	-8521.818911525235	131.76477300091724	1459.880387403711	0.08569009664543387	0.32113817925016325	0.05242418023063689	0.42958591923394535	0.49072185653619205	0.7131401751464234	1.0370367099074047	0.31544799586176464	2.1363961372379947	0.3350912682281581	0.03678441235967369	0.32113817925016325	0.05242418023063689	0.42958591923394535	0.49072185653619205	0.7131401751464234	1.0370367099074047	0.31544799586176464	2.1363961372379947	0.3350912682281581	0.03678441235967369	7.033173732957761	0.2846565254679052	0.20632569902876902	0.22410920066943474	0.2849085748338908	0.5636436759830105	165.530933724534	-961.9728936413126	4.7734656288494815E-4	0.7732025881553498	3.601230700526464E-4	2.511731826781274E-7	1.096434564472652
6400000	-9654.485680832826	-8678.10665132477	-976.3790295080571	-8507.296389525727	109.2242494828111	1358.2057804152728	0.08885854053759415	0.8977334687670134	0.08410656181178211	0.7323117199474453	3.3705878328267977	0.9008485749806231	1.195781427209668	0.5196865894587761	5.506718630528272	0.012889618704134497	0.917413774019495	0.8977334687670134	0.08410656181178211	0.7323117199474453	3.3705878328267977	0.9008485749806231	1.195781427209668	0.5196865894587761	5.506718630528272	0.012889618704134497	0.917413774019495	7.033173732957761	0.2846565254679052	0.20632569902876902	0.22410920066943474	0.2849085748338908	0.45122771534023787	130.29229490204884	-959.6918605442536	5.14418699055265E-4	0.809102962973069	3.9312005378242936E-4	2.404900525379408E-7	1.0322530508927046
6410000	-9620.170884384543	-8668.518352498173	-951.6525318863694	-8501.544123271296	94.86459547966808	1296.399805349488	0.05551342582974071	0.05830054442638393	0.6976265024574841	0.8077202386477058	0.20630984503529087	1.101699650175233	1.6341907354598049	0.7903908649098509	5.913500613749217	0.7535182894059174	0.023748434018029348	0.05830054442638393	0.6976265024574841	0.8077202386477058	0.20630984503529087	1.101699650175233	1.6341907354598049	0.7903908649098509	5.913500613749217	0.7535182894059174	0.023748434018029348	6.592087620205578	0.2846565254679052	0.20632569902876902	0.22410920066943474	0.2849085748338908	0.45122771534023787	121.52607513289483	-936.4503565260511	5.407723136616826E-4	0.8566138313997071	4.1722594061988983E-4	2.1695098051051915E-7	0.8999166878961248
6420000	-9647.00874529799	-8701.740481340566	-945.2682639574234	-8521.977390616372	103.00198751945858	1208.552075334779	0.1323481113159121	0.42405824318502966	0.0296316683817916	1.6680706868445634	0.29943078362480896	0.3901102856881635	1.6347512542286011	2.16132142177893	5.120275257017845	0.5847311805015318	1.9663782941193129	0.42405824318502966	0.0296316683817916	1.6680706868445634	0.29943078362480896	0.3901102856881635	1.6347512542286011	2.16132142177893	5.120275257017845	0.5847311805015318	1.9663782941193129	5.237081373824636	0.2846565254679052	0.20632569902876902	0.21674868964144905	0.2922690858618765	0.45122771534023787	101.3928514933642	-928.811049193298	6.767304162304369E-4	0.9294288800098169	5.050733536190433E-4	4.0608333797856576E-7	0.9723777453804158
6430000	-9634.465821043847	-8700.076034168296	-934.3897868755505	-8530.881938433164	83.02133081849684	1149.715801486505	0.09073265082567575	0.26590249255752024	0.2983463259169761	0.1814358522856095	0.23410658520571145	1.0755479122728688	0.814965184156	0.051041752956506724	2.809820202292689	0.059675096266561825	0.6127330132306138	0.26590249255752024	0.2983463259169761	0.1814358522856095	0.23410658520571145	1.0755479122728688	0.814965184156	0.051041752956506724	2.809820202292689	0.059675096266561825	0.6127330132306138	5.237081373824636	0.2846565254679052	0.20632569902876902	0.21674868964144905	0.2922690858618765	0.517990580964168	130.33547284549246	-925.5915366112953	5.907965260223515E-4	0.8280225582259578	4.551817205970742E-4	2.660090211127447E-7	0.9290436588168037
6440000	-9667.209670879705	-8683.461020018176	-983.7486508615298	-8512.9331407552	99.57344431909112	1412.3843048549197	0.10047304918677388	0.08876950839208997	0.0610810558080636	1.5084171932897947	0.96210311640765	0.9074517333554946	1.5500518801558683	0.6134627475975273	5.128612715219981	0.12426619850339263	1.2198313556684064	0.08876950839208997	0.0610810558080636	1.5084171932897947	0.96210311640765	0.9074517333554946	1.5500518801558683	0.6134627475975273	5.128612715219981	0.12426619850339263	1.2198313556684064	6.786662525821902	0.2846565254679052	0.20311295382353023	0.21996143484668784	0.2922690858618765	0.4005141913640972	136.24621520532264	-969.0371405976127	4.528733736213263E-4	0.9078857253106127	3.6296869013265076E-4	1.9687779710350378E-7	1.048187536462073
6450000	-9687.511916634801	-8710.897766024711	-976.6141506100897	-8540.409265681788	92.27256583467309	1346.877027016785	0.06629631508746989	0.16099681719860068	0.11728003881403051	0.09656323649782637	0.9412334149929472	0.23412791145611422	1.569658446362917	0.6484292763295212	1.8172234583386089	0.5635697722387314	0.024717049813760515	0.16099681719860068	0.11728003881403051	0.09656323649782637	0.9412334149929472	0.23412791145611422	1.569658446362917	0.6484292763295212	1.8172234583386089	0.5635697722387314	0.024717049813760515	5.8636556568407405	0.29787862541434046	0.20311295382353023	0.2067393349002526	0.2922690858618765	0.5435484796904071	147.8922423764098	-967.7765115683541	5.304860269153314E-4	0.7130488078283042	4.2814274203793924E-4	5.102488672243272E-7	1.2415235490194971
6460000	-9678.02945955086	-8696.121523355021	-981.9079361958396	-8530.51156489516	95.17824450402193	1423.1830534099176	0.06633568004008103	0.548141131747418	0.2463498338958738	1.0697307082399456	0.7093342784117257	0.8971432181633013	0.842959844842464	0.6874096636120481	3.3898548689338766	0.17251367961551903	0.5749570587542358	0.548141131747418	0.2463498338958738	1.0697307082399456	0.7093342784117257	0.8971432181633013	0.842959844842464	0.6874096636120481	3.3898548689338766	0.17251367961551903	0.5749570587542358	7.355131565888871	0.31122151071443604	0.20311295382353023	0.2067393349002526	0.2789262005617809	0.5435484796904071	158.7630383604229	-968.9733546212061	5.126967316379416E-4	0.9452813696070858	4.0166233509997777E-4	3.3861519115717027E-7	1.15253177327458
6470000	-9693.097332963902	-8703.224844539927	-989.8724884239754	-8535.012571598712	97.68422376265178	1383.9096562997954	0.0631089128957524	0.5614458248429566	0.6756123475776211	0.001162516972992479	0.45380252337233845	0.44342983845781553	1.3807483570194463	2.1139994865486607	4.373804053546539	0.2597601170931455	0.05171362603728004	0.5614458248429566	0.6756123475776211	0.001162516972992479	0.45380252337233845	0.44342983845781553	1.3807483570194463	2.1139994865486607	4.373804053546539	0.2597601170931455	0.05171362603728004	7.143443688232689	0.31122151071443604	0.20311295382353023	0.2067393349002526	0.2789262005617809	0.5435484796904071	160.25593970469652	-975.7192896179781	5.341431552679079E-4	0.9334883100763617	4.350152442602596E-4	2.686187510173021E-7	1.0261416067178943
6480000	-9711.924186668068	-8723.505038631547	-988.4191480365207	-8561.675177753048	110.96622080334721	1348.3524153986943	0.07236312662135444	0.15000162351561303	0.2558182620231881	0.5707198094352472	0.27769560025308626	0.35196883218289704	1.5489344440433213	0.3199421561048194	8.514925578566514	0.99986904169888	1.4210593589981197	0.15000162351561303	0.2558182620231881	0.5707198094352472	0.27769560025308626	0.35196883218289704	1.5489344440433213	0.3199421561048194	8.514925578566514	0.99986904169888	1.4210593589981197	5.910788563313504	0.31122151071443604	0.21838115889595255	0.19562472529779038	0.2747726050918208	0.3955966564530745	161.6332774027903	-971.1284289778129	5.185838995471065E-4	0.839143418925109	4.07980883954967E-4	2.3520491541612694E-7	0.9699801298201948
6490000	-9682.744082436482	-8678.650984110709	-1004.0930983257732	-8508.651651996446	113.86964302249054	1580.6108598436092	0.058366376497705444	0.22642143786725494	0.005246721412238285	0.8565770196354765	0.5512021498316824	0.5876484614261491	1.4246066429170205	0.2720012109779325	2.6006235567849103	0.6550433458205941	0.3778171165406816	0.22642143786725494	0.005246721412238285	0.8565770196354765	0.5512021498316824	0.5876484614261491	1.4246066429170205	0.2720012109779325	2.6006235567849103	0.6550433458205941	0.3778171165406816	6.489102602833084	0.31122151071443604	0.19790842449400098	0.2067239628483611	0.28414610194320167	0.5692278512252618	164.79810950341343	-993.1347777850475	3.856568450969879E-4	0.8869472245643525	3.253818620118892E-4	1.2596651505605454E-7	0.9821210852786186
6500000	-9682.457276010593	-8701.789663152258	-980.6676128583354	-8531.626829317589	99.84622037451071	1354.2521172973618	0.10315350729373514	0.3377564475830983	0.0074702812634331725	0.7962607575435601	0.018287091754421902	0.058775201162817634	2.17466530079284	0.27507202435355277	1.8094554860061793	0.036613951730240006	0.2992476656614067	0.3377564475830983	0.0074702812634331725	0.7962607575435601	0.018287091754421902	0.058775201162817634	2.17466530079284	0.27507202435355277	1.8094554860061793	0.036613951730240006	0.2992476656614067	6.498373576376929	0.31122151071443604	0.19790842449400098	0.2067239628483611	0.28414610194320167	0.5692278512252618	157.37435891364234	-972.5820584365576	4.6689477290927405E-4	0.7186576550761458	3.9348031959503477E-4	2.2183043958224875E-7	1.042007004529078
6510000	-9652.493696501277	-8687.470426867214	-965.0232696340629	-8518.442338311925	104.91330315547901	1363.0205846437682	0.06733480808144604	0.018015371152203044	0.03375090801289403	1.9768150207344317	0.350671964246625	0.9199702755530071	2.2845773277697217	0.0722305961972504	3.4346172716224	0.3176229422751752	0.059233607948246156	0.018015371152203044	0.03375090801289403	1.9768150207344317	0.350671964246625	0.9199702755530071	2.2845773277697217	0.0722305961972504	3.4346172716224	0.3176229422751752	0.059233607948246156	5.452060460247943	0.29803256118895766	0.19790842449400098	0.2067239628483611	0.29733505146868006	0.46711110421060315	126.89802830805822	-953.0014472970877	5.075136675896193E-4	0.797781920521384	4.190401683622636E-4	2.677839569141865E-7	0.9924238279728177
6520000	-9664.000650017273	-8697.530680053002	-966.4699699642711	-8523.815142197438	115.92794805755969	1423.2260064462898	0.16526189154780235	1.0841278415670088	0.07191578322723093	0.15336785023793822	0.300244884827146	0.07590387938750404	2.8534269068687492	2.242959087365304	1.9332484122979126	0.21702841423121288	0.15984916265424529	1.0841278415670088	0.07191578322723093	0.15336785023793822	0.300244884827146	0.07590387938750404	2.8534269068687492	2.242959087365304	1.9332484122979126	0.21702841423121288	0.15984916265424529	7.10749093525379	0.29803256118895766	0.19790842449400098	0.2067239628483611	0.29733505146868006	0.46711110421060315	150.57383144477942	-955.8007385514578	4.4483545095611347E-4	0.6604633848072929	3.736425487205513E-4	1.218401716536363E-7	0.7823781485559653
6530000	-9658.15501819131	-8710.8455590481	-947.3094591432092	-8549.455613486969	109.5371335612406	1330.4612230736525	0.10060557235614195	0.6279193832561855	0.06246200034513745	0.32514475228218026	1.237165753726039	0.3109454640012063	2.0787356369946095	0.20414622681251768	2.8181697963742245	0.10545072169159542	0.33019313073761786	0.6279193832561855	0.06246200034513745	0.32514475228218026	1.237165753726039	0.3109454640012063	2.0787356369946095	0.20414622681251768	2.8181697963742245	0.10545072169159542	0.33019313073761786	6.833404579437365	0.29803256118895766	0.19790842449400098	0.2067239628483611	0.29733505146868006	0.42455384018724507	109.02623005119725	-937.102441225955	5.525301228296073E-4	0.7365303304541175	4.518981922320944E-4	1.9260051841467614E-7	0.8028670359183535
6540000	-9653.317236067047	-8703.57136801848	-949.7458680485674	-8532.97065028034	100.66314946280826	1290.7191556712069	0.19384729310314575	0.19468687018234274	0.029138899086215826	0.8891349266564498	0.6927388455195136	0.6076595447510164	3.1219325510134057	1.258313169903764	2.771129869466534	0.11237840258635327	1.3438867843608862	0.19468687018234274	0.029138899086215826	0.8891349266564498	0.6927388455195136	0.6076595447510164	3.1219325510134057	1.258313169903764	2.771129869466534	0.11237840258635327	1.3438867843608862	6.833404579437365	0.2918356684201891	0.2041053172627695	0.2067239628483611	0.29733505146868006	0.4140415821010773	130.0381962349025	-937.2430803002511	4.939652577311463E-4	0.7233596985647557	4.319532842050312E-4	1.7357917852243256E-7	0.8529097187586443
6550000	-9672.516915111526	-8706.692070310903	-965.8248448006234	-8536.38314046217	107.42276683376649	1359.3480892560347	0.09879309981790375	0.2225222195099979	0.13165102694479403	0.22902885784522165	0.22822802812118959	0.5198102889652044	0.4621629499916516	1.3208045336055125	3.285582307368444	0.029754538597803665	0.5090177067335888	0.2225222195099979	0.13165102694479403	0.22902885784522165	0.22822802812118959	0.5198102889652044	0.4621629499916516	1.3208045336055125	3.285582307368444	0.029754538597803665	0.5090177067335888	5.685666319711373	0.2918356684201891	0.2041053172627695	0.21863786997165233	0.2854211443453888	0.554617143238817	138.99636264708224	-956.5263802646213	4.590107060063353E-4	0.8685853881728876	4.0150115014386866E-4	1.489477493978727E-7	0.8273834895737618
6560000	-9648.941504603663	-8692.513832988454	-956.4276716152099	-8519.364906827243	116.65050665551522	1350.3837369216737	0.06193224374426027	0.3334309666220432	1.33934853093528	0.834268731106928	0.1907862626272609	4.049916070285479	0.3511339725109705	2.067993826120255	3.9862824400479546	0.2967445072406714	0.6431708291818922	0.3334309666220432	1.33934853093528	0.834268731106928	0.1907862626272609	4.049916070285479	0.3511339725109705	2.067993826120255	3.9862824400479546	0.2967445072406714	0.6431708291818922	5.685666319711373	0.2918356684201891	0.2041053172627695	0.2107175281200411	0.293341486197	0.554617143238817	120.01351356927525	-939.0151802946609	5.340198578828661E-4	0.9709441370728453	4.075008346087013E-4	4.1578904075149155E-7	1.2365934616251737
6570000	-9668.38908505004	-8709.595538277405	-958.7935467726346	-8540.173712012973	120.00643454487309	1378.5928469336113	0.0978489314978779	0.08516134649913815	0.42966398316276133	1.3313863348356891	0.9281915292395743	1.2610419762204776	0.5761587643149242	0.006665700107636289	2.7995120782528082	0.19287032525943928	0.4011587178934248	0.08516134649913815	0.42966398316276133	1.3313863348356891	0.9281915292395743	1.2610419762204776	0.5761587643149242	0.006665700107636289	2.7995120782528082	0.19287032525943928	0.4011587178934248	5.685666319711373	0.2918356684201891	0.2041053172627695	0.2107175281200411	0.293341486197	0.554617143238817	138.66432144181098	-948.3089258832096	4.984054501041503E-4	0.8650958965854316	4.162207911750771E-4	3.397093689444998E-7	1.1240044825709476
6580000	-9697.371530350143	-8716.215025964351	-981.1565043857911	-8536.427934646288	129.72837360786139	1590.6454528555284	0.12897003252028275	0.1667880416799462	0.07216289708057215	0.20373154380512648	1.702938922871416	0.31932479653734175	0.7726179913149697	0.6819702987679294	1.757004377513258	0.027261749362674254	0.973219351358738	0.1667880416799462	0.07216289708057215	0.20373154380512648	1.702938922871416	0.31932479653734175	0.7726179913149697	0.6819702987679294	1.757004377513258	0.027261749362674254	0.973219351358738	5.689678625986067	0.2918356684201891	0.21817311849633098	0.2107175281200411	0.2792736849634386	0.43341401120759293	170.69700457944242	-972.655181284871	4.250467336267777E-4	0.7911580773353145	3.3357040559170307E-4	2.2971976580046595E-7	1.099898079315996
6590000	-9688.003300548668	-8678.274787022701	-1009.7285135259656	-8509.894759389283	142.85992120800844	1712.2661593753496	0.0806585799433049	0.9758847454056191	0.8471228576480128	0.8179936337912396	0.18762439784140797	0.771903132480538	0.5035191806273067	0.8048290703156659	4.578984954784465	0.6127373076634522	0.1386514371500911	0.9758847454056191	0.8471228576480128	0.8179936337912396	0.18762439784140797	0.771903132480538	0.5035191806273067	0.8048290703156659	4.578984954784465	0.6127373076634522	0.1386514371500911	6.724973780227564	0.2918356684201891	0.21817311849633098	0.2107175281200411	0.2792736849634386	0.43341401120759293	161.79516089039257	-996.8673957923594	3.8176158786039214E-4	0.8458937839161993	2.961572941137015E-4	1.363854320558149E-7	0.9945042263336294
6600000	-9696.277453301875	-8716.961139468272	-979.3163138336022	-8548.98073103743	111.27488897467546	1371.8857622146963	0.09219032906365328	0.3998943932156069	0.9413195467848898	1.0874973649320376	1.4089124836798226	2.3480152463694295	0.7561339798452225	0.26343052553777196	5.017480022730584	0.9561043301356751	1.4288083433653749	0.3998943932156069	0.9413195467848898	1.0874973649320376	1.4089124836798226	2.3480152463694295	0.7561339798452225	0.26343052553777196	5.017480022730584	0.9561043301356751	1.4288083433653749	5.869871145775869	0.2918356684201891	0.21817311849633098	0.2107175281200411	0.2792736849634386	0.43341401120759293	133.6327575267405	-961.9944484913278	5.088844777538572E-4	0.9655245727422923	4.124018532605705E-4	3.632295460340935E-7	1.2061195357734018
6610000	-9678.005243987733	-8701.832880755657	-976.1723632320754	-8534.913697294916	103.76691571495414	1361.6926573536844	0.06632931267269193	0.5033749926478848	0.12390621963345004	1.267498237227963	0.6084451183751446	0.3861683059363992	0.997760605552763	0.6313328792899034	3.7545978800404285	1.1416093401778382	0.03318153052876771	0.5033749926478848	0.12390621963345004	1.267498237227963	0.6084451183751446	0.3861683059363992	0.997760605552763	0.6313328792899034	3.7545978800404285	1.1416093401778382	0.03318153052876771	5.869871145775869	0.2918356684201891	0.21817311849633098	0.2107175281200411	0.2792736849634386	0.43341401120759293	143.7895484952182	-963.6640236994854	4.852905797927942E-4	0.9353614097224949	4.040169218262201E-4	2.0708930598929475E-7	1.0106748892007618
6620000	-9655.088873942792	-8710.936717214176	-944.1521567286156	-8548.734491601337	88.41553810197755	1157.2183196972956	0.11442190482967027	0.05787881856048587	0.5071006058307198	0.2061414147570541	0.7506061263456673	2.083560380263184	2.3220574793116295	0.8790948962210483	4.991409411893156	0.3713972736513409	0.40280479254719487	0.05787881856048587	0.5071006058307198	0.2061414147570541	0.7506061263456673	2.083560380263184	2.3220574793116295	0.8790948962210483	4.991409411893156	0.3713972736513409	0.40280479254719487	6.907653887700869	0.2918356684201891	0.21817311849633098	0.2107175281200411	0.2792736849634386	0.5549383629809727	124.41069321555027	-929.2763777049578	5.780847224702954E-4	0.7670173622693677	4.968287200711778E-4	2.2118078648931263E-7	0.8729742571250894
6630000	-9641.356039244487	-8712.768422761996	-928.5876164824921	-8545.723829455916	83.64224368740524	1100.172155389854	0.10311383941110724	0.9479793021667994	0.06624421620587709	0.018694451784593665	1.9320459631333313	1.0352877711042971	0.7802177825262254	0.010463745890828168	4.739618009834241	0.0792166518028512	0.22768323016044703	0.9479793021667994	0.06624421620587709	0.018694451784593665	1.9320459631333313	1.0352877711042971	0.7802177825262254	0.010463745890828168	4.739618009834241	0.0792166518028512	0.22768323016044703	6.907653887700869	0.2918356684201891	0.21817311849633098	0.2107175281200411	0.2792736849634386	0.37242838453104704	113.15545685679218	-916.725464959335	5.421969461942004E-4	0.7563652447008801	4.8410617102619705E-4	1.3644644739754659E-7	0.6898446942682627
6640000	-9639.260698663147	-8712.04048104256	-927.2202176205868	-8544.54302477956	77.00312968404174	1052.897001245108	0.07738149514746934	0.05601145873052722	0.23285407010967293	0.5731009827664433	0.2461434487761894	0.548431869638819	1.744170826088918	0.015306369935102987	3.6856014656805502	0.16342697034661133	0.8964032638112601	0.05601145873052722	0.23285407010967293	0.5731009827664433	0.2461434487761894	0.548431869638819	1.744170826088918	0.015306369935102987	3.6856014656805502	0.16342697034661133	0.8964032638112601	5.642163190891554	0.2918356684201891	0.21135649172030446	0.21753415489606762	0.2792736849634386	0.47820315068585545	104.66035512406364	-916.4444156959719	6.219246149892932E-4	0.8694860644805827	5.419787942935332E-4	3.030705865783639E-7	0.8720868470203764
6650000	-9617.213673310529	-8693.905057926599	-923.3086153839307	-8526.060050863012	103.277806174635	1083.850136319692	0.098148599110883	0.04334218715164822	0.07469027021310592	1.933601741074159	1.746057214321521	1.6594957919235294	0.7132193192246586	0.6077988495342931	3.0538459034112644	0.49358217722559705	0.4046915623478613	0.04334218715164822	0.07469027021310592	1.933601741074159	1.746057214321521	1.6594957919235294	0.7132193192246586	0.6077988495342931	3.0538459034112644	0.49358217722559705	0.4046915623478613	7.393362507212175	0.2918356684201891	0.21135649172030446	0.21753415489606762	0.2792736849634386	0.42280935950591125	108.77213279604676	-909.7423067327292	6.653743213547047E-4	0.8735689428698128	5.336531628751189E-4	3.2756753290580545E-7	0.897020141693254
6660000	-9604.740872573399	-8706.71642054188	-898.0244520315189	-8536.716595612417	99.42949669443149	1041.0355404818038	0.1378733708300277	0.2551666402297781	0.28680485668488326	0.07512035735012583	0.10900112759266424	0.2813355325145193	1.7386941251030976	0.172415755103099	3.012157427373226	0.40721703032675083	0.606222363257663	0.2551666402297781	0.28680485668488326	0.07512035735012583	0.10900112759266424	0.2813355325145193	1.7386941251030976	0.172415755103099	3.012157427373226	0.40721703032675083	0.606222363257663	6.049332709699028	0.2918356684201891	0.20229808625792145	0.21753415489606762	0.2883320904258216	0.35896017434654776	88.9911410376599	-888.9896022291573	6.028629357840301E-4	0.9624372962665212	5.202059421902191E-4	3.1271299756005E-7	0.8925772699160974
6670000	-9567.005954589798	-8683.514864069579	-883.4910905202191	-8522.459242720883	112.1963404092971	956.7176779534668	0.1027542478372413	0.46752757017401525	0.11994401653271675	1.157912666095445	0.8265759693075219	2.99774526004529	2.9613633099993204	1.3401746738381946	6.300438315912949	0.19215120464504576	0.15682816075761102	0.46752757017401525	0.11994401653271675	1.157912666095445	0.8265759693075219	2.99774526004529	2.9613633099993204	1.3401746738381946	6.300438315912949	0.19215120464504576	0.15682816075761102	6.296718755087283	0.2918356684201891	0.20229808625792145	0.21753415489606762	0.2883320904258216	0.48686050775957007	71.54509093534293	-864.0460842558805	8.02024515419973E-4	1.014337848012688	5.838264800840433E-4	5.637516952317256E-7	1.0301316404784089
6680000	-9568.302371454618	-8687.850249748391	-880.4521217062259	-8529.126356603683	91.78001011892974	908.2454131154343	0.107809555000858	0.018680797230241502	0.3507254934477432	1.1055702695607632	0.15406954134396295	1.0497624271242083	1.2542864989851858	1.2467242073288984	3.2198685951223234	0.167598095028441	0.7441138010131146	0.018680797230241502	0.3507254934477432	1.1055702695607632	0.15406954134396295	1.0497624271242083	1.2542864989851858	1.2467242073288984	3.2198685951223234	0.167598095028441	0.7441138010131146	5.904989792929089	0.3064591810405417	0.18767457363756884	0.21753415489606762	0.2883320904258216	0.45717547999414215	79.54956732390045	-867.9127995334394	8.357765454339715E-4	1.090406559872783	5.97670446000871E-4	6.697701014654685E-7	1.0444150286191
6690000	-9592.55115157377	-8679.273976407478	-913.2771751662939	-8517.219601830091	95.19703047793143	1021.1469860161083	0.07952296863781985	0.8867452508361219	0.07952864990568852	1.7214043059887543	0.26224269689226837	1.5063024247604335	1.3145492809309292	0.1743149402973241	6.592235650333591	0.5096059508795793	0.4164477622420701	0.8867452508361219	0.07952864990568852	1.7214043059887543	0.26224269689226837	1.5063024247604335	1.3145492809309292	0.1743149402973241	6.592235650333591	0.5096059508795793	0.4164477622420701	6.800153025395478	0.2956514809670115	0.18767457363756884	0.21753415489606762	0.2991397904993518	0.45717547999414215	85.96862246193541	-896.1715958506647	7.630858929066417E-4	1.0610440882798071	5.356011275742357E-4	7.474243878585537E-7	1.161656871623277
6700000	-9599.522214239283	-8705.38419649326	-894.1380177460236	-8539.26910672132	105.24340141719752	976.5273014977158	0.11244307115635829	0.46969610673099843	0.040480414487670625	1.1753969467108043	0.2713666351408218	0.8118079599122936	0.997189602741075	1.5996714270678722	4.298661160227838	0.6061416395303455	1.2323268536601997	0.46969610673099843	0.040480414487670625	1.1753969467108043	0.2713666351408218	0.8118079599122936	0.997189602741075	1.5996714270678722	4.298661160227838	0.6061416395303455	1.2323268536601997	6.800153025395478	0.2956514809670115	0.18767457363756884	0.21753415489606762	0.2991397904993518	0.5226406570024474	82.53914471167141	-879.3737845437674	7.436997432767678E-4	1.071389752550489	5.566110014175853E-4	8.15678669531604E-7	1.1704353666692624
6710000	-9560.37292486518	-8702.4159358554	-857.9569890097795	-8546.87664532888	91.3252921863392	847.2912099888886	0.11728963808448821	0.11104863902923863	0.03779358646666892	0.017327883455755887	0.9216041013038945	0.6310118365756046	0.39155142080927524	0.039104265347184294	2.401132589756478	0.17026638001688096	0.5366557150577419	0.11104863902923863	0.03779358646666892	0.017327883455755887	0.9216041013038945	0.6310118365756046	0.39155142080927524	0.039104265347184294	2.401132589756478	0.17026638001688096	0.5366557150577419	5.846454774023871	0.3078908843060757	0.18767457363756884	0.21753415489606762	0.2869003871602876	0.5226406570024474	70.80321522153484	-849.8389933687987	8.301151316815878E-4	1.0236093813820033	6.793187168498044E-4	9.854855425929618E-7	1.1539856034102418
6720000	-9572.565815395406	-8677.739360528638	-894.826454866768	-8510.765920606165	91.96360444729135	960.043083493583	0.1302020836632178	0.03792657470259223	0.04374686950267334	0.3335230029919121	0.7862630995000023	1.0082138042793773	0.8970351658823639	0.6621518890776695	3.422900880856329	0.21001087160332504	0.6338136011102602	0.03792657470259223	0.04374686950267334	0.3335230029919121	0.7862630995000023	1.0082138042793773	0.8970351658823639	0.6621518890776695	3.422900880856329	0.21001087160332504	0.6338136011102602	7.243279090416389	0.30291719472551404	0.21104973554559633	0.21299214978691064	0.2730409199419787	0.5226406570024474	97.95449002066705	-883.7903951676658	6.859263269169633E-4	1.011701867390546	5.634564619083425E-4	5.375954157944022E-7	1.0847636123545974
6730000	-9631.34313005072	-8694.010592662875	-937.3325373878448	-8532.40065114189	94.7717439219938	1158.7292478811316	0.08998024774358888	1.3468287604730627	1.157963220558179	0.2768567176041712	0.27465494730299417	0.5851574249101907	2.460283322862112	0.12403074357999602	5.522810067510493	0.8571315864862222	0.97647544429425	1.3468287604730627	1.157963220558179	0.2768567176041712	0.27465494730299417	0.5851574249101907	2.460283322862112	0.12403074357999602	5.522810067510493	0.8571315864862222	0.97647544429425	5.98443011107153	0.30291719472551404	0.21104973554559633	0.21299214978691064	0.2730409199419787	0.5226406570024474	111.85774424019469	-921.1282622711925	5.855375145093602E-4	0.8850116733493738	5.056833811977241E-4	3.1470878189342273E-7	0.9623085256834532
6740000	-9585.060839378715	-8695.827662576374	-889.2331768023419	-8530.861490902316	89.03492901676064	915.4800456741583	0.1427855557543723	0.056538165236732246	0.6564602645444826	0.546956801813873	0.8653761157907356	0.7876817175858535	2.7255399627410424	0.5023488075018521	7.197699399441179	0.136536226085362	1.8150622581981697	0.056538165236732246	0.6564602645444826	0.546956801813873	0.8653761157907356	0.7876817175858535	2.7255399627410424	0.5023488075018521	7.197699399441179	0.136536226085362	1.8150622581981697	5.98443011107153	0.29621498534119545	0.21104973554559633	0.21299214978691064	0.2797431293262973	0.5281536932693384	89.17960941679263	-871.4338043134062	7.908140307571452E-4	0.9387379961665879	6.324661141237178E-4	5.5285548843306E-7	0.9927815233939156
6750000	-9543.062836815196	-8669.10769967829	-873.9551371369059	-8503.403118700908	69.08425845953609	825.0695540349864	0.13685813490784182	6.234128901633799E-4	0.22040005555497058	0.33972950044008793	0.17932553805486806	0.646310132381917	1.0728045729389764	0.1227030661356384	4.009296315871191	0.3895104019149413	0.1860863740994142	6.234128901633799E-4	0.22040005555497058	0.33972950044008793	0.17932553805486806	0.646310132381917	1.0728045729389764	0.1227030661356384	4.009296315871191	0.3895104019149413	0.1860863740994142	5.98443011107153	0.29621498534119545	0.21104973554559633	0.21299214978691064	0.2797431293262973	0.5281536932693384	75.5377084150476	-864.2256225165661	7.59060933832997E-4	1.0178700400646485	6.644186174905519E-4	5.293971957359946E-7	0.9686476382755889
6760000	-9573.921132654283	-8679.634738857047	-894.2863937972369	-8510.625707663003	84.64638259184304	925.3767933407022	0.0950802171882837	0.6821699149887808	0.45922820626885213	1.3733478445673384	1.5410479537168207	0.34887250037333006	1.1280803184007502	0.023909166298162633	4.419676006796904	0.5708933904571343	0.48333902925647226	0.6821699149887808	0.45922820626885213	1.3733478445673384	1.5410479537168207	0.34887250037333006	1.1280803184007502	0.023909166298162633	4.419676006796904	0.5708933904571343	0.48333902925647226	5.98443011107153	0.29621498534119545	0.21104973554559633	0.21299214978691064	0.2797431293262973	0.8428233050698615	72.97436061667464	-879.7697194567716	7.83692618834778E-4	1.0896550809611725	6.350002793749041E-4	5.851102912557465E-7	1.0067269234886143
6770000	-9573.411975524486	-8689.667150722098	-883.7448248023879	-8519.986521055025	74.39500945394134	869.9676117121146	0.14819750996437056	0.29348774313111287	0.3072741773171507	1.3299674519993558	2.8556682324182336	1.0604905369543618	1.0675186733623068	1.6274666138089005	2.885045396296658	0.3980025777868506	0.05755102096608619	0.29348774313111287	0.3072741773171507	1.3299674519993558	2.8556682324182336	1.0604905369543618	1.0675186733623068	1.6274666138089005	2.885045396296658	0.3980025777868506	0.05755102096608619	7.262171837892843	0.29621498534119545	0.21104973554559633	0.21299214978691064	0.2797431293262973	0.517915014393975	81.066880107058	-868.9009890075082	8.361961458539343E-4	1.0029373144451816	7.286082827012268E-4	8.518065550143395E-7	1.0775505575590765
6780000	-9580.202861032967	-8685.859475359981	-894.3433856729866	-8519.544947647935	71.89055505689497	892.3181858258141	0.11935975932684274	0.22641487790472983	0.26685051846782676	0.5183643793723618	1.0071368547188613	0.12942753713703162	1.608982035474119	0.05901488353000326	2.20586577629357	0.24851026869523582	0.1324671633988946	0.22641487790472983	0.26685051846782676	0.5183643793723618	1.0071368547188613	0.12942753713703162	1.608982035474119	0.05901488353000326	2.20586577629357	0.24851026869523582	0.1324671633988946	6.515062617604845	0.29621498534119545	0.21104973554559633	0.21299214978691064	0.2797431293262973	0.41139023559566973	89.2330143645665	-885.5229267372815	6.625099715777256E-4	0.9340585937201299	5.960561187574379E-4	5.029375741803118E-7	1.001829978433837
6790000	-9603.502994675502	-8687.535503048999	-915.9674916265028	-8519.412453078221	77.39635634220944	982.0446755302273	0.11215594034373425	0.48371003470695656	0.05119503382339638	1.720659232005444	0.8440376413837011	0.5109296312073188	2.8335159042374873	0.24045462986513091	3.1069619049934594	0.6376399048897476	0.432155478561967	0.48371003470695656	0.05119503382339638	1.720659232005444	0.8440376413837011	0.5109296312073188	2.8335159042374873	0.24045462986513091	3.1069619049934594	0.6376399048897476	0.432155478561967	6.515062617604845	0.28819671028215055	0.21906801060464126	0.21299214978691064	0.2797431293262973	0.5021363759438235	108.10439754941149	-902.700582225803	6.16949647854551E-4	0.8598371353848459	5.723588122228346E-4	4.551662203543235E-7	0.9990191428233537
6800000	-9633.794090507907	-8690.863143157749	-942.9309473501577	-8521.893830073568	76.34007897517643	1114.9633230219613	0.11131464204506167	0.006666755031041503	0.03720221097198205	0.17579620986703265	0.1708425647099923	0.6474494490250102	0.27933019936968023	0.5503893507871832	2.057266998330818	0.012461701603498887	0.12196178160204409	0.006666755031041503	0.03720221097198205	0.17579620986703265	0.1708425647099923	0.6474494490250102	0.27933019936968023	0.5503893507871832	2.057266998330818	0.012461701603498887	0.12196178160204409	6.515062617604845	0.306222563889701	0.20104215699709083	0.2011744004550872	0.29156087865812075	0.5021363759438235	126.80667244856504	-936.5605320148316	5.019804993498923E-4	0.8169585454412088	4.794845325418848E-4	2.296798132406255E-7	0.9434404642758503
6810000	-9634.637086399285	-8719.701345245508	-914.9357411537763	-8547.974715786797	79.62083422298821	1031.7197637482213	0.10319677852233727	0.7878546271746879	0.3055464080397799	0.9668683173480077	1.5506048252811864	1.5969104439563526	0.7819570956559985	0.3676450580888131	4.520848303135436	0.5355607665028229	1.8621779594109797	0.7878546271746879	0.3055464080397799	0.9668683173480077	1.5506048252811864	1.5969104439563526	0.7819570956559985	0.3676450580888131	4.520848303135436	0.5355607665028229	1.8621779594109797	5.485474697630003	0.29738295266571535	0.20104215699709083	0.2011744004550872	0.3004004898821064	0.5021363759438235	102.589712127682	-899.8756208002354	5.510525336259392E-4	0.7413338119399626	5.076165795113434E-4	2.1970218320611193E-7	0.8774193465845398
6820000	-9668.761531448261	-8728.747287218122	-940.0142442301388	-8558.92462268774	90.7120413648436	1139.2774622746879	0.10508438912122443	0.630582147099558	0.21582142320920847	0.49144701482583775	0.4062602833528122	0.7248631473283785	1.3966505937622855	1.803948002091212	6.286553120656286	0.29726643794779195	0.1378923135182758	0.630582147099558	0.21582142320920847	0.49144701482583775	0.4062602833528122	0.7248631473283785	1.3966505937622855	1.803948002091212	6.286553120656286	0.29726643794779195	0.1378923135182758	6.460993602325085	0.2895662929384007	0.20885881672440545	0.2011744004550872	0.3004004898821064	0.5021363759438235	125.4578589512391	-925.2816920238183	5.626978172041546E-4	0.7844956207159777	5.139582516895869E-4	2.568036104846803E-7	0.8659249655871261
6830000	-9652.519011991533	-8704.290346157153	-948.2286658343796	-8542.042703025987	97.70921911708098	1213.2934244540277	0.07231729099675183	0.14190382572999738	0.03748792127566524	1.1080118863885637	0.20727531022889817	1.2148886684691138	0.8319474878662464	0.376302355317153	4.898909799492824	0.05426221237926781	1.8957471792308074	0.14190382572999738	0.03748792127566524	1.1080118863885637	0.20727531022889817	1.2148886684691138	0.8319474878662464	0.376302355317153	4.898909799492824	0.05426221237926781	1.8957471792308074	6.460993602325085	0.28081392243356373	0.20885881672440545	0.20992677095992415	0.3004004898821064	0.5021363759438235	122.92881736476261	-934.2947090361599	5.69009785267597E-4	0.9171720539387912	4.678880397722151E-4	3.2117697078040824E-7	0.9928721059065405
6840000	-9599.58685483236	-8660.55206040897	-939.0347944233887	-8495.646606497763	76.38198103186126	1042.0756472332023	0.05774028595154215	1.7595874483103513	0.16768249778655006	1.1859869596440413	0.6666425252088817	2.3092680884613515	1.409864398466299	0.997832567843569	5.404461083037284	1.3007054227140884	0.9417052243952396	1.7595874483103513	0.16768249778655006	1.1859869596440413	0.6666425252088817	2.3092680884613515	1.409864398466299	0.997832567843569	5.404461083037284	1.3007054227140884	0.9417052243952396	6.460993602325085	0.2925941499249169	0.20885881672440545	0.19814654346857102	0.3004004898821064	0.5021363759438235	104.96313730376008	-919.6091359479001	6.023478966982484E-4	0.8653465286352126	5.098861171750586E-4	2.743060736996353E-7	0.955172178961783
6850000	-9629.676542480851	-8686.362475506092	-943.3140669747598	-8519.118167931094	79.39219302994992	1111.72088026454	0.11156477062145662	0.3750429815964243	0.07055071634115388	0.07003585596952945	1.2941407108770269	0.23200532792383247	1.3848355471588965	0.11894452536630093	1.3783763089034442	0.654990032539986	0.36524270334254527	0.3750429815964243	0.07055071634115388	0.07003585596952945	1.2941407108770269	0.23200532792383247	1.3848355471588965	0.11894452536630093	1.3783763089034442	0.654990032539986	0.36524270334254527	5.775701096632099	0.2925941499249169	0.19647696313687185	0.21052839705610463	0.3004004898821064	0.5021363759438235	124.47080634035215	-934.9384738038162	6.254032508355139E-4	0.8415845018746917	5.276530327993686E-4	2.504762930679052E-7	0.8845109985744305
6860000	-9593.150574740677	-8674.936274922124	-918.2142998185536	-8510.781275842695	88.87061476500698	1102.0761268710903	0.10848833715224103	0.2881492556168658	0.1941099613971841	0.43321591060507614	0.3787635888350736	0.5842599089992931	1.8245305376651768	0.1772223036839224	2.84257914696798	0.12657942950699383	0.27459747561595466	0.2881492556168658	0.1941099613971841	0.43321591060507614	0.3787635888350736	0.5842599089992931	1.8245305376651768	0.1772223036839224	2.84257914696798	0.12657942950699383	0.27459747561595466	6.9736833489165715	0.2925941499249169	0.19647696313687185	0.21052839705610463	0.3004004898821064	0.5021363759438235	102.82524099660222	-907.8080454971489	7.039507503535763E-4	1.0207672321550014	5.27810980562779E-4	5.420289097648175E-7	1.1312406806881592
6870000	-9642.102787504979	-8703.469565509307	-938.6332219956716	-8545.00198937042	104.3820188323967	1206.5075953559572	0.10076981640537512	0.8816439838163593	0.2584570519529672	0.3378101142300757	0.6744028268586206	2.0682565549119114	2.670176603600926	0.21213538146877678	4.455978694627806	0.9678670295338477	0.7492904096206997	0.8816439838163593	0.2584570519529672	0.3378101142300757	0.6744028268586206	2.0682565549119114	2.670176603600926	0.21213538146877678	4.455978694627806	0.9678670295338477	0.7492904096206997	6.442289501706465	0.2925941499249169	0.19647696313687185	0.21052839705610463	0.3004004898821064	0.36767536802382805	118.27596945633819	-922.6860568252364	6.099876575363598E-4	0.8996335078209666	4.4671199945793896E-4	2.929856407097798E-7	0.9395200993112509
6880000	-9635.073501910427	-8703.004841266436	-932.0686606439908	-8544.909182019099	109.80720538483868	1134.1092671085553	0.07785379445680243	0.17655994495507976	0.2849152209556415	1.0433251889113522	0.18977321838874645	0.5859042809993864	1.770875630857359	0.7983574551332842	1.9384460227185187	0.6028758318850538	0.3626342828351786	0.17655994495507976	0.2849152209556415	1.0433251889113522	0.18977321838874645	0.5859042809993864	1.770875630857359	0.7983574551332842	1.9384460227185187	0.6028758318850538	0.3626342828351786	5.817132689589072	0.28589955555542207	0.20317155750636667	0.21052839705610463	0.3004004898821064	0.5463182125737458	104.49870125598808	-921.0199374454482	7.393158167492793E-4	0.9573402574209031	5.054528826992213E-4	3.305019474184881E-7	0.8879493038918003
6890000	-9614.328220144986	-8697.038704966804	-917.2895151781815	-8532.47883140482	110.24903547754104	1037.409121643158	0.14089964999689564	0.10385372435815159	0.03816259302372701	1.226374270417002	4.53352066912752	0.419710593529418	1.308871351778566	0.3953844409979144	3.1766756382655887	0.43592740188050505	0.028372306718306102	0.10385372435815159	0.03816259302372701	1.226374270417002	4.53352066912752	0.419710593529418	1.308871351778566	0.3953844409979144	3.1766756382655887	0.43592740188050505	0.028372306718306102	5.919309858461249	0.28589955555542207	0.20317155750636667	0.21052839705610463	0.3004004898821064	0.5463182125737458	99.07265408125197	-903.101434718746	7.501434117747774E-4	0.9170776845914074	4.991458030403923E-4	3.527515743889065E-7	0.9419559004803496
6900000	-9620.533545238395	-8685.378720357055	-935.154824881339	-8521.938725076461	101.73016432474972	1099.6877813281758	0.15003455172634683	0.3787013515851607	0.19535618871299687	1.1159023957132623	2.136718661415274	0.9049862780589468	0.9601143819211377	0.0864486728676835	3.8854757177077106	0.19799223293413307	0.049706187990757114	0.3787013515851607	0.19535618871299687	1.1159023957132623	2.136718661415274	0.9049862780589468	0.9601143819211377	0.0864486728676835	3.8854757177077106	0.19799223293413307	0.049706187990757114	7.066676824037792	0.28856375047856064	0.20050736258322815	0.22232312773133084	0.2886057592068802	0.524916866862437	113.74242949591994	-922.5115472136208	6.766068769744157E-4	0.9347381864360667	5.357001454686287E-4	4.483910139410701E-7	1.0662774626631877
6910000	-9616.29321579105	-8680.416118443423	-935.8770973476277	-8519.56291535279	113.0359724888606	1199.895338665737	0.07381464660436524	0.2136696736327473	0.10121815982293149	0.4129406809552388	0.5642707668263245	0.1815206136397008	2.277376509172332	0.13118081536614146	2.932473983865871	0.5909960213092367	0.27946151011124315	0.2136696736327473	0.10121815982293149	0.4129406809552388	0.5642707668263245	0.1815206136397008	2.277376509172332	0.13118081536614146	2.932473983865871	0.5909960213092367	0.27946151011124315	5.773999676170937	0.2970146793066528	0.19205643375513598	0.22232312773133084	0.2886057592068802	0.524916866862437	134.68137518890248	-924.5063825348286	6.772350511475525E-4	1.0275477718382031	4.89840651638484E-4	4.4345895508580406E-7	1.0652282095462084
6920000	-9621.198561226167	-8679.44763837636	-941.7509228498077	-8510.454235565923	88.42100985023208	1157.6292806596807	0.14069474993370112	0.27403357466004963	0.1463971724120702	0.8859428352853571	0.9452630788014015	1.6399145548802194	1.786275183518749	0.5329323924819667	3.7338038978639214	0.008859762245062219	1.6920553533082754	0.27403357466004963	0.1463971724120702	0.8859428352853571	0.9452630788014015	1.6399145548802194	1.786275183518749	0.5329323924819667	3.7338038978639214	0.008859762245062219	1.6920553533082754	6.918515103489639	0.28335414696067174	0.20571696610111703	0.22232312773133084	0.2886057592068802	0.4547119664436143	117.7897716643211	-928.0206030328629	5.552972423804373E-4	0.8220746050453769	4.479227974201445E-4	2.88288312986586E-7	1.008202632278574
6930000	-9652.368429215503	-8703.765586098747	-948.6028431167554	-8531.813868929674	90.79448000898836	1221.3715244338507	0.16176384842127117	0.016493358296988173	0.011174910500632063	0.4746559305397747	1.9317795384150536	0.9532462069450343	0.3527912210000346	0.673554993097315	1.8432984806907258	0.21344359050582085	0.19154064416340622	0.016493358296988173	0.011174910500632063	0.4746559305397747	1.9317795384150536	0.9532462069450343	0.3527912210000346	0.673554993097315	1.8432984806907258	0.21344359050582085	0.19154064416340622	5.651197706914556	0.29235467669256787	0.20571696610111703	0.22232312773133084	0.27960522947498406	0.4547119664436143	120.49081252308574	-940.0743631423982	6.591267874519809E-4	0.8112118195051864	4.8541442244825697E-4	2.037738913840092E-7	0.7972405077483061
6940000	-9655.939887555685	-8689.797850247114	-966.1420373085708	-8520.564221841623	111.84553023574827	1371.2302759460506	0.10382782022819713	0.146496722634798	3.785698154349189E-4	0.2703099872521958	0.5746100366189557	0.3325352397551163	2.288972737696972	0.1365537924744034	5.368753521113677	0.10553791535371901	1.2473697191769415	0.146496722634798	3.785698154349189E-4	0.2703099872521958	0.5746100366189557	0.3325352397551163	2.288972737696972	0.1365537924744034	5.368753521113677	0.10553791535371901	1.2473697191769415	6.472078557098323	0.3003721405791015	0.1976995022145834	0.22232312773133084	0.27960522947498406	0.4547119664436143	143.45604351590612	-952.9557727720803	5.924095854408147E-4	0.8590344498034242	4.119105538157488E-4	1.6967540896378613E-7	0.8427773224610043
6950000	-9668.711370247956	-8676.51274917577	-992.1986210721853	-8514.187697087098	120.36867453380147	1471.8132584121322	0.07645612499553212	0.20170128930382772	0.24123461603375748	0.4674724691909786	0.1354017291330475	1.1646816355473266	3.3462451832879516	0.3754698546556907	7.9804169901057795	0.4928405292415368	0.11170722969665893	0.20170128930382772	0.24123461603375748	0.4674724691909786	0.1354017291330475	1.1646816355473266	3.3462451832879516	0.3754698546556907	7.9804169901057795	0.4928405292415368	0.11170722969665893	6.417693872591828	0.30908057180324106	0.1976995022145834	0.21361469650719128	0.27960522947498406	0.4547119664436143	160.2570414489621	-974.395363899414	5.581416902302062E-4	0.9068089900789905	3.891370540109209E-4	2.0951726078180027E-7	0.9867358145923679
6960000	-9626.82160147204	-8670.976542825067	-955.8450586469736	-8511.1197989648	109.69530247261072	1278.5862044608486	0.1269877684453482	0.14021035448961994	0.045197526065551004	0.19146569286813622	1.896652846121964	0.09507890465042504	1.8225283587808518	0.009431143063165597	3.23724820221951	0.2582570684219619	0.6845920026341087	0.14021035448961994	0.045197526065551004	0.19146569286813622	1.896652846121964	0.09507890465042504	1.8225283587808518	0.009431143063165597	3.23724820221951	0.2582570684219619	0.6845920026341087	7.418349804727416	0.30908057180324106	0.1976995022145834	0.21361469650719128	0.27960522947498406	0.4547119664436143	135.69807683602136	-944.7447520484275	6.613198492583313E-4	0.8176365971670128	4.6132223330450154E-4	4.0219605002596077E-7	1.055541616395628
6970000	-9646.949834496483	-8675.676876000402	-971.272958496082	-8510.107208498725	125.72048714901948	1405.8190117871013	0.09420340206943478	0.30291711698890345	0.04066334180872234	0.5456766573377304	1.955697666285204	0.474293701595502	3.370672729347847	2.2465263885585998	4.3226247885256	1.444573377980875	0.24968488438117534	0.30291711698890345	0.04066334180872234	0.5456766573377304	1.955697666285204	0.474293701595502	3.370672729347847	2.2465263885585998	4.3226247885256	1.444573377980875	0.24968488438117534	5.821131624687301	0.30908057180324106	0.1976995022145834	0.21361469650719128	0.27960522947498406	0.4547119664436143	125.8006609148813	-953.2450692841248	6.027367933231478E-4	1.0156350745049347	4.2353582924005407E-4	2.415895868147189E-7	0.8867990404576503
6980000	-9683.328370291607	-8706.974473937024	-976.3538963545827	-8534.86345764189	114.26433792901327	1476.566467082509	0.09597307034872063	0.5090880723469242	0.14785991097486273	0.37919315334048803	0.5039797001556537	1.1448859110909524	0.83214998604839	0.2309677033697947	3.1795055891884645	0.04648565080172349	0.4671382884243491	0.5090880723469242	0.14785991097486273	0.37919315334048803	0.5039797001556537	1.1448859110909524	0.83214998604839	0.2309677033697947	3.1795055891884645	0.04648565080172349	0.4671382884243491	6.925280221131044	0.30908057180324106	0.1976995022145834	0.21361469650719128	0.27960522947498406	0.4547119664436143	141.32853325330163	-966.3603713658705	5.037099057439533E-4	0.8012599869945796	3.8216652543640367E-4	1.6765044949239636E-7	0.8775974367115199
6990000	-9619.276131423887	-8676.698407334057	-942.5777240898294	-8506.781326701077	107.20131062881066	1242.4745976531437	0.1419869506467402	0.2514713441523024	0.05812706446552668	0.34724674925879195	0.19871650917816164	0.49803374034653575	0.9928860459884662	0.24349913269691198	6.366102475231745	0.2851016535255167	0.30943817698963977	0.2514713441523024	0.05812706446552668	0.34724674925879195	0.19871650917816164	0.49803374034653575	0.9928860459884662	0.24349913269691198	6.366102475231745	0.2851016535255167	0.30943817698963977	5.8735504424886855	0.30908057180324106	0.1976995022145834	0.21361469650719128	0.27960522947498406	0.4547119664436143	101.57676468915066	-930.8839746400007	5.798132520941604E-4	0.9305607623371104	4.577496444832327E-4	2.38018815156016E-7	0.9270856708593643
7000000	-9675.743833168624	-8693.418998739215	-982.3248344294102	-8532.422031321432	143.59978377221086	1645.7736150981755	0.05948334632587516	0.24713424089257	0.13691723344980922	0.19325097292249266	0.2688930083224998	0.11055872995149718	1.3197175921649684	0.26131946700002756	1.8140587800316608	0.13257543371953423	0.09317813176545281	0.24713424089257	0.13691723344980922	0.19325097292249266	0.2688930083224998	0.11055872995149718	1.3197175921649684	0.26131946700002756	1.8140587800316608	0.13257543371953423	0.09317813176545281	5.8735504424886855	0.30908057180324106	0.1976995022145834	0.21361469650719128	0.27960522947498406	0.4148888227576621	137.49250584943903	-974.0317734997743	5.563535567350484E-4	1.0420862003136813	3.9555052202107854E-4	2.588317757719218E-7	0.966148380827943
7010000	-9685.40764858207	-8672.349865725566	-1013.0577828565031	-8510.606720188196	171.9873061334597	1874.4944058146816	0.0589552813474897	0.7837566841842842	0.2698099154771302	0.9954894513163898	0.4211718848819571	1.1852227745690849	6.489146504862255	0.3735382438302835	5.669469107021606	0.8431723103635707	3.2798672104063757	0.7837566841842842	0.2698099154771302	0.9954894513163898	0.4211718848819571	1.1852227745690849	6.489146504862255	0.3735382438302835	5.669469107021606	0.8431723103635707	3.2798672104063757	6.715586167904696	0.30908057180324106	0.1976995022145834	0.21361469650719128	0.27960522947498406	0.43950615930462417	172.68254733051674	-988.6477802497734	4.805188228775714E-4	1.0678770085369027	3.370659519443037E-4	1.4800097436807207E-7	0.85419048099894
7020000	-9704.315582977992	-8681.67029307839	-1022.6452898996015	-8518.866868796737	142.39123912972337	1883.8397238171979	0.06274969723007888	0.006184350939686817	0.02025522742535344	1.2260964862778176	0.0030756918606883424	1.307340669482105	1.099880325472869	0.5111880266162666	4.8263500499526035	0.18646632754058398	0.43075871097261176	0.006184350939686817	0.02025522742535344	1.2260964862778176	0.0030756918606883424	1.307340669482105	1.099880325472869	0.5111880266162666	4.8263500499526035	0.18646632754058398	0.43075871097261176	5.820676558750597	0.30908057180324106	0.1976995022145834	0.21361469650719128	0.27960522947498406	0.43950615930462417	181.10089966217117	-1009.7605528767048	3.640596380911577E-4	0.9651586993632245	2.9016747337682095E-4	9.88657837586726E-8	0.9104685403241579
7030000	-9682.030694015402	-8686.678276576364	-995.3524174390384	-8518.477221590945	125.65261668886613	1519.8179100233483	0.07247110695797469	0.015733701414413163	0.2534090179073225	0.2537817551795158	0.3208758573975162	2.1525825041907583	1.6131654791251917	0.978186979312366	4.846067637564808	0.14262290285759407	0.40703629871516395	0.015733701414413163	0.2534090179073225	0.2537817551795158	0.3208758573975162	2.1525825041907583	1.6131654791251917	0.978186979312366	4.846067637564808	0.14262290285759407	0.40703629871516395	7.01756759284892	0.30908057180324106	0.19235219631631365	0.21896200240546104	0.27960522947498406	0.43950615930462417	150.31142164279944	-980.8474295329004	5.274421181671423E-4	0.9590910741998518	3.7881255807474594E-4	2.2550876055233252E-7	0.9587957181264242
7040000	-9678.771960522008	-8690.481353430401	-988.2906070916074	-8520.708599022448	137.92758536079785	1564.1917843190802	0.08142458384632335	0.4640581676385552	0.0501921793671524	0.569291032858368	0.04153436168056925	0.9172286204559746	0.7050971712030591	0.47673924541043405	1.1348598665340086	0.2548198360833473	0.14039638544138386	0.4640581676385552	0.0501921793671524	0.569291032858368	0.04153436168056925	0.9172286204559746	0.7050971712030591	0.47673924541043405	1.1348598665340086	0.2548198360833473	0.14039638544138386	6.3520713146498515	0.30908057180324106	0.20318518678539038	0.21896200240546104	0.2687722390059073	0.4826094201123292	169.1932315248233	-980.1227132404233	4.7528302827239106E-4	1.0231619202164564	3.3125012051798833E-4	1.9318202677838114E-7	0.9960716720221049
7050000	-9644.692907502198	-8651.937142184272	-992.7557653179273	-8484.957785138686	151.8762998112552	1646.8469227575986	0.08620004567287351	2.2960669504189672	0.5783312902322195	0.20816382323727617	0.42354445270569413	0.5665110291143204	1.7844137493383831	0.8454152793184978	2.837136827113138	0.40107231207924177	0.012702674250913275	2.2960669504189672	0.5783312902322195	0.20816382323727617	0.42354445270569413	0.5665110291143204	1.7844137493383831	0.8454152793184978	2.837136827113138	0.40107231207924177	0.012702674250913275	6.3520713146498515	0.30908057180324106	0.20318518678539038	0.20556661407034632	0.282167627341022	0.5764266280451124	157.34219860187434	-979.0565209981322	4.611415964123745E-4	1.1442946238322713	3.2751865455805056E-4	2.3333580036462056E-7	1.0505164813692227
7060000	-9644.472328540325	-8689.513079792694	-954.9592487476311	-8520.764037260935	108.86314433163058	1255.229375961096	0.08324988374506842	0.3355314686886536	0.19234630835379193	0.45992866376809377	0.41214952313236114	1.2230475875046605	0.23798971262747984	0.28918664217162615	3.592559643498411	0.30731572119924544	0.005611843086965783	0.3355314686886536	0.19234630835379193	0.45992866376809377	0.41214952313236114	1.2230475875046605	0.23798971262747984	0.28918664217162615	3.592559643498411	0.30731572119924544	0.005611843086965783	6.3520713146498515	0.30908057180324106	0.20318518678539038	0.20556661407034632	0.282167627341022	0.5764266280451124	118.81679257059234	-944.7869700248822	6.056020213463639E-4	0.9142384548732982	4.3515785953026617E-4	3.6740065467729507E-7	1.0888971638333458
7070000	-9606.29895092756	-8683.132063315365	-923.1668876121951	-8517.275456077638	125.85807798806275	1207.853031397972	0.12801117551755764	1.2028147710629133	0.33609957504649335	0.3105323724638269	2.2571726025129064	2.00364318242456	1.250404974306331	0.3158060959436877	3.3070721695993957	0.24515997398495687	1.8385044573009874	1.2028147710629133	0.33609957504649335	0.3105323724638269	2.2571726025129064	2.00364318242456	1.250404974306331	0.3158060959436877	3.3070721695993957	0.24515997398495687	1.8385044573009874	7.308841051613086	0.30908057180324106	0.20318518678539038	0.20556661407034632	0.282167627341022	0.5764266280451124	98.46195133180322	-907.2604447447792	6.211396239458398E-4	0.9544431465128091	4.661759621461143E-4	4.2849836651841413E-7	1.0732595593980145
7080000	-9618.460024284122	-8661.9129066475	-956.5471176366229	-8495.581312605662	126.81169956648822	1390.4710193041653	0.0735336723301929	0.34880509535871	0.04270736664798321	0.10107837921097915	0.4755708684673233	1.3395299472288817	1.0917854579663135	0.20051781726581133	1.8578802396668428	0.4863042371657898	0.3723994713551924	0.34880509535871	0.04270736664798321	0.10107837921097915	0.4755708684673233	1.3395299472288817	1.0917854579663135	0.20051781726581133	1.8578802396668428	0.4863042371657898	0.3723994713551924	6.266835540090021	0.30908057180324106	0.20058657898205223	0.20556661407034632	0.28476623514436017	0.3912974570530863	129.39400241014997	-947.4786152995861	4.5112244768602083E-4	0.8899822909183165	3.831672616975311E-4	2.2770105156240585E-7	1.0131401519972103
7090000	-9594.880554621483	-8676.542463883408	-918.3380907380744	-8509.083674821059	108.79315632281335	1180.9872008027926	0.1261701089591059	0.0834051781403392	0.08237398001823958	0.705899191430072	0.25242086452675716	0.31927458645315243	0.6662197464964483	0.346033534302023	2.433718575831172	0.3039748481745842	0.7338129801651936	0.0834051781403392	0.08237398001823958	0.705899191430072	0.25242086452675716	0.31927458645315243	0.6662197464964483	0.346033534302023	2.433718575831172	0.3039748481745842	0.7338129801651936	6.621667602008597	0.30908057180324106	0.20058657898205223	0.20556661407034632	0.28476623514436017	0.6111213311703543	103.15278007913513	-909.7949812392072	5.68319823885089E-4	0.9356655873185378	4.585596339614419E-4	4.1316982790784594E-7	1.0691800480816205
7100000	-9626.58805384051	-8683.971618744177	-942.6164350963335	-8519.295044944756	131.11781851369062	1281.6511687402021	0.12598788941160524	0.4557525037155587	0.5716812830386974	0.0635743037545438	0.32515662198022566	0.7196281175590826	3.367014930260468	0.314823901885182	9.858332805629825	0.3923046427476986	0.7668901855753145	0.4557525037155587	0.5716812830386974	0.0635743037545438	0.32515662198022566	0.7196281175590826	3.367014930260468	0.314823901885182	9.858332805629825	0.3923046427476986	0.7668901855753145	5.847633933385885	0.29670293944833476	0.20966012062508613	0.20887070478221878	0.28476623514436017	0.4488778425504618	125.9256376078142	-923.5354008583944	5.041993634605378E-4	0.9289993862329406	4.169589901687383E-4	3.126411245248427E-7	1.0356092880027572
7110000	-9600.3982674431	-8678.091621722888	-922.3066457202132	-8505.265278380899	96.06680557059875	1107.2822924774912	0.15138454206240617	0.36215085304789646	0.049947563811164976	0.12256225997793067	1.8981527445728137	1.0916901478400853	2.912179061623425	0.2263831260897652	1.5518798565335308	0.10810451684774927	0.20968288166789975	0.36215085304789646	0.049947563811164976	0.12256225997793067	1.8981527445728137	1.0916901478400853	2.912179061623425	0.2263831260897652	1.5518798565335308	0.10810451684774927	0.20968288166789975	6.853877480255377	0.29670293944833476	0.20966012062508613	0.22244731238026091	0.27118962754631804	0.527442197612113	98.81230493180496	-911.0621733718136	6.038587813019693E-4	1.051522677875728	4.985767764611711E-4	4.816555074894118E-7	1.1141018001485274
7120000	-9616.79418371379	-8684.185399541331	-932.6087841724592	-8515.316631942502	93.73438869617823	1136.38854078739	0.11233847578683322	0.34055679351443874	0.11601876387400163	0.048846568035832	2.0646762791531432	1.2553427937162966	1.6765321748887556	0.10104719022303671	5.6906192422099116	0.9370036328182839	1.060910379872746	0.34055679351443874	0.11601876387400163	0.048846568035832	2.0646762791531432	1.2553427937162966	1.6765321748887556	0.10104719022303671	5.6906192422099116	0.9370036328182839	1.060910379872746	6.169135964621982	0.29670293944833476	0.20966012062508613	0.20053314894041438	0.29310379098616457	0.527442197612113	116.9686984357889	-916.7595751344287	5.730730672364942E-4	0.9051686781129382	4.418201348953627E-4	5.577064381475274E-7	1.2771659398671966
7130000	-9618.559684161819	-8675.670850260913	-942.8888339009055	-8504.899968305197	94.29909314229998	1170.316538439502	0.1138360983092101	0.1817947599153809	0.17996845837373177	0.487963164897038	1.0722844341829836	0.004643145389627426	1.8543426959187899	0.04670660527751849	4.840534582383758	0.05281712650765377	1.2004769949402165	0.1817947599153809	0.17996845837373177	0.487963164897038	1.0722844341829836	0.004643145389627426	1.8543426959187899	0.04670660527751849	4.840534582383758	0.05281712650765377	1.2004769949402165	6.169135964621982	0.29670293944833476	0.20966012062508613	0.20053314894041438	0.29310379098616457	0.5413068567190521	123.39969129304765	-930.4059473432313	5.591638362928679E-4	0.8988064913527541	4.763997172658252E-4	4.749271446320259E-7	1.1880944726367562
7140000	-9604.693459589951	-8680.467333690258	-924.2261258996929	-8510.021947149653	95.53859118069883	1134.4323726687976	0.17215530494226916	0.35443602758533366	0.14346407699564667	0.5650694816815415	1.941261566694394	0.21227102984863344	2.164939150674135	0.4357761821017256	1.7521413536216326	0.11929933047679148	1.1722942320529548	0.35443602758533366	0.14346407699564667	0.5650694816815415	1.941261566694394	0.21227102984863344	2.164939150674135	0.4357761821017256	1.7521413536216326	0.11929933047679148	1.1722942320529548	5.8517039625323415	0.29670293944833476	0.20966012062508613	0.21316657939030279	0.28047036053627616	0.5923304888970237	113.19657948054034	-913.5333045162625	6.087899865417878E-4	0.8043305914856572	5.065429552734517E-4	4.1031990190050497E-7	1.0570372343595837
7150000	-9610.619730212899	-8666.444944449204	-944.1747857636943	-8498.081911240028	82.12848372386051	1122.6171295585589	0.12806922673915005	0.737157750760403	0.02761165101120004	1.36057013770329	0.6093629415900836	1.8891541993527334	1.8096255096353793	0.04947302509443798	4.728218305670951	0.0863549906155968	1.506984715348669	0.737157750760403	0.02761165101120004	1.36057013770329	0.6093629415900836	1.8891541993527334	1.8096255096353793	0.04947302509443798	4.728218305670951	0.0863549906155968	1.506984715348669	7.031628749920796	0.29670293944833476	0.21770831011278977	0.20511838990259915	0.28047036053627616	0.5923304888970237	114.84934691172492	-929.0477105741526	5.155909408369778E-4	0.8472074578286927	4.838759042794485E-4	2.7186088534044587E-7	0.9718595715648636
7160000	-9601.073784796503	-8670.62516891175	-930.4486158847527	-8501.501266269885	85.83409031087301	1104.7244103499256	0.09802760269183165	0.425232325852845	0.004683470178510217	0.21259613213510842	0.2981189171749495	0.9584405362343396	1.1796230269050185	0.02020285420776256	3.892182425494398	0.17797791756064943	0.9786746967652996	0.425232325852845	0.004683470178510217	0.21259613213510842	0.2981189171749495	0.9584405362343396	1.1796230269050185	0.02020285420776256	3.892182425494398	0.17797791756064943	0.9786746967652996	7.031628749920796	0.3128325821573491	0.2015786674037754	0.20511838990259915	0.28047036053627616	0.3860946746735963	104.54149769898663	-920.1338018820893	4.89415235679691E-4	0.800621956378698	4.6457999835864094E-4	2.3716438486726476E-7	0.9787065692391171
7170000	-9625.12221553075	-8680.761495146351	-944.360720384398	-8518.458532830984	93.85951059527683	1173.4814314458765	0.12839244605974426	0.115291497176935	0.1044042489375202	0.512995792543975	3.2794942283573087	0.5492987772551404	0.8134008860470199	0.7568180231956145	5.625919239993103	0.07528796659838143	0.38811555943108095	0.115291497176935	0.1044042489375202	0.512995792543975	3.2794942283573087	0.5492987772551404	0.8134008860470199	0.7568180231956145	5.625919239993103	0.07528796659838143	0.38811555943108095	6.061395989171466	0.32428513012588367	0.2015786674037754	0.20511838990259915	0.2690178125677416	0.48511875006288635	108.02645272174094	-930.0184240677482	5.135497717573609E-4	0.884174371823466	4.3689100255053787E-4	2.4945390010781227E-7	0.9613050667358355
7180000	-9661.039650699851	-8700.042380997751	-960.9972697021002	-8532.711329015181	103.83637856572452	1350.8372297824803	0.09515829818598306	0.02627200221841284	0.03823102351796401	0.003980578660505823	1.3222371664520756	0.9143473132746266	0.35074414898833234	0.7730123114277101	2.010321827451277	0.25090033997985	1.5551582061074065	0.02627200221841284	0.03823102351796401	0.003980578660505823	1.3222371664520756	0.9143473132746266	0.35074414898833234	0.7730123114277101	2.010321827451277	0.25090033997985	1.5551582061074065	6.364877193697609	0.32428513012588367	0.2015786674037754	0.20511838990259915	0.2690178125677416	0.48511875006288635	128.17789430196382	-951.232855760855	4.2435772820129656E-4	0.8951873520141158	3.837899936019388E-4	1.6254204738895434E-7	0.9655705814166058
7190000	-9635.884703578471	-8684.707194048799	-951.1775095296726	-8525.19981241348	127.75033918275349	1292.4983734435739	0.15729528798006118	0.07344830084490495	0.020410554419895977	1.0326462529440295	2.136071616607578	0.4252908490449764	1.4835354213400287	0.2007632437700982	1.4533163860699223	0.03230666502554888	0.7642413016572929	0.07344830084490495	0.020410554419895977	1.0326462529440295	2.136071616607578	0.4252908490449764	1.4835354213400287	0.2007632437700982	1.4533163860699223	0.03230666502554888	0.7642413016572929	7.107518041442418	0.32428513012588367	0.2015786674037754	0.20511838990259915	0.2690178125677416	0.48511875006288635	129.5054178067679	-941.0692415695149	4.6735378889506033E-4	0.9536598334194071	4.216190365863155E-4	3.4949831368870737E-7	1.1119248794002574
7200000	-9668.637835777887	-8691.535572865361	-977.1022629125256	-8532.281653560776	89.71522524643417	1262.9521471907829	0.0567316084429354	0.10436590384905031	0.0837187398861447	0.8573349724021622	1.0300963324671548	0.49946113683452054	1.5509323060097522	0.1500030764197096	4.15706943612754	0.3756684057040877	1.489644871335042	0.10436590384905031	0.0837187398861447	0.8573349724021622	1.0300963324671548	0.49946113683452054	1.5509323060097522	0.1500030764197096	4.15706943612754	0.3756684057040877	1.489644871335042	7.107518041442418	0.32428513012588367	0.2015786674037754	0.20511838990259915	0.2690178125677416	0.48511875006288635	152.45906281431775	-963.3700831221637	4.785479849080246E-4	0.822014399901527	4.456040960226537E-4	2.447777833091132E-7	0.9848113445788271
7210000	-9618.377532134858	-8655.009307831488	-963.3682243033712	-8492.070894306045	105.69150995738624	1341.7642509694654	0.08734155830335706	0.022037241758991893	0.38812132308295333	0.4559033991814705	0.7903766598802786	0.3797751908899348	2.2187871858023094	0.05770193916828975	2.8372980926203595	0.2271303119527046	1.2731979498280788	0.022037241758991893	0.38812132308295333	0.4559033991814705	0.7903766598802786	0.3797751908899348	2.2187871858023094	0.05770193916828975	2.8372980926203595	0.2271303119527046	1.2731979498280788	7.107518041442418	0.3144399807014277	0.2015786674037754	0.21496353932705514	0.2690178125677416	0.48511875006288635	160.7050139194594	-952.1655876261337	4.220272819880697E-4	0.7645685557747035	3.872652100276161E-4	1.9933328715051525E-7	0.9848856672180129
7220000	-9650.055411021825	-8667.67049414115	-982.3849168806761	-8500.383989752036	130.02537367544468	1503.078011626555	0.1128710536346057	1.319469969751806	1.1765559408439326	0.2975157791181296	0.15561173702395792	1.9909962949286537	1.6792482384088014	0.791422619391853	6.913639325899132	0.023027745864786987	1.6681019677552202	1.319469969751806	1.1765559408439326	0.2975157791181296	0.15561173702395792	1.9909962949286537	1.6792482384088014	0.791422619391853	6.913639325899132	0.023027745864786987	1.6681019677552202	6.198909912122817	0.3144399807014277	0.2015786674037754	0.21496353932705514	0.2690178125677416	0.48511875006288635	155.93156747822115	-963.608358989486	4.698416786841928E-4	0.9659219918363556	3.888584951503416E-4	2.500924008662078E-7	1.0115844313164917
7230000	-9645.590560727132	-8660.551616672226	-985.0389440549055	-8495.259151944758	112.26963476525307	1478.4530861394853	0.09831645747625847	0.09081633570092093	0.060257797462117305	0.0684949333406589	0.656747338410548	0.13402602688299475	1.3350966079451596	0.09299052301322108	2.564585207766656	0.0016681155072135483	0.3937864890643879	0.09081633570092093	0.060257797462117305	0.0684949333406589	0.656747338410548	0.13402602688299475	1.3350966079451596	0.09299052301322108	2.564585207766656	0.0016681155072135483	0.3937864890643879	6.5994090834446535	0.30512520940986565	0.21089343869533747	0.21496353932705514	0.2690178125677416	0.48511875006288635	149.06635308042846	-976.9112622366382	4.689695812916732E-4	0.906273446446841	3.925366203476122E-4	2.4627226759078125E-7	0.9876136048552769
7240000	-9667.178762338823	-8691.485016551751	-975.693745787071	-8521.27677258794	111.30251436083056	1404.6347550850826	0.07032141111034404	0.13066051811957968	0.09856989474568832	0.8149254003133846	0.17907362338610475	1.233348555917769	0.5511867785558491	0.8955205592835435	3.6299502852462715	0.8300793237061039	0.35619016939806175	0.13066051811957968	0.09856989474568832	0.8149254003133846	0.17907362338610475	1.233348555917769	0.5511867785558491	0.8955205592835435	3.6299502852462715	0.8300793237061039	0.35619016939806175	6.5994090834446535	0.30512520940986565	0.21089343869533747	0.21496353932705514	0.2690178125677416	0.48511875006288635	139.74974104350167	-963.6839234984288	4.6518105433610506E-4	0.977465312761843	3.886271092565922E-4	3.003839887988453E-7	1.0951263167237875
7250000	-9696.919949156354	-8682.6452602728	-1014.2746888835541	-8513.028888405337	121.84113659447662	1712.4685258367188	0.05823466804074755	0.6626337498676607	0.20244312035307369	0.506494604782061	0.011514774181880126	1.2197180594339938	1.1775739206913896	2.286883213371047	1.7795182679436767	0.3199486548864296	0.5356404559642767	0.6626337498676607	0.20244312035307369	0.506494604782061	0.011514774181880126	1.2197180594339938	1.1775739206913896	2.286883213371047	1.7795182679436767	0.3199486548864296	0.5356404559642767	6.5994090834446535	0.3110417732388276	0.21089343869533747	0.20904697549809323	0.2690178125677416	0.5018031919821258	200.1745611330349	-1002.7683308946825	3.4671707529667365E-4	0.6959586106329476	3.113265448723742E-4	1.5487587627098626E-7	1.0695779759468396
7260000	-9668.694080076988	-8670.247873068349	-998.4462070086387	-8502.582508683932	111.38769773911892	1527.3288014879363	0.10844182059156324	0.021099362498025822	0.16520204498967025	0.04081147891828513	0.5277499817967993	0.39022574458847975	2.15770083267	1.4277613858893463	3.29635807276359	0.4231955659585453	0.5539008091561584	0.021099362498025822	0.16520204498967025	0.04081147891828513	0.5277499817967993	0.39022574458847975	2.15770083267	1.4277613858893463	3.29635807276359	0.4231955659585453	0.5539008091561584	5.985910771455331	0.3110417732388276	0.21089343869533747	0.20904697549809323	0.2690178125677416	0.5378648204360574	179.5732721893691	-987.119186337374	3.878758079590129E-4	0.8314642533777512	3.386142701312082E-4	1.3974197569738493E-7	0.9320741691110239
7270000	-9704.825413076875	-8685.545077369754	-1019.2803357071206	-8518.317670353425	134.920123331606	1726.3943834179129	0.06990814628966402	1.5272831978693788	0.3229072944055477	0.32760126734692163	0.3681967811604341	0.7872184600939773	2.9675550759233587	0.15836631718603153	5.1045595292902615	0.8077198722240682	1.1557627803291795	1.5272831978693788	0.3229072944055477	0.32760126734692163	0.3681967811604341	0.7872184600939773	2.9675550759233587	0.15836631718603153	5.1045595292902615	0.8077198722240682	1.1557627803291795	6.602052780636448	0.300215228859189	0.21089343869533747	0.2198735198777318	0.2690178125677416	0.5378648204360574	214.60262502691077	-1002.9043171069734	3.6648713323867517E-4	0.7566910940100601	3.306768075643313E-4	1.0897067585714077E-7	0.8623677455437344
7280000	-9675.571532599803	-8670.654801270592	-1004.9167313292108	-8502.178027473585	139.06598165568417	1718.338501377735	0.09204277123526548	0.13456399744633926	0.020259592969504348	0.23009159003013313	0.24061068902935934	0.5104970249837297	1.5997723878696086	0.14021148872304387	4.160789158958633	0.37048427551386315	0.7033992002949403	0.13456399744633926	0.020259592969504348	0.23009159003013313	0.24061068902935934	0.5104970249837297	1.5997723878696086	0.14021148872304387	4.160789158958633	0.37048427551386315	0.7033992002949403	5.877398956627078	0.300215228859189	0.21089343869533747	0.20888280535824194	0.28000852708723145	0.5378648204360574	202.75994351173387	-993.8924483426324	4.063731707636801E-4	0.9220721452284935	3.360598666856911E-4	1.829354665143264E-7	0.9670517853747534
7290000	-9634.05290699717	-8679.506526989799	-954.546380007373	-8510.857265441988	105.81903895572123	1316.5915762831814	0.09244876268633467	0.11929433312693831	0.10675122681606392	0.5559549968505019	0.40063502292174374	0.47535586664891677	0.16825040747498765	0.10330471914711148	1.1824614761067354	0.03237937893912292	0.5684767075991914	0.11929433312693831	0.10675122681606392	0.5559549968505019	0.40063502292174374	0.47535586664891677	0.16825040747498765	0.10330471914711148	1.1824614761067354	0.03237937893912292	0.5684767075991914	5.49021433060229	0.29085960127053534	0.21089343869533747	0.20888280535824194	0.2893641546758851	0.5378648204360574	155.06153980455258	-948.3913683394777	4.897011050730353E-4	0.8336043918265729	4.152088730896765E-4	2.0652210652794715E-7	0.897883133352546
7300000	-9673.409862127271	-8672.935494899442	-1000.4743672278295	-8500.20764213559	116.72690519432075	1596.9087879308115	0.10437111453687709	0.5193360398983633	0.019359610312707387	0.43890429141404436	0.6967974747807957	1.0564672861077955	0.15209786435231232	1.5844653307833274	3.541918825625162	0.019819692150904983	1.9850522865041642	0.5193360398983633	0.019359610312707387	0.43890429141404436	0.6967974747807957	1.0564672861077955	0.15209786435231232	1.5844653307833274	3.541918825625162	0.019819692150904983	1.9850522865041642	6.914104313362982	0.29085960127053534	0.21089343869533747	0.20888280535824194	0.2893641546758851	0.5378648204360574	175.57325094013942	-987.977853003748	4.1511802233559867E-4	0.791433262311229	3.319519989945608E-4	1.4007073660154555E-7	0.9389659159422414
7310000	-9721.75894705458	-8683.233738124385	-1038.5252089301957	-8516.522930870255	167.71477309388098	2097.7520382107527	0.057690927688543864	0.4429567335273535	0.446825205617574	0.10480532810809064	1.697253513809707	0.613801091601281	0.903787253832724	0.378109344994553	3.1783228492152023	0.6648748156646459	0.2116927002838176	0.4429567335273535	0.446825205617574	0.10480532810809064	1.697253513809707	0.613801091601281	0.903787253832724	0.378109344994553	3.1783228492152023	0.6648748156646459	0.2116927002838176	5.720309819821174	0.29085960127053534	0.2184505493955742	0.2013256946580052	0.2893641546758851	0.5378648204360574	217.82382765292266	-1027.0751104495812	3.5761332018077383E-4	0.7185817235092142	2.7489237448544786E-4	7.49358946275575E-8	0.7756221638053021
7320000	-9725.138575674267	-8685.475920106788	-1039.6626555674802	-8518.677547307547	159.05268042079553	2070.871392049241	0.06870989945985066	0.6273476453881732	0.015726998107934143	0.7949764590711929	1.5438045588548013	0.9423885219138485	1.2667768440487228	0.2924126534438556	2.231658068368432	0.4352917904729742	0.04634667769076141	0.6273476453881732	0.015726998107934143	0.7949764590711929	1.5438045588548013	0.9423885219138485	1.2667768440487228	0.2924126534438556	2.231658068368432	0.4352917904729742	0.04634667769076141	6.513783839237991	0.3054051855488062	0.20662998156796503	0.21314626248561439	0.27481857039761426	0.5378648204360574	204.8308381560442	-1028.9404088765552	3.5591235482911737E-4	0.6662616983304037	2.7620736619219185E-4	6.833630170978283E-8	0.7472371804311777
7330000	-9715.075095536864	-8673.838278168252	-1041.2368173686125	-8508.822565765271	133.40664350638616	1987.6306654585767	0.04720688943760109	0.05547294115805769	0.027445088090781944	2.194758734455837	0.7026392271836235	0.6657468488352005	1.81948614482289	0.14596199571518909	5.453472578296829	0.49527714079151497	0.8923059714049365	0.05547294115805769	0.027445088090781944	2.194758734455837	0.7026392271836235	0.6657468488352005	1.81948614482289	0.14596199571518909	5.453472578296829	0.49527714079151497	0.8923059714049365	6.513783839237991	0.3054051855488062	0.20662998156796503	0.21314626248561439	0.27481857039761426	0.4516444294007313	201.00869432046366	-1025.5172829834219	3.264080586324797E-4	0.775293889618774	2.804510553609504E-4	5.15886865593411E-8	0.7024664490388748
7340000	-9648.186777460334	-8663.002818643718	-985.1839588166173	-8494.934634718446	106.29393786714007	1481.2585335027213	0.10859662849169358	1.5177140438486452	0.057258521285376625	0.45619716639577135	0.1669093561699002	0.32606576700050066	2.4281477412127943	0.6787290818426747	2.943308922509662	0.0757856843939281	0.2448325693803928	1.5177140438486452	0.057258521285376625	0.45619716639577135	0.1669093561699002	0.32606576700050066	2.4281477412127943	0.6787290818426747	2.943308922509662	0.0757856843939281	0.2448325693803928	7.223419829606504	0.3054051855488062	0.20662998156796503	0.2082600442684764	0.27970478861475223	0.4516444294007313	145.87918849577926	-973.739734859104	4.6735032363584306E-4	0.8447248291647338	3.731493876715311E-4	1.8345038718283576E-7	0.9145363130181211
7350000	-9671.147708066537	-8672.344537769815	-998.8031702967222	-8504.661340408922	111.15988880998994	1497.2351304153615	0.05033909260298194	0.016910878357084217	0.40388334829796085	2.2557223794257464	0.5601800800194507	0.9896681679125803	0.19298101029061157	0.8201323880411692	4.674684656393842	0.4446241540187263	1.023205122678542	0.016910878357084217	0.40388334829796085	2.2557223794257464	0.5601800800194507	0.9896681679125803	0.19298101029061157	0.8201323880411692	4.674684656393842	0.4446241540187263	1.023205122678542	7.223419829606504	0.30650736810806234	0.2159032516917757	0.19788459158540955	0.27970478861475223	0.4516444294007313	150.52686149685957	-983.7032352181429	4.8556687982328475E-4	0.8705446005096544	3.9526886740969447E-4	2.0203284247836345E-7	0.9473037398968772
7360000	-9667.367111228497	-8672.393317118926	-994.9737941095713	-8505.176543875212	113.05391818503176	1551.6049525128772	0.05394072621121792	0.02077890749350679	0.07386203063715631	0.2812963909760662	0.5436599178136665	0.98996287360861	0.774710572679586	0.5096101437217818	2.604964128572051	0.6360506994825736	0.025723290837141307	0.02077890749350679	0.07386203063715631	0.2812963909760662	0.5436599178136665	0.98996287360861	0.774710572679586	0.5096101437217818	2.604964128572051	0.6360506994825736	0.025723290837141307	6.155462543947073	0.30650736810806234	0.2159032516917757	0.19788459158540955	0.27970478861475223	0.4516444294007313	158.94784746515208	-985.3986318357512	4.224754226063196E-4	0.8196964948971343	3.497637854316115E-4	1.186341749465882E-7	0.903069617367384
7370000	-9657.459385641152	-8682.566578928318	-974.8928067128338	-8513.676866300291	110.88820011425608	1385.54728847034	0.04478101497357958	0.10199746802046807	0.010599427596276209	1.7972360166163959	0.38238930317173175	1.270637822998854	1.1788062515207847	0.12093048659711707	3.8564432811267837	0.3712623118202971	0.5986479281851913	0.10199746802046807	0.010599427596276209	1.7972360166163959	0.38238930317173175	1.270637822998854	1.1788062515207847	0.12093048659711707	3.8564432811267837	0.3712623118202971	0.5986479281851913	6.155462543947073	0.2956214688818534	0.2159032516917757	0.19788459158540955	0.29059068784096115	0.5862928664737725	146.02566045737223	-961.5306290684297	5.067512481597679E-4	0.8313692483843951	4.144565806881981E-4	1.574180559568686E-7	0.861140506969545
7380000	-9654.400618187517	-8680.681536187782	-973.7190819997356	-8511.686263423884	119.89864105052435	1474.296582559433	0.07866962172487035	0.06048626167844927	0.1363220929088445	1.231373565552089	0.7259877747687843	0.12428335542755754	3.4604352662879387	1.0256934050990087	2.544051627072704	0.21469083512467527	0.2356133692339364	0.06048626167844927	0.1363220929088445	1.231373565552089	0.7259877747687843	0.12428335542755754	3.4604352662879387	1.0256934050990087	2.544051627072704	0.21469083512467527	0.2356133692339364	6.906038829498762	0.2956214688818534	0.2159032516917757	0.19788459158540955	0.29059068784096115	0.5862928664737725	145.8410412782873	-961.0725814412566	4.841860063588164E-4	0.800400008625456	3.71291664098054E-4	1.7215465849075834E-7	0.9063776880775193
7390000	-9653.56339545033	-8674.331038678773	-979.2323567715575	-8514.574418011229	120.43176141243775	1515.3560786131911	0.07126924857225625	0.4504388175516085	0.24102071413545947	0.21172120876506625	0.4751676562862979	0.42522778379362525	0.6664690820037108	0.26575645065080056	2.003267001769829	0.07409917106443374	1.7177369535265894	0.4504388175516085	0.24102071413545947	0.21172120876506625	0.4751676562862979	0.42522778379362525	0.6664690820037108	0.26575645065080056	2.003267001769829	0.07409917106443374	1.7177369535265894	5.950179165162022	0.29414431267780017	0.21738040789582894	0.19788459158540955	0.29059068784096115	0.550319439888054	161.70308795569719	-969.8510743401511	4.411589435527658E-4	0.8313368417804033	3.7742183396985635E-4	1.5974398065713286E-7	0.9152886029739281
7400000	-9682.22070460117	-8684.71891805707	-997.5017865440998	-8512.818309539856	132.54349025286058	1636.4877940953472	0.0655425311254355	0.04960730399959098	0.10052208092118055	0.7539465955323819	0.7395964404167665	0.8946587737939158	0.2981188958517554	0.5066670124769168	2.5707311064969662	0.7148058970646065	0.9708938579676312	0.04960730399959098	0.10052208092118055	0.7539465955323819	0.7395964404167665	0.8946587737939158	0.2981188958517554	0.5066670124769168	2.5707311064969662	0.7148058970646065	0.9708938579676312	6.584364964933649	0.29414431267780017	0.21738040789582894	0.19788459158540955	0.29059068784096115	0.550319439888054	149.7977647129814	-987.2940160474533	4.1088025552818045E-4	0.7168707578549756	3.6012937469630604E-4	1.0557435290018324E-7	0.7709804865747801
7410000	-9664.516902474534	-8694.133247597243	-970.3836548772908	-8527.82948819068	140.63852485982684	1470.1544259577868	0.08376246691596491	0.12911934927033597	0.17913898895561542	0.432766902052031	0.4210946301845919	1.4678135227828977	1.7594154477909383	0.9035926925685339	5.293993344912199	0.7762978551526203	0.21721762741458783	0.12911934927033597	0.17913898895561542	0.432766902052031	0.4210946301845919	1.4678135227828977	1.7594154477909383	0.9035926925685339	5.293993344912199	0.7762978551526203	0.21721762741458783	6.584364964933649	0.29414431267780017	0.21738040789582894	0.19788459158540955	0.29059068784096115	0.550319439888054	154.96099523356298	-955.7384941087229	4.7623415938756307E-4	0.9045708315431377	3.8063105874281653E-4	1.197000159562854E-7	0.7556375684356886
7420000	-9677.806913456008	-8691.759579435271	-986.0473340207377	-8532.413440494971	156.7591293122823	1619.8541153919293	0.11534307325671678	0.6160421630446955	0.13681746799768568	0.41044936233819657	1.240364032310822	0.2942700827464694	2.2641698809031197	0.42834799479096924	6.090518498396829	0.15514459370966213	0.7836465124913491	0.6160421630446955	0.13681746799768568	0.41044936233819657	1.240364032310822	0.2942700827464694	2.2641698809031197	0.42834799479096924	6.090518498396829	0.15514459370966213	0.7836465124913491	7.11918419397715	0.29414431267780017	0.21738040789582894	0.19788459158540955	0.29059068784096115	0.5589531741426395	134.83509078740076	-971.0787312142824	4.901845673591469E-4	0.847131150406807	3.3822622416778265E-4	1.4728409527220575E-7	0.8077524670414945
7430000	-9621.909622672141	-8668.367117994985	-953.5425046771563	-8502.203547041763	113.11283805305345	1368.0070057392072	0.09580508021108884	0.8894912579235892	0.13090641948453244	0.1307933602524555	1.1537944818658825	0.663486505151673	0.6979809631588142	0.3165122651115189	2.003120994682259	0.22710087298623047	0.44273541159166535	0.8894912579235892	0.13090641948453244	0.1307933602524555	1.1537944818658825	0.663486505151673	0.6979809631588142	0.3165122651115189	2.003120994682259	0.22710087298623047	0.44273541159166535	7.11918419397715	0.29414431267780017	0.1980983227098192	0.2171666767714193	0.29059068784096115	0.5012590934921674	123.9263938029421	-943.9621243041573	6.143598645076477E-4	0.862286231734282	4.301781096727875E-4	2.6886475162490683E-7	0.8826055449871426
7440000	-9660.771595915323	-8687.303994046102	-973.4676018692213	-8519.797356213487	126.89715350441227	1419.8069248237048	0.12600884303817442	0.2153677356218298	0.07722913546074564	0.09273932647600715	2.5926615393042685	0.6591212092431965	0.7768058366356496	0.20618658765844627	4.413084362977494	1.019327803868023	0.09907984279003029	0.2153677356218298	0.07722913546074564	0.09273932647600715	2.5926615393042685	0.6591212092431965	0.7768058366356496	0.20618658765844627	4.413084362977494	1.019327803868023	0.09907984279003029	6.800046978969243	0.29414431267780017	0.22432446324017394	0.2171666767714193	0.2643645473106064	0.5012590934921674	125.20237807755083	-961.6760214621045	4.869242270906066E-4	0.6860237840656466	3.9647733497486946E-4	1.0714480618008854E-7	0.7234482817049717
7450000	-9690.063126206716	-8684.790572327423	-1005.2725538792921	-8518.27509588042	138.76389758389286	1735.5220354593891	0.08872281273524489	0.6455039126165762	0.20615890257358985	2.4586432015950437	0.15858268039217524	0.8940037081393921	3.639007908206462	0.20997073523036666	7.885167133443091	0.9519826589242375	1.1727999597633123	0.6455039126165762	0.20615890257358985	2.4586432015950437	0.15858268039217524	0.8940037081393921	3.639007908206462	0.20997073523036666	7.885167133443091	0.9519826589242375	1.1727999597633123	5.705689690274987	0.29414431267780017	0.21376272471627372	0.2171666767714193	0.27492628583450657	0.6689022646037915	171.82110689496267	-984.8737224372599	4.0967997185087943E-4	0.7124485389479742	3.130769865152623E-4	7.836573761209551E-8	0.7299230151485907
7460000	-9679.093200100793	-8696.549977231592	-982.5432228692015	-8526.020957114699	143.31668856367435	1631.7591950983858	0.06397088882131816	0.164045913268273	0.8285963850562221	0.022800303640204474	1.8249697228636987	0.9508626841155707	0.16650258508611518	0.023319088987691357	3.2102118357898597	0.16788468645227025	0.27179799564225765	0.164045913268273	0.8285963850562221	0.022800303640204474	1.8249697228636987	0.9508626841155707	0.16650258508611518	0.023319088987691357	3.2102118357898597	0.16788468645227025	0.27179799564225765	5.705689690274987	0.30300383899138406	0.21376272471627372	0.2083071504578354	0.27492628583450657	0.5380890291879638	133.44591307126	-972.3681526677403	4.5763760210055073E-4	0.7696481984926004	3.503613883110644E-4	1.1764647116249153E-7	0.8028163580361473
7470000	-9641.651820688143	-8695.08872422932	-946.5630964588228	-8533.290212098229	143.4174584269505	1378.8553743482214	0.11448406597483475	1.027048616617985	0.0014862226898951297	0.3088385492338242	2.231844263717836	1.1966169093231847	0.5724469812188522	0.018981515879927975	3.095656736258693	0.27757220349746875	0.5813827256827161	1.027048616617985	0.0014862226898951297	0.3088385492338242	2.231844263717836	1.1966169093231847	0.5724469812188522	0.018981515879927975	3.095656736258693	0.27757220349746875	0.5813827256827161	6.5834996020745855	0.30300383899138406	0.21376272471627372	0.2083071504578354	0.27492628583450657	0.5380890291879638	131.20073969627467	-934.6721928941423	5.683944466143785E-4	0.8632177162368722	4.123063291329552E-4	1.6199115718418408E-7	0.8011638649475908
7480000	-9647.751392811753	-8685.608138890659	-962.1432539210944	-8522.6273067476	144.15480650418155	1356.2684092797194	0.06182580393454521	0.45437783095523826	0.0559186217800692	1.3827247904979985	1.2202801182082212	1.578001547064316	1.8953412985838898	0.5132239870971619	4.795332946367914	0.9479335586142725	0.38284941928136107	0.45437783095523826	0.0559186217800692	1.3827247904979985	1.2202801182082212	1.578001547064316	1.8953412985838898	0.5132239870971619	4.795332946367914	0.9479335586142725	0.38284941928136107	6.019332013806795	0.30300383899138406	0.21376272471627372	0.2083071504578354	0.27492628583450657	0.4080709747102839	124.60146596999121	-946.0749167793977	5.695063155233351E-4	0.8083254247875654	4.148854178835839E-4	1.5518309916466388E-7	0.7375858711986146
7490000	-9652.732813493321	-8699.680800576087	-953.052012917234	-8533.291516182593	122.57312995453697	1349.7409826102414	0.09607043961544645	0.22797610140015565	0.3350571239079945	0.928115377967782	0.4576817670740408	0.10288342128284943	0.9493506379041936	0.8551102835685344	5.323198892550906	0.6089517872546035	0.221525685776292	0.22797610140015565	0.3350571239079945	0.928115377967782	0.4576817670740408	0.10288342128284943	0.9493506379041936	0.8551102835685344	5.323198892550906	0.6089517872546035	0.221525685776292	6.019332013806795	0.30300383899138406	0.21376272471627372	0.2083071504578354	0.27492628583450657	0.4614637560764241	130.3433139807495	-940.3204339122091	6.203840939116577E-4	0.8830416306617538	4.45179367004954E-4	2.3254345220105205E-7	0.8317953256011714
7500000	-9686.470505296267	-8704.65036002915	-981.8201452671162	-8544.239789963132	115.25052821956203	1394.052737278514	0.0687979665258687	0.07449270256926718	0.37356010340034007	1.661362539132911	0.6880037029486546	0.8883633327651118	3.646471154209567	1.078245356553306	7.406799800763607	0.3613120197974399	0.2906609342921657	0.07449270256926718	0.37356010340034007	1.661362539132911	0.6880037029486546	0.8883633327651118	3.646471154209567	1.078245356553306	7.406799800763607	0.3613120197974399	0.2906609342921657	6.537957536289839	0.30300383899138406	0.21376272471627372	0.2083071504578354	0.27492628583450657	0.4614637560764241	124.44260558101652	-962.8363117066489	4.7855375621982347E-4	0.758526215848751	3.715111046995963E-4	1.0142476264894972E-7	0.7487537422900715
7510000	-9620.632063202462	-8678.363014244587	-942.2690489578746	-8512.667046405693	118.4710593679506	1200.6401021464158	0.09158201254888765	1.1459536266526558	0.5316055699300839	0.058717375752363535	0.38042257442943384	0.5813440224127635	1.0317157019480252	0.22332373514513212	6.351000091685444	0.05266348179518655	0.7332962718988316	1.1459536266526558	0.5316055699300839	0.058717375752363535	0.38042257442943384	0.5813440224127635	1.0317157019480252	0.22332373514513212	6.351000091685444	0.05266348179518655	0.7332962718988316	6.537957536289839	0.30300383899138406	0.21376272471627372	0.2083071504578354	0.27492628583450657	0.4614637560764241	122.06850102731207	-928.7749673152646	6.66131168007461E-4	0.7170964812515993	4.933176668545474E-4	1.714753487092942E-7	0.6876896386834799
7520000	-9607.326742427917	-8660.201873721306	-947.1248687066112	-8499.9671767196	139.64593088948334	1324.306208238709	0.09160804608050535	0.5803730445560226	0.1704645318903056	2.2874833875440843	0.5334622638241271	1.6513668212071089	2.2825742978276384	0.0347291387121379	6.528127445731347	0.6277609113306578	0.7291413781300103	0.5803730445560226	0.1704645318903056	2.2874833875440843	0.5334622638241271	1.6513668212071089	2.2825742978276384	0.0347291387121379	6.528127445731347	0.6277609113306578	0.7291413781300103	6.537957536289839	0.30300383899138406	0.21376272471627372	0.2083071504578354	0.27492628583450657	0.46287877577950326	121.52850000253403	-929.2489485386684	5.125615442617049E-4	0.8350065389262691	4.013847025697472E-4	2.0365760050120699E-7	0.8706524361122739
7530000	-9640.557719963384	-8661.917893654201	-978.6398263091829	-8500.99847122259	140.6070709045178	1506.1872475865941	0.09210733627136418	0.20880575662337258	0.13840414853904312	0.512405696543718	0.7605926980663701	0.07489164940997328	0.7918852884684523	0.3059519312036666	3.7025405676118255	0.4713029564831905	0.41326147261330515	0.20880575662337258	0.13840414853904312	0.512405696543718	0.7605926980663701	0.07489164940997328	0.7918852884684523	0.3059519312036666	3.7025405676118255	0.4713029564831905	0.41326147261330515	7.030511621183843	0.30300383899138406	0.19944467841133215	0.2083071504578354	0.28924433213944817	0.4134041393284275	165.63195165367293	-968.568647987342	4.8082550897531604E-4	0.7991628029625436	3.6921172901117476E-4	2.1532480496416636E-7	0.972957976779514
7540000	-9641.706393915305	-8686.102763472756	-955.6036304425479	-8522.581983481055	122.08956817645478	1386.4692950365413	0.0856628598796308	0.09647068369784718	0.025922702131405125	0.28176146118261225	0.30442793987578254	0.4111252257766305	0.5008926345249004	0.22752866105862238	1.9436509276231682	0.17504156865552897	0.3360351656342189	0.09647068369784718	0.025922702131405125	0.28176146118261225	0.30442793987578254	0.4111252257766305	0.5008926345249004	0.22752866105862238	1.9436509276231682	0.17504156865552897	0.3360351656342189	5.721000286498065	0.30300383899138406	0.19944467841133215	0.2083071504578354	0.28924433213944817	0.478619130275396	148.52369766963326	-949.0119803078796	4.8541753106343106E-4	0.7564697883084279	3.824326758688776E-4	1.8323236252447631E-7	0.9251361511039665
7550000	-9685.469596435836	-8688.584412084518	-996.8851843513181	-8512.723203507174	133.66376766572307	1625.540984082246	0.09170461718971584	0.5718501415645147	0.01412862119508621	0.0999165025693313	0.05323323446005623	1.606365541435042	0.6484115503242233	3.0478961403592	1.6712680702016383	0.011152467931948015	0.4491222059738796	0.5718501415645147	0.01412862119508621	0.0999165025693313	0.05323323446005623	1.606365541435042	0.6484115503242233	3.0478961403592	1.6712680702016383	0.011152467931948015	0.4491222059738796	6.975631174949929	0.3145882699643883	0.19944467841133215	0.19672271948483117	0.28924433213944817	0.478619130275396	180.66522317720214	-985.9524883461715	4.1012816156546847E-4	0.805599022156748	3.308443825992681E-4	1.569800974512864E-7	0.8972044586092942
7560000	-9674.480604669387	-8689.790947954725	-984.6896567146612	-8520.055047711548	130.51717582600025	1530.660228288163	0.0988655370441887	1.9923128196676405	0.2666476588752234	1.1506136009126091	0.17496282097782456	2.1276695907171113	5.823313710489289	0.39518912720263477	4.395171249908163	1.3007677981458263	0.792050980423619	1.9923128196676405	0.2666476588752234	1.1506136009126091	0.17496282097782456	2.1276695907171113	5.823313710489289	0.39518912720263477	4.395171249908163	1.3007677981458263	0.792050980423619	5.973789244370912	0.3145882699643883	0.21037795789287053	0.19672271948483117	0.2783110526579098	0.478619130275396	151.01392815915494	-964.1094480276661	4.6293300267088826E-4	0.7545992854646875	3.542950064325873E-4	1.8881755191648587E-7	0.9648232463603629
7570000	-9665.794862082874	-8678.53803649174	-987.2568255911336	-8517.566579503504	140.3378632954465	1604.2512897398942	0.06605487941488425	0.37628214477297045	0.07737458379079878	0.3010998139209954	1.0303852088647134	0.7187428923330421	0.9750319605485318	0.09010778993213518	2.1495550255588265	0.04678341009459032	0.7040551419758801	0.37628214477297045	0.07737458379079878	0.3010998139209954	1.0303852088647134	0.7187428923330421	0.9750319605485318	0.09010778993213518	2.1495550255588265	0.04678341009459032	0.7040551419758801	5.973789244370912	0.2986088750547314	0.21037795789287053	0.21270211439448813	0.2783110526579098	0.6032191930246993	165.42093384868434	-977.5659302060636	4.86656224849992E-4	0.8693626557907479	3.611085793831794E-4	1.8195638681125363E-7	0.8671499460796092
7580000	-9669.538417736323	-8653.083180041833	-1016.4552376944904	-8485.63839718292	182.83120593524885	1898.7468397823302	0.06347855457280172	0.0168848641861564	0.0673338651529999	2.652450356749598	0.8029305956044377	1.3568730723097995	1.8227385880641669	0.144901448441666	3.7310369038525284	0.12490277780148487	0.1760948407248067	0.0168848641861564	0.0673338651529999	2.652450356749598	0.8029305956044377	1.3568730723097995	1.8227385880641669	0.144901448441666	3.7310369038525284	0.12490277780148487	0.1760948407248067	6.897137267360231	0.2986088750547314	0.21037795789287053	0.21270211439448813	0.2783110526579098	0.43124393642231834	177.64017571883676	-1002.2623338516754	4.2578106890670984E-4	0.8796305630336735	3.106632866759834E-4	2.0730256907692431E-7	1.0649107697723448
7590000	-9652.484125491968	-8679.978725320787	-972.5054001711812	-8510.988806053881	125.1305144447934	1457.7914177309347	0.06805937040481086	0.1858603658041017	0.173578734945776	0.005627847088074226	0.5894778178124623	1.1114233095163908	0.1534267975907659	0.20503665169793958	4.566771356568872	0.16243450902644954	0.5102775532016186	0.1858603658041017	0.173578734945776	0.005627847088074226	0.5894778178124623	1.1114233095163908	0.1534267975907659	0.20503665169793958	4.566771356568872	0.16243450902644954	0.5102775532016186	6.626211868268518	0.2986088750547314	0.21037795789287053	0.21270211439448813	0.2783110526579098	0.43124393642231834	130.44122041114778	-961.8717770731533	4.482246650367619E-4	0.9089836138658959	3.57535298640775E-4	1.739124838267156E-7	1.0068565357820742
7600000	-9643.457805027218	-8660.565886691313	-982.8919183359053	-8494.35929492941	140.19844986593444	1537.9905663405177	0.08160708669932709	0.020516444212925138	0.12107909204685137	0.8791703185221997	0.5674260750250911	0.1513715754063745	1.7305946310860263	0.6342704820100629	3.9066782740576413	0.03550473677225653	1.195476779566115	0.020516444212925138	0.12107909204685137	0.8791703185221997	0.5674260750250911	0.1513715754063745	1.7305946310860263	0.6342704820100629	3.9066782740576413	0.03550473677225653	1.195476779566115	6.862353048283509	0.2986088750547314	0.21037795789287053	0.21270211439448813	0.2783110526579098	0.43124393642231834	173.03691127711295	-970.7936759302783	4.2325450138309126E-4	0.8580084306424274	3.5706555805673076E-4	1.7432996679436919E-7	0.9715476424275654
7610000	-9692.077305938656	-8675.754046830582	-1016.3232591080737	-8514.988569083482	115.3200310389936	1656.981850295994	0.05831125617205099	0.2533919395982794	0.1307093001603425	1.3498091216174226	0.2507865962279584	1.592296913243919	0.09027190542618917	0.13835955265491645	3.2916301674069324	0.06972573400342862	1.1315492786565047	0.2533919395982794	0.1307093001603425	1.3498091216174226	0.2507865962279584	1.592296913243919	0.09027190542618917	0.13835955265491645	3.2916301674069324	0.06972573400342862	1.1315492786565047	5.854933953211629	0.2902595159313154	0.21872731701628653	0.21270211439448813	0.2783110526579098	0.4235885804388725	159.1853115941396	-1005.5294338984626	3.5979338440959407E-4	0.7610533941581874	3.091363748733288E-4	1.536178793168407E-7	1.1124118527399494
7620000	-9696.097455495987	-8700.365819407054	-995.7316360889334	-8525.64371048256	116.90303315835257	1419.2390327435896	0.08666404370289699	0.013211291568353226	0.08504899330468893	0.6933651612181698	3.9060209615549835	0.4008345117661159	0.5731731914200596	0.14829790902440385	3.4927281591369077	0.5106189859312013	1.0568545731165957	0.013211291568353226	0.08504899330468893	0.6933651612181698	3.9060209615549835	0.4008345117661159	0.5731731914200596	0.14829790902440385	3.4927281591369077	0.5106189859312013	1.0568545731165957	5.854924909209438	0.29716637733723683	0.221830159172998	0.20269241083185524	0.2783110526579098	0.5852439519554211	149.84738390574657	-983.0222113716351	3.8031226175474125E-4	0.6644367606185159	3.6313350189525026E-4	1.5942553601085044E-7	1.0192890793184786
7630000	-9664.074274256856	-8672.391522411843	-991.6827518450137	-8506.168375612066	160.21583407492116	1564.3650713830407	0.10451036219044522	0.12004841677844015	0.25020365425276025	0.27406479276810825	2.292141763869399	0.12724433340016308	2.105103493673631	0.05807840909113722	2.6352262076183455	0.16551133525025194	0.1006035688219968	0.12004841677844015	0.25020365425276025	0.27406479276810825	2.292141763869399	0.12724433340016308	2.105103493673631	0.05807840909113722	2.6352262076183455	0.16551133525025194	0.1006035688219968	5.854924909209438	0.29716637733723683	0.20745579965772462	0.21706677034712862	0.2783110526579098	0.5852439519554211	159.5731895997879	-981.1566385110261	4.1361670576894226E-4	0.866666641835593	3.6311247398079067E-4	1.7980052213318658E-7	0.9454130442418615
7640000	-9649.573444655272	-8686.838607775611	-962.7348368796618	-8514.490560763861	199.6005433610193	1401.9855181334783	0.1190985417891939	0.555528703948395	0.1550706878845281	2.6823272337004003	1.4705885165165495	0.9205819946780783	0.23619273706535163	1.9638155298374582	4.79485823688615	0.3432292528727386	0.3894738447185843	0.555528703948395	0.1550706878845281	2.6823272337004003	1.4705885165165495	0.9205819946780783	0.23619273706535163	1.9638155298374582	4.79485823688615	0.3432292528727386	0.3894738447185843	5.854924909209438	0.29716637733723683	0.21742565425596852	0.20709691574888472	0.2783110526579098	0.43610139229080086	133.16116856625146	-946.4892306303017	5.293408457683487E-4	1.0430968283049524	3.98148589022069E-4	2.606686972337656E-7	0.9995240095806848
7650000	-9603.873323102382	-8668.473630807006	-935.3996922953758	-8505.321433295907	81.60727528979615	1046.842298762065	0.08833501713439892	0.6482882611555444	0.06998145412749399	1.066759720358035	0.036652970137848524	2.0576910641347204	0.627635723920138	0.9447383331244599	6.384917745642497	0.12897170048364753	0.4974644958472471	0.6482882611555444	0.06998145412749399	1.066759720358035	0.036652970137848524	2.0576910641347204	0.627635723920138	0.9447383331244599	6.384917745642497	0.12897170048364753	0.4974644958472471	5.854924909209438	0.29716637733723683	0.21742565425596852	0.2196535159886606	0.26575445241813395	0.5760901238069531	111.1498331813163	-920.2613907289966	6.082235405049576E-4	0.8886382344645257	5.333932170524382E-4	4.7654701062745863E-7	1.0779668148655968
7660000	-9620.048194664052	-8676.641721526648	-943.4064731374036	-8504.956266319645	110.61689300259523	1242.9882495716824	0.10400613523190612	0.10948168267213465	0.18136901440259642	0.7172385179934728	0.658850311984632	0.6340070063005537	0.27042409408353085	0.019075260453027085	3.7873824736009545	0.6006220300104633	0.5058505426625621	0.10948168267213465	0.18136901440259642	0.7172385179934728	0.658850311984632	0.6340070063005537	0.27042409408353085	0.019075260453027085	3.7873824736009545	0.6006220300104633	0.5058505426625621	6.701150275492339	0.29716637733723683	0.21742565425596852	0.20836240019702026	0.2770455682097743	0.5760901238069531	136.54044724462176	-933.1149254948676	5.697455631266973E-4	0.8741674237076561	4.874207000264318E-4	3.708804515693974E-7	0.9977288100882831
7670000	-9593.984647564643	-8671.579526082422	-922.4051214822209	-8506.47682061249	110.49480193942202	1142.594076567823	0.10074964420921224	0.16858304959027898	0.13870238641854213	1.0285295374883743	2.7733096109893625	0.6566557236095836	1.3032935877374834	0.1329840337617884	1.196611985869198	0.3901811969450164	0.3787520705167175	0.16858304959027898	0.13870238641854213	1.0285295374883743	2.7733096109893625	0.6566557236095836	1.3032935877374834	0.1329840337617884	1.196611985869198	0.3901811969450164	0.3787520705167175	6.214497877886742	0.29716637733723683	0.21742565425596852	0.20836240019702026	0.2770455682097743	0.5760901238069531	106.29884986299095	-911.3063107078304	6.177684989692355E-4	0.9877450281351609	4.906059676998541E-4	5.389057566766965E-7	1.1348097273499982
7680000	-9608.191240083794	-8656.91300727942	-951.2782328043737	-8495.493413879454	118.68387995342516	1333.1849668841621	0.10533588888586444	0.11588170218970531	0.03038163729749417	0.07903373124115326	4.5805086196420115	1.055398681350637	0.562067004296673	1.30619902251465	3.219725783282381	0.193855546846899	1.6477451150623759	0.11588170218970531	0.03038163729749417	0.07903373124115326	4.5805086196420115	1.055398681350637	0.562067004296673	1.30619902251465	3.219725783282381	0.193855546846899	1.6477451150623759	6.214497877886742	0.29716637733723683	0.21742565425596852	0.20836240019702026	0.2770455682097743	0.4381631198522421	113.62515585694305	-936.3062326987703	4.6247251449588823E-4	0.8937286978796619	4.0663683000335916E-4	3.272386676809372E-7	1.1158432298268348
7690000	-9655.722784179809	-8687.31464794337	-968.4081362364377	-8522.730737417764	107.56316817341519	1328.4702404137831	0.08635745304904689	0.29585054077113887	0.15552442854077156	1.756072712131078	0.450477540873968	1.384550555266399	0.3044982063180547	0.5619953371221984	6.81755799956945	0.6290397709636014	1.5784739142339161	0.29585054077113887	0.15552442854077156	1.756072712131078	0.450477540873968	1.384550555266399	0.3044982063180547	0.5619953371221984	6.81755799956945	0.6290397709636014	1.5784739142339161	6.214497877886742	0.29716637733723683	0.21023337424753907	0.20836240019702026	0.2842378482182037	0.5832046639802555	145.3296283604104	-951.9203926784833	4.8475094518255515E-4	0.7929063613508678	4.07896807066872E-4	2.758577202840432E-7	1.0601846971461388
7700000	-9663.654425178787	-8686.1419628419	-977.5124623368873	-8523.638455606475	118.98920259582422	1384.8487728598789	0.0798610106456339	0.03470092533137795	0.053047819793463215	0.5988742580274706	2.4530758649328255	1.6546160585345613	0.7576518262942191	0.013285352354886851	4.585998167339299	0.916326347792972	1.4035518033403382	0.03470092533137795	0.053047819793463215	0.5988742580274706	2.4530758649328255	1.6546160585345613	0.7576518262942191	0.013285352354886851	4.585998167339299	0.916326347792972	1.4035518033403382	7.067206743924668	0.3013810090110386	0.20601874257373728	0.20836240019702026	0.2842378482182037	0.5832046639802555	152.3603451098784	-962.3089935357705	4.6206535769662823E-4	0.7508120382012203	4.1180738168551423E-4	1.9117430342051295E-7	0.9043486324153867
7710000	-9651.536331027719	-8671.145652413046	-980.390678614673	-8506.902232142762	118.64501537106878	1472.2279040644312	0.05070304516069143	0.2764548306891561	0.7346005544654606	0.17933454492956158	0.5085836283225561	1.0711353648443591	1.7792625924218988	1.2252862595456366	2.4082249338192017	0.1382603354300418	0.2489826028915651	0.2764548306891561	0.7346005544654606	0.17933454492956158	0.5085836283225561	1.0711353648443591	1.7792625924218988	1.2252862595456366	2.4082249338192017	0.1382603354300418	0.2489826028915651	7.067206743924668	0.29161835201788855	0.2157813995668873	0.20836240019702026	0.2842378482182037	0.5832046639802555	146.73308513688312	-968.6200899561472	4.090159850498343E-4	0.758733181825076	3.9219768590601054E-4	1.350968163930363E-7	0.8291422363914639
7720000	-9660.314324300329	-8674.217215315171	-986.0971089851566	-8515.905722548863	131.03590371394114	1546.5899176455723	0.04374565509258347	0.11224381243340281	0.08363647158609527	0.2597821677729316	0.4205848842788101	0.5097479300445332	1.2163061456785063	0.1959748698852986	4.923758846593102	0.06704110514150101	0.16144865432827932	0.11224381243340281	0.08363647158609527	0.2597821677729316	0.4205848842788101	0.5097479300445332	1.2163061456785063	0.1959748698852986	4.923758846593102	0.06704110514150101	0.16144865432827932	7.369625485459228	0.30573551500935525	0.2157813995668873	0.1942452372055536	0.2842378482182037	0.4699020110390529	132.43746536023377	-974.6107719840548	3.9158229253289273E-4	0.8265959297113108	3.3322568237444263E-4	1.1381907556694225E-7	0.8489779536242963
7730000	-9672.339885753896	-8677.458389824596	-994.881495929299	-8507.900628261572	154.8699068504115	1706.605887211502	0.12454652307848325	0.15616224356306485	0.10482111360816761	1.25043945466346	1.472346753592763	0.1823320689008256	0.7036040934588155	0.6618869968611387	3.310037775947531	0.43653123470882144	1.3754646756424471	0.15616224356306485	0.10482111360816761	1.25043945466346	1.472346753592763	0.1823320689008256	0.7036040934588155	0.6618869968611387	3.310037775947531	0.43653123470882144	1.3754646756424471	6.24207273802606	0.2975594277201732	0.2157813995668873	0.20242132449473568	0.2842378482182037	0.4699020110390529	176.07185146577132	-983.1015858625203	3.8932927140393974E-4	0.8217892452097927	3.127646974780284E-4	1.296147827207847E-7	0.9136331478064026
7740000	-9618.282614100957	-8648.598065238612	-969.6845488623457	-8485.803067164994	128.89782204293977	1454.0507545328528	0.1307220867349632	0.7151819734361713	0.0280028021487874	0.11654517193196372	0.6469116464318475	0.37079228357711325	0.9210945378477366	1.64288484950537	2.4547152329379807	0.09300544839801336	0.4295851464674002	0.7151819734361713	0.0280028021487874	0.11654517193196372	0.6469116464318475	0.37079228357711325	0.9210945378477366	1.64288484950537	2.4547152329379807	0.09300544839801336	0.4295851464674002	6.394119731174493	0.3010110500592356	0.2157813995668873	0.19896970215567322	0.2842378482182037	0.4699020110390529	137.9713258966858	-960.1422023253292	4.971512213418164E-4	0.8204918981864704	3.8644743311625645E-4	1.522496021574176E-7	0.8074372245968403
7750000	-9647.432755373091	-8683.987091592428	-963.4456637806641	-8512.517138606194	110.21467016028777	1344.4581356201609	0.1170534175213757	0.3876107171043332	0.08968833046317135	0.19027528995906745	0.39778728524969886	0.22141071261588474	2.571601066365589	1.4549501563005987	3.2886230914124237	0.14424691491179167	0.4883607773719296	0.3876107171043332	0.08968833046317135	0.19027528995906745	0.39778728524969886	0.22141071261588474	2.571601066365589	1.4549501563005987	3.2886230914124237	0.14424691491179167	0.4883607773719296	5.589953561930294	0.3010110500592356	0.2157813995668873	0.19896970215567322	0.2842378482182037	0.5342793180511813	115.84313036646128	-952.4655901768026	5.389158512872462E-4	0.7379511540980941	4.2626398765402743E-4	1.552092588457602E-7	0.7909572567586275
7760000	-9621.856624507953	-8651.355318611471	-970.5013058964807	-8488.78975275357	136.20762506635933	1479.383158425719	0.063820625377325	0.16793589116962884	0.35163328307075203	0.33434904664490334	0.5418923173482134	1.4151806641782894	1.0540325948151728	0.47833218473445627	4.727709548957818	0.8016743357233769	0.25566129446126584	0.16793589116962884	0.35163328307075203	0.33434904664490334	0.5418923173482134	1.4151806641782894	1.0540325948151728	0.47833218473445627	4.727709548957818	0.8016743357233769	0.25566129446126584	5.589953561930294	0.3010110500592356	0.20266219127061366	0.21208891045194686	0.2842378482182037	0.5050129773629732	139.5371881861297	-957.1733863787273	5.363018426596803E-4	0.9187013570687864	3.7300917814572175E-4	2.0646750775806614E-7	0.9530181728197432
7770000	-9684.63862067842	-8683.440476885688	-1001.1981437927323	-8524.42062485329	149.10156973887644	1707.5219585247287	0.05124390473564704	0.562110315502595	0.31621695886117435	0.5618133639285545	0.4853409726812597	0.33420904954463254	1.5630273763718916	0.2783273501617467	4.665537743841185	0.0934274417747045	0.8835128291092111	0.562110315502595	0.31621695886117435	0.5618133639285545	0.4853409726812597	0.33420904954463254	1.5630273763718916	0.2783273501617467	4.665537743841185	0.0934274417747045	0.8835128291092111	5.9990655752193485	0.3010110500592356	0.20266219127061366	0.21208891045194686	0.2842378482182037	0.5050129773629732	177.321213620197	-988.2346271603615	4.3385968437322284E-4	0.7853572246085307	3.2484102614602244E-4	1.0906307551284173E-7	0.8382992380248878
7780000	-9668.400223612925	-8688.615158673703	-979.7850649392227	-8523.815944242477	131.33811642797554	1570.741608243617	0.0833428715361501	0.372839661167125	0.1640448325986004	0.9262414720475328	0.024468443567996604	0.9054520788816212	1.7250227228779327	0.8861042742943899	3.7515761991287557	0.016131077331369495	0.9169876386914607	0.372839661167125	0.1640448325986004	0.9262414720475328	0.024468443567996604	0.9054520788816212	1.7250227228779327	0.8861042742943899	3.7515761991287557	0.016131077331369495	0.9169876386914607	5.9990655752193485	0.3010110500592356	0.20266219127061366	0.21208891045194686	0.2842378482182037	0.5050129773629732	166.2094916584288	-967.5635607006989	4.456116384570639E-4	0.7933067615447815	3.3682573971875225E-4	1.0909671276096245E-7	0.8183258461833227
7790000	-9691.471697321058	-8677.924353683473	-1013.5473436375856	-8511.511611309159	115.50350972721556	1616.0478530436553	0.08142447703738126	0.30926987806999634	0.04320632557621927	2.005198243920722	1.4020304946214643	0.43983126189374266	0.9475997449128796	0.25035266380192395	3.318237167294889	0.19158524616793188	0.2257942787467603	0.30926987806999634	0.04320632557621927	2.005198243920722	1.4020304946214643	0.43983126189374266	0.9475997449128796	0.25035266380192395	3.318237167294889	0.19158524616793188	0.2257942787467603	6.909479491697458	0.3010110500592356	0.20266219127061366	0.21718313078844267	0.2791436278817079	0.5050129773629732	200.60653181346962	-1001.9349542477288	4.1638895461732373E-4	0.6677515157712164	3.2341002604110194E-4	8.458825763376709E-8	0.7908874124663302
7800000	-9664.4605595222	-8690.489427748471	-973.9711317737291	-8516.749410847015	104.95690273525182	1406.4209190635943	0.10390125451223199	0.21406601933841937	0.02812404630086937	0.5432831503002427	0.32177094429660447	0.41576243406347824	2.2972783215589767	0.4034318652643093	4.281508576133877	0.577240373382339	0.19780572550935482	0.21406601933841937	0.02812404630086937	0.5432831503002427	0.32177094429660447	0.41576243406347824	2.2972783215589767	0.4034318652643093	4.281508576133877	0.577240373382339	0.19780572550935482	6.086130784508386	0.3010110500592356	0.20266219127061366	0.21718313078844267	0.2791436278817079	0.5050129773629732	137.60546896649458	-962.3571567627058	5.384655859010637E-4	0.8047308904644878	4.03141830418192E-4	1.4010356025290142E-7	0.8140010473121392
7810000	-9670.573591621107	-8674.77172268491	-995.8018689361968	-8504.311695918095	114.32822843091174	1505.3100502343425	0.08679198297218176	0.8700636379777485	0.08274888981163303	0.11643419085065745	0.829796630922571	0.6137784498484439	1.7700858897161988	2.99533634265423	1.7385744314712386	0.18752549911844643	0.0065760544629222505	0.8700636379777485	0.08274888981163303	0.11643419085065745	0.829796630922571	0.6137784498484439	1.7700858897161988	2.99533634265423	1.7385744314712386	0.18752549911844643	0.0065760544629222505	6.867674618055381	0.3010110500592356	0.20266219127061366	0.21718313078844267	0.2791436278817079	0.5050129773629732	190.03951774001197	-983.6284532941993	4.818213472368434E-4	0.8160689670262002	3.660475420664685E-4	1.19961678784118E-7	0.809315550979235
7820000	-9623.548937092677	-8657.92903235539	-965.6199047372864	-8496.199572043322	114.90020090467189	1399.9230564059878	0.07950989296905071	0.09579579611937754	0.21476822715830057	0.1033663555351467	0.6015047446704712	0.21841280057997908	1.0044510423279518	0.1810976956752161	2.0727947727859846	0.19823197228851772	0.6068482714303477	0.09579579611937754	0.21476822715830057	0.1033663555351467	0.6015047446704712	0.21841280057997908	1.0044510423279518	0.1810976956752161	2.0727947727859846	0.19823197228851772	0.6068482714303477	6.773856749267039	0.3010110500592356	0.20266219127061366	0.21718313078844267	0.2791436278817079	0.5050129773629732	129.62354863167886	-957.2969414460837	5.674610414100382E-4	0.8705428528635919	3.974754917902049E-4	2.2384019904080007E-7	0.9532544963605949
7830000	-9675.747179819084	-8684.21315869564	-991.5340211234437	-8520.090197584517	121.79405239200123	1506.6585896814422	0.06210949272358888	0.5552274428605427	0.07990806153064677	0.604498528091531	0.1590706774712918	0.08744540789384968	1.3257190829149135	0.21485394301480765	2.3968877360498495	0.2122175715979776	0.6125810118015678	0.5552274428605427	0.07990806153064677	0.604498528091531	0.1590706774712918	0.08744540789384968	1.3257190829149135	0.21485394301480765	2.3968877360498495	0.2122175715979776	0.6125810118015678	6.773856749267039	0.3136502788098557	0.20006883963403224	0.20713725367440403	0.2791436278817079	0.5050129773629732	168.40837759798134	-982.223497109052	5.193730916736651E-4	0.7116662738841383	3.8627879654034127E-4	2.0479810273512272E-7	0.9406833191386714
7840000	-9657.165013457245	-8659.419938233355	-997.7450752238893	-8494.53719467579	128.4619061628241	1559.410212854143	0.08192130058497334	0.10824954248204707	0.10190173645302927	0.30436170877538615	0.28233679632678105	0.23047389965796328	2.87713118839835	0.08507319285504733	2.4238378735855766	0.35719460542680453	0.16922253093510614	0.10824954248204707	0.10190173645302927	0.30436170877538615	0.28233679632678105	0.23047389965796328	2.87713118839835	0.08507319285504733	2.4238378735855766	0.35719460542680453	0.16922253093510614	6.697916860775063	0.3004096379845215	0.20006883963403224	0.22037789449973819	0.2791436278817079	0.5050129773629732	197.0864029613231	-987.396412959232	4.986966843945114E-4	0.924389103664931	3.783205669831351E-4	2.1400783563994094E-7	1.0078160428071563
7850000	-9672.762269128074	-8677.96845278436	-994.7938163437132	-8512.173777648233	110.79304784060591	1482.2764173600658	0.06071482505028566	0.47498503310489393	0.4145735081789102	3.8612373732232625	0.6153839385607179	0.9109510898997183	0.592892420857941	0.04419859950763428	2.620082660837101	0.06437129690488021	1.204290897931487	0.47498503310489393	0.4145735081789102	3.8612373732232625	0.6153839385607179	0.9109510898997183	0.592892420857941	0.04419859950763428	2.620082660837101	0.06437129690488021	1.204290897931487	6.697916860775063	0.3004096379845215	0.20006883963403224	0.22037789449973819	0.2791436278817079	0.5050129773629732	172.60181747211274	-980.7272805480957	4.699031651879282E-4	0.8133300554987523	3.700276485418941E-4	1.6916548536523455E-7	0.9423615536189124
7860000	-9673.828152604836	-8708.692952174028	-965.1352004308077	-8544.475098094108	117.77661068874583	1413.6816940413942	0.06113374265971389	0.14085144658981413	0.032037195536406854	0.009842597197636324	1.5455952097960122	0.4731262687210003	1.029143146401802	0.02524636087035451	2.5489688235910766	0.3023833402141717	0.8073344334332526	0.14085144658981413	0.032037195536406854	0.009842597197636324	1.5455952097960122	0.4731262687210003	1.029143146401802	0.02524636087035451	2.5489688235910766	0.3023833402141717	0.8073344334332526	5.2954004050487695	0.2898134695858507	0.20006883963403224	0.23097406289840902	0.2791436278817079	0.5050129773629732	156.76400056645312	-955.4723318738994	5.230477956477812E-4	0.769576381320118	4.1995444355122597E-4	3.1019774136099535E-7	1.041464017104958
7870000	-9646.573908090793	-8662.989678391279	-983.5842296995138	-8499.591370852819	147.14948290532914	1546.7905145387424	0.07903204498586112	0.40240918719397656	0.11791862052820937	1.3886900556409045	1.085810472278417	0.6782764732181985	0.6154422056191594	0.17688560815868787	1.9049167199756396	0.09889190352711871	0.8388558207375153	0.40240918719397656	0.11791862052820937	1.3886900556409045	1.085810472278417	0.6782764732181985	0.6154422056191594	0.17688560815868787	1.9049167199756396	0.09889190352711871	0.8388558207375153	5.902504253444414	0.2898134695858507	0.20006883963403224	0.23097406289840902	0.2791436278817079	0.5050129773629732	149.49214905517127	-973.4781905602166	4.808478068754244E-4	0.8883213778545753	3.7109730221212027E-4	2.613541442397874E-7	1.1017124092519053
7880000	-9664.954313738479	-8685.798552847888	-979.1557608905922	-8524.00251755093	135.56127654559546	1550.3563337080157	0.0793681106400037	0.17287003388230243	0.027773867743235748	0.5989358393731603	1.7507973615546015	0.8348853101578351	0.08615487307360753	0.22152340612570687	2.478791346283484	0.6090707060856986	0.38877524374072003	0.17287003388230243	0.027773867743235748	0.5989358393731603	1.7507973615546015	0.8348853101578351	0.08615487307360753	0.22152340612570687	2.478791346283484	0.6090707060856986	0.38877524374072003	5.902504253444414	0.2898134695858507	0.20006883963403224	0.23097406289840902	0.2791436278817079	0.5050129773629732	162.06047759885385	-968.9916682548533	4.848077654777437E-4	0.9242944438689958	3.604271669188787E-4	2.324803187143622E-7	1.0499424675699511
7890000	-9640.21111301019	-8689.990103915434	-950.2210090947561	-8532.358840864868	111.32614979123426	1281.9225868792116	0.08133863614771412	1.2124105683549247	0.022471331906309608	0.15315245776481903	0.4292726392609637	0.49819382676935525	1.4326496005397897	0.2107503168314233	3.429882151522312	0.7281877265169296	0.36719223772613396	1.2124105683549247	0.022471331906309608	0.15315245776481903	0.4292726392609637	0.49819382676935525	1.4326496005397897	0.2107503168314233	3.429882151522312	0.7281877265169296	0.36719223772613396	5.902504253444414	0.2898134695858507	0.2095910503211559	0.23097406289840902	0.2696214171945842	0.5050129773629732	123.85815744772182	-939.2700992401626	5.26944654632943E-4	0.8334865756288222	4.54115621760768E-4	1.8559573851499864E-7	0.8056318878702824
7900000	-9605.939119384919	-8651.48253559466	-954.4565837902591	-8495.420271047557	103.71835852885803	1251.5770607798943	0.08088702804121471	0.02878756585130228	0.1414296348438767	1.2720355938861672	1.0322126282282587	0.4533316385310746	1.8915631958741548	0.4123657822239613	4.50036064744839	0.39500161445360404	0.15556301815654022	0.02878756585130228	0.1414296348438767	1.2720355938861672	1.0322126282282587	0.4533316385310746	1.8915631958741548	0.4123657822239613	4.50036064744839	0.39500161445360404	0.15556301815654022	5.902504253444414	0.2898134695858507	0.2095910503211559	0.23097406289840902	0.2696214171945842	0.5050129773629732	131.9940042438106	-941.2973399990284	5.237158437446842E-4	0.9438846992747946	4.3769448035926314E-4	2.1501097659460975E-7	0.8923734423158236
7910000	-9642.503602805242	-8664.108614774175	-978.3949880310674	-8494.546716798495	101.40189279580927	1396.8154718553744	0.12261307251586855	1.6911219927119059	0.06052506161604049	1.0585784730183945	0.3319759381696182	1.6277158477013856	1.8583867805494296	2.09865184971406	3.612270055259457	0.1739167088443824	1.9051098410884046	1.6911219927119059	0.06052506161604049	1.0585784730183945	0.3319759381696182	1.6277158477013856	1.8583867805494296	2.09865184971406	3.612270055259457	0.1739167088443824	1.9051098410884046	6.192498130907632	0.3003166625340501	0.2095910503211559	0.2204708699502096	0.2696214171945842	0.5050129773629732	139.04183798202288	-961.764647109513	5.096784175113275E-4	0.8396820982122782	3.826077630178436E-4	1.8384701501638463E-7	0.8886523356651309
7920000	-9704.593288121603	-8683.773800715458	-1020.8194874061454	-8521.288133077553	125.96879424594124	1688.5929776354737	0.054672479782204984	0.26324949432379535	0.029499733081971034	0.5601749043386881	1.0715858257309883	2.577766239523589	0.8300495128146211	1.9972132620894518	8.195718615406726	0.5443787416714341	1.5010722111813757	0.26324949432379535	0.029499733081971034	0.5601749043386881	1.0715858257309883	2.577766239523589	0.8300495128146211	1.9972132620894518	8.195718615406726	0.5443787416714341	1.5010722111813757	6.192498130907632	0.3003166625340501	0.2095910503211559	0.2204708699502096	0.2696214171945842	0.5050129773629732	195.84003289713263	-999.9216504957661	3.9869299330833426E-4	0.8442154393975084	3.228074323341959E-4	1.2443670211746007E-7	0.8798793728588837
7930000	-9706.336196463844	-8669.452454453345	-1036.8837420104996	-8499.841878274998	132.98600797757427	1943.6247638146274	0.04607251559730861	0.18328762322376302	0.7385260059714679	0.9056272533647589	0.22460034173776602	0.5008959567772222	1.011365174815364	0.279660836040712	4.540945942330659	0.3351292303345019	0.45024090689854895	0.18328762322376302	0.7385260059714679	0.9056272533647589	0.22460034173776602	0.5008959567772222	1.011365174815364	0.279660836040712	4.540945942330659	0.3351292303345019	0.45024090689854895	6.706927308139857	0.29407219129810475	0.21583552155710128	0.2204708699502096	0.2696214171945842	0.43151374246803037	220.18520214247957	-1024.4268067093028	3.366992080340736E-4	0.7454915203761063	2.82639583344129E-4	8.171956793444477E-8	0.8793613402000557
7940000	-9743.918924709122	-8704.382617026358	-1039.536307682763	-8539.565653110996	132.1433344752072	1953.3858083596779	0.05732267695646309	0.33776464074733337	0.12303318919318199	0.578428798714138	2.1607102307718544	1.5539658125531943	0.006549268173968356	0.2773055887434973	2.9609444962884583	0.14420716720927476	0.8359446616056881	0.33776464074733337	0.12303318919318199	0.578428798714138	2.1607102307718544	1.5539658125531943	0.006549268173968356	0.2773055887434973	2.9609444962884583	0.14420716720927476	0.8359446616056881	6.706927308139857	0.30360534480329215	0.2063023680519139	0.2204708699502096	0.2696214171945842	0.4795385468422514	230.92091366551782	-1027.7242077241378	3.3695226361536593E-4	0.6681378569329925	2.662060388391293E-4	7.863964908729493E-8	0.8725151340823935
7950000	-9719.808306078894	-8684.18197676902	-1035.6263293098746	-8521.817091916419	135.8591510634903	1917.5069780505883	0.06737221574603304	0.5231360867259927	0.1421347974364784	2.14960271665303	0.053260245402605565	0.8953884625037418	2.604758289080256	0.006845626605395546	2.7759373943408843	0.0994021420987549	1.224864331674154	0.5231360867259927	0.1421347974364784	2.14960271665303	0.053260245402605565	0.8953884625037418	2.604758289080256	0.006845626605395546	2.7759373943408843	0.0994021420987549	1.224864331674154	5.839000917159819	0.30360534480329215	0.20131542046356413	0.20861211596889725	0.2864671187642463	0.4795385468422514	214.478308048543	-1022.6284746333176	3.3397327828739903E-4	0.7148778924476195	2.8487280523706505E-4	6.499273426464706E-8	0.7654978361180023
7960000	-9690.118265043224	-8665.91714870312	-1024.201116340104	-8497.173926260917	139.06194626936139	1840.8659045067402	0.08805508474645182	0.3232059965183991	0.07116482110013994	1.456989920441818	1.5010924428161532	0.6225199970775863	0.6789380392715112	0.554290694131604	5.127287842151484	0.27978346449525165	0.08815183477267136	0.3232059965183991	0.07116482110013994	1.456989920441818	1.5010924428161532	0.6225199970775863	0.6789380392715112	0.554290694131604	5.127287842151484	0.27978346449525165	0.08815183477267136	5.962674540236072	0.30360534480329215	0.20131542046356413	0.20861211596889725	0.2864671187642463	0.4795385468422514	187.30518162846712	-1011.5407777296301	3.6169999611217836E-4	0.6609498055813887	3.0032264449743383E-4	8.18377297063627E-8	0.8019244424498706
7970000	-9681.730437013402	-8694.592638228887	-987.1377987845152	-8533.338422289935	132.76721532820278	1638.7641954625974	0.1013691490737654	0.30631562528492406	0.14286318190378824	0.20229361857038403	3.075210382988499	0.43960325927088045	0.6022437459109913	0.1581864349905173	2.653118030056386	0.3181313973119184	0.12414196492438098	0.30631562528492406	0.14286318190378824	0.20229361857038403	3.075210382988499	0.43960325927088045	0.6022437459109913	0.1581864349905173	2.653118030056386	0.3181313973119184	0.12414196492438098	5.962674540236072	0.30360534480329215	0.20131542046356413	0.20861211596889725	0.2864671187642463	0.44157831861049907	154.4376671793708	-977.3650745138916	4.152835989245687E-4	0.6820698830552557	3.459687753466555E-4	9.606132220284939E-8	0.7453974267918774
7980000	-9678.408959665761	-8695.300376754305	-983.1085829114555	-8530.685598081705	110.78796809304177	1437.1993307065557	0.10984224918836048	0.09735034422764387	0.04466526828864952	0.6961049891054754	0.6845049939904696	0.4517332384473317	0.4063810395710153	0.32234663819024456	3.088869094598146	0.33958676885128075	1.1216595546093109	0.09735034422764387	0.04466526828864952	0.6961049891054754	0.6845049939904696	0.4517332384473317	0.4063810395710153	0.32234663819024456	3.088869094598146	0.33958676885128075	1.1216595546093109	5.962674540236072	0.30360534480329215	0.20131542046356413	0.20861211596889725	0.2864671187642463	0.44157831861049907	153.93986667083837	-973.8773358675035	4.3621261906727753E-4	0.7653592857288716	3.8720045990609013E-4	1.1382513306915182E-7	0.7585403151851047
7990000	-9661.613557959769	-8700.503046652084	-961.110511307684	-8539.008497614026	112.42115096587004	1331.1903968931974	0.06659727886461142	0.7783571178637246	0.12190729608805066	0.11509566778250725	0.09412853073065208	0.826316990929112	0.8821650052208017	0.3319093762468396	2.2751290910316686	0.2625015747425094	0.021529974259462164	0.7783571178637246	0.12190729608805066	0.11509566778250725	0.09412853073065208	0.826316990929112	0.8821650052208017	0.3319093762468396	2.2751290910316686	0.2625015747425094	0.021529974259462164	6.426354896105652	0.30360534480329215	0.20131542046356413	0.20861211596889725	0.2864671187642463	0.5460072633363975	135.06196430275506	-952.5642642738728	5.526813397387044E-4	0.736866244054103	4.359006057214751E-4	1.936169409585728E-7	0.8239932409005688
8000000	-9666.209921379555	-8682.439995254823	-983.769926124733	-8516.407754407586	149.15312653444386	1490.592491305977	0.06489630098303957	0.1912292835423381	0.03590599077857486	0.6652690579401799	0.8196898157841633	1.1795040823652785	1.1691554599978318	0.43645011100105685	2.0853674305304137	0.2346600995399567	0.5999361272545051	0.1912292835423381	0.03590599077857486	0.6652690579401799	0.8196898157841633	1.1795040823652785	1.1691554599978318	0.43645011100105685	2.0853674305304137	0.2346600995399567	0.5999361272545051	6.426354896105652	0.30360534480329215	0.20131542046356413	0.20861211596889725	0.2864671187642463	0.3888048886379528	149.95282621969332	-973.4979176913212	4.8626974771607336E-4	0.7927307655691083	3.5991030404679324E-4	1.4219188087145894E-7	0.852064046776382
8010000	-9659.057690280666	-8675.64110189023	-983.4165883904349	-8509.807854373807	134.57366339594964	1461.6486237801053	0.0761661597906875	0.05114180406230533	0.004031704288428336	0.8685888538299243	0.9001490382636863	1.1489207510312338	0.4025851767143985	0.27326372476825994	2.0272405649637464	0.011418638007265104	1.1967583948203362	0.05114180406230533	0.004031704288428336	0.8685888538299243	0.9001490382636863	1.1489207510312338	0.4025851767143985	0.27326372476825994	2.0272405649637464	0.011418638007265104	1.1967583948203362	5.592236227301704	0.30360534480329215	0.20131542046356413	0.20861211596889725	0.2864671187642463	0.5542883321022133	165.8056943997605	-972.9745496695631	5.725497496489025E-4	1.0074224612359943	3.796656388518719E-4	3.2666655303740904E-7	1.1195449945302343
8020000	-9648.433585102024	-8664.428220811486	-984.0053642905384	-8501.844868422551	141.01524643198405	1400.8932243793408	0.06078902941442446	0.8798321053008326	0.2893338989645571	0.7349224430100596	0.41230722398638575	1.9092281218270724	2.5250305353305658	0.2167355625290136	4.934314128471608	1.9980790276701679	0.7170890306962033	0.8798321053008326	0.2893338989645571	0.7349224430100596	0.41230722398638575	1.9092281218270724	2.5250305353305658	0.2167355625290136	4.934314128471608	1.9980790276701679	0.7170890306962033	5.3396541303833125	0.30360534480329215	0.20131542046356413	0.20861211596889725	0.2864671187642463	0.5542883321022133	124.74843130172069	-965.7918924982355	5.822029654247737E-4	1.027791313314478	4.048019311880934E-4	3.3957460534785466E-7	1.1075462802305502
8030000	-9621.016357592214	-8661.25112534485	-959.7652322473639	-8500.412025584217	139.42033475239845	1345.3243034833326	0.08353121156682661	0.3987442866824323	0.007346194882437101	0.31118136670811564	2.5952923351656074	0.7669034824159896	1.8714674776487457	0.19803619412226844	4.013142993110848	0.4548421733866296	0.5128557307417432	0.3987442866824323	0.007346194882437101	0.31118136670811564	2.5952923351656074	0.7669034824159896	1.8714674776487457	0.19803619412226844	4.013142993110848	0.4548421733866296	0.5128557307417432	5.3396541303833125	0.30360534480329215	0.21480341772188918	0.1951241187105722	0.2864671187642463	0.6623334388462478	138.44060680498393	-945.351905036011	5.845513253157734E-4	0.9908972690079773	4.0931085769091023E-4	3.337635151935152E-7	1.0939229119177933
8040000	-9610.403784124313	-8671.75103619863	-938.6527479256835	-8510.348185668672	141.00247513606507	1286.8381208522812	0.07609471893141644	1.0743483010387702	0.3737876520305397	0.4989051068455286	0.10516233270272765	0.9992269199233028	0.2744413979221284	0.3453697021297269	3.409429195728704	0.6232039276601306	0.05921670803242078	1.0743483010387702	0.3737876520305397	0.4989051068455286	0.10516233270272765	0.9992269199233028	0.2744413979221284	0.3453697021297269	3.409429195728704	0.6232039276601306	0.05921670803242078	6.616781133361893	0.30360534480329215	0.21480341772188918	0.1951241187105722	0.2864671187642463	0.6623334388462478	119.79098217152298	-927.312741512728	5.470521959913114E-4	1.0168920439106295	3.9643363666607995E-4	2.898640479102904E-7	1.0733593682926768
8050000	-9623.329730301684	-8682.975726208846	-940.3540040928392	-8511.81683321494	88.5710863781982	1140.9317687160692	0.10376378611905586	0.27418138860705316	0.18799535513184343	0.523016455614289	0.6748539642946171	0.3212179806930273	2.763600730295239	0.12371348546913401	2.3057103976087157	0.40708797445236894	0.359694796382039	0.27418138860705316	0.18799535513184343	0.523016455614289	0.6748539642946171	0.3212179806930273	2.763600730295239	0.12371348546913401	2.3057103976087157	0.40708797445236894	0.359694796382039	6.798289469620817	0.30360534480329215	0.21480341772188918	0.1951241187105722	0.2864671187642463	0.3969804158901314	118.7800788968672	-929.9409622790174	5.678882339591669E-4	0.8403188678435939	4.4688873451397606E-4	4.130137052446622E-7	1.0979957565947593
8060000	-9624.434529504322	-8692.313651170049	-932.1208783342743	-8525.902620444047	102.99600390890556	1161.1152485274947	0.13122758428575562	0.21302829666131246	0.216142341729988	0.2750996690960143	1.50569081782621	0.3613464181097693	1.529327286125196	0.5275047340916021	1.4217798723032375	0.26520577560597225	0.20334550155691988	0.21302829666131246	0.216142341729988	0.2750996690960143	1.50569081782621	0.3613464181097693	1.529327286125196	0.5275047340916021	1.4217798723032375	0.26520577560597225	0.20334550155691988	6.798289469620817	0.30360534480329215	0.21480341772188918	0.1951241187105722	0.2864671187642463	0.5472869682896316	116.72190184617571	-923.8307029506808	4.933976161709933E-4	0.7059339028896209	4.6949146739642955E-4	3.106066752280396E-7	1.0739018586660776
8070000	-9607.894591712507	-8680.177781487919	-927.7168102245881	-8510.72605523125	99.09885496937075	1129.6110354558396	0.07681335548540286	0.5152206407562548	0.36637033399233854	0.8394215788008436	0.6433672628904417	0.31153590642501183	1.4538364511263708	0.09857719335689175	5.370392154826998	0.2938452151196067	1.2989627146727998	0.5152206407562548	0.36637033399233854	0.8394215788008436	0.6433672628904417	0.31153590642501183	1.4538364511263708	0.09857719335689175	5.370392154826998	0.2938452151196067	1.2989627146727998	6.798289469620817	0.30360534480329215	0.21480341772188918	0.1951241187105722	0.2864671187642463	0.4908186447770271	97.93051422714726	-914.2467201991275	4.909896960278471E-4	0.7518080847544432	4.6078412886158123E-4	2.088809677094541E-7	0.8410910554924056
8080000	-9665.496815792281	-8674.636946119463	-990.859869672819	-8513.37691741204	121.2745319395328	1495.6446277500459	0.06470673005898545	0.028135465226157976	0.01892148270781114	0.8654219980712438	0.19613728744465037	2.054065943953766	0.04840051678771036	0.6795981255864552	6.451564261372655	0.0639314431701474	0.7588374143543749	0.028135465226157976	0.01892148270781114	0.8654219980712438	0.19613728744465037	2.054065943953766	0.04840051678771036	0.6795981255864552	6.451564261372655	0.0639314431701474	0.7588374143543749	6.798289469620817	0.30360534480329215	0.21480341772188918	0.1951241187105722	0.2864671187642463	0.4908186447770271	159.5225503372602	-976.8564838200542	4.1976204902027114E-4	0.7517354544356639	3.761491884891648E-4	1.2686253349351558E-7	0.8337293247715505
8090000	-9664.062126876634	-8676.736133243174	-987.3259936334606	-8513.705759448756	115.47222913937424	1504.3443909009566	0.10153169559937208	0.7878783395503722	0.44725424227999533	0.0717535698944783	2.7090982141999436	1.1063530277738503	0.038532737655550583	0.1325753308099027	3.9008590150605698	0.13282706142393708	1.3930181788348308	0.7878783395503722	0.44725424227999533	0.0717535698944783	2.7090982141999436	1.1063530277738503	0.038532737655550583	0.1325753308099027	3.9008590150605698	0.13282706142393708	1.3930181788348308	6.843472557150708	0.3167568533029074	0.2016519092222739	0.1951241187105722	0.2864671187642463	0.4908186447770271	156.3895236067112	-974.4238737472605	4.0030565548557456E-4	0.7195660308659713	3.4774258868326E-4	1.0176097963709405E-7	0.8016410907641048
8100000	-9663.179812160028	-8710.683968791553	-952.4958433684751	-8540.69977448704	93.18511384180587	1198.5986979728075	0.10584905877086602	0.41543495756995774	0.22838322153714147	0.31019442053501933	3.7917744144601357	1.8513518768611714	3.312637675427833	0.24037875670564637	4.710061741682621	0.11502607837813454	1.2094826119048998	0.41543495756995774	0.22838322153714147	0.31019442053501933	3.7917744144601357	1.8513518768611714	3.312637675427833	0.24037875670564637	4.710061741682621	0.11502607837813454	1.2094826119048998	6.843472557150708	0.3167568533029074	0.20944073884892453	0.1995991105821621	0.2742032972660058	0.4908186447770271	119.91837376141879	-934.0884893475571	5.462350151841542E-4	0.7445141245229565	4.830424702708819E-4	1.86873078793354E-7	0.7825248020067171
8110000	-9623.170821909776	-8693.137655616907	-930.0331662928693	-8531.71198566172	111.10152238585819	1231.2522255871017	0.09677157427918825	0.3049666855408168	0.13849234306297423	0.7495788866660315	2.006401756138705	0.9757465084046938	1.3350755243715646	0.3618494103790756	5.231268982255017	0.606418972642756	0.6548953706350817	0.3049666855408168	0.13849234306297423	0.7495788866660315	2.006401756138705	0.9757465084046938	1.3350755243715646	0.3618494103790756	5.231268982255017	0.606418972642756	0.6548953706350817	6.843472557150708	0.3167568533029074	0.20944073884892453	0.1995991105821621	0.2742032972660058	0.41973426493253096	100.62569369469065	-915.1862608702348	5.288821780694864E-4	0.8841424147603565	4.4620561330151935E-4	1.7393282425410623E-7	0.7971462815185408
8120000	-9647.322633657424	-8679.96543354681	-967.3572001106155	-8508.934064953517	140.22809453285646	1355.3436861897374	0.07995009613766736	1.1072543718838517	0.26741469410542235	0.4207814898914821	3.505195156999925	2.299154823900332	0.825480010112068	0.1510366950590804	5.2659436288536865	1.3235083188210106	1.706406893378359	1.1072543718838517	0.26741469410542235	0.4207814898914821	3.505195156999925	2.299154823900332	0.825480010112068	0.1510366950590804	5.2659436288536865	1.3235083188210106	1.706406893378359	6.843472557150708	0.3167568533029074	0.20944073884892453	0.1995991105821621	0.2742032972660058	0.41973426493253096	142.4738635701164	-947.5502618245436	4.943937567722126E-4	0.8689220405596152	4.164872180449953E-4	1.9366527036993373E-7	0.8672665947493108
8130000	-9625.013015442806	-8686.918675682307	-938.0943397604995	-8516.289972606355	125.16395444229931	1196.8005362796127	0.10729944570631487	0.23781519319214145	0.015614775825021276	1.3983511802457367	0.6687840110332023	0.630186403040617	0.33120655103812224	0.30662824602440925	3.805937239217212	1.2011207614287283	0.14531202673042862	0.23781519319214145	0.015614775825021276	1.3983511802457367	0.6687840110332023	0.630186403040617	0.33120655103812224	0.30662824602440925	3.805937239217212	1.2011207614287283	0.14531202673042862	5.632062444148757	0.302286954282497	0.20754241187766842	0.21406900960257252	0.2761016242372619	0.5910192310216332	118.06824667345799	-926.9525032851977	5.36306143238373E-4	0.8987988677008982	4.531198407766908E-4	4.20070228451359E-7	1.1374283381180061
8140000	-9609.522880727918	-8679.56516571917	-929.9577150087474	-8508.207194392111	85.67717074263277	1084.9724508216307	0.1045212087433777	0.06555564819719986	0.7633086613769732	0.5601792993380339	0.38406129156367075	0.8751787659697671	0.0908541913894173	0.4022319309201869	6.474913568130462	0.5748104205896604	0.702759082715009	0.06555564819719986	0.7633086613769732	0.5601792993380339	0.38406129156367075	0.8751787659697671	0.0908541913894173	0.4022319309201869	6.474913568130462	0.5748104205896604	0.702759082715009	6.679516836709189	0.302286954282497	0.20754241187766842	0.21406900960257252	0.2761016242372619	0.4958725268190552	104.83784131082658	-916.7451039338483	5.61055960580907E-4	0.8322780162234047	4.94481908935885E-4	3.3764025436040195E-7	1.008890171701788
8150000	-9632.480582380762	-8677.712938850078	-954.767643530683	-8506.89505407439	98.59875847838545	1201.620629766318	0.0907040691155405	0.14623869842327952	0.07019408376211175	2.3187655549427744	0.9859725138969715	2.1937509186057063	1.3911458279181208	2.036422310348622	2.9017008665052075	0.6014487832882456	1.1399045836124377	0.14623869842327952	0.07019408376211175	2.3187655549427744	0.9859725138969715	2.1937509186057063	1.3911458279181208	2.036422310348622	2.9017008665052075	0.6014487832882456	1.1399045836124377	6.679516836709189	0.302286954282497	0.20754241187766842	0.21406900960257252	0.2761016242372619	0.4958725268190552	113.64491514939651	-938.1716252395199	5.863230746817632E-4	0.8945356700068599	4.710191890143211E-4	4.0680649153584464E-7	1.1194526936642768
8160000	-9630.497536572744	-8678.578656851283	-951.918879721462	-8506.499049231958	117.18319644908378	1275.451094865252	0.10508330727538816	0.12939081973601685	0.05299960835273752	0.24954704259943838	0.4860070434079188	0.1837501350444599	0.5543771984593041	0.8589481028849686	4.15175842508676	0.3456097224749261	0.08808754530706532	0.12939081973601685	0.05299960835273752	0.24954704259943838	0.4860070434079188	0.1837501350444599	0.5543771984593041	0.8589481028849686	4.15175842508676	0.3456097224749261	0.08808754530706532	6.788255891550349	0.31294308789918046	0.20677665139560306	0.19884842429654717	0.2814318364086692	0.45745379726980295	149.12490249619472	-942.4538092307141	5.05582322748649E-4	0.7579179683199335	4.045012323191767E-4	2.7012261885066355E-7	1.0613550357725823
8170000	-9641.945681811174	-8662.899279142273	-979.0464026689014	-8493.721221167927	127.02590033361133	1498.3916257292926	0.0955622529421404	0.31245734539258413	0.21989953175304125	0.2794763004150246	0.005511780377666099	0.36377886913629165	1.200957230431694	0.6829602887625427	2.8401038779313295	0.18960020428299612	0.15577712139195082	0.31245734539258413	0.21989953175304125	0.2794763004150246	0.005511780377666099	0.36377886913629165	1.200957230431694	0.6829602887625427	2.8401038779313295	0.18960020428299612	0.15577712139195082	5.777176173263944	0.29011717648068874	0.20677665139560306	0.2216743357150389	0.2814318364086692	0.45745379726980295	146.23964394526325	-970.5822404270081	4.3201239829148796E-4	0.8429135977219665	3.521018318128488E-4	2.1502558501743272E-7	1.0978501361503048
8180000	-9609.384425618175	-8662.279324288404	-947.1051013297705	-8502.292209556099	106.73035615585636	1231.5942601946047	0.07784805499214506	0.8464741007271592	0.09245957027019046	2.8970931704500633	0.12810564765604013	0.8755867305922717	2.493307776185919	0.37321402467342096	4.788833541356543	0.3256370710976642	0.40696505032325714	0.8464741007271592	0.09245957027019046	2.8970931704500633	0.12810564765604013	0.8755867305922717	2.493307776185919	0.37321402467342096	4.788833541356543	0.3256370710976642	0.40696505032325714	6.528313532263728	0.29011717648068874	0.20677665139560306	0.2216743357150389	0.2814318364086692	0.45745379726980295	125.01768358446341	-931.2545763885884	5.338233216490349E-4	0.8139532308656804	4.7136861942274324E-4	2.615956587751576E-7	0.9219622901731593
8190000	-9618.927287293085	-8655.029918820566	-963.8973684725188	-8491.579354442674	100.00521431922257	1362.1374203166977	0.09639833368771365	0.1048339431142637	0.3209425742536503	1.110594960283905	0.12762620513606343	0.785364873289153	0.13225322420388005	0.04095576491228458	4.466726708791163	0.25090746665922503	0.5016028602232094	0.1048339431142637	0.3209425742536503	1.110594960283905	0.12762620513606343	0.785364873289153	0.13225322420388005	0.04095576491228458	4.466726708791163	0.25090746665922503	0.5016028602232094	6.528313532263728	0.301872830703809	0.20677665139560306	0.2216743357150389	0.26967618218554895	0.45745379726980295	132.66711208367053	-953.9961467483089	4.5186063036769294E-4	0.7535548092238734	4.13507003446465E-4	2.1858638127672847E-7	0.9538921165738702
8200000	-9627.364423667608	-8680.209676963901	-947.1547467037076	-8521.082561741203	87.56053006386671	1181.9331372396744	0.13184710218325008	0.08472667624883273	0.009633765736555548	0.6345361528596314	2.410937112376069	0.501100906449363	2.578170312449351	0.014935898906893062	5.095049630138958	0.18338513428362213	1.02467691664565	0.08472667624883273	0.009633765736555548	0.6345361528596314	2.410937112376069	0.501100906449363	2.578170312449351	0.014935898906893062	5.095049630138958	0.18338513428362213	1.02467691664565	6.528313532263728	0.301872830703809	0.20677665139560306	0.2216743357150389	0.26967618218554895	0.45745379726980295	124.53260114418177	-932.4283540590417	6.085757146383354E-4	0.808459543720137	5.000141306402316E-4	2.738231804378761E-7	0.8836247426238413
8210000	-9651.415605765738	-8682.789250877095	-968.6263548886437	-8510.203233126047	94.94652509205008	1341.1112409118846	0.0963031348262948	0.05914596060770456	0.23552107480152454	2.0012869147528503	0.9919063532026122	2.0504920598432235	1.6616252703040537	0.5982963506068001	5.403375426342793	0.5285449435217243	0.4465858073488361	0.05914596060770456	0.23552107480152454	2.0012869147528503	0.9919063532026122	2.0504920598432235	1.6616252703040537	0.5982963506068001	5.403375426342793	0.5285449435217243	0.4465858073488361	6.528313532263728	0.28860400114736406	0.20677665139560306	0.22613251483422886	0.27848683262280394	0.4321648149993711	131.98512759692693	-952.3589344764542	5.003879025962769E-4	0.8080378280566509	4.213331915919983E-4	1.741722830912855E-7	0.8299798282550237
8220000	-9643.790849267998	-8672.027963323646	-971.7628859443514	-8504.436789870564	99.81465981105382	1310.821790087696	0.08375846664817528	1.5558546655471286	0.13183240703621565	0.3931249629782847	0.2709185513271628	2.2469282834628084	0.9452364507174441	0.9334858948618391	3.8469974012584576	1.8934013421707658	0.027291179907213716	1.5558546655471286	0.13183240703621565	0.3931249629782847	0.2709185513271628	2.2469282834628084	0.9452364507174441	0.9334858948618391	3.8469974012584576	1.8934013421707658	0.027291179907213716	6.528313532263728	0.28860400114736406	0.20677665139560306	0.21382594932868815	0.29079339812834465	0.563367659364473	128.9659004723287	-956.8982763579223	4.798038288828648E-4	0.8278455037205651	4.15600028212448E-4	1.930600606061348E-7	0.9472629024197653
8230000	-9654.741613577862	-8675.907581648176	-978.8340319296857	-8507.818958359976	124.19849239803276	1516.903227994651	0.058035164475949474	0.13340889302321352	0.11058489985977092	0.8852346503964568	1.079270344921496	0.9215532892811225	1.1726251266100998	1.1545163761705246	2.1063254899702004	0.31887748963683865	0.0392716817122655	0.13340889302321352	0.11058489985977092	0.8852346503964568	1.079270344921496	0.9215532892811225	1.1726251266100998	1.1545163761705246	2.1063254899702004	0.31887748963683865	0.0392716817122655	5.5625914331369755	0.28860400114736406	0.20677665139560306	0.21382594932868815	0.29079339812834465	0.4483087038833323	170.13838025917892	-968.0788007129067	4.0311925342656745E-4	0.8182753473681026	3.536920446724869E-4	1.734866296184995E-7	1.0296602168569597
8240000	-9675.141212193921	-8695.729560096685	-979.411652097237	-8532.114425624037	125.65343239355809	1479.9925490240098	0.1169658098543898	0.33001621529590186	0.0036981161295470497	0.2530170599535605	0.09188829665784103	0.04322584520215196	1.4556188819671934	0.15481426498118167	4.08552872382073	0.18348215216948463	0.09766565248008405	0.33001621529590186	0.0036981161295470497	0.2530170599535605	0.09188829665784103	0.04322584520215196	1.4556188819671934	0.15481426498118167	4.08552872382073	0.18348215216948463	0.09766565248008405	5.5625914331369755	0.28860400114736406	0.20677665139560306	0.21382594932868815	0.29079339812834465	0.4483087038833323	165.7407101970719	-970.9060763379466	4.3268119061541535E-4	0.7563176284271311	3.5393626182069686E-4	1.5713570542418155E-7	0.9603397674332336
8250000	-9673.63887266942	-8667.098712991972	-1006.5401596774486	-8499.149281111306	123.67899786515366	1604.385218032762	0.05190919086930632	0.17443383355157774	0.12992869441381721	1.8661800774301829	0.03278638819010514	2.881248615176738	0.5944899926164864	0.09536877755925229	4.058769721214007	0.5097798232643891	0.886847801676777	0.17443383355157774	0.12992869441381721	1.8661800774301829	0.03278638819010514	2.881248615176738	0.5944899926164864	0.09536877755925229	4.058769721214007	0.5097798232643891	0.886847801676777	6.57309077442562	0.28860400114736406	0.20677665139560306	0.21382594932868815	0.29079339812834465	0.5067305691629981	182.3981716120056	-991.7931654568717	3.744271182539843E-4	0.8811707172476232	3.3225371801235586E-4	1.330262691927121E-7	1.0124478579619514
8260000	-9717.012375828126	-8702.90787999862	-1014.1044958295054	-8530.92160567298	135.21891608018086	1706.778016523221	0.10738147823756677	0.6232827825719738	0.2386746779619193	0.189908361325642	1.3324003713366825	0.7314705268687777	1.353658693756846	1.0771722087168598	2.9328564532865653	0.043348817213665035	0.23047150276589387	0.6232827825719738	0.2386746779619193	0.189908361325642	1.3324003713366825	0.7314705268687777	1.353658693756846	1.0771722087168598	2.9328564532865653	0.043348817213665035	0.23047150276589387	5.485547869281891	0.28279218847195015	0.21258846407101697	0.21382594932868815	0.29079339812834465	0.4174273810695241	200.8038025983121	-1003.1478577941348	3.783567833202648E-4	0.8529354116439765	3.354628519383055E-4	1.587416789006305E-7	1.0100660264000039
8270000	-9700.354286077636	-8694.675943117969	-1005.6783429596671	-8524.48849399782	104.75022159302516	1499.3891102811374	0.07462985778254658	1.004445986361595	0.18311457392712727	0.05213552506433304	0.7273709515855991	0.8162158210936996	2.2954088104973236	0.1245442488718742	2.828939810178041	0.4160531522547593	0.17980876003877988	1.004445986361595	0.18311457392712727	0.05213552506433304	0.7273709515855991	0.8162158210936996	2.2954088104973236	0.1245442488718742	2.828939810178041	0.4160531522547593	0.17980876003877988	5.485547869281891	0.28279218847195015	0.21258846407101697	0.21382594932868815	0.29079339812834465	0.5372706550431895	185.01566407677026	-994.8833279206242	3.289252922426983E-4	0.7279602432843165	3.531473798319826E-4	7.950564893845144E-8	0.784354273994859
8280000	-9723.018238231498	-8700.775885580662	-1022.2423526508353	-8530.736166242497	119.29877327909361	1639.448267808365	0.07199593444862146	0.2771960357323567	0.4617473639804489	0.13373257765517374	0.07573079512628413	0.5273702407722387	4.287133149981323	0.730323855000292	4.245790250886301	0.6637639749095267	0.18562304542185606	0.2771960357323567	0.4617473639804489	0.13373257765517374	0.07573079512628413	0.5273702407722387	4.287133149981323	0.730323855000292	4.245790250886301	0.6637639749095267	0.18562304542185606	5.485547869281891	0.30034285802717753	0.21258846407101697	0.19627527977346076	0.29079339812834465	0.5372706550431895	232.80334321488607	-1008.1608234701464	3.181527433882961E-4	0.7264410000144418	3.461234847663339E-4	6.945371479828477E-8	0.7854366784868089
8290000	-9662.002768788578	-8721.52381679664	-940.4789519919377	-8545.291968517224	86.42462753418485	1136.8155894073846	0.13036500523350036	2.1591430641911415	0.7431801128777964	0.14690671677962847	0.777058863066893	0.33281032775283814	1.1204964902988985	0.41957903245253036	4.0167145883810775	0.5827944866227706	0.49629281072240666	2.1591430641911415	0.7431801128777964	0.14690671677962847	0.777058863066893	0.33281032775283814	1.1204964902988985	0.41957903245253036	4.0167145883810775	0.5827944866227706	0.49629281072240666	5.485547869281891	0.30034285802717753	0.22705145198221743	0.19627527977346076	0.27633041021714416	0.4102511122497558	127.73761387443844	-927.8030914106013	5.152924433677717E-4	0.8525865212846998	4.7573910243355207E-4	2.4785264525228336E-7	0.9621066949369423
8300000	-9623.872720218667	-8687.580120106008	-936.29260011266	-8516.661649882206	95.19615669324908	1153.1641502815908	0.14791814636451364	0.2741217073933196	0.030471360812013713	0.8385088310684043	0.9549483788651058	0.39168896370215506	0.9661669818304308	0.4191940936112546	1.9509710550515804	0.13603021745902644	0.33542574333261704	0.2741217073933196	0.030471360812013713	0.8385088310684043	0.9549483788651058	0.39168896370215506	0.9661669818304308	0.4191940936112546	1.9509710550515804	0.13603021745902644	0.33542574333261704	5.485547869281891	0.30034285802717753	0.2195604390075439	0.2037662927481343	0.27633041021714416	0.5232617034035498	110.31353319560411	-927.6726128588093	6.210517594628282E-4	0.971891090245063	5.068104284057436E-4	5.062097709496174E-7	1.1831815957370513
8310000	-9621.281707200875	-8678.256065173926	-943.0256420269487	-8507.439394156183	85.49338737318057	1115.6354007094649	0.20582083324481992	0.19200925495975293	0.21008911667087626	0.26303631440708	2.8235485028173373	0.9633513857800438	0.6731457046061997	0.0372492765885964	1.8491209701067928	0.033653849409209555	0.6762781656549957	0.19200925495975293	0.21008911667087626	0.26303631440708	2.8235485028173373	0.9633513857800438	0.6731457046061997	0.0372492765885964	1.8491209701067928	0.033653849409209555	0.6762781656549957	6.652604784681904	0.3141683843178718	0.20135933812408785	0.22196739363159035	0.2625048839264499	0.5232617034035498	116.99492756724042	-933.6674553033575	5.112681572992776E-4	0.7903566128373379	4.738149685255199E-4	3.6948986358546445E-7	1.1203481477493218
8320000	-9639.82731133577	-8688.530950180504	-951.2963611552655	-8516.306466736061	115.31567948388978	1214.0485922724656	0.10159600621253125	0.31599350290004946	0.0137452172148844	0.381406589758679	0.44267539830115277	0.9547809135427816	0.8900884305156973	1.6875646512592388	1.6034368271175952	0.4323629240184341	2.188981766892934	0.31599350290004946	0.0137452172148844	0.381406589758679	0.44267539830115277	0.9547809135427816	0.8900884305156973	1.6875646512592388	1.6034368271175952	0.4323629240184341	2.188981766892934	5.745200915367029	0.3141683843178718	0.20135933812408785	0.22196739363159035	0.2625048839264499	0.5232617034035498	134.2676812951873	-940.5693657232857	4.918222144274153E-4	0.6941986518815014	4.5475162138350946E-4	3.340727787814489E-7	1.1125705618652344
8330000	-9655.860745794185	-8667.300090370873	-988.560655423313	-8499.860372698557	122.58105898495651	1435.6623931570314	0.12446205949784553	2.2016624389749713	0.002649974247405005	0.6177689406133399	1.1760860442142658	0.4173623450041217	2.119410837270031	3.335413257732786	3.666864785809092	0.30327951237088296	2.6160141279916678	2.2016624389749713	0.002649974247405005	0.6177689406133399	1.1760860442142658	0.4173623450041217	2.119410837270031	3.335413257732786	3.666864785809092	0.30327951237088296	2.6160141279916678	5.745200915367029	0.3141683843178718	0.20135933812408785	0.22196739363159035	0.2625048839264499	0.5232617034035498	153.64154980041297	-970.4068920584166	4.1234881716390066E-4	0.7348801113721917	3.6824493165430204E-4	9.136655025525335E-8	0.7620172387417328
8340000	-9660.30195495369	-8682.864316631769	-977.4376383219202	-8524.274526965972	130.14817052509343	1488.9437667394918	0.06835581459135513	0.14471921588096057	0.04815686770486448	1.16504410724109	0.14229692537845323	0.46468395660115147	0.8735313847092983	0.4978563614306494	3.45977672592401	0.14353084207084088	1.0473093360621197	0.14471921588096057	0.04815686770486448	1.16504410724109	0.14229692537845323	0.46468395660115147	0.8735313847092983	0.4978563614306494	3.45977672592401	0.14353084207084088	1.0473093360621197	6.803530384555274	0.30089885287096174	0.2147776147841519	0.22181864841843635	0.2625048839264499	0.43350356504870274	149.21261141071665	-966.9552352338694	4.0750201372029765E-4	0.7448745910661931	3.731552400526473E-4	1.2512370681369174E-7	0.8488735538169606
8350000	-9658.991428826495	-8667.474249523224	-991.5171793032716	-8498.686973890715	115.07577584274264	1473.7766463449545	0.1120771446975558	0.3263428255971162	0.09155881365347306	0.45291335047828984	1.02389255892157	0.37866995828602623	0.9523509884889947	0.4279475616735352	3.467717919852165	0.4897191146920834	0.07951433400191842	0.3263428255971162	0.09155881365347306	0.45291335047828984	1.02389255892157	0.37866995828602623	0.9523509884889947	0.4279475616735352	3.467717919852165	0.4897191146920834	0.07951433400191842	5.735025860291882	0.30089885287096174	0.2147776147841519	0.22181864841843635	0.2625048839264499	0.634128693512425	158.33602346223765	-981.4346555260033	4.17260174418209E-4	0.8924358213186426	3.772428352547948E-4	9.363514854274835E-8	0.7474480763775155
8360000	-9638.631617590558	-8681.716684397767	-956.9149331927904	-8514.343204299365	105.52659926001628	1268.8425964068506	0.11171886859785282	0.025315711448544765	0.1747653036434747	0.3324223791652156	0.7880532049924684	0.46873502157779867	2.6850286271968318	1.3430517819350585	2.4746956064399788	0.05607311323087249	0.6857991240258882	0.025315711448544765	0.1747653036434747	0.3324223791652156	0.7880532049924684	0.46873502157779867	2.6850286271968318	1.3430517819350585	2.4746956064399788	0.05607311323087249	0.6857991240258882	6.550899661032848	0.30089885287096174	0.22450208988549308	0.21209417331709515	0.2625048839264499	0.5300421039295017	118.51417990810194	-945.7872552513668	4.789436560252452E-4	0.813981028657682	4.474869096882831E-4	1.8327257921394555E-7	0.8955882861924637
8370000	-9612.546408900535	-8665.47865812672	-947.0677507738151	-8502.938818095045	89.39092556294591	1154.4677113331081	0.07174677110427398	0.04177044277605511	0.14071725146540576	1.22579717097674	0.57511160713754	0.8333639913613133	0.674510795919273	0.6405016503232417	2.0558364129642346	0.06780558999650307	0.26843459992756474	0.04177044277605511	0.14071725146540576	1.22579717097674	0.57511160713754	0.8333639913613133	0.674510795919273	0.6405016503232417	2.0558364129642346	0.06780558999650307	0.26843459992756474	5.702595781123475	0.29427439451769477	0.21347347458028718	0.21871863167036212	0.2735334992316558	0.4173820933720165	121.67470357150584	-937.9481183561801	5.143139426878155E-4	0.8754423455060385	4.4961815055828415E-4	1.7155967425754187E-7	0.8840854019011924
8380000	-9657.661435872558	-8687.597289409117	-970.0641464634406	-8519.051560789492	110.03277570112932	1400.3755676541123	0.06348397048349481	0.08213256756636941	0.7258493895167775	0.5579186171161262	0.3950519279869638	0.9709159476102168	1.7725432713903855	0.19338365636795635	3.0353028307731162	0.20652022396558095	0.18780201189498333	0.08213256756636941	0.7258493895167775	0.5579186171161262	0.3950519279869638	0.9709159476102168	1.7725432713903855	0.19338365636795635	3.0353028307731162	0.20652022396558095	0.18780201189498333	6.947944079550904	0.31098599050463877	0.21347347458028718	0.2020070356834181	0.2735334992316558	0.4173820933720165	155.01126522749004	-958.4510764007778	4.6465480580711597E-4	0.9438103650949784	3.908204877841178E-4	1.5731117865817862E-7	0.8706439094899767
8390000	-9677.666815416987	-8688.156951277288	-989.5098641396997	-8518.091479152237	107.78739373652485	1417.2067431260473	0.06251322191343595	0.052149227708965365	0.024977169138911126	0.924704681126075	0.01767239257537077	0.7814941311361772	0.7716413217534149	0.0824801521540392	2.7624161117160444	0.00995000237241598	1.1022372353840058	0.052149227708965365	0.024977169138911126	0.924704681126075	0.01767239257537077	0.7814941311361772	0.7716413217534149	0.0824801521540392	2.7624161117160444	0.00995000237241598	1.1022372353840058	6.947944079550904	0.31098599050463877	0.21347347458028718	0.2020070356834181	0.2735334992316558	0.5889197853389787	150.14407689137363	-979.4570431287582	4.6809329506563706E-4	0.9016295795258937	3.837138704629848E-4	1.6188002511332658E-7	0.9174780414951472
8400000	-9710.117863545716	-8691.612169229618	-1018.5056943160986	-8517.876661416418	115.24173763710805	1666.4238414916597	0.06887822247190427	0.019406452624146316	0.34618584847941936	0.3705210336254794	0.5795916432133962	0.9714096392859469	1.3868229506492902	0.3850774299715941	4.584225787204118	0.40223228442772097	1.1188641960867507	0.019406452624146316	0.34618584847941936	0.3705210336254794	0.5795916432133962	0.9714096392859469	1.3868229506492902	0.3850774299715941	4.584225787204118	0.40223228442772097	1.1188641960867507	6.3649939992785605	0.303332444972466	0.22112702011245997	0.2020070356834181	0.2735334992316558	0.5865354326639249	208.34110549510015	-1004.8937058993272	4.41603838099426E-4	0.8890984330551809	3.5729768989479626E-4	1.530963869832435E-7	0.9717209480849858
8410000	-9638.851706277552	-8676.869653850377	-961.9820524271737	-8505.108952507358	88.43521685687875	1230.1604913131387	0.1539921052980897	1.8225195287687215	0.1990428310345589	0.05711429580796504	1.1819218362049853	0.1442007308526333	2.054733140678824	0.2522177382483003	4.604575024355844	0.20625429194438552	0.6750638357296843	1.8225195287687215	0.1990428310345589	0.05711429580796504	1.1819218362049853	0.1442007308526333	2.054733140678824	0.2522177382483003	4.604575024355844	0.20625429194438552	0.6750638357296843	6.3649939992785605	0.2962692113684888	0.20960638730360887	0.20907026928739522	0.28505413204050695	0.38279379290275245	146.0749813288829	-948.5018494756531	5.37237199090157E-4	0.9081796366439312	4.4140030927597744E-4	2.255661898921759E-7	0.9352324194407157
8420000	-9652.869088375997	-8688.039850443833	-964.8292379321642	-8518.624893266782	98.03562578729692	1254.698742187185	0.09077962794211339	0.07166013704155576	0.22853507058587882	0.9336805221485448	0.40449053542233626	1.167082561813198	0.7834318746205858	0.13983625174301884	2.4039458191571246	0.00465609412243592	0.3680304340677788	0.07166013704155576	0.22853507058587882	0.9336805221485448	0.40449053542233626	1.167082561813198	0.7834318746205858	0.13983625174301884	2.4039458191571246	0.00465609412243592	0.3680304340677788	6.3649939992785605	0.2962692113684888	0.20960638730360887	0.20907026928739522	0.28505413204050695	0.5573053123664862	128.5775019224794	-955.5520012532681	5.332939073994258E-4	0.8823658665565989	4.52502024236625E-4	2.6656821528317335E-7	1.0020114420926611
8430000	-9645.854726713882	-8705.888337833228	-939.966388880654	-8534.786981567624	115.01787011737449	1180.2843016333975	0.12124799645558192	0.013234839716367257	0.10335927872836356	1.4982947411696699	1.8287222716595668	1.3330454285587545	2.193927296190076	0.28728285993266983	2.303237548464895	0.6976032452987866	0.37033521950408854	0.013234839716367257	0.10335927872836356	1.4982947411696699	1.8287222716595668	1.3330454285587545	2.193927296190076	0.28728285993266983	2.303237548464895	0.6976032452987866	0.37033521950408854	6.299886195133364	0.2962692113684888	0.20987716594156386	0.20907026928739522	0.28478335340255195	0.5573053123664862	123.34350464291408	-926.8859105918356	5.453740134447635E-4	0.8903504215719142	4.4467237798133575E-4	2.483456750188905E-7	0.9544778555766575
8440000	-9652.995147675172	-8682.764919805357	-970.2302278698149	-8513.752596449634	131.30794651327045	1320.8914065379172	0.08508600701807172	1.2065046976427574	0.003950014344601635	0.5830423014039954	0.27778769454236846	1.1216005696422304	3.3485832399204267	1.1689944685708895	2.9258504155397387	0.6760283967758182	0.32947091903401055	1.2065046976427574	0.003950014344601635	0.5830423014039954	0.27778769454236846	1.1216005696422304	3.3485832399204267	1.1689944685708895	2.9258504155397387	0.6760283967758182	0.32947091903401055	6.461276602965776	0.2962692113684888	0.20987716594156386	0.20907026928739522	0.28478335340255195	0.6192877267711444	143.0261559446655	-955.7195750867915	5.054269568642536E-4	0.8473910528522253	4.0768987087971554E-4	2.894324482750618E-7	1.1097999856647474
8450000	-9653.115831203046	-8681.98184615755	-971.1339850454953	-8523.679845963003	122.60387037544811	1448.469295388852	0.07500456374656582	0.2401723952046231	0.1965365624811771	0.1536913683863849	0.1872210014381171	0.9034644716070984	1.087923003787412	0.2728716003711979	3.4332252286682006	0.26259097625018746	0.6116581877561909	0.2401723952046231	0.1965365624811771	0.1536913683863849	0.1872210014381171	0.9034644716070984	1.087923003787412	0.2728716003711979	3.4332252286682006	0.26259097625018746	0.6116581877561909	6.461276602965776	0.30879983716826925	0.2099088547040277	0.1993584889006074	0.2819328192270955	0.6192877267711444	143.83864249286202	-961.0765032439266	4.835458623188518E-4	0.7457649878327772	3.898517857640697E-4	2.7314230162577074E-7	1.0684598954686215
8460000	-9663.097138253977	-8681.256535742605	-981.8406025113733	-8522.264486634504	97.12245717438826	1301.5550790966565	0.08196100264062652	1.7481211843837225	0.581895930406513	0.045710346657623434	1.7561673879661057	0.15740163433799115	2.4733420811334845	0.39608005940696445	5.486102458288724	0.26830913309707716	0.19950752522906487	1.7481211843837225	0.581895930406513	0.045710346657623434	1.7561673879661057	0.15740163433799115	2.4733420811334845	0.39608005940696445	5.486102458288724	0.26830913309707716	0.19950752522906487	6.602802912665368	0.30879983716826925	0.2099088547040277	0.1993584889006074	0.2819328192270955	0.5783067044511705	164.75871124168944	-965.7563804534533	5.349338422695022E-4	0.7875782964045307	4.6020949338553436E-4	3.2305853947653976E-7	1.0626744314173375
8470000	-9670.112049266469	-8675.464253425513	-994.6477958409556	-8512.228697852901	104.07248494721931	1465.6805857741397	0.07753122576011805	0.2295244395084638	0.06859147694359292	1.0470233653724512	0.3352920764371893	0.7449058811771404	0.3884541849034224	0.06791190324048221	3.292650481617445	0.40044785865311183	0.07311362199857238	0.2295244395084638	0.06859147694359292	1.0470233653724512	0.3352920764371893	0.7449058811771404	0.3884541849034224	0.06791190324048221	3.292650481617445	0.40044785865311183	0.07311362199857238	6.757552510512843	0.303244652429518	0.22179874705761726	0.1993584889006074	0.2755981116122572	0.5783067044511705	143.08864432585443	-985.2327077762125	4.2031173811493667E-4	0.8268602131420464	3.7952036006658684E-4	2.1988175977396384E-7	1.088626617370193
8480000	-9650.504347967102	-8687.59255223267	-962.9117957344321	-8526.997901595727	102.26669665450058	1244.3171699851039	0.1671166561879948	0.09937893735189973	0.2100210422217508	0.9117658781492208	8.914880230353406	0.17567069968242988	1.077409457489611	0.2694238384374612	1.8488326443137615	0.2292936347127999	0.11858313701773554	0.09937893735189973	0.2100210422217508	0.9117658781492208	8.914880230353406	0.17567069968242988	1.077409457489611	0.2694238384374612	1.8488326443137615	0.2292936347127999	0.11858313701773554	5.786390264325597	0.303244652429518	0.22179874705761726	0.1993584889006074	0.2755981116122572	0.5783067044511705	128.01563157182287	-947.3820575664736	5.128420385284322E-4	0.7780055686269401	4.449235402538004E-4	2.1643065694374114E-7	0.9202687073604175
8490000	-9655.564344364488	-8691.37984373485	-964.1845006296376	-8521.875226553842	103.99603091755412	1299.8530482322244	0.18654548702265347	0.11657650537414038	0.16701854405515704	0.4278392600616719	1.5853241551652943	0.08490479963094709	1.3777203398221294	0.0819215529457571	1.537678222574958	0.049890462765363304	1.1887129256747149	0.11657650537414038	0.16701854405515704	0.4278392600616719	1.5853241551652943	0.08490479963094709	1.3777203398221294	0.0819215529457571	1.537678222574958	0.049890462765363304	1.1887129256747149	5.786390264325597	0.2923322697512737	0.20794527273349592	0.21321196322472874	0.2865104942905015	0.5783067044511705	144.27841798922975	-955.7579225583826	4.959787358914972E-4	0.8246853924213388	4.294977014894027E-4	2.0806038497445115E-7	0.8992772112028656
8500000	-9640.534701624441	-8710.963915962491	-929.5707856619497	-8540.255614966947	74.61323675714047	1026.218849716397	0.08839112400215254	0.11432886466433	0.1464090745485703	0.6998189686942078	0.6525854200454586	3.0456929646176745	0.5274972901249391	1.4374906495458672	2.692312358507594	0.0024622269175794548	1.6734610759830022	0.11432886466433	0.1464090745485703	0.6998189686942078	0.6525854200454586	3.0456929646176745	0.5274972901249391	1.4374906495458672	2.692312358507594	0.0024622269175794548	1.6734610759830022	6.3380289361122495	0.3041245788687171	0.20794527273349592	0.21885616348137157	0.26907398491641527	0.514676767849816	118.54094200056379	-916.543897427634	5.782859648417332E-4	0.6596908882150899	5.156789659473971E-4	2.913041314749428E-7	0.9425384311453346
8510000	-9624.614654940318	-8692.080437493705	-932.5342174466125	-8525.845879311662	80.9819205967117	1117.6500402693953	0.13727295473213674	0.1453149612602045	0.018573689924171626	1.201074835909239	0.5602791485799642	0.3442746983130873	1.5430705379790441	0.10985855901872998	3.582193910203962	0.7452809074926112	1.7432870645294338	0.1453149612602045	0.018573689924171626	1.201074835909239	0.5602791485799642	0.3442746983130873	1.5430705379790441	0.10985855901872998	3.582193910203962	0.7452809074926112	1.7432870645294338	7.5108982061451	0.3041245788687171	0.20794527273349592	0.21885616348137157	0.26907398491641527	0.41644798368404046	110.35429828563221	-920.663920836553	6.128791188409384E-4	0.6991264507142761	5.17092793591468E-4	2.3336735233783502E-7	0.8259979031489423
8520000	-9634.315306233731	-8713.431293866592	-920.8840123671403	-8548.0129287744	83.16193252342573	1070.4959096392429	0.11232304908764046	0.24789608297074484	0.0426713601552173	0.4888593238560284	2.0080876826852636	0.5012203329708613	2.990468835380976	0.5055835639599854	3.2699890451838898	0.3728382109391373	1.3559916709995146	0.24789608297074484	0.0426713601552173	0.4888593238560284	2.0080876826852636	0.5012203329708613	2.990468835380976	0.5055835639599854	3.2699890451838898	0.3728382109391373	1.3559916709995146	6.431983281802554	0.3041245788687171	0.20794527273349592	0.21885616348137157	0.26907398491641527	0.5354100882393538	97.35805541787416	-906.960117907179	6.080624937884909E-4	0.8019583171521647	5.018521479664571E-4	2.5595894337009157E-7	0.8462385670645111
8530000	-9614.85078356133	-8684.342206581083	-930.5085769802473	-8512.69100237132	75.33526952660465	983.9265042858514	0.1344691926812872	0.4586550423854322	0.09936462194930307	1.0300221021147737	1.5780427317634254	0.5984828228123058	0.580602642212401	0.342664648329131	5.2332864217730695	0.2891094100554521	0.7438309246101474	0.4586550423854322	0.09936462194930307	1.0300221021147737	1.5780427317634254	0.5984828228123058	0.580602642212401	0.342664648329131	5.2332864217730695	0.2891094100554521	0.7438309246101474	6.472199311746065	0.3041245788687171	0.2182581882707057	0.2085432479441618	0.26907398491641527	0.41724270283571097	120.22213203244388	-917.1896666670727	6.459408318903668E-4	0.8710781743178727	5.748188909584322E-4	3.0841479179039694E-7	0.8237579321072276
8540000	-9645.48061445552	-8696.837336154895	-948.6432783006254	-8520.563565197732	90.15003356682199	1111.0460046961155	0.09523023468802909	0.013545634528299749	0.31458383208318846	0.6646522991888606	0.4595762727360328	0.6409857283229579	2.5473068113855093	2.1152071180452428	6.408517780216369	0.26431012808049525	0.6165457865249705	0.013545634528299749	0.31458383208318846	0.6646522991888606	0.4595762727360328	0.6409857283229579	2.5473068113855093	2.1152071180452428	6.408517780216369	0.26431012808049525	0.6165457865249705	6.353440408368353	0.3041245788687171	0.20274557728888828	0.2085432479441618	0.28458659589823265	0.538594539349284	126.0357528522615	-932.0519367207337	5.465209292950576E-4	0.821772394972236	4.8791490610038205E-4	2.473076277976296E-7	0.8992711671052446
8550000	-9619.590937827486	-8665.914030719527	-953.6769071079591	-8491.850739531068	89.17132616415125	1160.7921119921573	0.08459491721345891	1.4280887129261266	0.12540495622015083	0.8423900449986065	0.24898084529393055	1.063917694703611	0.8472600231516197	0.22822925141365788	3.0778814630782456	0.3943611353190444	0.7247351554511379	1.4280887129261266	0.12540495622015083	0.8423900449986065	0.24898084529393055	1.063917694703611	0.8472600231516197	0.22822925141365788	3.0778814630782456	0.3943611353190444	0.7247351554511379	6.353440408368353	0.3041245788687171	0.20274557728888828	0.2085432479441618	0.28458659589823265	0.538594539349284	119.51256316527858	-942.0736385043158	5.424041558424908E-4	0.8211241766157237	4.7292193924399335E-4	2.3816717399799525E-7	0.9274380665290899
8560000	-9641.751918411244	-8679.414491495603	-962.3374269156416	-8516.640993663086	99.11707380605986	1228.1671788583876	0.05893996980995095	0.30757984869319877	0.23350051895153076	1.5535028632142132	0.5108118416591648	2.6604847787782493	0.2739144906524072	0.40670942376101815	3.2103561195412245	0.6326096986556287	1.4435345510126332	0.30757984869319877	0.23350051895153076	1.5535028632142132	0.5108118416591648	2.6604847787782493	0.2739144906524072	0.40670942376101815	3.2103561195412245	0.6326096986556287	1.4435345510126332	6.353440408368353	0.3041245788687171	0.20274557728888828	0.20356984670522527	0.2895599971371692	0.5384863076718421	150.07160726971523	-947.5452204963916	5.723128509491328E-4	0.8658139535680612	4.871948517959195E-4	2.559531685792293E-7	0.9259229962394846
8570000	-9669.480661808311	-8659.980403790185	-1009.5002580181255	-8486.244599681051	116.73778384443182	1538.490037305297	0.06294682467132816	0.847788987017154	0.2313024958067473	2.136608352075348	0.49589129731989906	1.7068359425253765	0.7842934993902837	0.5449130219709657	6.977634497888281	0.6109217466323834	1.824870233840582	0.847788987017154	0.2313024958067473	2.136608352075348	0.49589129731989906	1.7068359425253765	0.7842934993902837	0.5449130219709657	6.977634497888281	0.6109217466323834	1.824870233840582	5.677949702721008	0.3041245788687171	0.21549036254575918	0.20356984670522527	0.2768152118802983	0.47022660635367075	160.65463580770427	-990.6922834875148	3.739825248951369E-4	0.8134518379738792	3.5823926850827583E-4	1.1914619600789004E-7	0.8779021996134528
8580000	-9700.871967417095	-8694.977751034427	-1005.8942163826679	-8527.471045974544	103.10952797571616	1522.8364520143414	0.11742878829994087	0.02220307465540766	0.018796961427653396	0.5883785198788106	1.508692598727734	0.30076167126002157	3.164681797401118	1.3900989699199482	5.315738873464818	0.39573315419846816	0.2824010016540705	0.02220307465540766	0.018796961427653396	0.5883785198788106	1.508692598727734	0.30076167126002157	3.164681797401118	1.3900989699199482	5.315738873464818	0.39573315419846816	0.2824010016540705	6.799865521535533	0.3041245788687171	0.21549036254575918	0.20356984670522527	0.2768152118802983	0.47022660635367075	184.5593091175829	-990.9695396814752	3.45498207089656E-4	0.717678148302229	3.6062275537930463E-4	1.0175805592253068E-7	0.8328951262727581
8590000	-9704.540825947824	-8702.127111326925	-1002.4137146208997	-8538.750855411483	111.79526736827961	1553.7535696305029	0.05962173948196048	0.1974043759740744	0.22904789694761443	0.412918010314082	1.6410355238706775	0.2275832943001292	2.2091104025439505	0.7983513005705614	4.217177693605029	0.42967610576735227	1.2635949836100135	0.1974043759740744	0.22904789694761443	0.412918010314082	1.6410355238706775	0.2275832943001292	2.2091104025439505	0.7983513005705614	4.217177693605029	0.42967610576735227	1.2635949836100135	6.799865521535533	0.3041245788687171	0.20751749326896132	0.21154271598202312	0.2768152118802983	0.47022660635367075	178.33681401453327	-987.9115390714062	3.4067263292881215E-4	0.7650702930069945	3.2311085097218236E-4	9.621631606071678E-8	0.8589460758365992
8600000	-9727.581286736824	-8717.24987099643	-1010.3314157403944	-8549.388116135637	101.5659686334139	1585.1497869602886	0.08733525818170931	0.454048589828949	0.009381967308827408	0.050557322040991434	0.6055655987580101	0.9056739415442813	0.9279416151432754	0.03758481235412119	2.6727445037488105	0.183187059756437	0.16456853521544806	0.454048589828949	0.009381967308827408	0.050557322040991434	0.6055655987580101	0.9056739415442813	0.9279416151432754	0.03758481235412119	2.6727445037488105	0.183187059756437	0.16456853521544806	6.284743663160363	0.3041245788687171	0.20751749326896132	0.21154271598202312	0.2768152118802983	0.47022660635367075	196.2965861478238	-1002.4488187093375	3.3430068357797395E-4	0.6250551861062597	3.385476483171099E-4	4.497878432309895E-8	0.617975040188004
8610000	-9666.789493244278	-8703.347758748827	-963.4417344954504	-8530.850305281321	87.14370328814246	1233.0743978896492	0.0869753472995362	0.52529014341123	0.12424437795642687	0.011828439126217668	0.26223625792197	0.8103216702856004	2.3339049335609783	1.1437545129822921	3.2551335756287996	0.11880195041152178	0.3109625872083242	0.52529014341123	0.12424437795642687	0.011828439126217668	0.26223625792197	0.8103216702856004	2.3339049335609783	1.1437545129822921	3.2551335756287996	0.11880195041152178	0.3109625872083242	6.992525198215143	0.3041245788687171	0.20751749326896132	0.21154271598202312	0.2768152118802983	0.41887598311734525	130.38138148518416	-952.1748974496177	4.423026730603075E-4	0.7940101850900085	4.10926083374243E-4	1.1481228088016491E-7	0.7840937314781827
8620000	-9652.33928421335	-8691.137790960262	-961.2014932530892	-8528.235909280516	96.32560509776346	1219.7064950801146	0.09564299163610183	0.11140801390762585	0.5616213293750282	0.275194305457344	0.6099324231570344	1.4593815909844694	1.9278736975948432	1.8540100723263304	3.9620107951115378	0.3445728455278376	0.026166287853412483	0.11140801390762585	0.5616213293750282	0.275194305457344	0.6099324231570344	1.4593815909844694	1.9278736975948432	1.8540100723263304	3.9620107951115378	0.3445728455278376	0.026166287853412483	6.339322200674785	0.3041245788687171	0.20751749326896132	0.21154271598202312	0.2768152118802983	0.6490251907814536	145.46834029024043	-947.2687535438688	5.474274397837111E-4	0.8333040190252504	4.4559101561554495E-4	3.299127066560661E-7	1.1167309375817374
8630000	-9688.613300720255	-8720.252894522844	-968.3604061974105	-8556.622739356968	91.31794836056517	1259.2439915887005	0.07790027863777188	0.931582109548201	0.1538551186528114	0.448719218006949	0.41626313447620455	0.4526371646037204	1.098690786611831	0.23843837421403472	2.055091378465459	0.06734249704122428	1.5823562216375506	0.931582109548201	0.1538551186528114	0.448719218006949	0.41626313447620455	0.4526371646037204	1.098690786611831	0.23843837421403472	2.055091378465459	0.06734249704122428	1.5823562216375506	6.339322200674785	0.3041245788687171	0.20751749326896132	0.21154271598202312	0.2768152118802983	0.3846272371114089	162.70940171716464	-958.4676965375968	4.8540870764149255E-4	0.7358738884606236	4.445579213146698E-4	2.168980503155218E-7	0.9506308121549406
8640000	-9635.602180838845	-8721.44344237742	-914.1587384614254	-8540.899111148841	82.4741638531699	1011.1909766892355	0.2211732103732544	0.8744567698404868	0.16332403630939904	0.251004308760954	1.0130097633770438	1.01033781173701	0.5245303778894665	0.2409056368395344	1.0615344357252514	0.2397604544024496	0.7437226896255168	0.8744567698404868	0.16332403630939904	0.251004308760954	1.0130097633770438	1.01033781173701	0.5245303778894665	0.2409056368395344	1.0615344357252514	0.2397604544024496	0.7437226896255168	6.339322200674785	0.2873710223771159	0.21784137605460754	0.21797238968797805	0.2768152118802983	0.5265008945997545	98.65691997916844	-906.6043414193543	6.328327770690549E-4	0.7573378109713714	5.797798637408379E-4	3.256866875622491E-7	0.8504733353531421
8650000	-9647.985385321623	-8686.901574461288	-961.0838108603356	-8524.753413697648	85.79149426709296	1172.2957082316088	0.07137868587957484	1.123772453289192	0.1420374364003722	0.3519708250216665	0.6668000118026998	2.772491885933858	0.12152186889231642	0.2894103493453299	4.363145035616773	0.49436510330882644	0.5509755321653834	1.123772453289192	0.1420374364003722	0.3519708250216665	0.6668000118026998	2.772491885933858	0.12152186889231642	0.2894103493453299	4.363145035616773	0.49436510330882644	0.5509755321653834	6.339322200674785	0.2873710223771159	0.21784137605460754	0.21797238968797805	0.2768152118802983	0.42378352864247115	147.03200299546967	-947.1531810336343	5.311303745968761E-4	0.8991747183488015	4.712487961235873E-4	2.571980915092314E-7	0.8871886180612885
8660000	-9656.371409256824	-8708.971171909838	-947.400237346987	-8538.415757134611	91.23277650618377	1237.482667544156	0.09992650048475422	0.45814460543019275	0.4975056202972096	1.092119081996027	1.76943589670822	1.806708809537126	0.4712273356423238	2.274120226392074	2.9556055767163	0.09726230943318208	0.49093865586964713	0.45814460543019275	0.4975056202972096	1.092119081996027	1.76943589670822	1.806708809537126	0.4712273356423238	2.274120226392074	2.9556055767163	0.09726230943318208	0.49093865586964713	6.339322200674785	0.2873710223771159	0.21784137605460754	0.21797238968797805	0.2768152118802983	0.4117433421284709	120.07404947065488	-932.9835748169751	5.461656467382343E-4	0.9127065877340989	4.694353046968518E-4	3.937584517369809E-7	1.0611415048199149
8670000	-9647.164483480312	-8675.648851646476	-971.5156318338356	-8514.323830911319	108.68400475253225	1380.7248858189314	0.05927847845725314	0.23777262753168843	0.49555850979060795	0.911613261457814	0.5981578114520124	1.0241428009331166	0.7785529742285245	1.1708729402053932	5.873434503193178	0.03246392098931338	0.08026824477876952	0.23777262753168843	0.49555850979060795	0.911613261457814	0.5981578114520124	1.0241428009331166	0.7785529742285245	1.1708729402053932	5.873434503193178	0.03246392098931338	0.08026824477876952	6.832848778101462	0.2873710223771159	0.21784137605460754	0.20154475293928778	0.29324284862898853	0.4117433421284709	123.56352257972239	-956.8680779221447	4.569173378372304E-4	0.9965482796646309	3.967317944803732E-4	3.3318198186781375E-7	1.2086196512929523
8680000	-9700.977267071754	-8720.154867043942	-980.8224000278108	-8556.34929778063	102.62116870722934	1363.2166923648474	0.0655689750319848	0.19351307120525268	0.02159117694847086	0.7058033353245773	0.40940975913749844	1.3907357078052933	0.9257486158842191	3.2053149414678397	5.493375544506723	0.064040335603211	1.454993378817638	0.19351307120525268	0.02159117694847086	0.7058033353245773	0.40940975913749844	1.3907357078052933	0.9257486158842191	3.2053149414678397	5.493375544506723	0.064040335603211	1.454993378817638	7.661141696691023	0.29950527682259137	0.2236351299459512	0.18941049849381236	0.28744909473764485	0.5532822790139151	146.85889689570647	-963.6614261108675	4.738728377079328E-4	0.8091522934958827	4.304266470472095E-4	3.1960911498445573E-7	1.1303757186936996
8690000	-9647.5423304488	-8704.404161476861	-943.1381689719392	-8536.38761505521	94.86653172441535	1228.5953840089528	0.07050660143969614	1.1865359084822686	0.07416283606103866	0.22037259240238252	0.20070720364392164	0.17992157666773528	2.260056254367128	0.08327726687697663	2.5030255311337317	0.40546355671997547	0.0798045396807232	1.1865359084822686	0.07416283606103866	0.22037259240238252	0.20070720364392164	0.17992157666773528	2.260056254367128	0.08327726687697663	2.5030255311337317	0.40546355671997547	0.0798045396807232	6.239468703007176	0.28543483654640606	0.2236351299459512	0.2034809387699977	0.28744909473764485	0.5532822790139151	123.9929120301447	-932.5814242313598	5.997347082368266E-4	0.9553673177452406	4.963039837870602E-4	4.3263133480483424E-7	1.0504460877349238
8700000	-9641.767780079637	-8686.792556672384	-954.9752234072537	-8519.80364826176	96.64622697728299	1237.2606556545647	0.12963555283577183	0.4742384787057445	0.07558538582298904	0.05715858492533428	1.6845219121063815	0.2078456883239402	1.5730167948065121	0.07170997562451335	2.2087839502217075	0.11503844052904884	0.022358740815657308	0.4742384787057445	0.07558538582298904	0.05715858492533428	1.6845219121063815	0.2078456883239402	1.5730167948065121	0.07170997562451335	2.2087839502217075	0.11503844052904884	0.022358740815657308	6.239468703007176	0.28543483654640606	0.2236351299459512	0.2034809387699977	0.28744909473764485	0.4533432588007932	147.2956388712533	-946.1712409835939	5.080264239518022E-4	0.8825194199017751	4.3333709115814625E-4	3.009006926786485E-7	1.0566336838500245
8710000	-9670.275527222417	-8708.448234073061	-961.8272931493556	-8543.161834516424	100.1381656305245	1245.1341101897742	0.10453695963102386	0.7371598016896705	0.23549560068965555	0.24385076463010313	1.2795839800218876	0.6869418039189866	2.4298476860000986	0.7492168017487991	2.472706340906122	0.42161245674467296	0.21769348337382458	0.7371598016896705	0.23549560068965555	0.24385076463010313	1.2795839800218876	0.6869418039189866	2.4298476860000986	0.7492168017487991	2.472706340906122	0.42161245674467296	0.21769348337382458	6.239468703007176	0.3044469520933769	0.2236351299459512	0.2034809387699977	0.268436979190674	0.4533432588007932	121.3100728817142	-950.2753591412169	4.6262341275416744E-4	0.8279479832049709	4.154996444569989E-4	2.4815531475351174E-7	1.0986079211907316
8720000	-9657.852364864353	-8698.927918761767	-958.9244461025871	-8537.921783954565	92.4857400326849	1207.7549385663285	0.06993835140611081	0.558970770372834	0.009147573022572792	0.5455035967611467	0.4085400839467092	1.5131014339652988	0.3247118677844172	0.32809954681545844	3.6907610907335933	0.25273117410871665	0.2556263338702513	0.558970770372834	0.009147573022572792	0.5455035967611467	0.4085400839467092	1.5131014339652988	0.3247118677844172	0.32809954681545844	3.6907610907335933	0.25273117410871665	0.2556263338702513	6.239468703007176	0.3044469520933769	0.2236351299459512	0.2034809387699977	0.268436979190674	0.5881236976171355	124.86745208530468	-948.3498979782155	4.871276505962135E-4	0.7977647500925403	4.457309087787604E-4	1.9080256087761744E-7	0.8931065878837082
8730000	-9645.953444025665	-8689.85495889378	-956.0984851318849	-8524.911803646784	87.99482980325594	1158.8170788233633	0.0852711829911714	0.2102243498208096	0.10596047095071655	0.06698969756653533	0.2527250575605127	0.7144188114869857	3.3803607239953752	1.1901304043832872	3.0599195850127066	0.35245200765369933	0.2951545429061823	0.2102243498208096	0.10596047095071655	0.06698969756653533	0.2527250575605127	0.7144188114869857	3.3803607239953752	1.1901304043832872	3.0599195850127066	0.35245200765369933	0.2951545429061823	6.014741910414166	0.3044469520933769	0.2236351299459512	0.2034809387699977	0.268436979190674	0.46001245649166084	131.80005383988237	-943.6937689272528	6.174161264790637E-4	0.8575448673902402	5.180576024818972E-4	3.3644864892515484E-7	0.9777048795889413
8740000	-9626.465337319434	-8698.277541449877	-928.1877958695568	-8533.15452466823	81.26393991302335	993.1666652138708	0.08966227098685123	0.1366960728282278	1.7237537510125256	2.408134169899273	1.2967464763597751	1.641954357704054	4.664444382443139	0.4405148037922646	8.246403798413166	0.11695975371736661	0.21547227409835376	0.1366960728282278	1.7237537510125256	2.408134169899273	1.2967464763597751	1.641954357704054	4.664444382443139	0.4405148037922646	8.246403798413166	0.11695975371736661	0.21547227409835376	6.919475008041549	0.3131154758274518	0.21496660621187633	0.2034809387699977	0.268436979190674	0.46001245649166084	107.45600528802693	-904.2747718480082	6.4695060861759E-4	0.9199188100903039	5.52129211794265E-4	4.504782567639465E-7	1.043227742953171
8750000	-9618.974123727949	-8692.301717129336	-926.6724065986118	-8525.80008564976	86.32376916823856	1071.0239385574532	0.07504079265386944	0.18878494154405018	0.48846422691678415	0.393780880121598	0.18701275201563486	1.872450911965454	0.5745442366330781	0.3863157398268072	3.7580623526688592	0.9143526150725978	0.12400433405110001	0.18878494154405018	0.48846422691678415	0.393780880121598	0.18701275201563486	1.872450911965454	0.5745442366330781	0.3863157398268072	3.7580623526688592	0.9143526150725978	0.12400433405110001	6.919475008041549	0.298014337816797	0.21496660621187633	0.21858207678065253	0.268436979190674	0.46001245649166084	107.03531990218647	-914.9102146050279	5.824219926187565E-4	0.8685933018929181	5.259036578490333E-4	3.5630212530648666E-7	0.9897495356662737
8760000	-9624.02055080813	-8696.839234566158	-927.1813162419725	-8530.970553554083	97.89096531838251	1087.4999838243261	0.06718452252194337	0.3421421232761962	0.16033854443573523	0.9924315376040598	2.92618314089413	0.6495298613182315	0.8713375211857038	0.8423533503884485	3.634733708092307	0.6946734283515208	0.4206791524660133	0.3421421232761962	0.16033854443573523	0.9924315376040598	2.92618314089413	0.6495298613182315	0.8713375211857038	0.8423533503884485	3.634733708092307	0.6946734283515208	0.4206791524660133	6.1410864601266155	0.28537285901668646	0.21496660621187633	0.21858207678065253	0.2810784579907845	0.5492632168983576	104.85182676453711	-912.1604826856544	6.456924344650321E-4	1.0151874998725983	5.545286697377572E-4	5.530547638528564E-7	1.1111913789382541
8770000	-9599.18037938789	-8714.909534849889	-884.2708445380022	-8546.784644382999	81.06129503638257	903.4302800512122	0.11413367263444871	1.033718847581442	0.2998875013537813	0.13277115687321722	0.32261479722470005	1.8345398428693662	0.24638271364369083	0.4273703361568442	3.903124709062991	0.6094369045236288	1.1918113985117826	1.033718847581442	0.2998875013537813	0.13277115687321722	0.32261479722470005	1.8345398428693662	0.24638271364369083	0.4273703361568442	3.903124709062991	0.6094369045236288	1.1918113985117826	6.1410864601266155	0.28537285901668646	0.21496660621187633	0.21858207678065253	0.2810784579907845	0.5492632168983576	92.49367834179674	-871.2491579642273	7.420080455988097E-4	1.0465220341102532	6.306431816585159E-4	8.672090846498623E-7	1.2014177103295436
8780000	-9578.79095054121	-8688.691632030454	-890.0993185107556	-8526.086792390248	91.67472686096441	942.540996119263	0.11248511668120105	0.06964048577780134	0.35916144710248815	0.5554237686443447	1.3413533201585681	1.0366034921163338	1.1570356313659482	0.029179979806521476	2.836313434885149	0.6388290816889332	0.8128427542337484	0.06964048577780134	0.35916144710248815	0.5554237686443447	1.3413533201585681	1.0366034921163338	1.1570356313659482	0.029179979806521476	2.836313434885149	0.6388290816889332	0.8128427542337484	6.1410864601266155	0.28537285901668646	0.20969313814795232	0.21858207678065253	0.28635192605470855	0.4562088052336252	90.83695803134951	-878.2360959120655	7.644666233183335E-4	1.0593301180849732	5.940759470472206E-4	1.2831744531742523E-6	1.4051901254231638
8790000	-9624.970372460866	-8712.649625298629	-912.3207471622366	-8548.982708890244	138.65139144580885	1125.0506496653531	0.11826515547260764	0.12643172445398268	0.026772520473638785	0.12404403685389898	1.6422664749108802	0.6083442166211925	1.9981343730668393	0.17652497095271766	3.6944794942599106	0.328917944969885	0.4916441865135161	0.12643172445398268	0.026772520473638785	0.12404403685389898	1.6422664749108802	0.6083442166211925	1.9981343730668393	0.17652497095271766	3.6944794942599106	0.328917944969885	0.4916441865135161	6.1410864601266155	0.28537285901668646	0.20969313814795232	0.21858207678065253	0.28635192605470855	0.4562088052336252	100.9698464534104	-900.161707244639	6.87870816166385E-4	1.0644041520991563	5.054394873961678E-4	1.1942866873060214E-6	1.452201375805361
8800000	-9597.877909615034	-8706.52882777553	-891.3490818395031	-8539.14571664766	80.17756681464036	910.6302145603369	0.19517963602874014	1.2469392216943689	0.31420484968541285	0.6665762610071752	1.8294521031604152	0.3220091295518303	1.2941241289485235	0.359305342270843	5.975159828028655	0.7977796339755503	0.001808040460042182	1.2469392216943689	0.31420484968541285	0.6665762610071752	1.8294521031604152	0.3220091295518303	1.2941241289485235	0.359305342270843	5.975159828028655	0.7977796339755503	0.001808040460042182	7.329163327174251	0.30410562363587773	0.20969313814795232	0.21656973227010307	0.2696315059460667	0.5795728561750045	91.37108636725617	-875.7445741427118	8.279192553096783E-4	0.9600637841883128	6.344448886933402E-4	1.2071773927652693E-6	1.2387843050251923
8810000	-9576.41045214139	-8680.280740883152	-896.1297112582374	-8518.02288943197	92.05693739377465	984.3052142744289	0.10860957959675374	1.217936634960588	0.07460952836635021	0.45319464608168175	0.867352946425251	1.1008343891069186	1.0163085971602996	0.22885826639363002	4.315130018221279	0.39113405196352147	0.13793264595211802	1.217936634960588	0.07460952836635021	0.45319464608168175	0.867352946425251	1.1008343891069186	1.0163085971602996	0.22885826639363002	4.315130018221279	0.39113405196352147	0.13793264595211802	7.329163327174251	0.2907409575016688	0.20969313814795232	0.21656973227010307	0.28299617208027567	0.5547621264361422	74.4021825759034	-883.2784309379481	7.277978425831283E-4	1.017780552018797	5.563530943843909E-4	1.0319846553493017E-6	1.285402061158638
8820000	-9599.052407593605	-8680.455376340637	-918.5970312529676	-8519.583930180397	107.0573180196919	1146.1931724671033	0.1465402907155848	1.1241417793258595	0.20076886048471132	0.4295265882923768	0.9189009527175556	0.1777757082816133	2.008357140923569	0.21803550909615302	5.534704806945927	0.06050529833748391	0.3050581170562241	1.1241417793258595	0.20076886048471132	0.4295265882923768	0.9189009527175556	0.1777757082816133	2.008357140923569	0.21803550909615302	5.534704806945927	0.06050529833748391	0.3050581170562241	6.4167350420927285	0.2907409575016688	0.20969313814795232	0.21656973227010307	0.28299617208027567	0.5547621264361422	108.70299143742108	-904.8614018184572	6.540774372419287E-4	1.0123509015012815	5.166043781372491E-4	9.275511391428445E-7	1.3705788011672992
8830000	-9620.816076837908	-8676.058060746676	-944.7580160912319	-8513.282530444258	103.1262774784503	1250.93727156768	0.08687442422599195	0.062090291782192567	0.03001945906592517	0.6875206239882948	0.8357580138391679	0.16149914437605603	1.211731505298905	0.07795326373356448	3.372540271630351	0.3247220130971583	1.4430675367174688	0.062090291782192567	0.03001945906592517	0.6875206239882948	0.8357580138391679	0.16149914437605603	1.211731505298905	0.07795326373356448	3.372540271630351	0.3247220130971583	1.4430675367174688	6.781836922541548	0.2907409575016688	0.20969313814795232	0.21656973227010307	0.28299617208027567	0.4681808737880254	107.39546418873528	-934.0645595672064	4.7729511328240183E-4	0.8772640803958895	4.3324355629870083E-4	3.821682659056022E-7	1.1748795060875914
8840000	-9631.878817292058	-8705.912904102817	-925.9659131892412	-8544.618185970083	91.03713835617839	1176.9316842675391	0.09236805167117142	0.1473281038437625	0.17701768925874664	0.0685185237382501	0.9045279021886711	0.8888775310135736	0.21782722252337075	0.3855414665531131	3.4281612364847387	0.8204995815541957	0.02347310980572672	0.1473281038437625	0.17701768925874664	0.0685185237382501	0.9045279021886711	0.8888775310135736	0.21782722252337075	0.3855414665531131	3.4281612364847387	0.8204995815541957	0.02347310980572672	5.978380409849461	0.2907409575016688	0.20969313814795232	0.21656973227010307	0.28299617208027567	0.4681808737880254	113.11422337810899	-916.9929961534872	4.963026833645395E-4	0.7511165407106043	4.566046931061487E-4	3.78412493002248E-7	1.1384701820376644
8850000	-9657.098224733234	-8715.25873928653	-941.8394854467045	-8551.78404037612	81.94559063975622	1136.1090732643615	0.0873639643385408	0.5356802554235395	0.08206155725912982	0.9120217129006799	1.3436207081713227	1.363802705854923	3.4974494789338633	0.4259956539591891	4.550924519387092	1.1613172190884422	0.252349178801962	0.5356802554235395	0.08206155725912982	0.9120217129006799	1.3436207081713227	1.363802705854923	3.4974494789338633	0.4259956539591891	4.550924519387092	1.1613172190884422	0.252349178801962	7.3797902509722055	0.2907409575016688	0.20969313814795232	0.21656973227010307	0.28299617208027567	0.5601676936866846	113.72414970153804	-925.4776780564201	4.740301355702744E-4	0.7142562301446586	4.4511583247966067E-4	1.8412133939067901E-7	0.8654192326720416
8860000	-9642.24126818563	-8689.171680538844	-953.0695876467854	-8521.819120698407	91.13519449006426	1235.2094640421583	0.09084601154706898	1.1257301849882604	0.33854619358733185	0.2549098475101499	0.776759229159061	0.49751885499664367	4.204681820220872	0.4171409637035744	4.115981149596474	0.33242707330023	0.1745934770489092	1.1257301849882604	0.33854619358733185	0.2549098475101499	0.776759229159061	0.49751885499664367	4.204681820220872	0.4171409637035744	4.115981149596474	0.33242707330023	0.1745934770489092	6.873114650244161	0.2907409575016688	0.20969313814795232	0.21656973227010307	0.28299617208027567	0.460243843851553	121.6814590022277	-938.847629904269	4.959349211550804E-4	0.6814559656164946	4.4717029241421463E-4	2.1319032048682347E-7	0.9157341987795438
8870000	-9670.020747557131	-8707.214926897634	-962.805820659497	-8539.247958946264	111.27522992317928	1316.8603032481776	0.07962500626402534	0.31832653735459304	0.0719432472578204	0.6829303834163689	0.3862102870478035	0.23038489103056697	2.3816378774414835	1.1076994289618884	2.7486831076597635	0.6301632495141004	0.3050121464614088	0.31832653735459304	0.0719432472578204	0.6829303834163689	0.3862102870478035	0.23038489103056697	2.3816378774414835	1.1076994289618884	2.7486831076597635	0.6301632495141004	0.3050121464614088	5.678520466760956	0.3077972913211884	0.20969313814795232	0.21656973227010307	0.26593983826075607	0.5505897702463265	138.62907413258338	-952.1986271607157	4.533715452486629E-4	0.606592324433253	4.158552153893635E-4	1.5924559242791252E-7	0.8447141874647357
8880000	-9717.038878471918	-8727.967878316078	-989.0710001558391	-8563.881696697375	115.28100587746852	1471.7753875697372	0.07718490655876677	0.2408428596507535	0.021791341250945805	0.038110561405596516	2.3442697616405357	0.5545024692735376	1.9069392123887856	0.259206598441231	4.185426640155575	0.72118524146706	0.5662861785328985	0.2408428596507535	0.021791341250945805	0.038110561405596516	2.3442697616405357	0.5545024692735376	1.9069392123887856	0.259206598441231	4.185426640155575	0.72118524146706	0.5662861785328985	5.243452137065426	0.3077972913211884	0.20969313814795232	0.21656973227010307	0.26593983826075607	0.5505897702463265	139.68679301047882	-976.585940588576	4.5181752427369485E-4	0.5988697027640943	3.8106827165294984E-4	9.56947333260956E-8	0.7066006452606683
8890000	-9712.353394127353	-8722.713975470033	-989.6394186573194	-8555.88235125818	123.77058691455309	1501.5752628995117	0.0604434323439542	0.18496958169188496	0.08129721681913911	0.8022106132799379	1.2187018400328868	2.0137379739407057	0.4107206293625013	0.007753953986895916	3.556500608001946	0.2832732541827621	1.6561114136488024	0.18496958169188496	0.08129721681913911	0.8022106132799379	1.2187018400328868	2.0137379739407057	0.4107206293625013	0.007753953986895916	3.556500608001946	0.2832732541827621	1.6561114136488024	5.243452137065426	0.3077972913211884	0.21681030908357596	0.20945256133447943	0.26593983826075607	0.4649206823433325	156.3060360538311	-977.2595731350876	4.284219834763257E-4	0.6618517065071758	3.714007688145864E-4	8.941855089414001E-8	0.6967244846905092
8900000	-9670.121634550664	-8714.242630352792	-955.8790041978722	-8551.368506047073	117.61409583908757	1342.22405346379	0.06540092395105457	1.2845658451504112	0.018682043393812825	0.31511591469990763	0.25889245143026135	1.7583497842945328	1.731054553990714	0.21414297786584785	3.68431296272544	0.8474133711612045	0.5663043163755747	1.2845658451504112	0.018682043393812825	0.31511591469990763	0.25889245143026135	1.7583497842945328	1.731054553990714	0.21414297786584785	3.68431296272544	0.8474133711612045	0.5663043163755747	6.684522076173624	0.3077972913211884	0.21681030908357596	0.20945256133447943	0.26593983826075607	0.4649206823433325	130.00391786397375	-942.3473080010766	5.680495785612491E-4	0.7577741313826054	4.956303254146921E-4	1.2973115768705547E-7	0.6225466299464131
8910000	-9641.785098938146	-8716.06032286383	-925.7247760743155	-8551.369730831488	140.61828347656711	1268.6938143657408	0.09260960808138724	0.20820913919073405	0.5194211983804526	0.022877969720431667	1.0655505514973125	0.5396073349488106	0.5826517459494741	0.32649489374265867	1.5150678655952123	0.03676788634744014	0.29631758752734794	0.20820913919073405	0.5194211983804526	0.022877969720431667	1.0655505514973125	0.5396073349488106	0.5826517459494741	0.32649489374265867	1.5150678655952123	0.03676788634744014	0.29631758752734794	6.772700210687426	0.31350326730287054	0.2111043331018938	0.20945256133447943	0.26593983826075607	0.571835576246806	126.0815820375479	-918.03849226684	5.65948363999303E-4	0.772154931378957	4.4175771965643647E-4	1.6484757185494344E-7	0.6867526384267245
8920000	-9625.269651114368	-8698.455762338031	-926.8138887763355	-8540.118465981266	85.84936559309537	1121.6784882336094	0.10354947835081155	0.40928379695043704	0.013574775146644947	0.70443176912579	0.6901302209168568	0.3843354251972372	1.144134535743017	0.03115570358854185	3.73694485867979	0.09457493655474726	0.5545811387363158	0.40928379695043704	0.013574775146644947	0.70443176912579	0.6901302209168568	0.3843354251972372	1.144134535743017	0.03115570358854185	3.73694485867979	0.09457493655474726	0.5545811387363158	6.772700210687426	0.31350326730287054	0.2111043331018938	0.20945256133447943	0.26593983826075607	0.571835576246806	112.35712694753676	-916.6149972456449	6.522993720584614E-4	0.7472393767325373	5.405014452891157E-4	1.8950348915691698E-7	0.6944573226700926
8930000	-9608.689029174016	-8731.911384756171	-876.7776444178451	-8564.981155632719	91.80406277270676	949.9424381499273	0.14420898215773365	0.3273955669784914	0.008805757372186652	0.7188095138677428	0.7292182953924105	0.7651086252881051	0.6419655528676657	0.14645570610577835	3.674783833884606	0.44536019433595625	0.046484061559668576	0.3273955669784914	0.008805757372186652	0.7188095138677428	0.7292182953924105	0.7651086252881051	0.6419655528676657	0.14645570610577835	3.674783833884606	0.44536019433595625	0.046484061559668576	6.772700210687426	0.31350326730287054	0.22282635829872222	0.19773053613765101	0.26593983826075607	0.3939690295241092	85.48727704089654	-867.2993534112096	7.657924788966536E-4	0.7699023505081383	6.124110916348189E-4	5.402260211746327E-7	0.9660660648273713
8940000	-9574.221151307267	-8678.615875229796	-895.6052760774708	-8509.535574211306	95.48969783285042	984.7074035537051	0.11967137846264612	0.11156134199983986	0.015401149126358087	0.8792215946960827	0.07524534794307094	0.315771952081412	1.3070817412645055	0.25211856199342925	3.6267622602374088	0.3570736128856473	2.211853995784753	0.11156134199983986	0.015401149126358087	0.8792215946960827	0.07524534794307094	0.315771952081412	1.3070817412645055	0.25211856199342925	3.6267622602374088	0.3570736128856473	2.211853995784753	7.118473757643506	0.31350326730287054	0.21150770255950463	0.19773053613765101	0.27725849399997365	0.5636176180125542	88.00201450679401	-883.4249517875999	7.632654781515061E-4	0.9519956884035174	6.252882223404235E-4	4.775860911100981E-7	0.8635612631980363
8950000	-9579.432577241301	-8685.777271479	-893.6553057623003	-8525.646225739416	76.42846103601909	955.1028734325606	0.1384900208538891	0.13461592792071903	0.057206000052027715	0.2660782875423992	0.6916194559114293	0.4017279089680901	2.4403532109541306	0.2239049227341174	3.6628611774261013	0.2170985539981676	1.156618602659388	0.13461592792071903	0.057206000052027715	0.2660782875423992	0.6916194559114293	0.4017279089680901	2.4403532109541306	0.2239049227341174	3.6628611774261013	0.2170985539981676	1.156618602659388	7.118473757643506	0.31350326730287054	0.21150770255950463	0.19773053613765101	0.27725849399997365	0.6170317758355667	90.0202421567452	-881.6527965306534	7.739039239767533E-4	0.8764011885723711	6.262950641060995E-4	4.1459286405795926E-7	0.8560106385849293
8960000	-9561.84345063776	-8678.54051991818	-883.3029307195789	-8511.07683012151	68.37130330307633	899.3815253432302	0.2522037046369154	0.13098356631564498	0.08395546797045284	0.370580886123591	3.055389645743863	0.16550975558468567	0.46070708357758033	0.12178531304504582	0.845602478122592	0.14266284992493022	0.4168660958430364	0.13098356631564498	0.08395546797045284	0.370580886123591	3.055389645743863	0.16550975558468567	0.46070708357758033	0.12178531304504582	0.845602478122592	0.14266284992493022	0.4168660958430364	7.118473757643506	0.30269987904046375	0.21150770255950463	0.19773053613765101	0.28806188226238044	0.4901011611521244	75.70568234563464	-875.4799089365711	7.737380019023762E-4	0.881532826365067	6.168918704219297E-4	4.589613900879577E-7	0.8973880993025886
8970000	-9583.455475168888	-8704.510070786504	-878.945404382385	-8543.469756884115	72.27790310991182	888.3578435398567	0.11010392196485966	0.2721433943712875	0.2218954218515254	0.34380467429863215	0.033812993532645635	0.07232440711296526	2.2040259038039864	0.2816939149890269	4.2875009014406515	0.1418504089040198	0.10134218765670425	0.2721433943712875	0.2218954218515254	0.34380467429863215	0.033812993532645635	0.07232440711296526	2.2040259038039864	0.2816939149890269	4.2875009014406515	0.1418504089040198	0.10134218765670425	5.199847370245768	0.30269987904046375	0.21150770255950463	0.19773053613765101	0.28806188226238044	0.41961508794764646	80.761426280516	-868.9834644763071	7.844650756598548E-4	0.8122892641167793	6.520335643561044E-4	5.085068100614973E-7	0.9063196385225003
8980000	-9597.803122114054	-8690.873329384434	-906.9297927296194	-8517.703824379356	93.42255324262487	1068.5966360206535	0.25790438086546535	0.8139604177114763	0.08657622236256181	0.007255771879157433	2.0291740624246124	0.10015104103112553	0.9049679729676947	0.17753101505314012	1.4690531217201348	0.05277418512466158	0.7404007563134263	0.8139604177114763	0.08657622236256181	0.007255771879157433	2.0291740624246124	0.10015104103112553	0.9049679729676947	0.17753101505314012	1.4690531217201348	0.05277418512466158	0.7404007563134263	5.39391851166178	0.30269987904046375	0.22595454749061983	0.19773053613765101	0.27361503733126524	0.4962835546896776	94.98770132019493	-898.8671163611699	6.863624181791134E-4	0.9053980104244194	5.719705632501572E-4	4.893283844599947E-7	0.9765755529836304
8990000	-9630.926050308479	-8701.148328299098	-929.7777220093817	-8534.293895110932	78.03325024927284	1079.8158303668067	0.10059165536706043	0.1541258706528613	0.03111759135814359	1.2810915761203905	0.12313774579090396	0.486118683107992	0.5656656794578674	0.1659373095020878	1.8007932565689673	0.1436539893168222	0.3889073682687695	0.1541258706528613	0.03111759135814359	1.2810915761203905	0.12313774579090396	0.486118683107992	0.5656656794578674	0.1659373095020878	1.8007932565689673	0.1436539893168222	0.3889073682687695	7.545954655871338	0.29140970757511064	0.22595454749061983	0.19773053613765101	0.28490520879661835	0.4106277744412933	104.13526773494392	-922.2806661506412	6.378168172267815E-4	0.747255037688864	5.076389172039102E-4	3.6467996707834324E-7	0.963958241508094
9000000	-9601.246963209076	-8693.98046287733	-907.2665003317443	-8529.186821684312	70.64636088804856	956.5676231952061	0.07313362783895931	0.128680057874143	0.12090766948349672	0.7307026674090115	0.6278946323935739	1.2491103523771145	0.5339366118661715	0.4703928335026963	2.985998436082875	0.0981383687233963	0.4367603213637824	0.128680057874143	0.12090766948349672	0.7307026674090115	0.6278946323935739	1.2491103523771145	0.5339366118661715	0.4703928335026963	2.985998436082875	0.0981383687233963	0.4367603213637824	7.263065190606967	0.27864408699228227	0.22595454749061983	0.2104961567204794	0.28490520879661835	0.4106277744412933	99.27044949045762	-896.9928689549548	7.045140858725513E-4	0.8012737351937359	6.057922500262096E-4	4.817630794741726E-7	0.9698204121877013
9010000	-9603.295188850978	-8693.529847305885	-909.765341545094	-8523.683031927718	73.02398191135337	996.1045183929537	0.1291505031706833	0.12872884323556372	0.1624811764994898	0.8027075830518559	1.0031958087383575	0.586011860615542	2.0496853472572925	1.2224761567226439	3.3625360235859465	0.1215692769461493	0.520711757642393	0.12872884323556372	0.1624811764994898	0.8027075830518559	1.0031958087383575	0.586011860615542	2.0496853472572925	1.2224761567226439	3.3625360235859465	0.1215692769461493	0.520711757642393	5.721996787085573	0.27864408699228227	0.22595454749061983	0.2104961567204794	0.28490520879661835	0.4106277744412933	81.9613570853477	-898.3899639080424	7.122507076104662E-4	0.7126412751936805	5.491952758631937E-4	4.114329970750839E-7	0.9353688234874221
9020000	-9607.519067523088	-8675.906527442514	-931.612540080574	-8506.320847631803	80.13311897065537	1114.319759183583	0.15409210396452483	0.3834893486019141	0.1585949274243849	0.8016697680748176	1.3611336758455697	0.5280370230561802	1.4180197604513736	0.16280288068911827	2.7840955945001356	0.7335530847852408	0.5799944468204463	0.3834893486019141	0.1585949274243849	0.8016697680748176	1.3611336758455697	0.5280370230561802	1.4180197604513736	0.16280288068911827	2.7840955945001356	0.7335530847852408	0.5799944468204463	5.628472671879024	0.27864408699228227	0.22595454749061983	0.2104961567204794	0.28490520879661835	0.5704383495566926	111.6274654821225	-920.7833255957268	6.101491523528184E-4	0.8461896871819974	4.992876693045728E-4	3.160905709515453E-7	0.9742682531567782
9030000	-9631.4788648525	-8691.186367902217	-940.2924969502827	-8521.669533898727	79.8156496531298	1089.9421242967792	0.12142668876805617	1.1084809949959304	0.18595156199656027	0.836541635432953	0.2191854141768576	1.089550068264018	1.9138596456071777	0.6097673131036634	3.747599798725337	0.01275396111086067	1.1786489010253207	1.1084809949959304	0.18595156199656027	0.836541635432953	0.2191854141768576	1.089550068264018	1.9138596456071777	0.6097673131036634	3.747599798725337	0.01275396111086067	1.1786489010253207	6.663657609973678	0.291496048408685	0.22595454749061983	0.19764419530407668	0.28490520879661835	0.5704383495566926	117.21007628297966	-926.8194655331605	5.913909299871781E-4	0.8830885895497587	4.902437896142108E-4	2.428711078555582E-7	0.8906062671183997
9040000	-9621.007546187697	-8690.599144736656	-930.4084014510411	-8524.606802323362	82.87607157477181	1076.1847197809122	0.1421220761039937	1.2417605018807696	0.1372603216684308	0.23137567113482055	0.6826447411236336	0.6528683754303211	0.8553836426142378	0.01874383571748628	5.986649700036897	0.40454731469312033	0.1176066927464822	1.2417605018807696	0.1372603216684308	0.23137567113482055	0.6826447411236336	0.6528683754303211	0.8553836426142378	0.01874383571748628	5.986649700036897	0.40454731469312033	0.1176066927464822	6.663657609973678	0.291496048408685	0.22595454749061983	0.19764419530407668	0.28490520879661835	0.5704383495566926	120.8556825636116	-917.7145741683902	6.139296088174869E-4	0.8397436981063439	5.090675595522768E-4	2.779664121712618E-7	0.889805671058068
9050000	-9637.034721244252	-8684.358520844804	-952.6762003994477	-8524.771003315254	103.78658110121606	1216.28406480085	0.06500378775548518	0.40616920659383443	0.082570235032552	0.6348758108885143	0.025550376747170766	1.5313112534485855	2.176422847093713	0.3923203707015753	3.469668425280654	0.6481641719172733	0.3176013914654033	0.40616920659383443	0.082570235032552	0.6348758108885143	0.025550376747170766	1.5313112534485855	2.176422847093713	0.3923203707015753	3.469668425280654	0.6481641719172733	0.3176013914654033	6.663657609973678	0.309215593101701	0.2082350027976038	0.19764419530407668	0.28490520879661835	0.5116216041267175	143.17232557634586	-939.8625076900697	4.898693298790323E-4	0.8282720969164912	4.2800041540457694E-4	1.810951068214921E-7	0.8705562723410003
9060000	-9611.600913747041	-8675.438755813775	-936.1621579332656	-8516.75823838122	111.60045081212046	1236.4252082998232	0.06795333474491955	0.7169951713614523	0.19796546595193332	0.5522121213039267	0.43697932990365357	1.575988294882774	1.252097606030166	0.31001088829372836	4.901442793672201	0.7232142330231297	0.526545032888305	0.7169951713614523	0.19796546595193332	0.5522121213039267	0.43697932990365357	1.575988294882774	1.252097606030166	0.31001088829372836	4.901442793672201	0.7232142330231297	0.526545032888305	5.802293496923452	0.309215593101701	0.2082350027976038	0.19764419530407668	0.28490520879661835	0.5116216041267175	111.17219041113299	-922.0441579804617	5.462074688475346E-4	0.8909758857547044	4.6073541759146514E-4	2.769843454420553E-7	0.9542277126419931
9070000	-9678.272820815331	-8702.057450775177	-976.2153700401542	-8542.457645142462	106.461838138379	1359.474793101552	0.07923813479252326	6.373018266092573E-4	0.4123387887771613	0.5104677403779424	2.9753551115903325	1.690992833658953	0.5184359842226435	0.11385702446898137	6.226983723200003	0.5782197232669346	1.6344925910692525	6.373018266092573E-4	0.4123387887771613	0.5104677403779424	2.9753551115903325	1.690992833658953	0.5184359842226435	0.11385702446898137	6.226983723200003	0.5782197232669346	1.6344925910692525	6.532616877632657	0.32005691625544025	0.202325995114816	0.20355320298686447	0.2740638856428791	0.4077809775958606	141.8816861019767	-959.435561223096	4.3034399045433267E-4	0.6785119463590069	3.74637439729437E-4	1.8770418847952522E-7	0.9673266636314468
9080000	-9699.304410523851	-8713.73355831368	-985.5708522101729	-8549.462425357835	98.68751343109248	1371.2415803540614	0.10728323708843132	0.6333907312052269	0.008981030540458962	0.2447843041155794	7.214241422959333	0.11453608045385823	1.3100666683614806	0.6852573068774833	3.372885942376583	0.26741314599526866	0.1559636282952557	0.6333907312052269	0.008981030540458962	0.2447843041155794	7.214241422959333	0.11453608045385823	1.3100666683614806	0.6852573068774833	3.372885942376583	0.26741314599526866	0.1559636282952557	6.7456069571570545	0.32005691625544025	0.202325995114816	0.20355320298686447	0.2740638856428791	0.5313070606542694	169.05383058281205	-969.4735929274125	4.297078895868068E-4	0.6715886804030046	4.070633368972629E-4	1.1666871801169213E-7	0.7682470732069291
9090000	-9658.286524141331	-8729.197163134375	-929.0893610069556	-8559.523777266886	80.55040478653254	1078.2723604812286	0.12946503330342488	0.015071416771567136	0.11016208342948178	1.5018944739607942	3.4435908736302414	0.5204481494270639	0.22070163947772664	0.3274015743019446	3.558588442548118	0.18521298406883438	0.0533551487996217	0.015071416771567136	0.11016208342948178	1.5018944739607942	3.4435908736302414	0.5204481494270639	0.22070163947772664	0.3274015743019446	3.558588442548118	0.18521298406883438	0.0533551487996217	6.7456069571570545	0.30464106798640395	0.202325995114816	0.20355320298686447	0.2894797339119154	0.5313070606542694	126.8357375698822	-917.2444995509293	5.046375802787418E-4	0.7161566383175766	4.528313366969503E-4	1.414104435979013E-7	0.7523224562769022
9100000	-9666.772838473871	-8708.89669207168	-957.8761464021923	-8542.755506774512	86.89340383545985	1200.6464981661811	0.04760822659605954	0.4370810987577188	0.06238193345997408	2.2128235641257494	0.6685182535063471	1.544096687309724	1.162877772447392	1.0050732431484692	5.067769977179943	0.5774497523956043	0.1797332960295131	0.4370810987577188	0.06238193345997408	2.2128235641257494	0.6685182535063471	1.544096687309724	1.162877772447392	1.0050732431484692	5.067769977179943	0.5774497523956043	0.1797332960295131	6.823941528823969	0.30464106798640395	0.202325995114816	0.21292372431667064	0.28010921258210925	0.5313070606542694	144.30159419706445	-941.6568261728947	5.168753816925426E-4	0.7119211115482719	4.740500225847063E-4	1.5265716109811137E-7	0.7789940972706738
9110000	-9676.898627052844	-8711.230262807861	-965.6683642449827	-8547.671210631304	85.81674282794172	1228.3193201438633	0.05781289646239609	1.6770648979229403	0.3238132770387378	0.31189193894003625	2.4665486355692825	3.4790437002750303	1.432551031493333	0.18125899648986887	5.060851811700145	1.628203013272104	0.17088974278986666	1.6770648979229403	0.3238132770387378	0.31189193894003625	2.4665486355692825	3.4790437002750303	1.432551031493333	0.18125899648986887	5.060851811700145	1.628203013272104	0.17088974278986666	5.931980969482881	0.30464106798640395	0.202325995114816	0.21292372431667064	0.28010921258210925	0.5313070606542694	120.04576290724924	-946.3642576095409	5.305735954925812E-4	0.692770483015213	4.3870370324368977E-4	1.447866394100272E-7	0.765817460783948
9120000	-9632.21425020987	-8695.601751270033	-936.6124989398376	-8538.658900120641	89.39616926452351	1155.7496175714016	0.09430339836153105	0.04673459692772422	0.07592321822395702	1.5131950356714292	1.6125810574547683	0.9514891021537554	0.2686828487341563	0.101312004098242	2.4647272737894284	0.15849510583824888	0.12477744471932431	0.04673459692772422	0.07592321822395702	1.5131950356714292	1.6125810574547683	0.9514891021537554	0.2686828487341563	0.101312004098242	2.4647272737894284	0.15849510583824888	0.12477744471932431	6.225924346215344	0.30464106798640395	0.202325995114816	0.21292372431667064	0.28010921258210925	0.4178097476331579	117.98484046140842	-927.1978460984305	5.68437829389059E-4	0.735643062589343	4.8729701507368826E-4	1.9284158603725932E-7	0.7702111576988334
9130000	-9702.012896753196	-8709.3841663531	-992.6287304000963	-8543.37948410489	109.48071579372203	1499.5166564979156	0.05697593541194657	0.1582673798366635	0.6308901446189279	0.08692590485036694	1.0644692016699697	1.044086682147863	2.6956832890998603	1.038057591380103	3.066789217667104	0.33312632640079337	1.224034131005982	0.1582673798366635	0.6308901446189279	0.08692590485036694	1.0644692016699697	1.044086682147863	2.6956832890998603	1.038057591380103	3.066789217667104	0.33312632640079337	1.224034131005982	6.225924346215344	0.30464106798640395	0.202325995114816	0.21292372431667064	0.28010921258210925	0.4178097476331579	152.8782633991252	-978.8215546090856	4.215269654854449E-4	0.6655109239116981	3.6119381580775837E-4	1.0032065138055956E-7	0.7570031026746518
9140000	-9670.64341835711	-8699.790113385981	-970.8533049711282	-8533.068535869283	127.98279771027808	1469.7883987425275	0.09184860777004827	0.025182691751439973	0.07281908882977484	1.0760028886352833	0.10972510120255624	1.3228782273112798	1.5539767737620431	1.8713149625223666	3.3752832561176085	0.59928743431652	0.08317081562981239	0.025182691751439973	0.07281908882977484	1.0760028886352833	0.10972510120255624	1.3228782273112798	1.5539767737620431	1.8713149625223666	3.3752832561176085	0.59928743431652	0.08317081562981239	5.449448449660769	0.30464106798640395	0.202325995114816	0.21292372431667064	0.28010921258210925	0.6859005784436388	152.12901505391372	-958.1502140607096	4.5973965496980465E-4	0.8608384442420377	3.789158643517358E-4	2.457574323235291E-7	1.0449946600709321
9150000	-9675.9642700431	-8699.195899258522	-976.7683707845767	-8524.942191739412	124.11751539915969	1557.9469536398678	0.07363499698882496	0.11130916889901825	0.06438674550428568	1.276967173863891	0.06559531551284917	2.203306403910702	1.7119389475892792	0.07405808225818473	3.1300301577111616	0.6810360755752163	0.7406055841220736	0.11130916889901825	0.06438674550428568	1.276967173863891	0.06559531551284917	2.203306403910702	1.7119389475892792	0.07405808225818473	3.1300301577111616	0.6810360755752163	0.7406055841220736	5.449448449660769	0.30464106798640395	0.202325995114816	0.20386852160259292	0.28916441529618697	0.41509475775020094	144.56795880491202	-964.4082751180771	4.258233753824138E-4	0.7901293494801797	3.3617140174953795E-4	1.414269021702032E-7	0.8624015865294683
9160000	-9681.132030375136	-8718.153292861827	-962.97873751331	-8547.209496933014	147.52215793307045	1508.7654905941074	0.10122970988451896	0.39700048023229095	0.11720383271323968	0.6910640849790479	0.5374676512593906	0.548668637973817	0.2861855850457278	0.12702552620849755	2.970161211405668	0.1714224165229888	0.32454118424099543	0.39700048023229095	0.11720383271323968	0.6910640849790479	0.5374676512593906	0.548668637973817	0.2861855850457278	0.12702552620849755	2.970161211405668	0.1714224165229888	0.32454118424099543	5.145203359496477	0.30464106798640395	0.202325995114816	0.2098729174485885	0.2831600194501914	0.41509475775020094	135.47835600857303	-954.792939922661	5.084525260292285E-4	0.8174822659135169	3.902570372118603E-4	2.3056318123816207E-7	0.9048769126262559
9170000	-9671.53606812	-8707.292811881365	-964.243256238635	-8536.880759940057	108.18014991578958	1397.791564626975	0.06906298138318906	0.0016080177208743966	0.08383426279177811	0.582344132423671	0.6132732791070293	1.3956921012939263	2.3463004633626854	0.3079632929971163	4.355822232272457	0.06423695975646385	0.25817577960922294	0.0016080177208743966	0.08383426279177811	0.582344132423671	0.6132732791070293	1.3956921012939263	2.3463004633626854	0.3079632929971163	4.355822232272457	0.06423695975646385	0.25817577960922294	5.145203359496477	0.2949693588987814	0.202325995114816	0.20406105426508794	0.2986435917213145	0.5374008101825387	136.6817658818318	-952.0706529951152	4.7842341338619416E-4	0.6912744122122864	3.8643503154836453E-4	1.2463798432213516E-7	0.7558083433519219
9180000	-9659.929002569721	-8726.311294257765	-933.6177083119567	-8555.839288110956	96.42595803219702	1173.6467148198747	0.08822911187374868	0.18025538597420035	0.2222830846031562	0.606618571519225	2.5122914348624046	0.6463540778876984	3.365259831816529	0.13969682025117638	2.907667192379983	0.4021118025738023	0.9366698609470655	0.18025538597420035	0.2222830846031562	0.606618571519225	2.5122914348624046	0.6463540778876984	3.365259831816529	0.13969682025117638	2.907667192379983	0.4021118025738023	0.9366698609470655	6.2020296807012585	0.2949693588987814	0.21054259804010547	0.20406105426508794	0.290426988796025	0.4309288101680291	106.67770665968821	-919.9349731630676	5.340025543855158E-4	0.6626136922058009	4.496208683428929E-4	1.6288292335446783E-7	0.7288502721528538
9190000	-9713.591473116398	-8708.372125874594	-1005.2193472418031	-8543.46836495258	135.37933647183263	1630.3579563678743	0.09352891390431384	0.11964278220599153	1.2851478814665538	0.11192271921585811	1.041647319507498	1.2471264885210098	3.180224722045006	1.2767850544258763	3.565566662537069	0.14469174545081825	1.1579348784859065	0.11964278220599153	1.2851478814665538	0.11192271921585811	1.041647319507498	1.2471264885210098	3.180224722045006	1.2767850544258763	3.565566662537069	0.14469174545081825	1.1579348784859065	7.1055178640763295	0.28258765213352105	0.21054259804010547	0.2164427610303483	0.290426988796025	0.6628990608880159	172.4942151098447	-989.8938048198673	3.881686700209311E-4	0.6453540472553203	3.4764594903857776E-4	7.989958579650928E-8	0.7308033530944302
9200000	-9721.944145087806	-8717.570813653061	-1004.3733314347446	-8550.266310580726	126.28113177704296	1548.936793474593	0.08942024613405748	0.22928827405307753	0.2367592542787527	0.6072134590669682	0.8101191705850905	0.05888413371292036	2.325858339595758	0.7104614961369274	4.579913134631704	0.29926832681684107	0.17971461529070218	0.22928827405307753	0.2367592542787527	0.6072134590669682	0.8101191705850905	0.05888413371292036	2.325858339595758	0.7104614961369274	4.579913134631704	0.29926832681684107	0.17971461529070218	6.519603367299759	0.28258765213352105	0.21054259804010547	0.2164427610303483	0.290426988796025	0.46417709629851284	180.0844424021128	-992.5377308268926	3.9712918122212175E-4	0.5928221958956121	3.3644030603782076E-4	5.255535453540698E-8	0.598021881402628
9210000	-9721.80316705474	-8698.873228530754	-1022.9299385239866	-8532.199953080444	136.12632467921927	1803.668551687712	0.08880598827581054	0.493779253005913	0.07518619478339361	0.08147224724664953	1.1950686831201787	0.9927873420707696	1.8249749191089248	0.27595853463029574	7.986999015356362	1.3578383074863594	0.10806903964500582	0.493779253005913	0.07518619478339361	0.08147224724664953	1.1950686831201787	0.9927873420707696	1.8249749191089248	0.27595853463029574	7.986999015356362	1.3578383074863594	0.10806903964500582	6.596718549299219	0.28258765213352105	0.21054259804010547	0.2164427610303483	0.290426988796025	0.5322715507601806	194.62634285853179	-1006.0985826380836	4.1067463207613783E-4	0.7250860982512454	3.2801347731973E-4	8.964277665105751E-8	0.722076699838568
9220000	-9673.367817682569	-8685.02385898723	-988.3439586953383	-8514.909159545328	131.70436499727862	1570.900061137101	0.10338894812235899	0.19893114946741272	0.5061149736238901	1.6598137190909308	2.6567455883627917	1.285103475469956	0.499322312832928	0.5056356002373492	3.9146894162838723	0.2838343890558163	0.7521672903459096	0.19893114946741272	0.5061149736238901	1.6598137190909308	2.6567455883627917	1.285103475469956	0.499322312832928	0.5056356002373492	3.9146894162838723	0.2838343890558163	0.7521672903459096	6.596718549299219	0.2978094765019522	0.19532077367167427	0.2164427610303483	0.290426988796025	0.5322715507601806	159.43342682897847	-973.8119013933874	4.421575700498184E-4	0.7455006189731268	3.4609287873585333E-4	1.3776518094734521E-7	0.8188221166191995
9230000	-9673.24895798725	-8695.28820964565	-977.9607483416006	-8523.710545498467	130.5111108094398	1591.9514817416407	0.07462879572847168	0.09026848584806689	0.8091450213965504	0.5604723667824676	1.8593515746851605	0.861121749856356	0.4961440825965848	0.22338677338806007	3.631968843076981	0.34113717316625874	0.5237089125188444	0.09026848584806689	0.8091450213965504	0.5604723667824676	1.8593515746851605	0.861121749856356	0.4961440825965848	0.22338677338806007	3.631968843076981	0.34113717316625874	0.5237089125188444	6.461992559120882	0.2978094765019522	0.19532077367167427	0.2164427610303483	0.290426988796025	0.5322715507601806	148.32646774352133	-966.0835292430639	3.9537297682525676E-4	0.7542143545343598	3.276491365355828E-4	1.228535869882018E-7	0.8461932810458269
9240000	-9654.37458210345	-8682.26957898547	-972.1050031179806	-8516.483425156908	131.72769845356225	1553.4678401271856	0.09514302415073797	0.6293763964146036	0.08780250752678793	0.38823685522125545	2.513182810244459	1.013864563629486	0.469342151867505	0.03191339456538542	3.359160840115035	0.8313455554510514	1.0742467714125221	0.6293763964146036	0.08780250752678793	0.38823685522125545	2.513182810244459	1.013864563629486	0.469342151867505	0.03191339456538542	3.359160840115035	0.8313455554510514	1.0742467714125221	4.953506555488545	0.2978094765019522	0.19532077367167427	0.2164427610303483	0.290426988796025	0.5322715507601806	148.8524768126366	-959.1758296943018	5.590958042342507E-4	0.8717657654909492	3.909242561666986E-4	2.5155364760842233E-7	0.9061273381696772
9250000	-9683.798446051633	-8704.662953430452	-979.1354926211804	-8537.648888693693	130.03769610895148	1473.5712212062658	0.06288729615355335	0.25485893995197756	0.562618067934864	1.1904796211423505	0.23849745107933978	3.466848336955049	0.18299360963137037	0.07959272713924277	4.340639001981984	0.6325097261468206	3.137143359186347	0.25485893995197756	0.562618067934864	1.1904796211423505	0.23849745107933978	3.466848336955049	0.18299360963137037	0.07959272713924277	4.340639001981984	0.6325097261468206	3.137143359186347	5.685733635621015	0.2978094765019522	0.19532077367167427	0.2164427610303483	0.290426988796025	0.5322715507601806	150.31824828166572	-961.8716490341662	5.25461503353399E-4	0.8668010746929593	4.11865012601517E-4	2.2216690073716292E-7	0.9169894311980482
9260000	-9624.672658505036	-8702.086289442723	-922.5863690623131	-8527.599570758479	122.42250237664337	1260.035277587389	0.08494126998375903	0.0448254688012143	0.13484035018433904	0.44237608504896103	0.10673738239383185	0.8022225209929109	0.16136500046999466	1.225120418415427	1.2985358439962216	0.2809215686606453	0.6847033391293276	0.0448254688012143	0.13484035018433904	0.44237608504896103	0.10673738239383185	0.8022225209929109	0.16136500046999466	1.225120418415427	1.2985358439962216	0.2809215686606453	0.6847033391293276	5.710780033825381	0.2978094765019522	0.19532077367167427	0.2164427610303483	0.290426988796025	0.5322715507601806	120.48003591096948	-914.5704354511446	6.642302790942201E-4	0.8571763993579299	4.8481587761671046E-4	5.597545535936004E-7	1.0957734816546687
9270000	-9607.215775629398	-8694.21305873008	-913.0027168993178	-8526.635192714055	104.07965278454188	1177.3950406968333	0.10278039633739582	0.053856270020395385	0.141333457962103	1.1083985473079827	0.5375022110359738	0.715719904686784	1.6464546739693464	0.627299552813823	5.550144215026637	0.6058437151442126	0.042319269738245784	0.053856270020395385	0.141333457962103	1.1083985473079827	0.5375022110359738	0.715719904686784	1.6464546739693464	0.627299552813823	5.550144215026637	0.6058437151442126	0.042319269738245784	5.720008927327773	0.29482044882021985	0.21065703401432584	0.2164427610303483	0.2780797561351058	0.42612376838919647	88.10010129763879	-899.4563096550219	7.501824219865998E-4	0.9244598779094826	4.871867337437588E-4	7.493600123382725E-7	1.0992499343198736
9280000	-9618.357138815356	-8686.92750340979	-931.4296354055659	-8518.647223365113	116.24857055466934	1244.865749837244	0.09204961666779539	0.5853943296926019	0.6776893480843966	0.15006819016148998	1.733179749838873	0.611264051298625	2.320316040008397	0.6552936173197528	4.776763278054366	0.7421871003169124	0.24240317475063422	0.5853943296926019	0.6776893480843966	0.15006819016148998	1.733179749838873	0.611264051298625	2.320316040008397	0.6552936173197528	4.776763278054366	0.7421871003169124	0.24240317475063422	5.720008927327773	0.29482044882021985	0.21065703401432584	0.2164427610303483	0.2780797561351058	0.5841556948471678	108.4883287230901	-916.4782046001403	6.381065105797619E-4	0.8224038638073554	4.519358490141357E-4	3.763252976716599E-7	0.9890729775454725
9290000	-9618.799080044182	-8715.703934745989	-903.0951452981931	-8533.232146065171	92.31763417811351	1055.51358388462	0.15362239551223628	1.0622790016724672	0.5566477328944107	0.15396069789285827	0.38227076759459705	2.3865378236467896	0.5937370334761383	0.3564474046542535	2.650426469572966	0.701887955631163	3.341605881385307	1.0622790016724672	0.5566477328944107	0.15396069789285827	0.38227076759459705	2.3865378236467896	0.5937370334761383	0.3564474046542535	2.650426469572966	0.701887955631163	3.341605881385307	6.86526279863215	0.29482044882021985	0.21065703401432584	0.2164427610303483	0.2780797561351058	0.6233912038072361	94.36364267775323	-888.2117006561607	7.633292618036842E-4	0.9233785820976783	5.348698757207674E-4	5.506649995694917E-7	0.9856539618278524
9300000	-9642.4548201509	-8702.392432777411	-940.0623873734897	-8536.623429113646	104.86537884059923	1230.5501972476306	0.09780532927634805	0.3700499688933408	0.3548054156542322	1.2044066843038332	0.5252704892355847	1.0004486429013058	1.0831997068684482	0.8035474321665207	7.030449110724961	0.4271598834709964	0.5005991246606618	0.3700499688933408	0.3548054156542322	1.2044066843038332	0.5252704892355847	1.0004486429013058	1.0831997068684482	0.8035474321665207	7.030449110724961	0.4271598834709964	0.5005991246606618	6.415396172617143	0.29482044882021985	0.21065703401432584	0.2164427610303483	0.2780797561351058	0.469720637195319	117.58132150616862	-924.3491233602039	6.113638488663731E-4	0.8045141740873177	4.7785507256747667E-4	2.535329553658046E-7	0.855276217805393
9310000	-9648.800136934075	-8701.506150763375	-947.2939861707	-8539.009622021622	112.74595561397847	1281.244997831681	0.08865375564075127	1.4074724724093075	0.40332367347780035	1.1581781039347083	1.6240433690016887	3.139071152251753	3.644212650487669	0.3710988032794457	4.017482097150748	1.196409672579348	0.6673282570077812	1.4074724724093075	0.40332367347780035	1.1581781039347083	1.6240433690016887	3.139071152251753	3.644212650487669	0.3710988032794457	4.017482097150748	1.196409672579348	0.6673282570077812	6.486414182508747	0.29482044882021985	0.21065703401432584	0.2164427610303483	0.2780797561351058	0.469720637195319	118.30587091455772	-927.4236154111196	5.359547198867074E-4	0.7589627980155619	4.2351522883960017E-4	1.8077767221725575E-7	0.8432678536976297
9320000	-9670.463336372539	-8695.250095886284	-975.2132404862547	-8529.124958613867	110.73338889892877	1492.8768634977523	0.11461953217889213	0.9827793387780037	0.02108869066016666	0.6047183310435466	0.9785862484695617	0.5581309247301738	1.082277483815537	0.2648308227680577	2.3333850810615395	0.09941950855847285	1.7956131413438081	0.9827793387780037	0.02108869066016666	0.6047183310435466	0.9785862484695617	0.5581309247301738	1.082277483815537	0.2648308227680577	2.3333850810615395	0.09941950855847285	1.7956131413438081	6.071969020404439	0.30699690008047376	0.21065703401432584	0.20426630977009438	0.2780797561351058	0.469720637195319	133.93679251078493	-964.4604780610409	4.779997753713635E-4	0.7985937456025013	3.710919161247226E-4	1.5953954701665387E-7	0.8566464970264913
9330000	-9691.296477805603	-8725.798892704886	-965.497585100717	-8555.33511592687	126.01714466132553	1487.9798019077252	0.05078383391951987	0.12746170981839794	0.028292967625745073	0.13650250910109968	0.24518625777668976	0.9332143155151484	0.7401004640822346	0.33488675465560835	1.726471314897414	0.3699315830708613	0.3068181699272045	0.12746170981839794	0.028292967625745073	0.13650250910109968	0.24518625777668976	0.9332143155151484	0.7401004640822346	0.33488675465560835	1.726471314897414	0.3699315830708613	0.3068181699272045	5.810998473176345	0.30699690008047376	0.21065703401432584	0.20426630977009438	0.2780797561351058	0.5349073842874261	126.22283510829736	-957.9638918252862	4.5900905881867483E-4	0.6775447186700096	3.8738741507608065E-4	8.82900878247652E-8	0.6755589195403456
9340000	-9738.72476466493	-8699.28611125333	-1039.4386534116	-8534.803676124222	143.5666292996041	2040.844651142148	0.059148879864757475	0.15530390609735778	0.16306901497613618	0.29981759367309535	1.0892735697179339	1.3844858731514609	2.7935659017009047	0.2762792199973101	4.330511683086249	0.18268534451981958	1.2463201263957817	0.15530390609735778	0.16306901497613618	0.29981759367309535	1.0892735697179339	1.3844858731514609	2.7935659017009047	0.2762792199973101	4.330511683086249	0.18268534451981958	1.2463201263957817	5.443799588791521	0.30699690008047376	0.21065703401432584	0.19440960652897468	0.28793645937622553	0.4149432105582801	205.08710944359936	-1024.9902257427113	2.8792610454967196E-4	0.7453446795699171	2.6179879593776653E-4	5.265617191463381E-8	0.7838852469159757
9350000	-9669.915641580848	-8688.827452244926	-981.088189335922	-8524.493390330088	118.9738040869724	1523.882010811519	0.07378415909372417	0.10639610285544134	0.34200289939427125	0.6710934561944341	0.020095722422501888	0.6430934743042757	0.9672476794252137	0.30876111681221013	3.177517706313776	0.12858495917238338	0.25387324357641927	0.10639610285544134	0.34200289939427125	0.6710934561944341	0.020095722422501888	0.6430934743042757	0.9672476794252137	0.30876111681221013	3.177517706313776	0.12858495917238338	0.25387324357641927	6.698520573970688	0.31639692739267533	0.21065703401432584	0.19440960652897468	0.27853643206402395	0.4149432105582801	143.7686959129062	-971.9567013820179	3.857714642194684E-4	0.7826775701184363	3.5341122246922504E-4	1.3316845260699547E-7	0.9090243425917414
9360000	-9695.776106147121	-8681.543072993885	-1014.2330331532354	-8507.90494484147	125.259422705351	1648.0272516335037	0.07462137776110583	0.6362553824410669	0.464574830050154	0.3974957140277574	0.42388181556019283	0.298947930417214	0.9306791217921869	0.6321683007511358	3.9849494323543415	0.5495696176000755	0.07263950877905778	0.6362553824410669	0.464574830050154	0.3974957140277574	0.42388181556019283	0.298947930417214	0.9306791217921869	0.6321683007511358	3.9849494323543415	0.5495696176000755	0.07263950877905778	5.808306501079991	0.31639692739267533	0.21065703401432584	0.19440960652897468	0.27853643206402395	0.47779104809543305	158.25735406743442	-1003.0976587320821	4.281285858760412E-4	0.8494880449535499	3.6780845328278036E-4	1.6715231213913772E-7	0.9501297126675128
9370000	-9704.468387084547	-8697.121604985918	-1007.3467820986293	-8532.303249210378	127.98894452281334	1653.1316260404196	0.07100869781574974	0.20442202886744212	0.1553938559232395	0.4630315734742337	0.12764093612047217	0.10498402432201218	1.180209410460788	0.05532367808828489	2.827748373299571	0.5530258403422673	0.41706510451204487	0.20442202886744212	0.1553938559232395	0.4630315734742337	0.12764093612047217	0.10498402432201218	1.180209410460788	0.05532367808828489	2.827748373299571	0.5530258403422673	0.41706510451204487	5.808306501079991	0.3076648210565492	0.21065703401432584	0.19440960652897468	0.2872685384001501	0.47779104809543305	219.7022738708954	-998.4486637032732	4.5283868940979493E-4	0.7325836437620447	3.614550839265755E-4	1.829129702737474E-7	0.9679522399627797
9380000	-9675.03820556358	-8703.342183329278	-971.6960222343026	-8536.563475023555	96.60631780752358	1243.6229035307035	0.06292350290782874	1.1250129029131224	0.6488106860738789	0.7237752209796521	1.4729307446203765	0.3640657819044409	3.405270079523344	0.05367246963823567	6.1347755190618685	0.9205156955428878	0.41495023279049237	1.1250129029131224	0.6488106860738789	0.7237752209796521	1.4729307446203765	0.3640657819044409	3.405270079523344	0.05367246963823567	6.1347755190618685	0.9205156955428878	0.41495023279049237	6.1318662921877545	0.3076648210565492	0.21065703401432584	0.19267718198462697	0.28900096294449784	0.4743621157983866	124.52224679486015	-953.3169015598392	5.812990915577827E-4	0.8386785893209334	4.6548604521723196E-4	3.810103821290565E-7	1.054970982628554
9390000	-9698.07475222142	-8709.689274981132	-988.3854772402876	-8529.26672187756	144.93383235688606	1475.1461690799892	0.06626014943090099	0.981013212827114	0.09720492095965884	1.8536087677252917	1.1802885711041515	2.057985294492552	0.3004137202188489	0.3141564711365492	8.527598655119222	1.068661372866033	1.5836010847853477	0.981013212827114	0.09720492095965884	1.8536087677252917	1.1802885711041515	2.057985294492552	0.3004137202188489	0.3141564711365492	8.527598655119222	1.068661372866033	1.5836010847853477	6.293802802706455	0.3076648210565492	0.21065703401432584	0.19267718198462697	0.28900096294449784	0.5452203626912968	153.3559367794451	-967.5434659908271	4.4983778671199527E-4	0.7768670067788433	3.9947526161646183E-4	1.9426158543574744E-7	0.9495251611214125
9400000	-9643.777212275472	-8701.33083112204	-942.4463811534322	-8531.874056338454	100.91026919857624	1149.4237242673867	0.11324661560898074	0.07075251357009633	0.0059219615782069145	1.0950578175096526	0.365969854127584	1.351563037694548	1.6548759242257878	0.5662922289645945	5.11808441447667	0.2602269335961524	0.25936179803654136	0.07075251357009633	0.0059219615782069145	1.0950578175096526	0.365969854127584	1.351563037694548	1.6548759242257878	0.5662922289645945	5.11808441447667	0.2602269335961524	0.25936179803654136	6.293802802706455	0.3076648210565492	0.2215064930117853	0.19267718198462697	0.27815150394703836	0.5452203626912968	117.2754234022094	-929.5565264261128	5.806233269387084E-4	0.7545779288722481	4.749239391157293E-4	3.4642553745523926E-7	1.0186961783306963
9410000	-9677.96710974089	-8704.18780589537	-973.7793038455202	-8531.156206685573	146.43300277779338	1474.2305861463046	0.05084843751351133	1.6146956383071882	0.162181479175476	1.4648893330916968	0.21691016297658633	1.0548906646670282	2.5112704622179347	0.34390816691323606	4.796421027047146	1.7720758711206563	0.3326250379261218	1.6146956383071882	0.162181479175476	1.4648893330916968	0.21691016297658633	1.0548906646670282	2.5112704622179347	0.34390816691323606	4.796421027047146	1.7720758711206563	0.3326250379261218	7.086683383082246	0.3076648210565492	0.2215064930117853	0.19267718198462697	0.27815150394703836	0.4984468357997618	153.82766500596682	-956.4034313040909	4.4045146876494864E-4	0.7012759288312255	3.894950789146634E-4	1.7187639707064748E-7	0.9040631106655375
9420000	-9721.912118197291	-8703.80624231017	-1018.105875887123	-8530.538678302906	124.30400805098056	1714.2125830736727	0.05246651438905145	0.11928945396784693	0.029585424020648888	0.9259559221372246	0.030249168209795962	0.4558228512530121	0.8673449875079997	0.11806908548520423	4.514363182279987	0.4848218138532785	1.4224096786592615	0.11928945396784693	0.029585424020648888	0.9259559221372246	0.030249168209795962	0.4558228512530121	0.8673449875079997	0.11806908548520423	4.514363182279987	0.4848218138532785	1.4224096786592615	5.964690782474088	0.29137965673558314	0.2215064930117853	0.2035138406758158	0.2836000095768156	0.4984468357997618	178.96043709566703	-1006.5403959121845	3.495590677126388E-4	0.6752110800152363	3.224065112121071E-4	6.242934004636105E-8	0.7284764554981936
9430000	-9663.009582045624	-8684.100271898824	-978.9093101468006	-8516.23700138574	123.53701053047516	1438.2397873360603	0.0708291433140455	0.10021433951717326	0.050572375801207194	2.3997307280277336	0.7811782630526679	0.9829876252253302	0.3221401184307701	0.024560233444748905	3.4461581896494544	0.27583656623463504	0.07135240891808871	0.10021433951717326	0.050572375801207194	2.3997307280277336	0.7811782630526679	0.9829876252253302	0.3221401184307701	0.024560233444748905	3.4461581896494544	0.27583656623463504	0.07135240891808871	6.861658324485998	0.29137965673558314	0.21200707720736922	0.2035138406758158	0.2930994253812316	0.4984468357997618	169.34411628370734	-967.7043820361898	4.3995397856523626E-4	0.7334354139194411	3.8671144649962333E-4	1.1432061590219913E-7	0.7943754035351417
9440000	-9704.438143462809	-8718.390850827032	-986.0472926357764	-8547.185890026707	140.20159936703323	1600.4601033515432	0.06854814729849716	0.06427789130051238	0.0027618156150768804	0.5968151761624708	0.01544055926704649	1.5364546914536428	1.3766789809020084	0.4601724327530871	2.0678331957034812	0.3566055320857902	0.13175642714747002	0.06427789130051238	0.0027618156150768804	0.5968151761624708	0.01544055926704649	1.5364546914536428	1.3766789809020084	0.4601724327530871	2.0678331957034812	0.3566055320857902	0.13175642714747002	6.861658324485998	0.29137965673558314	0.21200707720736922	0.2152621966996408	0.2813510693574066	0.4984468357997618	139.58401419915234	-977.0730409538959	3.7713506849092735E-4	0.7174568767912339	3.223305195476139E-4	9.251041437160037E-8	0.7939027662777219
9450000	-9680.413494950128	-8698.260168976261	-982.1533259738671	-8526.671513864934	127.85591670693537	1627.7419334142437	0.07833092469838451	0.5058132316488347	0.4667195337351728	0.10708738722392293	1.7890526769393045	2.5876221892812508	0.31833312457314794	0.03580244344959498	4.136098242730912	0.5654402533465068	0.14682240711292519	0.5058132316488347	0.4667195337351728	0.10708738722392293	1.7890526769393045	2.5876221892812508	0.31833312457314794	0.03580244344959498	4.136098242730912	0.5654402533465068	0.14682240711292519	6.105430493167491	0.29137965673558314	0.21200707720736922	0.2152621966996408	0.2813510693574066	0.4984468357997618	127.58172006909403	-969.1563634027962	4.2237922039907347E-4	0.8169349495917342	3.44565584825805E-4	1.0856618688664198E-7	0.7825934287317752
9460000	-9686.04629460591	-8698.165736727533	-987.8805578783779	-8539.277656398097	103.01045157650746	1394.171874998933	0.10675682994353927	0.17374369799327127	0.0033679580680805077	2.318263721108474	4.157647990259477	0.9190380283121237	0.8561101509567729	0.4454968984250338	7.48132863887693	0.1472862025541982	0.3581914839481414	0.17374369799327127	0.0033679580680805077	2.318263721108474	4.157647990259477	0.9190380283121237	0.8561101509567729	0.4454968984250338	7.48132863887693	0.1472862025541982	0.3581914839481414	6.684416448397634	0.29137965673558314	0.21200707720736922	0.2152621966996408	0.2813510693574066	0.4984468357997618	159.89747822768877	-968.5727307355306	4.720707354133119E-4	0.8156849377689639	4.041959030525454E-4	1.5528517698882272E-7	0.8152194231160285
9470000	-9638.468836635691	-8695.466788574302	-943.00204806139	-8526.71168245935	101.29195043737778	1231.8756842804532	0.09374993483638643	0.0915570961494224	0.14070788345382443	0.02440909796362024	0.7805940720392426	1.0962160469549256	0.99118434467019	0.2929117863442742	4.185862791616869	0.3323959628852091	0.1907554515120209	0.0915570961494224	0.14070788345382443	0.02440909796362024	0.7805940720392426	1.0962160469549256	0.99118434467019	0.2929117863442742	4.185862791616869	0.3323959628852091	0.1907554515120209	5.939100306366421	0.29137965673558314	0.21200707720736922	0.2152621966996408	0.2813510693574066	0.37940874484420345	129.50139139434765	-932.2904146673058	5.075088704384364E-4	0.9515413117257205	4.566701023024813E-4	3.6928275923304464E-7	1.087879907274096
9480000	-9628.82116139643	-8672.98439673852	-955.8367646579093	-8501.054602549912	127.02127090206174	1395.1602971311354	0.11305974373537446	0.16358586243301151	0.12571545843352552	2.998412058094263	0.42804622142212617	1.7644787891426454	0.5387278853459918	0.30495655394014665	4.250288487371628	0.1903542478872265	0.30872278883982557	0.16358586243301151	0.12571545843352552	2.998412058094263	0.42804622142212617	1.7644787891426454	0.5387278853459918	0.30495655394014665	4.250288487371628	0.1903542478872265	0.30872278883982557	5.53083108556711	0.2976424635265795	0.21200707720736922	0.2089993899086444	0.2813510693574066	0.49919786017567047	131.81244808000008	-942.1428096976712	5.080431848223571E-4	1.0106432474851337	4.149679366721755E-4	3.2497336623216936E-7	1.116340678579001
9490000	-9647.904901259315	-8695.204002512517	-952.7008987467975	-8525.774230347455	135.40165240978538	1414.8310508573463	0.1336437304494125	0.6634928169916757	0.15264796722391763	1.048682017917282	0.5444124093827236	0.5910826284612523	0.5531806135399033	0.291572431791263	2.494393015321442	0.17740167508013602	0.780332602982275	0.6634928169916757	0.15264796722391763	1.048682017917282	0.5444124093827236	0.5910826284612523	0.5531806135399033	0.291572431791263	2.494393015321442	0.17740167508013602	0.780332602982275	6.44423917294136	0.2976424635265795	0.21200707720736922	0.2089993899086444	0.2813510693574066	0.49919786017567047	138.0863086035671	-942.9287650211616	5.486787630231623E-4	0.8988552914937717	4.210024422347775E-4	3.4385736147401993E-7	1.047704827855874
9500000	-9629.997858492474	-8687.769583093172	-942.2282753993029	-8521.163878882551	108.55748870700701	1175.497793107264	0.14686968814076298	0.27436476439182184	0.0015968231312623446	1.9441493800610516	4.118194121134971	1.1705366977086409	0.3125212555847683	0.10987151795916712	6.540138682162158	0.2511249386096755	0.08088868802313982	0.27436476439182184	0.0015968231312623446	1.9441493800610516	4.118194121134971	1.1705366977086409	0.3125212555847683	0.10987151795916712	6.540138682162158	0.2511249386096755	0.08088868802313982	6.44423917294136	0.30863324205774056	0.21200707720736922	0.19800861137748335	0.2813510693574066	0.49919786017567047	112.34392381477576	-924.9050879887097	5.966307638022466E-4	0.9563772274602972	4.7306354521684625E-4	4.767851168312023E-7	1.122829725200324
9510000	-9633.780428096277	-8679.51950601877	-954.2609220775059	-8513.176691244435	107.38478063145392	1232.0876180326422	0.12085855714485211	0.09877000854013648	0.09783800200217747	1.9940401490895567	1.1260938146884307	0.26213569204589426	1.723960850368783	0.0699649307980599	3.3856483846358723	0.09209497756614249	0.5061616248515232	0.09877000854013648	0.09783800200217747	1.9940401490895567	1.1260938146884307	0.26213569204589426	1.723960850368783	0.0699649307980599	3.3856483846358723	0.09209497756614249	0.5061616248515232	6.44423917294136	0.30863324205774056	0.21200707720736922	0.19800861137748335	0.2813510693574066	0.49919786017567047	138.82063142143227	-941.923374722642	6.362503946808555E-4	0.951215398379126	4.948625877709389E-4	4.211542006588623E-7	1.0592869485930243
9520000	-9628.480619913333	-8706.045460833537	-922.4351590797958	-8539.0619004969	108.33577038481614	1202.7804439320087	0.1057592296315996	0.26464808564704406	0.14705541675752293	0.36323387199652357	0.9371951319833409	1.3328154067462947	0.9635933103371073	0.09671496022586927	4.909470580725894	0.0736896207067172	1.1177835166695862	0.26464808564704406	0.14705541675752293	0.36323387199652357	0.9371951319833409	1.3328154067462947	0.9635933103371073	0.09671496022586927	4.909470580725894	0.0736896207067172	1.1177835166695862	6.714607114171745	0.30863324205774056	0.21200707720736922	0.21088729829856334	0.2684723824363266	0.42726073949035254	89.49244652154906	-909.2950175416319	6.46338188367099E-4	1.0449917729479568	4.3262572341589426E-4	4.973293598455663E-7	1.2438320471977617
9530000	-9594.811171095209	-8673.492847531557	-921.3183235636521	-8506.661730753687	104.69095944241907	1173.738695391094	0.08887600073085307	0.008170103204928607	0.1641675737455505	0.6198443842633918	0.05205854235906647	0.3149939180126431	0.4560143936749226	0.22460415744076123	2.145124365362712	0.18606892131117767	0.03640256226941559	0.008170103204928607	0.1641675737455505	0.6198443842633918	0.05205854235906647	0.3149939180126431	0.4560143936749226	0.22460415744076123	2.145124365362712	0.18606892131117767	0.03640256226941559	6.714607114171745	0.30863324205774056	0.21200707720736922	0.21088729829856334	0.2684723824363266	0.42726073949035254	98.2002479399585	-914.0097366963461	6.651442435580013E-4	0.9921955832568121	4.8239200606171043E-4	4.391236213229335E-7	1.0842673634657463
9540000	-9656.811220833713	-8682.843537929766	-973.9676829039474	-8511.29954437644	127.04941814880867	1430.0304878316683	0.08081881898723506	0.728266414880609	0.23751413981610595	1.808568354471378	0.21079830832883373	2.0150540455333843	2.210930979691619	0.4149194313566913	4.6515592163779935	0.9582943416077268	0.1300750103758759	0.728266414880609	0.23751413981610595	1.808568354471378	0.21079830832883373	2.0150540455333843	2.210930979691619	0.4149194313566913	4.6515592163779935	0.9582943416077268	0.1300750103758759	6.990741183805278	0.30863324205774056	0.20284920817563176	0.21088729829856334	0.2776302514680641	0.5724487300684854	160.9325554527819	-956.6429907928692	5.279282381836807E-4	1.0901680015292359	3.8093607546660536E-4	3.205643187669329E-7	1.103651902902082
9550000	-9637.874029063354	-8681.697521733042	-956.176507330312	-8514.233192273463	102.54469508422827	1261.9468935589646	0.1050378261890487	0.3761017101803325	0.31507534508024415	0.1981861328649097	0.005994743690365497	1.5039611384432932	1.2560986961123537	0.10782338817839304	3.0923320022996035	0.34670639130389763	0.21744162118845237	0.3761017101803325	0.31507534508024415	0.1981861328649097	0.005994743690365497	1.5039611384432932	1.2560986961123537	0.10782338817839304	3.0923320022996035	0.34670639130389763	0.21744162118845237	5.909446296005082	0.30863324205774056	0.20284920817563176	0.21088729829856334	0.2776302514680641	0.4444238106093864	129.78091474659837	-945.7304830788639	6.173035836350349E-4	1.0195395397171947	4.829389490169609E-4	5.004057829165818E-7	1.1932963969924615
9560000	-9642.704895402883	-8669.314411313608	-973.3904840892758	-8495.563974371851	131.64885035172102	1405.5229736224458	0.07445350778319433	0.024176418239424655	0.176922906567136	0.44738399879907825	0.5514476784654482	0.6686309739035565	0.0691781784352333	0.10801995433890452	2.9927750734653356	0.10139174385458379	0.2715278530541533	0.024176418239424655	0.176922906567136	0.44738399879907825	0.5514476784654482	0.6686309739035565	0.0691781784352333	0.10801995433890452	2.9927750734653356	0.10139174385458379	0.2715278530541533	6.972364734101826	0.30863324205774056	0.20284920817563176	0.21088729829856334	0.2776302514680641	0.44079013814899565	140.03977815997408	-965.0413495796623	4.841100732544795E-4	0.8464948143976062	3.848824023680551E-4	2.2028507428930452E-7	1.0177876155419296
9570000	-9637.538004562852	-8679.933377056775	-957.6046275060756	-8511.153990014258	155.82947898214312	1394.2406424076523	0.12014168714070926	0.29346398776320315	0.08071768691367052	0.9698223114204917	0.4007713622184773	0.44635057450956506	0.6834255682008348	0.5966670555521547	4.53181861961304	0.04439600272264621	0.4113766504740102	0.29346398776320315	0.08071768691367052	0.9698223114204917	0.4007713622184773	0.44635057450956506	0.6834255682008348	0.5966670555521547	4.53181861961304	0.04439600272264621	0.4113766504740102	6.009797379738255	0.30090923055008806	0.20284920817563176	0.21088729829856334	0.2853542629757166	0.44079013814899565	126.4422596326075	-946.35976031665	5.994414484905628E-4	1.0026588654440178	4.1809742045335944E-4	3.592075627253721E-7	1.0343066060614892
9580000	-9653.705918985572	-8672.751422873145	-980.9544961124275	-8493.712610793884	118.79584690675546	1400.096127215206	0.12650702773152686	0.3925332039500749	0.13594083078937896	0.4553491847850148	1.4204453378440631	0.2673800359356817	3.2220597090941334	0.009591389569016385	2.517540401491465	0.18799330130828534	3.246959271205592	0.3925332039500749	0.13594083078937896	0.4553491847850148	1.4204453378440631	0.2673800359356817	3.2220597090941334	0.009591389569016385	2.517540401491465	0.18799330130828534	3.246959271205592	6.824531501144001	0.30090923055008806	0.20284920817563176	0.21088729829856334	0.2853542629757166	0.44079013814899565	142.968026762175	-966.4373724716469	4.7237948855496285E-4	0.9647536891327193	3.8061724663099783E-4	3.3688523302053405E-7	1.2689472219737785
9590000	-9609.907371114128	-8656.167530780041	-953.7398403340871	-8485.46588898545	116.8736457834729	1278.7160354256098	0.09160563178402806	0.4978040854402721	0.010714001264411662	2.0800574221862957	2.326743766342756	0.763532269154982	1.393729499627111	0.7470324640038004	5.1169283206868625	0.3066154704920201	0.8191821504670679	0.4978040854402721	0.010714001264411662	2.0800574221862957	2.326743766342756	0.763532269154982	1.393729499627111	0.7470324640038004	5.1169283206868625	0.3066154704920201	0.8191821504670679	6.333104046223807	0.30090923055008806	0.20284920817563176	0.21088729829856334	0.2853542629757166	0.44079013814899565	127.72754828183812	-937.2258498455476	5.139247189403321E-4	0.8320153463691072	4.346617989563254E-4	4.884979567146175E-7	1.3462002650072133
9600000	-9664.247527319274	-8680.060218491122	-984.1873088281525	-8504.575409785539	157.87007751405656	1631.5388025170332	0.09713637224999923	0.4289639192538842	0.25305252125157823	0.08953851170524765	0.6104194801447881	1.4301681606297294	1.1115992487654396	0.007322377534928939	3.6468867328200334	0.34280780200232314	0.04555435447911791	0.4289639192538842	0.25305252125157823	0.08953851170524765	0.6104194801447881	1.4301681606297294	1.1115992487654396	0.007322377534928939	3.6468867328200334	0.34280780200232314	0.04555435447911791	6.333104046223807	0.30090923055008806	0.20284920817563176	0.21088729829856334	0.2853542629757166	0.6192324636206203	143.61820648827023	-974.0106419150687	4.086210385683127E-4	0.7578083910902363	3.40961622489827E-4	2.897748662569735E-7	1.217267701977496
9610000	-9664.818834612948	-8688.807429292036	-976.011405320912	-8505.550996978214	148.4244681411004	1473.2582898687908	0.09249021228648262	1.827195311101587	0.2295470541469316	0.2493578291126282	0.49618740181376575	0.5393884755280351	0.5023549438033047	0.11464331189472872	7.563375354830967	0.6182853376368721	0.6131137163494876	1.827195311101587	0.2295470541469316	0.2493578291126282	0.49618740181376575	0.5393884755280351	0.5023549438033047	0.11464331189472872	7.563375354830967	0.6182853376368721	0.6131137163494876	6.333104046223807	0.29101051135068623	0.20284920817563176	0.22078601749796517	0.2853542629757166	0.6192324636206203	136.6204470927085	-960.6591908469086	4.4669811117359625E-4	0.8630296331768094	3.716953480068697E-4	2.8795801690208664E-7	1.1345179094193854
9620000	-9632.692575755536	-8684.299900566837	-948.3926751886988	-8509.133091764974	171.60746269692555	1388.9259890545038	0.09131226187318639	0.5102432242769878	0.06559407795136937	0.00967556648494313	0.07963397083822431	0.15415536438548916	1.9484749014436626	0.12534156737398952	2.6348697929839937	0.4233164986757566	0.6582603845831209	0.5102432242769878	0.06559407795136937	0.00967556648494313	0.07963397083822431	0.15415536438548916	1.9484749014436626	0.12534156737398952	2.6348697929839937	0.4233164986757566	0.6582603845831209	6.333104046223807	0.29101051135068623	0.2186997009650853	0.22078601749796517	0.2695037701862631	0.3656875677806385	135.48389346436596	-939.5264186553769	4.913764548161912E-4	0.8189598775438647	3.794004686355878E-4	2.887879132801661E-7	1.0631773265781002
9630000	-9643.24776894962	-8684.544688457478	-958.7030804921436	-8525.043020778614	141.8314337092193	1324.7757758388855	0.07262820282480364	0.04428464333911961	0.0436422025143198	0.6318587376934202	0.7268512882178326	0.21192131853925397	1.1981182995705912	0.23971640650833992	3.4068450583272742	0.516845604112571	0.22380070981004385	0.04428464333911961	0.0436422025143198	0.6318587376934202	0.7268512882178326	0.21192131853925397	1.1981182995705912	0.23971640650833992	3.4068450583272742	0.516845604112571	0.22380070981004385	6.8558377217129465	0.29101051135068623	0.2007535400731649	0.2037369466923047	0.304499001883844	0.4523273581720931	153.5247598226999	-948.742946136157	4.885211266690552E-4	0.7297199822991327	4.0613165129248626E-4	1.5447969708214007E-7	0.8034597426564946
9640000	-9688.066204557692	-8698.261782343727	-989.8044222139647	-8532.585358106504	148.06043043204124	1490.2874831702468	0.08505663393119031	0.25892602677338145	0.3954726748652663	1.1755268367542087	0.768165452934094	1.1708948244956632	3.3653513546082023	2.736697869645256	7.651012969036433	1.361434835671844	0.08697784565473157	0.25892602677338145	0.3954726748652663	1.1755268367542087	0.768165452934094	1.1708948244956632	3.3653513546082023	2.736697869645256	7.651012969036433	1.361434835671844	0.08697784565473157	7.75294723374585	0.29101051135068623	0.2007535400731649	0.2037369466923047	0.304499001883844	0.4523273581720931	156.9963976110735	-968.2127112980963	4.3548768239218993E-4	0.7295375785262822	3.65393932296966E-4	1.308284653017616E-7	0.8656410380572154
9650000	-9667.205026505191	-8702.397387979428	-964.8076385257637	-8544.258626942874	108.97253279996427	1316.052378969156	0.07029231441969043	0.1313397069988477	0.011687766762757216	1.55230403233442	0.05022036759752289	0.8964715925583382	0.690719824083006	1.1119682255727625	4.0092849311920515	0.8407821134188025	1.2930501871782263	0.1313397069988477	0.011687766762757216	1.55230403233442	0.05022036759752289	0.8964715925583382	0.690719824083006	1.1119682255727625	4.0092849311920515	0.8407821134188025	1.2930501871782263	6.134550308385193	0.3018279256420707	0.2007535400731649	0.2037369466923047	0.2936815875924595	0.4523273581720931	140.56479750205088	-951.4585869843527	5.07342816327794E-4	0.7987327194647152	4.1317174452295153E-4	1.9149301394761882E-7	0.8843664564486797
9660000	-9692.515658277933	-8697.248102669631	-995.2675556083009	-8524.049804929593	145.6356378422493	1570.719964739168	0.0721464513518925	2.667016835381987	0.4807330203318181	3.7651042138241215	0.8940431703336943	1.015272777737789	1.510421681820799	0.288901012504584	3.768879573544377	0.8338694932918524	0.3601726149285221	2.667016835381987	0.4807330203318181	3.7651042138241215	0.8940431703336943	1.015272777737789	1.510421681820799	0.288901012504584	3.768879573544377	0.8338694932918524	0.3601726149285221	6.134550308385193	0.2901356584264663	0.2007535400731649	0.2037369466923047	0.3053738548080639	0.4523273581720931	158.93084741861415	-976.9226099529119	4.2867763767668286E-4	0.8248903033954165	3.4599365264738026E-4	1.4099941130932332E-7	0.8950187701936467
9670000	-9680.651700750212	-8682.960597530853	-997.691103219358	-8511.78177068067	121.1795288002646	1563.4403715730407	0.09231112703251267	0.4958096833913401	0.006088608495286707	0.7946333534716434	0.0037045619361877236	0.34707832414425094	1.5856293474694738	1.3437090164260712	3.8935401455725236	0.4638198407210775	0.8213235175521914	0.4958096833913401	0.006088608495286707	0.7946333534716434	0.0037045619361877236	0.34707832414425094	1.5856293474694738	1.3437090164260712	3.8935401455725236	0.4638198407210775	0.8213235175521914	7.0193980103536315	0.27944439624913797	0.21144480225049325	0.2037369466923047	0.3053738548080639	0.4523273581720931	180.92191895981412	-985.0137856000573	4.099558782671143E-4	0.8920585626787262	3.326846930835262E-4	1.4765293449879028E-7	0.9200675102385335
9680000	-9758.665756002352	-8691.931855989591	-1066.733900012761	-8525.22505244176	178.03559111418627	2210.0754845500987	0.06698109170160747	0.036220699667106566	0.009706732406977964	0.5511682286259215	0.030222413249035882	0.6811791153962843	0.13271945617250638	0.8865934711262349	4.751356908122109	0.1376950296284185	0.24535137657894107	0.036220699667106566	0.009706732406977964	0.5511682286259215	0.030222413249035882	0.6811791153962843	0.13271945617250638	0.8865934711262349	4.751356908122109	0.1376950296284185	0.24535137657894107	5.85928676840884	0.2982072857963145	0.20200086572911224	0.19441799366650914	0.3053738548080639	0.40308830586390326	273.09819032934274	-1056.3626680070556	3.116006955850699E-4	0.7738098697857949	2.37978710953696E-4	7.605106914783927E-8	0.9296498681586387
9690000	-9732.713797029834	-8700.981847949975	-1031.7319490798577	-8533.465388630706	159.88646897907336	1916.0980798756314	0.06260033663321397	0.18721445947881227	0.18384427911240916	1.0738207125564576	1.1132038424367872	0.894017903072036	2.040151893002623	0.04508178576976841	4.968542543186648	0.20032804432916568	0.9353622370133357	0.18721445947881227	0.18384427911240916	1.0738207125564576	1.1132038424367872	0.894017903072036	2.040151893002623	0.04508178576976841	4.968542543186648	0.20032804432916568	0.9353622370133357	5.511446104569412	0.2982072857963145	0.20200086572911224	0.20391780255052336	0.2958740459240497	0.40308830586390326	207.5558143968551	-1017.2173195784794	3.6931348347928023E-4	0.8244393740467343	3.004092572562131E-4	9.82396573079695E-8	0.9143935805499084
9700000	-9728.251816663	-8689.477852989225	-1038.773963673775	-8520.96418664023	141.06246240766157	1995.7149893307685	0.06489670247990859	0.10335693106131554	0.38548571431982603	0.14448465501960964	0.14688806134121304	1.0444378567105743	2.4392434925548	0.31306902158783484	4.529923533300506	0.03821187415190899	1.3438690798430697	0.10335693106131554	0.38548571431982603	0.14448465501960964	0.14688806134121304	1.0444378567105743	2.4392434925548	0.31306902158783484	4.529923533300506	0.03821187415190899	1.3438690798430697	6.332975751286427	0.2982072857963145	0.20200086572911224	0.21265689136363927	0.2871349571109338	0.40308830586390326	207.6901946871203	-1025.737503355196	3.296001394528051E-4	0.7115022254283212	2.5408751013887706E-4	8.631935596588613E-8	0.9150750973217016
9710000	-9737.121573988417	-8699.945861641354	-1037.175712347064	-8531.487519187498	137.4611467849679	1966.0577022407706	0.06981340263040627	0.1223347222380135	0.31578840601043634	0.33130933756646963	1.032859735443203	0.9256839303653333	1.2619153009916744	0.4723336937115756	3.6192176595328696	0.38003050892624696	1.260518331594646	0.1223347222380135	0.31578840601043634	0.33130933756646963	1.032859735443203	0.9256839303653333	1.2619153009916744	0.4723336937115756	3.6192176595328696	0.38003050892624696	1.260518331594646	6.120195163502243	0.2982072857963145	0.20200086572911224	0.21265689136363927	0.2871349571109338	0.44922221146009134	225.13293954513745	-1024.6818868839096	3.4005694130888017E-4	0.7819315292134437	2.727546594216137E-4	7.873031018201983E-8	0.8840412241608894
9720000	-9747.190629371056	-8690.755095042312	-1056.4355343287448	-8522.853503962133	184.7658133596707	2294.986216305426	0.0679312244747355	1.166978803540393	0.1740917275670376	0.10914850921685937	0.8184911272878894	0.9118808857630837	0.9770628555332718	0.160823114017939	1.7779389452685495	0.3498796043668098	0.13481251175301842	1.166978803540393	0.1740917275670376	0.10914850921685937	0.8184911272878894	0.9118808857630837	0.9770628555332718	0.160823114017939	1.7779389452685495	0.3498796043668098	0.13481251175301842	6.120195163502243	0.2982072857963145	0.20200086572911224	0.21265689136363927	0.2871349571109338	0.44922221146009134	243.57491426179178	-1046.6872473062685	3.289303452882474E-4	0.8773503510306574	2.582189096611305E-4	6.368405150604733E-8	0.8284973027220159
9730000	-9729.58169465105	-8700.460481946559	-1029.121212704491	-8533.272905339601	209.21615501715118	2147.1796855694356	0.08852603109095698	0.24787458106033544	0.045847646612567565	0.3751450380133315	0.28267558401028486	0.6567927640617217	0.981049195995027	0.025740386232681087	4.437848985411092	0.9218298634223705	1.1793414857494007	0.24787458106033544	0.045847646612567565	0.3751450380133315	0.28267558401028486	0.6567927640617217	0.981049195995027	0.025740386232681087	4.437848985411092	0.9218298634223705	1.1793414857494007	5.651826570962031	0.2982072857963145	0.20200086572911224	0.22123791925644726	0.2785539292181258	0.44922221146009134	194.29630826315477	-1017.3619954203724	3.6906228411253436E-4	0.8975844767191085	2.592265767928294E-4	8.557870394300047E-8	0.8499669114558591
9740000	-9711.026507252123	-8670.640372304792	-1040.386134947332	-8508.737218004433	139.071009754753	1968.7784086253987	0.048001184006941505	0.2629294404668989	0.14045809579851024	1.0003854111664932	0.061229307596259414	3.026035577412525	0.34439127349923077	0.17505029107822923	4.537344969465183	0.3822528289798327	0.07658094127166924	0.2629294404668989	0.14045809579851024	1.0003854111664932	0.061229307596259414	3.026035577412525	0.34439127349923077	0.17505029107822923	4.537344969465183	0.3822528289798327	0.07658094127166924	5.651826570962031	0.2982072857963145	0.20200086572911224	0.21069502612800678	0.28909682234656625	0.5899787559591692	200.2570794822478	-1027.2310630920758	3.4466765114143125E-4	0.7528913310559101	2.6301551056527725E-4	7.323058015558293E-8	0.8556854712905582
9750000	-9762.014258568788	-8683.704223661367	-1078.3100349074216	-8528.56246222505	203.27110391359025	2590.2355668808464	0.04864779667413752	0.031564121374129075	0.06803892528280352	0.3721492625261473	0.8648499271057367	0.8738564286031709	1.7032089845477907	0.23572241203210448	1.7999122444231346	0.2160665098548941	0.7597778706376274	0.031564121374129075	0.06803892528280352	0.3721492625261473	0.8648499271057367	0.8738564286031709	1.7032089845477907	0.23572241203210448	1.7999122444231346	0.2160665098548941	0.7597778706376274	7.070140145085574	0.2982072857963145	0.20200086572911224	0.1991696990416195	0.30062214943295357	0.5899787559591692	266.1046953499935	-1067.5681984237974	3.0539448917459125E-4	0.7807056090690424	2.191787287625515E-4	6.000845080332122E-8	0.8530668917757017
9760000	-9761.188113964214	-8694.011849259514	-1067.1762647047008	-8529.29321618853	202.51085318548158	2518.98755559955	0.07426079134978487	0.4097192391565457	0.1645781073481334	1.407805493231499	3.8116120331367416	0.8009422749363296	1.2657921613842853	0.017323751415613105	4.143508118558384	0.28668356973253034	0.03557416450520087	0.4097192391565457	0.1645781073481334	1.407805493231499	3.8116120331367416	0.8009422749363296	1.2657921613842853	0.017323751415613105	4.143508118558384	0.28668356973253034	0.03557416450520087	7.070140145085574	0.3067221683451938	0.20200086572911224	0.1991696990416195	0.2921072668840743	0.5899787559591692	248.9544160178692	-1051.5503475467924	3.067397771323143E-4	0.8235395571222978	2.1834686727139463E-4	6.690052150609264E-8	0.8674812888073778
9770000	-9720.540285979752	-8698.648164889693	-1021.8921210900585	-8524.548659334829	128.46789544238536	1808.7036895692415	0.06091256644192321	0.03222428705033459	0.4300785250004659	0.6044408047678643	1.299952215844523	0.4431931394841785	1.37576100505026	0.2530015199645613	6.188201977273888	1.9019007995243826	0.16164785190827008	0.03222428705033459	0.4300785250004659	0.6044408047678643	1.299952215844523	0.4431931394841785	1.37576100505026	0.2530015199645613	6.188201977273888	1.9019007995243826	0.16164785190827008	6.818510714332929	0.3067221683451938	0.20200086572911224	0.1991696990416195	0.2921072668840743	0.4454336468479928	180.50347530230192	-1006.16736982289	4.0776137740913414E-4	0.7580972098209631	2.9388384651594376E-4	1.0202861354097319E-7	0.8655074614452487
9780000	-9702.281324890253	-8689.528421286972	-1012.7529036032805	-8528.293297507085	154.83681219396897	1826.8574115443616	0.08462969021789574	0.03727302889187023	0.15021869538118965	0.09754200732991342	1.6113098155424128	0.9691824054972085	0.016352565127022555	0.5218969913673813	2.1281526981024235	0.513633245509581	1.1728000036230253	0.03727302889187023	0.15021869538118965	0.09754200732991342	1.6113098155424128	0.9691824054972085	0.016352565127022555	0.5218969913673813	2.1281526981024235	0.513633245509581	1.1728000036230253	5.867523142024558	0.30757653483130004	0.20200086572911224	0.1991696990416195	0.29125290039796803	0.4454336468479928	189.24789317047427	-1003.3396065243116	4.0466348354262265E-4	0.6926272280692501	2.861710062873898E-4	1.0831925912422678E-7	0.8912515338455264
9790000	-9688.202718452316	-8688.399803398279	-999.8029150540367	-8516.41473102606	156.52221606201482	1805.565745723909	0.09984883573450605	0.36331767138849774	0.08961907090053388	0.3776133169448079	2.221270060287637	0.1206107457114827	1.0888871747832114	1.321960793710983	2.1323520293197276	0.07113407946014728	0.7297337962294788	0.36331767138849774	0.08961907090053388	0.3776133169448079	2.221270060287637	0.1206107457114827	1.0888871747832114	1.321960793710983	2.1323520293197276	0.07113407946014728	0.7297337962294788	6.610033573061427	0.31445596446422225	0.20200086572911224	0.1991696990416195	0.2843734707650458	0.4454336468479928	173.69429073393943	-988.7983047076683	4.203215518416918E-4	0.8007317042998647	2.8061192325908377E-4	1.469370075300462E-7	0.9739828567575712
9800000	-9657.678458103748	-8676.521870668967	-981.1565874347812	-8510.551589324034	137.53701017055755	1642.0446087598993	0.053260595240050786	0.12861963415915362	0.17661635042875903	0.7850740259300244	0.6442672380174691	1.2755436263179114	0.23190240038921656	0.03656529146859292	3.839515271352917	0.04541409923767158	0.6679342414991908	0.12861963415915362	0.17661635042875903	0.7850740259300244	0.6442672380174691	1.2755436263179114	0.23190240038921656	0.03656529146859292	3.839515271352917	0.04541409923767158	0.6679342414991908	6.610033573061427	0.31445596446422225	0.20200086572911224	0.1991696990416195	0.2843734707650458	0.6023175022543419	161.74147246407736	-969.5428921900923	5.01558105337219E-4	0.8645377161758385	3.166110636516684E-4	2.0755475781488289E-7	0.9906683114835263
9810000	-9690.881471241433	-8686.28112343015	-1004.6003478112829	-8520.232529300472	131.9285894102792	1761.4128114569235	0.06288953699503519	0.36289230685059065	0.013780820765092055	1.9594874238853457	0.09630652536762467	1.0192086437923855	0.9005605786556076	0.037819321232825304	3.4112637648780297	0.12559673406549818	0.8768210277080541	0.36289230685059065	0.013780820765092055	1.9594874238853457	0.09630652536762467	1.0192086437923855	0.9005605786556076	0.037819321232825304	3.4112637648780297	0.12559673406549818	0.8768210277080541	6.5332649303851635	0.31445596446422225	0.20200086572911224	0.1991696990416195	0.2843734707650458	0.6023175022543419	164.45526778237178	-992.3441298847781	5.002885269572233E-4	0.838552485319794	3.4080097919586956E-4	2.068022742690964E-7	1.0431459984161537
9820000	-9674.971641047749	-8685.240547021505	-989.7310940262437	-8517.738812278083	137.25371592110477	1727.7210281657942	0.08106196245432519	0.48456409061404926	0.12712930330577935	0.21278883046116462	0.3416984757916563	1.2543125137594298	1.0305350853482278	0.8990562606389195	3.048266429701639	0.13353866956821778	0.3615212686934626	0.48456409061404926	0.12712930330577935	0.21278883046116462	0.3416984757916563	1.2543125137594298	1.0305350853482278	0.8990562606389195	3.048266429701639	0.13353866956821778	0.3615212686934626	6.655810331209343	0.31445596446422225	0.18722366324480694	0.2139469015259248	0.2843734707650458	0.6023175022543419	161.62795087911033	-978.5304053847071	5.127434390335596E-4	0.8829061959448437	3.246300929724345E-4	2.2705408775027054E-7	1.0641408816765612
9830000	-9626.73187198138	-8665.10911043395	-961.6227615474282	-8495.39483475462	120.31521101018635	1458.2129873137317	0.06603088168113992	0.2238675632961173	0.0218892985485835	0.7623343842909617	1.4384880317748596	0.692779630338225	0.8605877666245768	1.3844691938896194	3.505938874439585	0.025224854343139355	0.6027322263025214	0.2238675632961173	0.0218892985485835	0.7623343842909617	1.4384880317748596	0.692779630338225	0.8605877666245768	1.3844691938896194	3.505938874439585	0.025224854343139355	0.6027322263025214	6.483018195491226	0.29207523665045404	0.1964193845269372	0.2139469015259248	0.2975584772966838	0.6450316237021978	138.29274525202845	-948.2927563133935	5.903246269060947E-4	0.9725444587661162	3.8406347323600385E-4	4.085491983467888E-7	1.1265795321763412
9840000	-9634.501494010918	-8685.917520716537	-948.5839732943798	-8525.691515091197	100.43471882272104	1282.96274172454	0.059254408011176894	0.09310480937635904	0.13429823756686252	1.1599557730952363	0.13758348158419145	1.157019644205472	0.8494714871061579	0.2071435928963523	3.0188007563253656	0.012693557804932818	0.8724729948055912	0.09310480937635904	0.13429823756686252	1.1599557730952363	0.13758348158419145	1.157019644205472	0.8494714871061579	0.2071435928963523	3.0188007563253656	0.012693557804932818	0.8724729948055912	6.483018195491226	0.29207523665045404	0.1964193845269372	0.2139469015259248	0.2975584772966838	0.6450316237021978	129.803728578668	-937.6854224604059	5.634322509807541E-4	0.7856901101722269	3.987157576709321E-4	2.3141019768121625E-7	0.9333999433633883
9850000	-9622.283797547014	-8681.07166952947	-941.2121280175442	-8519.099374704252	98.69355100163452	1226.8263955694815	0.058414895404113876	0.17935349674403953	0.1922485745541554	1.4650545652336013	0.02338954483613881	0.9691531045055556	0.7591347797574629	0.18949413567161744	3.0460643544620045	0.18490113642590628	0.2957146068849893	0.17935349674403953	0.1922485745541554	1.4650545652336013	0.02338954483613881	0.9691531045055556	0.7591347797574629	0.18949413567161744	3.0460643544620045	0.18490113642590628	0.2957146068849893	6.483018195491226	0.29207523665045404	0.20193995477410212	0.2139469015259248	0.2920379070495188	0.6450316237021978	120.55214243647293	-930.2020911083677	6.709375432200088E-4	0.8807592000195988	4.682883949255685E-4	3.130224249669542E-7	0.9180490751589694
9860000	-9645.20049986418	-8688.357850562905	-956.8426493012755	-8523.944291662163	108.74057704592153	1270.5722270747656	0.12232284572974103	0.038419577883981745	0.1594932769931898	0.3497882956838522	1.6403660466608658	0.1237128772098319	1.40368284261088	0.13478243846371699	2.5248282855566275	0.06504246628988887	0.0810650326547025	0.038419577883981745	0.1594932769931898	0.3497882956838522	1.6403660466608658	0.1237128772098319	1.40368284261088	0.13478243846371699	2.5248282855566275	0.06504246628988887	0.0810650326547025	5.657458928364	0.29207523665045404	0.2187850639033647	0.19710179239666223	0.2920379070495188	0.5158790351453093	123.75163708126593	-948.7626707928907	4.8015300206683963E-4	0.7148877991150692	4.1057571569604756E-4	1.8566156147019573E-7	0.9080995229413721
9870000	-9661.852851617547	-8682.616764672974	-979.2360869445732	-8511.110176307116	117.96801223249675	1440.2565082453148	0.06598139710310962	1.2157688036250243	0.46347865049609743	0.9543942284032996	0.35292900159760576	1.2787515511517966	0.8833728636983805	0.016492142046518176	2.8481186060145744	0.5783367240439174	0.38605147693294783	1.2157688036250243	0.46347865049609743	0.9543942284032996	0.35292900159760576	1.2787515511517966	0.8833728636983805	0.016492142046518176	2.8481186060145744	0.5783367240439174	0.38605147693294783	7.051154071210208	0.29207523665045404	0.2187850639033647	0.19710179239666223	0.2920379070495188	0.5158790351453093	154.15556791056105	-967.3318007402671	4.406790755361429E-4	0.7662673618091783	3.839884365695507E-4	1.7639462184222057E-7	0.9547760522521037
9880000	-9659.197789242442	-8673.658516365143	-985.539272877299	-8509.59157373399	128.7786441844526	1513.8196308595432	0.05995533211681736	0.18096741836794475	0.11932721409666057	1.1207722543001237	0.6699710318580439	0.6445928019469583	2.4076567516830782	0.11665799764587594	4.022559670431877	0.6116681780577624	1.2101352631928701	0.18096741836794475	0.11932721409666057	1.1207722543001237	0.6699710318580439	0.6445928019469583	2.4076567516830782	0.11665799764587594	4.022559670431877	0.6116681780577624	1.2101352631928701	6.056106556989282	0.29207523665045404	0.19899460111740047	0.21689225518262645	0.2920379070495188	0.35406196029114567	171.95342074685635	-971.5647438962009	4.16555917040744E-4	0.8145171018421148	3.598802740565468E-4	1.0155907469797759E-7	0.7747475587411282
9890000	-9613.997887523741	-8672.85954096097	-941.1383465627716	-8508.17381737286	88.66282713378695	1133.2815168520103	0.11782848089870844	0.1941676441627705	0.0724132496521609	0.020497496300674052	1.6494510814123362	0.5620264719003817	0.7490531172606429	0.20085908001096647	2.8888929240353134	0.276706555906752	0.3723115506637393	0.1941676441627705	0.0724132496521609	0.020497496300674052	1.6494510814123362	0.5620264719003817	0.7490531172606429	0.20085908001096647	2.8888929240353134	0.276706555906752	0.3723115506637393	7.084966433027592	0.29207523665045404	0.19899460111740047	0.21689225518262645	0.2920379070495188	0.35406196029114567	126.54605205794302	-931.5193428014849	5.868575221835631E-4	0.9026851240157204	4.998192593525263E-4	3.5754958070960067E-7	0.9663907331577907
9900000	-9634.123502074155	-8685.089126019577	-949.0343760545785	-8522.617133516324	86.7482018992261	1167.68638799024	0.08707648895435986	0.9899210621690532	0.07144768283298783	0.4629173560460643	0.7796245223474446	1.312608998840472	1.1761376113848547	0.13106981329792777	4.2757481935286865	0.1141702038608576	1.8300151936266242	0.9899210621690532	0.07144768283298783	0.4629173560460643	0.7796245223474446	1.312608998840472	1.1761376113848547	0.13106981329792777	4.2757481935286865	0.1141702038608576	1.8300151936266242	6.056461700680488	0.29207523665045404	0.19899460111740047	0.21689225518262645	0.2920379070495188	0.5008486809318403	135.90336906920197	-936.0226955243129	5.279816664968473E-4	0.6107517672451175	4.7051721769475127E-4	1.2076885534763012E-7	0.6617893962362753
9910000	-9623.079662793003	-8656.220939533268	-966.8587232597354	-8495.832397950639	104.38289671423493	1349.2681036816296	0.09823544899222328	0.6801886903609119	0.029691819837123073	2.1523751959023705	1.987267839421155	0.3339589005450815	1.003057965688	0.07958690175988305	5.400351984167401	0.5249554146500942	0.7833206353184481	0.6801886903609119	0.029691819837123073	2.1523751959023705	1.987267839421155	0.3339589005450815	1.003057965688	0.07958690175988305	5.400351984167401	0.5249554146500942	0.7833206353184481	6.056461700680488	0.29207523665045404	0.19899460111740047	0.21689225518262645	0.2920379070495188	0.5008486809318403	148.38052967388566	-951.4139888591468	5.009988355478133E-4	0.8294620930591681	4.3305127949339143E-4	1.7189751312960846E-7	0.8120910041373368
9920000	-9649.748425423553	-8688.457647428659	-961.2907779948955	-8519.108725700424	101.3776957930057	1297.1308659171723	0.03910552241273603	0.6319052605053181	0.13510317133638813	0.5871278506831777	0.41631415733569743	0.9780857614521451	0.5873609893500774	0.1791844352391341	4.892771572928298	0.2274213496506724	0.9207537332119748	0.6319052605053181	0.13510317133638813	0.5871278506831777	0.41631415733569743	0.9780857614521451	0.5873609893500774	0.1791844352391341	4.892771572928298	0.2274213496506724	0.9207537332119748	5.859999004766084	0.29207523665045404	0.21250934797945265	0.21689225518262645	0.27852316018746665	0.43878513641572175	143.22977330408696	-948.2980271908303	4.710570895173708E-4	0.8064753615990768	3.8324745397384595E-4	1.753317190812617E-7	0.9458037838191079
9930000	-9649.38119928447	-8662.381979128291	-986.9992201561789	-8499.947496783478	117.85291231644456	1474.9361047572663	0.055375345161004896	0.7959619751434399	0.04137372425665506	1.323687809323635	0.7708741487824232	3.3456039008341047	1.2129689826631487	1.3162365403355234	4.6555015136284785	0.3945123941277617	0.07816396896763758	0.7959619751434399	0.04137372425665506	1.323687809323635	0.7708741487824232	3.3456039008341047	1.2129689826631487	1.3162365403355234	4.6555015136284785	0.3945123941277617	0.07816396896763758	6.696993427939006	0.29207523665045404	0.21250934797945265	0.21689225518262645	0.27852316018746665	0.5424309812944113	151.68054506856922	-969.293395349988	5.065210986460265E-4	0.9489517669562516	3.6911600719936134E-4	2.6155050088388144E-7	1.0181850167849
9940000	-9638.428269523574	-8673.318362424916	-965.1099070986575	-8512.497547773617	112.99859750777827	1387.8153753145384	0.05577794364912559	0.41157819330959455	0.3101855861327703	0.2753932139830348	0.2900801967579792	1.1252194602838916	1.4812205719918856	0.1728736377379191	3.5007526578130848	0.4713204907725396	0.01843296538874914	0.41157819330959455	0.3101855861327703	0.2753932139830348	0.2900801967579792	1.1252194602838916	1.4812205719918856	0.1728736377379191	3.5007526578130848	0.4713204907725396	0.01843296538874914	6.696993427939006	0.29207523665045404	0.21250934797945265	0.21131059347940082	0.28410482189069225	0.47903396451337305	134.34694363139005	-953.196258453121	5.840165258804845E-4	0.9792937381774284	4.009570195198894E-4	4.510111718022419E-7	1.218842728500269
9950000	-9642.273178867312	-8670.269155692218	-972.0040231750945	-8514.52024292193	111.44880883627478	1426.311736466943	0.08244218269962926	0.027015159045224432	1.9523445475594616E-4	0.5870142302642374	1.5962165547102298	0.7718419148074602	1.8955293480941553	0.3312961123774889	3.084126503291263	0.39421130474942917	1.7899184785035502	0.027015159045224432	1.9523445475594616E-4	0.5870142302642374	1.5962165547102298	0.7718419148074602	1.8955293480941553	0.3312961123774889	3.084126503291263	0.39421130474942917	1.7899184785035502	6.013119579613084	0.29207523665045404	0.21250934797945265	0.21131059347940082	0.28410482189069225	0.47903396451337305	131.44616938512476	-959.0625456457408	5.104703059026215E-4	0.8157556308083793	3.8386596408611525E-4	2.1186128392116992E-7	0.9905754813030557
9960000	-9631.418733872775	-8681.890979277336	-949.5277545954395	-8523.090144759282	122.49977105823456	1337.6646302871018	0.0661073161653854	0.5134709969600092	0.17517418363017623	0.7343494860992088	1.4989308519018218	0.8984628627859825	1.2141677870400764	0.40864886074376083	3.2219822098872486	0.7598467492919735	0.16389203305992567	0.5134709969600092	0.17517418363017623	0.7343494860992088	1.4989308519018218	0.8984628627859825	1.2141677870400764	0.40864886074376083	3.2219822098872486	0.7598467492919735	0.16389203305992567	5.706954065896366	0.29207523665045404	0.21250934797945265	0.21131059347940082	0.28410482189069225	0.47903396451337305	108.43990933764039	-937.5362791191725	5.085744175436488E-4	0.79198285318837	3.9909371633972565E-4	2.0092532695752514E-7	0.8926831172348731
9970000	-9632.710539709273	-8675.210975293068	-957.4995644162044	-8510.742403856451	143.5576693552141	1428.2734451820074	0.06025009590674939	1.0414140587212397	0.3270334574293714	0.10135615637009579	0.4271361810895586	0.3942884662209192	1.0884725779241065	0.6298244218037797	3.860495096356403	0.8524250302317694	0.22700449257602187	1.0414140587212397	0.3270334574293714	0.10135615637009579	0.4271361810895586	0.3942884662209192	1.0884725779241065	0.6298244218037797	3.860495096356403	0.8524250302317694	0.22700449257602187	6.693238481156674	0.29207523665045404	0.21250934797945265	0.21131059347940082	0.28410482189069225	0.47903396451337305	137.57769401142033	-945.3966750291962	4.876721459745444E-4	0.8501776635211276	3.951529311414495E-4	2.063562741161377E-7	0.8933884161263593
9980000	-9625.911343039379	-8679.084630841342	-946.8267121980363	-8520.147484355219	158.86252834330972	1426.2817266868851	0.07712382702080207	0.07498885677891064	0.09975239029753412	0.7521056930057932	0.08959471588920498	0.24041734047437038	0.4184041749942152	0.10362279555739873	2.5379312628921067	0.6978182811639863	0.15391976902866586	0.07498885677891064	0.09975239029753412	0.7521056930057932	0.08959471588920498	0.24041734047437038	0.4184041749942152	0.10362279555739873	2.5379312628921067	0.6978182811639863	0.15391976902866586	5.842548442371459	0.29207523665045404	0.21250934797945265	0.21131059347940082	0.28410482189069225	0.47903396451337305	129.4690886139837	-939.1581449072658	4.927966140862686E-4	0.8312157952312094	4.033621707789212E-4	2.1685293023465902E-7	0.8978104705946033
9990000	-9657.096141302864	-8680.524900006812	-976.571241296051	-8515.811817170274	157.65285107732035	1562.023220387384	0.04383480813738147	0.18836253129410124	0.42475019677829984	1.2462753664292296	0.8656322471863627	0.5938063982305667	2.2205460794653624	0.12011789878048941	4.872529025856514	1.1022072155108147	0.25558822116039454	0.18836253129410124	0.42475019677829984	1.2462753664292296	0.8656322471863627	0.5938063982305667	2.2205460794653624	0.12011789878048941	4.872529025856514	1.1022072155108147	0.25558822116039454	5.842548442371459	0.29207523665045404	0.21250934797945265	0.21131059347940082	0.28410482189069225	0.47903396451337305	139.0716136612783	-961.2923055968871	4.6304662991444303E-4	0.8495139376468623	3.858475547534008E-4	1.929490486242476E-7	0.9198125605859179
10000000	-9667.376152684215	-8704.646561528509	-962.7295911557059	-8537.645540081116	141.58211254293042	1368.1444849753188	0.10065281991455387	0.940928886102327	0.2340339487371112	1.9988264295572258	0.7373642248823864	0.874387120179604	0.6158512253951511	0.6209519345101485	4.578722343692522	0.05277228024462363	1.3045801659580412	0.940928886102327	0.2340339487371112	1.9988264295572258	0.7373642248823864	0.874387120179604	0.6158512253951511	0.6209519345101485	4.578722343692522	0.05277228024462363	1.3045801659580412	6.724552064253707	0.29207523665045404	0.21250934797945265	0.21131059347940082	0.28410482189069225	0.47903396451337305	122.23675077565204	-949.0165375290043	4.804886960319234E-4	0.6588194350376303	4.1538874509851944E-4	1.8140639612181465E-7	0.8678597693120881
