#
#model:
#
#<?xml version="1.0" encoding="UTF-8" standalone="no"?><input id="posterior" spec="beast.base.inference.CompoundDistribution">
#    <distribution id="prior" spec="beast.base.inference.CompoundDistribution">
#        <distribution id="CoalescentConstant.t:H_clade_3_5state" spec="beast.base.evolution.tree.coalescent.Coalescent">
#            <populationModel id="ConstantPopulation.t:H_clade_3_5state" spec="beast.base.evolution.tree.coalescent.ConstantPopulation">
#                <parameter id="popSize.t:H_clade_3_5state" lower="0.0" name="popSize" spec="beast.base.inference.parameter.RealParameter">0.3</parameter>
#            </populationModel>
#            <treeIntervals id="TreeIntervals.t:H_clade_3_5state" spec="beast.base.evolution.tree.TreeIntervals">
#                <tree id="Tree.t:H_clade_3_5state" spec="beast.base.evolution.tree.Tree">
#                    <trait id="dateTrait.t:H_clade_3_5state" spec="beast.base.evolution.tree.TraitSet" traitname="date-backward" value="KU666057|procyonid|2012.896=2012.896,PX789676|procyonid|2019.312=2019.312,MT932511|wild_felid|1992.787=1992.787,MT932504|wild_felid|1992.667=1992.667,MT932505|procyonid|1992.000=1992.000,MT932510|procyonid|2013.268=2013.268,MT932509|procyonid|2013.230=2013.230,MT932507|wild_canid|2013.238=2013.238,MT932506|procyonid|2013.164=2013.164,MT932508|procyonid|2013.195=2013.195,EU716337|domestic_dog|2004.675=2004.675,PX789675|wild_canid|2019.304=2019.304,MW984532|wild_felid|2015.964=2015.964,MW984531|wild_felid|2015.989=2015.989,MW984530|wild_felid|2015.912=2015.912,MW984527|wild_felid|2015.951=2015.951,MW984533|procyonid|2016.322=2016.322,MW984534|mustelid|2016.336=2016.336,MW984536|mustelid|2016.301=2016.301,MH644852|mustelid|2017.660=2017.660,MH644855|mustelid|2016.973=2016.973,MH644853|mustelid|2016.973=2016.973,MH644854|mustelid|2017.301=2017.301,MH644851|procyonid|2017.167=2017.167,MH644849|wild_canid|2016.210=2016.210,PX789692|procyonid|2023.030=2023.030,PX789695|procyonid|2022.819=2022.819,PX789698|procyonid|2022.805=2022.805,PX789703|procyonid|2023.392=2023.392,MH644850|mustelid|2016.361=2016.361,PX789700|procyonid|2022.926=2022.926,MT943490|wild_felid|2013.748=2013.748,MH810099|domestic_dog|2017.970=2017.970,MW984535|procyonid|2015.951=2015.951,PX789678|domestic_dog|2021.041=2021.041,PX789674|domestic_dog|2023.622=2023.622,MK487379|procyonid|2016.500=2016.500,MK473365|wild_canid|2017.500=2017.500,MK473366|wild_canid|2017.500=2017.500,KJ123771|domestic_dog|2004.500=2004.500,KF430374|mustelid|2004.500=2004.500,KF430373|mustelid|2007.500=2007.500,KF430371|mustelid|2007.500=2007.500,KF430372|mustelid|2007.500=2007.500,MN824467|procyonid|2018.500=2018.500,MG797669|domestic_dog|2017.500=2017.500,JF283477|domestic_dog|2010.500=2010.500,OK667001|procyonid|2014.500=2014.500,OK666993|procyonid|2014.500=2014.500,OK666919|wild_canid|2013.500=2013.500,OK666870|wild_canid|2016.500=2016.500,OK666917|domestic_dog|2012.500=2012.500,OK667043|procyonid|2017.500=2017.500,OK666936|wild_canid|2017.500=2017.500,OK667038|procyonid|2017.500=2017.500,OK667026|procyonid|2016.500=2016.500,OK666884|mustelid|2016.500=2016.500,OK666997|procyonid|2014.500=2014.500,OK666983|procyonid|2014.500=2014.500,OK666886|mustelid|2016.500=2016.500,OK666974|procyonid|2014.500=2014.500,OK667009|procyonid|2015.500=2015.500,OK666928|wild_canid|2016.500=2016.500,OK666932|wild_canid|2017.500=2017.500,OK666909|wild_canid|2017.500=2017.500,OK666908|wild_canid|2017.500=2017.500,OK666912|wild_canid|2017.500=2017.500,OK667023|procyonid|2015.500=2015.500,OK666924|wild_canid|2015.500=2015.500,OK666994|procyonid|2014.500=2014.500,OK666926|wild_canid|2015.500=2015.500,OK666920|wild_canid|2015.500=2015.500,OK667030|procyonid|2016.500=2016.500,OK666872|mustelid|2015.500=2015.500,OK667039|procyonid|2017.500=2017.500,OK666905|wild_canid|2017.500=2017.500,OK666934|wild_canid|2017.500=2017.500,OK666906|wild_canid|2017.500=2017.500,OK666914|wild_canid|2017.500=2017.500,OK667025|procyonid|2016.500=2016.500,OK666904|wild_canid|2016.500=2016.500,OK666890|mustelid|2016.500=2016.500,OK666910|wild_canid|2017.500=2017.500,OK666880|mustelid|2016.500=2016.500,OK666885|mustelid|2016.500=2016.500,OK667020|procyonid|2015.500=2015.500,OK667021|procyonid|2015.500=2015.500,OK666971|procyonid|2014.500=2014.500,OK666970|procyonid|2014.500=2014.500,OK666963|procyonid|2014.500=2014.500,OK666959|procyonid|2014.500=2014.500,OK666955|procyonid|2013.500=2013.500,OK666952|procyonid|2013.500=2013.500,OK666958|procyonid|2014.500=2014.500,OK666973|procyonid|2014.500=2014.500,OK666986|procyonid|2014.500=2014.500,OK666985|procyonid|2014.500=2014.500,OK667005|procyonid|2015.500=2015.500,OK667004|procyonid|2015.500=2015.500,OK667003|procyonid|2014.500=2014.500,OK667007|procyonid|2015.500=2015.500,OK666999|procyonid|2014.500=2014.500,OK666978|procyonid|2014.500=2014.500,OK666925|wild_canid|2015.500=2015.500,OK666998|procyonid|2014.500=2014.500,OK666977|procyonid|2014.500=2014.500,OK666950|procyonid|2013.500=2013.500,OK666948|procyonid|2013.500=2013.500,OK666946|procyonid|2013.500=2013.500,OK666954|procyonid|2013.500=2013.500,OK666980|procyonid|2014.500=2014.500,OK666976|procyonid|2014.500=2014.500,OK666975|procyonid|2014.500=2014.500,OK666949|procyonid|2013.500=2013.500,OK666940|procyonid|2010.500=2010.500,OK666979|procyonid|2014.500=2014.500,OK666933|wild_canid|2017.500=2017.500,OK666911|wild_canid|2017.500=2017.500,OK666921|wild_canid|2015.500=2015.500,OK666960|procyonid|2014.500=2014.500,OK666951|procyonid|2013.500=2013.500,OK666945|procyonid|2013.500=2013.500,OK666984|procyonid|2014.500=2014.500,OK666939|mustelid|2014.500=2014.500,OK667000|procyonid|2014.500=2014.500,OK667036|procyonid|2016.500=2016.500,OK667031|procyonid|2016.500=2016.500,OK667035|procyonid|2016.500=2016.500,OK667002|procyonid|2014.500=2014.500,OK666992|procyonid|2014.500=2014.500,OK667010|procyonid|2015.500=2015.500,OK667042|procyonid|2017.500=2017.500,OK667034|procyonid|2016.500=2016.500,OK667033|procyonid|2016.500=2016.500,OK667019|procyonid|2015.500=2015.500,OK667041|procyonid|2017.500=2017.500,OK667044|procyonid|2017.500=2017.500,OK667032|procyonid|2016.500=2016.500,OK667024|procyonid|2016.500=2016.500,OK667018|procyonid|2015.500=2015.500,OK667006|procyonid|2015.500=2015.500,OK667013|procyonid|2015.500=2015.500,OK667028|procyonid|2016.500=2016.500,OK667012|procyonid|2015.500=2015.500,OK666931|wild_canid|2017.500=2017.500,OK667029|procyonid|2016.500=2016.500,OK667016|procyonid|2015.500=2015.500,OK666877|mustelid|2016.500=2016.500,OK666878|mustelid|2016.500=2016.500,OK666876|mustelid|2016.500=2016.500,OK667040|procyonid|2017.500=2017.500,OK667015|procyonid|2015.500=2015.500,OK666935|wild_canid|2017.500=2017.500,OK667037|procyonid|2016.500=2016.500,OK666927|wild_canid|2015.500=2015.500,OK666889|mustelid|2016.500=2016.500,OK667022|procyonid|2015.500=2015.500,OK666879|mustelid|2016.500=2016.500,OK666937|wild_canid|2017.500=2017.500,OK666907|wild_canid|2017.500=2017.500,MK487378|wild_felid|2016.500=2016.500,OK666930|wild_canid|2017.500=2017.500">
#                        <taxa id="TaxonSet.H_clade_3_5state" spec="beast.base.evolution.alignment.TaxonSet">
#                        </taxa>
#                    </trait>
#                    <taxonset idref="TaxonSet.H_clade_3_5state"/>
#                </tree>
#            </treeIntervals>
#        </distribution>
#        <prior id="FrequenciesPrior.s:H_clade_3_5state" name="distribution">
#            <parameter dimension="4" id="freqParameter.s:H_clade_3_5state" lower="0.0" name="x" spec="beast.base.inference.parameter.RealParameter" upper="1.0">0.25</parameter>
#            <distr id="Dirichlet.0" spec="beast.base.inference.distribution.Dirichlet">
#                <parameter dimension="4" estimate="false" id="RealParameter.12" name="alpha" spec="beast.base.inference.parameter.RealParameter">4.0 4.0 4.0 4.0</parameter>
#            </distr>
#        </prior>
#        <prior id="GammaShapePrior.s:H_clade_3_5state" name="distribution">
#            <parameter id="gammaShape.s:H_clade_3_5state" lower="0.1" name="x" spec="beast.base.inference.parameter.RealParameter">1.0</parameter>
#            <Exponential id="Exponential.0" name="distr">
#                <parameter estimate="false" id="RealParameter.0" name="mean" spec="beast.base.inference.parameter.RealParameter">1.0</parameter>
#            </Exponential>
#        </prior>
#        <prior id="KappaPrior.s:H_clade_3_5state" name="distribution">
#            <parameter id="kappa.s:H_clade_3_5state" lower="0.0" name="x" spec="beast.base.inference.parameter.RealParameter">2.0</parameter>
#            <LogNormal id="LogNormalDistributionModel.0" name="distr">
#                <parameter estimate="false" id="RealParameter.10" name="M" spec="beast.base.inference.parameter.RealParameter">1.0</parameter>
#                <parameter estimate="false" id="RealParameter.11" name="S" spec="beast.base.inference.parameter.RealParameter">1.25</parameter>
#            </LogNormal>
#        </prior>
#        <prior id="PopSizePrior.t:H_clade_3_5state" name="distribution" x="@popSize.t:H_clade_3_5state">
#            <OneOnX id="OneOnX.1" name="distr"/>
#        </prior>
#        <prior id="relativeGeoRatesPrior.s:host" name="distribution">
#            <parameter dimension="10" id="relativeGeoRates.s:host" name="x" spec="beast.base.inference.parameter.RealParameter">1.0</parameter>
#            <Gamma id="Gamma.2" name="distr">
#                <parameter estimate="false" id="RealParameter.5" name="alpha" spec="beast.base.inference.parameter.RealParameter">1.0</parameter>
#                <parameter estimate="false" id="RealParameter.6" name="beta" spec="beast.base.inference.parameter.RealParameter">1.0</parameter>
#            </Gamma>
#        </prior>
#        <prior id="geoclockPrior.c:host" name="distribution">
#            <parameter id="traitClockRate.c:host" name="x" spec="beast.base.inference.parameter.RealParameter">1.0</parameter>
#            <LogNormal id="LogNormalDistributionModel.1" name="distr">
#                <parameter estimate="false" id="RealParameter.18" name="M" spec="beast.base.inference.parameter.RealParameter">1.0</parameter>
#                <parameter estimate="false" id="RealParameter.19" lower="0.0" name="S" spec="beast.base.inference.parameter.RealParameter" upper="5.0">1.25</parameter>
#            </LogNormal>
#        </prior>
#        <prior id="MeanRatePrior.c:H_clade_3_5state" name="distribution">
#            <parameter id="ucldMean.c:H_clade_3_5state" lower="0.0" name="x" spec="beast.base.inference.parameter.RealParameter">7.46E-4</parameter>
#            <LogNormal id="LogNormalDistributionModel.2" meanInRealSpace="true" name="distr">
#                <parameter estimate="false" id="RealParameter.20" name="M" spec="beast.base.inference.parameter.RealParameter">7.46E-4</parameter>
#                <parameter estimate="false" id="RealParameter.21" lower="0.0" name="S" spec="beast.base.inference.parameter.RealParameter" upper="5.0">1.0</parameter>
#            </LogNormal>
#        </prior>
#        <prior id="ucldStdevPrior.c:H_clade_3_5state" name="distribution">
#            <parameter id="ucldStdev.c:H_clade_3_5state" lower="0.0" name="x" spec="beast.base.inference.parameter.RealParameter">0.1</parameter>
#            <Gamma id="Gamma.4" name="distr">
#                <parameter estimate="false" id="RealParameter.14" name="alpha" spec="beast.base.inference.parameter.RealParameter">0.5396</parameter>
#                <parameter estimate="false" id="RealParameter.15" name="beta" spec="beast.base.inference.parameter.RealParameter">0.3819</parameter>
#            </Gamma>
#        </prior>
#    </distribution>
#    <distribution id="likelihood" spec="beast.base.inference.CompoundDistribution" useThreads="true">
#        <distribution data="@H_clade_3_5state" id="treeLikelihood.H_clade_3_5state" spec="beast.base.evolution.likelihood.ThreadedTreeLikelihood" tree="@Tree.t:H_clade_3_5state">
#            <siteModel gammaCategoryCount="4" id="SiteModel.s:H_clade_3_5state" shape="@gammaShape.s:H_clade_3_5state" spec="beast.base.evolution.sitemodel.SiteModel">
#                <parameter estimate="false" id="mutationRate.s:H_clade_3_5state" lower="0.0" name="mutationRate" spec="beast.base.inference.parameter.RealParameter">1.0</parameter>
#                <parameter estimate="false" id="proportionInvariant.s:H_clade_3_5state" lower="0.0" name="proportionInvariant" spec="beast.base.inference.parameter.RealParameter" upper="1.0">0.0</parameter>
#                <substModel id="hky.s:H_clade_3_5state" kappa="@kappa.s:H_clade_3_5state" spec="beast.base.evolution.substitutionmodel.HKY">
#                    <frequencies frequencies="@freqParameter.s:H_clade_3_5state" id="estimatedFreqs.s:H_clade_3_5state" spec="beast.base.evolution.substitutionmodel.Frequencies"/>
#                </substModel>
#            </siteModel>
#            <branchRateModel clock.rate="@ucldMean.c:H_clade_3_5state" id="RelaxedClock.c:H_clade_3_5state" spec="beast.base.evolution.branchratemodel.UCRelaxedClockModel" tree="@Tree.t:H_clade_3_5state">
#                <LogNormal S="@ucldStdev.c:H_clade_3_5state" id="LogNormalDistributionModel.c:H_clade_3_5state" meanInRealSpace="true" name="distr">
#                    <parameter estimate="false" id="RealParameter.13" lower="0.0" name="M" spec="beast.base.inference.parameter.RealParameter" upper="1.0">1.0</parameter>
#                </LogNormal>
#                <rateCategories dimension="322" id="rateCategories.c:H_clade_3_5state" spec="beast.base.inference.parameter.IntegerParameter">1</rateCategories>
#            </branchRateModel>
#        </distribution>
#        <distribution id="traitedtreeLikelihood.host" spec="beastclassic.evolution.likelihood.AncestralStateTreeLikelihood" tag="location" tree="@Tree.t:H_clade_3_5state">
#            <data id="host" spec="beastclassic.evolution.alignment.AlignmentFromTrait">
#                <traitSet id="traitSet.host" spec="beast.base.evolution.tree.TraitSet" taxa="@TaxonSet.H_clade_3_5state" traitname="discrete">KU666057|procyonid|2012.896=procyonid,
#PX789676|procyonid|2019.312=procyonid,
#MT932511|wild_felid|1992.787=wild_felid,
#MT932504|wild_felid|1992.667=wild_felid,
#MT932505|procyonid|1992.000=procyonid,
#MT932510|procyonid|2013.268=procyonid,
#MT932509|procyonid|2013.230=procyonid,
#MT932507|wild_canid|2013.238=wild_canid,
#MT932506|procyonid|2013.164=procyonid,
#MT932508|procyonid|2013.195=procyonid,
#EU716337|domestic_dog|2004.675=domestic_dog,
#PX789675|wild_canid|2019.304=wild_canid,
#MW984532|wild_felid|2015.964=wild_felid,
#MW984531|wild_felid|2015.989=wild_felid,
#MW984530|wild_felid|2015.912=wild_felid,
#MW984527|wild_felid|2015.951=wild_felid,
#MW984533|procyonid|2016.322=procyonid,
#MW984534|mustelid|2016.336=mustelid,
#MW984536|mustelid|2016.301=mustelid,
#MH644852|mustelid|2017.660=mustelid,
#MH644855|mustelid|2016.973=mustelid,
#MH644853|mustelid|2016.973=mustelid,
#MH644854|mustelid|2017.301=mustelid,
#MH644851|procyonid|2017.167=procyonid,
#MH644849|wild_canid|2016.210=wild_canid,
#PX789692|procyonid|2023.030=procyonid,
#PX789695|procyonid|2022.819=procyonid,
#PX789698|procyonid|2022.805=procyonid,
#PX789703|procyonid|2023.392=procyonid,
#MH644850|mustelid|2016.361=mustelid,
#PX789700|procyonid|2022.926=procyonid,
#MT943490|wild_felid|2013.748=wild_felid,
#MH810099|domestic_dog|2017.970=domestic_dog,
#MW984535|procyonid|2015.951=procyonid,
#PX789678|domestic_dog|2021.041=domestic_dog,
#PX789674|domestic_dog|2023.622=domestic_dog,
#MK487379|procyonid|2016.500=procyonid,
#MK473365|wild_canid|2017.500=wild_canid,
#MK473366|wild_canid|2017.500=wild_canid,
#KJ123771|domestic_dog|2004.500=domestic_dog,
#KF430374|mustelid|2004.500=mustelid,
#KF430373|mustelid|2007.500=mustelid,
#KF430371|mustelid|2007.500=mustelid,
#KF430372|mustelid|2007.500=mustelid,
#MN824467|procyonid|2018.500=procyonid,
#MG797669|domestic_dog|2017.500=domestic_dog,
#JF283477|domestic_dog|2010.500=domestic_dog,
#OK667001|procyonid|2014.500=procyonid,
#OK666993|procyonid|2014.500=procyonid,
#OK666919|wild_canid|2013.500=wild_canid,
#OK666870|wild_canid|2016.500=wild_canid,
#OK666917|domestic_dog|2012.500=domestic_dog,
#OK667043|procyonid|2017.500=procyonid,
#OK666936|wild_canid|2017.500=wild_canid,
#OK667038|procyonid|2017.500=procyonid,
#OK667026|procyonid|2016.500=procyonid,
#OK666884|mustelid|2016.500=mustelid,
#OK666997|procyonid|2014.500=procyonid,
#OK666983|procyonid|2014.500=procyonid,
#OK666886|mustelid|2016.500=mustelid,
#OK666974|procyonid|2014.500=procyonid,
#OK667009|procyonid|2015.500=procyonid,
#OK666928|wild_canid|2016.500=wild_canid,
#OK666932|wild_canid|2017.500=wild_canid,
#OK666909|wild_canid|2017.500=wild_canid,
#OK666908|wild_canid|2017.500=wild_canid,
#OK666912|wild_canid|2017.500=wild_canid,
#OK667023|procyonid|2015.500=procyonid,
#OK666924|wild_canid|2015.500=wild_canid,
#OK666994|procyonid|2014.500=procyonid,
#OK666926|wild_canid|2015.500=wild_canid,
#OK666920|wild_canid|2015.500=wild_canid,
#OK667030|procyonid|2016.500=procyonid,
#OK666872|mustelid|2015.500=mustelid,
#OK667039|procyonid|2017.500=procyonid,
#OK666905|wild_canid|2017.500=wild_canid,
#OK666934|wild_canid|2017.500=wild_canid,
#OK666906|wild_canid|2017.500=wild_canid,
#OK666914|wild_canid|2017.500=wild_canid,
#OK667025|procyonid|2016.500=procyonid,
#OK666904|wild_canid|2016.500=wild_canid,
#OK666890|mustelid|2016.500=mustelid,
#OK666910|wild_canid|2017.500=wild_canid,
#OK666880|mustelid|2016.500=mustelid,
#OK666885|mustelid|2016.500=mustelid,
#OK667020|procyonid|2015.500=procyonid,
#OK667021|procyonid|2015.500=procyonid,
#OK666971|procyonid|2014.500=procyonid,
#OK666970|procyonid|2014.500=procyonid,
#OK666963|procyonid|2014.500=procyonid,
#OK666959|procyonid|2014.500=procyonid,
#OK666955|procyonid|2013.500=procyonid,
#OK666952|procyonid|2013.500=procyonid,
#OK666958|procyonid|2014.500=procyonid,
#OK666973|procyonid|2014.500=procyonid,
#OK666986|procyonid|2014.500=procyonid,
#OK666985|procyonid|2014.500=procyonid,
#OK667005|procyonid|2015.500=procyonid,
#OK667004|procyonid|2015.500=procyonid,
#OK667003|procyonid|2014.500=procyonid,
#OK667007|procyonid|2015.500=procyonid,
#OK666999|procyonid|2014.500=procyonid,
#OK666978|procyonid|2014.500=procyonid,
#OK666925|wild_canid|2015.500=wild_canid,
#OK666998|procyonid|2014.500=procyonid,
#OK666977|procyonid|2014.500=procyonid,
#OK666950|procyonid|2013.500=procyonid,
#OK666948|procyonid|2013.500=procyonid,
#OK666946|procyonid|2013.500=procyonid,
#OK666954|procyonid|2013.500=procyonid,
#OK666980|procyonid|2014.500=procyonid,
#OK666976|procyonid|2014.500=procyonid,
#OK666975|procyonid|2014.500=procyonid,
#OK666949|procyonid|2013.500=procyonid,
#OK666940|procyonid|2010.500=procyonid,
#OK666979|procyonid|2014.500=procyonid,
#OK666933|wild_canid|2017.500=wild_canid,
#OK666911|wild_canid|2017.500=wild_canid,
#OK666921|wild_canid|2015.500=wild_canid,
#OK666960|procyonid|2014.500=procyonid,
#OK666951|procyonid|2013.500=procyonid,
#OK666945|procyonid|2013.500=procyonid,
#OK666984|procyonid|2014.500=procyonid,
#OK666939|mustelid|2014.500=mustelid,
#OK667000|procyonid|2014.500=procyonid,
#OK667036|procyonid|2016.500=procyonid,
#OK667031|procyonid|2016.500=procyonid,
#OK667035|procyonid|2016.500=procyonid,
#OK667002|procyonid|2014.500=procyonid,
#OK666992|procyonid|2014.500=procyonid,
#OK667010|procyonid|2015.500=procyonid,
#OK667042|procyonid|2017.500=procyonid,
#OK667034|procyonid|2016.500=procyonid,
#OK667033|procyonid|2016.500=procyonid,
#OK667019|procyonid|2015.500=procyonid,
#OK667041|procyonid|2017.500=procyonid,
#OK667044|procyonid|2017.500=procyonid,
#OK667032|procyonid|2016.500=procyonid,
#OK667024|procyonid|2016.500=procyonid,
#OK667018|procyonid|2015.500=procyonid,
#OK667006|procyonid|2015.500=procyonid,
#OK667013|procyonid|2015.500=procyonid,
#OK667028|procyonid|2016.500=procyonid,
#OK667012|procyonid|2015.500=procyonid,
#OK666931|wild_canid|2017.500=wild_canid,
#OK667029|procyonid|2016.500=procyonid,
#OK667016|procyonid|2015.500=procyonid,
#OK666877|mustelid|2016.500=mustelid,
#OK666878|mustelid|2016.500=mustelid,
#OK666876|mustelid|2016.500=mustelid,
#OK667040|procyonid|2017.500=procyonid,
#OK667015|procyonid|2015.500=procyonid,
#OK666935|wild_canid|2017.500=wild_canid,
#OK667037|procyonid|2016.500=procyonid,
#OK666927|wild_canid|2015.500=wild_canid,
#OK666889|mustelid|2016.500=mustelid,
#OK667022|procyonid|2015.500=procyonid,
#OK666879|mustelid|2016.500=mustelid,
#OK666937|wild_canid|2017.500=wild_canid,
#OK666907|wild_canid|2017.500=wild_canid,
#MK487378|wild_felid|2016.500=wild_felid,
#OK666930|wild_canid|2017.500=wild_canid</traitSet>
#                <userDataType codeMap="domestic_dog=0,mustelid=1,procyonid=2,wild_canid=3,wild_felid=4,? = 0 1 2 3 4 " codelength="-1" id="traitDataType.host" spec="beast.base.evolution.datatype.UserDataType" states="5"/>
#            </data>
#            <siteModel gammaCategoryCount="1" id="geoSiteModel.s:host" spec="beast.base.evolution.sitemodel.SiteModel">
#                <parameter estimate="false" id="mutationRate.s:host" name="mutationRate" spec="beast.base.inference.parameter.RealParameter">1.0</parameter>
#                <parameter estimate="false" id="gammaShape.s:host" name="shape" spec="beast.base.inference.parameter.RealParameter">1.0</parameter>
#                <parameter estimate="false" id="proportionInvariant.s:host" lower="0.0" name="proportionInvariant" spec="beast.base.inference.parameter.RealParameter" upper="1.0">0.0</parameter>
#                <substModel id="svs.s:host" rates="@relativeGeoRates.s:host" spec="beastclassic.evolution.substitutionmodel.SVSGeneralSubstitutionModel">
#                    <rateIndicator dimension="10" estimate="false" id="rateIndicator.s:host" spec="beast.base.inference.parameter.BooleanParameter">true</rateIndicator>
#                    <frequencies id="traitfreqs.s:host" spec="beast.base.evolution.substitutionmodel.Frequencies">
#                        <parameter dimension="5" id="traitfrequencies.s:host" name="frequencies" spec="beast.base.inference.parameter.RealParameter">0.2</parameter>
#                    </frequencies>
#                </substModel>
#            </siteModel>
#            <branchRateModel clock.rate="@traitClockRate.c:host" id="StrictClockModel.c:host" spec="beast.base.evolution.branchratemodel.StrictClockModel"/>
#        </distribution>
#    </distribution>
#</input>
#
Sample	posterior	likelihood	prior	treeLikelihood	Tree.height	Tree.treeLength	traitClockRate.host	relativeGeoRates.host.1	relativeGeoRates.host.2	relativeGeoRates.host.3	relativeGeoRates.host.4	relativeGeoRates.host.5	relativeGeoRates.host.6	relativeGeoRates.host.7	relativeGeoRates.host.8	relativeGeoRates.host.9	relativeGeoRates.host.10	geoSubstModelLogger.host.relGeoRate_domestic_dog_mustelid	geoSubstModelLogger.host.relGeoRate_domestic_dog_procyonid	geoSubstModelLogger.host.relGeoRate_domestic_dog_wild_canid	geoSubstModelLogger.host.relGeoRate_domestic_dog_wild_felid	geoSubstModelLogger.host.relGeoRate_mustelid_procyonid	geoSubstModelLogger.host.relGeoRate_mustelid_wild_canid	geoSubstModelLogger.host.relGeoRate_mustelid_wild_felid	geoSubstModelLogger.host.relGeoRate_procyonid_wild_canid	geoSubstModelLogger.host.relGeoRate_procyonid_wild_felid	geoSubstModelLogger.host.relGeoRate_wild_canid_wild_felid	kappa.H_clade_3_5state	freqParameter.H_clade_3_5state.1	freqParameter.H_clade_3_5state.2	freqParameter.H_clade_3_5state.3	freqParameter.H_clade_3_5state.4	gammaShape.H_clade_3_5state	popSize	CoalescentConstant	ucldMean.H_clade_3_5state	ucldStdev.H_clade_3_5state	rate.H_clade_3_5state.mean	rate.H_clade_3_5state.variance	rate.H_clade_3_5state.coefficientOfVariation
0	-36558.651802293316	-36211.848542123465	-346.80326016984935	-35977.303494235406	33.33612326906912	78.27163721420834	1.0	1.0	1.0	1.0	1.0	1.0	1.0	1.0	1.0	1.0	1.0	1.0	1.0	1.0	1.0	1.0	1.0	1.0	1.0	1.0	1.0	2.0	0.25	0.25	0.25	0.25	1.0	0.3	-344.7527025988487	7.46E-4	0.1	7.303646673283135E-4	5.788243013861923E-9	0.10231592974773976
10000	-15191.568525958657	-14446.782777284237	-744.7857486744205	-14261.91024765875	35.725869570300944	345.6129600921466	0.18166409219173754	1.068754650434678	0.9346254575257449	0.6745667792564729	1.2736780516159627	1.0612695238020764	0.8021573192720944	1.1110998330160424	1.043768180755963	1.1092326674420792	1.3669018315672699	1.068754650434678	0.9346254575257449	0.6745667792564729	1.2736780516159627	1.0612695238020764	0.8021573192720944	1.1110998330160424	1.043768180755963	1.1092326674420792	1.3669018315672699	2.123616895506151	0.25	0.25	0.25	0.25	1.0	33.826964136124246	-727.2687624150001	0.007489939032006965	1.1284890690562677	0.0070301118989888715	2.1144614626532537E-5	0.6477813992606345
20000	-13642.574543749148	-12894.822745135905	-747.7517986132431	-12723.432375344159	37.299169059409195	367.77828562826403	0.2773883789672243	0.43289909516578085	0.07660317539274122	0.23608236046188874	0.3302627517766962	0.701962830875137	1.9171028900359932	0.5314945448253054	0.7908795858305874	0.19798113623799027	0.13521543902743124	0.43289909516578085	0.07660317539274122	0.23608236046188874	0.3302627517766962	0.701962830875137	1.9171028900359932	0.5314945448253054	0.7908795858305874	0.19798113623799027	0.13521543902743124	2.123616895506151	0.25	0.25	0.25	0.25	1.0	28.990542176286056	-735.0571770030058	0.007603292562448304	1.3364875705415127	0.00646912093996677	9.082750914728732E-5	1.3138686008892335
30000	-12266.4155151914	-11505.117403698574	-761.2981114928255	-11344.2666837564	40.82797022698531	403.20471282160986	0.1234771516896139	1.436172016054319	0.22824572907516652	2.3939989106552475	0.09282355414415504	2.8530229114842633	0.5724374202913051	0.24742941163449475	5.452292416977302	0.005187512941060442	1.1572629912530312	1.436172016054319	0.22824572907516652	2.3939989106552475	0.09282355414415504	2.8530229114842633	0.5724374202913051	0.24742941163449475	5.452292416977302	0.005187512941060442	1.1572629912530312	2.123616895506151	0.25	0.25	0.25	0.25	0.601141550364696	39.348801265387294	-740.9954673575534	0.004681745675114718	1.2578181773233872	0.004057697563578554	4.0705225000799836E-5	1.382067358941979
40000	-11807.870684448515	-11088.532289129365	-719.3383953191492	-10928.192707736436	55.589315915257956	399.50015136390357	0.18233594711350193	1.8753190046680022	0.044555881852567716	2.194421030020354	1.184045704637313	1.3546501068795322	1.6065556721973206	0.5300744974284104	2.287893409175181	1.0286758544221537	0.24862578451413422	1.8753190046680022	0.044555881852567716	2.194421030020354	1.184045704637313	1.3546501068795322	1.6065556721973206	0.5300744974284104	2.287893409175181	1.0286758544221537	0.24862578451413422	2.2975403247659516	0.26404982435856234	0.25	0.25	0.2359501756414377	0.3423908628868711	29.158587288371166	-700.6343380369999	0.005837531343814384	1.4397251291769706	0.004996000519765119	5.121235332787308E-5	1.3325122959757176
50000	-11184.55989173414	-10462.81012803205	-721.7497637020891	-10302.48225313251	67.49096284175337	428.40669861215673	0.20935883001210218	0.2086787809885322	0.04169950486813495	0.7545622066891464	1.0172413776917593	0.16820999204879544	3.5419429188053146	0.4155180420000271	4.302677856425902	0.6029481227703384	0.4154551512106907	0.2086787809885322	0.04169950486813495	0.7545622066891464	1.0172413776917593	0.16820999204879544	3.5419429188053146	0.4155180420000271	4.302677856425902	0.6029481227703384	0.4154551512106907	2.5912372260657808	0.26404982435856234	0.25	0.25	0.2359501756414377	0.3423908628868711	25.575922791658094	-704.8046645432686	0.004678183309107183	1.441014172408491	0.0036987680505633845	3.600883427488156E-5	1.299707383190805
60000	-10978.581560902223	-10236.3611961435	-742.2203647587231	-10076.759878883811	43.43405763698738	413.61772328353425	0.13904610187169045	0.5583473186204845	0.2936538787249209	1.094968745581978	0.3842768483684761	2.200428146175448	2.7124437427700956	0.9069112840025515	4.950534885924317	0.6418801372886686	0.060801493337640344	0.5583473186204845	0.2936538787249209	1.094968745581978	0.3842768483684761	2.200428146175448	2.7124437427700956	0.9069112840025515	4.950534885924317	0.6418801372886686	0.060801493337640344	2.5912372260657808	0.26404982435856234	0.2452683875584773	0.25	0.2406817880829604	0.26803612283792777	34.577902005467294	-722.9611716063761	0.004166452309575846	1.3791238879840462	0.0019492706625350755	2.7851979900041336E-5	1.7654725324509324
70000	-10720.574003538235	-9979.294332529276	-741.2796710089581	-9822.149289222667	40.05576018688554	412.75566084551866	0.13083365441436656	0.7445679589689871	0.3311515667564971	0.5813175682142082	0.46334703673241034	0.022112008344002978	2.337359577995761	0.17743079102684936	7.605859090168766	1.2430825219030874	0.6040786272090113	0.7445679589689871	0.3311515667564971	0.5813175682142082	0.46334703673241034	0.022112008344002978	2.337359577995761	0.17743079102684936	7.605859090168766	1.2430825219030874	0.6040786272090113	2.5912372260657808	0.27090838892496194	0.23840982299207766	0.25	0.2406817880829604	0.26803612283792777	29.015449838249804	-722.8993802023342	0.00327365014313484	1.2690922317684623	0.0017203740366688032	1.5043581540904726E-5	1.6733490912620221
80000	-10396.032321548686	-9659.703080924937	-736.3292406237492	-9499.409166858026	40.88428229939298	435.7906271027098	0.226750474956457	0.5005736325695712	0.13218162988258797	1.1477755211137368	1.6838724645536163	0.3797071501276269	1.414892226870937	0.3799373704018879	1.6424094939174587	0.13684024282150278	0.07572246355501136	0.5005736325695712	0.13218162988258797	1.1477755211137368	1.6838724645536163	0.3797071501276269	1.414892226870937	0.3799373704018879	1.6424094939174587	0.13684024282150278	0.07572246355501136	2.9439954565596174	0.2773137754918703	0.2320044364251693	0.24469492726239508	0.2459868608205653	0.26803612283792777	32.43853231675713	-724.3823246463694	0.0031807959569712728	1.4171175288076419	0.001650829367254794	2.6122504878426293E-5	2.2100321391192335
90000	-10309.456123516715	-9548.185614363943	-761.270509152771	-9382.522104119038	44.28173126199495	483.01721032975826	0.19342017650894625	0.39935735589885485	0.20144439401093736	0.534018517867585	4.096495628568462	0.22598558928301268	0.437829659839472	0.46526071560104076	4.373201004073094	1.1661833248478048	0.3771410450272422	0.39935735589885485	0.20144439401093736	0.534018517867585	4.096495628568462	0.22598558928301268	0.437829659839472	0.46526071560104076	4.373201004073094	1.1661833248478048	0.3771410450272422	4.115974884153026	0.26479689466127926	0.23125497928970273	0.24034659172075692	0.263601534328261	0.3659576662891894	39.724573715667624	-745.6701866487823	0.0020846054825341275	1.1626676205486257	0.0013858932199445975	1.0778892646164868E-5	1.9329349877409578
100000	-10299.09464952251	-9505.692417274764	-793.402232247746	-9349.519817496184	48.87706314569948	557.3088078907255	0.1331128795712818	0.3199501633313354	0.35472864829924333	1.1509030663378852	0.183648331626909	0.7904021185182646	2.3516065716629644	0.37145719817191786	3.4630481795039447	0.2003612390399673	1.045177306598333	0.3199501633313354	0.35472864829924333	1.1509030663378852	0.183648331626909	0.7904021185182646	2.3516065716629644	0.37145719817191786	3.4630481795039447	0.2003612390399673	1.045177306598333	4.115974884153026	0.26758369659935094	0.22846817735163108	0.24034659172075692	0.263601534328261	0.3659576662891894	49.43957882039808	-780.0342080829015	0.0016765151017231286	1.1010142804342165	0.001134207228276352	7.4754963654502845E-6	2.0073846471104897
110000	-10101.63153220174	-9351.267002380077	-750.3645298216635	-9191.365469257717	45.66711717396221	467.7552328906826	0.23782139555942167	0.9100852049300652	0.08886883238404643	1.1651789891574307	2.224859316762403	0.5628823301042387	0.8541242383839978	0.6311289615332917	1.832097970572277	0.2901325273883981	0.3894440811973593	0.9100852049300652	0.08886883238404643	1.1651789891574307	2.224859316762403	0.5628823301042387	0.8541242383839978	0.6311289615332917	1.832097970572277	0.2901325273883981	0.3894440811973593	4.824687964812451	0.27275042359717977	0.22846817735163108	0.24034659172075692	0.25843480733043217	0.31327534377725724	34.13995361058916	-738.8011496281542	0.0018778364407480378	1.0529442741927886	0.0012952166814782832	5.280046663373274E-6	1.41799080210627
120000	-10007.07410632058	-9268.505975090817	-738.568131229763	-9107.79223459388	43.64887451574543	456.20973481379474	0.19676269849050487	0.0733261520567462	0.06536939829219372	0.017737753559659553	0.6968293475769463	0.34962914274993706	0.38450316891953434	0.03214357565455188	2.2030517817222828	0.39089500214816264	0.8434161311044283	0.0733261520567462	0.06536939829219372	0.017737753559659553	0.6968293475769463	0.34962914274993706	0.38450316891953434	0.03214357565455188	2.2030517817222828	0.39089500214816264	0.8434161311044283	6.007067271911218	0.27275042359717977	0.22846817735163108	0.2172884443897884	0.28149295466140073	0.31327534377725724	33.54761884872538	-730.0897262601047	0.001919181365941021	1.1493324391872934	0.0013105411709295857	4.041568585723448E-6	1.326819048556144
130000	-9961.080544452634	-9200.863809946764	-760.2167345058699	-9044.438100949217	44.40033893714753	472.5635388769674	0.12838100604485558	1.7835232383123611	0.5255705370276191	0.2900888613271574	0.5222781310587313	0.5654739003667473	0.4680830762987518	0.023453408493003963	2.411032140904465	0.32396860534304656	0.13550142944848562	1.7835232383123611	0.5255705370276191	0.2900888613271574	0.5222781310587313	0.5654739003667473	0.4680830762987518	0.023453408493003963	2.411032140904465	0.32396860534304656	0.13550142944848562	5.7199518908065725	0.2933373792697814	0.22846817735163108	0.2113833006633077	0.26681114271527984	0.31327534377725724	41.63061058558666	-748.8210054031896	0.00214846508141744	1.1912286030964487	0.0015014422885233285	9.6056527184611E-6	1.5520309121823725
140000	-9922.437568559999	-9154.373376121825	-768.0641924381748	-8986.39602105019	42.39666958679905	471.09471287406575	0.24740518182632862	0.524167187921212	0.12149087207964533	1.9874788408022028	3.6060992371241842	0.47091181244083796	0.326321765233496	0.9090950590264482	5.84481286279365	0.6505376951783277	0.8877361158877357	0.524167187921212	0.12149087207964533	1.9874788408022028	3.6060992371241842	0.47091181244083796	0.326321765233496	0.9090950590264482	5.84481286279365	0.6505376951783277	0.8877361158877357	5.7199518908065725	0.2970378400819552	0.21445341754238056	0.22169759966038438	0.26681114271527984	0.31327534377725724	34.6428568451552	-750.4121010898347	0.0015159018800212525	1.0167514288290092	0.0012641577852681865	3.94589224323078E-6	1.3509696212004487
150000	-9902.7321283899	-9137.646234676928	-765.0858937129728	-8979.165114298632	44.21639340536029	496.4842980833042	0.13216921026876083	0.31896823403605806	0.039517055264433984	0.35208684702623994	0.22995972370010118	0.011042026477978202	0.6349095752639149	0.07493922113831586	1.8770843572126523	0.0861798139809666	0.5442938577340739	0.31896823403605806	0.039517055264433984	0.35208684702623994	0.22995972370010118	0.011042026477978202	0.6349095752639149	0.07493922113831586	1.8770843572126523	0.0861798139809666	0.5442938577340739	5.7199518908065725	0.29992673544092574	0.2228988225349144	0.21036329930888004	0.26681114271527984	0.31327534377725724	45.4591723976686	-758.3362169932752	0.0013967809521875396	0.9165772737285829	0.0012779772548929082	2.964313325002319E-6	1.2639564065770148
160000	-9883.56460803987	-9133.403182193715	-750.1614258461549	-8966.88501723345	42.85930603609269	451.11553987218826	0.2468895587092937	0.120815700998286	0.03753251341576624	0.07801415994949185	0.32992472746421025	0.04225231843650758	2.3915250480408483	0.35196823828984297	2.283989578057334	0.6093540169257361	0.25367590980890176	0.120815700998286	0.03753251341576624	0.07801415994949185	0.32992472746421025	0.04225231843650758	2.3915250480408483	0.35196823828984297	2.283989578057334	0.6093540169257361	0.25367590980890176	6.294051002122009	0.29992673544092574	0.2228988225349144	0.21036329930888004	0.26681114271527984	0.31327534377725724	41.15075285818392	-741.0240357010995	0.0015923910009788679	0.976188982942493	0.0013361342169268557	2.9306594135905105E-6	1.1928070819169827
170000	-9867.12551998169	-9104.354766416152	-762.770753565537	-8943.992845103405	57.11205930914576	522.1246236197042	0.17944244297226025	0.26130727025127987	0.0747414107301351	0.0067240936967885075	0.27393997072091225	0.37806939849343574	0.6362626934550147	0.05502425840321152	1.7237442735628896	0.20008599115571993	0.019545488198076166	0.26130727025127987	0.0747414107301351	0.0067240936967885075	0.27393997072091225	0.37806939849343574	0.6362626934550147	0.05502425840321152	1.7237442735628896	0.20008599115571993	0.019545488198076166	5.892840813630736	0.2881808522829484	0.2228988225349144	0.21036329930888004	0.2785570258732572	0.31327534377725724	46.78665113834972	-756.4588204853837	0.0012698631292748246	1.0763329579796963	0.0011422979142528115	2.2479719263105044E-6	1.1212030545887535
180000	-9903.603146151345	-9124.671586110035	-778.9315600413111	-8963.509837949508	52.76184343302502	536.2371856190279	0.2272368929910744	0.2509058749120864	0.02429758596471003	1.3591288862373383	1.31415297184767	0.4462355427448406	1.1160634106673122	0.3002911987266516	5.5477237225601685	0.41997334317953844	0.2362785344700564	0.2509058749120864	0.02429758596471003	1.3591288862373383	1.31415297184767	0.4462355427448406	1.1160634106673122	0.3002911987266516	5.5477237225601685	0.41997334317953844	0.2362785344700564	5.892840813630736	0.2881808522829484	0.2228988225349144	0.21036329930888004	0.2785570258732572	0.31327534377725724	43.73552441880253	-765.569168127528	0.001211236273783899	1.0710784683472105	0.0010686911347084235	1.9963403085366576E-6	1.138799708704703
190000	-9850.587941971338	-9058.13290626377	-792.4550357075681	-8896.251466046013	47.83116742674754	547.4180412706513	0.1913237153179867	0.38934029334855746	0.09609081543247551	1.1834840638056527	0.37974708382968864	0.5011313818773278	3.864255675188442	0.17979783042643113	2.0008235971360366	0.38564490859887723	0.7595903464509047	0.38934029334855746	0.09609081543247551	1.1834840638056527	0.37974708382968864	0.5011313818773278	3.864255675188442	0.17979783042643113	2.0008235971360366	0.38564490859887723	0.7595903464509047	5.892840813630736	0.2881808522829484	0.2228988225349144	0.21036329930888004	0.2785570258732572	0.31327534377725724	46.764393971438615	-780.2035999377995	0.0011232949870237671	1.1149319232251786	0.0011087271589184352	1.4431159079843228E-6	1.0332600776665226
200000	-9848.969639175672	-9032.343044700083	-816.6265944755894	-8875.597228821534	52.508612020734844	615.2812557872909	0.1516898680595626	0.49508517169063554	0.2516384579014869	0.8479811190024913	2.0405781820196593	0.7650812239874445	2.0200419224618096	0.07460545611757007	3.9179267449908055	0.7166684506239791	0.21970088931880893	0.49508517169063554	0.2516384579014869	0.8479811190024913	2.0405781820196593	0.7650812239874445	2.0200419224618096	0.07460545611757007	3.9179267449908055	0.7166684506239791	0.21970088931880893	7.0204320374222755	0.3104242728081024	0.21538738896059645	0.20354509404484442	0.2706432441864567	0.4532440314151769	46.660303504650855	-802.9702321937901	0.0010082218569048278	0.9011603739876156	9.316296718716664E-4	7.829417939113019E-7	0.9020079550127927
210000	-9839.785346171097	-9024.521427184576	-815.2639189865196	-8862.706725524655	52.35447212086247	629.0666219787468	0.19161984573433485	0.08612755354801176	0.3255493357845965	1.0907379687123926	1.4611928895171034	1.0066628494409529	1.0405142774849092	0.30483576224145015	3.1289998131188406	0.6416964207385782	0.3407389505589775	0.08612755354801176	0.3255493357845965	1.0907379687123926	1.4611928895171034	1.0066628494409529	1.0405142774849092	0.30483576224145015	3.1289998131188406	0.6416964207385782	0.3407389505589775	7.0204320374222755	0.3104242728081024	0.21538738896059645	0.20354509404484442	0.2706432441864567	0.4532440314151769	55.586600993551755	-803.4233260457665	9.95246956607537E-4	0.9445054563884456	9.007098457814476E-4	8.6603144588965E-7	0.9129047695016872
220000	-9818.449700292913	-9018.208330831756	-800.2413694611573	-8856.161723827521	51.96251745174099	583.1470351756549	0.16534716502087005	0.589418876755825	0.7789787272578653	0.30491461497349825	0.22128344499288552	0.024656947863199028	2.03903845062898	1.0647795432703089	5.814836862785747	0.920373412212764	0.2838199757935194	0.589418876755825	0.7789787272578653	0.30491461497349825	0.22128344499288552	0.024656947863199028	2.03903845062898	1.0647795432703089	5.814836862785747	0.920373412212764	0.2838199757935194	7.0204320374222755	0.3104242728081024	0.21538738896059645	0.20354509404484442	0.2706432441864567	0.3138689593745713	45.56081651510714	-784.9683070591464	0.0012423392212845923	1.1486798414311223	0.001066212058203366	1.604402891358611E-6	1.0627037725488517
230000	-9821.896213421396	-9015.608338977954	-806.2878744434414	-8847.642314348785	52.274483279277376	598.069807510006	0.146205954033868	1.3133251429624653	0.14406929467219864	0.008402330687084113	0.5171441822007973	0.3245214861755485	1.067532493770492	0.14479554701673839	1.7411425055934546	0.5913017581041873	0.16967320907588557	1.3133251429624653	0.14406929467219864	0.008402330687084113	0.5171441822007973	0.3245214861755485	1.067532493770492	0.14479554701673839	1.7411425055934546	0.5913017581041873	0.16967320907588557	7.0204320374222755	0.3046201094371228	0.20699408263224853	0.20934925741582402	0.2790365505148046	0.3138689593745713	54.2302241738155	-797.5158241116388	0.0010261085847817727	1.0201825868732344	9.922839282847826E-4	1.3879722302789035E-6	1.057888650444451
240000	-9722.753330278007	-8890.273985110976	-832.4793451670304	-8729.39276776859	55.725584400731336	657.2524242690058	0.128327108511265	2.3055080840388196	0.29048522056171844	1.8393020455532911	0.9706224266949397	0.7679426024358813	4.965048928657378	0.6873480069682745	6.341808917758594	0.66759820404243	0.34324741614363274	2.3055080840388196	0.29048522056171844	1.8393020455532911	0.9706224266949397	0.7679426024358813	4.965048928657378	0.6873480069682745	6.341808917758594	0.66759820404243	0.34324741614363274	7.0204320374222755	0.3046201094371228	0.20699408263224853	0.20934925741582402	0.2790365505148046	0.3138689593745713	58.090942671242736	-810.5228539642787	9.13014328540586E-4	1.0349380856962198	7.870135634894815E-4	9.615684590808087E-7	1.1197972811144414
250000	-9672.140730820667	-8843.943435372901	-828.1972954477666	-8673.220209471627	67.47828120700741	683.6064726827179	0.15477908534494705	0.47499621060586367	0.22302779337589132	0.8608515625616668	0.08950924406569145	0.2611917140714771	3.32677695615188	1.0894839500283697	6.561571160845086	0.5329063303431858	0.9492616353080994	0.47499621060586367	0.22302779337589132	0.8608515625616668	0.08950924406569145	0.2611917140714771	3.32677695615188	1.0894839500283697	6.561571160845086	0.5329063303431858	0.9492616353080994	5.989685252226853	0.3046201094371228	0.20699408263224853	0.20934925741582402	0.2790365505148046	0.3138689593745713	52.32948680359429	-810.9224371166042	0.0010357914167799874	1.1746554891170533	8.695334224980129E-4	1.7567498047678416E-6	1.2582691501610561
260000	-9603.633371215135	-8778.399900962817	-825.2334702523194	-8617.153956467935	64.98307301494675	702.8603331871882	0.17824525142572134	0.5759080327972507	0.23839119503599535	0.7095715362760249	0.7894734932247459	0.645016229083273	1.9067193139103051	0.30191114355328824	4.2242029721406205	0.284197601473436	1.1244872569647961	0.5759080327972507	0.23839119503599535	0.7095715362760249	0.7894734932247459	0.645016229083273	1.9067193139103051	0.30191114355328824	4.2242029721406205	0.284197601473436	1.1244872569647961	6.630176323149583	0.3046201094371228	0.20699408263224853	0.20934925741582402	0.2790365505148046	0.487319405423097	67.70697065590984	-811.0077942631939	0.0010107481957391746	1.204261313710019	7.916948850302974E-4	1.5201899064831814E-6	1.1463852122455687
270000	-9630.083641688021	-8805.131059558993	-824.9525821290282	-8639.117416842673	60.29348718131503	698.5419600718675	0.16799761961957754	0.06758654642674933	0.007995619309541967	0.8716963654670169	0.5959739565349631	0.39351843691004984	1.0607086697443602	0.11985685980814904	1.5595095862592798	0.45678649790002807	0.12725540780778213	0.06758654642674933	0.007995619309541967	0.8716963654670169	0.5959739565349631	0.39351843691004984	1.0607086697443602	0.11985685980814904	1.5595095862592798	0.45678649790002807	0.12725540780778213	6.630176323149583	0.3117743154636175	0.19983987660575384	0.20934925741582402	0.2790365505148046	0.487319405423097	54.67056199736591	-816.4451359329839	0.0011417018086181624	1.113550496693591	8.917974067167025E-4	2.67438653226777E-6	1.3615781787388765
280000	-9640.173649364491	-8818.778904938565	-821.3947444259269	-8660.083967025534	61.42896394649726	663.9120247331643	0.1170413257486382	0.9058358976533994	0.2450790225555759	0.4086819389779423	2.684100142532645	1.1196755521119048	0.9180611124936676	0.2515217042961718	6.1672484460756944	0.9292471093676987	0.9191870435856327	0.9058358976533994	0.2450790225555759	0.4086819389779423	2.684100142532645	1.1196755521119048	0.9180611124936676	0.2515217042961718	6.1672484460756944	0.9292471093676987	0.9191870435856327	5.881669095097081	0.3117743154636175	0.19983987660575384	0.2005021193840002	0.2878836885466284	0.487319405423097	55.16862817108511	-803.5963519863923	0.001112621205672941	1.0697505162367935	8.296977463819512E-4	2.7417126216577146E-6	1.3815508003648083
290000	-9626.983135169932	-8796.168885802825	-830.8142493671068	-8632.36144061136	59.893972116261274	696.3176190275155	0.36062361289569944	4.119948478159921	0.060662274400571065	0.3014945534922919	0.2556407602064286	0.5743120006922902	0.32052416936362144	0.015962517936699158	1.0375498361548212	0.30917183296723616	0.02419861216913837	4.119948478159921	0.060662274400571065	0.3014945534922919	0.2556407602064286	0.5743120006922902	0.32052416936362144	0.015962517936699158	1.0375498361548212	0.30917183296723616	0.02419861216913837	5.881669095097081	0.31150853045431154	0.2260221016050672	0.1958600947535233	0.2666092731870979	0.487319405423097	61.0802528974079	-821.0395422140048	0.0011602930400905498	1.1105174048092445	8.401432476166573E-4	2.0105668737604576E-6	1.2114529834437853
300000	-9654.260566469116	-8796.48428062265	-857.7762858464661	-8638.463266848565	62.18980987663397	779.8653960762116	0.1311164831039289	1.9502759095752225	0.14650002040782473	1.3662326089734027	3.756069689859314	1.5279310532767767	1.7725493704284203	0.024450305165549576	4.186282239267537	1.4453144363361408	0.09516984535796291	1.9502759095752225	0.14650002040782473	1.3662326089734027	3.756069689859314	1.5279310532767767	1.7725493704284203	0.024450305165549576	4.186282239267537	1.4453144363361408	0.09516984535796291	5.881669095097081	0.31150853045431154	0.2260221016050672	0.1958600947535233	0.2666092731870979	0.487319405423097	66.04915672078727	-837.7337170995097	0.0012410874693367104	1.1706107570570825	7.372302508045338E-4	2.2351687348057482E-6	1.413944443921192
310000	-9673.407225502597	-8823.982944234818	-849.4242812677791	-8658.613473995583	58.873856720472205	744.5225779745643	0.15204932079925523	0.4030513942716081	0.10419674378203196	1.2125521314682957	0.475345784591472	1.6784673190078043	1.5624435838861725	0.16312951462123912	5.885511121995252	0.14655779480183886	0.9697368613000344	0.4030513942716081	0.10419674378203196	1.2125521314682957	0.475345784591472	1.6784673190078043	1.5624435838861725	0.16312951462123912	5.885511121995252	0.14655779480183886	0.9697368613000344	5.881669095097081	0.31150853045431154	0.2260221016050672	0.1958600947535233	0.2666092731870979	0.487319405423097	62.52015008126863	-834.003779868402	0.0010591539180059145	1.0195302111270146	7.176070447309331E-4	2.294162727010488E-6	1.491241635754527
320000	-9685.534646826898	-8831.3085147183	-854.226132108598	-8672.002811670614	63.56798848143775	779.4696243461656	0.10152170538883522	0.04758754199151852	0.008911313973314622	1.6441401441017007	9.092998213898042E-4	1.1720406266808532	1.8869858170782488	0.072027189969835	2.9736839462156737	0.3042026890350816	0.28905207035051556	0.04758754199151852	0.008911313973314622	1.6441401441017007	9.092998213898042E-4	1.1720406266808532	1.8869858170782488	0.072027189969835	2.9736839462156737	0.3042026890350816	0.28905207035051556	6.638450578630113	0.32789057125987714	0.20964006079950157	0.1958600947535233	0.2666092731870979	0.487319405423097	63.51916421338928	-842.1487760661247	0.0011193030387749137	1.0480923182024555	8.067149677090437E-4	1.6426145703369364E-6	1.1759082452641494
330000	-9683.678555375081	-8806.812531785878	-876.8660235892044	-8648.032334773667	84.99434471996447	861.6357278981878	0.08882678139956947	0.8078056563829122	0.12525987038284558	0.2610459015317924	0.12653621381844954	0.9551276182929758	1.3241188863547362	0.21607688527674526	3.741025796100992	0.27966449813625355	0.024005860485170675	0.8078056563829122	0.12525987038284558	0.2610459015317924	0.12653621381844954	0.9551276182929758	1.3241188863547362	0.21607688527674526	3.741025796100992	0.27966449813625355	0.024005860485170675	6.638450578630113	0.32789057125987714	0.20964006079950157	0.20432408732920274	0.25814528061141845	0.487319405423097	87.31374596804105	-865.5008394449	8.764810851154523E-4	0.9899970312480401	6.492743088020884E-4	8.043155034240968E-7	1.0868009946739416
340000	-9658.949134212427	-8797.985192557237	-860.9639416551913	-8637.565138446867	67.01400635644156	769.8652740901296	0.16338521484934995	0.33335144094462227	0.10394698116177968	0.6508169696295859	3.3958018984693457	1.164861243306862	0.6534738516227537	2.3365886556412288	2.984295435175064	0.2711978910254122	0.5140383435789495	0.33335144094462227	0.10394698116177968	0.6508169696295859	3.3958018984693457	1.164861243306862	0.6534738516227537	2.3365886556412288	2.984295435175064	0.2711978910254122	0.5140383435789495	6.638450578630113	0.32789057125987714	0.19977428530703845	0.21418986282166586	0.25814528061141845	0.5075723453342481	73.55488478549442	-845.7481358236948	9.324136567568165E-4	0.9745681274170204	7.136049427102645E-4	7.932466645771768E-7	0.9921172299019984
350000	-9658.31107094911	-8800.31862396676	-857.9924469823509	-8636.779822434823	70.97464270859021	765.024919996169	0.11318634744956783	1.2751357716523712	0.16713227557453897	0.9093758812615818	0.9967442675578254	0.624354903706435	1.2379242844335114	0.5131611003182248	3.577980351468557	0.5696759944705737	0.42577459438516285	1.2751357716523712	0.16713227557453897	0.9093758812615818	0.9967442675578254	0.624354903706435	1.2379242844335114	0.5131611003182248	3.577980351468557	0.5696759944705737	0.42577459438516285	6.563751817918703	0.29731970641631633	0.19977428530703845	0.22782227059703286	0.27508373767961225	0.5075723453342481	75.63156725028361	-844.4189188690461	0.001086805620300932	0.9514986955194965	8.245898839516663E-4	1.0335247010458409E-6	1.0219932094345912
360000	-9628.275043544842	-8793.585389208862	-834.6896543359802	-8628.807010460083	63.67239424467027	718.1679891675634	0.24150143883934377	0.09462784390012047	0.15700135205531826	0.04198135654010842	1.0715827693798254	0.5175066350877869	0.29157598967403886	0.17100529279157786	3.3142664860450317	0.23375051195266833	0.3672790017718216	0.09462784390012047	0.15700135205531826	0.04198135654010842	1.0715827693798254	0.5175066350877869	0.29157598967403886	0.17100529279157786	3.3142664860450317	0.23375051195266833	0.3672790017718216	6.563751817918703	0.29731970641631633	0.19977428530703845	0.2186833971381207	0.28422261113852443	0.5075723453342481	68.37282898237896	-825.2453302418389	0.001210694040804007	1.0736110800611298	8.524471865148312E-4	1.5142360699365E-6	1.1472779729465852
370000	-9637.289711735604	-8790.193477756993	-847.0962339786112	-8628.021549754461	61.42430025094292	756.5163558375549	0.13293021370472596	0.10899124124757113	0.12113108032366138	0.22894938952027252	0.9543624579557246	0.46288318043454774	1.2611391331936217	0.03250519918726473	2.5622654473662636	0.5837341854540373	1.0440898486252979	0.10899124124757113	0.12113108032366138	0.22894938952027252	0.9543624579557246	0.46288318043454774	1.2611391331936217	0.03250519918726473	2.5622654473662636	0.5837341854540373	1.0440898486252979	6.563751817918703	0.2851112478580483	0.19977428530703845	0.2186833971381207	0.29643106969679245	0.5075723453342481	62.591562086483016	-836.3359927243511	0.001118430382860763	1.0792731975623528	7.876297971879336E-4	1.9736723249854193E-6	1.2856185352815515
380000	-9651.580122649568	-8792.733700364188	-858.8464222853806	-8622.096866739868	68.79029576619523	826.0224572496785	0.1329267923020456	0.6919410265336324	0.04640495353069369	0.3898994988543496	0.008794213775848294	1.2046137999452082	0.9040200545041213	0.5051996152966989	3.5954564816704835	0.396901977486144	0.7177376369821105	0.6919410265336324	0.04640495353069369	0.3898994988543496	0.008794213775848294	1.2046137999452082	0.9040200545041213	0.5051996152966989	3.5954564816704835	0.396901977486144	0.7177376369821105	5.486678989292276	0.2903238641520619	0.20963403210873802	0.20361103404240757	0.29643106969679245	0.38583082594229773	64.13887933109297	-847.4301733895073	0.0010983693019468068	1.0600614931795902	7.831620016206277E-4	1.3785506791371145E-6	1.1200375608165207
390000	-9637.620439814164	-8777.992256513455	-859.6281833007082	-8610.025483295856	73.70439880387903	837.395644424893	0.1478488153949627	0.0809870867180391	0.17171348372310344	0.4090250266165599	1.826349989885561	0.9835006779845559	1.164545244324892	0.28784041797168003	2.2764604293404656	0.7498378308199212	0.1106189074174857	0.0809870867180391	0.17171348372310344	0.4090250266165599	1.826349989885561	0.9835006779845559	1.164545244324892	0.28784041797168003	2.2764604293404656	0.7498378308199212	0.1106189074174857	6.656600677160669	0.283147225941055	0.2063416293665838	0.20361103404240757	0.30690011064995354	0.38583082594229773	79.96285775452598	-847.9179631827878	0.001137097964392345	1.1233664087226167	7.816593598999882E-4	1.3574283541627697E-6	1.0470563737699978
400000	-9636.380800550056	-8782.901016262953	-853.4797842871033	-8608.182211460626	57.62316808882461	758.4579964234895	0.10129277942924103	0.018966659463371196	1.7387160563644821	1.9701920795073227	0.29152475320221916	0.7140322864131814	3.5968497487604245	1.3032168135394184	2.9880473614863496	0.8692052356393991	0.5767066918977749	0.018966659463371196	1.7387160563644821	1.9701920795073227	0.29152475320221916	0.7140322864131814	3.5968497487604245	1.3032168135394184	2.9880473614863496	0.8692052356393991	0.5767066918977749	6.656600677160669	0.283147225941055	0.2063416293665838	0.20361103404240757	0.30690011064995354	0.38583082594229773	69.40027051909186	-835.6823914201252	0.0010246988268413741	1.138093386948731	7.394126082576857E-4	1.0273005951300958E-6	1.0580835638357764
410000	-9568.981945101634	-8734.4587313979	-834.5232137037352	-8561.366444223058	61.60363026287001	703.7934031635199	0.17308480508632235	1.4655917536580034	0.16002539133429805	0.4593828740044637	2.558078111369139	1.0353786498980695	1.5016586228725852	0.0990333149855727	2.6402569479781715	0.9077384011504972	0.31588684783068505	1.4655917536580034	0.16002539133429805	0.4593828740044637	2.558078111369139	1.0353786498980695	1.5016586228725852	0.0990333149855727	2.6402569479781715	0.9077384011504972	0.31588684783068505	6.656600677160669	0.283147225941055	0.19870680933287388	0.21124585407611748	0.30690011064995354	0.6852709105874278	52.794459165230094	-819.9552856908421	0.001121143412647808	1.1378312211614654	8.205148401620007E-4	1.2464883732345258E-6	1.0506041674288624
420000	-9555.911654420717	-8705.142788057992	-850.7688663627242	-8534.389653426211	56.10957366644797	708.4722846709291	0.13717175722237296	0.052206672244492845	0.6023821106203665	0.8730805646335038	0.33978959715385865	1.6849507235935244	0.9894702833770683	0.5778644960625078	1.5784059699242943	0.06858862470036917	0.42955546790915905	0.052206672244492845	0.6023821106203665	0.8730805646335038	0.33978959715385865	1.6849507235935244	0.9894702833770683	0.5778644960625078	1.5784059699242943	0.06858862470036917	0.42955546790915905	6.656600677160669	0.283147225941055	0.2049521845113694	0.21124585407611748	0.30065473547145805	0.4226604687938601	71.1154748268453	-839.5327527919377	0.0012221256235073342	1.220228354255173	9.350486298642817E-4	1.198172105908912E-6	0.9900164656553706
430000	-9582.393659365589	-8706.40656409541	-875.9870952701787	-8536.64890534936	57.60599710940265	750.8675786052598	0.15683384535075992	0.25668277930586797	0.24194131722760726	1.4327168273205386	0.4185554044909669	0.3346228818894975	3.209706634665776	0.9540959252438904	8.054220225489134	0.3993050767327242	0.167913330379308	0.25668277930586797	0.24194131722760726	1.4327168273205386	0.4185554044909669	0.3346228818894975	3.209706634665776	0.9540959252438904	8.054220225489134	0.3993050767327242	0.167913330379308	6.656600677160669	0.283147225941055	0.2049521845113694	0.21124585407611748	0.30065473547145805	0.4226604687938601	77.65244403612692	-857.2697532118557	9.779042983308305E-4	1.1060393450515342	7.536610698865939E-4	1.0588053218176458E-6	1.1111356714933798
440000	-9561.61242957131	-8681.875244531982	-879.7371850393282	-8519.474574998727	61.57313948592263	808.3854519792964	0.1258908929022956	0.7016530155415442	0.2894900775477594	0.053671891525560164	1.361996478036042	1.8068661779426813	0.4978735341930481	0.24210949061976259	3.0604175357427343	0.7279396619089302	0.36156372162461736	0.7016530155415442	0.2894900775477594	0.053671891525560164	1.361996478036042	1.8068661779426813	0.4978735341930481	0.24210949061976259	3.0604175357427343	0.7279396619089302	0.36156372162461736	6.656600677160669	0.3015462286913138	0.2049521845113694	0.21124585407611748	0.28225573272119925	0.4226604687938601	89.52311273477382	-867.0836154216031	9.160560219193672E-4	1.1311931284057974	7.53505600826739E-4	1.1596380830628666E-6	1.1236299158712437
450000	-9597.451651276082	-8722.929813015337	-874.5218382607452	-8565.769680208432	80.5913510821905	835.3459160601566	0.11122747302100802	0.3304553020689647	0.03262386007868452	0.5585077133420356	1.0127573303201634	1.2452989414737818	0.618601353491237	1.3687633915578488	4.143506941017421	0.5285095246270501	0.21128281244637778	0.3304553020689647	0.03262386007868452	0.5585077133420356	1.0127573303201634	1.2452989414737818	0.618601353491237	1.3687633915578488	4.143506941017421	0.5285095246270501	0.21128281244637778	6.656600677160669	0.3015462286913138	0.2049521845113694	0.21124585407611748	0.28225573272119925	0.4226604687938601	76.86622291673412	-861.209679354546	8.17114408165503E-4	1.107465287542815	6.654531779562208E-4	1.3411331350707634E-6	1.3403780094430984
460000	-9574.279356462637	-8705.080743008402	-869.1986134542346	-8546.852634498053	65.36310631917969	766.6499614151887	0.12363467867082123	0.9478504463929194	0.050348751179390513	0.3797701818901328	1.072414291273242	1.0045309271371268	1.7482353194346407	0.17734932805287104	4.074002069940201	0.10562809448147416	0.4681496789390924	0.9478504463929194	0.050348751179390513	0.3797701818901328	1.072414291273242	1.0045309271371268	1.7482353194346407	0.17734932805287104	4.074002069940201	0.10562809448147416	0.4681496789390924	6.656600677160669	0.28994246267423385	0.2049521845113694	0.21124585407611748	0.2938594987382792	0.4226604687938601	65.99092791935054	-856.4150209528204	9.127267580386169E-4	0.9683611890841616	7.093520515398983E-4	1.0149349226655566E-6	1.162730446428068
470000	-9593.98241945611	-8726.082045388433	-867.9003740676767	-8562.709383797359	56.49668215434791	753.938278979303	0.14117419174424248	0.14596236921005068	0.15701146480691386	0.9764761923977748	0.5927552658109543	1.0836870633245714	1.2898405834158404	0.14048325318934765	4.521219732397413	0.5296382150928376	0.2807543747087266	0.14596236921005068	0.15701146480691386	0.9764761923977748	0.5927552658109543	1.0836870633245714	1.2898405834158404	0.14048325318934765	4.521219732397413	0.5296382150928376	0.2807543747087266	6.656600677160669	0.28994246267423385	0.2049521845113694	0.21124585407611748	0.2938594987382792	0.4226604687938601	76.68237009065257	-855.7546758040933	7.935724854519766E-4	0.9280173715334722	6.780060617997062E-4	7.452645318218281E-7	1.1607831706434109
480000	-9587.132162385293	-8706.551223029006	-880.5809393562868	-8535.809423182951	53.64400368955168	749.6839597140731	0.18519267835406808	0.012252740701021267	0.10678749702333629	0.3099392899945241	3.201377512112224	0.4532038949674789	0.9607237218111421	0.5816467793085004	1.0631724450140643	0.49651125698866194	0.14904134309504902	0.012252740701021267	0.10678749702333629	0.3099392899945241	3.201377512112224	0.4532038949674789	0.9607237218111421	0.5816467793085004	1.0631724450140643	0.49651125698866194	0.14904134309504902	6.656600677160669	0.2904774780785199	0.2049521845113694	0.21071083867183138	0.2938594987382792	0.551490623276846	89.86224560981809	-870.6704452472305	8.987446763443656E-4	0.8880626421169167	7.882469566288147E-4	7.758680982898123E-7	0.9979493236515876
490000	-9593.014164730626	-8713.08012055925	-879.9340441713756	-8551.134115238203	63.28614218769936	793.8709486758041	0.10100274756051537	0.16228621222924058	0.04936004654417426	0.3554164795821434	0.4748499129529173	1.0961305704347861	1.298117354552417	1.343729795915921	4.977522539276973	0.42543622218152277	0.6347559684569182	0.16228621222924058	0.04936004654417426	0.3554164795821434	0.4748499129529173	1.0961305704347861	1.298117354552417	1.343729795915921	4.977522539276973	0.42543622218152277	0.6347559684569182	6.656600677160669	0.2904774780785199	0.2049521845113694	0.21071083867183138	0.2938594987382792	0.551490623276846	75.21666949184183	-866.6614821479639	7.441547500153626E-4	0.825902880315875	7.293179535497055E-4	6.191543316461913E-7	0.9416189080207905
500000	-9565.008331486939	-8707.33941595308	-857.6689155338587	-8545.69471796272	58.12658123492258	733.8137450917287	0.19088461955309524	1.8925352409613994	0.012621113116604937	0.11544530051145253	0.4900037504262116	0.3482015147947296	1.1923811293959279	0.37653702918098847	4.381868235817471	0.007775231055706431	0.49156022173226227	1.8925352409613994	0.012621113116604937	0.11544530051145253	0.4900037504262116	0.3482015147947296	1.1923811293959279	0.37653702918098847	4.381868235817471	0.007775231055706431	0.49156022173226227	6.656600677160669	0.2904774780785199	0.2049521845113694	0.21898275795224142	0.28558757945786917	0.551490623276846	64.84587487953794	-846.5861391519165	8.607857473826887E-4	0.776931044319039	8.041443580906144E-4	5.724440025822026E-7	0.8682723261780901
510000	-9545.293323784264	-8689.562234139434	-855.7310896448299	-8532.076237794456	82.6737735110357	802.8096932430662	0.13734930383156904	0.04451065632075334	0.12072116234179756	0.5828206322289939	0.3609757195613165	0.1711489803102121	1.555553402417891	0.45336143027278597	2.9933756784694556	0.6107902406999319	0.011281299427542297	0.04451065632075334	0.12072116234179756	0.5828206322289939	0.3609757195613165	0.1711489803102121	1.555553402417891	0.45336143027278597	2.9933756784694556	0.6107902406999319	0.011281299427542297	6.656600677160669	0.2965557615495792	0.21849890823161894	0.19935775076093262	0.28558757945786917	0.551490623276846	75.18313968832467	-845.9169564051041	8.826065940468657E-4	0.9849171262258337	7.402250610241652E-4	7.56329387753882E-7	0.9708811088665509
520000	-9573.765743015054	-8718.877940924103	-854.8878020909513	-8552.79947283568	71.35337909704427	747.6233958101045	0.15065552806662474	0.9196797873105382	0.16140114938297898	0.44891810016600986	2.026444877545754	0.8858022178129528	0.8328084974111815	0.6980495991249427	3.0586936066364547	0.7407657474848371	0.3572545997290706	0.9196797873105382	0.16140114938297898	0.44891810016600986	2.026444877545754	0.8858022178129528	0.8328084974111815	0.6980495991249427	3.0586936066364547	0.7407657474848371	0.3572545997290706	6.656600677160669	0.2965557615495792	0.21849890823161894	0.19935775076093262	0.28558757945786917	0.551490623276846	73.17458062538583	-841.8832199293281	9.490420597646437E-4	0.968738927668991	8.231366822258405E-4	1.1537625015177306E-6	1.0343802643880862
530000	-9551.253350385352	-8725.687222199467	-825.5661281858843	-8561.490151361102	69.4355506145566	684.9488335477412	0.2248421162903588	1.542256218595199	0.005792390413168207	0.27595450343226663	2.252310588961981	1.3417168971917044	1.233289633970737	0.10592517938434348	3.156390440559591	0.2801329259522947	0.05013476020185588	1.542256218595199	0.005792390413168207	0.27595450343226663	2.252310588961981	1.3417168971917044	1.233289633970737	0.10592517938434348	3.156390440559591	0.2801329259522947	0.05013476020185588	6.656600677160669	0.2965557615495792	0.21849890823161894	0.19935775076093262	0.28558757945786917	0.551490623276846	55.893069242191714	-813.1065900779184	0.0010188914695626555	0.896039231897072	8.488015890164932E-4	1.3492130123368713E-6	1.0543311444844479
540000	-9539.55149915862	-8710.586513119051	-828.9649860395693	-8547.599784359938	66.10624111957041	670.8558814979394	0.19721602492863283	0.009596403265483746	0.16442338967551395	1.2965847692824441	0.6528833412574304	0.8274956916743812	0.9782087599904736	0.33502527717447095	4.172174365848872	0.23718819703268365	1.033016587455063	0.009596403265483746	0.16442338967551395	1.2965847692824441	0.6528833412574304	0.8274956916743812	0.9782087599904736	0.33502527717447095	4.172174365848872	0.23718819703268365	1.033016587455063	6.656600677160669	0.2965557615495792	0.21849890823161894	0.19935775076093262	0.28558757945786917	0.551490623276846	63.412430466241325	-816.3428083754438	0.001133797209797628	0.9896612827125093	8.96278050289853E-4	2.487442603310563E-6	1.3195567665299537
550000	-9527.701500022664	-8685.081297019586	-842.620203003078	-8528.363331097897	57.157267726573636	694.0706176001885	0.21116984248837273	0.2041716940542875	0.0915421625425851	0.06979736582068731	0.07423530258571821	0.07259040033612942	0.8846472885589086	0.28166491778561825	2.8623794854191247	0.019695890301309187	0.15909277440912353	0.2041716940542875	0.0915421625425851	0.06979736582068731	0.07423530258571821	0.07259040033612942	0.8846472885589086	0.28166491778561825	2.8623794854191247	0.019695890301309187	0.15909277440912353	6.656600677160669	0.2965557615495792	0.21849890823161894	0.21591253968968338	0.2690327905291184	0.551490623276846	68.33628611203717	-834.9488284755572	0.0010284866499757636	1.0707448601456924	8.357602399896514E-4	2.1374463866742103E-6	1.3655968600075599
560000	-9567.687044986558	-8707.555205309987	-860.1318396765705	-8539.563140776005	62.106731426508716	755.0794977755318	0.1941902480252021	1.5617890733784214	0.024482227026121572	0.25067631336592844	0.12505575547601525	1.050081311646805	1.3434178788034847	0.11663079480246621	4.028611264791349	0.413638620964959	0.16146133164247298	1.5617890733784214	0.024482227026121572	0.25067631336592844	0.12505575547601525	1.050081311646805	1.3434178788034847	0.11663079480246621	4.028611264791349	0.413638620964959	0.16146133164247298	6.656600677160669	0.2965557615495792	0.21849890823161894	0.21591253968968338	0.2690327905291184	0.551490623276846	68.6480155748134	-848.3594128350535	9.510706262417356E-4	1.0133753126002403	7.633837469134971E-4	1.7822322580949752E-6	1.3445401135026993
570000	-9550.31533787821	-8686.772879005663	-863.5424588725467	-8528.525384187575	56.00448649206999	716.7805189022243	0.20487941203234608	0.7095165203293535	0.011552887229849465	0.002933704549273192	1.8737275093813506	1.9828811204867807	0.38906394734865674	0.10085644845230125	6.422391663463737	0.005582162795957778	3.303102468250369	0.7095165203293535	0.011552887229849465	0.002933704549273192	1.8737275093813506	1.9828811204867807	0.38906394734865674	0.10085644845230125	6.422391663463737	0.005582162795957778	3.303102468250369	6.656600677160669	0.31114931312757893	0.20390535665361917	0.21591253968968338	0.2690327905291184	0.551490623276846	67.58237881301527	-846.5349292722577	9.328431916899324E-4	0.8626714551414097	8.180140607230851E-4	2.005573815344285E-6	1.4180517773266976
580000	-9551.432817006447	-8679.97816208243	-871.4546549240176	-8517.340595171061	54.7285163863194	760.4369378682419	0.13625326717071176	0.6417009463758024	0.054328004384133696	0.983804472872735	0.6020427353009474	0.31374197488721517	0.40578996042473037	0.14801470655307475	3.1659512872287716	0.19901822512422754	0.11970675340520984	0.6417009463758024	0.054328004384133696	0.983804472872735	0.6020427353009474	0.31374197488721517	0.40578996042473037	0.14801470655307475	3.1659512872287716	0.19901822512422754	0.11970675340520984	5.893806429893331	0.2887247129107487	0.20390535665361917	0.21591253968968338	0.2914573907459486	0.551490623276846	75.1479269100205	-862.0241876916479	9.55501761112409E-4	0.9667373685871383	7.571088463881928E-4	1.9323693820158527E-6	1.3746410082387819
590000	-9567.657907017794	-8692.460431100784	-875.197475917009	-8530.236743888006	59.11665052807026	793.6642926931918	0.14892980188013286	0.10558398599009984	0.15644507107970987	0.7313727418728941	0.526062223780432	0.31750569484238	1.4271163037009968	0.6538292726839637	3.381863930575199	0.2467497538071635	0.49437887035091016	0.10558398599009984	0.15644507107970987	0.7313727418728941	0.526062223780432	0.31750569484238	1.4271163037009968	0.6538292726839637	3.381863930575199	0.2467497538071635	0.49437887035091016	5.893806429893331	0.2887247129107487	0.2135884489615404	0.21933976467829094	0.27834707344941984	0.551490623276846	72.39022147278168	-864.5711978155364	9.356450843545747E-4	0.9635549165609876	7.627058885933435E-4	1.2539828823363743E-6	1.2195506810765318
600000	-9597.504590853405	-8710.608707999643	-886.895882853762	-8542.225633694696	72.10787110352497	854.2510267084623	0.13568809898747106	0.506978400391255	0.04763657243005711	0.27716349051099937	1.2125495292583142	0.4296327878497164	0.6958272399334428	0.3561714244763913	1.5826403791410113	0.18761027652117454	0.1208341657113839	0.506978400391255	0.04763657243005711	0.27716349051099937	1.2125495292583142	0.4296327878497164	0.6958272399334428	0.3561714244763913	1.5826403791410113	0.18761027652117454	0.1208341657113839	5.893806429893331	0.2887247129107487	0.2232082333653727	0.21933976467829094	0.2687272890455875	0.551490623276846	80.90437189241327	-878.4886387158589	9.354006127458735E-4	1.040873474366653	7.098217467071643E-4	1.9761339971216953E-6	1.4878680815232823
610000	-9627.670525783991	-8711.45630071888	-916.2142250651102	-8544.696114362068	92.11147508197828	984.7693407755933	0.0836978482793971	0.4112964596151686	0.18788401258294085	0.48466848199815626	0.8058700850262877	1.3627372416744343	3.214632001158755	1.3344795386375126	7.890064174772242	0.10589186698366516	1.021404448164415	0.4112964596151686	0.18788401258294085	0.48466848199815626	0.8058700850262877	1.3627372416744343	3.214632001158755	1.3344795386375126	7.890064174772242	0.10589186698366516	1.021404448164415	5.893806429893331	0.2887247129107487	0.2232082333653727	0.21933976467829094	0.2687272890455875	0.551490623276846	102.26267628595964	-895.971895443512	7.688123384649295E-4	1.0408312907988044	5.718168750115492E-4	9.243902860376406E-7	1.23286287975058
620000	-9638.344318623538	-8741.223839018372	-897.1204796051662	-8569.156917987933	69.12831835445321	882.0590943671158	0.14339902452236802	0.12592254329366193	0.16951354626643117	0.1488203451947616	0.7329017304969289	0.36645035781356033	2.36726567863336	0.5502579009336074	1.3222768703221426	0.014560561446831311	0.5490023203861412	0.12592254329366193	0.16951354626643117	0.1488203451947616	0.7329017304969289	0.36645035781356033	2.36726567863336	0.5502579009336074	1.3222768703221426	0.014560561446831311	0.5490023203861412	5.893806429893331	0.2887247129107487	0.2232082333653727	0.21933976467829094	0.2687272890455875	0.551490623276846	111.81209415650697	-888.7730831333067	7.322420873700572E-4	0.7629251908467617	6.08385838002833E-4	9.410925755245978E-7	1.3322277707238084
630000	-9566.204513047674	-8680.751449558444	-885.4530634892302	-8512.695733419147	82.18614074602324	857.6248433797825	0.09436587168898154	0.8471043135751873	0.07197615931957053	2.212644519968784	0.1673955308634786	2.0584180523080287	0.6265490811176682	0.19213162859070732	1.827595170595547	0.08919706962042993	0.25229437420858614	0.8471043135751873	0.07197615931957053	2.212644519968784	0.1673955308634786	2.0584180523080287	0.6265490811176682	0.19213162859070732	1.827595170595547	0.08919706962042993	0.25229437420858614	7.149708086774911	0.30347900300391467	0.20501125330438308	0.20458547458512497	0.28692426910657715	0.5606864910195712	80.25955198304821	-874.1121393574596	8.422958558974179E-4	0.8431438255718742	6.585754611179796E-4	1.6682047486187466E-6	1.4766631717511
640000	-9566.003235024764	-8674.918249351724	-891.0849856730409	-8519.944916951152	95.42172009503264	935.7213615327523	0.1625424572855922	0.058501913177237116	0.12725736900472695	0.7029375087424576	2.7894399176381066	0.9931477152006988	1.1201038477085608	0.24549567382893453	2.6886548901841607	0.06424920881693102	0.10464555933798989	0.058501913177237116	0.12725736900472695	0.7029375087424576	2.7894399176381066	0.9931477152006988	1.1201038477085608	0.24549567382893453	2.6886548901841607	0.06424920881693102	0.10464555933798989	7.149708086774911	0.2942679705989906	0.2142222857093071	0.20458547458512497	0.28692426910657715	0.43010655874626047	79.17541361340578	-880.0129633585042	7.334636944585956E-4	0.8784754981018722	5.690246583022355E-4	1.1192071369953576E-6	1.3697409321654361
650000	-9571.68280066059	-8702.162197511112	-869.5206031494788	-8538.494723088059	74.60266470081596	805.0468062663592	0.10412162862685688	0.6156763940642442	0.0249546115310839	0.7338318787625795	0.18450954612466133	1.7351286538976287	0.44767184325596965	0.12093429058176897	2.5107383008261515	0.4120702239122832	1.3086052091470528	0.6156763940642442	0.0249546115310839	0.7338318787625795	0.18450954612466133	1.7351286538976287	0.44767184325596965	0.12093429058176897	2.5107383008261515	0.4120702239122832	1.3086052091470528	7.149708086774911	0.2942679705989906	0.2142222857093071	0.21431837003931822	0.2771913736523839	0.43010655874626047	74.86073657709177	-858.716242518506	8.058604141067368E-4	0.8974564750781086	7.059149248241249E-4	7.779074802964132E-7	1.0572947534145485
660000	-9542.016721661184	-8691.178033690261	-850.8386879709235	-8527.090667497203	91.17507181024152	813.6221462094355	0.14256462905295186	0.20801953123365888	0.22158492528190002	1.2008798607077071	0.16704627060880228	0.4628892380531042	0.8705744074166868	0.13982806576303078	3.7755663795903516	0.1320094070511072	1.348921552081171	0.20801953123365888	0.22158492528190002	1.2008798607077071	0.16704627060880228	0.4628892380531042	0.8705744074166868	0.13982806576303078	3.7755663795903516	0.1320094070511072	1.348921552081171	7.149708086774911	0.2942679705989906	0.20471878528274579	0.21431837003931822	0.2866948740789452	0.43010655874626047	69.65600861195237	-840.0623751869302	8.298657085346174E-4	0.8463919146050554	6.857584991174136E-4	9.777585675355604E-7	1.0892340355456769
670000	-9564.936415385562	-8701.491245153711	-863.4451702318507	-8537.547021178745	94.53897687727128	820.4307175116471	0.1283694678931459	0.4759340890785437	0.015640504796018646	0.4339352143160007	0.020282317737055532	0.33753622718483195	1.9502236220448887	0.9632631867771132	2.706787143318286	0.8213129755024612	0.1250434501180424	0.4759340890785437	0.015640504796018646	0.4339352143160007	0.020282317737055532	0.33753622718483195	1.9502236220448887	0.9632631867771132	2.706787143318286	0.8213129755024612	0.1250434501180424	6.398814509954791	0.2942679705989906	0.20471878528274579	0.21431837003931822	0.2866948740789452	0.43010655874626047	78.60458117776903	-853.2393459152764	8.832823633121383E-4	0.834713447718247	6.655561841526877E-4	6.217596946443163E-7	0.9661385835219184
680000	-9584.173843660994	-8694.447633319149	-889.7262103418454	-8527.531868695243	77.1999890503599	873.4843803896116	0.10947507037680727	0.7901784526821397	0.29562291751587116	1.3987767374526747	0.18533077251268	1.3187241002564694	3.2482679381306463	0.16543487779422883	4.359417991039678	0.5103164821676137	0.24459254840627012	0.7901784526821397	0.29562291751587116	1.3987767374526747	0.18533077251268	1.3187241002564694	3.2482679381306463	0.16543487779422883	4.359417991039678	0.5103164821676137	0.24459254840627012	6.398814509954791	0.3043257238319417	0.20471878528274579	0.21431837003931822	0.2766371208459942	0.43010655874626047	88.59369122769202	-874.0698004278829	8.639771564125633E-4	1.0060505637575092	6.137655250654184E-4	9.308788778949879E-7	1.2405093659900626
690000	-9608.11276100157	-8699.356892428152	-908.7558685734185	-8534.669256025412	80.68788066993815	919.625363507375	0.08569075451207266	0.32689631221537424	0.4027488280144535	1.4953147559170359	0.13624852072067306	1.6555595845941362	2.0593056141700656	0.01765386009108862	3.127714376833385	0.08186194982700049	1.298756847448752	0.32689631221537424	0.4027488280144535	1.4953147559170359	0.13624852072067306	1.6555595845941362	2.0593056141700656	0.01765386009108862	3.127714376833385	0.08186194982700049	1.298756847448752	6.398814509954791	0.3043257238319417	0.20471878528274579	0.21431837003931822	0.2766371208459942	0.49663389492001664	102.68744460983028	-894.5010539063827	8.79665124441123E-4	1.0032078139903469	6.466927982285854E-4	1.1745362724095203E-6	1.316494332811802
700000	-9582.464761358571	-8692.807286020476	-889.6574753380958	-8522.009832078395	79.99594354604096	876.98131347542	0.08089052740107121	0.07990614961969605	0.5713940933801555	0.5020458017568717	0.4348314844881602	0.10502859296160698	1.8314208874917726	1.1844404137365478	6.1556705006513495	0.23779912069354145	1.186551753424661	0.07990614961969605	0.5713940933801555	0.5020458017568717	0.4348314844881602	0.10502859296160698	1.8314208874917726	1.1844404137365478	6.1556705006513495	0.23779912069354145	1.186551753424661	6.398814509954791	0.3043257238319417	0.20471878528274579	0.21431837003931822	0.2766371208459942	0.49663389492001664	81.76250142127756	-874.3114240240797	7.729634638085833E-4	0.9282704741731549	5.937042148816662E-4	1.1783960684086141E-6	1.3549166597672173
710000	-9563.6035814265	-8671.843352514077	-891.760228912423	-8512.980009515166	85.15249678073069	929.4699015666431	0.12639051626124628	1.1850501879799245	0.002430228645801267	0.399527535287657	2.0364994189627645	1.202601087666625	1.3997816358722184	1.1012592706265667	3.230324289448761	0.2738205509133632	0.3493301145886938	1.1850501879799245	0.002430228645801267	0.399527535287657	2.0364994189627645	1.202601087666625	1.3997816358722184	1.1012592706265667	3.230324289448761	0.2738205509133632	0.3493301145886938	5.770981423228333	0.3043257238319417	0.20471878528274579	0.21431837003931822	0.2766371208459942	0.49663389492001664	92.64909008009805	-878.3072677483526	6.696195673986092E-4	0.9124740787147317	5.581003848597214E-4	9.422767543393017E-7	1.2608472115872993
720000	-9544.697938477168	-8682.824121192987	-861.8738172841803	-8518.757732973476	99.19577154631777	883.2156263619044	0.1341797844712406	0.11269559046507008	0.19654658705392444	0.0896181966280883	0.3902552960761814	0.45908673779577036	0.2210825820083844	1.2766231223430595	2.6165243948973997	0.004808075928986755	0.4579981716155459	0.11269559046507008	0.19654658705392444	0.0896181966280883	0.3902552960761814	0.45908673779577036	0.2210825820083844	1.2766231223430595	2.6165243948973997	0.004808075928986755	0.4579981716155459	5.770981423228333	0.3043257238319417	0.20471878528274579	0.21431837003931822	0.2766371208459942	0.49663389492001664	71.4128814786409	-854.1532939648142	6.327157426379242E-4	0.9179469338075491	6.122810538164222E-4	7.212230424008216E-7	1.1105071757496245
730000	-9578.43157081753	-8684.068663719125	-894.3629070984063	-8521.775238252781	88.10679683316421	936.0397998159385	0.08372951362602334	0.15290030416337969	0.1297363028857458	0.6202373129622619	0.4755997777751709	1.0707478402953319	0.6578719613929734	0.7219214541145151	5.113625298202639	0.16220879570211214	0.4668708817954745	0.15290030416337969	0.1297363028857458	0.6202373129622619	0.4755997777751709	1.0707478402953319	0.6578719613929734	0.7219214541145151	5.113625298202639	0.16220879570211214	0.4668708817954745	5.770981423228333	0.3043257238319417	0.20471878528274579	0.21431837003931822	0.2766371208459942	0.49663389492001664	86.04228944389503	-882.2325885806507	6.152505930225566E-4	0.9199735390020201	5.570346341380493E-4	6.059668352963827E-7	1.1420425624559156
740000	-9596.299642457583	-8684.75403012558	-911.545612332003	-8520.324279433948	88.39763939196754	1026.2107525895585	0.09533481238652582	0.7063443346411368	0.0682437374391521	0.1651505004769778	0.21352730980299364	0.26483207451902535	1.0577942322433984	0.46753681845750417	2.252531727392048	0.5993217362079478	0.39152628696462916	0.7063443346411368	0.0682437374391521	0.1651505004769778	0.21352730980299364	0.26483207451902535	1.0577942322433984	0.46753681845750417	2.252531727392048	0.5993217362079478	0.39152628696462916	5.770981423228333	0.3043257238319417	0.21522006825615975	0.21431837003931822	0.2661358378725802	0.36569963185597	101.32550397138391	-902.9361301994151	5.912522553204609E-4	0.9426603118955619	5.418181919092077E-4	6.013333791500775E-7	1.1432856008014898
750000	-9624.41262271425	-8699.717556673932	-924.6950660403177	-8532.737754263031	87.91705650567587	1072.3950954228587	0.08666829481013856	0.4505666131592381	0.2567552674587079	0.6439971678884484	0.23974404253014056	1.0410359478954399	0.2134685919704668	1.1953543333308565	2.791816261995431	0.5105885091868178	0.31755677843396907	0.4505666131592381	0.2567552674587079	0.6439971678884484	0.23974404253014056	1.0410359478954399	0.2134685919704668	1.1953543333308565	2.791816261995431	0.5105885091868178	0.31755677843396907	7.032073068459475	0.3043257238319417	0.21522006825615975	0.21431837003931822	0.2661358378725802	0.43199247744205077	105.84242570383103	-914.9192133705862	5.4924725571675E-4	0.7086141501518395	5.360395737038526E-4	2.1069834285140983E-7	0.7797571140161852
760000	-9625.383379010227	-8687.785354415399	-937.5980245948284	-8523.664973797027	100.58480659699148	1110.1733154798337	0.07527145183908322	1.7468455383567525	0.21835690222076598	0.5140614908331222	0.12826754132615617	2.059268807529114	0.1995874112718061	0.5916742363272096	3.7877586895317483	1.2787446285655353	0.44458893955143525	1.7468455383567525	0.21835690222076598	0.5140614908331222	0.12826754132615617	2.059268807529114	0.1995874112718061	0.5916742363272096	3.7877586895317483	1.2787446285655353	0.44458893955143525	7.032073068459475	0.3043257238319417	0.21522006825615975	0.21431837003931822	0.2661358378725802	0.5615874221342769	117.13957726287178	-923.5194903533753	5.580983205252049E-4	0.8861808859514171	5.167446070486246E-4	2.8313847253928173E-7	0.8901595838523982
770000	-9633.992247440889	-8722.373258725569	-911.6189887153195	-8549.427986989838	72.7005868193888	936.2298549016624	0.1475090865376349	1.5824608755879646	0.1470874207998127	1.1964632537264095	0.08341772024473516	1.3351725414123492	0.3763688378864395	2.3702556266006596	2.5103725705683972	0.3584745334730061	1.480543620680995	1.5824608755879646	0.1470874207998127	1.1964632537264095	0.08341772024473516	1.3351725414123492	0.3763688378864395	2.3702556266006596	2.5103725705683972	0.3584745334730061	1.480543620680995	7.032073068459475	0.3167141145388753	0.2028316775492261	0.21431837003931822	0.2661358378725802	0.5615874221342769	105.9905357721408	-898.1772718187742	5.985855178451129E-4	0.7520216784784407	5.906125820222452E-4	2.8223996467361486E-7	0.8082858050968366
780000	-9586.043012161883	-8682.967669002504	-903.0753431593786	-8510.816589497103	77.94505102459438	956.256283605848	0.10721119009893844	2.750494123039845	0.04448413028859824	0.802223461774444	0.18635162709829506	0.394836743534748	0.3447717609492304	0.21689904673945146	3.984349546040039	0.5332318584150936	0.28301989935705457	2.750494123039845	0.04448413028859824	0.802223461774444	0.18635162709829506	0.394836743534748	0.3447717609492304	0.21689904673945146	3.984349546040039	0.5332318584150936	0.28301989935705457	7.032073068459475	0.302789350599539	0.2169266275950727	0.21431837003931822	0.26596565176607	0.5615874221342769	99.67392289762152	-891.2146919422753	6.173550537005906E-4	0.7820116853984916	5.763473308044761E-4	3.7391357467284135E-7	0.9283117986136156
790000	-9642.116378771356	-8708.812071235341	-933.3043075360156	-8545.792286961188	109.26106920555881	1072.311131591785	0.11702176199722528	0.18521189328340742	0.14012822538815176	0.7140581074498129	1.7741772321131577	1.0309655913074205	0.8537477827319706	0.3230824284126827	5.103262755976203	0.4056743747635674	1.7021675107491483	0.18521189328340742	0.14012822538815176	0.7140581074498129	1.7741772321131577	1.0309655913074205	0.8537477827319706	0.3230824284126827	5.103262755976203	0.4056743747635674	1.7021675107491483	6.386646509378543	0.3089605797800928	0.2107553984145189	0.21431837003931822	0.26596565176607	0.5615874221342769	121.38665802470072	-918.2725538112566	5.836884338129411E-4	0.9634355600975343	5.216468535280432E-4	2.8856421498863973E-7	0.8663829021181939
800000	-9686.275089365401	-8719.710746361028	-966.5643430043729	-8557.988045146429	95.43282385959186	1236.581038469117	0.05782132982871077	0.11373583010581967	0.42755422711150376	0.6380867990558828	0.6947238635452115	0.7717770705357752	1.683218833238398	0.05899470064257126	4.335791660841401	0.5103222055802465	0.06054304529868639	0.11373583010581967	0.42755422711150376	0.6380867990558828	0.6947238635452115	0.7717770705357752	1.683218833238398	0.05899470064257126	4.335791660841401	0.5103222055802465	0.06054304529868639	6.386646509378543	0.3021239526078325	0.2107553984145189	0.20959898948441305	0.2775216594932355	0.5615874221342769	141.60691630581852	-954.0488720490183	5.073206111534442E-4	0.8211589935550211	4.603153794898292E-4	2.6398495536889014E-7	0.972940109074703
810000	-9726.462555086979	-8698.682938514525	-1027.7796165724546	-8527.986446387353	115.3718481584196	1587.9434180930525	0.07698185548028011	0.26311467372795533	0.2013125547030377	0.40622674951671234	3.0135663523173752	1.0788451701407364	2.5738538325346676	3.2423859995394797	7.25066729631169	1.0258316231638038	3.425781367476277	0.26311467372795533	0.2013125547030377	0.40622674951671234	3.0135663523173752	1.0788451701407364	2.5738538325346676	3.2423859995394797	7.25066729631169	1.0258316231638038	3.425781367476277	6.386646509378543	0.3021239526078325	0.2107553984145189	0.20959898948441305	0.2775216594932355	0.4659321508632572	176.6186999618589	-1003.1087186971411	3.5700680168593724E-4	0.686835068481678	3.504082598241956E-4	1.2263593403448783E-7	0.9507616386501043
820000	-9668.74491833814	-8693.062508455876	-975.6824098822642	-8522.481054471473	92.50551118274805	1243.6043086215163	0.11814601008453128	0.8697096241339576	0.050645081387492595	0.9133536443751271	1.7250681504173935	3.2360656000364276	1.7582245187125083	0.14525651198429398	5.5197760642130635	0.09177685251755135	0.800150479066908	0.8697096241339576	0.050645081387492595	0.9133536443751271	1.7250681504173935	3.2360656000364276	1.7582245187125083	0.14525651198429398	5.5197760642130635	0.09177685251755135	0.800150479066908	5.72892645469906	0.3021239526078325	0.2107553984145189	0.20959898948441305	0.2775216594932355	0.4659321508632572	142.0470135209297	-958.9695630586838	4.2508401829781595E-4	0.7288320814836151	4.440842061087433E-4	1.7992996119262325E-7	0.9499147190545353
830000	-9653.185736376174	-8697.62173229198	-955.5640040841929	-8516.10743048292	85.49301420993754	1137.9205624953815	0.1450751861312604	0.2913729973907401	0.04027109479216668	0.41499040559979894	0.3986507477612678	0.11590013765915122	1.9068942233411217	0.9228928253821508	2.191291644883535	0.19636670203734058	1.3936826675347564	0.2913729973907401	0.04027109479216668	0.41499040559979894	0.3986507477612678	0.11590013765915122	1.9068942233411217	0.9228928253821508	2.191291644883535	0.19636670203734058	1.3936826675347564	5.72892645469906	0.3021239526078325	0.2107553984145189	0.203233814674606	0.2838868343030425	0.4659321508632572	116.02784100376724	-945.3543063111747	5.329391724093218E-4	1.0040356692243244	5.179787638587485E-4	3.075779008506143E-7	0.9677286254453502
840000	-9670.777223365472	-8682.441860683912	-988.3353626815602	-8517.123416285705	93.89672535177954	1243.465101480076	0.064109951699062	0.0879760528796615	0.42584743260819796	0.6038822409584104	0.46432416703916496	2.6651798238087343	1.9434942318805728	0.7964204217895967	8.278703736908243	0.9031018179868506	0.5096837711579225	0.0879760528796615	0.42584743260819796	0.6038822409584104	0.46432416703916496	2.6651798238087343	1.9434942318805728	0.7964204217895967	8.278703736908243	0.9031018179868506	0.5096837711579225	5.72892645469906	0.3021239526078325	0.2107553984145189	0.203233814674606	0.2838868343030425	0.4659321508632572	133.08740498689596	-968.5501665528084	4.5410183711363546E-4	0.9642107604653514	4.373499259595675E-4	1.9510183525798832E-7	0.94048402267018
850000	-9689.073605900267	-8705.623697779269	-983.4499081209988	-8546.774386293308	78.06173219059224	1209.227455934107	0.09080437303383691	0.6977104995205031	0.02690632037570192	0.9286088874580624	0.6979065763795422	1.040292841135123	3.929609598528568	0.35736394554160283	4.765664986371564	0.3924476553899822	0.7616842638018673	0.6977104995205031	0.02690632037570192	0.9286088874580624	0.6979065763795422	1.040292841135123	3.929609598528568	0.35736394554160283	4.765664986371564	0.3924476553899822	0.7616842638018673	5.781053924361027	0.3021239526078325	0.2107553984145189	0.203233814674606	0.2838868343030425	0.6539499175104591	168.63305835137643	-966.9376773454063	4.533380432134519E-4	0.9060100915400293	4.422397014437693E-4	2.2729012204149465E-7	1.0281516695379027
860000	-9672.714561832865	-8692.41940698515	-980.2951548477162	-8526.235080916178	86.50064729823171	1276.6038175444648	0.07240869076035462	1.1462275090872382	0.47755092589550885	0.909872174210667	2.5101856458171254	1.6480035164020388	0.49464374847540876	0.6149893215463053	6.675528750127083	0.8607942378378896	0.3273979783377642	1.1462275090872382	0.47755092589550885	0.909872174210667	2.5101856458171254	1.6480035164020388	0.49464374847540876	0.6149893215463053	6.675528750127083	0.8607942378378896	0.3273979783377642	5.781053924361027	0.3021239526078325	0.2107553984145189	0.203233814674606	0.2838868343030425	0.6539499175104591	125.59843625423684	-961.6372370350863	4.8119274147872594E-4	0.9153943188902162	4.4824728332644166E-4	2.8105923098103813E-7	1.0514051633063013
870000	-9652.915008205275	-8694.897009642647	-958.0179985626272	-8524.499159767545	78.21319274477909	1151.3084886117074	0.07879744679153385	2.9166098618019176	0.2552082296157061	1.7265033165150179	0.13603673310270167	0.843275456130677	0.3586237231868454	0.17677488418074952	3.55882413204292	0.6149167981031697	0.420867639953898	2.9166098618019176	0.2552082296157061	1.7265033165150179	0.13603673310270167	0.843275456130677	0.3586237231868454	0.17677488418074952	3.55882413204292	0.6149167981031697	0.420867639953898	6.557828760043988	0.289574856399536	0.2107553984145189	0.203233814674606	0.296435930511339	0.6539499175104591	133.0482764637701	-943.6809530610446	5.028494134212951E-4	0.9640200698358369	5.070887253707437E-4	3.748406004930661E-7	1.1331044937472905
880000	-9642.300025750212	-8674.27438027866	-968.0256454715504	-8510.857855253122	85.898516137614	1175.1454096003383	0.08294796482266138	0.17290238628563787	0.08994715344364528	0.6492165886129878	1.7811573943477421	0.6997484818170214	0.10647086594607919	0.4728762783259621	5.967345552722903	0.5324550966902672	0.9265874977674732	0.17290238628563787	0.08994715344364528	0.6492165886129878	1.7811573943477421	0.6997484818170214	0.10647086594607919	0.4728762783259621	5.967345552722903	0.5324550966902672	0.9265874977674732	6.557828760043988	0.289574856399536	0.2033497766120476	0.2106394364770773	0.296435930511339	0.6539499175104591	151.94154376735	-953.3611669195556	4.972061338972558E-4	0.925451062906677	4.72622104338818E-4	3.988048038795175E-7	1.1371370374104826
890000	-9689.52826939112	-8697.784215240505	-991.7440541506156	-8534.625770805873	94.2178087019143	1339.9038945939321	0.06971507196162641	0.37340557807054764	0.06696171700713521	2.624725710430802	1.927393434678418	2.2563807416239325	0.3602750570480756	1.419014144816497	6.146628608180599	0.237497000260323	1.8668207991944363	0.37340557807054764	0.06696171700713521	2.624725710430802	1.927393434678418	2.2563807416239325	0.3602750570480756	1.419014144816497	6.146628608180599	0.237497000260323	1.8668207991944363	6.557828760043988	0.289574856399536	0.2033497766120476	0.2106394364770773	0.296435930511339	0.57757873188203	150.8551062852866	-971.2358857175043	4.164198246592825E-4	0.9258165626058221	4.0684467380347776E-4	2.736524183794727E-7	1.124222607634213
900000	-9651.628975718098	-8681.469636109785	-970.159339608314	-8511.206463394961	103.32146139198507	1321.2673737955754	0.10271506169378307	0.4230137455026559	0.1806768164479924	0.04152877634068545	0.34252431402570194	0.23223853073899714	1.359695273871656	0.08577461441418739	2.256294352223774	0.13780723629473196	0.08236070630321093	0.4230137455026559	0.1806768164479924	0.04152877634068545	0.34252431402570194	0.23223853073899714	1.359695273871656	0.08577461441418739	2.256294352223774	0.13780723629473196	0.08236070630321093	6.557828760043988	0.289574856399536	0.20466110585642877	0.20932810723269613	0.296435930511339	0.57757873188203	177.3692248404758	-962.3722330225851	4.0461138279174685E-4	0.8473400130505604	4.0213732644761406E-4	1.9314356219391445E-7	1.0112426159765155
910000	-9662.583034124573	-8683.65278117602	-978.9302529485527	-8519.518144418698	108.08192936457533	1363.022453701365	0.07370386261427292	1.9764924018579477	0.31984509459096466	0.5030765409901127	0.7767786113133149	0.7545045132843978	2.876350541537776	0.40699595017616735	5.348914094299081	0.3613568646580408	0.6618718267127149	1.9764924018579477	0.31984509459096466	0.5030765409901127	0.7767786113133149	0.7545045132843978	2.876350541537776	0.40699595017616735	5.348914094299081	0.3613568646580408	0.6618718267127149	6.854445401899065	0.289574856399536	0.20466110585642877	0.20932810723269613	0.296435930511339	0.49266484553564827	143.86004298018338	-962.2029000957831	4.1035287568964157E-4	0.8185447662042126	3.913072956846191E-4	2.0473300642850026E-7	0.988778431547812
920000	-9679.461266810373	-8695.265984672284	-984.1952821380883	-8528.467913273322	117.05900293521628	1500.6808137831476	0.08435858623432127	0.1879240514925323	0.42540282367050974	0.6651183535825281	1.7231697386507303	0.5211433652992408	1.1771752094378334	0.4675377487495044	5.0420691617768085	0.2677915722715688	0.09588318362899326	0.1879240514925323	0.42540282367050974	0.6651183535825281	1.7231697386507303	0.5211433652992408	1.1771752094378334	0.4675377487495044	5.0420691617768085	0.2677915722715688	0.09588318362899326	7.035314350501378	0.30848023590375445	0.20466110585642877	0.20932810723269613	0.27753055100712054	0.49266484553564827	164.08319081902437	-970.8343201937254	4.0782751489832866E-4	0.8317199681708926	3.815372959824367E-4	2.2066082114836177E-7	1.0505854354354038
930000	-9708.260544228446	-8697.15733023255	-1011.1032139958954	-8533.277828289365	143.57469028516851	1770.054049986804	0.07337990280626343	0.2102685145470087	0.17591093656488593	1.3942759435345633	1.0569274599725023	0.9253662620333096	1.7815858038723635	0.29693959696586714	5.15393233316404	0.1936116909241961	0.599128279683192	0.2102685145470087	0.17591093656488593	1.3942759435345633	1.0569274599725023	0.9253662620333096	1.7815858038723635	0.29693959696586714	5.15393233316404	0.1936116909241961	0.599128279683192	6.069818731161768	0.30848023590375445	0.20466110585642877	0.20932810723269613	0.27753055100712054	0.49266484553564827	163.9489766261126	-996.7799338838965	3.2053720803501757E-4	0.8282645951221187	3.057226075597577E-4	1.5110160931462817E-7	1.1011546211912309
940000	-9664.277156092807	-8673.762068606906	-990.5150874859012	-8512.19490663574	137.1444370983459	1554.70905516702	0.07448218734274754	0.6844816077990443	0.03239922397046438	0.1433533568119104	0.6337846432201788	0.14633033471376328	1.8265305174701352	0.9099287126452189	3.5671019569500286	0.10601122624471868	0.8537626841878577	0.6844816077990443	0.03239922397046438	0.1433533568119104	0.6337846432201788	0.14633033471376328	1.8265305174701352	0.9099287126452189	3.5671019569500286	0.10601122624471868	0.8537626841878577	6.069818731161768	0.30848023590375445	0.20466110585642877	0.20932810723269613	0.27753055100712054	0.49266484553564827	179.2512671723942	-978.9743139649939	3.7319933105186436E-4	0.8033700441081105	3.563097021737753E-4	1.889910884151271E-7	1.0500924697179157
950000	-9733.549042555973	-8707.6825468127	-1025.866495743273	-8532.640057729339	179.7673429314887	1757.4158106490283	0.0886669182057202	3.7153480082387236	0.18550274488120472	0.251504971557404	3.5624547900693355	0.5900384440670586	0.7899138168069249	2.477485235278232	4.321796463679996	0.5700915174617949	1.8971774338152503	3.7153480082387236	0.18550274488120472	0.251504971557404	3.5624547900693355	0.5900384440670586	0.7899138168069249	2.477485235278232	4.321796463679996	0.5700915174617949	1.8971774338152503	6.069818731161768	0.30084139901563783	0.2122999427445454	0.20932810723269613	0.27753055100712054	0.49266484553564827	207.8721209084035	-1005.0363177117639	3.265462376361001E-4	0.814204770756493	2.9759957549555573E-4	1.1781787329774132E-7	0.9568648144573828
960000	-9688.760605363319	-8698.405289009977	-990.3553163533415	-8532.551411875314	137.5138315834618	1479.054551722457	0.07730499823009658	1.1675227863342	0.08903200861936286	0.5215177729959201	1.9804064780381097	0.5883942337400581	0.7561422470263549	0.15729458014185932	2.259284301379177	0.417568623758553	0.6655919150618544	1.1675227863342	0.08903200861936286	0.5215177729959201	1.9804064780381097	0.5883942337400581	0.7561422470263549	0.15729458014185932	2.259284301379177	0.417568623758553	0.6655919150618544	6.955063246045691	0.30084139901563783	0.2122999427445454	0.20932810723269613	0.27753055100712054	0.4467057220086638	162.38522522717568	-979.0533602102408	4.1323023138569375E-4	0.8002603731797842	3.702562508695837E-4	1.9785432102941297E-7	0.9847975542295339
970000	-9710.84349730799	-8684.221903679081	-1026.6215936289082	-8509.970893483513	167.22909760722146	1812.7154921012773	0.11616768295762463	0.7771793366257121	0.44225792620645354	0.7890822989916602	2.749222657570484	0.6613964338555908	1.6062678446047274	0.3979058602942913	5.223954139705362	0.30808865972714056	0.31048488995004536	0.7771793366257121	0.44225792620645354	0.7890822989916602	2.749222657570484	0.6613964338555908	1.6062678446047274	0.3979058602942913	5.223954139705362	0.30808865972714056	0.31048488995004536	6.955063246045691	0.30084139901563783	0.2137026041467173	0.20932810723269613	0.27612788960494866	0.4467057220086638	208.70369574936996	-1010.914223840318	3.624088409917846E-4	0.8235642327824789	3.06095549408437E-4	1.392055888352744E-7	0.9897110173801051
980000	-9666.43256133715	-8673.451742207957	-992.9808191291914	-8506.939527913113	137.5660098276156	1470.5814355174616	0.07270105900541485	1.0695354255549825	0.48101657381065754	0.9314112039352236	0.9759906342031462	2.2183577296223063	1.5334062222721543	4.653069971099995	5.41147677551709	0.4008254996694553	0.7217933040420129	1.0695354255549825	0.48101657381065754	0.9314112039352236	0.9759906342031462	2.2183577296223063	1.5334062222721543	4.653069971099995	5.41147677551709	0.4008254996694553	0.7217933040420129	6.955063246045691	0.30084139901563783	0.2137026041467173	0.20260075073210315	0.28285524610554164	0.4467057220086638	149.19040919867797	-971.5296002050692	4.351777069566905E-4	0.8921183589826753	3.609712959702729E-4	2.0115913086543056E-7	0.9800534638936419
990000	-9680.022328023595	-8679.809268947889	-1000.2130590757058	-8516.137606132295	142.22671263175855	1537.8454540883909	0.06633312466229586	0.02666815879720062	0.11237508815589012	0.9642446211730445	1.413040558840187	2.83602330464488	1.701661183206703	0.2651512708815359	4.736803702213553	0.8066757455545901	2.003123259520277	0.02666815879720062	0.11237508815589012	0.9642446211730445	1.413040558840187	2.83602330464488	1.701661183206703	0.2651512708815359	4.736803702213553	0.8066757455545901	2.003123259520277	6.955063246045691	0.30084139901563783	0.2137026041467173	0.20260075073210315	0.28285524610554164	0.4386415826313433	178.51172987853496	-981.8648423485018	4.404569512717991E-4	0.9310504417711958	3.60517214748944E-4	2.821395047792683E-7	1.184172615381007
1000000	-9675.941700140842	-8675.305829586709	-1000.6358705541329	-8508.738110463792	174.3656049240207	1646.657281259918	0.07034315242575381	0.1740519249957944	0.048280983883272156	0.6121405185045093	1.2525078587031127	0.32699208034258676	0.4294981556919022	0.9075760438583318	1.3615170722261558	0.012907639962215323	0.2403002847103305	0.1740519249957944	0.048280983883272156	0.6121405185045093	1.2525078587031127	0.32699208034258676	0.4294981556919022	0.9075760438583318	1.3615170722261558	0.012907639962215323	0.2403002847103305	6.046457041099647	0.30084139901563783	0.2137026041467173	0.20260075073210315	0.28285524610554164	0.4386415826313433	174.30401628073292	-992.0750904966076	4.27360233379739E-4	0.951294987220684	3.3134110589366897E-4	2.0291841291893522E-7	1.132059650011969
1010000	-9650.648069642553	-8657.478863226412	-993.1692064161421	-8498.368473734468	139.705506449622	1548.3819169580718	0.05862172406819105	0.38412542861447085	0.24127353726384354	0.17020532295214794	0.6383385639037488	1.5048099399808288	0.11574028445074729	1.1214029337299019	3.7038260485449186	0.40868086306563267	0.4148445256758426	0.38412542861447085	0.24127353726384354	0.17020532295214794	0.6383385639037488	1.5048099399808288	0.11574028445074729	1.1214029337299019	3.7038260485449186	0.40868086306563267	0.4148445256758426	6.046457041099647	0.30084139901563783	0.2137026041467173	0.20260075073210315	0.28285524610554164	0.4386415826313433	163.810457875297	-980.9764540570757	4.602504854285523E-4	0.9607339038556595	3.643796627769219E-4	2.962813996719059E-7	1.224619829025912
1020000	-9623.340156797287	-8668.828386226522	-954.5117705707653	-8503.596296173575	124.8183132134488	1338.8426361467639	0.12236413421159154	0.12082279709311539	0.12632334564674588	0.09782015445531583	0.7311415429636601	0.5146451035219191	1.4138802576489333	0.25042136072988497	2.0541296216014344	0.24417758094310216	0.5670575371422474	0.12082279709311539	0.12632334564674588	0.09782015445531583	0.7311415429636601	0.5146451035219191	1.4138802576489333	0.25042136072988497	2.0541296216014344	0.24417758094310216	0.5670575371422474	6.094542939869183	0.3133436226371886	0.2118019519099397	0.19199917934732996	0.28285524610554164	0.4386415826313433	127.61435300976738	-945.8421939476002	5.665153689411426E-4	0.9273772232383847	4.157369170089983E-4	3.704581531283411E-7	1.1492865956549523
1030000	-9619.962555868136	-8667.642006121068	-952.320549747069	-8500.660654629773	117.01765712048652	1247.907814284748	0.09978288390669392	0.31744230025587356	0.6203987122878194	0.6070873797740223	0.6630662891570038	1.8199765137906332	0.294167914648928	1.2355646481258646	5.334656553576298	0.1392717948473379	0.3347518505951487	0.31744230025587356	0.6203987122878194	0.6070873797740223	0.6630662891570038	1.8199765137906332	0.294167914648928	1.2355646481258646	5.334656553576298	0.1392717948473379	0.3347518505951487	6.7391898470571325	0.3133436226371886	0.2118019519099397	0.19199917934732996	0.28285524610554164	0.4386415826313433	134.39431538344107	-937.7205715181935	6.20707204911641E-4	0.9746637382820557	4.385834160300242E-4	5.076546693737077E-7	1.1274149212784592
1040000	-9629.108167820135	-8685.018819606368	-944.0893482137676	-8520.63446869887	101.2381214102689	1095.293475168949	0.13293897026530394	0.29431621824145826	0.09910538351909624	0.8049380736534529	0.8158947350993002	1.0977133275343292	2.6297703891748028	2.456847346545801	4.6831799016752935	0.7765554347949777	0.9814121113587851	0.29431621824145826	0.09910538351909624	0.8049380736534529	0.8158947350993002	1.0977133275343292	2.6297703891748028	2.456847346545801	4.6831799016752935	0.7765554347949777	0.9814121113587851	6.7391898470571325	0.3133436226371886	0.2118019519099397	0.19199917934732996	0.28285524610554164	0.4386415826313433	120.60723786952472	-926.3914054439906	6.89429363364896E-4	1.0014760428008176	5.158891112542119E-4	6.625830180719813E-7	1.1866950045899383
1050000	-9619.22968489804	-8673.964810162926	-945.2648747351138	-8507.15651749296	103.10866008033727	1151.4389805516469	0.09703132685870292	0.04731209516419951	0.02698914213148236	0.18313286129184866	3.3394290571135357	0.39990188130294574	1.0616772049438072	0.4690893693459038	2.747791331831566	0.20496047415895122	1.0523248628695236	0.04731209516419951	0.02698914213148236	0.18313286129184866	3.3394290571135357	0.39990188130294574	1.0616772049438072	0.4690893693459038	2.747791331831566	0.20496047415895122	1.0523248628695236	6.7391898470571325	0.3001169334990739	0.2022679266822369	0.21475989371314747	0.28285524610554164	0.5610715907057603	126.53132373040954	-932.6260397494474	6.697340960138769E-4	0.8926070669655342	4.985884546395234E-4	6.368616182898053E-7	1.183669185768425
1060000	-9641.948868887943	-8690.358920559844	-951.589948328099	-8528.78367517234	102.60074032618837	1211.320838771637	0.08623290090621415	0.19450817634191775	0.27397573444837964	1.1405603798750699	2.10476446516364	1.450743048992313	0.8239150042483033	0.27576278311836105	3.357994108354277	0.18728081552872822	0.6091449277292067	0.19450817634191775	0.27397573444837964	1.1405603798750699	2.10476446516364	1.450743048992313	0.8239150042483033	0.27576278311836105	3.357994108354277	0.18728081552872822	0.6091449277292067	7.235625799704806	0.3142139462957528	0.21537988977919384	0.21761119728426775	0.25279496664078555	0.5204575503781097	147.121696261765	-937.9661536621926	5.762100225023078E-4	0.8809300995000766	4.779946933683765E-4	4.2724965904042645E-7	1.0671774181063483
1070000	-9631.793546628864	-8671.832638014588	-959.9609086142757	-8510.630393854592	121.7829852238234	1351.0653968779259	0.06505325736732924	0.12554217474119217	0.013309473966344968	1.0508927222840954	0.5500422726922789	0.3444962951491802	1.076382134982217	0.3033527995450503	2.3869436875863785	0.6831694200439433	0.0841892939711623	0.12554217474119217	0.013309473966344968	1.0508927222840954	0.5500422726922789	0.3444962951491802	1.076382134982217	0.3033527995450503	2.3869436875863785	0.6831694200439433	0.0841892939711623	7.235625799704806	0.3142139462957528	0.19775409194529897	0.21761119728426775	0.27042076447468044	0.5204575503781097	140.55176931216084	-950.1257592723362	5.374984671353693E-4	0.7930042382502609	4.032210739336906E-4	2.3774840502415066E-7	0.9278945436167503
1080000	-9643.323579344795	-8651.697166019976	-991.6264133248188	-8489.724154721836	118.79447631616155	1428.9379005115281	0.06744760370169174	0.5294802362540055	0.03580402747107264	0.7585813800061048	1.5893953631091782	0.9230565953991	1.247728318291167	0.2882442676891188	3.596780952025926	1.0326142102901545	0.9736431577824871	0.5294802362540055	0.03580402747107264	0.7585813800061048	1.5893953631091782	0.9230565953991	1.247728318291167	0.2882442676891188	3.596780952025926	1.0326142102901545	0.9736431577824871	6.263304129610177	0.3142139462957528	0.19775409194529897	0.21761119728426775	0.27042076447468044	0.5204575503781097	169.91251265189342	-977.0288648023505	5.57409653416843E-4	0.9358290602775355	4.1227547729096926E-4	2.6762808431546546E-7	1.0113023876689848
1090000	-9658.417728733031	-8686.40596135166	-972.0117673813714	-8516.757161972302	104.22234987158316	1371.552444255891	0.09942678942475229	0.09972483097615673	0.050344223302284725	0.7539477835732145	0.3634029501292355	0.6234901257712745	0.8604565603583664	0.11526400513814004	4.81310748196491	0.4224329423826191	0.017697447851647886	0.09972483097615673	0.050344223302284725	0.7539477835732145	0.3634029501292355	0.6234901257712745	0.8604565603583664	0.11526400513814004	4.81310748196491	0.4224329423826191	0.017697447851647886	6.263304129610177	0.3006318893351974	0.19775409194529897	0.23119325424482318	0.27042076447468044	0.5204575503781097	151.98018036893106	-961.1225906138048	5.323340508331841E-4	0.8859125015276031	4.3005884884598524E-4	2.3530686914870135E-7	0.9725861585871407
1100000	-9659.594334605325	-8703.21803139927	-956.3763032060534	-8533.996760196633	113.40925733850457	1311.3268833054592	0.10967492707456424	0.8807206927249578	0.09892269228030864	1.0192008850568315	0.6678850929983232	1.2830569416671471	2.4034160369109556	0.019676307436047383	3.4106231785426444	0.31629342476043076	0.2172618436210945	0.8807206927249578	0.09892269228030864	1.0192008850568315	0.6678850929983232	1.2830569416671471	2.4034160369109556	0.019676307436047383	3.4106231785426444	0.31629342476043076	0.2172618436210945	7.395609645889645	0.29044557566578677	0.2079404056147096	0.23119325424482318	0.27042076447468044	0.5204575503781097	116.44872117857807	-943.9472555016418	5.177755574900817E-4	0.7386952120649847	4.104082919903207E-4	2.502782408342397E-7	1.008928539678014
1110000	-9666.191294070442	-8704.827463390862	-961.3638306795809	-8535.922108460485	108.74646499170808	1290.9126240274788	0.12768214531615407	0.0035713658299437725	0.09315795158849904	0.11892304874835141	1.6289249345910046	0.21719797509768493	2.1779083094895673	0.29870271164303536	2.1559589450944983	0.14361446981391526	0.1391240801025218	0.0035713658299437725	0.09315795158849904	0.11892304874835141	1.6289249345910046	0.21719797509768493	2.1779083094895673	0.29870271164303536	2.1559589450944983	0.14361446981391526	0.1391240801025218	7.395609645889645	0.3175447819840233	0.1968996179964814	0.2151348355448149	0.27042076447468044	0.5204575503781097	138.172879830487	-952.0170876679317	5.14480648843917E-4	0.7804741934830384	4.2007115219808286E-4	2.1132695987041744E-7	0.9517813554998142
1120000	-9674.243898004997	-8695.377382256598	-978.8665157483996	-8523.51552971904	113.09996449704698	1351.2412026014413	0.09310635812346447	0.1384625609812432	0.2426020059259655	0.018456418051813545	3.009782905670201	0.44869779849133873	1.4793128570676681	0.12698597622397223	1.9678418446865857	0.3642982356589738	0.8475377435493491	0.1384625609812432	0.2426020059259655	0.018456418051813545	3.009782905670201	0.44869779849133873	1.4793128570676681	0.12698597622397223	1.9678418446865857	0.3642982356589738	0.8475377435493491	6.0362763505037025	0.3175447819840233	0.1968996179964814	0.20248590629568544	0.2830696937238099	0.5204575503781097	145.40836199406976	-967.8083670278892	4.957801590402553E-4	0.7729088214509435	4.184323324977485E-4	1.933743633102364E-7	0.9321800063280817
1130000	-9683.000868137678	-8691.201200166332	-991.7996679713475	-8528.670528703346	118.1191072867717	1543.5778558466252	0.0738782455086192	0.39630514977997844	0.12767334944439127	0.5838294715955546	0.7868898602213281	0.6963771748852887	1.9782809550366451	0.020064123915629548	2.482966154419487	0.0893500249491501	0.3177300677177768	0.39630514977997844	0.12767334944439127	0.5838294715955546	0.7868898602213281	0.6963771748852887	1.9782809550366451	0.020064123915629548	2.482966154419487	0.0893500249491501	0.3177300677177768	6.0362763505037025	0.3175447819840233	0.1968996179964814	0.20248590629568544	0.2830696937238099	0.5204575503781097	160.18445302735432	-981.4145882377991	4.523313086741139E-4	0.8372355839454592	3.872344405400982E-4	1.8401500531429604E-7	0.913249454895839
1140000	-9659.94685152885	-8692.217231296438	-967.7296202324119	-8536.33344219168	107.03756423395782	1342.5888001743604	0.07692757644878209	0.15850692963194613	0.14466693705259062	0.14981310779742196	1.1391633222893147	0.22720911093384533	1.1017533368952632	0.04801897900157342	4.372842859322921	0.6646703562029347	0.34075633641934017	0.15850692963194613	0.14466693705259062	0.14981310779742196	1.1391633222893147	0.22720911093384533	1.1017533368952632	0.04801897900157342	4.372842859322921	0.6646703562029347	0.34075633641934017	6.425239526132403	0.3175447819840233	0.1968996179964814	0.20248590629568544	0.2830696937238099	0.5204575503781097	139.14096361019423	-957.01906334159	4.454259429010063E-4	0.7037232817182013	4.1073827711113423E-4	1.657673419376558E-7	0.9051646162222003
1150000	-9647.927778554009	-8684.0834149925	-963.8443635615098	-8517.743089386806	110.1026745005664	1356.268918562668	0.06987203169448078	0.020361241259644152	0.7279587401746518	0.04101023072176346	2.2057465759122925	0.6759434184576717	1.7964044986167733	0.7276590553259527	3.8465384947259817	0.49503366206645255	0.08157186075127063	0.020361241259644152	0.7279587401746518	0.04101023072176346	2.2057465759122925	0.6759434184576717	1.7964044986167733	0.7276590553259527	3.8465384947259817	0.49503366206645255	0.08157186075127063	7.587305451523064	0.3175447819840233	0.1968996179964814	0.20248590629568544	0.2830696937238099	0.5204575503781097	138.65526882163869	-950.5952799402133	4.405001938723762E-4	0.6700421853447124	3.755328355743569E-4	1.319301926652242E-7	0.8361343572638322
1160000	-9658.692313392361	-8698.623598317441	-960.0687150749208	-8523.694532691765	108.00429419864832	1384.794410936242	0.11846240570083444	0.21997126910583895	0.606276424999574	0.8475465780342802	0.37726081801966244	1.4239996002644717	1.8254680356678021	0.006977463296002099	7.254349790931167	1.616096749412941	1.5513328764676582	0.21997126910583895	0.606276424999574	0.8475465780342802	0.37726081801966244	1.4239996002644717	1.8254680356678021	0.006977463296002099	7.254349790931167	1.616096749412941	1.5513328764676582	7.587305451523064	0.3175447819840233	0.1968996179964814	0.20248590629568544	0.2830696937238099	0.5204575503781097	126.03250098542588	-942.0020546716769	5.098376148986907E-4	0.7523623766699	4.068361778298121E-4	1.6319840706372718E-7	0.8164761321428784
1170000	-9666.705649178806	-8707.166478872656	-959.5391703061513	-8545.558605684557	105.21782263749267	1324.2337854316788	0.10327377182961894	0.13807439612937666	0.18705882550455394	0.8340009415531062	1.845154329469136	1.3025472651071928	0.9329436768277553	0.051033041064970884	2.849241637544386	0.09584408118329742	0.20876109317250816	0.13807439612937666	0.18705882550455394	0.8340009415531062	1.845154329469136	1.3025472651071928	0.9329436768277553	0.051033041064970884	2.849241637544386	0.09584408118329742	0.20876109317250816	7.002149294349109	0.3175447819840233	0.1968996179964814	0.20248590629568544	0.2830696937238099	0.5204575503781097	115.89043919709354	-949.1024521771051	5.005600218829636E-4	0.6745333539859132	4.3860482620235224E-4	1.2308524059184605E-7	0.7405588691970165
1180000	-9607.103528532056	-8707.224055197687	-899.8794733343686	-8551.549939029464	77.92647564645085	977.8770318454846	0.10692601145876189	0.13041647921341323	0.0344272746470259	0.03397605884725231	1.8661571135948682	0.5969826686168325	0.2512123114550038	0.3836595529361293	1.9001247826750967	0.11695497718438332	0.6199623420409556	0.13041647921341323	0.0344272746470259	0.03397605884725231	1.8661571135948682	0.5969826686168325	0.2512123114550038	0.3836595529361293	1.9001247826750967	0.11695497718438332	0.6199623420409556	7.002149294349109	0.3175447819840233	0.1968996179964814	0.20248590629568544	0.2830696937238099	0.6144081120736288	90.96294150856625	-891.2923114595515	6.9972020439041E-4	0.8047361710376624	5.922226381079351E-4	3.376594611141693E-7	0.8359928377719251
1190000	-9599.849078363757	-8660.4628729013	-939.3862054624562	-8498.136769575158	89.9431588725118	1147.730009188411	0.08057325993823149	0.6337296726863199	0.31016539271963095	0.8993286814171942	1.285412627599472	1.681568249328829	0.9810114005699986	0.14128088078428108	6.7319554331054	0.6152456893021612	0.007810440476918507	0.6337296726863199	0.31016539271963095	0.8993286814171942	1.285412627599472	1.681568249328829	0.9810114005699986	0.14128088078428108	6.7319554331054	0.6152456893021612	0.007810440476918507	7.002149294349109	0.308099249561241	0.1968996179964814	0.20248590629568544	0.2925152261465922	0.40296461558648555	108.99440798735517	-923.1685852483358	5.21122868584726E-4	0.9209544110775117	4.819232587743723E-4	2.0223395070441802E-7	0.8725955142925201
1200000	-9644.682683492532	-8699.544316036185	-945.138367456347	-8537.267854066939	86.92792318124475	1116.5916120642237	0.09632409587116572	1.301271399016339	0.003771579993899446	0.4204259959584074	1.6835981609263238	2.111148001724464	4.068131739741794	0.36313646024803703	5.555739801719248	0.23416510726786635	1.9868192326756235	1.301271399016339	0.003771579993899446	0.4204259959584074	1.6835981609263238	2.111148001724464	4.068131739741794	0.36313646024803703	5.555739801719248	0.23416510726786635	1.9868192326756235	6.642003708573637	0.31678932465116855	0.1968996179964814	0.21132157135219193	0.27498948600015816	0.40296461558648555	122.03274055639919	-924.8955969286328	5.324570124382793E-4	0.8477273773450307	4.895014232499987E-4	1.939720659114884E-7	0.8830065354741012
1210000	-9647.1506963123	-8705.012817829302	-942.1378784829973	-8539.450458771	83.14552093342168	1127.634019250638	0.10740006263701778	2.737189606342014	0.028516665044675142	0.1393861539469502	0.4196044414099775	0.8632549651303741	0.8827210588812346	0.5775079097406572	5.3167955970563305	0.3930499537839129	0.6295923615784184	2.737189606342014	0.028516665044675142	0.1393861539469502	0.4196044414099775	0.8632549651303741	0.8827210588812346	0.5775079097406572	5.3167955970563305	0.3930499537839129	0.6295923615784184	6.642003708573637	0.31678932465116855	0.1968996179964814	0.21132157135219193	0.27498948600015816	0.499653141882249	114.50312661100409	-927.9062663191687	5.890876305880392E-4	0.7518929187550535	5.405948467552423E-4	2.5216113569744856E-7	0.8464923142919776
1220000	-9660.698467934106	-8696.280806932942	-964.4176610011635	-8522.912386821292	87.95747994375293	1244.9973092062412	0.09585986580727775	1.4366881993729976	0.6887499528575997	0.07373882368006879	0.13239884139116334	1.2750991230375597	1.1645342941335217	0.4820754536739659	4.167015396508706	0.7871123546909695	1.0789988450634296	1.4366881993729976	0.6887499528575997	0.07373882368006879	0.13239884139116334	1.2750991230375597	1.1645342941335217	0.4820754536739659	4.167015396508706	0.7871123546909695	1.0789988450634296	6.642003708573637	0.31291059642871955	0.1968996179964814	0.21132157135219193	0.27886821422260716	0.499653141882249	143.52424379415297	-950.2991708964439	5.629724953248051E-4	0.845139947132832	4.562657048192868E-4	2.391032512618669E-7	0.9074564263369016
1230000	-9661.964258986727	-8693.434626085891	-968.5296329008353	-8518.586549952433	101.64577614485538	1365.4151973577639	0.07084977007940199	0.27723933033446213	0.012893649932405535	0.3990002232140737	0.41134878103273803	0.7983135793441843	2.4351397996454907	0.4662602451712223	2.8566301854980014	0.3477258821349328	0.3046943394836643	0.27723933033446213	0.012893649932405535	0.3990002232140737	0.41134878103273803	0.7983135793441843	2.4351397996454907	0.4662602451712223	2.8566301854980014	0.3477258821349328	0.3046943394836643	6.642003708573637	0.31291059642871955	0.1968996179964814	0.21132157135219193	0.27886821422260716	0.499653141882249	143.2004270186673	-957.016318999632	4.6667503918975295E-4	0.9123196127521245	3.902390682490044E-4	1.6954332372138922E-7	0.9540122086014732
1240000	-9633.810699149959	-8693.771854062486	-940.0388450874718	-8529.231906170065	86.88558672222048	1077.7706121782437	0.07514123927463699	0.1560547056779996	0.6559469218717938	0.993112321934214	0.28801036956320414	1.2019348511757488	1.0959420596997964	0.20893398585771386	3.916446839407328	1.1934439879726433	0.46341446766195066	0.1560547056779996	0.6559469218717938	0.993112321934214	0.28801036956320414	1.2019348511757488	1.0959420596997964	0.20893398585771386	3.916446839407328	1.1934439879726433	0.46341446766195066	6.162430813352205	0.31291059642871955	0.1968996179964814	0.21132157135219193	0.27886821422260716	0.499653141882249	114.4400506684128	-926.9133989316982	6.117519533620026E-4	0.8644960717803056	5.406204275046084E-4	3.332545075382357E-7	0.9756378264429492
1250000	-9599.599441000777	-8666.313509159978	-933.2859318407997	-8501.707475378302	82.9204365136721	1084.186025068644	0.08669121015171659	0.34862381420304744	0.08532554204945082	0.8044026698699294	0.2880277232696035	0.9572101303656979	1.4616523736842424	0.20283082483020945	5.587713761834873	0.3523502069105593	1.9222600968482915	0.34862381420304744	0.08532554204945082	0.8044026698699294	0.2880277232696035	0.9572101303656979	1.4616523736842424	0.20283082483020945	5.587713761834873	0.3523502069105593	1.9222600968482915	6.162430813352205	0.31291059642871955	0.1968996179964814	0.21132157135219193	0.27886821422260716	0.499653141882249	123.54612036832894	-918.4430931598572	6.357170671139268E-4	0.8428871051579685	5.293556708280939E-4	3.452038554197011E-7	0.9085914640306669
1260000	-9612.533703034715	-8680.36010609638	-932.1735969383358	-8518.26555440786	78.99462852317102	1043.2808358526229	0.1141196599015795	0.6001796494046009	2.5297514468288054E-4	0.42683924079350377	0.8479237058220405	0.18025036503976943	1.424708738711527	0.12920944451918204	4.945875185375004	0.31642521036533205	1.1233519041718107	0.6001796494046009	2.5297514468288054E-4	0.42683924079350377	0.8479237058220405	0.18025036503976943	1.424708738711527	0.12920944451918204	4.945875185375004	0.31642521036533205	1.1233519041718107	6.162430813352205	0.2976057792488078	0.20304612033136693	0.22047988619721812	0.27886821422260716	0.499653141882249	105.97829431002957	-919.9281094622049	5.931295521565743E-4	0.8549273973400986	5.280986466680142E-4	3.0247532480279636E-7	0.9307893286662384
1270000	-9576.876155754979	-8662.750375528301	-914.1257802266765	-8491.97623224134	83.20263698990445	961.2061778425464	0.08648741491725405	0.07434114272350818	0.06044077290878909	0.4202093563833717	0.22666979528425407	1.3591487444901937	2.0014154396385777	0.34050520356700137	1.8247251084577805	0.22975786742523777	0.08259671523396091	0.07434114272350818	0.06044077290878909	0.4202093563833717	0.22666979528425407	1.3591487444901937	2.0014154396385777	0.34050520356700137	1.8247251084577805	0.22975786742523777	0.08259671523396091	6.162430813352205	0.2976057792488078	0.2135894775341651	0.20993652899441995	0.27886821422260716	0.499653141882249	108.22392796842296	-904.5076040622855	6.662665630711288E-4	0.940296607744655	6.032687324193401E-4	5.28253896824964E-7	1.1110879485014118
1280000	-9592.959504623968	-8696.463778081346	-896.4957265426223	-8518.140691186134	84.58217241304799	901.517845685237	0.14543235866767798	0.08022782195633098	0.04400064374111579	0.5858472783790418	1.1655160131864049	0.7510488707923739	0.9945078301441448	0.5548350567592366	1.149604878438102	0.13464892798451014	0.3934094483152317	0.08022782195633098	0.04400064374111579	0.5858472783790418	1.1655160131864049	0.7510488707923739	0.9945078301441448	0.5548350567592366	1.149604878438102	0.13464892798451014	0.3934094483152317	6.162430813352205	0.2976057792488078	0.2135894775341651	0.2127751620721485	0.27602958114487863	0.499653141882249	107.25620409569746	-888.0869038939443	7.183678294534222E-4	0.9431165543711947	6.259673632120168E-4	6.300905801768087E-7	1.1107263594210557
1290000	-9582.042511177171	-8686.571614114735	-895.4708970624366	-8519.21826994155	89.23114888519615	926.575233217379	0.10614341135633557	0.08193531329594803	0.019842845893539015	0.9177022939282546	1.7971702919010444	0.17038632865580472	1.8224770674727082	0.15995411896839906	3.06517962269303	0.313303373837353	0.37962463923648104	0.08193531329594803	0.019842845893539015	0.9177022939282546	1.7971702919010444	0.17038632865580472	1.8224770674727082	0.15995411896839906	3.06517962269303	0.313303373837353	0.37962463923648104	6.162430813352205	0.30917934189553353	0.20201591488743936	0.2127751620721485	0.27602958114487863	0.499653141882249	83.78945518383044	-884.1078742915128	7.05115407168008E-4	0.9413805540698038	5.945080849495356E-4	6.16925724891923E-7	1.0698779012316217
1300000	-9584.007958437283	-8683.762485188216	-900.2454732490677	-8521.209030823306	69.1009140030726	913.1723162964555	0.14131219211650087	0.7873599237995865	0.0033361245283005307	0.23437230086469601	0.4875016773410095	0.1480683636990646	3.7175034773392532	0.5172029975426082	6.875857318850011	0.17725113203310627	0.11980069336298632	0.7873599237995865	0.0033361245283005307	0.23437230086469601	0.4875016773410095	0.1480683636990646	3.7175034773392532	0.5172029975426082	6.875857318850011	0.17725113203310627	0.11980069336298632	6.295038531073688	0.30917934189553353	0.20201591488743936	0.2127751620721485	0.27602958114487863	0.499653141882249	91.2273323506514	-884.7001597257172	7.643870229686184E-4	0.9047397809065377	6.002757741021919E-4	8.871709372083718E-7	1.210431386141567
1310000	-9647.133557396015	-8696.854242095042	-950.2793153009736	-8528.690040710333	77.5915608630479	1105.9390892411134	0.08566172428658088	0.29880960169023524	0.4442951829614872	0.13688729441044536	2.2828186327245605	0.8645656520971651	2.577628955652212	0.14931895015421331	3.3514735822734365	0.6936570637899258	0.4638813781671595	0.29880960169023524	0.4442951829614872	0.13688729441044536	2.2828186327245605	0.8645656520971651	2.577628955652212	0.14931895015421331	3.3514735822734365	0.6936570637899258	0.4638813781671595	6.295038531073688	0.3017591014874081	0.20943615529556484	0.2127751620721485	0.27602958114487863	0.499653141882249	119.23190902894153	-936.0943688010201	5.874785229804039E-4	0.9213704731218098	4.864896425804826E-4	5.095120340564592E-7	1.1801269268970884
1320000	-9640.943433252936	-8702.712574889241	-938.2308583636942	-8539.627923047903	85.48486327404174	1157.8580759737754	0.07907928275019449	0.5406710721176258	0.014476602964236458	0.08458871727506609	0.3749364250928152	0.9801111682013961	2.7082830646429366	0.05210534550748822	3.2856075412672436	0.49530029559911143	0.2429184998518989	0.5406710721176258	0.014476602964236458	0.08458871727506609	0.3749364250928152	0.9801111682013961	2.7082830646429366	0.05210534550748822	3.2856075412672436	0.49530029559911143	0.2429184998518989	6.295038531073688	0.28945152445763495	0.20943615529556484	0.22508273910192161	0.27602958114487863	0.499653141882249	125.45155569070067	-926.5064449659435	5.32267099869865E-4	0.9333496330266077	4.4779416018714567E-4	3.486976336729593E-7	1.1013887277463774
1330000	-9626.763329030073	-8703.07022375993	-923.6931052701428	-8536.929201063991	92.56458523834435	1084.908193020963	0.11340667064527932	0.8531565595709064	0.42088051353810185	0.2907736119451782	1.0337044795778958	1.6413965903528716	0.8415201100788703	0.38053818528536804	7.807764618743252	0.3187556099457927	0.2012434531076679	0.8531565595709064	0.42088051353810185	0.2907736119451782	1.0337044795778958	1.6413965903528716	0.8415201100788703	0.38053818528536804	7.807764618743252	0.3187556099457927	0.2012434531076679	6.295038531073688	0.28945152445763495	0.20943615529556484	0.21267413995002107	0.28843818029677915	0.499653141882249	100.33409997333668	-907.548940001095	6.439427382651416E-4	0.8595269193130697	4.957086363075681E-4	4.3114184560918583E-7	1.0384564678742703
1340000	-9649.029046834588	-8689.00170854914	-960.0273382854477	-8526.615603513106	97.2731082354046	1270.114649542204	0.1442673354339564	0.19172242797152503	0.2103591992711009	0.30119094635881655	3.331529475689816	0.6420862434839455	1.3990654262656288	0.030112194220134208	4.982804716811867	0.07445078497319772	0.7506342465077362	0.19172242797152503	0.2103591992711009	0.30119094635881655	3.331529475689816	0.6420862434839455	1.3990654262656288	0.030112194220134208	4.982804716811867	0.07445078497319772	0.7506342465077362	6.295038531073688	0.3040719142654013	0.20943615529556484	0.19805375014225468	0.28843818029677915	0.499653141882249	134.89919489663058	-946.0749706572874	5.380512043637764E-4	0.7900157114109535	4.255482556208238E-4	3.8911990971309445E-7	1.1774379594918318
1350000	-9653.598115992443	-8692.987688947962	-960.6104270444814	-8518.744141510966	102.33549762120346	1301.1349427690589	0.186506410381486	0.06276752246822234	0.015823045938070775	0.6612467760779368	1.866685096916444	0.5084748093473607	0.3674490462143534	0.1953691149857522	5.017336179376735	0.6351805702785245	0.14409491940196212	0.06276752246822234	0.015823045938070775	0.6612467760779368	1.866685096916444	0.5084748093473607	0.3674490462143534	0.1953691149857522	5.017336179376735	0.6351805702785245	0.14409491940196212	6.295038531073688	0.2966142731114494	0.1981898726078467	0.2093000328299728	0.29589582145073107	0.499653141882249	148.3670022839383	-948.9885866723431	5.737774630367827E-4	0.8349700372318724	4.4293642774782143E-4	3.6069897317692234E-7	1.0692749732123592
1360000	-9653.094825637872	-8684.00934946091	-969.0854761769623	-8520.260877444387	100.14852624867818	1351.3257479370159	0.092211545050883	0.10864909339963189	0.1987226541096378	0.2380725572219203	1.0028856875031655	0.31431605458799744	1.3485856329994945	0.2530580722842999	3.6409498015947217	0.29591788759388105	0.45519210944224814	0.10864909339963189	0.1987226541096378	0.2380725572219203	1.0028856875031655	0.31431605458799744	1.3485856329994945	0.2530580722842999	3.6409498015947217	0.29591788759388105	0.45519210944224814	6.295038531073688	0.2966142731114494	0.20254649238849545	0.20494341304932406	0.29589582145073107	0.4500805536430391	130.5588310547983	-959.0950585745708	4.707588852152339E-4	0.7503775513505827	3.91315739568077E-4	2.3531787719953475E-7	1.0495857532424184
1370000	-9667.320209362468	-8680.44798602573	-986.8722233367374	-8504.288967580984	108.48101986194445	1415.4996059889622	0.08975940679775275	2.297583629351142	0.4950275553424419	1.2612018872450288	2.054902748220658	1.2957580723600777	3.84021703287271	0.5479916377623961	3.3726468563678185	1.0131055537990197	1.06939531713897	2.297583629351142	0.4950275553424419	1.2612018872450288	2.054902748220658	1.2957580723600777	3.84021703287271	0.5479916377623961	3.3726468563678185	1.0131055537990197	1.06939531713897	6.295038531073688	0.2966142731114494	0.2174521433670988	0.20494341304932406	0.2809901704721277	0.4500805536430391	151.91928693193952	-967.1779145718476	4.2998064209965497E-4	0.8370557139039028	3.694490121234666E-4	2.0077639541096443E-7	1.0645149599306423
1380000	-9662.430269431617	-8708.72048629203	-953.7097831395874	-8538.121810477636	94.8865122515445	1260.2305957423118	0.1207002859940829	0.7360771913383435	0.270381518912281	0.14002381475643869	1.5223135709039717	0.4167754649627075	4.945584407990104	0.8125007321897884	5.257419071865412	0.5946335450339698	0.4542998797524448	0.7360771913383435	0.270381518912281	0.14002381475643869	1.5223135709039717	0.4167754649627075	4.945584407990104	0.8125007321897884	5.257419071865412	0.5946335450339698	0.4542998797524448	6.295038531073688	0.2966142731114494	0.2174521433670988	0.20494341304932406	0.2809901704721277	0.5321375594762386	124.29127748604115	-936.1938001885056	5.425907671588366E-4	0.872720355903661	4.488946449542446E-4	3.139514777478686E-7	1.0205150566564862
1390000	-9665.1189142204	-8708.495452727402	-956.6234614929987	-8534.238448449816	103.97185998062872	1315.304381616236	0.08132388906590794	0.012758429133384817	0.20575128205992918	0.37973520422123214	0.14941243477291313	1.3190174168484605	0.5703098011332037	0.534726398487039	4.483781720186806	1.0465851951561669	0.03723925106724438	0.012758429133384817	0.20575128205992918	0.37973520422123214	0.14941243477291313	1.3190174168484605	0.5703098011332037	0.534726398487039	4.483781720186806	1.0465851951561669	0.03723925106724438	6.295038531073688	0.2966142731114494	0.2174521433670988	0.20494341304932406	0.2809901704721277	0.5321375594762386	120.69523109633309	-945.2302104418404	5.283637377838284E-4	0.8430122218694605	4.060101680465574E-4	2.196478830833494E-7	0.9527002728196637
1400000	-9667.365791696837	-8703.756017169331	-963.6097745275056	-8526.994411454354	87.36280487749875	1255.6640846515297	0.08439241082423014	0.3924260841591701	0.0076748147925695094	2.049958679155044	1.6090036784724802	1.874464207708787	0.91517228171635	0.421662454611014	3.5912246709281312	0.2519771855749407	0.08780133305120519	0.3924260841591701	0.0076748147925695094	2.049958679155044	1.6090036784724802	1.874464207708787	0.91517228171635	0.421662454611014	3.5912246709281312	0.2519771855749407	0.08780133305120519	6.295038531073688	0.2966142731114494	0.2174521433670988	0.20494341304932406	0.2809901704721277	0.3723339210139355	126.36710170424125	-950.3370440322943	4.868476375818822E-4	0.7393631057352843	3.977411464134027E-4	1.805382063838106E-7	0.9577623807816559
1410000	-9646.732043587745	-8696.136828353778	-950.5952152339667	-8527.76244318954	92.46640666300878	1204.2855444657464	0.12802869664199204	0.31277848464507324	0.009991073005615326	0.3353839877606063	2.088200932349467	0.07919716689797254	1.4909811509973971	0.44795982661499484	2.324272017834939	0.4335738255008152	0.0034047770216660465	0.31277848464507324	0.009991073005615326	0.3353839877606063	2.088200932349467	0.07919716689797254	1.4909811509973971	0.44795982661499484	2.324272017834939	0.4335738255008152	0.0034047770216660465	6.295038531073688	0.2966142731114494	0.2174521433670988	0.20494341304932406	0.2809901704721277	0.41360370731690393	129.61019717943176	-940.6869280990389	6.42036868580861E-4	0.8529293307202378	4.766113429291255E-4	2.655502780404663E-7	0.8953957392326546
1420000	-9664.678849735881	-8693.40522748977	-971.2736222461123	-8528.091724296895	95.33735302573156	1360.2453357871186	0.06304576261808258	0.1673001461761575	0.2306581417609523	0.9092733147453906	0.03117081494643165	0.38640854981040695	1.868268757748616	0.5038573281593851	3.827733691715512	0.49780271071684823	0.259666662703882	0.1673001461761575	0.2306581417609523	0.9092733147453906	0.03117081494643165	0.38640854981040695	1.868268757748616	0.5038573281593851	3.827733691715512	0.49780271071684823	0.259666662703882	6.295038531073688	0.31079081133581926	0.21356275645112183	0.20494341304932406	0.27070301916373485	0.41360370731690393	135.4514831574495	-959.9155919336438	4.747536470662535E-4	0.7737267311113394	3.91759655100718E-4	1.3438871235019785E-7	0.8036505531134145
1430000	-9674.031101884768	-8686.96722441332	-987.0638774714479	-8519.269082235816	101.43481105354473	1421.9617727453756	0.07513615676204835	0.4716648030964855	0.5546578400273994	1.0635663614145143	0.11199795419915569	0.4990529015436055	2.1290238235502748	0.37796098257244237	2.7687304944575146	0.9910130270060596	0.8933793245043001	0.4716648030964855	0.5546578400273994	1.0635663614145143	0.11199795419915569	0.4990529015436055	2.1290238235502748	0.37796098257244237	2.7687304944575146	0.9910130270060596	0.8933793245043001	6.757792472329249	0.31079081133581926	0.21356275645112183	0.20494341304932406	0.27070301916373485	0.6258420559907595	157.3440450557037	-974.1576768329126	4.808543122975387E-4	0.8113573574856575	3.90842612582768E-4	1.3460228724794657E-7	0.8106099227632927
1440000	-9681.172102880124	-8682.026667158189	-999.1454357219358	-8519.141480546568	94.46552563832643	1415.7679686189497	0.053798458388549734	0.19632854192980811	0.08223168250919295	0.3222084326668901	0.31777356208754065	0.8328419909591344	2.6917079386480123	0.6370368693154708	5.336689488539221	0.19258132739854364	1.0075218337858742	0.19632854192980811	0.08223168250919295	0.3222084326668901	0.31777356208754065	0.8328419909591344	2.6917079386480123	0.6370368693154708	5.336689488539221	0.19258132739854364	1.0075218337858742	6.757792472329249	0.31079081133581926	0.21356275645112183	0.20494341304932406	0.27070301916373485	0.6258420559907595	169.66966714434886	-983.398995274279	5.035592550795664E-4	0.9675632953104516	4.0351581204393005E-4	2.502778045944769E-7	1.0227700788912224
1450000	-9682.313091663127	-8685.529201001187	-996.7838906619392	-8521.805447132498	109.39048325136456	1444.6017202295084	0.09156358990714916	0.014438155697576751	0.43561050267289325	0.9325113586145698	0.0562876611307708	0.24758006520371506	2.3336237101211843	1.858645493260218	8.191508485270676	0.8262220928047265	1.1188532675295813	0.014438155697576751	0.43561050267289325	0.9325113586145698	0.0562876611307708	0.24758006520371506	2.3336237101211843	1.858645493260218	8.191508485270676	0.8262220928047265	1.1188532675295813	6.757792472329249	0.29728754531650786	0.21356275645112183	0.20494341304932406	0.28420628518304625	0.42387497461805473	143.52864337199034	-978.1092795694908	4.4092188095416795E-4	0.8913978579374442	3.728990906728767E-4	1.4497106600291584E-7	0.9255337425894911
1460000	-9669.006979382406	-8685.42723071623	-983.5797486661762	-8518.588044595106	113.9455419884822	1401.700817492699	0.070808505883606	2.5641949195088776	0.6782934639942173	0.42609984909017057	1.0680596203343375	1.7260027715406936	1.1502021856333438	0.10411218114154597	5.641054400951308	0.0360759920344834	0.9634228545050143	2.5641949195088776	0.6782934639942173	0.42609984909017057	1.0680596203343375	1.7260027715406936	1.1502021856333438	0.10411218114154597	5.641054400951308	0.0360759920344834	0.9634228545050143	5.961722936307303	0.29728754531650786	0.21356275645112183	0.20494341304932406	0.28420628518304625	0.5212748980078822	134.42962392617625	-965.8701229939112	5.189424592774397E-4	1.007484405223133	3.9566336316075915E-4	2.0805664222850704E-7	0.9429410749668596
1470000	-9649.645875030075	-8681.688552296828	-967.9573227332477	-8519.897542707318	100.69643858003948	1365.0454650345036	0.09389578536029475	0.4121818057731609	0.048252174757657085	0.5964278955748262	0.30939954826284377	0.5516443327775779	0.982045639348525	0.02594520594243931	2.646701100008059	0.11265106929764833	0.16786375835187706	0.4121818057731609	0.048252174757657085	0.5964278955748262	0.30939954826284377	0.5516443327775779	0.982045639348525	0.02594520594243931	2.646701100008059	0.11265106929764833	0.16786375835187706	5.657949326553234	0.29728754531650786	0.21356275645112183	0.20494341304932406	0.28420628518304625	0.5488001864752728	144.1418190273827	-959.5275754627032	5.013229284907676E-4	0.8770978488088202	4.2126972554393607E-4	1.70787584595926E-7	0.8843244731224029
1480000	-9648.54206155656	-8693.294749762657	-955.2473117939023	-8532.348978961398	128.64555936509987	1310.8795172495995	0.1000414555232276	0.16429984148398857	0.08455732406493721	1.4097783516016644	2.606672118805318	0.4918775839984477	1.2496575245707264	0.02679032171224156	2.628933450389833	0.13187580876994798	0.5517381108682272	0.16429984148398857	0.08455732406493721	1.4097783516016644	2.606672118805318	0.4918775839984477	1.2496575245707264	0.02679032171224156	2.628933450389833	0.13187580876994798	0.5517381108682272	5.657949326553234	0.29728754531650786	0.21356275645112183	0.20494341304932406	0.28420628518304625	0.5488001864752728	109.7451824965201	-943.3229242229771	5.188318760691693E-4	0.9758316706438034	3.9810079490540417E-4	2.69989802010566E-7	1.0792175200541807
1490000	-9677.08347953983	-8669.465763518334	-1007.6177160214959	-8510.92047252462	128.11974840267342	1613.7135442462657	0.06100423160388997	1.1577007782406834	0.11596309605606699	0.25056255580218606	3.456018996536174	1.607104234841194	0.5559196288366846	0.3847556336619796	3.5139868752932917	0.5452909195285167	0.7452897875207345	1.1577007782406834	0.11596309605606699	0.25056255580218606	3.456018996536174	1.607104234841194	0.5559196288366846	0.3847556336619796	3.5139868752932917	0.5452909195285167	0.7452897875207345	5.657949326553234	0.29728754531650786	0.21356275645112183	0.20494341304932406	0.28420628518304625	0.41884603261673875	174.02727574225014	-992.0436699024523	4.155758822468036E-4	0.9534749184793283	3.4682288048463664E-4	1.8101228569731242E-7	1.0706651589258307
1500000	-9673.109168349687	-8701.07859724911	-972.030571100577	-8541.088902796968	101.91204557835289	1310.9840868241215	0.049561367856569435	0.1544590959683145	0.013744581085015597	1.4068311983436401	0.13756763773528383	0.6808046861473153	2.031229664754508	0.1969530444195046	4.062433666814347	0.43709360544780645	0.6171917715380331	0.1544590959683145	0.013744581085015597	1.4068311983436401	0.13756763773528383	0.6808046861473153	2.031229664754508	0.1969530444195046	4.062433666814347	0.43709360544780645	0.6171917715380331	6.363578523365131	0.2924945664456765	0.20393369561708663	0.21259152288596592	0.29098021505127086	0.48546583152728656	145.5889996923706	-958.3970171156183	5.615547510587989E-4	0.9374744247641086	4.3445060853650283E-4	4.2537423576684483E-7	1.1133292507309827
1510000	-9649.619200901507	-8683.762984391757	-965.85621650975	-8518.783448126424	88.19844800816999	1234.6469308609253	0.0864207849950056	0.057093541117232895	0.27065094508975635	0.19562342220355566	1.314057528913564	1.0209379839884554	0.0855194211410096	0.02802992308361736	3.6848798827322033	0.18012789982596306	0.5139591907890346	0.057093541117232895	0.27065094508975635	0.19562342220355566	1.314057528913564	1.0209379839884554	0.0855194211410096	0.02802992308361736	3.6848798827322033	0.18012789982596306	0.5139591907890346	6.363578523365131	0.3037908012523726	0.20393369561708663	0.2035300841805972	0.2887454189499435	0.48546583152728656	124.21338973118048	-955.6832421109541	5.295003316011863E-4	0.9007138242784996	4.52824180943224E-4	2.5127018412813854E-7	0.9603297773362777
1520000	-9690.22430126878	-8704.244052309961	-985.980248958818	-8531.542347031535	91.56555139194722	1343.8724162844148	0.05007162522105941	0.5665477424080841	0.2987176279212051	1.7926168893362815	0.5091897792772421	0.34526227666261977	2.5851234029735495	0.3257758019676654	6.076123854437048	0.2547248524724792	0.2856038395561032	0.5665477424080841	0.2987176279212051	1.7926168893362815	0.5091897792772421	0.34526227666261977	2.5851234029735495	0.3257758019676654	6.076123854437048	0.2547248524724792	0.2856038395561032	6.363578523365131	0.29571669447282534	0.21200780239663392	0.2035300841805972	0.2887454189499435	0.48546583152728656	125.07035722506686	-970.1133953262196	4.530020367970854E-4	0.7275161231170318	4.158396879442875E-4	1.357087523222571E-7	0.808091192535361
1530000	-9685.435487626997	-8680.037935584303	-1005.397552042693	-8515.585281409283	118.3590266303307	1640.317725039942	0.07319941206681471	0.4638547636890064	0.058335857006208504	0.06786223776306313	0.5531561732758183	0.6555418479560556	0.4171389363246714	0.13108913917636952	2.979517856282171	0.0229671406719375	0.6767188836988108	0.4638547636890064	0.058335857006208504	0.06786223776306313	0.5531561732758183	0.6555418479560556	0.4171389363246714	0.13108913917636952	2.979517856282171	0.0229671406719375	0.6767188836988108	6.363578523365131	0.29571669447282534	0.21200780239663392	0.2035300841805972	0.2887454189499435	0.48546583152728656	181.44449918594188	-996.2919253830685	4.1610517487584487E-4	0.8862496003362672	3.433174890044763E-4	1.0968280053363794E-7	0.8187591274661512
1540000	-9657.914683919636	-8687.506698905272	-970.4079850143637	-8513.607248552302	105.26964723541255	1331.54027468707	0.05917409329061644	0.07366909455328279	0.04633365176698446	1.1892222918484998	0.15511528008024378	0.6778288928129728	0.9818202355873883	0.24753317541669223	2.316560290294425	0.803439697286778	1.1574081098600266	0.07366909455328279	0.04633365176698446	1.1892222918484998	0.15511528008024378	0.6778288928129728	0.9818202355873883	0.24753317541669223	2.316560290294425	0.803439697286778	1.1574081098600266	6.363578523365131	0.29571669447282534	0.20497431447879785	0.2035300841805972	0.2957789068677795	0.48546583152728656	154.9629665438605	-959.3268578160465	4.6467622410445615E-4	0.9119407620404365	4.087468726612507E-4	1.7673623221831927E-7	0.9168141277399734
1550000	-9642.17943023002	-8690.395106197526	-951.7843240324945	-8521.840278125033	97.46405891212513	1138.3633392233721	0.10213684462851615	0.3010970127689465	0.048919715260043135	1.091577824521432	0.1490289739945048	0.662807190760399	2.34522814246647	0.8293188183006303	4.251048886941698	0.4160451862037264	0.2324607678206138	0.3010970127689465	0.048919715260043135	1.091577824521432	0.1490289739945048	0.662807190760399	2.34522814246647	0.8293188183006303	4.251048886941698	0.4160451862037264	0.2324607678206138	6.060541270827084	0.29571669447282534	0.20497431447879785	0.2035300841805972	0.2957789068677795	0.48546583152728656	130.2631086565144	-938.93974644139	5.650902279242465E-4	0.8510987303501679	5.147825724514507E-4	3.278901347336351E-7	0.9934110742947505
1560000	-9616.229242875932	-8689.85577709817	-926.3734657777613	-8517.263922314714	109.91980465586649	1090.5502607369965	0.17317785892030207	0.46501433684489496	0.04380362769533193	0.008237699369796353	1.0057050121128606	0.5421034241919696	0.7461907565786167	0.24304533915040766	2.6756487017129573	0.2268303133614504	0.39199042161438336	0.46501433684489496	0.04380362769533193	0.008237699369796353	1.0057050121128606	0.5421034241919696	0.7461907565786167	0.24304533915040766	2.6756487017129573	0.2268303133614504	0.39199042161438336	6.060541270827084	0.2849274523264631	0.20731007144197577	0.21198356936378152	0.2957789068677795	0.48546583152728656	99.13280035646535	-918.1107907577541	5.702530564926639E-4	0.9132630251869269	5.001525057100481E-4	2.8632099558466364E-7	0.9432854308672588
1570000	-9651.872409369867	-8709.59427021671	-942.2781391531574	-8528.302429720834	150.94268254089206	1208.4049302904114	0.11219762259470803	0.6991217046428283	0.04349730054277133	0.7954140661016114	0.3363975354166679	0.349484490505837	0.5602120521437235	0.8680507651051254	1.6513384800868471	0.4309122691084223	0.1704838420219193	0.6991217046428283	0.04349730054277133	0.7954140661016114	0.3363975354166679	0.349484490505837	0.5602120521437235	0.8680507651051254	1.6513384800868471	0.4309122691084223	0.1704838420219193	6.060541270827084	0.2990413469576741	0.20731007144197577	0.1978696747325705	0.2957789068677795	0.48546583152728656	108.52784416161823	-933.4171364648083	6.018276878442347E-4	1.0528010494894886	4.6659299679348596E-4	4.0701968766642867E-7	1.0895002603466768
1580000	-9620.733160300999	-8702.137795154553	-918.5953651464458	-8526.14053746456	124.92109072366243	1081.1857684413303	0.11116099299648846	0.20064553424872733	0.4950626155009201	0.2520321231168346	0.04181383495496314	0.0737326859698101	2.0684547483867943	1.0734336319141375	3.5611121832564927	0.2940433475534935	0.40708166485623354	0.20064553424872733	0.4950626155009201	0.2520321231168346	0.04181383495496314	0.0737326859698101	2.0684547483867943	1.0734336319141375	3.5611121832564927	0.2940433475534935	0.40708166485623354	6.858422740961572	0.2990413469576741	0.20731007144197577	0.1978696747325705	0.2957789068677795	0.48546583152728656	90.49352420023303	-908.0637136637815	5.805057934687763E-4	0.7757246070263262	5.030371858623168E-4	3.3309962409388285E-7	0.98728911443103
1590000	-9632.79075050485	-8684.35295868574	-948.4377918191103	-8506.009034029186	124.80399240582811	1218.3799923342954	0.14728341369669873	0.47268804443180096	0.22717042016236694	0.2229091614865088	0.36489112971664683	0.26305890020864847	3.094001850354747	0.2204880659323412	1.3531543782937048	0.3486328401513671	0.5037558433796453	0.47268804443180096	0.22717042016236694	0.2229091614865088	0.36489112971664683	0.26305890020864847	3.094001850354747	0.2204880659323412	1.3531543782937048	0.3486328401513671	0.5037558433796453	6.858422740961572	0.2990413469576741	0.20731007144197577	0.1978696747325705	0.2957789068677795	0.48546583152728656	135.50272070678395	-939.0219661301114	5.85141009780939E-4	0.8183132545424361	4.45114931586132E-4	3.510394000327196E-7	1.050927116436053
1600000	-9673.124932507031	-8696.07279627187	-977.0521362351612	-8530.120549708921	105.74401862642453	1331.7053653812095	0.09216281905087895	0.038237121248989744	0.12724722710026856	0.5713104293698285	0.723486800770406	1.1700217165882123	1.3742718065708521	0.12764053474979237	5.5017532118889	0.8087392401231815	1.5495178697326726	0.038237121248989744	0.12724722710026856	0.5713104293698285	0.723486800770406	1.1700217165882123	1.3742718065708521	0.12764053474979237	5.5017532118889	0.8087392401231815	1.5495178697326726	6.858422740961572	0.2990413469576741	0.20731007144197577	0.1978696747325705	0.2957789068677795	0.48546583152728656	150.68926951207405	-962.2530853378397	5.109045066242119E-4	0.8311033964971783	4.195422183676981E-4	2.760685054118473E-7	1.0512828853856226
1610000	-9603.593174258323	-8668.200042575401	-935.3931316829223	-8496.59833085454	114.89020179183555	1158.3718236418758	0.09099516624665972	0.44678278622910256	0.19985143595783877	1.1144354251045965	0.3854607263462315	1.353643529798349	1.1937046085083622	0.022727843389946906	3.429564248880931	0.04306080322178254	1.619146162233695	0.44678278622910256	0.19985143595783877	1.1144354251045965	0.3854607263462315	1.353643529798349	1.1937046085083622	0.022727843389946906	3.429564248880931	0.04306080322178254	1.619146162233695	6.858422740961572	0.2990413469576741	0.20422089994948545	0.1978696747325705	0.29886807836026985	0.48546583152728656	114.27020478012129	-922.6905436468082	6.239206696582691E-4	0.859927183138387	4.8586161346302433E-4	3.477149130110324E-7	0.998272340826684
1620000	-9608.36653369773	-8676.241498108348	-932.125035589383	-8509.782347618175	75.05466979997533	1076.249426400609	0.1252295444198876	0.002294709796505598	0.15867530831424093	1.151921554309243	2.7087755696652497E-4	0.8395694974479079	1.5229339734173455	0.08347426258729629	3.1182123703484006	0.10665628502312524	0.81914373281988	0.002294709796505598	0.15867530831424093	1.151921554309243	2.7087755696652497E-4	0.8395694974479079	1.5229339734173455	0.08347426258729629	3.1182123703484006	0.10665628502312524	0.81914373281988	6.858422740961572	0.2898641349218638	0.20422089994948545	0.2070468867683808	0.29886807836026985	0.48546583152728656	104.45575230462624	-921.9208736660871	6.260829162417601E-4	0.8525811865815036	5.177429403577721E-4	3.825304116246445E-7	1.0300447468652483
1630000	-9569.958403685649	-8665.549867502581	-904.4085361830669	-8496.200949604807	63.56494334974283	893.5140783006943	0.1112936231535406	1.2587193532519794	0.05898083548957877	0.6709447062276364	0.31271071374383336	1.619906121532459	1.7613803107344532	0.7533774847620189	2.326922512593651	0.6053263461655494	0.34916948562418715	1.2587193532519794	0.05898083548957877	0.6709447062276364	0.31271071374383336	1.619906121532459	1.7613803107344532	0.7533774847620189	2.326922512593651	0.6053263461655494	0.34916948562418715	6.858422740961572	0.2898641349218638	0.21493252109086503	0.2013215282998714	0.29388181568739963	0.48546583152728656	95.81254895800247	-892.030942353351	7.795681844632685E-4	0.8307620004064065	6.578558825949284E-4	5.220253736872449E-7	0.9642567521357063
1640000	-9578.641265078755	-8693.932647766384	-884.7086173123722	-8511.313006124808	64.16748920001928	867.4930835553885	0.10057210313882642	1.132679127353601	0.18883592058725435	1.1324416553588676	0.013534850624299504	0.2500272344722823	0.236748122245364	0.6112735679212776	2.8275888555068	0.06462775149093229	0.25001617980142876	1.132679127353601	0.18883592058725435	1.1324416553588676	0.013534850624299504	0.2500272344722823	0.236748122245364	0.6112735679212776	2.8275888555068	0.06462775149093229	0.25001617980142876	6.858422740961572	0.2898641349218638	0.21493252109086503	0.2013215282998714	0.29388181568739963	0.48546583152728656	78.49628005867756	-875.4744941234441	7.456777370878087E-4	0.8383383820278678	6.468661367832148E-4	4.893405567573426E-7	0.9254321092756758
1650000	-9601.816994189232	-8691.090399756971	-910.7265944322613	-8518.137799896012	59.99647202154863	885.8258538497056	0.12859900945791722	0.03579308980815161	0.06631252657353437	1.459463682333284	1.2810597896364626	1.7892802645881771	2.789773338562129	1.5339338394987811	1.427737150312653	0.14316300646231772	0.29140136890856094	0.03579308980815161	0.06631252657353437	1.459463682333284	1.2810597896364626	1.7892802645881771	2.789773338562129	1.5339338394987811	1.427737150312653	0.14316300646231772	0.29140136890856094	6.858422740961572	0.29780955262923425	0.2069871033834946	0.2013215282998714	0.29388181568739963	0.4886617735994026	102.34265779511766	-897.3193205821526	6.978704638345433E-4	0.8742520424958713	6.240306315765764E-4	3.932297381379823E-7	0.94266365448935
1660000	-9588.679991729374	-8672.780794728345	-915.8991970010278	-8508.428376111458	71.31716795111826	970.1755008855065	0.11258315819171683	0.1478975333213699	0.20957112664332805	0.1315706875830099	1.6392443355151622	1.3053373167469564	1.4691532356903085	0.3069077647080614	4.112150542589472	0.2556757708873207	0.01899098247180569	0.1478975333213699	0.20957112664332805	0.1315706875830099	1.6392443355151622	1.3053373167469564	1.4691532356903085	0.3069077647080614	4.112150542589472	0.2556757708873207	0.01899098247180569	6.858422740961572	0.29588788166330243	0.2069871033834946	0.20324319926580325	0.29388181568739963	0.4886617735994026	108.50579117888023	-904.1831358951384	6.393673956234775E-4	0.7087748262045557	5.781056665612445E-4	2.3446860915762578E-7	0.8049991487290333
1670000	-9660.952171627112	-8707.912042335593	-953.0401292915192	-8539.844931112017	95.20680058456514	1223.3090615250546	0.12309819906313765	0.388260250994406	0.04017133245068066	0.2307105497239436	0.0030137928934195943	0.13494724846734993	0.9989457675451074	0.008358937895894213	7.44823931844075	0.11909206257903042	1.055400335062812	0.388260250994406	0.04017133245068066	0.2307105497239436	0.0030137928934195943	0.13494724846734993	0.9989457675451074	0.008358937895894213	7.44823931844075	0.11909206257903042	1.055400335062812	6.858422740961572	0.29588788166330243	0.2069871033834946	0.20324319926580325	0.29388181568739963	0.6938137691612201	132.11441916501644	-940.7447751300522	4.8377179504116184E-4	0.640069131510807	4.498135762061404E-4	1.2022483924587853E-7	0.725737627568106
1680000	-9654.38430320978	-8705.77179018525	-948.6125130245282	-8533.810904755566	91.00696994202704	1153.792030022882	0.09884686164530641	0.2863264780444124	0.03607490532482316	0.7477524043418527	0.11067812157560834	0.27228674078947473	1.1767782791705423	0.6873535730563151	3.874541397091809	0.24417212451755782	0.6639930394408442	0.2863264780444124	0.03607490532482316	0.7477524043418527	0.11067812157560834	0.27228674078947473	1.1767782791705423	0.6873535730563151	3.874541397091809	0.24417212451755782	0.6639930394408442	5.719452790455942	0.29588788166330243	0.2069871033834946	0.20324319926580325	0.29388181568739963	0.44503963953326936	123.21902135879736	-938.754387209964	5.070171978660449E-4	0.7021892390283341	4.8359423784916257E-4	1.7545255314040415E-7	0.8064164844670403
1690000	-9682.227570164823	-8720.16914794458	-962.058422220243	-8547.387628076054	100.12715332650879	1286.7463274182796	0.13850048962757597	0.8871183249797403	0.07992146754043954	0.1460240067739974	1.958210308363634	0.7451440965515955	2.099366603035073	0.38484716506792327	2.4419215413360327	0.2458998565242373	0.03882343917275064	0.8871183249797403	0.07992146754043954	0.1460240067739974	1.958210308363634	0.7451440965515955	2.099366603035073	0.38484716506792327	2.4419215413360327	0.2458998565242373	0.03882343917275064	5.198249956269127	0.30096004604188104	0.201914939004916	0.20324319926580325	0.29388181568739963	0.366588382551984	121.65178559594311	-952.2290912738733	4.534413013066912E-4	0.6147179318366183	4.0756928431487247E-4	1.497713336320994E-7	0.8300279453544429
1700000	-9670.144916009373	-8719.755014841801	-950.3899011675719	-8554.021346368496	100.77582646373504	1202.1527671268382	0.08799997040923176	0.29877128777624046	0.05338669595888077	0.16327202198303556	1.638604308954096	0.44915538914662123	0.6616099314364843	0.7562311683117261	2.378405343675157	0.19212741607196415	1.0820773758920632	0.29877128777624046	0.05338669595888077	0.16327202198303556	1.638604308954096	0.44915538914662123	0.6616099314364843	0.7562311683117261	2.378405343675157	0.19212741607196415	1.0820773758920632	5.792877268482509	0.30096004604188104	0.201914939004916	0.20324319926580325	0.29388181568739963	0.5178332049941448	128.85952708181458	-940.6851562866709	5.026736889340123E-4	0.6985187215991446	4.581493545681451E-4	1.4460798213327334E-7	0.7326419620436878
1710000	-9668.484272066937	-8708.234679628617	-960.2495924383194	-8551.462630764518	106.03826004049301	1259.8091828852525	0.05836644312685659	0.07369358068029382	0.019099948449272514	0.019162107445972996	2.407084765635991	1.281102039063975	1.2859829677905827	0.05122572117556681	5.767533652558611	0.6237226267809818	2.1686083625491532	0.07369358068029382	0.019099948449272514	0.019162107445972996	2.407084765635991	1.281102039063975	1.2859829677905827	0.05122572117556681	5.767533652558611	0.6237226267809818	2.1686083625491532	5.9261044601453055	0.30096004604188104	0.21267851604694127	0.20324319926580325	0.2831182386453744	0.5178332049941448	136.5108477437426	-943.6451668437309	5.295906721104047E-4	0.7676794411672685	4.475681989884608E-4	2.108314857890472E-7	0.8850033943672346
1720000	-9685.409035863593	-8717.602253390894	-967.8067824726979	-8544.589965006891	111.29505379778662	1381.368865379112	0.10441811384937595	0.7836442277509189	0.048688638833878584	0.6586572690558814	0.39156754585880565	2.103239664705206	2.810420460011531	0.5143645792558464	3.4006760493421573	0.4382400944341312	0.7747347106650873	0.7836442277509189	0.048688638833878584	0.6586572690558814	0.39156754585880565	2.103239664705206	2.810420460011531	0.5143645792558464	3.4006760493421573	0.4382400944341312	0.7747347106650873	5.536726846631781	0.30096004604188104	0.21267851604694127	0.20324319926580325	0.2831182386453744	0.392629308075985	129.4492980988849	-954.2030927432274	4.519716896901881E-4	0.7558147486286463	4.0269937408949697E-4	1.7707062470044418E-7	0.9206522881351032
1730000	-9667.735615323625	-8699.939790729997	-967.7958245936286	-8524.422238399384	112.17719372784413	1308.722500511961	0.12225626384038159	0.11517202680944875	0.21034504278246738	0.09800341741118568	0.24310943420289857	0.4915593317165612	2.510613316998049	0.4009140137124871	3.6909224651006087	0.39324560022813493	0.41876461120316244	0.11517202680944875	0.21034504278246738	0.09800341741118568	0.24310943420289857	0.4915593317165612	2.510613316998049	0.4009140137124871	3.6909224651006087	0.39324560022813493	0.41876461120316244	6.2225824401160565	0.30096004604188104	0.20648764779798337	0.20943406751476115	0.2831182386453744	0.392629308075985	122.54156910507754	-957.6589573183761	4.395600763288823E-4	0.7426450949177218	3.988512999381526E-4	1.6444592473009984E-7	0.8919836659563912
1740000	-9671.934373928825	-8691.3425345862	-980.5918393426247	-8531.676785481985	100.45383547316841	1366.8873763350846	0.0699902745990902	0.04216413917891972	0.06278532699404164	0.6537644531509668	0.6594042867708962	0.8595661701755818	0.6279827858892955	0.2950948807056275	5.23658383758857	0.08836594630272297	0.324712844743384	0.04216413917891972	0.06278532699404164	0.6537644531509668	0.6594042867708962	0.8595661701755818	0.6279827858892955	0.2950948807056275	5.23658383758857	0.08836594630272297	0.324712844743384	6.2225824401160565	0.30096004604188104	0.20648764779798337	0.20943406751476115	0.2831182386453744	0.618430543573522	154.85509047048242	-969.1437037787747	4.307755817329166E-4	0.725415235190163	3.989708389991559E-4	1.2128966771141062E-7	0.8329426844338762
1750000	-9671.500810624884	-8693.890610307246	-977.6102003176377	-8520.08746091651	88.61563406257136	1280.3110490099057	0.09484938386452327	2.8481973556673976	0.06128380313196869	0.3494470849306535	1.069214090163175	0.8112062060814916	3.0263876437620767	0.48211343120777356	4.76804179352766	0.8664139564406904	0.35840539927411047	2.8481973556673976	0.06128380313196869	0.3494470849306535	1.069214090163175	0.8112062060814916	3.0263876437620767	0.48211343120777356	4.76804179352766	0.8664139564406904	0.35840539927411047	6.2225824401160565	0.30096004604188104	0.20648764779798337	0.20943406751476115	0.2831182386453744	0.520357344902023	143.34560714276148	-961.1879832656758	4.697371175975931E-4	0.6199007083249217	4.183590441866381E-4	1.031277309411971E-7	0.709865696591465
1760000	-9663.701410437885	-8696.066184116942	-967.6352263209426	-8528.332592009001	87.43291114103005	1309.4586267332013	0.10610174599846094	0.9500088655069012	0.14475357728232788	0.12390529048428701	0.9201938976094494	0.8985372474027795	1.093295938586659	2.44293192168369	4.148593018712913	0.14635854172362858	1.0926579966907846	0.9500088655069012	0.14475357728232788	0.12390529048428701	0.9201938976094494	0.8985372474027795	1.093295938586659	2.44293192168369	4.148593018712913	0.14635854172362858	1.0926579966907846	6.399250562938919	0.30096004604188104	0.20648764779798337	0.20867512722028628	0.28387717893984926	0.520357344902023	126.97483959906623	-953.5538319765046	4.926042123941993E-4	0.7685369890747465	4.349517752173803E-4	1.0335670507055319E-7	0.6955565937494511
1770000	-9652.474582269057	-8690.692200021793	-961.7823822472636	-8527.199733541034	90.00256475636839	1195.886198807379	0.12544210428433797	1.647912965054164	0.9488468317303563	0.015182243658425057	0.018754428302585627	0.4312646304924424	2.893555319404437	4.026336833830113	6.562609125368191	0.26907600547692717	0.007632606469241114	1.647912965054164	0.9488468317303563	0.015182243658425057	0.018754428302585627	0.4312646304924424	2.893555319404437	4.026336833830113	6.562609125368191	0.26907600547692717	0.007632606469241114	7.278626013554991	0.30096004604188104	0.20648764779798337	0.20867512722028628	0.28387717893984926	0.520357344902023	129.9090305393968	-942.5672072562072	5.742794299609774E-4	0.7807759024361235	4.7976503112333476E-4	2.1535258781964953E-7	0.8450368784860023
1780000	-9647.95286659137	-8693.60757359658	-954.3452929947886	-8528.285977543164	87.1779010444639	1215.3847350223173	0.08397025279038792	0.027873375412216322	0.621551219792134	0.48983626031070704	2.609341462606354	0.17233050853383408	2.411280489769112	0.6454700362562461	6.635126868294318	0.6468895853695106	0.00747940470755525	0.027873375412216322	0.621551219792134	0.48983626031070704	2.609341462606354	0.17233050853383408	2.411280489769112	0.6454700362562461	6.635126868294318	0.6468895853695106	0.00747940470755525	6.80842978815076	0.30096004604188104	0.20648764779798337	0.20867512722028628	0.28387717893984926	0.520357344902023	126.41775614599953	-937.2439324774855	6.017055046704151E-4	0.8044309004876912	4.759003999138462E-4	2.2741559287090377E-7	0.8424953219199965
1790000	-9691.442348787423	-8690.117502350284	-1001.3248464371381	-8520.862817914016	101.65645231541438	1428.6849456002276	0.09320713194417096	0.32726497688230566	6.202445625580343E-4	0.1387241469342255	1.8775247828188506	0.859945616730029	0.3693031507400023	1.5129069804104642	1.9737581163696623	0.37349020230722424	3.8777992781693618	0.32726497688230566	6.202445625580343E-4	0.1387241469342255	1.8775247828188506	0.859945616730029	0.3693031507400023	1.5129069804104642	1.9737581163696623	0.37349020230722424	3.8777992781693618	6.264221086047345	0.30096004604188104	0.20648764779798337	0.20867512722028628	0.28387717893984926	0.520357344902023	166.87154608260303	-987.6115622784355	4.334884919401355E-4	0.7769966179999861	3.799454921698419E-4	1.3818558962620646E-7	0.8846647641622197
1800000	-9676.680593013707	-8695.505866474863	-981.1747265388447	-8527.127236908595	116.44236296293629	1409.0081893739984	0.1078012724195521	9.639765488091712E-5	0.09477407842126682	1.2083918683816868	0.792993226006722	0.18814712114219068	2.170573672856939	1.0640929854254113	3.1134183255697896	0.31811481984455026	0.6294277528107478	9.639765488091712E-5	0.09477407842126682	1.2083918683816868	0.792993226006722	0.18814712114219068	2.170573672856939	1.0640929854254113	3.1134183255697896	0.31811481984455026	0.6294277528107478	6.264221086047345	0.29506098829474936	0.20648764779798337	0.20867512722028628	0.28977623668698094	0.520357344902023	150.5297321218247	-969.5401013906954	4.6720725665376056E-4	0.7291031963569686	3.980117451762052E-4	1.3988275079504763E-7	0.7965871605024438
1810000	-9618.143187792872	-8676.051756081932	-942.0914317109399	-8509.521555406627	100.50678928501289	1202.7213154778342	0.13132754074805442	0.43377413008535	0.03002569094868655	0.06241156708495848	2.089119157651549	1.2517604149435007	0.24255414152251656	0.19707393785737917	4.3152498872003795	0.020566988626274547	0.42326726754604244	0.43377413008535	0.03002569094868655	0.06241156708495848	2.089119157651549	1.2517604149435007	0.24255414152251656	0.19707393785737917	4.3152498872003795	0.020566988626274547	0.42326726754604244	6.264221086047345	0.29506098829474936	0.20648764779798337	0.20867512722028628	0.28977623668698094	0.520357344902023	131.8114167548278	-931.0781185702358	5.213958253905696E-4	0.761333441123817	4.415523019486301E-4	1.7044763642317729E-7	0.8029388775334892
1820000	-9652.298593194713	-8687.595853957393	-964.70273923732	-8527.490293256375	90.90417920482895	1253.0646509531816	0.07421093455264278	0.31302339692633513	0.09133782899203903	0.43419609586453295	0.08495176007464816	1.2452133089218744	1.48772289741015	0.030615204521938295	5.534872162248281	0.04778511202747235	0.8418709878078148	0.31302339692633513	0.09133782899203903	0.43419609586453295	0.08495176007464816	1.2452133089218744	1.48772289741015	0.030615204521938295	5.534872162248281	0.04778511202747235	0.8418709878078148	6.264221086047345	0.30740193857772036	0.20855103399850614	0.20867512722028628	0.2753719002034872	0.520357344902023	147.17101980175516	-951.3906186230813	5.395094335307721E-4	0.9072018966845974	4.440216112016817E-4	1.5102735822126888E-7	0.7556519044704091
1830000	-9639.601757554914	-8659.513988763849	-980.0877687910655	-8495.959341781889	91.96973541415633	1311.215441529941	0.06155122640018852	0.6261428662810765	0.7123534934445529	0.4499257596899258	0.27849979731279106	0.3810803424251392	3.9901644398354215	0.8415529153897537	5.041148330046015	0.9815529877032733	0.08538030144788761	0.6261428662810765	0.7123534934445529	0.4499257596899258	0.27849979731279106	0.3810803424251392	3.9901644398354215	0.8415529153897537	5.041148330046015	0.9815529877032733	0.08538030144788761	6.264221086047345	0.30740193857772036	0.20855103399850614	0.20867512722028628	0.2753719002034872	0.520357344902023	154.48741497742589	-963.1319031350067	5.264007085828107E-4	0.9368501781481209	4.258975495908109E-4	2.211409370836841E-7	0.9834796078041784
1840000	-9679.051617754281	-8698.474528251694	-980.5770895025875	-8522.187386761601	106.10956396472105	1410.9843314759214	0.08492453737041882	0.10573648975537585	0.09405415148981991	1.0138167155992535	0.16917191516730817	0.30190830902916366	0.06044734530331808	0.3372544993532732	2.1095890225495215	0.09280302240532048	0.8403306092258659	0.10573648975537585	0.09405415148981991	1.0138167155992535	0.16917191516730817	0.30190830902916366	0.06044734530331808	0.3372544993532732	2.1095890225495215	0.09280302240532048	0.8403306092258659	6.264221086047345	0.30740193857772036	0.20855103399850614	0.20867512722028628	0.2753719002034872	0.520357344902023	145.33283259289837	-972.1395909074251	5.427776010730751E-4	0.9998617405897117	4.363548139394483E-4	3.445977965088981E-7	1.188634325412718
1850000	-9672.590343825312	-8682.216662130422	-990.3736816948898	-8513.964620548639	132.85133218461417	1560.4315110839418	0.11446624843961771	0.9274407336661386	0.4414971687175829	1.320659482840022	2.6096807385764205	0.18097633644700203	1.572852696926261	0.09050046891386367	4.355280239149284	0.12820795089998924	0.7957305755248067	0.9274407336661386	0.4414971687175829	1.320659482840022	2.6096807385764205	0.18097633644700203	1.572852696926261	0.09050046891386367	4.355280239149284	0.12820795089998924	0.7957305755248067	5.716411010930872	0.30740193857772036	0.20855103399850614	0.20867512722028628	0.2753719002034872	0.520357344902023	168.2022629515794	-975.2566561566567	4.4600862824399244E-4	0.9743713601665083	3.7069897671739336E-4	2.9917853503721523E-7	1.2020466247382886
1860000	-9655.793598777936	-8678.647070852043	-977.1465279258937	-8515.044152965407	112.64526245716465	1438.6693388592184	0.1311753879571582	0.69882778122071	0.0782711141843005	0.2445612950398445	2.3542635737454374	0.052684268089424606	0.5172131446418617	0.9246012561525019	2.06509033558165	0.17518202456242327	0.30140836124582165	0.69882778122071	0.0782711141843005	0.2445612950398445	2.3542635737454374	0.052684268089424606	0.5172131446418617	0.9246012561525019	2.06509033558165	0.17518202456242327	0.30140836124582165	5.716411010930872	0.30740193857772036	0.20855103399850614	0.20867512722028628	0.2753719002034872	0.520357344902023	160.1195874313415	-967.5121167618018	4.627207360573694E-4	0.8699677974974209	4.0634522460682724E-4	2.373251872432642E-7	1.0239181985665429
1870000	-9693.486632373431	-8692.023121211423	-1001.463511162008	-8519.286765159024	135.79933366050005	1591.236108563778	0.07498623585342531	3.3743444453559284	0.11668838384156678	0.6408125449868285	1.5223983004525334	0.7362269659398373	1.1571273203067263	0.10713683451544513	4.3451572482639795	1.2828420680131025	0.8811054393199202	3.3743444453559284	0.11668838384156678	0.6408125449868285	1.5223983004525334	0.7362269659398373	1.1571273203067263	0.10713683451544513	4.3451572482639795	1.2828420680131025	0.8811054393199202	5.716411010930872	0.30740193857772036	0.20855103399850614	0.20867512722028628	0.2753719002034872	0.520357344902023	146.80090088321185	-984.951935655068	4.343137712948833E-4	0.7598338237486209	3.705149007227118E-4	1.5895663312149582E-7	0.9096954146531576
1880000	-9666.78741448185	-8677.332037814618	-989.4553766672318	-8511.880221068159	116.61337247503843	1452.542953826687	0.09452763219888206	0.782253335174295	0.034437845712227876	1.6332079958406143	4.214314806391367	0.7783147314569304	5.315666336207	0.9461517719626417	4.738594942963044	0.47957423597000826	0.8741308225254638	0.782253335174295	0.034437845712227876	1.6332079958406143	4.214314806391367	0.7783147314569304	5.315666336207	0.9461517719626417	4.738594942963044	0.47957423597000826	0.8741308225254638	6.893750456707187	0.30740193857772036	0.20855103399850614	0.20867512722028628	0.2753719002034872	0.520357344902023	136.1521634722385	-967.0612512700673	4.8613353364401437E-4	0.8243378923223371	3.8846590816789267E-4	2.064118578872776E-7	0.9832640908240516
1890000	-9642.05640020392	-8698.008046212788	-944.048353991131	-8530.852779297538	103.81612642177069	1201.476189792022	0.07431353685864706	0.8994645365828176	0.47923124725961647	0.7125243077028416	0.48471051390854974	1.4738269395362718	0.6551786097271931	0.3779133016829258	4.193418889857926	0.08185641781096305	0.4903446102838737	0.8994645365828176	0.47923124725961647	0.7125243077028416	0.48471051390854974	1.4738269395362718	0.6551786097271931	0.3779133016829258	4.193418889857926	0.08185641781096305	0.4903446102838737	6.893750456707187	0.30740193857772036	0.20855103399850614	0.20867512722028628	0.2753719002034872	0.520357344902023	138.18899866847852	-931.3837201990049	6.035301432952547E-4	0.7166206002894389	4.7912933650565604E-4	2.4570575951513586E-7	0.8736274556545658
1900000	-9663.33146474145	-8704.12528032058	-959.2061844208686	-8544.682001884054	106.94621533454026	1318.7217375704008	0.0750227801250089	0.24694228226923728	0.33910124968346966	1.4759965969893627	0.4748003371094223	1.3886468116947328	1.0955284056998986	1.4145806683498408	8.261520846846846	0.45897673798507127	0.7769844712911471	0.24694228226923728	0.33910124968346966	1.4759965969893627	0.4748003371094223	1.3886468116947328	1.0955284056998986	1.4145806683498408	8.261520846846846	0.45897673798507127	0.7769844712911471	7.276922760728431	0.30740193857772036	0.20855103399850614	0.20867512722028628	0.2753719002034872	0.520357344902023	127.13178918022648	-940.5439464183569	5.341333932564615E-4	0.7385745161960506	4.549552612478754E-4	2.5600619907842355E-7	0.9563980991414957
1910000	-9646.335751254157	-8712.65671940649	-933.679031847667	-8536.38255891712	96.38942455628755	1152.4106039581688	0.10987241908647988	1.2121918010421562	0.3669734325025667	0.19587327458747225	0.3006432441387755	1.3806051051302233	2.1100591650467697	0.14622144503757112	3.5940192260736645	0.031353182774610834	2.823176264723275	1.2121918010421562	0.3669734325025667	0.19587327458747225	0.3006432441387755	1.3806051051302233	2.1100591650467697	0.14622144503757112	3.5940192260736645	0.031353182774610834	2.823176264723275	6.770992101098341	0.30740193857772036	0.20855103399850614	0.20867512722028628	0.2753719002034872	0.520357344902023	111.53153539624174	-919.2724935518208	5.930496356640275E-4	0.7645735140893702	5.003624931582762E-4	3.463768289113064E-7	0.9678258795062926
1920000	-9599.267377581933	-8676.154289359534	-923.1130882223987	-8516.055938805575	110.63226389417794	1189.6661090609678	0.05407258773752925	0.1826771691498091	0.08091138643751945	0.5684270054101592	0.32818233325415413	0.8944587924294228	0.6452460848027574	0.19073873163429694	4.667408475348244	0.528446051473029	0.09478701708312648	0.1826771691498091	0.08091138643751945	0.5684270054101592	0.32818233325415413	0.8944587924294228	0.6452460848027574	0.19073873163429694	4.667408475348244	0.528446051473029	0.09478701708312648	6.770992101098341	0.30740193857772036	0.196772028569089	0.2204541326497034	0.2753719002034872	0.520357344902023	97.58906258535649	-911.7326650591591	5.592870831976988E-4	0.8405714248268449	4.4792390062515516E-4	2.884340181428673E-7	0.9547325544110542
1930000	-9598.89360090004	-8677.312616235333	-921.580984664708	-8511.386482870003	100.12397478198893	1130.4994198467466	0.08274248314698451	0.3256397591973335	0.12767089282453922	1.1836673113474772	0.16769043793560182	0.7177803639144434	0.2735761626861735	0.33144370450136756	2.3841947604492044	0.5416254628664833	0.2464970777069261	0.3256397591973335	0.12767089282453922	1.1836673113474772	0.16769043793560182	0.7177803639144434	0.2735761626861735	0.33144370450136756	2.3841947604492044	0.5416254628664833	0.2464970777069261	6.129450375558535	0.3136996308917747	0.196772028569089	0.21415644033564904	0.2753719002034872	0.520357344902023	110.27614321836668	-912.4725358200903	6.081692237008202E-4	0.8703134795998352	4.961864746814504E-4	3.6547941816596924E-7	0.9607083476076138
1940000	-9626.560315659362	-8688.041782088474	-938.5185335708876	-8522.037551648227	89.6011609192856	1180.607529382778	0.11029486923461297	0.22049744568093582	0.01926103717550384	1.0474727184458348	1.0624316529122324	0.22320283745130653	0.2794378168310238	0.39258696845837576	2.4714613703231048	0.43673687058714505	0.6054796653111739	0.22049744568093582	0.01926103717550384	1.0474727184458348	1.0624316529122324	0.22320283745130653	0.2794378168310238	0.39258696845837576	2.4714613703231048	0.43673687058714505	0.6054796653111739	6.129450375558535	0.3024474816221922	0.20802417783867153	0.21415644033564904	0.2753719002034872	0.520357344902023	115.62656664206574	-929.1557168644574	5.856756851763614E-4	0.9284729874864069	5.041100905691621E-4	2.742888947946854E-7	0.8881363792690807
1950000	-9612.184743447751	-8673.71679250861	-938.4679509391412	-8508.00252205151	82.96184435914566	1089.8751783893827	0.10766956724988418	0.8805280162556124	0.6707725732584607	0.4718334472648658	1.4481509584150276	0.7923610935487282	0.4691323768711117	0.6198618055699336	3.8932377181357625	0.7402618709073723	1.5647094695858814	0.8805280162556124	0.6707725732584607	0.4718334472648658	1.4481509584150276	0.7923610935487282	0.4691323768711117	0.6198618055699336	3.8932377181357625	0.7402618709073723	1.5647094695858814	6.129450375558535	0.3024474816221922	0.20802417783867153	0.21415644033564904	0.2753719002034872	0.520357344902023	103.59511402623149	-924.6827038277195	5.844509420554721E-4	0.8383967992276704	5.075835241346467E-4	3.0482597564861767E-7	0.9173743662849667
1960000	-9666.141020335062	-8683.058259597658	-983.0827607374043	-8517.203689223712	134.1606882596389	1490.773837087756	0.09780482045047482	1.4605028329124305	0.18631798547779663	0.04683210952489826	2.9100072768105485	0.9020398910532683	1.7988249191938936	0.6112302128102072	4.1564232069929785	0.5178207109257212	0.3698667415543639	1.4605028329124305	0.18631798547779663	0.04683210952489826	2.9100072768105485	0.9020398910532683	1.7988249191938936	0.6112302128102072	4.1564232069929785	0.5178207109257212	0.3698667415543639	6.506163103911246	0.3024474816221922	0.20802417783867153	0.21415644033564904	0.2753719002034872	0.520357344902023	152.69986898210783	-967.4017279100899	4.6500760093562995E-4	0.8899734770677683	4.0472689487326495E-4	1.665785733581699E-7	0.8754581776408107
1970000	-9684.570838304871	-8686.808353982067	-997.7624843228043	-8520.753125279582	144.23144133385665	1612.2810810826359	0.06903432588127924	0.06500566886831333	0.003967396406339737	2.6072795990751945	0.6483491727848862	1.6717636428339127	0.38570824954416055	0.58813973254774	4.711587746466233	0.37633806817215926	0.4093244981476158	0.06500566886831333	0.003967396406339737	2.6072795990751945	0.6483491727848862	1.6717636428339127	0.38570824954416055	0.58813973254774	4.711587746466233	0.37633806817215926	0.4093244981476158	6.506163103911246	0.3024474816221922	0.20802417783867153	0.21415644033564904	0.2753719002034872	0.520357344902023	167.78282796244494	-983.9414580888842	3.695108653567653E-4	0.6769341261093605	3.483768681528275E-4	1.061819132669652E-7	0.8659146266768863
1980000	-9683.966223916874	-8675.705893141581	-1008.2603307752925	-8512.577556412583	104.20080337150607	1527.6875433757552	0.09135375039368225	1.048063189303068	0.06261103177324691	0.3870369801292217	0.6854488720196654	1.786406651468599	1.6403090925760249	0.8726782058801416	7.2339274879183595	0.5595209849461047	0.6537278845280503	1.048063189303068	0.06261103177324691	0.3870369801292217	0.6854488720196654	1.786406651468599	1.6403090925760249	0.8726782058801416	7.2339274879183595	0.5595209849461047	0.6537278845280503	6.506163103911246	0.3024474816221922	0.20802417783867153	0.21415644033564904	0.2753719002034872	0.520357344902023	166.9241463602032	-991.257945850715	3.5635805662127243E-4	0.7091519836565356	3.65857577948179E-4	1.2012561027274208E-7	0.9129970559067145
1990000	-9681.736478935889	-8690.271903930858	-991.4645750050311	-8522.953829061866	112.8912192893515	1528.6639427431135	0.08445705440512598	0.03172227765878752	0.09408041046802765	0.2657168776276246	1.3811047604693945	0.26037933274537167	0.8830389474294633	0.5641760757116958	2.898961735211291	0.46537930458148014	0.1298223988496979	0.03172227765878752	0.09408041046802765	0.2657168776276246	1.3811047604693945	0.26037933274537167	0.8830389474294633	0.5641760757116958	2.898961735211291	0.46537930458148014	0.1298223988496979	5.571094007192648	0.3073281806383042	0.20802417783867153	0.21415644033564904	0.2704912011873752	0.520357344902023	159.301532933874	-982.4089856485268	3.7205220298161486E-4	0.7572391625185355	3.402177501796932E-4	1.2497971505215174E-7	0.9327161267813048
2000000	-9681.031810837796	-8686.443403130326	-994.5884077074699	-8515.375512891931	143.42544246647222	1656.8157455571886	0.10417120152364955	0.40834722639575155	0.3006241321660225	0.037141462867391485	3.325683767585799	0.7550608850430419	0.4995096431277268	1.258855296276179	2.159797467718162	0.4015896556840525	0.2224511115069326	0.40834722639575155	0.3006241321660225	0.037141462867391485	3.325683767585799	0.7550608850430419	0.4995096431277268	1.258855296276179	2.159797467718162	0.4015896556840525	0.2224511115069326	5.571094007192648	0.3073281806383042	0.20802417783867153	0.21415644033564904	0.2704912011873752	0.6625403865376605	150.4259801785272	-982.6942161754146	4.2122701255416494E-4	0.9129273811137608	3.3298169848562176E-4	2.2877885743488503E-7	1.1102887913110198
2010000	-9706.7239960492	-8693.53988350926	-1013.1841125399412	-8520.653758246986	113.16949865484054	1664.3267295794958	0.03755376488426541	1.2753332174354133	0.19062829444057697	0.3315810696452504	0.02939630811976862	1.7610104083889129	0.3956767285328827	0.32948564451256457	2.743115284029871	0.4324551722845324	0.08332283876573408	1.2753332174354133	0.19062829444057697	0.3315810696452504	0.02939630811976862	1.7610104083889129	0.3956767285328827	0.32948564451256457	2.743115284029871	0.4324551722845324	0.08332283876573408	6.0985024073359035	0.3073281806383042	0.20802417783867153	0.21415644033564904	0.2704912011873752	0.4359505818683668	170.20140690987478	-1002.1222474438484	3.5934174401958504E-4	0.7943550518062337	3.1238149237697494E-4	1.7185662065491298E-7	1.1376505361908478
2020000	-9693.389895930515	-8690.472833976772	-1002.9170619537429	-8524.065113870534	132.94118771619475	1612.9658603338917	0.05568161778433434	0.27816324130181236	0.09196211470894486	0.2357628149292272	0.9201468252538363	0.8349012465424034	1.51810588609488	0.8197371508580891	4.007102672528012	0.27657779215596384	0.7707723993419725	0.27816324130181236	0.09196211470894486	0.2357628149292272	0.9201468252538363	0.8349012465424034	1.51810588609488	0.8197371508580891	4.007102672528012	0.27657779215596384	0.7707723993419725	6.0985024073359035	0.3073281806383042	0.20802417783867153	0.21415644033564904	0.2704912011873752	0.5298159827997837	155.41772002009895	-990.1383202174834	3.7109591930278613E-4	0.8393697324026671	3.3345818602690944E-4	1.3884351121573537E-7	0.9575353501960933
2030000	-9737.715524210671	-8703.930094505115	-1033.7854297055567	-8540.472746826637	140.63217735634214	1763.5603996796717	0.07526803516210626	0.4615120231172711	0.26475133643662735	0.046482932397273066	3.4152618055754154	1.8363379141830591	2.2523953516153568	0.027017330096799703	3.082524909965897	0.1751838398478128	0.17433548661852263	0.4615120231172711	0.26475133643662735	0.046482932397273066	3.4152618055754154	1.8363379141830591	2.2523953516153568	0.027017330096799703	3.082524909965897	0.1751838398478128	0.17433548661852263	6.0985024073359035	0.3073281806383042	0.20802417783867153	0.21415644033564904	0.2704912011873752	0.5298159827997837	219.63206577942677	-1019.3240441509923	3.193161460009785E-4	0.8025592595009515	3.0095876281071644E-4	8.404527655565854E-8	0.8992108308138806
2040000	-9701.856092255297	-8679.914744984502	-1021.941347270795	-8512.045568865971	140.01766486295764	1740.6240148387326	0.05222966319630891	0.08886118343401837	0.3470156690415282	0.8392486024507205	0.7016536236807052	1.2993947600527873	0.8175700537212793	0.16313225893306868	2.8827951709399753	0.16274451632229414	0.8367130990319377	0.08886118343401837	0.3470156690415282	0.8392486024507205	0.7016536236807052	1.2993947600527873	0.8175700537212793	0.16313225893306868	2.8827951709399753	0.16274451632229414	0.8367130990319377	6.488479122913867	0.3073281806383042	0.20802417783867153	0.21415644033564904	0.2704912011873752	0.5298159827997837	214.87708596092511	-1010.438991339315	3.554935383268861E-4	0.7939466890455944	3.194186387750755E-4	1.3165583604307434E-7	0.9929965488150837
2050000	-9662.407478078117	-8666.00604720257	-996.4014308755462	-8504.222125419772	111.69641225810113	1503.4666700954497	0.04673943424737639	0.11420605990866321	0.12293276531727419	0.562818809329451	0.20830614216765675	0.9936819700125329	0.10201649987393026	0.07856123472798918	1.4785511055943534	0.26023508667124073	1.0500332632627345	0.11420605990866321	0.12293276531727419	0.562818809329451	0.20830614216765675	0.9936819700125329	0.10201649987393026	0.07856123472798918	1.4785511055943534	0.26023508667124073	1.0500332632627345	6.488479122913867	0.2983083757138743	0.21704398276310138	0.21415644033564904	0.2704912011873752	0.51108274315787	175.4613576085643	-988.0731051724385	3.9176464111445765E-4	0.7942186966850817	3.6967578802962026E-4	1.1749731751050755E-7	0.8757440142286826
2060000	-9683.739891052568	-8677.266884293922	-1006.4730067586453	-8511.190258920753	106.99771891903956	1542.8806705872564	0.06567054051971133	0.7211302814064839	0.10082792099680023	0.900010856245999	0.05073896372811975	0.5982661221413936	0.9434413319060525	0.45591811425732537	1.8925235561395453	0.2478182632843772	0.4474709065823342	0.7211302814064839	0.10082792099680023	0.900010856245999	0.05073896372811975	0.5982661221413936	0.9434413319060525	0.45591811425732537	1.8925235561395453	0.2478182632843772	0.4474709065823342	5.790480143456742	0.2983083757138743	0.21704398276310138	0.21415644033564904	0.2704912011873752	0.51108274315787	185.55872859921584	-997.2523912185201	3.991387793935622E-4	0.829904661709439	3.4975614509571003E-4	1.3945602550784317E-7	0.9550220731050864
2070000	-9656.049150524297	-8677.776779280359	-978.2723712439375	-8507.877435048817	107.06417096047826	1375.1989873677844	0.09645218295551737	0.28803373978836844	0.2587875658486965	0.38008911163336034	0.20696573812031702	0.24468116829320752	1.1001454518568436	0.8956826275284281	3.466777230258888	0.13559685329190088	0.6852158334833977	0.28803373978836844	0.2587875658486965	0.38008911163336034	0.20696573812031702	0.24468116829320752	1.1001454518568436	0.8956826275284281	3.466777230258888	0.13559685329190088	0.6852158334833977	5.2749746253383885	0.299490787035139	0.21704398276310138	0.20026052752045762	0.28320470268130193	0.51108274315787	135.9758625489783	-968.4313304087779	4.442368044998525E-4	0.8603712774645279	3.899883130295646E-4	1.8301639931456013E-7	0.9498286647519766
2080000	-9640.765900241422	-8658.849490081351	-981.9164101600702	-8499.447645107217	110.04686060084983	1432.9627120906766	0.04695797968304846	0.8283136025006677	0.36342018913801577	0.8268894340667793	0.2530007470195199	0.9576669933576646	0.4282525587027521	0.005295551325053305	4.582356036172437	0.31634644187194905	0.6093301705830064	0.8283136025006677	0.36342018913801577	0.8268894340667793	0.2530007470195199	0.9576669933576646	0.4282525587027521	0.005295551325053305	4.582356036172437	0.31634644187194905	0.6093301705830064	6.23928322101008	0.299490787035139	0.21704398276310138	0.20026052752045762	0.28320470268130193	0.51108274315787	159.77230020765091	-969.5574384051029	4.1041958202342173E-4	0.7631331743159867	3.617647969924349E-4	1.6033587323089533E-7	1.0166122810245117
2090000	-9654.774059547148	-8657.434761765564	-997.3392977815834	-8488.421500590784	122.19637919641164	1465.495064000834	0.07080559007188517	0.3096167003925269	0.8953911893432452	0.5913645496887048	0.6249833084211409	1.7992163851984453	0.47317430835562496	0.7116797681742223	6.938133009648885	0.5792957627435884	1.6661066351895872	0.3096167003925269	0.8953911893432452	0.5913645496887048	0.6249833084211409	1.7992163851984453	0.47317430835562496	0.7116797681742223	6.938133009648885	0.5792957627435884	1.6661066351895872	7.169575165823736	0.299490787035139	0.21704398276310138	0.20026052752045762	0.28320470268130193	0.5299212168440255	143.91464587380105	-979.5951492898913	4.635508309658899E-4	0.8631246480391032	3.9082657880039595E-4	2.2080283800088424E-7	1.009132781183605
2100000	-9648.559003201362	-8662.625697106301	-985.933306095061	-8490.118799322281	132.34391997594724	1573.7512806328173	0.058884415846237444	0.07981912959901048	0.9675340758223759	0.38274164345180933	0.08339271529173119	1.3243436282052248	0.7970834133126482	0.43925193987267014	3.4450885966138034	0.5406698874224437	0.7668361954888329	0.07981912959901048	0.9675340758223759	0.38274164345180933	0.08339271529173119	1.3243436282052248	0.7970834133126482	0.43925193987267014	3.4450885966138034	0.5406698874224437	0.7668361954888329	5.828102290111972	0.2893792372924233	0.21704398276310138	0.21037207726317325	0.28320470268130193	0.5299212168440255	138.6974548545418	-973.6938581667639	4.624531626332318E-4	0.9936671020105386	3.577084878691209E-4	3.3761479541603706E-7	1.2059598135185232
2110000	-9708.111170179087	-8683.132056199483	-1024.9791139796027	-8518.764402720995	139.04163293615858	1814.5645392543656	0.061076799884077854	0.6306362249035492	0.17504394369544476	0.07402121590341057	1.2148173239808544	0.03343778416983262	0.6801636384116896	0.2608437468037651	3.675252573792813	0.6077380332756693	0.02598087699233601	0.6306362249035492	0.17504394369544476	0.07402121590341057	1.2148173239808544	0.03343778416983262	0.6801636384116896	0.2608437468037651	3.675252573792813	0.6077380332756693	0.02598087699233601	7.326646610178128	0.2893792372924233	0.21704398276310138	0.21037207726317325	0.28320470268130193	0.5299212168440255	215.80390884218366	-1013.9869005747098	3.5664434005469153E-4	0.89281185905744	3.029902321780724E-4	1.9494964581242188E-7	1.2012831388619425
2120000	-9651.293513015384	-8684.065933192385	-967.2275798229987	-8521.5471162156	121.19198969005608	1412.0555107174246	0.10383200987434112	0.48604342820569235	1.0869066972982022	0.048293828120839356	2.6284832248037517	0.8228082194649982	0.9540990976326119	0.11833883930890962	4.831269482312613	0.19872609383154763	1.996213229334322	0.48604342820569235	1.0869066972982022	0.048293828120839356	2.6284832248037517	0.8228082194649982	0.9540990976326119	0.11833883930890962	4.831269482312613	0.19872609383154763	1.996213229334322	6.382199843631738	0.28938888653924744	0.22702102423024664	0.21037207726317325	0.2732180119673326	0.5299212168440255	132.9702420400417	-951.5584910856131	4.920399462482491E-4	0.8883012865549735	3.935122851614301E-4	2.6437667308041455E-7	1.0827113680821756
2130000	-9643.582908042838	-8671.204008071176	-972.3788999716619	-8504.921917334521	127.7551918895227	1463.4997936890306	0.12725682605929622	0.44650181437453923	0.041963859471446784	0.1683251105161927	2.8218600571487524	0.2239273927655882	0.8723795409239333	0.6132151459731235	1.8210565834328944	0.00971095323275928	0.3908341795697951	0.44650181437453923	0.041963859471446784	0.1683251105161927	2.8218600571487524	0.2239273927655882	0.8723795409239333	0.6132151459731235	1.8210565834328944	0.00971095323275928	0.3908341795697951	6.851379246352079	0.29889126005389915	0.22702102423024664	0.21037207726317325	0.26371563845268087	0.5299212168440255	151.95276021660274	-962.500191401191	5.005806050501484E-4	0.8586192229156363	3.8864145824757775E-4	2.959870628664348E-7	1.1355179235604456
2140000	-9666.070363553086	-8673.198190436911	-992.8721731161742	-8515.709734130689	115.79213532255557	1503.2741079192774	0.09775524881460634	0.7193604339093107	0.05100433000952431	0.29654268843611936	0.24428995858759192	0.21072502121648734	2.421647035532137	0.525448151152855	3.5402716712528717	0.07777422014991169	0.11910748519059096	0.7193604339093107	0.05100433000952431	0.29654268843611936	0.24428995858759192	0.21072502121648734	2.421647035532137	0.525448151152855	3.5402716712528717	0.07777422014991169	0.11910748519059096	6.949976788325826	0.29889126005389915	0.22702102423024664	0.21037207726317325	0.26371563845268087	0.5299212168440255	148.02594839090978	-982.1880445725202	4.2190539603525063E-4	0.8304103946908172	3.734944984233978E-4	1.4542595957082954E-7	0.9231356063106763
2150000	-9644.862909454829	-8675.804945665228	-969.0579637896013	-8502.905283446134	151.88162368254078	1430.2758709570153	0.12833755972703192	0.14399732650418626	0.13717214280746043	0.9709734579434581	0.5869553871706249	0.009302604611090412	1.3729095454881763	0.7474963327273938	3.9344573869321	0.5645847509012571	0.21092767301636312	0.14399732650418626	0.13717214280746043	0.9709734579434581	0.5869553871706249	0.009302604611090412	1.3729095454881763	0.7474963327273938	3.9344573869321	0.5645847509012571	0.21092767301636312	6.976637346349169	0.29889126005389915	0.22702102423024664	0.21037207726317325	0.26371563845268087	0.5299212168440255	137.21537895133162	-957.7335584465663	4.7345781979026404E-4	0.9602571215177652	3.889486840044321E-4	2.3626493557040044E-7	1.006797000382706
2160000	-9693.446630086772	-8681.776980498451	-1011.6696495883216	-8503.955528064587	177.71774255022675	1906.464948726802	0.059650033937032755	0.481895300812128	0.10442069562138183	0.537010495713618	0.29683100382158734	0.7928753196326055	1.0105356663325729	1.1400503523249488	2.126014872047712	0.1348225634717826	0.27465358650306315	0.481895300812128	0.10442069562138183	0.537010495713618	0.29683100382158734	0.7928753196326055	1.0105356663325729	1.1400503523249488	2.126014872047712	0.1348225634717826	0.27465358650306315	5.894353808972506	0.306119165408839	0.21979311887530678	0.19747667366337462	0.2766110420524795	0.5299212168440255	193.85001212884518	-1001.452368805908	3.7560526865034475E-4	0.9001053180338684	3.043207951629046E-4	1.515377925825316E-7	1.0495842023467414
2170000	-9702.935741177815	-8663.674093255471	-1039.2616479223432	-8495.61367602374	122.35490081876729	1735.7991615437236	0.06443196177359084	0.2850730152043837	0.005357212927663758	0.6022552255897409	1.6517375928845015	1.0514772347905479	0.690780819517498	1.2992539871253008	3.1416887423212247	0.15060317652333746	0.14859328573697908	0.2850730152043837	0.005357212927663758	0.6022552255897409	1.6517375928845015	1.0514772347905479	0.690780819517498	1.2992539871253008	3.1416887423212247	0.15060317652333746	0.14859328573697908	6.775238578931026	0.31878110906409535	0.20713117522005042	0.19747667366337462	0.2766110420524795	0.5299212168440255	206.453295218086	-1027.110058974284	3.490627346930228E-4	0.7861063893190489	3.143496723619981E-4	1.3624680084941941E-7	1.0453570582415672
2180000	-9707.164791527946	-8665.243574507233	-1041.921217020713	-8499.235421445681	138.43683307576492	1937.8302268214593	0.0704220519937021	0.6192336947828686	0.12686782695873736	0.07433539557588516	0.5720957555680759	0.22691577464979956	1.7961536386493728	0.5355773372998204	2.414221044882571	0.0010102505489809103	2.069536913753278	0.6192336947828686	0.12686782695873736	0.07433539557588516	0.5720957555680759	0.22691577464979956	1.7961536386493728	0.5355773372998204	2.414221044882571	0.0010102505489809103	2.069536913753278	6.775238578931026	0.30863542205453176	0.20713117522005042	0.19747667366337462	0.2867567290620431	0.5299212168440255	209.79013716084623	-1030.455605336801	3.031134910693433E-4	0.8224380992433967	2.7676319909413134E-4	7.54134942864468E-8	0.8861262908998673
2190000	-9750.381986294358	-8690.03053739951	-1060.3514488948483	-8520.033052602794	129.04099353095188	1961.501871269227	0.040085633229791105	0.03911630143620278	0.22642427352545189	1.342174536602315	0.7681426267773892	1.2386081385714725	1.564165027330301	1.4753200428551627	7.050848497156661	0.17488062809669924	1.1261645266390887	0.03911630143620278	0.22642427352545189	1.342174536602315	0.7681426267773892	1.2386081385714725	1.564165027330301	1.4753200428551627	7.050848497156661	0.17488062809669924	1.1261645266390887	6.775238578931026	0.30863542205453176	0.20713117522005042	0.19747667366337462	0.2867567290620431	0.5299212168440255	207.22636949586825	-1041.8422591029291	3.0113307924977263E-4	0.7088940587905349	2.8245890032123843E-4	7.515488690191836E-8	0.935689979482543
2200000	-9787.709518884049	-8706.155723244216	-1081.5537956398334	-8538.85977305658	121.47314959984733	2003.2804387720553	0.059184787047220896	0.6819429339836122	0.14080617464065515	2.2768243425630716	0.11814619441336925	0.3559773139316938	2.58429125517983	1.8966038983803806	3.099332182367977	1.5443144824554647	0.09005758866540942	0.6819429339836122	0.14080617464065515	2.2768243425630716	0.11814619441336925	0.3559773139316938	2.58429125517983	1.8966038983803806	3.099332182367977	1.5443144824554647	0.09005758866540942	6.280827897066252	0.30863542205453176	0.20713117522005042	0.19747667366337462	0.2867567290620431	0.5299212168440255	324.6023286677877	-1065.804435036978	2.9217021105610317E-4	0.6356269068887429	2.7561145119900756E-4	5.2649593355952015E-8	0.7407240550784128
2210000	-9744.879145340954	-8677.500577570163	-1067.3785677707915	-8516.940648503827	122.35476939824976	1919.797887386448	0.05986578552656071	1.2793870104961493	0.9036857493495233	0.65825588421454	0.18524571009470764	0.4175686661133205	4.789921831737382	0.38488727930721217	7.858739122914915	0.4352546395830387	0.14311839599405146	1.2793870104961493	0.9036857493495233	0.65825588421454	0.18524571009470764	0.4175686661133205	4.789921831737382	0.38488727930721217	7.858739122914915	0.4352546395830387	0.14311839599405146	6.280827897066252	0.30863542205453176	0.20713117522005042	0.20871285433197914	0.2755205483934386	0.5299212168440255	273.12302651129426	-1047.0994991880086	3.3029693807934613E-4	0.7639666778110132	3.0718239242847614E-4	1.0561707408402077E-7	0.9779733686090933
2220000	-9756.00261395545	-8684.451717751559	-1071.5508962038905	-8521.289654673918	182.1914378873999	2297.1787741408198	0.03098277825108458	0.15721962033539477	0.11902288533742357	1.095316484154646	0.19289288641708985	1.4816722941645977	0.5580241260633328	0.2122299709838621	4.038568613545715	0.6432860774986283	1.503140990343329	0.15721962033539477	0.11902288533742357	1.095316484154646	0.19289288641708985	1.4816722941645977	0.5580241260633328	0.2122299709838621	4.038568613545715	0.6432860774986283	1.503140990343329	7.167754504800677	0.30863542205453176	0.20713117522005042	0.20871285433197914	0.2755205483934386	0.5299212168440255	269.1498045825137	-1057.1367770506527	2.9957286337237014E-4	0.7544809639774525	2.4207336413164008E-4	8.116420200326018E-8	1.0094901588150784
2230000	-9727.52920777528	-8674.82105776683	-1052.70815000845	-8502.833106824975	156.73884923895076	2244.8760491454404	0.11538464874547402	0.2524027861928207	0.013329000232034906	0.13952353676140622	0.9901550633832825	0.020492444125717876	1.4767238311612003	0.3627389446662414	3.566403850742284	0.14253076156405323	0.7116587689590027	0.2524027861928207	0.013329000232034906	0.13952353676140622	0.9901550633832825	0.020492444125717876	1.4767238311612003	0.3627389446662414	3.566403850742284	0.14253076156405323	0.7116587689590027	6.3767414456257105	0.29437502001347793	0.20713117522005042	0.20871285433197914	0.2897809504344924	0.48976760065944214	238.99318985958217	-1043.342647570753	2.97642601236192E-4	0.612200585437536	2.2970121420666634E-4	7.77857258598881E-8	0.9897181912699444
2240000	-9716.880439790906	-8679.305830148056	-1037.5746096428509	-8514.248404886057	139.9184067075019	2035.7805832604965	0.07165594390863587	0.08310699909713212	0.012761649348241158	0.4845919558062035	0.47965738562423327	0.2707473754103272	0.45859224406862664	0.3440106785801694	1.482946926044696	0.04258745116474678	0.32733311076556565	0.08310699909713212	0.012761649348241158	0.4845919558062035	0.47965738562423327	0.2707473754103272	0.45859224406862664	0.3440106785801694	1.482946926044696	0.04258745116474678	0.32733311076556565	5.6342216049053135	0.29437502001347793	0.20713117522005042	0.22506814432688077	0.2734256604395908	0.48976760065944214	236.67048468972484	-1031.0430906522822	3.52535756438712E-4	0.7430090258401018	2.7297710871846786E-4	7.477788924004005E-8	0.7946647490319766
2250000	-9730.871546963426	-8680.324003554677	-1050.5475434087502	-8518.547901422658	143.84289987932624	2137.069106384094	0.06600662689684411	0.2285321811913344	0.12965260702363335	0.7184213588218198	0.6201532384689373	1.355123630791275	2.5876360007421715	1.806639754924477	4.03284578873092	0.7724431937125001	0.9608439076564786	0.2285321811913344	0.12965260702363335	0.7184213588218198	0.6201532384689373	1.355123630791275	2.5876360007421715	1.806639754924477	4.03284578873092	0.7724431937125001	0.9608439076564786	5.333029589623204	0.2976472521505173	0.20385894308301106	0.22506814432688077	0.2734256604395908	0.48976760065944214	248.21235570234356	-1035.1190917038139	3.0932704883951883E-4	0.6415686490266267	2.530653873173253E-4	4.50250681295146E-8	0.6945985939325247
2260000	-9713.642800602636	-8687.782449326793	-1025.8603512758432	-8516.60194798547	131.61901621454015	1832.3178360382335	0.0429201562295096	0.5567975208523692	0.2045217223767924	1.6554090167110922	0.3341427325753428	1.469205127362654	0.862830373499829	1.0529616996066817	4.6811447480459885	0.46115838091052624	0.3400824841138475	0.5567975208523692	0.2045217223767924	1.6554090167110922	0.3341427325753428	1.469205127362654	0.862830373499829	1.0529616996066817	4.6811447480459885	0.46115838091052624	0.3400824841138475	6.287089031432659	0.2903664888332893	0.20385894308301106	0.2173250383745072	0.2884495297091924	0.48976760065944214	222.58601938450653	-1010.9121418631036	3.875975212225807E-4	0.684251628269654	3.107935955222095E-4	8.942811651967158E-8	0.7706209938335352
2270000	-9732.429834640394	-8704.666141961894	-1027.7636926785005	-8543.278376141225	127.38120965622582	1808.7053016069349	0.06049852393063763	0.16476646402356615	0.34094679071974615	0.8519927210314256	0.6424385164728237	0.2807964971111982	2.349426118230572	0.014765261143489016	4.684097806406704	0.1175275567087223	0.9747431332977765	0.16476646402356615	0.34094679071974615	0.8519927210314256	0.6424385164728237	0.2807964971111982	2.349426118230572	0.014765261143489016	4.684097806406704	0.1175275567087223	0.9747431332977765	6.287089031432659	0.2903664888332893	0.21902046177508452	0.2173250383745072	0.27328801101711897	0.48976760065944214	173.43972785101926	-1015.321016309915	3.3318263032539226E-4	0.5770272625341534	2.9162352708013027E-4	4.6745895075933437E-8	0.6369426905634092
2280000	-9700.984662481176	-8676.36856869014	-1024.6160937910347	-8511.174583607382	122.39271715810584	1813.067630034157	0.057884127376092165	0.2504226980063858	0.029084974767931728	0.19071409895559852	0.3711976092477034	1.1367404965093784	4.412628042942524	0.03237626024539776	4.3251161086112315	0.8797595956423336	0.09859311845852596	0.2504226980063858	0.029084974767931728	0.19071409895559852	0.3711976092477034	1.1367404965093784	4.412628042942524	0.03237626024539776	4.3251161086112315	0.8797595956423336	0.09859311845852596	6.287089031432659	0.30724411834748566	0.20214283226088817	0.2173250383745072	0.27328801101711897	0.48976760065944214	201.26511927304657	-1010.0407352094679	3.7350791438950007E-4	0.7143425820411136	3.27400499328018E-4	6.570730258456506E-8	0.6745940820083604
2290000	-9647.594996986805	-8647.971942757753	-999.6230542290515	-8479.484105367228	131.2813251101401	1724.7352664730493	0.08400621725665604	0.08705498511817555	0.40339846580447597	0.14019159882683552	0.6471702479798777	0.9154411772015318	2.220829741493046	1.3268133758927307	3.1531819197105357	0.1737653247513166	0.5978129327034144	0.08705498511817555	0.40339846580447597	0.14019159882683552	0.6471702479798777	0.9154411772015318	2.220829741493046	1.3268133758927307	3.1531819197105357	0.1737653247513166	0.5978129327034144	6.287089031432659	0.2917390011369759	0.21477881178935604	0.20468905884603933	0.28879312822762876	0.48976760065944214	183.9579964046556	-987.6952226918509	4.26534772358782E-4	0.6839395763691252	3.590219376434248E-4	8.718634249788683E-8	0.6824909205003344
2300000	-9658.394451555325	-8673.581792634515	-984.8126589208097	-8505.820962285932	118.55441423883111	1571.7472921213043	0.0772718767276506	0.16840609783706606	0.11083464058497243	1.3464940263111334	0.2481051736812137	0.48823754341942766	1.625710497908055	0.22994178130331136	4.698452558632907	0.4299784340491577	0.9898031322362295	0.16840609783706606	0.11083464058497243	1.3464940263111334	0.2481051736812137	0.48823754341942766	1.625710497908055	0.22994178130331136	4.698452558632907	0.4299784340491577	0.9898031322362295	6.287089031432659	0.2917390011369759	0.21477881178935604	0.20468905884603933	0.28879312822762876	0.48976760065944214	135.3410538003719	-972.358483050857	3.886223798162014E-4	0.7272250730583166	3.4903792671630245E-4	1.0927789950710454E-7	0.8106574756203125
2310000	-9704.343564598656	-8684.510164584297	-1019.8334000143586	-8519.589385777394	171.00771801962367	1928.588785120346	0.07505042625628346	0.012946886195993962	0.01619335492458929	1.2344804205728492	2.4873820266028392	0.17644439387099392	3.1089071481523867	0.1454313109808872	7.4570418780942065	0.40700897162639094	0.4343713784040199	0.012946886195993962	0.01619335492458929	1.2344804205728492	2.4873820266028392	0.17644439387099392	3.1089071481523867	0.1454313109808872	7.4570418780942065	0.40700897162639094	0.4343713784040199	6.287089031432659	0.2917390011369759	0.21477881178935604	0.20468905884603933	0.28879312822762876	0.48976760065944214	158.4226452373084	-1001.9593178518403	3.381494156589209E-4	0.7857563878621623	2.858340885595448E-4	7.448017230575829E-8	0.7863603111218954
2320000	-9627.61752070818	-8667.30889710746	-960.3086236007199	-8504.183792553486	147.03515983258347	1434.8451196396477	0.07809205299796107	0.21915370783159369	0.07048687036151298	1.251647522730559	3.7757901557429467	2.4492307326788056	1.3147312842998835	0.07513881811287795	6.507276317381325	0.38069317403715397	0.22525714198698266	0.21915370783159369	0.07048687036151298	1.251647522730559	3.7757901557429467	2.4492307326788056	1.3147312842998835	0.07513881811287795	6.507276317381325	0.38069317403715397	0.22525714198698266	6.287089031432659	0.2917390011369759	0.2103120261350275	0.20468905884603933	0.2932599138819573	0.48976760065944214	127.41453970389942	-941.1616662512108	5.042642545019835E-4	0.9034550662477485	3.853882715500911E-4	3.2093968205416445E-7	1.082083901108131
2330000	-9636.463129646323	-8689.44376938991	-947.0193602564119	-8520.62471747912	151.24786811977606	1410.5880274803842	0.10896339217443017	0.0848827956763651	0.06309836248063493	0.0608226806773793	0.6554681055317886	1.0190207503729085	0.6602127136388406	0.6714903128916747	4.08220279395825	0.3959345903581515	0.2007658004317361	0.0848827956763651	0.06309836248063493	0.0608226806773793	0.6554681055317886	1.0190207503729085	0.6602127136388406	0.6714903128916747	4.08220279395825	0.3959345903581515	0.2007658004317361	6.287089031432659	0.2917390011369759	0.2103120261350275	0.20468905884603933	0.2932599138819573	0.48976760065944214	108.24412646787144	-936.4673365396405	5.705866842787222E-4	0.9636234340194533	3.972465080501882E-4	3.2730292329346646E-7	1.014221792528972
2340000	-9653.119844920366	-8690.252249295805	-962.8675956245606	-8516.814556394005	126.32292490814176	1452.0123263482708	0.06598400470743869	0.09142313576363033	0.5309463745396562	0.17674929841517437	0.3511345139767042	0.6048431896434522	0.7585372880004573	0.06143645356381075	1.4043287758424392	0.09959154795103818	0.5212990524275534	0.09142313576363033	0.5309463745396562	0.17674929841517437	0.3511345139767042	0.6048431896434522	0.7585372880004573	0.06143645356381075	1.4043287758424392	0.09959154795103818	0.5212990524275534	6.287089031432659	0.2917390011369759	0.22203895271607488	0.20468905884603933	0.28153298730091	0.48976760065944214	143.0305805715373	-954.7905210441342	5.882640871511246E-4	0.9412907184892535	3.9876580458378993E-4	3.117902340915794E-7	1.0155812381152385
2350000	-9661.222820528297	-8673.368383729348	-987.8544367989487	-8493.63734193542	146.84322202361457	1572.4707696113517	0.09895477760102071	0.2863229592355973	0.33333632168327104	0.6436562964710584	1.582355660130437	0.4983605759983327	0.8722625549995889	0.9940081168386249	2.7611837397988266	1.6742027180471222	0.7355676286947571	0.2863229592355973	0.33333632168327104	0.6436562964710584	1.582355660130437	0.4983605759983327	0.8722625549995889	0.9940081168386249	2.7611837397988266	1.6742027180471222	0.7355676286947571	6.287089031432659	0.3112628206215582	0.20251513323149253	0.20468905884603933	0.28153298730091	0.48976760065944214	190.16718821931383	-974.5900059378747	5.143515532880932E-4	0.8477399753757616	3.4298664880936413E-4	2.7630343268631974E-7	1.1181555178830975
2360000	-9691.64927350462	-8681.009305733387	-1010.6399677712326	-8516.242176387825	136.78475991582587	1610.1340177722864	0.05897922368850637	0.06404160067073898	0.08507357753709655	0.3375913843883613	1.3966507384724618	0.6777130882349729	0.5005079710608905	0.5470509742647652	1.8239632061660958	0.28715561905994097	0.059797649960159446	0.06404160067073898	0.08507357753709655	0.3375913843883613	1.3966507384724618	0.6777130882349729	0.5005079710608905	0.5470509742647652	1.8239632061660958	0.28715561905994097	0.059797649960159446	6.287089031432659	0.2968757697516714	0.20251513323149253	0.20468905884603933	0.29592003817079676	0.48976760065944214	200.12761815447686	-1001.2475191697688	4.641654038418093E-4	0.8894462655107664	3.431237653415645E-4	1.9805656525717566E-7	1.050641071222877
2370000	-9707.037319296796	-8673.228903732888	-1033.8084155639078	-8516.445461262922	167.70523552974112	2081.416930857164	0.05098696497327819	0.4184399999017932	0.19106126544349633	0.6182353563032297	0.7073740852679752	1.3549160834232408	0.15715329100739206	0.8532677448082124	2.378324205835259	0.47762830986927496	0.5459165771299417	0.4184399999017932	0.19106126544349633	0.6182353563032297	0.7073740852679752	1.3549160834232408	0.15715329100739206	0.8532677448082124	2.378324205835259	0.47762830986927496	0.5459165771299417	6.287089031432659	0.2968757697516714	0.20251513323149253	0.20468905884603933	0.29592003817079676	0.48976760065944214	189.2098376247016	-1022.2372355131107	3.766791142545828E-4	0.9814638216835323	2.8217514466119666E-4	1.5225387919592565E-7	1.0738931441040394
2380000	-9713.790379265423	-8669.50347265895	-1044.2869066064734	-8515.801132432745	171.14173825734187	2169.9131758032863	0.045244908469779854	0.19012191590423447	0.2384168068180687	0.8722518002450773	0.09933381169433245	0.7079968975538431	0.582580614935982	0.10182965149910289	3.915828983164007	0.008918398467637204	0.5896792238437181	0.19012191590423447	0.2384168068180687	0.8722518002450773	0.09933381169433245	0.7079968975538431	0.582580614935982	0.10182965149910289	3.915828983164007	0.008918398467637204	0.5896792238437181	6.287089031432659	0.2968757697516714	0.20251513323149253	0.20468905884603933	0.29592003817079676	0.48976760065944214	244.80667267349938	-1033.1577208198905	3.1739851723021627E-4	0.8633857652731565	2.211532575419769E-4	1.4431959402976182E-7	1.152859080233724
2390000	-9710.725630821658	-8687.64376940597	-1023.0818614156882	-8514.738551830065	159.3703514841004	1935.7357466840522	0.09596365547106736	1.280620826513946	0.008809075517963196	0.4296404560092724	0.7660968586844671	0.6372911721822585	2.433227753612778	0.4531993726317072	3.8069750540880576	0.8564337744238365	1.7002695372467385	1.280620826513946	0.008809075517963196	0.4296404560092724	0.7660968586844671	0.6372911721822585	2.433227753612778	0.4531993726317072	3.8069750540880576	0.8564337744238365	1.7002695372467385	6.287089031432659	0.2968757697516714	0.20251513323149253	0.20468905884603933	0.29592003817079676	0.48976760065944214	197.70740278810476	-1007.8109380582356	4.1201399843024037E-4	0.9033404541740226	2.7630790040511125E-4	1.7164614651469428E-7	1.064520032858653
2400000	-9649.093860922725	-8680.518321890555	-968.5755390321693	-8514.827867952301	126.12310627922844	1473.125824235458	0.12759432652703467	0.14241175496139216	0.4249522866545595	1.2147170311873423	1.5510205539101394	0.7819609709719859	1.2292213326629744	0.6522560143196781	5.7615407413468445	0.806617594625683	0.08209679096575408	0.14241175496139216	0.4249522866545595	1.2147170311873423	1.5510205539101394	0.7819609709719859	1.2292213326629744	0.6522560143196781	5.7615407413468445	0.806617594625683	0.08209679096575408	6.287089031432659	0.2968757697516714	0.20251513323149253	0.20468905884603933	0.29592003817079676	0.48976760065944214	132.88066772194077	-953.0157353882006	6.301815045612275E-4	0.9790677864735851	3.771214407318818E-4	4.28220496072452E-7	1.1843829091526437
2410000	-9623.421966338467	-8673.308966746603	-950.1129995918636	-8514.949293338974	124.753341249095	1420.651307305258	0.08965578414616956	1.1451981869155268	0.18654482525795665	0.03600601479147049	1.5540734087192825	0.7568939580740391	0.38764985304776495	0.19245229893765511	2.8386407403650726	0.3633698583041912	0.4132574939857387	1.1451981869155268	0.18654482525795665	0.03600601479147049	1.5540734087192825	0.7568939580740391	0.38764985304776495	0.19245229893765511	2.8386407403650726	0.3633698583041912	0.4132574939857387	6.019206480952618	0.2968757697516714	0.20251513323149253	0.20468905884603933	0.29592003817079676	0.48976760065944214	120.477362977415	-939.3301016358206	6.122797676578381E-4	0.9211434101373444	3.8171942797800594E-4	3.6142477907380896E-7	1.0387288825588563
2420000	-9630.293750605022	-8667.731812043641	-962.5619385613807	-8494.147404311381	115.06509414525743	1369.740895194369	0.069270501049771	0.3183551606587666	0.2070867167774566	1.7824132631837437	0.08617936465224126	0.7253701801331168	2.6828610782285636	0.4138444203992888	6.559953709364691	0.20937616798907233	1.0839914782639395	0.3183551606587666	0.2070867167774566	1.7824132631837437	0.08617936465224126	0.7253701801331168	2.6828610782285636	0.4138444203992888	6.559953709364691	0.20937616798907233	1.0839914782639395	6.019206480952618	0.2968757697516714	0.20251513323149253	0.22044423935240004	0.28016485766443605	0.48976760065944214	137.8681423775812	-944.8093029418809	6.312962515008709E-4	1.0282107305765733	3.9784829373316086E-4	4.309091782684523E-7	1.14405037781439
2430000	-9650.817027745294	-8679.981451814172	-970.8355759311221	-8514.496930693005	128.0657694485206	1470.7265316348307	0.10920699156325389	0.1311325250813516	0.02628067592773791	0.6080714975755361	1.5154716861333404	0.9551029450146652	0.668592185377985	0.5319980858651321	2.7905335350468032	0.10311397109623822	2.0249394608062268	0.1311325250813516	0.02628067592773791	0.6080714975755361	1.5154716861333404	0.9551029450146652	0.668592185377985	0.5319980858651321	2.7905335350468032	0.10311397109623822	2.0249394608062268	6.019206480952618	0.2968757697516714	0.20251513323149253	0.22044423935240004	0.28016485766443605	0.48976760065944214	152.01710725676656	-958.6697253719136	4.8188585643113926E-4	0.9959595424449905	3.69594941472989E-4	2.5590198538142085E-7	1.0896422251674573
2440000	-9699.030673380048	-8686.606315371951	-1012.4243580080969	-8522.85306578273	133.53509296176532	1612.744815003014	0.08892042807117746	2.2746600811681668	0.19934574173844088	0.8031992089703072	1.9009010004374298	0.6374525207079458	4.754547321736546	1.1671153974559203	4.791901962144785	0.5907090259300907	0.5737679761919279	2.2746600811681668	0.19934574173844088	0.8031992089703072	1.9009010004374298	0.6374525207079458	4.754547321736546	1.1671153974559203	4.791901962144785	0.5907090259300907	0.5737679761919279	5.896033219630962	0.2968757697516714	0.20251513323149253	0.22044423935240004	0.28016485766443605	0.48976760065944214	170.27991012788186	-992.430121780609	3.9605688383094446E-4	0.7937721475542271	3.226008495213149E-4	1.5074691063132244E-7	1.025969548126004
2450000	-9664.158046082908	-8679.840404932374	-984.3176411505345	-8513.570216179938	152.53031374210067	1554.2959481912194	0.10954774004016436	0.8804800694814953	0.12137904205261213	1.8215870713289415	2.3170072174759047	0.635530720000886	0.5995900968426582	0.9596917718665556	4.458226427352001	0.3383813431873225	1.1871009189990935	0.8804800694814953	0.12137904205261213	1.8215870713289415	2.3170072174759047	0.635530720000886	0.5995900968426582	0.9596917718665556	4.458226427352001	0.3383813431873225	1.1871009189990935	5.896033219630962	0.2968757697516714	0.20251513323149253	0.22044423935240004	0.28016485766443605	0.42993874088606804	138.17511673665803	-968.8879527477226	4.6456367687531234E-4	0.8446694270624654	3.6127517356986235E-4	2.0311085827082585E-7	0.9633799027306353
2460000	-9692.313358823762	-8665.241798249215	-1027.0715605745456	-8487.41405078901	188.945968762419	1977.549581641935	0.06936418055695727	3.121320702176301	0.017445715287340624	1.121112273373693	1.838318713060741	0.8363322241540531	2.2463606901317883	0.38291427319139887	3.351343725810981	0.4317878800743681	0.3406881886700046	3.121320702176301	0.017445715287340624	1.121112273373693	1.838318713060741	0.8363322241540531	2.2463606901317883	0.38291427319139887	3.351343725810981	0.4317878800743681	0.3406881886700046	5.896033219630962	0.314318011321354	0.20251513323149253	0.20300199778271744	0.28016485766443605	0.5267930236221039	206.9278774676644	-1010.6375967164748	3.817287567983734E-4	0.7483689162520911	3.0421383179796054E-4	1.4583748014118756E-7	0.956409533346181
2470000	-9687.045034031673	-8680.569805042072	-1006.4752289895999	-8517.064281390714	165.37782172353536	1765.4072547366832	0.05802012150088514	0.3899297538673965	0.07195049635880303	0.2243144506520457	1.3261199719747483	0.23100860935941958	1.8988896655577168	0.11045961297009192	2.7013903308379867	0.22089787996602098	0.3526843637693717	0.3899297538673965	0.07195049635880303	0.2243144506520457	1.3261199719747483	0.23100860935941958	1.8988896655577168	0.11045961297009192	2.7013903308379867	0.22089787996602098	0.3526843637693717	6.759618370912804	0.314318011321354	0.21256379186675725	0.20300199778271744	0.27011619902917133	0.6579206263301416	181.35887177430618	-996.0953811179853	3.608402577513098E-4	0.6646512976386428	2.925152549893012E-4	1.1889463674379904E-7	0.9651672906314139
2480000	-9691.520508781538	-8694.06870339823	-997.4518053833077	-8523.203372194816	163.4729424003219	1622.6190128668275	0.07391941713903842	0.41811115527641335	0.037159462669844316	0.8976751494241595	2.624361520952743	0.7920775575338296	1.476039004546865	0.07351520851594671	3.4067981815842905	0.5876198174286115	0.42291890358350237	0.41811115527641335	0.037159462669844316	0.8976751494241595	2.624361520952743	0.7920775575338296	1.476039004546865	0.07351520851594671	3.4067981815842905	0.5876198174286115	0.42291890358350237	6.759618370912804	0.314318011321354	0.19726340621513405	0.20300199778271744	0.28541658468079456	0.5462948014515772	176.8632190297685	-984.250641540751	3.965045618641225E-4	0.6491522888994474	3.152833066398088E-4	1.5896848880892639E-7	1.0259812487833633
2490000	-9655.736757086452	-8674.926540487282	-980.8102165991693	-8498.539715429002	203.2862002892203	1715.4133191801452	0.08858439035087678	0.20506840679856939	0.053035823242528535	0.6305031079872309	1.6779161881659088	0.2699944489303289	2.1912217453872835	0.746532027282116	3.3365180938563426	0.06286611939206484	0.32054829389286815	0.20506840679856939	0.053035823242528535	0.6305031079872309	1.6779161881659088	0.2699944489303289	2.1912217453872835	0.746532027282116	3.3365180938563426	0.06286611939206484	0.32054829389286815	5.239973328344393	0.314318011321354	0.19726340621513405	0.20300199778271744	0.28541658468079456	0.5462948014515772	144.5248297639206	-968.7283966919128	4.4157945340100787E-4	0.9084956731919233	3.4089688314954463E-4	1.4668616477411382E-7	0.909584828796317
2500000	-9714.88522843408	-8685.482245894103	-1029.4029825399757	-8512.477862513448	220.15376594777518	2111.6096508563824	0.08154261363882949	0.309480801249134	0.2918100258914108	0.481884092452524	1.164635562624398	0.4446675935659625	4.684818695121511	1.3956209240380322	7.028730219749197	0.4151297691660904	1.3616527809158483	0.309480801249134	0.2918100258914108	0.481884092452524	1.164635562624398	0.4446675935659625	4.684818695121511	1.3956209240380322	7.028730219749197	0.4151297691660904	1.3616527809158483	6.089686936813487	0.314318011321354	0.19726340621513405	0.20300199778271744	0.28541658468079456	0.5462948014515772	181.27447138647375	-1008.6794182364065	3.7064182643608293E-4	0.9615270154834757	2.8197851005960355E-4	1.0189518433397209E-7	0.8389876248284559
2510000	-9717.990846806973	-8708.976788109134	-1009.0140586978399	-8542.842157331444	159.27063689113243	1820.72221271953	0.09665174640405004	0.20809540675812296	0.09218327251224957	0.24690117390588512	0.5654997348045918	1.5075805212673048	1.5839129619598673	0.9186147280332159	5.981302751637434	0.028923238446597905	0.23426217966243726	0.20809540675812296	0.09218327251224957	0.24690117390588512	0.5654997348045918	1.5075805212673048	1.5839129619598673	0.9186147280332159	5.981302751637434	0.028923238446597905	0.23426217966243726	6.089686936813487	0.314318011321354	0.19726340621513405	0.20300199778271744	0.28541658468079456	0.5462948014515772	192.9885860654885	-995.7058603041919	3.7101047187483463E-4	0.6292212067490782	3.040426424403175E-4	1.0137298931703694E-7	0.8697791119278752
2520000	-9663.607085952168	-8686.52321351623	-977.0838724359387	-8518.350618936725	163.64287708936075	1569.3299752082673	0.11251259986653521	0.12250598377052559	0.14490621215696498	0.594177740582526	0.846031671630244	0.48119616117442676	2.1871911083714948	0.8789598044095932	5.43464105048362	0.48472808729166633	1.9798760238210853	0.12250598377052559	0.14490621215696498	0.594177740582526	0.846031671630244	0.48119616117442676	2.1871911083714948	0.8789598044095932	5.43464105048362	0.48472808729166633	1.9798760238210853	6.089686936813487	0.314318011321354	0.19726340621513405	0.20300199778271744	0.28541658468079456	0.5462948014515772	135.53342852053808	-961.8918615238929	4.6779505671990765E-4	0.7517569321022701	3.570389442323374E-4	1.5453337637479759E-7	0.85769277514206
2530000	-9680.423293992668	-8700.179537953569	-980.2437560390994	-8534.10456711716	163.1806632024779	1588.0335149315838	0.07581483797678391	0.4432206166452719	0.03238119414939851	0.05335819145115787	0.8414691593977416	0.7059948242924272	1.4620776606183383	0.3957513562076315	5.475980932818503	0.4962682077317826	0.5019222792670364	0.4432206166452719	0.03238119414939851	0.05335819145115787	0.8414691593977416	0.7059948242924272	1.4620776606183383	0.3957513562076315	5.475980932818503	0.4962682077317826	0.5019222792670364	6.089686936813487	0.314318011321354	0.2091555708271823	0.20300199778271744	0.27352442006874633	0.40673454863458286	153.9075116195388	-967.4247477875151	4.6254215844443545E-4	0.7471277208337835	3.552456868496888E-4	1.50215698867992E-7	0.8874690251708107
2540000	-9622.476451575354	-8664.603635467882	-957.8728161074723	-8506.419157918448	138.63693107194757	1360.1437156541276	0.06832892699820366	1.062224129874478	0.03276532390994052	1.482091985507947	0.4206572736133017	0.8036033009830597	0.6078353112241448	0.40381643624983726	3.666481030355507	0.16596316676168518	1.7437311632453751	1.062224129874478	0.03276532390994052	1.482091985507947	0.4206572736133017	0.8036033009830597	0.6078353112241448	0.40381643624983726	3.666481030355507	0.16596316676168518	1.7437311632453751	6.348028126312132	0.314318011321354	0.2091555708271823	0.20300199778271744	0.27352442006874633	0.40673454863458286	129.08349170334165	-944.6202197406224	5.005044163160317E-4	0.8547628274964609	4.0860490717591904E-4	2.0207177006383706E-7	0.8704030623650851
2550000	-9653.791634148169	-8659.452383437663	-994.3392507105058	-8494.879448052026	261.15400164508674	1998.1708655283728	0.07569645905917201	0.3640958153125768	0.2065844222797492	0.3859487325241468	0.6404735025589136	0.7251469750017093	0.6078854214800303	0.17965519101134655	2.9903232493053724	0.1801842332912853	0.18237072323758596	0.3640958153125768	0.2065844222797492	0.3859487325241468	0.6404735025589136	0.7251469750017093	0.6078854214800303	0.17965519101134655	2.9903232493053724	0.1801842332912853	0.18237072323758596	7.204048116009021	0.3014776594911906	0.2091555708271823	0.21584234961288087	0.27352442006874633	0.5406731357666503	163.32460189470086	-984.4636538361441	4.605477035322985E-4	0.938611324437316	2.9174157160243887E-4	2.344870198339608E-7	1.0675537199343006
2560000	-9634.10971188417	-8686.93982319141	-947.1698886927599	-8513.692959664811	300.75814507907097	1727.271574010556	0.13354926482964005	1.5676958006001274	0.3567970660869199	1.1228356505533967	0.7672152760744261	1.0999485733016614	4.110669597140492	0.82436987422744	2.9596774576670097	0.14256969213741674	0.0572859681147327	1.5676958006001274	0.3567970660869199	1.1228356505533967	0.7672152760744261	1.0999485733016614	4.110669597140492	0.82436987422744	2.9596774576670097	0.14256969213741674	0.0572859681147327	7.204048116009021	0.3014776594911906	0.2091555708271823	0.21584234961288087	0.27352442006874633	0.5406731357666503	123.72370632521687	-931.4015644653178	5.98420823179927E-4	0.9236771106656866	3.244340325518896E-4	4.110606496705826E-7	1.1483826001744242
2570000	-9645.34337610924	-8675.264886564742	-970.0784895444983	-8502.477376058523	307.1934267804396	1835.5770742405814	0.10833913106530461	0.34866874191227076	0.14601366335781224	0.7704807442589146	1.1514380975091119	0.5745753877725913	1.386698571176567	0.22135359155986276	4.352239112075392	0.4226942014823473	0.852646185747763	0.34866874191227076	0.14601366335781224	0.7704807442589146	1.1514380975091119	0.5745753877725913	1.386698571176567	0.22135359155986276	4.352239112075392	0.4226942014823473	0.852646185747763	6.086714167029614	0.3014776594911906	0.2091555708271823	0.21584234961288087	0.27352442006874633	0.38029518341200896	138.97969111008794	-957.4579629103675	4.760895691335614E-4	0.9241115935827368	3.035796882299925E-4	2.214660404574242E-7	1.010388372324925
2580000	-9680.622743179712	-8699.246017858257	-981.3767253214552	-8528.135633933798	296.19064502074525	1875.0709114441188	0.11534765600707687	0.5921003672714761	0.019676562012210314	0.4156667278212153	0.041456653977503664	0.2647892737881292	2.203150982312474	0.1165727981581247	2.404529466279371	0.07730479401326493	2.04755402276424	0.5921003672714761	0.019676562012210314	0.4156667278212153	0.041456653977503664	0.2647892737881292	2.203150982312474	0.1165727981581247	2.404529466279371	0.07730479401326493	2.04755402276424	7.130711754063251	0.3014776594911906	0.2091555708271823	0.20108086027739025	0.28828590940423693	0.38029518341200896	165.27933262683487	-970.962081228265	3.8642756330199593E-4	0.8050798485930208	2.750062803027692E-4	1.736674606786026E-7	1.063206087705466
2590000	-9669.454942187796	-8688.100629487017	-981.3543127007795	-8510.196146250179	225.06896199377147	1723.851142992145	0.09543056656397318	1.000731966208534	0.6477268911479344	0.6386686730853137	0.10007716535835562	2.2607337533090726	1.4245623005385981	0.04867840071489624	5.648304902802075	0.1736326313175234	1.9128333928345411	1.000731966208534	0.6477268911479344	0.6386686730853137	0.10007716535835562	2.2607337533090726	1.4245623005385981	0.04867840071489624	5.648304902802075	0.1736326313175234	1.9128333928345411	6.104320570694013	0.3014776594911906	0.2091555708271823	0.20108086027739025	0.28828590940423693	0.38029518341200896	143.7429488763802	-965.3121687730996	4.224621827669728E-4	0.8217976330839051	3.136316093332804E-4	1.9584357241686284E-7	0.9705342783355084
2600000	-9708.075406238053	-8689.874499768615	-1018.2009064694383	-8510.806012468196	254.0531941077108	1883.684731442826	0.09243977828867725	2.2614662916298913	0.057177673030051605	0.5715859417315884	2.18246567852336	0.7784848102064121	3.07010162660908	0.37430421716532214	2.237411565512062	0.08766642172437587	0.7348276857456499	2.2614662916298913	0.057177673030051605	0.5715859417315884	2.18246567852336	0.7784848102064121	3.07010162660908	0.37430421716532214	2.237411565512062	0.08766642172437587	0.7348276857456499	6.657054267701924	0.3014776594911906	0.2091555708271823	0.20108086027739025	0.28828590940423693	0.44169740968018967	206.0688004710627	-1002.9613118816701	3.8079742970152923E-4	0.8841494472513456	2.9138836275164286E-4	1.558985505349686E-7	1.0323793605365614
2610000	-9688.062990271314	-8695.000611295734	-993.0623789755798	-8520.109320784522	222.14749673658554	1723.4637260496706	0.05326060193247332	0.3329920941988693	0.1553322395800044	2.2015299057234583	0.10888742976089262	2.231494357680925	2.598430038351999	0.36262656795906245	6.086077201262071	0.3715000597063188	0.31584050480423753	0.3329920941988693	0.1553322395800044	2.2015299057234583	0.10888742976089262	2.231494357680925	2.598430038351999	0.36262656795906245	6.086077201262071	0.3715000597063188	0.31584050480423753	6.066773610226501	0.3014776594911906	0.2091555708271823	0.20108086027739025	0.28828590940423693	0.44169740968018967	152.08531261697172	-975.3788988199915	3.9929954952970054E-4	0.7902143862452371	3.133717535177257E-4	1.6989996027953127E-7	1.002349614556501
2620000	-9678.152362171697	-8707.256077253616	-970.89628491808	-8533.812732310746	170.2205290424209	1440.028439366053	0.11432580194612561	0.5967772669817532	0.30640913615046855	0.030526615529544762	0.6196875733953339	0.7061761270409666	1.3843554859324934	0.7224682508154299	6.456673674695543	0.41676266445244753	0.12124351294542376	0.5967772669817532	0.30640913615046855	0.030526615529544762	0.6196875733953339	0.7061761270409666	1.3843554859324934	0.7224682508154299	6.456673674695543	0.41676266445244753	0.12124351294542376	6.066773610226501	0.30833121916720196	0.2091555708271823	0.19422730060137888	0.28828590940423693	0.44169740968018967	126.26291852862917	-957.8456722285902	4.283493935482731E-4	0.7369065817004602	3.642048146386716E-4	1.557924138563839E-7	0.8663433077670366
2630000	-9661.164007730596	-8695.44386606527	-965.7201416653253	-8526.086476783528	193.20451204944527	1474.2586994432695	0.0644967405613381	0.027271247219818155	0.14670826608677348	1.5751938025541872	0.11443210546378646	1.6331290560196106	1.230678743281757	0.7418908078552933	4.05228723557236	0.17570344346562178	0.7164395801189383	0.027271247219818155	0.14670826608677348	1.5751938025541872	0.11443210546378646	1.6331290560196106	1.230678743281757	0.7418908078552933	4.05228723557236	0.17570344346562178	0.7164395801189383	6.386810934777285	0.30833121916720196	0.2091555708271823	0.20456674253991652	0.2779464674656993	0.44169740968018967	157.3003061121305	-952.2825714391091	4.784343198517082E-4	0.8235093969858004	3.8687452803267693E-4	1.6535958154337471E-7	0.8247348287785465
2640000	-9668.88331548499	-8671.539200718022	-997.3441147669686	-8493.616212747125	275.1177338357256	1813.2080686668533	0.07438827818614756	1.038626944147048	0.3413414448426312	0.08043408474062677	0.7785391120366384	1.117874463592098	1.504198031109682	0.4059267891240757	1.81745410305981	1.201138787411126	0.44345614671213823	1.038626944147048	0.3413414448426312	0.08043408474062677	0.7785391120366384	1.117874463592098	1.504198031109682	0.4059267891240757	1.81745410305981	1.201138787411126	0.44345614671213823	6.78043498878015	0.30833121916720196	0.2091555708271823	0.20456674253991652	0.2779464674656993	0.44169740968018967	163.5550109214976	-985.4423014872394	4.139673918361238E-4	0.9352313113929597	3.114440139735577E-4	2.4214208028196964E-7	1.1123187169261877
2650000	-9670.417475358314	-8698.119687801047	-972.2977875572668	-8525.09905106374	339.059874793694	1786.8567579451983	0.13301340212487203	0.07375498682913248	0.19703852406535372	0.24733260364515455	3.2702313187317675	1.3580266454114382	0.6505937656932579	0.29488068112487176	3.9362766016991046	0.1945524507044791	0.7488372653706835	0.07375498682913248	0.19703852406535372	0.24733260364515455	3.2702313187317675	1.3580266454114382	0.6505937656932579	0.29488068112487176	3.9362766016991046	0.1945524507044791	0.7488372653706835	6.78043498878015	0.30833121916720196	0.20048506828966559	0.21210530209895767	0.27907841044417486	0.58136923126979	147.77534635758687	-958.6208950223288	4.8271665915330047E-4	0.9305598190094375	3.2031438874112207E-4	2.7427823703204283E-7	1.0795546989021265
2660000	-9652.66728455924	-8691.195020377594	-961.4722641816467	-8522.266918752422	227.47345386504685	1570.4817759827008	0.07457759516279913	0.3422760152729411	0.03149106788123394	0.6149857518052079	0.22944584798972947	1.9867836020747396	0.17429485429296415	0.013960403273846482	3.6203404341629417	0.010514605139512504	0.304211625621162	0.3422760152729411	0.03149106788123394	0.6149857518052079	0.22944584798972947	1.9867836020747396	0.17429485429296415	0.013960403273846482	3.6203404341629417	0.010514605139512504	0.304211625621162	6.115459383815815	0.30833121916720196	0.20048506828966559	0.21210530209895767	0.27907841044417486	0.58136923126979	146.0036797989869	-951.2260828902868	4.5253956875075744E-4	0.868446271552913	3.388528931968755E-4	2.5329789756349943E-7	1.0919128642529425
2670000	-9714.98129484109	-8697.634774231787	-1017.3465206093038	-8525.282402830162	194.2659478440413	1801.92711326854	0.11295985872284821	0.11216487425575869	0.35078303520502446	0.6118247437353755	1.828286022457878	1.6816370004795205	0.808099981513511	0.26485021306912837	11.071059687027045	0.11290531181967417	0.2605545404352142	0.11216487425575869	0.35078303520502446	0.6118247437353755	1.828286022457878	1.6816370004795205	0.808099981513511	0.26485021306912837	11.071059687027045	0.11290531181967417	0.2605545404352142	7.069153554380504	0.30833121916720196	0.20048506828966559	0.21210530209895767	0.27907841044417486	0.48281436905943864	182.6233351717646	-997.9538319245336	3.7052697166035253E-4	0.7696540881365557	3.0008054647879243E-4	1.373109278360547E-7	1.0009366148252576
2680000	-9737.991692654443	-8701.646251214745	-1036.3454414396974	-8532.806636882191	218.19477511740735	1979.0460258097512	0.058601185916924405	0.8207982199744774	0.49546956774407247	0.4850396389058937	0.6808102732549852	1.3074207432143647	3.656171640402524	0.3111943155446735	4.668199608596624	0.6943243394106134	0.2937898399112044	0.8207982199744774	0.49546956774407247	0.4850396389058937	0.6808102732549852	1.3074207432143647	3.656171640402524	0.3111943155446735	4.668199608596624	0.6943243394106134	0.2937898399112044	7.069153554380504	0.30833121916720196	0.20048506828966559	0.21210530209895767	0.27907841044417486	0.48281436905943864	196.92552714922058	-1019.7826505044561	3.37927897740516E-4	0.7807349176895085	2.839107634684599E-4	1.1956096029294156E-7	1.0043716616824199
2690000	-9679.180092200377	-8673.252444832406	-1005.9276473679708	-8509.278365126409	243.59445857649447	1892.0584172605184	0.10455209901949496	0.22270837680264804	0.0012331674466398608	0.10530221531326434	0.5892849940155833	0.3722306235730403	0.7668367365795397	0.6603522439600683	0.809336300912012	0.034600325775733125	0.569928119489359	0.22270837680264804	0.0012331674466398608	0.10530221531326434	0.5892849940155833	0.3722306235730403	0.7668367365795397	0.6603522439600683	0.809336300912012	0.034600325775733125	0.569928119489359	6.039174478916374	0.2922996301025955	0.21651665735427203	0.21210530209895767	0.27907841044417486	0.48281436905943864	197.5781605081054	-999.2128055753141	4.259712805248054E-4	0.8724629428982286	2.8977282158339717E-4	2.3262686380805555E-7	1.1283074700749427
2700000	-9685.137612250108	-8700.313916739917	-984.8236955101919	-8533.678126590832	172.35006259134707	1560.3243803564962	0.10565051995557309	0.2612198770948839	0.5390244400029659	0.2102479857412781	0.671619814379234	0.6423795848352196	2.3089308450613903	0.09017271228757447	5.278280041362509	0.460033614426949	2.4291409577609273	0.2612198770948839	0.5390244400029659	0.2102479857412781	0.671619814379234	0.6423795848352196	2.3089308450613903	0.09017271228757447	5.278280041362509	0.460033614426949	2.4291409577609273	6.039174478916374	0.2922996301025955	0.21651665735427203	0.21210530209895767	0.27907841044417486	0.48281436905943864	148.79835128318462	-969.6056225370268	5.101085649176954E-4	0.8260261171581093	3.4882197260554485E-4	3.382800432921278E-7	1.1865798963966498
2710000	-9686.319426767817	-8694.468929222909	-991.850497544908	-8529.516564672867	148.87963723435735	1714.8731582680734	0.057313152343725166	0.05786452560093568	0.20388725174623198	1.5610990988783275	0.3000571786720631	0.21950767391542983	1.2293718319660638	0.6907976904848077	3.1667994079599397	0.6595647888059892	0.6733883915281669	0.05786452560093568	0.20388725174623198	1.5610990988783275	0.3000571786720631	0.21950767391542983	1.2293718319660638	0.6907976904848077	3.1667994079599397	0.6595647888059892	0.6733883915281669	7.200123061499962	0.2922996301025955	0.21651665735427203	0.21210530209895767	0.27907841044417486	0.48281436905943864	152.1861178092056	-980.1407648083208	3.9782448430059075E-4	0.7605466411507592	3.081026130803909E-4	1.4598972134211665E-7	1.0210271720324087
2720000	-9682.065333599876	-8678.872018274264	-1003.1933153256119	-8515.512415380941	168.74959463470208	1751.6758390996356	0.09864153309896301	0.9326497932424213	0.20296524789148027	0.7591061715688225	1.1177239786852406	0.658624805785026	2.621122956186295	0.355144918162212	4.594197577415066	0.15013474646312208	1.8669415218959786	0.9326497932424213	0.20296524789148027	0.7591061715688225	1.1177239786852406	0.658624805785026	2.621122956186295	0.355144918162212	4.594197577415066	0.15013474646312208	1.8669415218959786	6.342117483850081	0.29894998770035003	0.20986629975651755	0.2040410524851515	0.287142660057981	0.48281436905943864	158.65518507196717	-988.3454275684792	3.7870451711606736E-4	0.6056716226349578	3.121934721077889E-4	1.8169639636956137E-7	1.0685897984875432
2730000	-9652.492026189186	-8675.57269944481	-976.9193267443756	-8510.215434744407	140.99547069946038	1614.3321193686463	0.09265596344895685	0.046775930835979786	0.2843870260047355	0.23955911202846844	1.403871847837525	1.0155782608185786	1.2717471474929682	0.37637936237697156	5.240950381515419	0.3189917671790956	0.9391042131411396	0.046775930835979786	0.2843870260047355	0.23955911202846844	1.403871847837525	1.0155782608185786	1.2717471474929682	0.37637936237697156	5.240950381515419	0.3189917671790956	0.9391042131411396	6.342117483850081	0.29894998770035003	0.20986629975651755	0.2040410524851515	0.287142660057981	0.6166437586256758	150.6570148494516	-963.4844630326563	4.620328326212005E-4	0.7176638523671397	3.739255060834806E-4	1.6421675154291388E-7	0.8601852080572314
2740000	-9685.325685755117	-8690.269424932018	-995.0562608230986	-8514.386372597466	159.36633810779642	1811.064448838377	0.12181906260790047	0.17124057883562058	0.03712508325899583	0.7228903034447127	0.021203896605904916	0.4896026659722671	0.5627961473937155	0.06810479144372751	4.513310107457167	0.10503269857406072	0.9783202249718447	0.17124057883562058	0.03712508325899583	0.7228903034447127	0.021203896605904916	0.4896026659722671	0.5627961473937155	0.06810479144372751	4.513310107457167	0.10503269857406072	0.9783202249718447	6.342117483850081	0.29894998770035003	0.20986629975651755	0.2040410524851515	0.287142660057981	0.41544138710413514	166.466078294995	-985.4935543840124	4.0588994385740786E-4	0.753103372253148	3.13500886459134E-4	1.344313715216068E-7	0.886610075721917
2750000	-9663.091881667355	-8684.133962756414	-978.9579189109411	-8512.881090472416	156.50143501469617	1600.0362200262412	0.06811587352399796	0.2258582941954986	0.24220688576971275	1.48349824141819	0.01846010765834399	2.135104609928402	1.3357087277256412	0.4929519729955032	4.580092133622256	0.34436976235995187	0.45266367607152386	0.2258582941954986	0.24220688576971275	1.48349824141819	0.01846010765834399	2.135104609928402	1.3357087277256412	0.4929519729955032	4.580092133622256	0.34436976235995187	0.45266367607152386	6.342117483850081	0.29894998770035003	0.20986629975651755	0.2040410524851515	0.287142660057981	0.41544138710413514	140.9104642490018	-965.059176023942	4.969131231833559E-4	0.746448309614772	3.6783384309933424E-4	2.0891713586706335E-7	0.9077886864017414
2760000	-9668.371910160773	-8715.884621849029	-952.4872883117448	-8541.211369469813	113.83612724099501	1326.8630680576427	0.0659730865688481	0.5856535781237308	0.8228324658121148	0.19812653737981917	0.34375527072070056	1.029129477647198	1.4582013160195237	0.9979003896343962	3.617510650994975	0.19141430603230628	0.0848351426513988	0.5856535781237308	0.8228324658121148	0.19812653737981917	0.34375527072070056	1.029129477647198	1.4582013160195237	0.9979003896343962	3.617510650994975	0.19141430603230628	0.0848351426513988	6.342117483850081	0.29894998770035003	0.20986629975651755	0.20607876237187947	0.28510495017125304	0.41544138710413514	122.74542733348973	-940.7607894374552	4.6092870831961074E-4	0.743785243708018	3.878983627764314E-4	1.5305141056466998E-7	0.8428487602835508
2770000	-9656.45739209495	-8686.738633466046	-969.7187586289037	-8520.191144970902	181.79418813854403	1520.5771480718918	0.08966031421252219	0.03419624003022098	0.45724976017197916	0.4709802983799988	0.700341911566313	0.61755362226077	1.3014246112327605	0.5554100736957114	3.036820435372537	0.6153051940436428	0.3086658052369037	0.03419624003022098	0.45724976017197916	0.4709802983799988	0.700341911566313	0.61755362226077	1.3014246112327605	0.5554100736957114	3.036820435372537	0.6153051940436428	0.3086658052369037	5.424141774598866	0.29894998770035003	0.20986629975651755	0.20607876237187947	0.28510495017125304	0.5732483536692881	135.2127923883167	-959.2811261344634	4.846419381523536E-4	0.8255592042305813	3.7561725390757153E-4	1.9559482581556033E-7	0.8761492586129311
2780000	-9657.16357990821	-8693.611791544445	-963.5517883637666	-8518.417415061786	299.01475467588557	1717.5109663289697	0.09686862423207919	0.5504178933873637	0.1479600644466097	0.23789193873228065	2.2099679415315667	0.7415457418703536	0.549583653088901	1.7463469187213827	2.813825767594289	0.22031837526159267	0.6801077501449424	0.5504178933873637	0.1479600644466097	0.23789193873228065	2.2099679415315667	0.7415457418703536	0.549583653088901	1.7463469187213827	2.813825767594289	0.22031837526159267	0.6801077501449424	5.424141774598866	0.29894998770035003	0.20986629975651755	0.20607876237187947	0.28510495017125304	0.5732483536692881	137.97112914823015	-951.1402894066111	4.980872476376763E-4	0.8932848721696598	3.2547468201351144E-4	3.4744908459134204E-7	1.1496373096425718
2790000	-9669.962755742656	-8679.676881182962	-990.2858745596938	-8517.948874909294	225.39740632328625	1700.7022428977389	0.054623554489643025	0.05377662275362911	0.04543785003537873	0.5155544631971447	1.3724509465457635	1.5037823194613436	3.0499559505792915	0.8030984465533081	4.844557918789338	1.4754405120164944	0.054334009092322735	0.05377662275362911	0.04543785003537873	0.5155544631971447	1.3724509465457635	1.5037823194613436	3.0499559505792915	0.8030984465533081	4.844557918789338	1.4754405120164944	0.054334009092322735	6.00243017828433	0.3080958055666724	0.2112868407239014	0.20607876237187947	0.2745385913375469	0.38201885423305054	145.35685128557003	-973.5607683738365	4.213349928189023E-4	0.8598717934162117	3.111192429233075E-4	2.147985655339887E-7	1.0344468093613002
2800000	-9698.747936201991	-8674.181315324491	-1024.566620877501	-8507.238977818883	225.5158611966308	1940.2696460717368	0.06669744712150727	0.4530798628946077	0.04925711454836622	0.04835838430057931	0.39431359938517413	0.4896685091031201	3.276527429209796	0.8998294505284993	1.6649383066274632	0.22606714785652748	0.12736898945955652	0.4530798628946077	0.04925711454836622	0.04835838430057931	0.39431359938517413	0.4896685091031201	3.276527429209796	0.8998294505284993	1.6649383066274632	0.22606714785652748	0.12736898945955652	6.195374583924093	0.3080958055666724	0.2112868407239014	0.20607876237187947	0.2745385913375469	0.38201885423305054	165.55402374316807	-1014.0631883908967	3.849142552360933E-4	0.8776582928390751	2.8250412598965853E-4	1.837756593273423E-7	1.1057221432145727
2810000	-9755.41336181461	-8679.773224229617	-1075.640137584993	-8512.975037382632	291.4293220588474	2583.6173144973363	0.0385803246991895	0.581625788085928	0.037411408882786774	0.6573782386443556	1.9968716459303075	0.9407854887429857	2.533544586859117	0.05788685366309933	6.0625050551609805	1.0113452329522317	0.10119768311080624	0.581625788085928	0.037411408882786774	0.6573782386443556	1.9968716459303075	0.9407854887429857	2.533544586859117	0.05788685366309933	6.0625050551609805	1.0113452329522317	0.10119768311080624	6.290072615512517	0.3058403210369863	0.22245546302243044	0.19716562460303655	0.2745385913375469	0.5919540039680122	261.3324127228735	-1057.5838309859644	2.837222428217673E-4	0.8376171860831176	2.109992734982486E-4	7.133442996861937E-8	0.9865068894051812
2820000	-9696.437005383956	-8688.749093690736	-1007.6879116932188	-8519.256403240892	159.56427099146464	1743.0196692699137	0.06474447003976908	1.2798009989987964	0.0486855591152791	1.5913867474818462	9.014425340660179E-4	1.3862092217837845	1.6676804357328125	0.09143927556971339	4.404680220405337	0.5387824766194762	0.7581777058237769	1.2798009989987964	0.0486855591152791	1.5913867474818462	9.014425340660179E-4	1.3862092217837845	1.6676804357328125	0.09143927556971339	4.404680220405337	0.5387824766194762	0.7581777058237769	6.290072615512517	0.3058403210369863	0.22245546302243044	0.19716562460303655	0.2745385913375469	0.449566825841566	172.54719697394881	-993.1162229870448	3.6835546792263874E-4	0.8120443328474533	3.0503085150706535E-4	1.2062111049906158E-7	0.9447052785231523
2830000	-9672.567831997336	-8683.899044126412	-988.6687878709239	-8509.983192417676	137.10741893070963	1548.9302924248427	0.08003870689009089	0.07642653902251939	0.11483433875857163	1.5295833630203322	1.3531387944591005	1.0107260287076094	1.7935473320489381	0.3598019760766778	1.270672907464289	0.7862572128295985	0.4274557059904113	0.07642653902251939	0.11483433875857163	1.5295833630203322	1.3531387944591005	1.0107260287076094	1.7935473320489381	0.3598019760766778	1.270672907464289	0.7862572128295985	0.4274557059904113	6.290072615512517	0.3058403210369863	0.21402260839634918	0.19716562460303655	0.2829714459636281	0.449566825841566	173.69342236100175	-977.3031301003837	4.0396848273724633E-4	0.8153992288621922	3.4838641469821794E-4	1.4670512875003947E-7	0.9321493584846188
2840000	-9669.983965151783	-8679.889268807448	-990.094696344335	-8520.763789016108	147.7196049265301	1593.2048412968245	0.06002414347215598	1.76644940567823	1.0814488668701805	1.6288504917280129	0.0183923985044634	1.3883142622777955	2.4469402635046014	0.598768176848734	8.040402810196214	0.4345066840308295	0.5276590090039838	1.76644940567823	1.0814488668701805	1.6288504917280129	0.0183923985044634	1.3883142622777955	2.4469402635046014	0.598768176848734	8.040402810196214	0.4345066840308295	0.5276590090039838	5.548635937874841	0.3058403210369863	0.21402260839634918	0.19716562460303655	0.2829714459636281	0.449566825841566	168.32359962087568	-969.8436225868315	3.872635104464148E-4	0.6745368892851492	3.4286838800461403E-4	1.1513157889536649E-7	0.8534096816262281
2850000	-9643.415687231533	-8672.244157949699	-971.1715292818343	-8507.49384420124	129.86440542657687	1430.1380908359445	0.05944838174983271	0.5153200140801466	0.16757562201362253	0.6656809637234451	1.2317207994240718	0.47262420187164345	1.2604096105152727	0.2942892018020574	5.436183002074228	0.4373278494445316	1.2338193461504274	0.5153200140801466	0.16757562201362253	0.6656809637234451	1.2317207994240718	0.47262420187164345	1.2604096105152727	0.2942892018020574	5.436183002074228	0.4373278494445316	1.2338193461504274	5.548635937874841	0.3058403210369863	0.21402260839634918	0.19716562460303655	0.2829714459636281	0.449566825841566	150.07117799573751	-957.0118332273478	4.287008832499969E-4	0.7157650816484422	3.728207653022007E-4	1.6102193022573244E-7	0.923840967403164
2860000	-9622.309656984222	-8664.300866781572	-958.0087902026493	-8501.871786378895	121.87773287795945	1414.8899298066297	0.09795781012541106	0.07120288111310209	0.12458412187116803	0.20012564086527282	1.9567494814019937	0.6559083001728736	0.6494373973925652	0.022242473774784922	3.6743503779515168	0.1760960330989121	0.2845696126636496	0.07120288111310209	0.12458412187116803	0.20012564086527282	1.9567494814019937	0.6559083001728736	0.6494373973925652	0.022242473774784922	3.6743503779515168	0.1760960330989121	0.2845696126636496	5.548635937874841	0.3058403210369863	0.21402260839634918	0.19716562460303655	0.2829714459636281	0.449566825841566	138.28129672974458	-948.0219822960033	4.40735803644074E-4	0.8481066869789707	3.7587489478625654E-4	1.8199877782710173E-7	0.9354603064895081
2870000	-9658.8648536527	-8695.327616955177	-963.537236697523	-8524.93619946522	114.39658987998547	1311.7007448725167	0.09931003520604162	0.31007843035938487	0.7414240220367387	0.9192146116582831	1.685611013084052	0.6191931177251464	1.7535217987737883	0.8561051550392487	3.094937017102282	0.31397449777009695	1.0552792390799	0.31007843035938487	0.7414240220367387	0.9192146116582831	1.685611013084052	0.6191931177251464	1.7535217987737883	0.8561051550392487	3.094937017102282	0.31397449777009695	1.0552792390799	5.548635937874841	0.30036970183360057	0.2194932275997349	0.19716562460303655	0.2829714459636281	0.4940542029126097	142.741148541362	-950.0134987796888	4.76053170787442E-4	0.8120420271066544	4.13794573897502E-4	1.8007726736397857E-7	0.9054416566705711
2880000	-9672.092337427144	-8702.948562614349	-969.1437748127959	-8533.926684300162	137.40628604162183	1416.4720214663862	0.11445176505250396	0.08768711949474586	0.01379157312808295	1.3974634666665278	2.34786409778787	0.1486006785804351	1.3290047026082532	0.023858906457303847	5.244152959183778	0.2060274590755302	0.61802612303065	0.08768711949474586	0.01379157312808295	1.3974634666665278	2.34786409778787	0.1486006785804351	1.3290047026082532	0.023858906457303847	5.244152959183778	0.2060274590755302	0.61802612303065	5.548635937874841	0.30036970183360057	0.2194932275997349	0.19716562460303655	0.2829714459636281	0.4940542029126097	150.45204411951994	-955.6083055522854	4.7025475461173906E-4	0.8299718723700406	3.8352810268513546E-4	1.6371170271204436E-7	0.8900785710524143
2890000	-9704.77223373684	-8703.652831737123	-1001.1194019997162	-8537.311583957446	134.5918558048809	1581.303840958489	0.061375698211644805	0.41964304819142756	0.6068130090462387	0.1589635959290565	0.6739782143666572	0.8635799158854952	0.3732062804735381	0.648395082616845	2.6694006699847153	4.417617487684916E-4	0.3688597148825678	0.41964304819142756	0.6068130090462387	0.1589635959290565	0.6739782143666572	0.8635799158854952	0.3732062804735381	0.648395082616845	2.6694006699847153	4.417617487684916E-4	0.3688597148825678	5.548635937874841	0.30036970183360057	0.2194932275997349	0.19716562460303655	0.2829714459636281	0.4940542029126097	192.6846216868211	-991.5023448491279	3.9795241576293187E-4	0.7868212653773162	3.440861245091575E-4	1.0460867071768031E-7	0.8551430397887783
2900000	-9657.594956016794	-8683.659035328541	-973.9359206882519	-8524.198527140994	127.80386260446903	1373.4332506655855	0.07483057749059353	0.036718349741271576	0.1914135203228622	1.3306782386423035	0.12725349617172377	1.0268718712998413	1.3750706150085956	0.07069900016884179	7.371473446889572	0.19320429072169845	0.43902346554351357	0.036718349741271576	0.1914135203228622	1.3306782386423035	0.12725349617172377	1.0268718712998413	1.3750706150085956	0.07069900016884179	7.371473446889572	0.19320429072169845	0.43902346554351357	6.606072076842114	0.30036970183360057	0.20691392645238352	0.22166429554374362	0.27105207617027244	0.5206414954008227	137.14331083728422	-959.0532930700491	4.1795205781388364E-4	0.8520294374300103	3.953385043679312E-4	1.6649146909428187E-7	0.9219538181800371
2910000	-9643.318533148708	-8684.01330427158	-959.3052288771275	-8514.97193738417	114.81949752266706	1309.0443754261632	0.06842497057057756	0.8027027152378876	0.21240169030616685	0.24399719704691175	0.05585357784830777	1.8533045701800654	0.33078313052643477	0.323405356659257	4.615106929406625	1.0109914077092883	1.0392192737422943	0.8027027152378876	0.21240169030616685	0.24399719704691175	0.05585357784830777	1.8533045701800654	0.33078313052643477	0.323405356659257	4.615106929406625	1.0109914077092883	1.0392192737422943	6.606072076842114	0.30036970183360057	0.20691392645238352	0.22166429554374362	0.27105207617027244	0.5206414954008227	145.5288355291545	-946.0013533060118	4.6899079562866416E-4	0.7906954517557078	4.0137135310508085E-4	1.907938536329521E-7	0.9291160320552745
2920000	-9614.582171112104	-8683.316743206944	-931.2654279051602	-8517.023994370764	106.57850851083876	1134.65838706466	0.10719149851571087	2.21852191666923	0.09517680091172281	0.625045049756519	0.7226416383697374	0.7822193342987949	2.5744813676987968	0.31726698612308235	3.2137326588860406	0.5002747054698004	0.0635951927199004	2.21852191666923	0.09517680091172281	0.625045049756519	0.7226416383697374	0.7822193342987949	2.5744813676987968	0.31726698612308235	3.2137326588860406	0.5002747054698004	0.0635951927199004	6.606072076842114	0.30036970183360057	0.20691392645238352	0.22166429554374362	0.27105207617027244	0.5206414954008227	105.52959463454802	-917.8395566924065	5.779470165445448E-4	0.8297317674211734	4.584139688711178E-4	3.5398651531225676E-7	0.9989729540796203
2930000	-9646.606370124668	-8691.82895786527	-954.7774122593976	-8525.5331741833	135.66594508810053	1386.2112643064277	0.10043171665186956	0.08385545002698201	0.701963964124384	0.8757443617809872	0.339574325823925	1.5303975446065778	1.1637423090146424	1.545349128318729	3.7988211216196297	0.03505849430479296	0.3676143193333322	0.08385545002698201	0.701963964124384	0.8757443617809872	0.339574325823925	1.5303975446065778	1.1637423090146424	1.545349128318729	3.7988211216196297	0.03505849430479296	0.3676143193333322	6.606072076842114	0.30036970183360057	0.20691392645238352	0.22166429554374362	0.27105207617027244	0.5206414954008227	125.53374474753227	-941.1058135794161	5.996471721188059E-4	1.030479721292748	4.3349694664949996E-4	6.132405962114698E-7	1.2703122874463277
2940000	-9584.153589972439	-8665.977974242494	-918.1756157299435	-8497.23159797324	116.60888309129214	1165.7695470761926	0.12239652573823316	0.7175899738477084	0.08717959369104955	1.0198569024883326	0.9679756105936959	0.6726254057649822	0.9929373791714088	0.16582758150362314	2.08840881720571	0.23525203521418528	1.1895540684704966	0.7175899738477084	0.08717959369104955	1.0198569024883326	0.9679756105936959	0.6726254057649822	0.9929373791714088	0.16582758150362314	2.08840881720571	0.23525203521418528	1.1895540684704966	6.606072076842114	0.294617185722391	0.2126664425635931	0.22166429554374362	0.27105207617027244	0.5589693167681151	98.65370731771908	-907.267231414846	6.526787536927249E-4	0.9861208504205082	4.931093881743141E-4	8.164361416266985E-7	1.303476716398045
2950000	-9641.223980895784	-8665.657888749527	-975.566092146256	-8501.107141493474	132.51607025259227	1423.9009775685813	0.13224655013372413	0.23238705239084306	0.015132559677879558	0.22168639026411854	6.676556147089315	1.549370491228648	2.0924100000910473	0.5148011296692828	4.5891917684062	0.14928142579875486	1.7851209528583143	0.23238705239084306	0.015132559677879558	0.22168639026411854	6.676556147089315	1.549370491228648	2.0924100000910473	0.5148011296692828	4.5891917684062	0.14928142579875486	1.7851209528583143	6.012443734908332	0.294617185722391	0.2126664425635931	0.22166429554374362	0.27105207617027244	0.4905146563719663	139.54601432306612	-955.293530745349	4.8670264606999117E-4	0.9777342445086319	3.559223124846326E-4	4.009215553956353E-7	1.270693835675628
2960000	-9674.497035095392	-8690.010051142426	-984.4869839529657	-8523.024826072395	140.49811368769667	1547.8782743454735	0.10301919242569366	0.16276326859980614	0.20787708424055526	0.101343236062436	1.333276123778544	0.8295644649336983	0.8821743422746802	2.0334153487516184	4.715750396637744	0.5510976513307755	1.491042890944054	0.16276326859980614	0.20787708424055526	0.101343236062436	1.333276123778544	0.8295644649336983	0.8821743422746802	2.0334153487516184	4.715750396637744	0.5510976513307755	1.491042890944054	5.53817527164335	0.294617185722391	0.2126664425635931	0.22166429554374362	0.27105207617027244	0.4905146563719663	148.42059126773657	-969.8925394936099	4.661292331486874E-4	0.8787264849694963	3.227855670940321E-4	2.9220879035154085E-7	1.2534387250490866
2970000	-9627.395850623408	-8677.978112753504	-949.4177378699043	-8511.57913855777	130.4815101838293	1367.2680882476452	0.1144793850485613	0.6242840613167012	0.0557253222581947	0.07239323108817328	1.3592144783210278	0.5261829715537716	0.5011798880982157	0.4182176032896843	4.968089185357441	0.17758867694773486	0.2931163029696491	0.6242840613167012	0.0557253222581947	0.07239323108817328	1.3592144783210278	0.5261829715537716	0.5011798880982157	0.4182176032896843	4.968089185357441	0.17758867694773486	0.2931163029696491	5.53817527164335	0.294617185722391	0.2126664425635931	0.22166429554374362	0.27105207617027244	0.4905146563719663	120.92688914596945	-938.138202480445	5.273311283405405E-4	0.9361553019207622	3.846757510004618E-4	3.931600297436211E-7	1.1785883724385908
2980000	-9634.430727431254	-8704.261764155652	-930.1689632756026	-8537.107077148437	137.47269203844138	1290.181290387121	0.08630472847662643	0.5062524998459921	0.07707324546462321	0.3016519371353531	0.28310270560751655	0.12888978106110818	0.6924810307095213	0.04962668084857264	2.7338281552788803	0.6671832036899019	0.522881913247602	0.5062524998459921	0.07707324546462321	0.3016519371353531	0.28310270560751655	0.12888978106110818	0.6924810307095213	0.04962668084857264	2.7338281552788803	0.6671832036899019	0.522881913247602	5.53817527164335	0.294617185722391	0.2126664425635931	0.22166429554374362	0.27105207617027244	0.4905146563719663	117.5267430792107	-921.7487740422994	5.610722654271854E-4	0.8763622286275206	3.931543800130195E-4	3.2913821506774986E-7	1.0525283048219973
2990000	-9629.403010076745	-8712.107099215344	-917.2959108614019	-8547.199279171702	135.60839051213907	1222.0921734676078	0.15053401531532817	0.5259373533549477	0.08335813698424749	0.7558998362396395	0.6179566554612618	0.8081251381675062	0.016510138258502075	0.12762622787034225	2.0659796804035278	0.03616170987736231	0.24311422187511622	0.5259373533549477	0.08335813698424749	0.7558998362396395	0.6179566554612618	0.8081251381675062	0.016510138258502075	0.12762622787034225	2.0659796804035278	0.03616170987736231	0.24311422187511622	6.312684396707083	0.294617185722391	0.22697539610448014	0.20735534200285657	0.27105207617027244	0.4905146563719663	98.31652103949648	-910.4253410774293	5.99748907342676E-4	0.750803901497476	4.607643862717867E-4	2.285112703478425E-7	0.8190917074789191
3000000	-9597.333626026837	-8694.944918705241	-902.3887073215965	-8536.29781536777	154.43522998466437	1235.172995724624	0.15634645519438625	0.0021585566072875005	0.11314609891709586	0.20959078912439572	0.46113560602909603	0.5964133179325418	0.5616732416302783	0.4549712831909005	3.2149224481167686	0.2636796734245744	0.12786280194014468	0.0021585566072875005	0.11314609891709586	0.20959078912439572	0.46113560602909603	0.5964133179325418	0.5616732416302783	0.4549712831909005	3.2149224481167686	0.2636796734245744	0.12786280194014468	7.582465148398919	0.29373174905520577	0.22697539610448014	0.20735534200285657	0.27193751283745765	0.4905146563719663	104.43643256068144	-893.5288665728564	7.435788979994021E-4	0.9548800422635473	4.2337426981618195E-4	6.821228780563268E-7	1.2027673847884222
3010000	-9580.962288871864	-8705.621335956763	-875.3409529151013	-8542.09280627844	154.5277728825225	1153.6030709594177	0.16243664616477338	0.5806787345712753	0.1379922691313249	0.053321738168326194	2.4641771386844264	0.9098990075022092	0.6483618413061434	0.09546014674783235	2.5420172290695953	0.3215103946395795	0.25984507737929724	0.5806787345712753	0.1379922691313249	0.053321738168326194	2.4641771386844264	0.9098990075022092	0.6483618413061434	0.09546014674783235	2.5420172290695953	0.3215103946395795	0.25984507737929724	6.51880930626158	0.29373174905520577	0.21467877794247048	0.21965196016486624	0.27193751283745765	0.4905146563719663	74.27877046839993	-864.8552539730515	9.138657509497236E-4	0.9255902555329821	4.766649910396463E-4	8.079783433156867E-7	1.120552565816546
3020000	-9607.453168750024	-8687.846136479116	-919.6070322709065	-8519.387058298395	172.020488288877	1369.187724788798	0.0837921986497473	0.07107929947273538	0.10008887863962344	0.5552721028288915	1.5215816800533417	0.8786142404270855	1.6291429156319406	0.05271733872294033	1.8912071952786282	0.5721553345884999	0.302860262975942	0.07107929947273538	0.10008887863962344	0.5552721028288915	1.5215816800533417	0.8786142404270855	1.6291429156319406	0.05271733872294033	1.8912071952786282	0.5721553345884999	0.302860262975942	6.51880930626158	0.29373174905520577	0.21467877794247048	0.21965196016486624	0.27193751283745765	0.4905146563719663	106.05728868765473	-908.8144503392385	7.240556386946652E-4	0.9535028336527105	4.1322313013493126E-4	4.8824113762624E-7	1.0687150717295801
3030000	-9606.915120796119	-8704.071574826505	-902.8435459696137	-8541.913921335981	156.7280466558755	1214.0127211343954	0.17313369403740791	0.43928776648851303	0.0945966978420339	0.38288090554351684	3.822787133721451	0.5169529381791634	1.7631488337829875	0.6788047427897922	4.251889236772194	0.3303842176774793	0.15898818239518203	0.43928776648851303	0.0945966978420339	0.38288090554351684	3.822787133721451	0.5169529381791634	1.7631488337829875	0.6788047427897922	4.251889236772194	0.3303842176774793	0.15898818239518203	6.51880930626158	0.27848600952925795	0.22040599990050824	0.21488972749597907	0.28621826307425485	0.4905146563719663	89.31711825539543	-887.9999425732673	7.360434261497136E-4	0.9735939895230055	4.445729201862235E-4	4.142760270762162E-7	0.9931161998017302
3040000	-9589.254354731524	-8686.737715016277	-902.5166397152461	-8519.811434461533	108.05080150394798	1075.076551584655	0.09467514479438138	0.1390974059034337	0.042408101262364294	0.5247094625675855	1.1378224381786148	0.7183897483642342	1.0892232510659436	0.6056120368993001	3.3353340341599997	0.2930572378981767	0.8395477733636777	0.1390974059034337	0.042408101262364294	0.5247094625675855	1.1378224381786148	0.7183897483642342	1.0892232510659436	0.6056120368993001	3.3353340341599997	0.2930572378981767	0.8395477733636777	5.730338819604359	0.27848600952925795	0.21527411188263995	0.22002161551384736	0.28621826307425485	0.4905146563719663	99.18514754561028	-890.6782138658657	8.281508170033552E-4	0.9870161353108832	5.524360076572882E-4	6.841170638701514E-7	1.0647466663341278
3050000	-9610.988335036851	-8689.446340149163	-921.5419948876878	-8522.683324204043	123.44665962364911	1201.4390210325332	0.13566002844344904	0.010376371495080979	0.07313290691309678	0.05820806252740303	0.553470069282026	0.02637240613290158	3.2646685962979003	0.9398875253759602	4.195447512969954	0.35809558577013384	0.5251211789199454	0.010376371495080979	0.07313290691309678	0.05820806252740303	0.553470069282026	0.02637240613290158	3.2646685962979003	0.9398875253759602	4.195447512969954	0.35809558577013384	0.5251211789199454	5.730338819604359	0.27848600952925795	0.21527411188263995	0.22002161551384736	0.28621826307425485	0.4905146563719663	114.50397248614037	-908.940287529917	6.894189509311574E-4	0.983523545686092	4.635070232511758E-4	4.563624994215709E-7	1.0203296368129735
3060000	-9611.90297129378	-8701.523983089983	-910.3789882037987	-8537.604365208123	109.95234619319822	1132.8672345544437	0.1272381477558334	1.9844933655878771	0.029953764132113023	0.5600117517603912	1.2699660336638774	0.6926218611859061	1.177733344855546	0.04857706181830349	1.85810030846607	0.11385180708133494	0.32185260872104116	1.9844933655878771	0.029953764132113023	0.5600117517603912	1.2699660336638774	0.6926218611859061	1.177733344855546	0.04857706181830349	1.85810030846607	0.11385180708133494	0.32185260872104116	5.730338819604359	0.28686014854928754	0.20689997286261033	0.22002161551384736	0.28621826307425485	0.4905146563719663	106.51276377255836	-900.4002193748119	6.571502587644024E-4	0.7841581793154434	4.6430540827987625E-4	3.4533573980231124E-7	0.9718547617007005
3070000	-9623.446187415133	-8688.442412070803	-935.00377534433	-8527.064109344063	118.64217248539342	1201.0008573144248	0.08447246633556772	1.541202182784136	0.2475453889500739	0.19523655242663115	0.24618239445488257	0.46655480917950265	1.0731486469501985	0.30198899607415086	2.284831879850245	0.08383231062121897	0.5367250324010802	1.541202182784136	0.2475453889500739	0.19523655242663115	0.24618239445488257	0.46655480917950265	1.0731486469501985	0.30198899607415086	2.284831879850245	0.08383231062121897	0.5367250324010802	6.924629225438577	0.2797915643726758	0.21396855703922205	0.22002161551384736	0.28621826307425485	0.4905146563719663	117.90955113272719	-924.7004409532425	6.34580844851499E-4	0.9873921033194084	4.677250711829679E-4	4.397830841439592E-7	1.130515183104452
3080000	-9598.725923288439	-8690.131604605895	-908.594318682545	-8531.611471794417	102.28672318754798	1044.2209094071666	0.10574154167651907	0.13863087244767214	0.3809949878453657	1.3611242518580688	0.3380846149211115	0.23898830363429166	1.4613511677150188	0.33284119699939985	5.316210838488202	0.1004732037822079	0.7461304175509769	0.13863087244767214	0.3809949878453657	1.3611242518580688	0.3380846149211115	0.23898830363429166	1.4613511677150188	0.33284119699939985	5.316210838488202	0.1004732037822079	0.7461304175509769	6.093786146212224	0.2797915643726758	0.21713039155466352	0.22002161551384736	0.2830564285588134	0.4905146563719663	85.92841154347772	-895.9443455665364	7.368856966225505E-4	0.8219110559298999	5.118089599437104E-4	4.946600612850021E-7	1.044177371244595
3090000	-9617.59041278939	-8695.503758553348	-922.0866542360421	-8533.229234217253	106.90312136772144	1169.8053751407574	0.11050704023286068	0.18479874857217007	0.5112371939138113	0.0275301444261167	1.4615858952315925	0.3228835425651816	1.4214071058470432	0.001844021198477646	2.6499623220860506	0.19269230243865187	0.28181070975136424	0.18479874857217007	0.5112371939138113	0.0275301444261167	1.4615858952315925	0.3228835425651816	1.4214071058470432	0.001844021198477646	2.6499623220860506	0.19269230243865187	0.28181070975136424	6.093786146212224	0.2797915643726758	0.21713039155466352	0.22002161551384736	0.2830564285588134	0.4905146563719663	96.06741143920065	-912.5512843155608	6.650931745309864E-4	0.9258792620684103	5.041484981636459E-4	5.690917863048257E-7	1.1194886543196299
3100000	-9641.72085732555	-8698.669193643322	-943.0516636822291	-8534.727039406363	129.53851033405383	1279.3006206331952	0.13218943802666125	0.5863539613663279	0.18949358248604894	0.5802709824664426	0.16269475883690263	0.37383436440386464	2.4119243795453515	0.4937986073512983	4.505558275586671	0.5933531967731489	1.5950479880626995	0.5863539613663279	0.18949358248604894	0.5802709824664426	0.16269475883690263	0.37383436440386464	2.4119243795453515	0.4937986073512983	4.505558275586671	0.5933531967731489	1.5950479880626995	6.71955897121807	0.2797915643726758	0.21713039155466352	0.22002161551384736	0.2830564285588134	0.4905146563719663	140.09086364377546	-929.129350597511	5.83573155508446E-4	0.853239518257162	4.3002870968120475E-4	2.4416864264681314E-7	0.9057496675650804
3110000	-9631.171439122247	-8674.579133941963	-956.5923051802843	-8500.786998010257	122.64654339657119	1282.858560932211	0.09899258241741711	0.06435324195897196	0.465358451685037	0.8724291310638151	0.5630910138786827	1.4293760187291424	0.8085254872802287	1.5560914603140406	4.954313949338558	0.5591170450927518	0.441847948408426	0.06435324195897196	0.465358451685037	0.8724291310638151	0.5630910138786827	1.4293760187291424	0.8085254872802287	1.5560914603140406	4.954313949338558	0.5591170450927518	0.441847948408426	6.2837298083299435	0.2797915643726758	0.21713039155466352	0.22002161551384736	0.2830564285588134	0.4905146563719663	143.77320551817536	-942.680179882149	4.750662828925652E-4	0.7859186135807593	3.9613731420240814E-4	1.6992261790192107E-7	0.9200208150021391
3120000	-9649.804538903138	-8673.302613334416	-976.5019255687214	-8503.937653905836	168.27737054974568	1530.1558678449549	0.08048365599947092	0.1574461362496578	0.5391298180664581	0.08597173543530588	0.052040368214312134	0.4079472116454135	2.132286488935349	1.3226559169831245	2.3857807460864255	0.47639057126835105	0.28906923052904465	0.1574461362496578	0.5391298180664581	0.08597173543530588	0.052040368214312134	0.4079472116454135	2.132286488935349	1.3226559169831245	2.3857807460864255	0.47639057126835105	0.28906923052904465	6.2837298083299435	0.2797915643726758	0.21713039155466352	0.22002161551384736	0.2830564285588134	0.4905146563719663	152.0566193493382	-965.0248412016352	5.472848176559339E-4	1.0978688069319853	4.0117918277355913E-4	1.7479791754601921E-7	0.8282396329692246
3130000	-9626.868646256953	-8673.618252456212	-953.2503938007411	-8507.516476593675	127.80314552909353	1330.8525766311973	0.09995080845298983	0.20178425747851697	0.05276046742000941	0.051179952915296936	0.5843785673770558	0.006227111382878334	1.8207682665470715	0.19883478772067673	2.1931223821867394	0.6173964141775165	0.22210318600797954	0.20178425747851697	0.05276046742000941	0.051179952915296936	0.5843785673770558	0.006227111382878334	1.8207682665470715	0.19883478772067673	2.1931223821867394	0.6173964141775165	0.22210318600797954	5.371591702374617	0.2797915643726758	0.21713039155466352	0.22002161551384736	0.2830564285588134	0.4905146563719663	110.76793447671815	-944.697615614674	5.828595013558003E-4	1.0014281945217478	4.3860886648519566E-4	1.992397386603048E-7	0.833984621735563
3140000	-9617.98827025199	-8649.784809635661	-968.2034606163288	-8485.897934497068	146.7266579399726	1435.269030231052	0.060502878977242144	0.17991817883263675	0.0942497787132645	0.5480085234999887	0.5548848559797634	0.8482439537318585	0.6399451115332876	0.07875974815153333	3.432869633253013	0.6184099295255817	1.029422696396824	0.17991817883263675	0.0942497787132645	0.5480085234999887	0.5548848559797634	0.8482439537318585	0.6399451115332876	0.07875974815153333	3.432869633253013	0.6184099295255817	1.029422696396824	6.323790207148938	0.29305106656054547	0.21713039155466352	0.20676211332597771	0.2830564285588134	0.4905146563719663	166.33011950404355	-956.3364174595554	5.552159394076876E-4	0.9887791834827853	3.92910723929134E-4	2.230974484635691E-7	0.9195944762381638
3150000	-9640.794237810074	-8675.284067160861	-965.5101706492142	-8507.528143264515	134.92705539472186	1429.5165091589972	0.11733160798198329	0.29827515437973334	0.29477370441236145	0.9908485433744172	1.522870760206285	0.795277833361657	1.4014446593221734	0.17106614157876232	5.301117576470965	0.7669419412146797	0.6496924620352847	0.29827515437973334	0.29477370441236145	0.9908485433744172	1.522870760206285	0.795277833361657	1.4014446593221734	0.17106614157876232	5.301117576470965	0.7669419412146797	0.6496924620352847	7.351601737304995	0.29305106656054547	0.20615755895096213	0.2177349459296791	0.2830564285588134	0.4905146563719663	109.31582011487777	-950.5750120814564	5.593540568366444E-4	0.9505711164419121	3.8801476145812784E-4	2.8768495861097464E-7	1.011904901836095
3160000	-9645.112744717688	-8693.160932862176	-951.9518118555119	-8520.585208399394	144.1921310714162	1494.9240912323594	0.13985891653769023	0.06099869191991676	0.016584791215573533	0.08150007532364839	0.87403282382255	0.019821870445928553	2.2890295280634985	0.29605308146528553	2.7105804733082954	0.3330411244884842	1.409672208664481	0.06099869191991676	0.016584791215573533	0.08150007532364839	0.87403282382255	0.019821870445928553	2.2890295280634985	0.29605308146528553	2.7105804733082954	0.3330411244884842	1.409672208664481	7.351601737304995	0.29305106656054547	0.20615755895096213	0.2177349459296791	0.2830564285588134	0.5586587555426468	119.24462077736653	-941.2132123135956	5.85108140946051E-4	0.906113837502804	3.725463088593309E-4	2.696105614703477E-7	0.9239309167059412
3170000	-9638.095165264192	-8685.985755955386	-952.1094093088076	-8524.603014937868	124.79784468710972	1372.756938003298	0.14709304823852157	2.6210826274098737	0.015693784165249275	0.7243832864185112	0.29372690346276603	0.24013479702374232	1.3710774199367697	1.3449279982037694	4.262041571324681	0.023680818269391817	2.194127943767988	2.6210826274098737	0.015693784165249275	0.7243832864185112	0.29372690346276603	0.24013479702374232	1.3710774199367697	1.3449279982037694	4.262041571324681	0.023680818269391817	2.194127943767988	6.017141827164269	0.30678136364671343	0.20615755895096213	0.20400464884351113	0.2830564285588134	0.5586587555426468	120.45830227321528	-936.487309524435	6.430123070928188E-4	0.9228415209284793	4.198800884439113E-4	2.6526113001770336E-7	0.8996061013445175
3180000	-9642.183988235869	-8703.00796670813	-939.1760215277385	-8530.98227323937	104.85989356377482	1205.8341053186211	0.08142281945283822	0.8316298932396922	0.6792630744953267	1.2858016529108682	0.75166717743268	0.6063075625804225	1.4134682560443657	1.2126713342052948	3.583398532564375	1.1835011673096705	0.7963859129401644	0.8316298932396922	0.6792630744953267	1.2858016529108682	0.75166717743268	0.6063075625804225	1.4134682560443657	1.2126713342052948	3.583398532564375	1.1835011673096705	0.7963859129401644	6.017141827164269	0.30678136364671343	0.20615755895096213	0.20400464884351113	0.2830564285588134	0.49871222460533926	107.21311710095699	-924.0657662022165	5.97881240877069E-4	0.8853007088912864	4.17937738378011E-4	2.7296321695922177E-7	0.9954879562828658
3190000	-9606.056919227654	-8667.344241307896	-938.7126779197584	-8496.892419458682	124.00533287223979	1275.0296244322044	0.10927141626346057	0.7711648940937341	0.21355779412657075	0.16498909464117267	0.2666678866932588	0.26231116187998593	3.295663745755395	0.6663977372562043	2.445455763236609	0.8823064013844684	0.4334501056811011	0.7711648940937341	0.21355779412657075	0.16498909464117267	0.2666678866932588	0.26231116187998593	3.295663745755395	0.6663977372562043	2.445455763236609	0.8823064013844684	0.4334501056811011	6.017141827164269	0.30678136364671343	0.20615755895096213	0.20400464884351113	0.2830564285588134	0.49871222460533926	122.52198214089144	-925.9030339228531	6.362542248021131E-4	1.1339947169801712	4.735801426091455E-4	3.485314886791088E-7	0.994463014206158
3200000	-9615.948599053681	-8675.768137826362	-940.1804612273197	-8506.390104040947	98.37148600249114	1213.3429301979795	0.07936981671454729	0.0270532231376817	0.06408252652245135	0.5919079801672399	0.01821399953697433	0.5847391901469983	1.3004475133316156	0.5362367589572499	4.559489515580558	0.6671256500350423	0.030955469405173373	0.0270532231376817	0.06408252652245135	0.5919079801672399	0.01821399953697433	0.5847391901469983	1.3004475133316156	0.5362367589572499	4.559489515580558	0.6671256500350423	0.030955469405173373	6.841615374862877	0.30678136364671343	0.20615755895096213	0.20400464884351113	0.2830564285588134	0.49871222460533926	113.18445884977082	-927.9683427526019	6.713759561619975E-4	1.0879522807886748	4.669331018428987E-4	4.5123618781878365E-7	1.098422434807988
3210000	-9616.673043475364	-8678.004356578736	-938.6686868966286	-8508.283884859677	98.108453614709	1195.9747654298778	0.11226837882483773	1.2219376218853821	0.22621949482161352	1.0449043144133985	0.5672127605784751	0.5964092664135298	0.11051097589692561	0.5931444337874571	2.7798442510266934	0.3154305878107959	0.038776382300615725	1.2219376218853821	0.22621949482161352	1.0449043144133985	0.5672127605784751	0.5964092664135298	0.11051097589692561	0.5931444337874571	2.7798442510266934	0.3154305878107959	0.038776382300615725	6.841615374862877	0.29719573312168324	0.21574318947599233	0.20400464884351113	0.2830564285588134	0.49871222460533926	112.35052901290715	-927.3392786674225	7.845662730780863E-4	1.161009937073684	4.925545970239839E-4	7.798209746402551E-7	1.3022098565591531
3220000	-9652.525600889681	-8680.965869939859	-971.5597309498232	-8516.342811829812	125.89020822198658	1436.2569093258649	0.11030325932361042	0.07525155743961275	0.058561000899776096	0.1146762191725763	1.8237161060285207	0.10919274691877122	1.617020287679757	0.001130126648850784	5.74631071425861	0.3986627766057904	0.0707419952261554	0.07525155743961275	0.058561000899776096	0.1146762191725763	1.8237161060285207	0.10919274691877122	1.617020287679757	0.001130126648850784	5.74631071425861	0.3986627766057904	0.0707419952261554	6.9650315214511025	0.29719573312168324	0.21574318947599233	0.20400464884351113	0.2830564285588134	0.49871222460533926	140.8833831493057	-958.5624070465385	5.255651463317434E-4	0.9692128662372524	3.7148909953305115E-4	4.0194683319081717E-7	1.2513003791871808
3230000	-9675.24604537549	-8696.898832882636	-978.3472124928547	-8535.86670382237	103.7988476426761	1324.22608901636	0.07617271535414029	0.9228473682710802	0.09012383913001124	0.11467271434830681	1.8012191512883513	1.1463442795795022	4.797700670523179	0.5934322916587754	6.192259317442869	0.7683552870105254	0.37049163617491987	0.9228473682710802	0.09012383913001124	0.11467271434830681	1.8012191512883513	1.1463442795795022	4.797700670523179	0.5934322916587754	6.192259317442869	0.7683552870105254	0.37049163617491987	6.9650315214511025	0.29719573312168324	0.21574318947599233	0.2126447992525731	0.27441627814975145	0.551008587771455	144.46012881554896	-958.3894658867526	4.95569101702787E-4	0.8937936083589594	4.089986024031323E-4	1.9266679996661404E-7	0.8813571329967215
3240000	-9678.493659106322	-8686.941579059492	-991.5520800468289	-8517.308438840697	118.74466449919683	1466.000514357265	0.07667378198866755	1.2656868558104455	0.19079016032770102	0.26697714338781586	0.09429301753776606	1.5497760642607248	0.567193337195671	0.37355162086096194	7.193643306386887	0.13955965456818586	1.662765189044135	1.2656868558104455	0.19079016032770102	0.26697714338781586	0.09429301753776606	1.5497760642607248	0.567193337195671	0.37355162086096194	7.193643306386887	0.13955965456818586	1.662765189044135	6.402107175074786	0.29719573312168324	0.21574318947599233	0.2126447992525731	0.27441627814975145	0.551008587771455	169.684306722239	-975.1283768050482	4.2734274251914344E-4	0.9226015037203695	3.6612308167436816E-4	1.3578628263922187E-7	0.8874742135608377
3250000	-9694.171325986927	-8690.821910936684	-1003.3494150502422	-8526.839929516025	176.63691219400914	1642.9294180469726	0.07795756734445004	0.5416698553371767	0.043338717974938455	0.06966327737396691	0.0576845698302663	0.4533998686576288	0.7194018323757989	0.010842668689181843	3.8110979109345005	0.04118121662246913	0.5717719891359224	0.5416698553371767	0.043338717974938455	0.06966327737396691	0.0576845698302663	0.4533998686576288	0.7194018323757989	0.010842668689181843	3.8110979109345005	0.04118121662246913	0.5717719891359224	6.402107175074786	0.29719573312168324	0.21574318947599233	0.2126447992525731	0.27441627814975145	0.413703000363069	193.39846230293753	-994.1215943541305	4.29945240121815E-4	0.8620770235307242	3.2341054339983944E-4	1.2032169842432753E-7	0.8627606572252275
3260000	-9643.885680262845	-8672.276322913958	-971.6093573488873	-8508.765047359193	110.73601510305842	1336.9856549925487	0.10092688020025235	1.1507767609892194	0.18875403393593915	0.15254767509640554	2.955221591055939	0.8549205986780712	1.8271395379017528	0.2859374162699244	3.338629932109755	0.09368652082448033	0.018005799134500997	1.1507767609892194	0.18875403393593915	0.15254767509640554	2.955221591055939	0.8549205986780712	1.8271395379017528	0.2859374162699244	3.338629932109755	0.09368652082448033	0.018005799134500997	7.395924132240121	0.29719573312168324	0.1981298624810959	0.2126447992525731	0.2920296051446479	0.5323900464897204	148.9108887333372	-957.9852909164352	4.837846109543749E-4	0.8250786827857954	4.1000003396401437E-4	2.2626806145086797E-7	0.9530948526213208
3270000	-9690.350606813672	-8707.09459403242	-983.2560127812517	-8538.241482235571	138.3913934487946	1416.3850159303088	0.13987667427729092	0.050443727337094096	0.013647396289282531	0.5047095413149447	1.1926248496151977	1.3536596184175145	1.553779696604347	1.3987360608052994	4.007351138150297	0.04428807540233951	2.517453307513253	0.050443727337094096	0.013647396289282531	0.5047095413149447	1.1926248496151977	1.3536596184175145	1.553779696604347	1.3987360608052994	4.007351138150297	0.04428807540233951	2.517453307513253	7.145608982048009	0.30238981623917716	0.1981298624810959	0.20887944278832993	0.29060087849139715	0.45090133889499395	128.75606283313627	-968.3562498534195	5.347362229773331E-4	0.8209607585338318	4.2672779650878407E-4	2.0939229634533868E-7	0.906847437081672
3280000	-9678.0042877175	-8672.136511763147	-1005.8677759543527	-8502.685324959211	137.3412594604103	1655.8311638198204	0.06345340047079369	0.1424115998301213	0.21812625655696946	0.46697351454883973	0.18307765542698873	0.7099083882327618	1.771513900376788	0.7427955947885906	2.4037300307783793	0.29225439544632476	0.9643382732726009	0.1424115998301213	0.21812625655696946	0.46697351454883973	0.18307765542698873	0.7099083882327618	1.771513900376788	0.7427955947885906	2.4037300307783793	0.29225439544632476	0.9643382732726009	7.145608982048009	0.30238981623917716	0.1981298624810959	0.20887944278832993	0.29060087849139715	0.45090133889499395	156.88632128848596	-994.887596912948	4.265559938416123E-4	0.8059370716194257	3.6404441071201653E-4	1.3018817659421543E-7	0.8166948377187818
3290000	-9651.929612011692	-8660.120539871632	-991.8090721400607	-8493.203068218987	112.81414652840478	1437.2843064304736	0.07731187971026937	0.3035608235378458	0.09329274487100118	0.8566627272919484	0.1730636802098661	0.19997560162715464	1.6326532038385975	0.6944448370863063	4.7276632491105515	0.3784042642105622	0.24366486398792583	0.3035608235378458	0.09329274487100118	0.8566627272919484	0.1730636802098661	0.19997560162715464	1.6326532038385975	0.6944448370863063	4.7276632491105515	0.3784042642105622	0.24366486398792583	6.150676410587123	0.30238981623917716	0.1981298624810959	0.20887944278832993	0.29060087849139715	0.45090133889499395	169.31202587535407	-979.3512530356203	4.945564935235592E-4	0.9148446794386513	3.9745747536086004E-4	2.3746088235513646E-7	0.9722390731453489
3300000	-9656.520587017567	-8669.894957570505	-986.6256294470616	-8496.590093998811	124.18937043170075	1424.931462425926	0.05708896243781289	0.44625726420672657	1.1731401975895004	0.4457185818699686	0.7605383662246773	1.3226093478606815	1.8528993379908465	0.04007947417338492	5.483007192166593	0.8695525187285323	1.747032100181336	0.44625726420672657	1.1731401975895004	0.4457185818699686	0.7605383662246773	1.3226093478606815	1.8528993379908465	0.04007947417338492	5.483007192166593	0.8695525187285323	1.747032100181336	6.150676410587123	0.2961484606286794	0.1981298624810959	0.2151207983988277	0.29060087849139715	0.45090133889499395	138.38964387379409	-969.279100608276	4.743369876136648E-4	0.8848815324135456	3.8929535518493567E-4	1.701166481994814E-7	0.8626779757867101
3310000	-9647.21607173798	-8674.36889337768	-972.8471783603002	-8507.312209658116	125.71132197053943	1401.3251216385931	0.11432919485755112	0.0786650648197356	0.2678656666764107	0.39269049623877145	2.300617205910764	0.5549539110949747	2.669423129503521	0.02472014652433312	2.773687370515683	0.5566558092705337	0.457932229585407	0.0786650648197356	0.2678656666764107	0.39269049623877145	2.300617205910764	0.5549539110949747	2.669423129503521	0.02472014652433312	2.773687370515683	0.5566558092705337	0.457932229585407	6.150676410587123	0.2961484606286794	0.1981298624810959	0.2151207983988277	0.29060087849139715	0.45090133889499395	147.6277802008153	-960.6660467974793	4.874434726477675E-4	0.7817521796969681	4.0130199573931003E-4	1.4666534831259467E-7	0.8515332394956762
3320000	-9627.221770564694	-8676.38951603968	-950.8322545250148	-8508.694485264317	120.50148228078008	1310.9709076367087	0.08576070396135227	0.14499072557973464	0.45464435039411066	0.1705098271082541	1.7051542974743452	0.24925082800247828	2.204275876142491	0.3008072759977087	2.750656138700729	0.3220363954132001	0.3053150048008625	0.14499072557973464	0.45464435039411066	0.1705098271082541	1.7051542974743452	0.24925082800247828	2.204275876142491	0.3008072759977087	2.750656138700729	0.3220363954132001	0.3053150048008625	6.074448133852083	0.2805380040068391	0.2137403191029362	0.2151207983988277	0.29060087849139715	0.45090133889499395	123.38540296117546	-939.6365684195653	6.122757636206744E-4	0.8301920992435815	4.628142724127301E-4	2.1219826534280055E-7	0.8231152510864181
3330000	-9646.397971521834	-8672.8574018907	-973.5405696311334	-8506.846717993518	125.62171877552568	1378.4352086065007	0.14452114636281727	0.799467983788963	0.2220776851469344	0.28353419154944076	3.5944783200382195	0.7124754925373801	1.1240996455725845	0.2578348474374212	5.540582702672244	0.3069399764926788	1.580036397796577	0.799467983788963	0.2220776851469344	0.28353419154944076	3.5944783200382195	0.7124754925373801	1.1240996455725845	0.2578348474374212	5.540582702672244	0.3069399764926788	1.580036397796577	6.074448133852083	0.2859139235920829	0.2137403191029362	0.20974487881358392	0.29060087849139715	0.45090133889499395	138.1448142232892	-957.255231057603	5.194418089360058E-4	0.7955829755743529	3.9496755805834994E-4	1.704559722718485E-7	0.8629243157754619
3340000	-9636.115726567652	-8663.506864298452	-972.6088622692004	-8492.376117548787	110.51516382665861	1360.2629953181918	0.06898332045861898	0.19336777132092522	0.2887537414866124	2.309406660938399	0.22939393542576308	0.8638899338241394	1.3612172866846222	0.09450648546602526	3.491122811251665	1.412600492474653	0.026584122661674706	0.19336777132092522	0.2887537414866124	2.309406660938399	0.22939393542576308	0.8638899338241394	1.3612172866846222	0.09450648546602526	3.491122811251665	1.412600492474653	0.026584122661674706	6.074448133852083	0.3007558471358444	0.2137403191029362	0.20974487881358392	0.27575895494763564	0.45090133889499395	162.88024274870838	-959.4171725325397	5.012267895774712E-4	0.8277648104438549	3.901893783954363E-4	1.5579062003525737E-7	0.8587207716778041
3350000	-9615.156075229572	-8674.985044128229	-940.1710311013437	-8508.51582468126	93.11812558116468	1207.672264435582	0.09297978653559133	0.3367913409660184	0.3946867203484851	0.7230664212782573	0.2860092037026774	0.35178768642177505	1.5671700675351565	0.10719147995237902	4.272157939560933	0.18485502286839398	0.14676873431225185	0.3367913409660184	0.3946867203484851	0.7230664212782573	0.2860092037026774	0.35178768642177505	1.5671700675351565	0.10719147995237902	4.272157939560933	0.18485502286839398	0.14676873431225185	6.768154190953825	0.3007558471358444	0.21303080233713073	0.20122617289804962	0.2849871776289754	0.45462609281446204	115.58495103053625	-928.9818942699371	6.858432571343422E-4	0.8321664859308914	4.974533173249988E-4	3.218131741482169E-7	0.8788824464663492
3360000	-9659.343359525616	-8718.170434223353	-941.1729253022614	-8547.212731583777	87.83513473418479	1212.1030990704614	0.11291980905708245	0.16563257469702186	0.047926373148144186	1.2344466155545415	0.3773846447732454	2.077818926644174	0.9305827936586132	0.3274304951981027	3.290810564850951	0.24600472576906537	1.256415357089641	0.16563257469702186	0.047926373148144186	1.2344466155545415	0.3773846447732454	2.077818926644174	0.9305827936586132	0.3274304951981027	3.290810564850951	0.24600472576906537	1.256415357089641	6.768154190953825	0.3059679624065886	0.21303080233713073	0.20709250561437959	0.27390872964190127	0.45462609281446204	125.54189266862738	-929.0079195034118	6.08252606015754E-4	0.7398728395052382	4.614150564730275E-4	2.095467223928606E-7	0.8201645657720907
3370000	-9643.115015082058	-8689.344774230156	-953.7702408519018	-8521.427820730833	89.11646832984295	1269.766663785288	0.08483362764663224	0.022766002356064446	0.004045731340978473	0.2976352706361188	0.16161104421873052	0.3996119348425898	0.31925123421873974	0.0544153370769076	1.1641794573734794	0.18650777566401103	0.3158125408983718	0.022766002356064446	0.004045731340978473	0.2976352706361188	0.16161104421873052	0.3996119348425898	0.31925123421873974	0.0544153370769076	1.1641794573734794	0.18650777566401103	0.3158125408983718	7.175751988495162	0.3059679624065886	0.21303080233713073	0.21720819100541527	0.2637930442508656	0.45462609281446204	134.658621515263	-948.1864382567016	5.486674146344109E-4	0.776963310929868	4.438335450525677E-4	1.9446794118739888E-7	0.8438325167311543
3380000	-9665.915069077862	-8691.044019952209	-974.8710491256534	-8522.592586171555	98.97033375515934	1462.3135844271815	0.10501422980151115	0.12914911517875874	0.07736757797610394	0.06654518801905435	0.8053563848205172	0.6074688215312556	1.222597818108541	0.6533613226541682	4.710615987213039	0.328908153945517	0.8289548901069623	0.12914911517875874	0.07736757797610394	0.06654518801905435	0.8053563848205172	0.6074688215312556	1.222597818108541	0.6533613226541682	4.710615987213039	0.328908153945517	0.8289548901069623	7.175751988495162	0.3059679624065886	0.21303080233713073	0.21720819100541527	0.2637930442508656	0.45462609281446204	146.07144085601254	-963.30542059561	4.7012517585985066E-4	0.7194129053149556	4.0055205280630483E-4	1.4288921219630577E-7	0.8075532199895509
3390000	-9652.61740154263	-8683.801341317187	-968.8160602254438	-8509.731002485363	103.22066277199929	1369.6415669450762	0.1007125302757692	1.3528857060263209	0.029698722322632754	2.2397733002267373	1.0601185786192917	1.7629834644683924	0.190909033978932	0.8584803054425403	3.3519996954363	0.8352970668674587	1.3038806820177125	1.3528857060263209	0.029698722322632754	2.2397733002267373	1.0601185786192917	1.7629834644683924	0.190909033978932	0.8584803054425403	3.3519996954363	0.8352970668674587	1.3038806820177125	7.175751988495162	0.3059679624065886	0.21303080233713073	0.21720819100541527	0.2637930442508656	0.45462609281446204	138.28535853772837	-953.3706988249944	5.274370001255935E-4	0.783446926754942	4.123747357737905E-4	2.105906655552686E-7	0.8738389739546768
3400000	-9662.303899718007	-8686.670130550925	-975.6337691670809	-8511.446590642656	129.35290278025988	1448.8210531989716	0.14423636051868524	0.11006239021845181	0.12059871245575368	0.25945939816525015	1.315347965664436	0.280697648216712	1.0103095864966731	0.7195078568886433	2.877963405397301	0.3386947287859194	1.3423263482748633	0.11006239021845181	0.12059871245575368	0.25945939816525015	1.315347965664436	0.280697648216712	1.0103095864966731	0.7195078568886433	2.877963405397301	0.3386947287859194	1.3423263482748633	7.175751988495162	0.3059679624065886	0.1944193936843021	0.21720819100541527	0.28240445290369415	0.45462609281446204	157.46829666367034	-965.0687039246905	4.412823828274369E-4	0.8078428221288297	3.670566623178301E-4	1.4525436682093868E-7	0.8833307445459265
3410000	-9661.76170133675	-8700.484036251191	-961.2776650855595	-8527.636712729147	87.64588346628993	1237.913745181129	0.07965206106669988	0.4480036111168302	0.014927409559442165	0.4939239200454435	0.7987681429779435	0.5716793935255824	3.262902792314336	0.1615512048379556	1.4804563866276506	0.2532116529484327	0.5477416939984808	0.4480036111168302	0.014927409559442165	0.4939239200454435	0.7987681429779435	0.5716793935255824	3.262902792314336	0.1615512048379556	1.4804563866276506	0.2532116529484327	0.5477416939984808	7.175751988495162	0.2878680099256659	0.2125193461652248	0.21720819100541527	0.28240445290369415	0.45462609281446204	121.5834353539444	-950.9798801490208	5.373378219007114E-4	0.6754578151455396	4.7266042833067005E-4	1.4053197603796182E-7	0.7160049971021261
3420000	-9633.990807205382	-8703.098202966228	-930.8926042391535	-8531.263613908413	83.49121016691348	1091.9070930533694	0.09119129203682165	0.07814372590081835	0.5644026965491309	0.22968332214502818	0.4337367757986241	0.10576839313936613	1.9313743839931652	0.6232438667606295	2.2425625255017545	0.1250456712534289	1.0588483752409414	0.07814372590081835	0.5644026965491309	0.22968332214502818	0.4337367757986241	0.10576839313936613	1.9313743839931652	0.6232438667606295	2.2425625255017545	0.1250456712534289	1.0588483752409414	7.175751988495162	0.2878680099256659	0.2125193461652248	0.20872016640451588	0.29089247750459357	0.45462609281446204	111.3135050628699	-920.8611922007053	5.846126583133363E-4	0.828140997259444	4.7930616600413723E-4	2.6623074905317285E-7	0.9339057880242374
3430000	-9607.039952414561	-8677.270007629739	-929.769944784823	-8510.360696822154	93.84396878776579	1147.206059719252	0.07914088685023224	0.3534235931923597	0.15509786201136513	0.8023589319577514	0.8369596578030803	1.2685973113562679	0.5940258346356867	0.19330944063003544	2.53452248297913	0.23587691791540238	0.506603679965467	0.3534235931923597	0.15509786201136513	0.8023589319577514	0.8369596578030803	1.2685973113562679	0.5940258346356867	0.19330944063003544	2.53452248297913	0.23587691791540238	0.506603679965467	7.175751988495162	0.2878680099256659	0.2125193461652248	0.20872016640451588	0.29089247750459357	0.5253036136940291	108.57870387888315	-918.6311315639073	6.216418339049166E-4	1.060393537762452	4.891716429817817E-4	5.619322499255487E-7	1.1636813021977794
3440000	-9588.196104591363	-8683.150155810594	-905.0459487807702	-8512.221255417844	79.83190827626231	952.504910045219	0.1098026961215461	0.23858608084463914	0.05677566788294573	0.6234711298252653	3.273954481530149	1.3472329388813054	1.0581853758948436	1.4867616106966255	2.956527514505132	0.3114966172900073	0.10508666781472141	0.23858608084463914	0.05677566788294573	0.6234711298252653	3.273954481530149	1.3472329388813054	1.0581853758948436	1.4867616106966255	2.956527514505132	0.3114966172900073	0.10508666781472141	7.175751988495162	0.2878680099256659	0.20175299424373463	0.21948651832600605	0.29089247750459357	0.5253036136940291	96.47149239239558	-890.6325896569157	7.188055398065386E-4	0.926699856951939	5.596630146074912E-4	5.146906811491432E-7	1.0588800537153975
3450000	-9655.579343721776	-8689.750193179909	-965.829150541867	-8520.006283135017	101.29270256050077	1311.902038273354	0.0835803977901255	1.0812238157432115	0.07513819718146539	0.23404419683350228	0.004001626515462422	1.0771475971233386	0.30615192867108126	0.6120217690927776	4.239026693502176	0.2625467168219204	0.14118195577179726	1.0812238157432115	0.07513819718146539	0.23404419683350228	0.004001626515462422	1.0771475971233386	0.30615192867108126	0.6120217690927776	4.239026693502176	0.2625467168219204	0.14118195577179726	6.226665596922706	0.2878680099256659	0.20175299424373463	0.21948651832600605	0.29089247750459357	0.4424384885413701	116.77219578320776	-955.3223468579725	4.714630992731792E-4	0.879114383946685	4.150191503965866E-4	2.1558279041592352E-7	1.0166134189736906
3460000	-9649.045912044112	-8672.495124548399	-976.5507874957123	-8518.788321830007	137.23700724682124	1436.4315745264425	0.06778553381636615	0.2645722027629086	0.006131406724285468	0.7205631281546261	0.1350815534227442	1.3218186687721725	0.12260789483822218	0.2969983170273255	4.971219752840583	0.34836866823239254	0.0324533854498658	0.2645722027629086	0.006131406724285468	0.7205631281546261	0.1350815534227442	1.3218186687721725	0.12260789483822218	0.2969983170273255	4.971219752840583	0.34836866823239254	0.0324533854498658	6.226665596922706	0.2878680099256659	0.20175299424373463	0.20886380591184736	0.30151518991875226	0.4424384885413701	143.72327998586314	-965.335779126827	4.932619289515726E-4	0.8640368146102676	3.6605545891294655E-4	2.750159066772871E-7	1.1258771074190428
3470000	-9597.371315722947	-8659.428244813287	-937.9430709096599	-8500.120715822832	97.93667639190005	1176.2748508582522	0.07771742078768819	0.004524896057930638	0.4281943791674605	0.6206633787491418	1.2048365780802182	1.6627500908838446	0.7070554116614831	0.015349574739234992	3.991413918819412	0.25480908712439904	0.24328978043835836	0.004524896057930638	0.4281943791674605	0.6206633787491418	1.2048365780802182	1.6627500908838446	0.7070554116614831	0.015349574739234992	3.991413918819412	0.25480908712439904	0.24328978043835836	6.226665596922706	0.2878680099256659	0.20175299424373463	0.20886380591184736	0.30151518991875226	0.4424384885413701	119.65009241431531	-924.7037442267816	7.891207113152244E-4	1.1412685583558795	4.955074375286197E-4	6.621786335380098E-7	1.1686328264163504
3480000	-9613.07265339069	-8673.168393139966	-939.904260250726	-8514.653690394234	114.09561875874167	1186.4265665704884	0.11747093856214866	0.5494342787927338	0.005110412729375238	0.1468400327398656	0.057680751742862586	0.011622679496322195	1.4321231302898292	0.49681383352540687	1.8602351824509167	0.15333673857158997	0.2544112943459992	0.5494342787927338	0.005110412729375238	0.1468400327398656	0.057680751742862586	0.011622679496322195	1.4321231302898292	0.49681383352540687	1.8602351824509167	0.15333673857158997	0.2544112943459992	7.1384928644762695	0.2878680099256659	0.20175299424373463	0.20886380591184736	0.30151518991875226	0.5441246648918651	118.89086017137575	-931.498979984848	7.1871041444209E-4	1.0210491684622096	4.784926210044718E-4	8.755974552364448E-7	1.37785807985017
3490000	-9618.231740729098	-8672.645907840866	-945.5858328882305	-8511.109447295843	101.19197264259088	1220.739351316917	0.156128999169221	0.5957593520921162	0.013300520819240168	0.4621383702839668	1.9137124620423105	0.2522916455650042	0.6670274596553037	0.439208520049693	3.4376038155626345	0.13375824137275158	0.05869510192818471	0.5957593520921162	0.013300520819240168	0.4621383702839668	1.9137124620423105	0.2522916455650042	0.6670274596553037	0.439208520049693	3.4376038155626345	0.13375824137275158	0.05869510192818471	5.579291932017681	0.2878680099256659	0.20175299424373463	0.20886380591184736	0.30151518991875226	0.49646026974536184	123.14046164005673	-934.6836794573051	6.868014491009676E-4	1.0897330782558554	4.698375936696426E-4	6.39823666621191E-7	1.2774922166425173
3500000	-9625.687190684539	-8680.931590570162	-944.7556001143765	-8523.85755688314	91.7050008862947	1199.1397206540053	0.11052002756279836	0.5778367285004709	0.43664085263291513	0.49786342650715437	0.15642252589192523	0.7102756989644363	0.8083485350483499	1.5459642545916663	7.420092309953123	0.272283311158746	1.0754696775103172	0.5778367285004709	0.43664085263291513	0.49786342650715437	0.15642252589192523	0.7102756989644363	0.8083485350483499	1.5459642545916663	7.420092309953123	0.272283311158746	1.0754696775103172	5.579291932017681	0.2878680099256659	0.20175299424373463	0.20886380591184736	0.30151518991875226	0.49646026974536184	109.25877233876061	-928.6000235044627	5.738130639846256E-4	1.0110567077562653	4.234093788486988E-4	5.567472068363919E-7	1.284465377373718
3510000	-9633.733553572541	-8665.825270902209	-967.9082826703325	-8504.537777608506	122.62013425658989	1390.1628813744514	0.08682258523328498	0.45222074895752734	0.4959237064391938	0.6300196065901315	0.7425315809088108	1.1252120982880267	0.5793117121296238	0.06189051696854361	5.824797096331866	0.03038177580782973	1.0485514311291477	0.45222074895752734	0.4959237064391938	0.6300196065901315	0.7425315809088108	1.1252120982880267	0.5793117121296238	0.06189051696854361	5.824797096331866	0.03038177580782973	1.0485514311291477	6.542892217582514	0.2878680099256659	0.20175299424373463	0.20886380591184736	0.30151518991875226	0.49646026974536184	142.6246392226125	-953.5598301700317	5.572980676784757E-4	0.9979742507446809	4.09472650502619E-4	3.3903658292488087E-7	1.1441184857193432
3520000	-9625.137355856947	-8676.46478536006	-948.6725704968864	-8509.048535384536	93.55254119862103	1191.4270772326252	0.09541341533879258	0.1833727140296434	0.05844786593682896	1.928691361305011	0.5329372422788415	0.739929082683665	0.7285275544338532	0.2725096064132296	3.2676128309152555	0.16421652355332467	0.6390736259221705	0.1833727140296434	0.05844786593682896	1.928691361305011	0.5329372422788415	0.739929082683665	0.7285275544338532	0.2725096064132296	3.2676128309152555	0.16421652355332467	0.6390736259221705	6.542892217582514	0.2878680099256659	0.20175299424373463	0.20886380591184736	0.30151518991875226	0.49646026974536184	109.1814301945734	-937.1824754077221	6.433629445315392E-4	0.9369905046394181	4.176726726154005E-4	4.7147647818314453E-7	1.255923610298814
3530000	-9617.11809732161	-8683.48898584337	-933.6291114782392	-8520.413128514421	104.0808918933249	1154.645019880287	0.11500374860014002	0.39895466965560245	0.0020911447830103498	0.2264081163345618	1.3854857976068697	1.804397245134464	2.008892728213214	0.08484330687370042	2.9225178357005035	0.006905517081269292	0.48432495329433656	0.39895466965560245	0.0020911447830103498	0.2264081163345618	1.3854857976068697	1.804397245134464	2.008892728213214	0.08484330687370042	2.9225178357005035	0.006905517081269292	0.48432495329433656	5.670199780165814	0.2878680099256659	0.20175299424373463	0.20886380591184736	0.30151518991875226	0.49646026974536184	113.71469883763804	-922.0516059173638	6.141552434243209E-4	0.8471844894826512	4.3634161111754527E-4	4.824350010632719E-7	1.2048185493634804
3540000	-9642.607539159859	-8697.631104828859	-944.9764343309994	-8528.891053069476	110.46483170892182	1239.5170978058231	0.09668866735253454	0.014456128650648978	0.652119513869135	0.018284953254456345	1.5509913948478056	0.5207174624476861	1.6082532849120434	0.5688653544175367	2.5165429203174976	0.4303851538109744	0.8506360264611802	0.014456128650648978	0.652119513869135	0.018284953254456345	1.5509913948478056	0.5207174624476861	1.6082532849120434	0.5688653544175367	2.5165429203174976	0.4303851538109744	0.8506360264611802	5.366993816389933	0.2878680099256659	0.20175299424373463	0.20886380591184736	0.30151518991875226	0.49646026974536184	114.88076470141715	-934.2478835561216	5.308124102189952E-4	0.7864535006112597	4.5389193707461034E-4	2.1837282931167954E-7	0.8762165384563323
3550000	-9608.266987269986	-8658.404453440105	-949.862533829881	-8499.056080925437	115.3309042923596	1263.0869065719753	0.06646848191329005	0.0031990369365549574	0.11837287244865739	1.0160258386109464	0.8497039808410188	0.5357726861741868	0.6623213075645173	0.09959721886397997	2.7328276767799706	0.16382487950536068	0.03337130008944144	0.0031990369365549574	0.11837287244865739	1.0160258386109464	0.8497039808410188	0.5357726861741868	0.6623213075645173	0.09959721886397997	2.7328276767799706	0.16382487950536068	0.03337130008944144	5.632629293011428	0.2878680099256659	0.20175299424373463	0.20886380591184736	0.30151518991875226	0.49646026974536184	108.65028027063958	-940.3190722283678	5.944258405427656E-4	1.0126795066853767	4.6067635848957497E-4	3.2570067180423413E-7	0.9445588233305172
3560000	-9641.094977515928	-8679.584450015376	-961.5105275005512	-8505.464725744463	92.88190858857531	1193.2395354867886	0.13445620760274604	0.9454282069583302	0.21634548340157922	1.0973385951374193	0.2785571634720301	0.6710860518283852	5.66572702868415	0.3536782244805064	4.94987575760087	0.08392345165417489	2.6648910930398153	0.9454282069583302	0.21634548340157922	1.0973385951374193	0.2785571634720301	0.6710860518283852	5.66572702868415	0.3536782244805064	4.94987575760087	0.08392345165417489	2.6648910930398153	5.632629293011428	0.3011821097447729	0.21268235750220857	0.20886380591184736	0.27727172684117135	0.4258592989784528	128.39078445065488	-942.2320940405758	5.763088687250331E-4	0.9537423328246984	4.6801757560382945E-4	3.172686012567436E-7	0.9857695551898462
3570000	-9661.738693064128	-8685.956215925045	-975.7824771390823	-8514.258959624354	129.2727255638057	1498.4420327352511	0.060801721505105565	0.1640738093200437	0.3812369190684236	0.2425992551639001	0.1333107959298855	2.2545985021719783	1.6396817185727934	0.025286690128090775	4.928661559498582	0.5669860535824781	0.9850442856728006	0.1640738093200437	0.3812369190684236	0.2425992551639001	0.1333107959298855	2.2545985021719783	1.6396817185727934	0.025286690128090775	4.928661559498582	0.5669860535824781	0.9850442856728006	5.632629293011428	0.29596927466323103	0.21268235750220857	0.22169768707978288	0.2696506807547777	0.47524533495394927	135.3314342371552	-961.6076193861275	4.4602987887424575E-4	0.8874025838716124	3.6954488790238234E-4	1.9987044465884772E-7	1.0180447391940972
3580000	-9642.308104652144	-8702.603289546005	-939.7048151061393	-8531.558915407555	114.80908197744067	1226.0061761964373	0.09097386476745138	0.97148655548363	0.004912127685881673	0.5610746084330956	0.21796732870305843	0.8967597676527401	0.9375254146875067	1.326771818443843	1.9761014291832977	0.4479922679331323	0.663104352582933	0.97148655548363	0.004912127685881673	0.5610746084330956	0.21796732870305843	0.8967597676527401	0.9375254146875067	1.326771818443843	1.9761014291832977	0.4479922679331323	0.663104352582933	5.632629293011428	0.29596927466323103	0.21268235750220857	0.22169768707978288	0.2696506807547777	0.47524533495394927	123.74093296595522	-929.6786661820968	5.203944620154957E-4	0.7676971844441196	4.530886625632214E-4	3.149040175557677E-7	1.062959082241389
3590000	-9648.878120683905	-8682.561452032882	-966.3166686510225	-8513.746466914392	103.35718775345623	1350.0247014271094	0.11509863796071497	0.08423535198910859	0.06502433324499322	0.4718378311980099	1.0318816410977427	0.45526184154630406	0.3399502685925083	0.852928449814171	2.9653408795250815	0.24415770251899793	0.06762657581546239	0.08423535198910859	0.06502433324499322	0.4718378311980099	1.0318816410977427	0.45526184154630406	0.3399502685925083	0.852928449814171	2.9653408795250815	0.24415770251899793	0.06762657581546239	6.493715110328584	0.29596927466323103	0.21268235750220857	0.22169768707978288	0.2696506807547777	0.46203214312002866	137.41155283426346	-957.9559128631888	4.409608717478753E-4	0.7327308787947271	4.1074432721693253E-4	1.8582721848634169E-7	0.9595766788792582
3600000	-9700.89179365459	-8695.364775213726	-1005.5270184408644	-8528.979623679505	114.67712123455752	1569.0981026179372	0.09175802262210102	0.44865847444611323	0.21289357100404946	0.012389422132959245	2.5459017294141506	0.5999470532459359	2.5881449604340663	0.5013895711203341	3.5334072255132782	0.308212069561027	0.9508126267030502	0.44865847444611323	0.21289357100404946	0.012389422132959245	2.5459017294141506	0.5999470532459359	2.5881449604340663	0.5013895711203341	3.5334072255132782	0.308212069561027	0.9508126267030502	6.493715110328584	0.29596927466323103	0.21268235750220857	0.22169768707978288	0.2696506807547777	0.5441355178918914	153.58740189976956	-991.6446161291946	3.9615352574656694E-4	0.7496960780270439	3.5246289172753356E-4	2.0145463828096529E-7	1.0559843945024707
3610000	-9697.407757107683	-8695.514702952023	-1001.8930541556597	-8527.921244236804	121.12090965853781	1566.3169676978785	0.096785298989899	0.06873226846093218	0.02715915761761862	0.18945924100798384	1.3961259955631313	1.0017588509122404	0.5298803252263596	0.802441489475027	3.630126934076693	0.3325435189280956	0.5126314342604644	0.06873226846093218	0.02715915761761862	0.18945924100798384	1.3961259955631313	1.0017588509122404	0.5298803252263596	0.802441489475027	3.630126934076693	0.3325435189280956	0.5126314342604644	6.493715110328584	0.29596927466323103	0.19610148087289914	0.22169768707978288	0.2862315573840872	0.5441355178918914	171.47508137935148	-991.1576561296857	4.116935660805306E-4	0.7239727064154232	3.7041371608873973E-4	1.3424849085671065E-7	0.8228501304206257
3620000	-9679.312851525516	-8683.056043179942	-996.2568083455744	-8512.417490463371	143.92648411607576	1632.946306863104	0.1041972461228525	1.891047191947325	0.14399102748329815	0.48718265655537324	0.5642420393624684	0.6516555387133746	2.227781282647993	0.2576520117939709	3.410987617116778	0.536594962780588	0.19207737766464614	1.891047191947325	0.14399102748329815	0.48718265655537324	0.5642420393624684	0.6516555387133746	2.227781282647993	0.2576520117939709	3.410987617116778	0.536594962780588	0.19207737766464614	6.105923837554852	0.29596927466323103	0.19610148087289914	0.22169768707978288	0.2862315573840872	0.5441355178918914	153.91032275125465	-983.7121386099666	3.977519611099715E-4	0.8022540544145935	3.441828069913382E-4	1.5064567455930887E-7	0.9262067462501477
3630000	-9678.323479705017	-8689.154920220064	-989.1685594849529	-8525.785914164882	127.56715219367956	1531.367090068212	0.11223704785901303	0.3463946006312635	0.12146134029144956	0.03990346080702875	1.0081244830513072	0.6926752809383003	2.166989982516651	0.7435531885656393	2.7104256800896245	0.06734109883381524	0.541883963294842	0.3463946006312635	0.12146134029144956	0.03990346080702875	1.0081244830513072	0.6926752809383003	2.166989982516651	0.7435531885656393	2.7104256800896245	0.06734109883381524	0.541883963294842	6.100658725980474	0.29596927466323103	0.19610148087289914	0.22169768707978288	0.2862315573840872	0.49671042008812866	172.38036728940898	-978.6094682871619	4.11963220546412E-4	0.7779309676827685	3.46697003546013E-4	1.535316060556487E-7	0.9105629700936544
3640000	-9614.134830937097	-8672.45358284923	-941.6812480878673	-8510.740419071724	92.22113375935848	1181.544836061213	0.07297436613195735	0.5297144564116845	0.10778600564874438	0.27289798489998685	0.6393483628427533	1.5671096999767689	1.6867314255467944	0.13166339396214682	4.101409922498563	1.0353627256562346	0.5268459974099432	0.5297144564116845	0.10778600564874438	0.27289798489998685	0.6393483628427533	1.5671096999767689	1.6867314255467944	0.13166339396214682	4.101409922498563	1.0353627256562346	0.5268459974099432	6.276340022251878	0.29596927466323103	0.19610148087289914	0.22169768707978288	0.2862315573840872	0.49671042008812866	110.43014835830823	-928.8681384091443	5.000747208808949E-4	0.7144313256444554	4.5135786200969967E-4	2.1927953198577928E-7	0.870737753572541
3650000	-9627.195462919071	-8675.288282933509	-951.9071799855626	-8510.733293954454	100.48214610108272	1284.6995009904017	0.08492992219381622	0.38166724047104356	0.09970716809208637	0.020916338773681785	0.34095081708284164	0.2574699186773668	2.0582370793727343	0.18713410334415917	3.123796897434349	0.08614453121192667	1.2054870877221107	0.38166724047104356	0.09970716809208637	0.020916338773681785	0.34095081708284164	0.2574699186773668	2.0582370793727343	0.18713410334415917	3.123796897434349	0.08614453121192667	1.2054870877221107	5.513919108665424	0.29596927466323103	0.20275826833321883	0.21504089961946318	0.2862315573840872	0.45349148431280145	123.32302253797629	-942.171017074424	4.812829694275747E-4	0.7541726029521544	4.173281305733127E-4	2.0690952014876283E-7	0.8831034209374246
3660000	-9625.197015686039	-8678.459387288383	-946.7376283976554	-8511.017359094589	107.76644344386568	1340.6724709741259	0.09574856603501959	0.44772938281765495	0.03244931283650572	0.47121632742139324	0.918390170543916	1.2760777223687774	0.5703319636470326	0.0015381926757281133	2.2808417543735358	0.21915274037728086	0.9125697713088748	0.44772938281765495	0.03244931283650572	0.47121632742139324	0.918390170543916	1.2760777223687774	0.5703319636470326	0.0015381926757281133	2.2808417543735358	0.21915274037728086	0.9125697713088748	6.5089414898639	0.29596927466323103	0.20275826833321883	0.21504089961946318	0.2862315573840872	0.45349148431280145	140.99707208423442	-937.2575721450222	5.374726326738897E-4	0.7571143212900324	4.4026754934480027E-4	2.112556591783119E-7	0.834558695543696
3670000	-9646.464526583128	-8688.313245059004	-958.1512815241232	-8513.520951234694	121.49861174611885	1331.6700595329248	0.11447099363410626	0.05223646260891278	0.038704004660256454	3.4370832235800193	1.2688304041971135	2.18652241346652	0.6740782618051808	0.05847473834723935	3.1218433229254967	0.14923219410346353	1.4223089302227234	0.05223646260891278	0.038704004660256454	3.4370832235800193	1.2688304041971135	2.18652241346652	0.6740782618051808	0.05847473834723935	3.1218433229254967	0.14923219410346353	1.4223089302227234	5.855127894920907	0.29596927466323103	0.20275826833321883	0.20460539284778162	0.2966670641557687	0.5017253799251744	151.81362217885373	-943.256157758829	5.00275376575797E-4	0.8856212833058615	4.3451726357811066E-4	1.7026263728078901E-7	0.7949025053544044
3680000	-9603.690423343818	-8683.34962801122	-920.3407953325985	-8513.739584218498	100.86558975608358	1105.1901756345196	0.07148109742450422	0.20604382766943322	0.30734844153685825	0.315301326823216	0.0632475436418556	0.5758597861876669	0.7956202216299041	0.09438733271183991	1.5471775044611917	0.41616515725374076	0.15300045367490805	0.20604382766943322	0.30734844153685825	0.315301326823216	0.0632475436418556	0.5758597861876669	0.7956202216299041	0.09438733271183991	1.5471775044611917	0.41616515725374076	0.15300045367490805	5.855127894920907	0.29596927466323103	0.20275826833321883	0.20460539284778162	0.2966670641557687	0.5017253799251744	116.009822041903	-912.6723386734786	6.505103901468733E-4	0.9173831887753863	5.214720429936154E-4	3.0535526527459506E-7	0.8515027729440128
3690000	-9619.862616084452	-8674.946622991076	-944.9159930933764	-8506.730669514895	124.35378021236255	1321.6598463657658	0.06118364352691438	0.450056782499151	0.2372967813475938	1.5409841380822984	0.6881051009675858	1.2277599059211175	2.09298856917553	0.5437020002725429	3.353891996117163	0.508832561371891	1.0449114987656365	0.450056782499151	0.2372967813475938	1.5409841380822984	0.6881051009675858	1.2277599059211175	2.09298856917553	0.5437020002725429	3.353891996117163	0.508832561371891	1.0449114987656365	5.764373952029456	0.29596927466323103	0.20275826833321883	0.20460539284778162	0.2966670641557687	0.5017253799251744	105.45757991504804	-929.884127839296	6.242856357985889E-4	0.9522438444306477	4.33910505457587E-4	5.354641042800187E-7	1.2078847618636046
3700000	-9602.82101948123	-8689.697648704425	-913.1233707768051	-8520.65936892418	104.72860765028729	1147.0721090346249	0.13146189935112906	1.0085454166858825	0.03746818323213287	0.12144227550972186	0.9986648153617289	0.4095666650722773	4.753642361156983	0.15271253720966826	3.4251220050937077	0.23159827289358043	0.682881667795993	1.0085454166858825	0.03746818323213287	0.12144227550972186	0.9986648153617289	0.4095666650722773	4.753642361156983	0.15271253720966826	3.4251220050937077	0.23159827289358043	0.682881667795993	6.576601762250302	0.29596927466323103	0.20275826833321883	0.20460539284778162	0.2966670641557687	0.5017253799251744	95.43868857703823	-899.2560155904816	6.140399881651928E-4	0.8022074037485375	4.6415423910737397E-4	3.390326277709553E-7	0.9488200598826652
3710000	-9596.387951995996	-8692.707301199604	-903.6806507963922	-8525.172704568513	93.04952969204918	1040.4117120585727	0.12759934906843884	0.5789270723910326	0.14329955652277912	0.2599211939207696	0.6661701959482457	0.6871348342430164	1.8066074025494863	0.051384427004935285	2.346263880886551	0.14550285063719176	0.0732344903704044	0.5789270723910326	0.14329955652277912	0.2599211939207696	0.6661701959482457	0.6871348342430164	1.8066074025494863	0.051384427004935285	2.346263880886551	0.14550285063719176	0.0732344903704044	7.245583467767368	0.29596927466323103	0.20275826833321883	0.21742866531077484	0.2838437916927755	0.5017253799251744	105.74437124430236	-894.4990019990316	6.643089899019817E-4	0.8135034396564029	5.731012355627974E-4	4.482667998514952E-7	0.9580163959887059
3720000	-9610.258119494034	-8689.52271787899	-920.7354016150447	-8516.322158148572	113.74780547628093	1142.7684705194597	0.1088902695135309	0.17400993487320385	0.1774613272741973	0.6048124926427664	0.37929254159883335	0.43249240341375694	2.067662667697647	0.003064757917451861	5.079397740459189	0.5609214618489599	0.661836634494371	0.17400993487320385	0.1774613272741973	0.6048124926427664	0.37929254159883335	0.43249240341375694	2.067662667697647	0.003064757917451861	5.079397740459189	0.5609214618489599	0.661836634494371	6.707817259837426	0.29596927466323103	0.20275826833321883	0.21742866531077484	0.2838437916927755	0.5017253799251744	98.8929749352642	-908.4511641533682	5.944478136258654E-4	0.7817104727020836	4.918408920521173E-4	2.845302340466747E-7	0.8941183956565003
3730000	-9650.260293851738	-8679.558759381733	-970.7015344700042	-8504.457695461133	136.86545918421294	1418.5652693726304	0.062447475377974085	0.13947057067628726	0.19489562428158871	2.4625875373682398	0.19698257717503453	0.628402696280871	2.154497930204648	0.3332787759711589	2.9442472865502496	0.9069794477949803	1.5256543833927412	0.13947057067628726	0.19489562428158871	2.4625875373682398	0.19698257717503453	0.628402696280871	2.154497930204648	0.3332787759711589	2.9442472865502496	0.9069794477949803	1.5256543833927412	6.707817259837426	0.29596927466323103	0.20275826833321883	0.21742866531077484	0.2838437916927755	0.5017253799251744	136.54755074952772	-955.9736598377643	4.539638734146941E-4	0.9061895386136946	3.884579070416266E-4	1.78614063727189E-7	0.8921872790931458
3740000	-9670.391597343247	-8672.849305885959	-997.5422914572887	-8502.761814024037	153.03452473601942	1599.5276048418393	0.11158568876042178	0.2378937859089303	0.029063854210138462	0.3004446292398878	0.788030301568323	0.02731603663568039	4.693321499437648	0.33448618572092165	4.630944567757009	0.1672235783054386	0.36013578989509765	0.2378937859089303	0.029063854210138462	0.3004446292398878	0.788030301568323	0.02731603663568039	4.693321499437648	0.33448618572092165	4.630944567757009	0.1672235783054386	0.36013578989509765	5.6283218349290856	0.29596927466323103	0.21425689459831318	0.21742866531077484	0.27234516542768117	0.5325238248704871	179.62166888087268	-983.2652566493848	4.212658303251307E-4	0.9888148530258474	3.5617002510732545E-4	2.53133720531148E-7	1.12268711622763
3750000	-9651.084784705605	-8664.819401123843	-986.2653835817625	-8499.39894146294	130.90181533331713	1418.4179448290968	0.06467988290296446	0.23320792705862833	0.2645165096085527	1.594294675284097	1.9903767006845359	1.5085809630945117	1.0243260668266383	0.42499977836319114	5.065793089985032	0.5638655406850583	0.5239452294075155	0.23320792705862833	0.2645165096085527	1.594294675284097	1.9903767006845359	1.5085809630945117	1.0243260668266383	0.42499977836319114	5.065793089985032	0.5638655406850583	0.5239452294075155	7.257397750014649	0.29596927466323103	0.21425689459831318	0.21742866531077484	0.27234516542768117	0.5325238248704871	165.20613888942293	-969.1729567924237	4.7727506069533167E-4	1.018964469563378	3.9433457533467496E-4	3.3888895359184945E-7	1.2083923437136634
3760000	-9672.006063351168	-8695.323988131036	-976.6820752201306	-8538.974917703417	125.02618619922356	1323.481451915155	0.05463854496477998	0.3977257785149575	0.2424882600603822	0.2668603423371763	0.37642693116462506	1.1253829028515956	1.2719923513017783	0.1471083133685333	3.968316910493541	0.007249973619305298	0.9133784177238542	0.3977257785149575	0.2424882600603822	0.2668603423371763	0.37642693116462506	1.1253829028515956	1.2719923513017783	0.1471083133685333	3.968316910493541	0.007249973619305298	0.9133784177238542	5.729132807030549	0.29596927466323103	0.21425689459831318	0.21742866531077484	0.27234516542768117	0.5325238248704871	120.51478458198022	-964.4044197457677	5.229639344899237E-4	1.019057685236101	4.3241335071062686E-4	4.0861460988227205E-7	1.3037866664718085
3770000	-9676.34409631653	-8673.642308759321	-1002.7017875572092	-8513.986836697572	166.8621739582904	1675.6830503465364	0.05560644062022113	0.6616871192212375	0.12378122849155002	1.0105920476289034	0.9299676406686604	0.9074545664044293	1.1018586143198523	0.05438086143012228	5.028011402284936	0.6809402030393656	1.7039580973164739	0.6616871192212375	0.12378122849155002	1.0105920476289034	0.9299676406686604	0.9074545664044293	1.1018586143198523	0.05438086143012228	5.028011402284936	0.6809402030393656	1.7039580973164739	4.994113354424493	0.29197727393289163	0.21425689459831318	0.20810669178705282	0.28565913968174256	0.5325238248704871	177.67825157758108	-987.3900848225957	3.973888992450369E-4	0.8999274123734683	3.0736368881240973E-4	2.228601101800888E-7	1.220588385927645
3780000	-9673.315737100174	-8684.525411713239	-988.7903253869348	-8522.68842315639	142.38982700140173	1523.0922112392295	0.06212589649182971	0.05544140675700568	0.9758442495901674	1.1346437161968717	0.8497339881476035	1.1807627426992777	2.365094034325383	0.4639452098474952	2.3726068088445738	0.5172989648754123	0.7756418950613763	0.05544140675700568	0.9758442495901674	1.1346437161968717	0.8497339881476035	1.1807627426992777	2.365094034325383	0.4639452098474952	2.3726068088445738	0.5172989648754123	0.7756418950613763	5.9933723446535	0.29197727393289163	0.21425689459831318	0.20810669178705282	0.28565913968174256	0.37166293934859596	154.46388142325677	-975.0156215574638	4.033898787476497E-4	0.9511033167988935	3.1730496760651983E-4	3.132520642582445E-7	1.3158673556528775
3790000	-9669.560256813387	-8662.112949733735	-1007.4473070796512	-8498.247142136486	128.08453630920633	1555.0204038666554	0.06308325556909734	0.2932643151057709	0.07570934255550078	0.5836341513903952	0.018012513941809992	0.794834237973059	1.2861758823031564	0.6003017013967652	2.8870093205219725	0.22495492515070448	2.134823534769888	0.2932643151057709	0.07570934255550078	0.5836341513903952	0.018012513941809992	0.794834237973059	1.2861758823031564	0.6003017013967652	2.8870093205219725	0.22495492515070448	2.134823534769888	5.9933723446535	0.29197727393289163	0.21425689459831318	0.20810669178705282	0.28565913968174256	0.4889465911578485	170.18871097129747	-995.7204517959298	3.810841452895251E-4	0.8238191704791106	3.410800639888461E-4	1.1334119608039008E-7	0.8797142624200325
3800000	-9648.977183961159	-8705.466787306052	-943.5103966551072	-8530.546012038914	135.91667800274314	1228.2054881625108	0.11001911480579171	0.8173110396709714	0.18545567696043902	0.02935521510841824	1.3184890392507214	0.11776821342713391	1.0031640356446037	0.5681177029928562	3.5414368949427963	0.8442673486585569	2.3412301411289405	0.8173110396709714	0.18545567696043902	0.02935521510841824	1.3184890392507214	0.11776821342713391	1.0031640356446037	0.5681177029928562	3.5414368949427963	0.8442673486585569	2.3412301411289405	5.9933723446535	0.30254160703548433	0.2036925614957205	0.20810669178705282	0.28565913968174256	0.4889465911578485	130.05761640441347	-930.5305074241797	5.060399130869719E-4	0.8295917700391229	4.4352162102893693E-4	2.3501153056904894E-7	0.9441653530967071
3810000	-9650.368319179233	-8705.493937241077	-944.8743819381565	-8530.245749245796	113.57388197198662	1211.6565056089448	0.09648243782885048	0.4855446151982146	0.2601365133386784	2.0547318758637823	0.17352633742814874	0.12451351868787017	1.5935975129163	0.8506521789775369	2.2343192126535034	0.14043412534276142	0.1255988534347134	0.4855446151982146	0.2601365133386784	2.0547318758637823	0.17352633742814874	0.12451351868787017	1.5935975129163	0.8506521789775369	2.2343192126535034	0.14043412534276142	0.1255988534347134	5.551271611892464	0.30254160703548433	0.2036925614957205	0.20810669178705282	0.28565913968174256	0.39490054884058196	127.38694662690753	-935.229011367574	4.903169125577866E-4	0.6774153474066802	4.345463750206941E-4	1.5107685369047256E-7	0.7758953660285652
3820000	-9652.73270956511	-8720.79781977802	-931.9348897870916	-8554.92871426665	89.28538759798712	1102.9718913859983	0.11018531838434537	0.02539241351978278	0.12409398821603505	0.5868758031658192	0.6488825023975267	0.23815216517564253	0.5645796066019314	0.13476185288944165	4.7117887709711725	0.011145791203855601	0.06188974710022608	0.02539241351978278	0.12409398821603505	0.5868758031658192	0.6488825023975267	0.23815216517564253	0.5645796066019314	0.13476185288944165	4.7117887709711725	0.011145791203855601	0.06188974710022608	6.413302091282146	0.2921559256332882	0.21407824289791666	0.20810669178705282	0.28565913968174256	0.5597215889879443	121.91571019935269	-923.2466689761941	5.355710949682223E-4	0.5968851198934183	5.102745032219555E-4	1.6173003372722198E-7	0.7134886029228797
3830000	-9650.179669647332	-8704.931677124148	-945.2479925231843	-8534.43159842987	87.77295984256979	1129.4841701465195	0.11505315210588472	0.34245430548473726	0.06698079543065198	0.44978748643560246	3.500548587105433	0.6490093527261941	2.685957624312015	0.45414564133805485	2.8497721292156544	1.15606462597188	0.1522802933169958	0.34245430548473726	0.06698079543065198	0.44978748643560246	3.500548587105433	0.6490093527261941	2.685957624312015	0.45414564133805485	2.8497721292156544	1.15606462597188	0.1522802933169958	6.413302091282146	0.2921559256332882	0.20304069477019157	0.20810669178705282	0.2966966878094676	0.5355278820035888	112.62923886648909	-931.0466674377946	5.358030786044344E-4	0.7223520588231848	4.956119776060951E-4	1.9961433598749833E-7	0.8536053869388903
3840000	-9670.01882187133	-8697.920688732982	-972.0981331383487	-8524.000886348054	89.23348963230222	1292.2466236453083	0.11589294830990872	1.7262349649299709	0.0316787461989734	0.026094723787351753	0.4479902068955795	0.4214297225680177	1.1189297419979831	0.5732152436594378	3.2200076651497858	0.5496504322936215	1.3819224486418478	1.7262349649299709	0.0316787461989734	0.026094723787351753	0.4479902068955795	0.4214297225680177	1.1189297419979831	0.5732152436594378	3.2200076651497858	0.5496504322936215	1.3819224486418478	6.413302091282146	0.2921559256332882	0.20304069477019157	0.20810669178705282	0.2966966878094676	0.48879874318893946	159.50110331560631	-960.5452422262035	4.6102265138699274E-4	0.7322101022371154	4.3409430339148944E-4	1.1549845439283036E-7	0.7350509914788445
3850000	-9643.018166434324	-8690.001565057695	-953.0166013766292	-8521.697174288076	105.98694398122834	1226.3747951996947	0.11608551113600121	0.38539585103684476	0.1678953789921515	0.08353547579118203	0.38902728551033655	1.9830275994075837	0.011933485617091075	0.72430794860281	4.654088369739333	0.20691547188743709	0.2206610019908831	0.38539585103684476	0.1678953789921515	0.08353547579118203	0.38902728551033655	1.9830275994075837	0.011933485617091075	0.72430794860281	4.654088369739333	0.20691547188743709	0.2206610019908831	7.526695801916751	0.2921559256332882	0.20304069477019157	0.20810669178705282	0.2966966878094676	0.48879874318893946	112.62097389864351	-941.8992845635606	5.843309137452078E-4	0.7503401748887286	4.8518883446677883E-4	1.8383630192283807E-7	0.7465419918083813
3860000	-9642.030409605813	-8706.712244873806	-935.3181647320077	-8543.215155109869	95.88414852864096	1125.6998577438535	0.08751751023361892	0.5136888796736763	0.6719892936543591	1.068585739482188	0.6609336281714063	1.0786765841725325	0.6920609036023926	0.8385441434748984	3.8666553005094153	0.4444586927373751	1.1115619374983887	0.5136888796736763	0.6719892936543591	1.068585739482188	0.6609336281714063	1.0786765841725325	0.6920609036023926	0.8385441434748984	3.8666553005094153	0.4444586927373751	1.1115619374983887	6.314997752741484	0.2921559256332882	0.20304069477019157	0.20810669178705282	0.2966966878094676	0.48879874318893946	129.1678558016398	-921.4180046501208	6.579657716162871E-4	0.8556526760692431	5.311047268531975E-4	3.213356820677823E-7	0.8746504637873546
3870000	-9623.936630279422	-8699.863930686359	-924.0726995930627	-8528.450175391139	99.77843902080153	1118.4543824431423	0.12220581083874285	0.06761748385153969	0.11216772947281334	0.9424588572331479	0.8288382094783462	0.3633289274438816	0.4907892731461539	1.6768360128203856	1.4033326724900257	0.41702010411545853	0.42847131512184133	0.06761748385153969	0.11216772947281334	0.9424588572331479	0.8288382094783462	0.3633289274438816	0.4907892731461539	1.6768360128203856	1.4033326724900257	0.41702010411545853	0.42847131512184133	6.314997752741484	0.2921559256332882	0.20304069477019157	0.20810669178705282	0.2966966878094676	0.48879874318893946	124.93910393243586	-914.801925967588	6.012708939341469E-4	0.8889018213931823	5.189119608810185E-4	3.967154154367466E-7	0.9752788071167912
3880000	-9618.61584096552	-8668.80664900402	-949.8091919614993	-8504.467414155319	120.29892742961269	1259.2795712704794	0.06954373393436118	1.4093584690598095	0.7049272844140749	1.3728767217876456	0.02105335971828401	0.3260486343411871	1.9817878990978992	0.3041120053651006	4.380984558855992	0.4386495922211118	0.32866227250177754	1.4093584690598095	0.7049272844140749	1.3728767217876456	0.02105335971828401	0.3260486343411871	1.9817878990978992	0.3041120053651006	4.380984558855992	0.4386495922211118	0.32866227250177754	6.314997752741484	0.28384322667034967	0.20304069477019157	0.20810669178705282	0.30500938677240613	0.48879874318893946	121.24594216979013	-935.4361334973977	5.629332478747873E-4	0.8940903150510249	4.442591836771248E-4	3.100392757012184E-7	1.013733042654485
3890000	-9665.677600142168	-8682.09257888791	-983.585021254257	-8515.446728715173	108.19434108280255	1419.332825042611	0.07739806904067888	0.9426472115387479	0.6250509749492905	0.5637649205195833	0.33091094179593106	0.8408001721735152	0.7487180843656549	0.06121402383856129	5.142309937089237	0.062330265448386185	0.5558176867872834	0.9426472115387479	0.6250509749492905	0.5637649205195833	0.33091094179593106	0.8408001721735152	0.7487180843656549	0.06121402383856129	5.142309937089237	0.062330265448386185	0.5558176867872834	6.314997752741484	0.28384322667034967	0.20304069477019157	0.20810669178705282	0.30500938677240613	0.48879874318893946	173.69851193690897	-971.0567948383257	4.5838653455015503E-4	0.7556871423414597	3.789154198008332E-4	1.7945752491944326E-7	0.9549890401843082
3900000	-9686.142677359325	-8649.175985881177	-1036.9666914781478	-8491.33271866909	172.78150352789683	1926.654004380961	0.07911529112914745	0.27908873179837895	0.5299623188543795	0.45254569322950683	1.3797055143287094	0.4110909186099362	2.290103474309404	0.003238384889998387	6.9733200876329935	0.4400027876302005	0.6049576197431005	0.27908873179837895	0.5299623188543795	0.45254569322950683	1.3797055143287094	0.4110909186099362	2.290103474309404	0.003238384889998387	6.9733200876329935	0.4400027876302005	0.6049576197431005	6.775723053500005	0.29007684917943455	0.20304069477019157	0.20810669178705282	0.29877576426332125	0.48879874318893946	199.91630397271524	-1020.3486993516264	3.8263952731155764E-4	0.9282360085737421	2.811566149666267E-4	1.1700835026664414E-7	0.9807159596580836
3910000	-9673.612298196276	-8694.333322184106	-979.2789760121696	-8533.566732587868	119.67991234019922	1421.591071345988	0.1012553448824612	0.10452310068945882	0.05227527422419351	0.2345471841736781	0.1694540201755562	0.4705667456101239	0.5436207622253029	0.26555877597641236	3.2260778065585924	0.014127689146180698	0.6306802412883938	0.10452310068945882	0.05227527422419351	0.2345471841736781	0.1694540201755562	0.4705667456101239	0.5436207622253029	0.26555877597641236	3.2260778065585924	0.014127689146180698	0.6306802412883938	6.775723053500005	0.29007684917943455	0.20304069477019157	0.20810669178705282	0.29877576426332125	0.48879874318893946	143.38456472035605	-971.3411592154489	4.5078934210576206E-4	0.7537388168028128	3.794147581153183E-4	1.7261811674081948E-7	0.9446524337571818
3920000	-9665.404808472897	-8671.954343297526	-993.4504651753713	-8506.46695242581	112.3936022115335	1483.6931727879387	0.1019904419967217	0.19568102702567575	0.2490853325192554	1.5931402597065343	0.2255544602618389	0.7416407389157879	2.127495403264045	0.223892500244923	5.783760166662201	0.08546357581008575	0.5842742209419709	0.19568102702567575	0.2490853325192554	1.5931402597065343	0.2255544602618389	0.7416407389157879	2.127495403264045	0.223892500244923	5.783760166662201	0.08546357581008575	0.5842742209419709	6.775723053500005	0.29007684917943455	0.20304069477019157	0.20810669178705282	0.29877576426332125	0.5842383331357731	153.25151623909252	-979.0019295723858	4.166429710592592E-4	0.8582769311870432	3.5665463615701533E-4	2.0371817945892556E-7	1.0886937966044206
3930000	-9656.090717098556	-8665.323995506245	-990.7667215923107	-8503.090427650972	118.20811696057889	1550.9666068017611	0.08740960859735553	0.5819768308661107	0.18463707773978888	0.3447473114064189	1.6295987392314122	0.777266592764547	0.7843235352265794	0.40097137676279293	4.186000451400369	0.017903095379689763	1.460801444187136	0.5819768308661107	0.18463707773978888	0.3447473114064189	1.6295987392314122	0.777266592764547	0.7843235352265794	0.40097137676279293	4.186000451400369	0.017903095379689763	1.460801444187136	5.632898238258696	0.29007684917943455	0.20304069477019157	0.22392211825994818	0.2829603377904259	0.44400203897062834	155.08022499235963	-978.2313422736239	4.7077898792969826E-4	0.7636137727269474	3.8613849280126053E-4	2.2566675823980784E-7	1.0224534592913075
3940000	-9690.13653446192	-8695.626689378558	-994.5098450833622	-8528.809718284836	132.1153982248613	1572.7910065382082	0.08158382258278685	0.04744588582950281	0.29799549595464664	0.9143234085184615	1.3256398480003746	4.436656331295357	0.15555831172000034	0.7793706136771819	5.325130673859819	0.41451255924525965	0.49154651501207275	0.04744588582950281	0.29799549595464664	0.9143234085184615	1.3256398480003746	4.436656331295357	0.15555831172000034	0.7793706136771819	5.325130673859819	0.41451255924525965	0.49154651501207275	6.811841493112807	0.29007684917943455	0.2176692420661409	0.22392211825994818	0.26833179049447653	0.39362942774935733	134.5799360423462	-978.2451631214792	3.997193748959895E-4	0.7429336912643904	3.21445929870381E-4	1.688264540979984E-7	1.0968940452278266
3950000	-9697.192711968417	-8695.110673727642	-1002.0820382407748	-8529.821785529695	139.5843993526882	1676.7880046800917	0.05770270276412172	0.10454934087429163	0.32956398117599306	0.029383704107397157	0.12453382405138978	0.7908581058398141	1.9707942675572563	2.258960876244114	4.077078418036285	0.4134985617451416	0.039092367036117855	0.10454934087429163	0.32956398117599306	0.029383704107397157	0.12453382405138978	0.7908581058398141	1.9707942675572563	2.258960876244114	4.077078418036285	0.4134985617451416	0.039092367036117855	6.223478662678376	0.29007684917943455	0.2176692420661409	0.22392211825994818	0.26833179049447653	0.5022295773460671	186.96636134767556	-989.1345639915877	4.347916370960485E-4	0.709030850161196	3.4420283541262725E-4	1.3648435207380656E-7	0.8539973643313269
3960000	-9660.04924031589	-8687.431129837925	-972.6181104779652	-8519.653098395833	144.75629885675485	1426.2867102054415	0.07215625381234332	0.19709977840153342	0.021971746374450127	2.1240766452254554	0.8895406835110508	0.8136035381339991	0.5868967354656635	0.5059592559540157	9.726509534992658	0.30243033656226825	0.645677631108027	0.19709977840153342	0.021971746374450127	2.1240766452254554	0.8895406835110508	0.8136035381339991	0.5868967354656635	0.5059592559540157	9.726509534992658	0.30243033656226825	0.645677631108027	6.223478662678376	0.29610057609999635	0.2176692420661409	0.21789839133938638	0.26833179049447653	0.46122912134932675	139.8187435036509	-953.8147312978041	5.29235450956766E-4	0.8953986180139332	3.9762317625744554E-4	2.8512626760429085E-7	1.060696653911855
3970000	-9655.44426851187	-8690.39478152165	-965.0494869902196	-8529.966496840045	105.09277940224572	1339.2139219098085	0.0753815244545584	0.2282032520167978	0.016967977843180576	0.6861920111730615	0.31215348352795924	0.39852177912313674	2.123558787888591	0.5349999696937668	3.349429359688024	0.2756649494448276	0.4549803558812577	0.2282032520167978	0.016967977843180576	0.6861920111730615	0.31215348352795924	0.39852177912313674	2.123558787888591	0.5349999696937668	3.349429359688024	0.2756649494448276	0.4549803558812577	6.223478662678376	0.29610057609999635	0.20375000173580327	0.21789839133938638	0.2822510308248142	0.46122912134932675	135.99254342486583	-954.7742921527605	4.6797603941634106E-4	0.6106198672618255	4.115842168619056E-4	1.0333284922648237E-7	0.6802335942040466
3980000	-9645.072052394296	-8712.004321153361	-933.0677312409351	-8544.995844877441	92.1454776724595	1126.7824114216137	0.10267052183532663	0.31934861303965273	0.003076573686036391	0.1512115983072918	1.2532502917824315	0.3352433243052398	0.6307478103071174	0.08565247106684011	1.6734931050006312	0.10132416680430496	0.15914307836883373	0.31934861303965273	0.003076573686036391	0.1512115983072918	1.2532502917824315	0.3352433243052398	0.6307478103071174	0.08565247106684011	1.6734931050006312	0.10132416680430496	0.15914307836883373	7.487145340725316	0.29610057609999635	0.2142830877165629	0.20736530535862674	0.2822510308248142	0.46122912134932675	115.78196904990926	-925.9963671253298	5.362275664915281E-4	0.7791285730455193	4.6608436218110706E-4	1.8648298106635736E-7	0.8423522549940538
3990000	-9686.03270163479	-8686.187875039308	-999.8448265954804	-8522.553074249221	108.41905147596154	1524.8490566585917	0.07094383363204665	1.369036502585827	0.046976370323529706	0.3460067271762002	1.6423794712190571	1.6060559036484243	0.13416549475486925	0.2409962568395573	5.10950080708613	0.5741856191887746	0.06158366629615674	1.369036502585827	0.046976370323529706	0.3460067271762002	1.6423794712190571	1.6060559036484243	0.13416549475486925	0.2409962568395573	5.10950080708613	0.5741856191887746	0.06158366629615674	5.8697745833772	0.29610057609999635	0.2142830877165629	0.20736530535862674	0.2822510308248142	0.46122912134932675	146.77037958231372	-986.4524786216489	3.8515713065707187E-4	0.7576470869340035	3.579130095122575E-4	1.215970461622554E-7	0.8768093656101166
4000000	-9669.621982409442	-8693.649515124034	-975.9724672854086	-8529.95601930307	134.99219011916287	1505.5065025546564	0.10699691374909025	0.1880922478668072	0.038007923816386846	0.08784866401542309	1.7804582825931814	0.6847930508713358	1.9948841960029455	0.1369839045449517	2.7367523122509874	0.12560167671862857	0.2934539461600726	0.1880922478668072	0.038007923816386846	0.08784866401542309	1.7804582825931814	0.6847930508713358	1.9948841960029455	0.1369839045449517	2.7367523122509874	0.12560167671862857	0.2934539461600726	5.8808404334546145	0.29610057609999635	0.2142830877165629	0.20736530535862674	0.2822510308248142	0.46122912134932675	150.28391792389448	-965.8439509638	4.0918362381796514E-4	0.8248109135613665	3.5807450215975665E-4	1.5642857750527252E-7	0.9284198016000685
4010000	-9719.23425160426	-8711.446496199915	-1007.7877554043456	-8535.207487200536	152.13483529139893	1663.6669805476267	0.08579927233929076	0.2602050718683813	0.03989692418657334	0.19365779184746518	0.4369028448334652	0.6013642340311344	2.5647704877669106	0.16648538673050675	3.2306607167201484	0.10325223844344417	0.6636192733303283	0.2602050718683813	0.03989692418657334	0.19365779184746518	0.4369028448334652	0.6013642340311344	2.5647704877669106	0.16648538673050675	3.2306607167201484	0.10325223844344417	0.6636192733303283	6.015746827075897	0.29610057609999635	0.2142830877165629	0.20736530535862674	0.2822510308248142	0.46122912134932675	180.7130153564981	-997.5983079531896	3.472162254711649E-4	0.6796738078473891	3.3304654125850355E-4	1.1210348291939944E-7	0.919747917884183
4020000	-9667.029907993478	-8669.852121410264	-997.1777865832129	-8498.84332903297	145.50752381961843	1716.9921920123334	0.10676341296964956	0.19266681356166918	0.02861390816054525	0.7111736545291873	0.4726471662257772	0.4953168305801503	1.5336489036182737	0.2854031207712045	1.8057791539265173	0.09560782722560728	0.3415008294959094	0.19266681356166918	0.02861390816054525	0.7111736545291873	0.4726471662257772	0.4953168305801503	1.5336489036182737	0.2854031207712045	1.8057791539265173	0.09560782722560728	0.3415008294959094	7.052259757275818	0.29610057609999635	0.2142830877165629	0.20736530535862674	0.2822510308248142	0.46122912134932675	166.58379480718912	-989.3667139064731	3.3690657302050137E-4	0.6872411946113169	3.186160825694337E-4	1.0617337049702272E-7	0.895373036386809
4030000	-9719.20350266428	-8697.614655435404	-1021.5888472288772	-8530.698395205793	132.5756320749429	1700.720298427044	0.07542001095915646	0.08733323722695047	0.3547966799860635	0.7813003645121263	1.0636335076572665	0.4398321977634344	1.0364320377078398	0.0505952588475373	5.948501869676814	0.22720335431103655	0.42404690829110675	0.08733323722695047	0.3547966799860635	0.7813003645121263	1.0636335076572665	0.4398321977634344	1.0364320377078398	0.0505952588475373	5.948501869676814	0.22720335431103655	0.42404690829110675	6.363010315689029	0.29610057609999635	0.2142830877165629	0.20736530535862674	0.2822510308248142	0.5951105856698002	186.9864072109879	-1008.3878438136767	3.602875475836115E-4	0.8079928804136446	3.2302819650560497E-4	1.2252166775746557E-7	0.898100635768607
4040000	-9677.785821343805	-8679.771926892507	-998.013894451299	-8512.338032663465	115.00011675104541	1550.2071962402952	0.05295069323253403	0.07780820841467984	0.8955536319150763	0.6934584340726793	0.7292756369477021	1.1771082845406164	1.056445186094747	0.9312427270281862	5.805399284835808	0.968099385511601	0.29167119493355353	0.07780820841467984	0.8955536319150763	0.6934584340726793	0.7292756369477021	1.1771082845406164	1.056445186094747	0.9312427270281862	5.805399284835808	0.968099385511601	0.29167119493355353	6.363010315689029	0.29610057609999635	0.2142830877165629	0.20736530535862674	0.2822510308248142	0.39459252603544304	167.08493256993142	-982.3654662790747	3.659090864004404E-4	0.8199921162927508	3.6034036048917937E-4	1.4376052404339642E-7	0.9346034849933439
4050000	-9684.854958393282	-8665.395491945395	-1019.459466447887	-8499.44603524758	115.67919504467412	1672.0581969227878	0.0804641757505899	0.389217130426267	0.14396314505649904	0.8316483033393326	1.2290560588102584	0.1686128147046972	1.6499491289776202	0.3998161865686548	6.429785323210117	0.20605576752119223	0.939631831355983	0.389217130426267	0.14396314505649904	0.8316483033393326	1.2290560588102584	0.1686128147046972	1.6499491289776202	0.3998161865686548	6.429785323210117	0.20605576752119223	0.939631831355983	6.363010315689029	0.29610057609999635	0.2142830877165629	0.20736530535862674	0.2822510308248142	0.39459252603544304	172.89973093337503	-1004.7830214871274	3.584338780296788E-4	0.7663626210602988	3.383831593425624E-4	1.3385046541725848E-7	0.968129959721253
4060000	-9667.787294797321	-8691.00826080975	-976.7790339875716	-8523.55379604737	110.0712281656603	1411.5388173236831	0.1319627699335307	0.3234313930629058	0.21427971410855268	0.3510438527385527	1.1975030366976909	1.138127627120434	2.5618681188942665	0.5930410368918398	6.1538550398149	0.07197385853840346	1.8402577426290914	0.3234313930629058	0.21427971410855268	0.3510438527385527	1.1975030366976909	1.138127627120434	2.5618681188942665	0.5930410368918398	6.1538550398149	0.07197385853840346	1.8402577426290914	6.363010315689029	0.29610057609999635	0.20119750677446982	0.22045088630071982	0.2822510308248142	0.43807915233564115	146.31198346441084	-960.713134353591	4.3735112644611486E-4	0.710490008569219	4.0868805794459654E-4	2.1793900457625302E-7	0.9711774698343932
4070000	-9663.617362792877	-8685.133825061417	-978.4835377314591	-8516.792101821	117.14162558593496	1451.5918898443138	0.07500375259506062	0.5636625328047804	0.02423461752718507	0.6654678336979114	0.9706849066376574	0.6510424899927807	0.6692156705296463	0.19913041104243076	3.1390546760107436	0.48724607743352966	0.7875047388416672	0.5636625328047804	0.02423461752718507	0.6654678336979114	0.9706849066376574	0.6510424899927807	0.6692156705296463	0.19913041104243076	3.1390546760107436	0.48724607743352966	0.7875047388416672	6.363010315689029	0.2922178091487722	0.21842977161765925	0.21931359955234736	0.27003881968122134	0.3908309721165486	139.3152926631805	-967.804511823479	4.4787573882253687E-4	0.8354914069577575	3.7341064435630883E-4	1.9301862157661968E-7	0.999190878422453
4080000	-9704.737976374954	-8693.929577234543	-1010.808399140411	-8519.8247761714	149.54428793754923	1817.524219223655	0.11119781106257037	0.031170751789184423	0.15877629092148735	1.3099935304875157	2.7997462126057293	0.6687965215730353	0.04540849106314674	1.2569190811306163	1.9360667274573635	0.35702394996655257	0.3420206931330484	0.031170751789184423	0.15877629092148735	1.3099935304875157	2.7997462126057293	0.6687965215730353	0.04540849106314674	1.2569190811306163	1.9360667274573635	0.35702394996655257	0.3420206931330484	6.525047060800973	0.2922178091487722	0.21842977161765925	0.21931359955234736	0.27003881968122134	0.46983305726374175	166.46468792722945	-999.6029529616328	3.7495677211377577E-4	0.8681457867722647	3.308223532686066E-4	1.2946190494903527E-7	0.9276633684705912
4090000	-9708.239386509296	-8692.927319245604	-1015.3120672636921	-8527.124117995836	154.15973353086034	1847.327186616295	0.061285482584951693	0.17681335546392604	0.02990095751974739	0.6579309851875947	0.18866377798313685	0.6874680026167729	0.44243928504258884	0.573856904884545	1.2828829139411226	0.015523093175172547	1.4172595151062255	0.17681335546392604	0.02990095751974739	0.6579309851875947	0.18866377798313685	0.6874680026167729	0.44243928504258884	0.573856904884545	1.2828829139411226	0.015523093175172547	1.4172595151062255	6.525047060800973	0.30895632710897847	0.21842977161765925	0.20257508159214113	0.27003881968122134	0.46983305726374175	183.5397204892065	-1006.7173268251457	3.483126450331649E-4	0.8599930116126818	2.9171786468229347E-4	1.1152253316902946E-7	0.952841890401154
4100000	-9752.091055546958	-8675.43823361262	-1076.6528219343388	-8510.421624103794	184.44330773616133	2386.6111648367983	0.04473595202118961	0.8597037177385422	0.04941445229133837	0.7454154211785676	1.3787585037095955	0.5849808120869364	0.08126947287886081	0.35384184964675675	3.5279944568714443	0.8769474818539101	0.652773201553573	0.8597037177385422	0.04941445229133837	0.7454154211785676	1.3787585037095955	0.5849808120869364	0.08126947287886081	0.35384184964675675	3.5279944568714443	0.8769474818539101	0.652773201553573	6.8963991237308475	0.30895632710897847	0.21842977161765925	0.20257508159214113	0.27003881968122134	0.46983305726374175	280.74115752354135	-1063.677585990442	2.8717208011170235E-4	0.8198235897304996	2.3780988919655445E-4	7.498766499000825E-8	0.9637425960997654
4110000	-9737.708117026004	-8679.471979827465	-1058.2361371985394	-8518.474493636368	191.44433961103272	2334.199287262058	0.04189405138723988	0.17890863689242642	0.018354567615080804	0.1932257659803606	0.007866403559302787	0.4335341101955764	0.14019815304604655	0.0793146313869825	2.6009886562472357	0.13150936442076328	0.2588750816985898	0.17890863689242642	0.018354567615080804	0.1932257659803606	0.007866403559302787	0.4335341101955764	0.14019815304604655	0.0793146313869825	2.6009886562472357	0.13150936442076328	0.2588750816985898	6.8963991237308475	0.30895632710897847	0.21842977161765925	0.20257508159214113	0.27003881968122134	0.46983305726374175	251.82093829324347	-1050.2900842930494	2.752265916749504E-4	0.8393172492033416	2.3580856660153438E-4	8.930054136638941E-8	1.0359075706112024
4120000	-9716.343278737497	-8681.256370746805	-1035.0869079906909	-8522.27699158944	180.849041125563	1925.6003191091233	0.0509469148903821	0.2722323149421727	0.03588761761584613	0.35219961534271976	1.6715958818286132	0.11429163319024721	1.8900103355144102	0.06041561713183174	4.566706386660393	0.2767963695301536	0.9189581869088725	0.2722323149421727	0.03588761761584613	0.35219961534271976	1.6715958818286132	0.11429163319024721	1.8900103355144102	0.06041561713183174	4.566706386660393	0.2767963695301536	0.9189581869088725	5.73822278463255	0.30895632710897847	0.21842977161765925	0.20257508159214113	0.27003881968122134	0.46983305726374175	193.63135995503345	-1021.9514333778124	3.3171761394168995E-4	0.7833568700737333	2.9143234824342476E-4	1.1374810102883974E-7	0.9563372896086308
4130000	-9726.53604797305	-8691.618335488363	-1034.9177124846858	-8528.586139277737	144.7308944482711	1860.8904325187423	0.07160263564639764	0.9829596604059855	0.10297173025975309	0.10728426698359154	1.3973884652371664	2.278022413380396	1.2546776603810865	0.21520250072450078	5.323008714546768	0.7096055760828398	0.030190508270359566	0.9829596604059855	0.10297173025975309	0.10728426698359154	1.3973884652371664	2.278022413380396	1.2546776603810865	0.21520250072450078	5.323008714546768	0.7096055760828398	0.030190508270359566	6.740102558747601	0.319142241318038	0.20726536641909526	0.21373948679070512	0.25985290547216183	0.4132842891432414	197.2724979895907	-1019.5855839584557	3.4639107078278825E-4	0.8429422783502393	2.798443583216632E-4	1.2864843616927413E-7	1.0285543814832387
4140000	-9667.403859603655	-8692.37927842187	-975.024581181785	-8533.046396309259	121.29596144480708	1429.8426930386297	0.06904844919827952	0.36830664657170464	0.038143754070263464	1.3480442065953913	2.6488819669113277	0.795082094125607	1.3539296376830887	0.36707932946888133	4.337889493873919	0.8472313903999007	1.2947639268871778	0.36830664657170464	0.038143754070263464	1.3480442065953913	2.6488819669113277	0.795082094125607	1.3539296376830887	0.36707932946888133	4.337889493873919	0.8472313903999007	1.2947639268871778	6.740102558747601	0.319142241318038	0.20726536641909526	0.21373948679070512	0.25985290547216183	0.47897059109433954	138.07533652069827	-958.9018913865415	4.5616592652342506E-4	0.778719021172491	3.829621887781567E-4	1.9039320685054558E-7	0.9411516554944788
4150000	-9624.672025989872	-8678.355265949753	-946.3167600401192	-8511.719295010509	124.38927063248961	1331.402796177806	0.08378194289377695	0.13492147565347384	0.007885987568556184	2.7314292066460895	0.3174133960719954	0.5631805212601264	1.7660129609239357	0.041929893504846695	2.773939027804151	0.260676310648178	0.4104851838645893	0.13492147565347384	0.007885987568556184	2.7314292066460895	0.3174133960719954	0.5631805212601264	1.7660129609239357	0.041929893504846695	2.773939027804151	0.260676310648178	0.4104851838645893	5.969257535774401	0.319142241318038	0.2037421365566604	0.21726271665313998	0.25985290547216183	0.47858407975005574	117.38498153732219	-934.9176652465652	5.052909844032233E-4	0.8277394220891107	4.247654315893944E-4	2.1558945752124783E-7	0.918617883813693
4160000	-9657.982916169452	-8713.565889502299	-944.417026667154	-8546.46318729495	93.84995344459026	1141.950402194867	0.09126479044618292	0.6404878204779721	0.89282224839495	1.4774841897559858	0.39131479036119166	0.648163236634924	1.8665591121263394	1.675432929355043	6.38548741468148	1.041323269004644	2.357812505911352	0.6404878204779721	0.89282224839495	1.4774841897559858	0.39131479036119166	0.648163236634924	1.8665591121263394	1.675432929355043	6.38548741468148	1.041323269004644	2.357812505911352	6.542015186733293	0.319142241318038	0.2037421365566604	0.21726271665313998	0.25985290547216183	0.47858407975005574	116.35619660041918	-924.6713387134249	5.715686117098965E-4	0.7664544025254714	5.103568677071241E-4	2.730034580708615E-7	0.8775717978166709
4170000	-9646.998199195792	-8700.630426896114	-946.3677722996787	-8533.202577900309	91.0226514270317	1174.8478303760744	0.16037617764452786	0.030942057277357566	0.5071000634825512	0.4337921296787287	0.922566508959252	0.5815606772068639	2.638559401717718	0.8924759604467483	7.449320287969003	0.5256726734462386	0.8031802555763077	0.030942057277357566	0.5071000634825512	0.4337921296787287	0.922566508959252	0.5815606772068639	2.638559401717718	0.8924759604467483	7.449320287969003	0.5256726734462386	0.8031802555763077	7.282651270595083	0.319142241318038	0.2037421365566604	0.21726271665313998	0.25985290547216183	0.38862477394548145	113.81316806526044	-929.8406464208402	5.358727048183039E-4	0.7511325864150309	4.7634263385220655E-4	1.9120068453215762E-7	0.8151428214181835
4180000	-9673.18475416547	-8699.616399240613	-973.5683549248571	-8534.363833658543	94.59794952485038	1325.1021308042568	0.057436339720015904	0.15530381690658557	0.03883699291996678	0.12875965109434004	0.4650506229703996	1.1515002356285675	1.2197035093158382	0.2746580781485122	3.5275938878386666	0.436493805364382	0.8854719786787193	0.15530381690658557	0.03883699291996678	0.12875965109434004	0.4650506229703996	1.1515002356285675	1.2197035093158382	0.2746580781485122	3.5275938878386666	0.436493805364382	0.8854719786787193	7.282651270595083	0.319142241318038	0.21446103003782824	0.20654382317197215	0.25985290547216183	0.5799241457682733	162.09782889448178	-962.2947642233873	4.459667309653474E-4	0.6693168987375011	4.1876796053597857E-4	1.414841547769573E-7	0.8493931083296749
4190000	-9712.380051278953	-8697.618105411331	-1014.7619458676219	-8534.802316011555	145.5795601891928	1638.4671551714387	0.05894460401586931	0.20041156665749743	0.07162549140008911	0.2329700004702908	0.9158726176200389	0.8015228224549409	0.5627799888742391	0.46946317217385825	4.54685303694382	0.149373906068049	1.6789656043250605	0.20041156665749743	0.07162549140008911	0.2329700004702908	0.9158726176200389	0.8015228224549409	0.5627799888742391	0.46946317217385825	4.54685303694382	0.149373906068049	1.6789656043250605	7.282651270595083	0.319142241318038	0.21446103003782824	0.20654382317197215	0.25985290547216183	0.41886925705487144	192.94784848574008	-1002.0021305730772	4.1313898592724936E-4	0.7417194936567671	3.633813153436953E-4	1.3584996783768898E-7	0.8550146842053031
4200000	-9675.696390230896	-8697.71569550153	-977.9806947293652	-8536.849470038325	96.12061052779575	1369.5161581716059	0.07017605069185294	8.612694798117524E-5	0.385886091136957	1.7020797145388358	0.4423577301441236	0.9883630325091199	1.0509349860232868	0.44095420157703197	3.290447109865578	0.20826476229472057	0.08054749290684617	8.612694798117524E-5	0.385886091136957	1.7020797145388358	0.4423577301441236	0.9883630325091199	1.0509349860232868	0.44095420157703197	3.290447109865578	0.20826476229472057	0.08054749290684617	6.898930536695837	0.2884639467523764	0.21446103003782824	0.22419237861300553	0.27288264459679	0.41886925705487144	141.93585253738334	-966.705609247223	4.4215462777325324E-4	0.8097714672008919	4.04242259588861E-4	1.774044713305168E-7	0.9047117112963885
4210000	-9699.051481070557	-8687.314100821384	-1011.7373802491726	-8525.794882130967	98.47282680867445	1549.9272972047527	0.06786824573099492	0.5176543731147254	0.05470309157219137	0.40974653238332476	0.9097750436013539	2.2158908759256497	0.5510487937465814	0.13695244338320325	4.823849065374196	0.2349863504926961	0.6528952691339488	0.5176543731147254	0.05470309157219137	0.40974653238332476	0.9097750436013539	2.2158908759256497	0.5510487937465814	0.13695244338320325	4.823849065374196	0.2349863504926961	0.6528952691339488	7.151861695885503	0.2960990151268747	0.20682596166332995	0.22419237861300553	0.27288264459679	0.4410101290743897	190.0283767557891	-998.427880027188	4.003477019183495E-4	0.735600978360485	3.748465575157074E-4	1.3517614496221816E-7	0.868294741911816
4220000	-9679.668075766707	-8705.026842570931	-974.6412331957756	-8534.423658614869	92.14000570273761	1318.5518605917891	0.09727010162524403	0.15971589140952203	0.1687013895535243	0.19713508350906142	0.7506148560163088	1.713190010678995	0.1387530669092203	0.470113006643091	3.912899335280803	0.12726035385406126	0.25572005465328534	0.15971589140952203	0.1687013895535243	0.19713508350906142	0.7506148560163088	1.713190010678995	0.1387530669092203	0.470113006643091	3.912899335280803	0.12726035385406126	0.25572005465328534	7.055511307272667	0.2960990151268747	0.20682596166332995	0.22419237861300553	0.27288264459679	0.4410101290743897	136.60835522848828	-964.6083994498223	4.330293484991332E-4	0.7558127161983401	4.5742091336489814E-4	2.2530034639732158E-7	0.9564910972048749
4230000	-9678.025392625677	-8683.884619749573	-994.1407728761038	-8517.693673025673	100.44072831140386	1442.0327732355597	0.08093282383085318	0.18512683009325903	0.12297584109852795	0.07398069341411175	1.0054647293552204	0.926863074583228	1.377902583434364	1.901136989054554	3.297149713229202	0.2624272927665592	1.41583177522848	0.18512683009325903	0.12297584109852795	0.07398069341411175	1.0054647293552204	0.926863074583228	1.377902583434364	1.901136989054554	3.297149713229202	0.2624272927665592	1.41583177522848	6.6235042621251985	0.2960990151268747	0.20682596166332995	0.22419237861300553	0.27288264459679	0.5737895463755934	169.38296254911606	-981.0089259705528	4.0749137977936226E-4	0.7602558177831293	3.983264115583229E-4	1.8904728522545922E-7	0.95102907894027
4240000	-9669.047189176932	-8687.22791492272	-981.8192742542122	-8515.938214450889	106.34995871434973	1395.9000137327562	0.13961951369333622	1.7299544525785178	0.038169038844392184	0.17795261801421572	2.890646982626137	0.4706670216309955	2.372830227992323	0.47529733171776384	5.0032340958172625	0.24521931771322794	0.4583454226217512	1.7299544525785178	0.038169038844392184	0.17795261801421572	2.890646982626137	0.4706670216309955	2.372830227992323	0.47529733171776384	5.0032340958172625	0.24521931771322794	0.4583454226217512	6.6235042621251985	0.2960990151268747	0.20682596166332995	0.22419237861300553	0.27288264459679	0.5737895463755934	118.5521532450599	-965.7881079425567	4.6747363662827266E-4	0.8912678134852264	4.211336049612901E-4	1.9450556860105643E-7	0.9208958954025022
4250000	-9679.026434561563	-8695.425148184724	-983.6012863768397	-8529.818727849099	112.79148762879328	1428.5528335265346	0.07448655062422366	1.5188999894019022	0.1430456576828824	1.208790252923717	0.8992329983194505	0.41001649427253534	1.455332288814564	0.6436905650477575	4.429731410548577	0.044258151096817175	0.6500150867935888	1.5188999894019022	0.1430456576828824	1.208790252923717	0.8992329983194505	0.41001649427253534	1.455332288814564	0.6436905650477575	4.429731410548577	0.044258151096817175	0.6500150867935888	6.243219892153522	0.2960990151268747	0.20682596166332995	0.22419237861300553	0.27288264459679	0.5737895463755934	133.62490151766286	-969.4792043819962	4.890690797887788E-4	0.822437277114635	4.0919599021703467E-4	1.6928657270666903E-7	0.8509706801370636
4260000	-9672.32984632141	-8668.657296999218	-1003.6725493221921	-8501.811140540973	141.4899865163241	1627.16582343993	0.09817105462108107	0.41699562916968635	0.00930050759355822	0.12646995509242853	2.7086721733438517	1.2889567313573487	0.39523633068820513	0.7672208927178593	4.07952411706532	0.5756429147769062	0.9474956085917318	0.41699562916968635	0.00930050759355822	0.12646995509242853	2.7086721733438517	1.2889567313573487	0.39523633068820513	0.7672208927178593	4.07952411706532	0.5756429147769062	0.9474956085917318	6.954092481709434	0.3084697987543191	0.20682596166332995	0.20987416411483775	0.27483007546751337	0.4430643829222356	190.5599897840691	-989.8499363875245	3.8525639027097856E-4	0.7925921176889353	3.211484940576775E-4	1.1714790455619334E-7	0.8653938142990527
4270000	-9667.93861317459	-8683.274596235986	-984.6640169386053	-8519.891445429046	179.18941742416897	1710.547313572915	0.08535204267362706	0.188636764375536	0.1433101810815294	0.35790456196746145	0.06693080296655549	0.7755967820737775	0.9555349607337483	0.0876352926968313	2.111844625738543	0.02761944143277997	1.362075415945981	0.188636764375536	0.1433101810815294	0.35790456196746145	0.06693080296655549	0.7755967820737775	0.9555349607337483	0.0876352926968313	2.111844625738543	0.02761944143277997	1.362075415945981	6.141786973755833	0.3084697987543191	0.20682596166332995	0.20987416411483775	0.27483007546751337	0.4019444910174044	166.85763585798466	-976.6298351351093	4.0098136171939084E-4	0.6754917048832441	3.2224311790581174E-4	1.2212001816714525E-7	0.8564159763796376
4280000	-9681.93557090687	-8679.982271907495	-1001.9532989993742	-8514.819450402952	149.80569817440812	1726.6563815135737	0.10686227993789994	0.2144541943847751	0.1577153207814662	0.19409748663136425	0.5114385793229428	0.4488882557157925	1.8800837867252378	0.2732048199362201	2.0984230786338	0.06821720347032634	0.9920501413508488	0.2144541943847751	0.1577153207814662	0.19409748663136425	0.5114385793229428	0.4488882557157925	1.8800837867252378	0.2732048199362201	2.0984230786338	0.06821720347032634	0.9920501413508488	6.141786973755833	0.3084697987543191	0.20682596166332995	0.20987416411483775	0.27483007546751337	0.5407577308251735	181.0936658908424	-992.7298093381085	3.9423011485980377E-4	0.8235212075973352	3.1224515726729614E-4	1.0298719391628842E-7	0.8307584165796483
4290000	-9685.318728012724	-8698.41935231938	-986.8993756933435	-8531.977973498933	120.84142755259643	1562.5451008452956	0.06632595120033222	0.2894032371705757	0.2515015341574882	0.07976663430088052	0.9440527890934164	1.635677943492256	1.1103776702951154	0.20064701170959165	3.71394115203467	0.45509114401104017	0.7091777562654322	0.2894032371705757	0.2515015341574882	0.07976663430088052	0.9440527890934164	1.635677943492256	1.1103776702951154	0.20064701170959165	3.71394115203467	0.45509114401104017	0.7091777562654322	7.045297132449912	0.3084697987543191	0.20682596166332995	0.20987416411483775	0.27483007546751337	0.5407577308251735	159.56899720681147	-974.3519728874344	4.3806780614794353E-4	0.8248883971199922	3.725416070103492E-4	1.6940765322234585E-7	0.9265034792926625
4300000	-9699.606632203066	-8698.08570601969	-1001.5209261833751	-8527.325230039189	117.42538249144634	1524.5874759121702	0.08640186040278482	0.5169100939006944	0.013266159227413579	0.3144256409733852	0.340644884259085	0.17478151834046338	3.7942544706169063	0.7873307172104601	5.7450736003239244	0.039843884085566626	0.3242995935045617	0.5169100939006944	0.013266159227413579	0.3144256409733852	0.340644884259085	0.17478151834046338	3.7942544706169063	0.7873307172104601	5.7450736003239244	0.039843884085566626	0.3242995935045617	6.407414259497209	0.3084697987543191	0.20682596166332995	0.20987416411483775	0.27483007546751337	0.5407577308251735	167.70671264848434	-986.7775383807476	4.8168087131452586E-4	0.7873206968219838	3.839231855025898E-4	1.2634713161048998E-7	0.8039463064535441
4310000	-9671.202808116104	-8703.697173435003	-967.5056346811008	-8532.50493504067	110.20411073913439	1391.2242110510806	0.10574935058546397	0.004073992816188368	0.19732411846990722	0.6836449434669148	0.24065380776352996	0.29135921847094015	0.3650586108594235	0.8173404210414825	3.2364124673193433	0.3569384765447254	0.6767612452187488	0.004073992816188368	0.19732411846990722	0.6836449434669148	0.24065380776352996	0.29135921847094015	0.3650586108594235	0.8173404210414825	3.2364124673193433	0.3569384765447254	0.6767612452187488	7.408517928625325	0.3084697987543191	0.20682596166332995	0.20987416411483775	0.27483007546751337	0.47211959198580306	133.36587134921194	-958.4160396925519	4.7725365355336916E-4	0.7359047984434677	3.918646383837643E-4	1.6113856976323222E-7	0.8537903766434026
4320000	-9663.994732353567	-8696.903558469818	-967.0911738837502	-8525.209789800308	103.13503084637061	1376.692412965876	0.068156863257224	0.17823679568847525	0.03463571694356847	0.4311119021197082	0.036030812663104	1.4421569729014299	0.12234549719700727	0.3317365231279144	2.59017299062508	0.19700838258774736	0.13509848575312056	0.17823679568847525	0.03463571694356847	0.4311119021197082	0.036030812663104	1.4421569729014299	0.12234549719700727	0.3317365231279144	2.59017299062508	0.19700838258774736	0.13509848575312056	7.408517928625325	0.3084697987543191	0.20682596166332995	0.20987416411483775	0.27483007546751337	0.47211959198580306	137.7968638898017	-958.3455091458713	5.299304048450481E-4	0.8431470609639984	4.0440303439989223E-4	1.8623584051227851E-7	0.9224772891677608
4330000	-9712.371786561815	-8695.921218747526	-1016.4505678142891	-8520.371057865936	114.35848233673372	1660.66831699268	0.06559797745505305	0.009827670894617967	0.03919847438478369	1.0320813759887215	0.9762443064338727	2.6010721751958714	1.091588319252275	0.7466643246562282	2.9738135168045905	0.2837353666303301	1.135748601837069	0.009827670894617967	0.03919847438478369	1.0320813759887215	0.9762443064338727	2.6010721751958714	1.091588319252275	0.7466643246562282	2.9738135168045905	0.2837353666303301	1.135748601837069	5.91068910435543	0.2915598935324885	0.22373586688516056	0.20987416411483775	0.27483007546751337	0.47320821519942025	181.42755614228403	-1003.2021644195111	4.010131618099813E-4	0.6842279296401638	3.309962523619604E-4	1.0921116800930435E-7	0.8837465874284487
4340000	-9681.705095697482	-8681.985668279227	-999.7194274182557	-8503.3692984928	112.37311634016994	1584.4566223735426	0.06043231793495739	0.10617204888954869	0.3253942810016708	0.17057771336920705	0.19714308796174332	0.3436053948389869	0.25759064830363676	0.262033263933472	2.691034899325263	0.02197311037230469	0.8896211742854565	0.10617204888954869	0.3253942810016708	0.17057771336920705	0.19714308796174332	0.3436053948389869	0.25759064830363676	0.262033263933472	2.691034899325263	0.02197311037230469	0.8896211742854565	6.80108703134598	0.3050878843294547	0.20714858290871063	0.2129334572943215	0.27483007546751337	0.47320821519942025	191.38293019400956	-991.3311712019643	4.006877324820397E-4	0.7853843002132013	3.3165644870919176E-4	1.0847801428466894E-7	0.843570851583699
4350000	-9671.742395298168	-8694.88803207818	-976.8543632199896	-8520.609584825314	111.79979961622522	1516.8406785965167	0.09078081609797449	0.3661186415878196	0.016185551457803544	0.1436636579488219	1.7741604505559097	1.5201542874789955	0.032245515375962604	0.3918140436440157	3.0341251863618894	0.04100785879999037	0.8609748785949147	0.3661186415878196	0.016185551457803544	0.1436636579488219	1.7741604505559097	1.5201542874789955	0.032245515375962604	0.3918140436440157	3.0341251863618894	0.04100785879999037	0.8609748785949147	6.80108703134598	0.3050878843294547	0.19858093567469465	0.2129334572943215	0.28339772270152935	0.6167397599970554	132.65331555070534	-966.3877951399902	4.549062627001299E-4	0.7121596110941062	3.4286257007354136E-4	1.6370660217354226E-7	0.9208873149043149
4360000	-9638.547041492995	-8677.050371344936	-961.4966701480595	-8508.509455323947	97.50765194401004	1282.2488381527771	0.09559788809905047	0.28505935509900254	0.12943842231253375	0.7386690684889284	2.1718087185749475	0.6645739369154983	0.9337255304242117	0.31700120956438027	3.4666618138596976	0.21222234189254974	0.7001251462712932	0.28505935509900254	0.12943842231253375	0.7386690684889284	2.1718087185749475	0.6645739369154983	0.9337255304242117	0.31700120956438027	3.4666618138596976	0.21222234189254974	0.7001251462712932	6.423831719005473	0.28952717293522023	0.19858093567469465	0.228494168688556	0.28339772270152935	0.41779970933267413	141.6165461419891	-948.9081218863633	6.391834323876393E-4	0.9068070454562236	4.93072113038124E-4	2.756004407001394E-7	0.8649702261891938
4370000	-9609.707489045019	-8659.280695715986	-950.4267933290326	-8487.532870286032	116.30126199947092	1344.5591281267184	0.14642434085409475	0.035202726978027434	0.03006841149600643	0.27845926835390905	2.3300270263273735	0.576542424999041	2.292036066355651	0.13310448885917578	2.089928890947485	0.21512542620761907	0.2725045702564139	0.035202726978027434	0.03006841149600643	0.27845926835390905	2.3300270263273735	0.576542424999041	2.292036066355651	0.13310448885917578	2.089928890947485	0.21512542620761907	0.2725045702564139	6.423831719005473	0.28952717293522023	0.19858093567469465	0.228494168688556	0.28339772270152935	0.5196153612456098	128.11671265786924	-939.5701968620835	5.481820990145376E-4	0.989424967863449	4.296773767042189E-4	1.6028828291512858E-7	0.7901262102231916
4380000	-9637.674851720802	-8666.489218463783	-971.1856332570192	-8496.78227419508	120.59185708045075	1448.8445028735264	0.14015739216549056	1.8385401127955665	0.029807406414192404	0.30206312941685576	0.4068450694747618	0.9232257096605189	0.4576571201490057	1.1673569687692134	2.926267989043925	0.04350194191906844	1.0191323514067294	1.8385401127955665	0.029807406414192404	0.30206312941685576	0.4068450694747618	0.9232257096605189	0.4576571201490057	1.1673569687692134	2.926267989043925	0.04350194191906844	1.0191323514067294	6.423831719005473	0.3014193184380752	0.19858093567469465	0.21660202318570104	0.28339772270152935	0.5196153612456098	128.7891549364398	-959.5631994072836	5.273726322432991E-4	0.9462298920632467	3.9287221863507294E-4	3.2755015694294696E-7	1.1231619163146298
4390000	-9619.904290414044	-8654.220452893018	-965.683837521026	-8483.755104550897	129.58434863240365	1420.2276589893672	0.048658146769033885	0.13458974605302024	0.10472607915476148	0.34068415634600385	1.118873833440646	0.7264609661996486	0.7271409531774773	0.11357364829937196	3.5811903130519314	0.24866853327360083	0.23618051480304247	0.13458974605302024	0.10472607915476148	0.34068415634600385	1.118873833440646	0.7264609661996486	0.7271409531774773	0.11357364829937196	3.5811903130519314	0.24866853327360083	0.23618051480304247	5.913086185801247	0.28960124359299133	0.2103990105197785	0.21660202318570104	0.28339772270152935	0.5196153612456098	125.28518238144524	-954.9075497256608	5.173667110992648E-4	0.9005387643618812	3.8444010950761174E-4	2.5628686689537776E-7	1.0455756972156183
4400000	-9666.933188727544	-8688.47781981577	-978.455368911774	-8516.985776996306	115.77028862071558	1425.5780955969701	0.08901107251765482	1.1534821384474523	0.08196999999095993	0.7540543347170118	0.14781243137914044	0.19995037732696688	2.000322038932393	0.1277429440946301	2.1218175261101564	0.0137500486710496	0.5722609857446214	1.1534821384474523	0.08196999999095993	0.7540543347170118	0.14781243137914044	0.19995037732696688	2.000322038932393	0.1277429440946301	2.1218175261101564	0.0137500486710496	0.5722609857446214	7.063952054114714	0.28960124359299133	0.2103990105197785	0.21660202318570104	0.28339772270152935	0.5196153612456098	174.2515447187449	-968.0073285010552	5.133629816117325E-4	0.9221271444395527	3.889921828073226E-4	2.3279611276305818E-7	1.035682260262563
4410000	-9660.595079860643	-8686.39290770414	-974.2021721565031	-8518.173034995476	101.71036629278723	1348.1424188758458	0.07894496436062187	1.139316155544662	0.04207099700000364	1.0614322370345235	0.07894102348393603	2.4588762526764834	1.418922377525469	0.6047725856088167	3.1150658886730076	0.5976814260510244	0.2999146441793653	1.139316155544662	0.04207099700000364	1.0614322370345235	0.07894102348393603	2.4588762526764834	1.418922377525469	0.6047725856088167	3.1150658886730076	0.5976814260510244	0.2999146441793653	5.8834957666924295	0.29922668502868516	0.2103990105197785	0.20697658175000724	0.28339772270152935	0.5639512821719201	150.8239537620237	-960.8766353303207	5.102911555224553E-4	0.7452789318164329	4.2774011962368994E-4	2.139731105103186E-7	0.9738061219090105
4420000	-9660.417184827205	-8698.7202894217	-961.6968954055038	-8531.085555239242	106.37662172212949	1333.9409292731293	0.10176192562249481	0.5626617562619812	0.015321782136719104	2.0498150115961282	0.5090888001565269	1.032598730834461	2.3852052281495744	0.7080798125055823	4.383828081464559	0.4388316674857022	1.7238503556280695	0.5626617562619812	0.015321782136719104	2.0498150115961282	0.5090888001565269	1.032598730834461	2.3852052281495744	0.7080798125055823	4.383828081464559	0.4388316674857022	1.7238503556280695	5.8834957666924295	0.2950921212550396	0.2103990105197785	0.20697658175000724	0.2875322864751749	0.450074541939937	126.66489867914335	-946.0670968549462	5.365931339069844E-4	0.6977150662388107	4.012236755890131E-4	2.149628577359581E-7	0.959847831524037
4430000	-9679.986402393593	-8693.114302514476	-986.8720998791175	-8515.96447156566	140.47887884585663	1513.7716220453738	0.0674178931417274	0.5473273598834523	0.2608943731614839	1.936602745177587	2.6141095230198887	3.269253495654447	1.186612769716174	0.06067299355530298	5.749399425977249	0.5785128845878912	0.3557954454439131	0.5473273598834523	0.2608943731614839	1.936602745177587	2.6141095230198887	3.269253495654447	1.186612769716174	0.06067299355530298	5.749399425977249	0.5785128845878912	0.3557954454439131	5.8834957666924295	0.285449424559734	0.2200417072150841	0.20697658175000724	0.2875322864751749	0.450074541939937	161.5565119336759	-967.4723439206822	4.980386189933181E-4	0.8178915436390042	3.760504076581955E-4	2.6488503996838883E-7	1.0422725877260801
4440000	-9690.583298348722	-8703.455451712132	-987.1278466365893	-8521.206128656533	152.42762197970336	1590.9501965200295	0.082650213106427	0.791245461596576	0.05858370934621891	1.5443901215163776	0.20405622349128144	1.1888175562765337	0.9791507154656749	0.1111256847275037	2.16170567634201	0.12049622432086789	0.6221644677828493	0.791245461596576	0.05858370934621891	1.5443901215163776	0.20405622349128144	1.1888175562765337	0.9791507154656749	0.1111256847275037	2.16170567634201	0.12049622432086789	0.6221644677828493	5.8834957666924295	0.30388906949015265	0.2200417072150841	0.20697658175000724	0.26909264154475626	0.450074541939937	156.9794110001838	-976.8853970432119	4.758773446420442E-4	0.8027235251939333	3.3500439569453635E-4	1.7462685440883286E-7	0.9478609683065772
4450000	-9682.589940917902	-8682.99801909572	-999.5919218221819	-8507.970241360268	141.92387197917117	1730.7019367606754	0.07751644579799293	0.5806754173023668	0.18436974209203363	0.6010032021426654	1.9517018190251927	0.789794533044834	0.7547119037382926	0.21589453736241765	2.6022834587709425	0.23991155030667813	0.197770768210285	0.5806754173023668	0.18436974209203363	0.6010032021426654	1.9517018190251927	0.789794533044834	0.7547119037382926	0.21589453736241765	2.6022834587709425	0.23991155030667813	0.197770768210285	6.805678494762505	0.28729664971307606	0.206454064156937	0.22356900152708384	0.28268028460290334	0.5754955355188338	169.0127206356372	-988.7876654028853	4.14769649228016E-4	0.7639372184293011	3.2470726802263944E-4	1.2752060532690995E-7	0.8647597194982806
4460000	-9669.992771152005	-8685.939608455086	-984.053162696918	-8522.675991854318	153.18922259713855	1580.0908120141214	0.06882590361430371	0.5957776299975209	0.27926442015043146	0.1194222364870786	2.069215751883724	1.095095663603999	1.1377869469936055	0.010976997278964371	7.7278713280394244	0.1925393271490962	1.7526981492842766	0.5957776299975209	0.27926442015043146	0.1194222364870786	2.069215751883724	1.095095663603999	1.1377869469936055	0.010976997278964371	7.7278713280394244	0.1925393271490962	1.7526981492842766	6.017327721901945	0.28729664971307606	0.206454064156937	0.22356900152708384	0.28268028460290334	0.45034935134887843	142.78248964139317	-966.4641115946721	4.406664506252095E-4	0.8243329935737547	3.559323921129531E-4	1.2237687045014956E-7	0.8190594807917818
4470000	-9693.887079983455	-8681.927336713174	-1011.959743270282	-8515.270581270213	170.43436006055822	1876.8441119799934	0.08039746935785083	0.054976592392015564	0.07814903009377501	0.2009862395336831	1.2174855751221876	0.5343205144923859	1.389566009978926	0.03183173723755449	3.110403409552677	0.3474898635507663	1.5143407075392832	0.054976592392015564	0.07814903009377501	0.2009862395336831	1.2174855751221876	0.5343205144923859	1.389566009978926	0.03183173723755449	3.110403409552677	0.3474898635507663	1.5143407075392832	6.753121579414522	0.28729664971307606	0.206454064156937	0.22356900152708384	0.28268028460290334	0.5795816689702208	198.22269130652927	-1000.2514362779715	4.168676531789008E-4	0.9003839932742598	3.0341299757358914E-4	1.1562057337942248E-7	0.8791573036413474
4480000	-9708.941830190455	-8702.237049602369	-1006.7047805880859	-8543.162424401566	151.62246021686326	1688.8805828459913	0.06459899616719394	0.016436751391257328	0.034588808531148846	0.48081114550034204	0.8285053321516076	0.6613501968531029	2.152472501252871	1.7577544385481452	4.253602828233187	0.5787186875644383	0.467649148184758	0.016436751391257328	0.034588808531148846	0.48081114550034204	0.8285053321516076	0.6613501968531029	2.152472501252871	1.7577544385481452	4.253602828233187	0.5787186875644383	0.467649148184758	6.151135824176973	0.28729664971307606	0.2170947367527615	0.21292832893125935	0.28268028460290334	0.5668226062165607	192.02971427334617	-992.0097296830313	5.168280758487634E-4	0.8743719988108234	3.5713126062854826E-4	1.7966084446306802E-7	0.871158891986469
4490000	-9681.83142280155	-8665.560509726818	-1016.270913074731	-8503.001794322096	146.31336887154302	1748.705333706444	0.08192142087440125	1.0294252008198277	0.04524824327508522	0.2990525356234594	0.32084955869394644	0.2785468890374349	3.8585232110956302	0.5879861581107675	5.684385089060833	0.5995539011874219	0.013223152953027383	1.0294252008198277	0.04524824327508522	0.2990525356234594	0.32084955869394644	0.2785468890374349	3.8585232110956302	0.5879861581107675	5.684385089060833	0.5995539011874219	0.013223152953027383	6.151135824176973	0.28729664971307606	0.2170947367527615	0.21292832893125935	0.28268028460290334	0.4515232032818811	192.45877756673713	-1000.5597521353573	4.3227500439624875E-4	0.9202452549328011	2.9840338211329346E-4	1.3298446866259877E-7	0.9805898689689346
4500000	-9696.736686633529	-8715.177123959835	-981.5595626736949	-8552.04494792639	168.1784189752552	1686.908360877383	0.05996631504127124	0.16270917585258027	0.31147368658760216	0.6855406276841108	0.7244229722083139	0.9845137053219404	0.11383422569870574	0.050742220755899944	2.8619547937605976	0.33498706237069864	0.30328347482179063	0.16270917585258027	0.31147368658760216	0.6855406276841108	0.7244229722083139	0.9845137053219404	0.11383422569870574	0.050742220755899944	2.8619547937605976	0.33498706237069864	0.30328347482179063	7.560245033622012	0.29799557254409953	0.2170947367527615	0.21292832893125935	0.27198136177187987	0.4515232032818811	148.98438445646883	-971.5280669822998	4.716419996451635E-4	0.8948405138310919	3.2140433292283526E-4	1.8949569228303922E-7	1.033538213677769
4510000	-9710.61946822492	-8695.54156004427	-1015.0779081806501	-8540.307244649239	179.20032751291092	1824.0998942559222	0.0561193306204833	0.4716500655582002	0.001357113026562138	0.4151867228323621	1.1961492569307817	0.8670649511811479	1.3270307468759623	0.015242083385993485	3.967143805825159	0.38103404013067826	1.7998203145366702	0.4716500655582002	0.001357113026562138	0.4151867228323621	1.1961492569307817	0.8670649511811479	1.3270307468759623	0.015242083385993485	3.967143805825159	0.38103404013067826	1.7998203145366702	7.560245033622012	0.29799557254409953	0.19936800292713344	0.2306550627568874	0.27198136177187987	0.4942932687906332	187.58269276729993	-1001.4505678590402	3.63117298415691E-4	0.7501871818420451	3.0287555853307664E-4	9.063109952329321E-8	0.826856888161621
4520000	-9682.044734855675	-8679.316223069925	-1002.7285117857493	-8521.351253355784	143.5275493246246	1682.253829776041	0.05070746983013846	0.6378917438628833	0.05472132760389051	0.5368380207073777	0.05141446673396702	0.8206542774511546	1.897581460433283	0.28966529011127773	3.854646430436328	0.37369273960793387	0.4053949260412122	0.6378917438628833	0.05472132760389051	0.5368380207073777	0.05141446673396702	0.8206542774511546	1.897581460433283	0.28966529011127773	3.854646430436328	0.37369273960793387	0.4053949260412122	6.755766284502676	0.29799557254409953	0.19936800292713344	0.2306550627568874	0.27198136177187987	0.4942932687906332	171.149019084972	-990.4716506368783	3.943172319550305E-4	0.8128719398726866	3.182705624278927E-4	1.0969723527315899E-7	0.8366086683195783
4530000	-9683.818620323349	-8685.440365519149	-998.3782548041995	-8521.382136861772	185.982985631567	1747.624844121336	0.11754187367427368	0.12504768673742098	0.043108947835078376	0.14623467958623088	0.2275111498512042	0.3533756445122834	1.4728670362950473	0.17374403148125403	2.6950823782968714	0.04157731470262341	0.09798463184831846	0.12504768673742098	0.043108947835078376	0.14623467958623088	0.2275111498512042	0.3533756445122834	1.4728670362950473	0.17374403148125403	2.6950823782968714	0.04157731470262341	0.09798463184831846	5.693048830272246	0.29799557254409953	0.19936800292713344	0.2306550627568874	0.27198136177187987	0.4942932687906332	169.81536495821078	-990.5389486307968	4.248598384627482E-4	0.9420327542105132	3.387286798763942E-4	1.3053676619341256E-7	0.9021634796495792
4540000	-9687.547209998334	-8700.566357306154	-986.9808526921815	-8534.321115336408	114.3555601026604	1562.1590635346427	0.07958511644516943	0.03092305747480804	0.00825558681921599	0.4134116697398366	1.0177715830552656	0.5251855153814785	0.41845391928600434	0.05782258450674598	2.1182260827380626	0.2759650297190061	0.7747169822290529	0.03092305747480804	0.00825558681921599	0.4134116697398366	1.0177715830552656	0.5251855153814785	0.41845391928600434	0.05782258450674598	2.1182260827380626	0.2759650297190061	0.7747169822290529	6.305004670462154	0.29799557254409953	0.19936800292713344	0.2306550627568874	0.27198136177187987	0.4942932687906332	167.38296232857732	-978.6218667182545	4.045810401929787E-4	0.8520589592785434	3.3485127012040125E-4	1.296641810898167E-7	0.9100003942415985
4550000	-9639.584122017812	-8679.911324341147	-959.6727976766646	-8513.724517552911	132.25133850404603	1455.0594644353878	0.0878346050348827	0.009502964042737072	0.07345518808311159	0.2741790509977248	0.46901257704877103	0.3338100824588795	0.9288199649727668	0.2880219964512836	2.0329239857715393	0.0288458402915821	0.4617088389784544	0.009502964042737072	0.07345518808311159	0.2741790509977248	0.46901257704877103	0.3338100824588795	0.9288199649727668	0.2880219964512836	2.0329239857715393	0.0288458402915821	0.4617088389784544	6.305004670462154	0.29799557254409953	0.19936800292713344	0.2306550627568874	0.27198136177187987	0.4942932687906332	116.04426513716571	-952.3272672366135	5.050271176054314E-4	0.8498142098939159	3.8737066594839403E-4	1.9662581634788302E-7	0.9205919138109334
4560000	-9623.859088415606	-8673.075054250128	-950.784034165478	-8506.243344556873	96.9908942997978	1268.974565544465	0.0780979850144164	0.24144493720336088	0.3349821252499441	0.6191393911547025	0.8550780622675543	0.7555102578657167	1.5342996404001454	0.10351927894464051	3.6832815388203324	0.21627928353457865	0.042137979014484545	0.24144493720336088	0.3349821252499441	0.6191393911547025	0.8550780622675543	0.7555102578657167	1.5342996404001454	0.10351927894464051	3.6832815388203324	0.21627928353457865	0.042137979014484545	6.8522271428834465	0.29799557254409953	0.19936800292713344	0.21238375037802634	0.2902526741507409	0.5940373332324765	124.22130461878223	-939.0952092964275	5.969625305320498E-4	0.9015413517237248	4.631533980583814E-4	3.364281107525979E-7	0.964945216064572
4570000	-9635.868164803396	-8680.640478455201	-955.2276863481939	-8520.139713489563	93.38612764669664	1257.9615708806027	0.09914141464463576	0.25358974850705157	0.09161166754865517	1.0601887867217035	2.3134707836968094	0.9928266838582492	1.4426561735662695	0.6089885703289735	3.6273757560937034	0.0773188329143638	0.7593343979756336	0.25358974850705157	0.09161166754865517	1.0601887867217035	2.3134707836968094	0.9928266838582492	1.4426561735662695	0.6089885703289735	3.6273757560937034	0.0773188329143638	0.7593343979756336	6.901178335408906	0.29799557254409953	0.19936800292713344	0.21238375037802634	0.2902526741507409	0.5940373332324765	135.26358026545756	-941.2280371025734	5.448510095932878E-4	0.8286572172547957	4.6434073040939176E-4	2.571415727259072E-7	0.9238400413383582
4580000	-9668.307984225112	-8700.053065465245	-968.2549187598668	-8535.131711289852	119.29698979737773	1456.3696662228585	0.10995791611953062	0.3395903803101172	0.0058619041643729695	0.7773029637082651	0.7212896054022457	0.6701002258958745	1.7076498826440976	0.0017266362391592286	2.6476051296814096	0.5707682974256187	1.0753138232631072	0.3395903803101172	0.0058619041643729695	0.7773029637082651	0.7212896054022457	0.6701002258958745	1.7076498826440976	0.0017266362391592286	2.6476051296814096	0.5707682974256187	1.0753138232631072	6.901178335408906	0.29799557254409953	0.19936800292713344	0.21238375037802634	0.2902526741507409	0.5488783841173872	148.36272171749067	-957.1889631081923	4.77007546697453E-4	0.8256610536994384	3.9384961548023816E-4	2.0886449973726321E-7	0.927079597693765
4590000	-9660.887839514811	-8699.96270928858	-960.9251302262311	-8531.51601405808	116.64276880481154	1372.4882031638112	0.10716277371923862	0.21623644354864868	0.021270738053887225	0.08610882046847258	0.44880105160956424	0.3004956745026311	2.8731833852073065	0.7382794633716085	1.9535214465188473	0.0936818433064202	0.47935167239279614	0.21623644354864868	0.021270738053887225	0.08610882046847258	0.44880105160956424	0.3004956745026311	2.8731833852073065	0.7382794633716085	1.9535214465188473	0.0936818433064202	0.47935167239279614	7.094107948474515	0.29799557254409953	0.19936800292713344	0.21238375037802634	0.2902526741507409	0.5408961859025734	122.30885236357625	-951.3742600503374	4.8667794202954625E-4	0.7940877183552917	4.016637893834861E-4	2.934515426761175E-7	1.0036351558508532
4600000	-9682.32073380189	-8707.566604325079	-974.7541294768105	-8545.479385623008	135.22607484433772	1466.5072876985123	0.09378903657136083	0.11375759844113509	0.09760961244745243	0.9628459672729514	3.074698201762945	0.29720642475406844	0.6331533543033495	0.06710442822332773	3.48022863011576	0.2621383954761905	0.13116851478671976	0.11375759844113509	0.09760961244745243	0.9628459672729514	3.074698201762945	0.29720642475406844	0.6331533543033495	0.06710442822332773	3.48022863011576	0.2621383954761905	0.13116851478671976	6.70798620999504	0.29799557254409953	0.19936800292713344	0.21238375037802634	0.2902526741507409	0.5408961859025734	147.67461171840023	-962.8193875128544	5.243209153142749E-4	0.839593117736941	3.9779919929840076E-4	2.5903154022707983E-7	0.9572646030508752
4610000	-9673.337294616034	-8708.560201820765	-964.7770927952696	-8536.189272013575	123.58677712433465	1473.5183303493898	0.08858847174001744	1.1465834445066638	0.25533460735675056	0.03750870972388157	0.16293750150022132	0.31282273428181584	1.038826197490138	0.4228226540334565	1.9321857655144001	0.3511327263486099	0.6004501318012399	1.1465834445066638	0.25533460735675056	0.03750870972388157	0.16293750150022132	0.31282273428181584	1.038826197490138	0.4228226540334565	1.9321857655144001	0.3511327263486099	0.6004501318012399	6.287274910627584	0.29799557254409953	0.19936800292713344	0.21238375037802634	0.2902526741507409	0.4076630343301449	135.42946958305805	-956.3019143856994	4.5044097354867877E-4	0.781921661350334	3.6224547233466197E-4	1.8066822752683246E-7	0.9378669059454685
4620000	-9659.735186499849	-8713.199827592007	-946.5353589078422	-8541.059589432713	98.3230760682423	1223.507319158877	0.13405335538866583	0.3602688563854076	0.06118225638527908	0.6955207243010962	1.177897343313556	0.8963679642103344	6.114327966450764	0.7042277432400466	3.897568493907198	0.5403594575731502	0.09472926006260501	0.3602688563854076	0.06118225638527908	0.6955207243010962	1.177897343313556	0.8963679642103344	6.114327966450764	0.7042277432400466	3.897568493907198	0.5403594575731502	0.09472926006260501	7.176963089677443	0.29811869205798763	0.21308231518389603	0.21238375037802634	0.27641524238009024	0.5542539207025676	138.46953387890431	-929.7218574301583	5.058900185783871E-4	0.7972901848793049	4.160083311395967E-4	2.7983618024239E-7	1.0135607206159443
4630000	-9675.249340469125	-8715.645802129486	-959.6035383396396	-8545.684998405026	124.01120699261166	1454.9225261335387	0.11566033929534429	0.3472833911294006	0.13911695238947683	0.19431231725304757	1.3522480160204535	0.42672413601143216	1.5268823836979646	0.14777557526455815	5.207266494095135	1.0287575381505876	0.29386005695122736	0.3472833911294006	0.13911695238947683	0.19431231725304757	1.3522480160204535	0.42672413601143216	1.5268823836979646	0.14777557526455815	5.207266494095135	1.0287575381505876	0.29386005695122736	6.152467372627786	0.29811869205798763	0.21308231518389603	0.21238375037802634	0.27641524238009024	0.5542539207025676	140.68681744715488	-946.9500630234814	4.755357008447588E-4	0.7560846685575341	3.5944659441676535E-4	2.1631391481049006E-7	0.975844393921283
4640000	-9669.407990978285	-8711.425790127381	-957.9822008509028	-8546.00805356244	93.06379451848925	1317.8157170908069	0.10427956701745952	0.17562752558629036	0.037748285601733905	0.05439590286981327	0.41237935157755645	0.5280833936902187	1.2668139995109549	0.040224110428360785	2.4861271492503154	0.28372693439754804	0.5829087166925182	0.17562752558629036	0.037748285601733905	0.05439590286981327	0.41237935157755645	0.5280833936902187	1.2668139995109549	0.040224110428360785	2.4861271492503154	0.28372693439754804	0.5829087166925182	6.152467372627786	0.30455907239086955	0.21308231518389603	0.20594337004514443	0.27641524238009024	0.5011582206687879	143.64547152221976	-950.0093567020957	5.35521405628819E-4	0.7186742246625157	4.479006341057381E-4	1.8719332297074698E-7	0.8342673525915678
4650000	-9680.2412133498	-8686.528764522527	-993.7124488272739	-8514.058738570824	106.32978847511814	1509.567869739832	0.07270245833388181	0.28267123712588194	0.05559354687457205	0.16583816361644677	0.5439441712688561	0.6533697771022932	5.352541565542617	0.15384658108567004	1.5356892052930058	0.5672143925270853	0.3766301568668597	0.28267123712588194	0.05559354687457205	0.16583816361644677	0.5439441712688561	0.6533697771022932	5.352541565542617	0.15384658108567004	1.5356892052930058	0.5672143925270853	0.3766301568668597	6.152467372627786	0.30455907239086955	0.21308231518389603	0.21803817051901508	0.2643204419062196	0.4026152835995806	144.0853927713796	-981.8670933335685	4.258424690213523E-4	0.7166953321594647	3.6386843023642043E-4	1.3488411422390948E-7	0.8523266766016859
4660000	-9668.985726681005	-8703.14366924379	-965.8420574372153	-8530.438826691863	90.61407171454853	1304.9456349467175	0.08800990641510423	1.9682653391743123	0.12041331158196143	2.818036265758808	1.0515782712637907	0.8583790438493213	1.6868918008408504	0.29262502288883996	3.6767512906365036	1.4458428115493016	0.6236856206423806	1.9682653391743123	0.12041331158196143	2.818036265758808	1.0515782712637907	0.8583790438493213	1.6868918008408504	0.29262502288883996	3.6767512906365036	1.4458428115493016	0.6236856206423806	6.941079733155348	0.30455907239086955	0.2031912910184471	0.21803817051901508	0.2742114660716686	0.5457104460392554	145.58515149114325	-949.0114399489013	4.3246283919496454E-4	0.7110188880878429	4.04000948294371E-4	1.225324037419996E-7	0.7780886074202341
4670000	-9660.296583429797	-8675.183722784908	-985.1128606448896	-8507.893060931961	95.96042886554915	1398.9777648512256	0.04690917574642263	0.34774842067925515	0.7676185769758294	0.48803678889046204	0.3809130518596419	0.7201519165691976	0.9828613836483252	0.1947873307009656	3.9636315219291367	0.15977480660792281	0.26874611641126633	0.34774842067925515	0.7676185769758294	0.48803678889046204	0.3809130518596419	0.7201519165691976	0.9828613836483252	0.1947873307009656	3.9636315219291367	0.15977480660792281	0.26874611641126633	6.748837361804246	0.29162014369437683	0.21473877293097257	0.21803817051901508	0.2756029128556358	0.5457104460392554	172.18701394850586	-973.3894627639872	4.2157960586907794E-4	0.7832677340966289	3.9649190145433653E-4	1.6572749284499165E-7	0.9269085301470286
4680000	-9636.511284927805	-8679.991356145085	-956.51992878272	-8520.828758727765	89.01027497370092	1228.8820990412992	0.07862256803062848	0.10554161495985917	0.03775208233337724	1.2592445945201742	1.5396406026036045	0.6481312414135451	1.0393138768515067	0.615808584283666	4.050670991447465	0.3517326632815659	0.6656570843704649	0.10554161495985917	0.03775208233337724	1.2592445945201742	1.5396406026036045	0.6481312414135451	1.0393138768515067	0.615808584283666	4.050670991447465	0.3517326632815659	0.6656570843704649	6.6536710981392435	0.29162014369437683	0.21473877293097257	0.21803817051901508	0.2756029128556358	0.5867390363545363	146.67001448514972	-943.4069934298105	4.4564174277015857E-4	0.8394317089038458	4.3144754747663575E-4	2.2242263077192848E-7	0.9772405355717314
4690000	-9651.663413304263	-8697.844910003972	-953.8185033002899	-8528.709626035956	87.94958220766418	1193.6341050477586	0.10409248676454623	0.3238294323427711	0.18261750997230886	2.4544857996614535	2.199268490120025	2.7267372970634844	0.11455375218414529	1.8815603918161803	2.380610867956142	0.5789666241425221	0.2769971718481361	0.3238294323427711	0.18261750997230886	2.4544857996614535	2.199268490120025	2.7267372970634844	0.11455375218414529	1.8815603918161803	2.380610867956142	0.5789666241425221	0.2769971718481361	7.062326580820694	0.29162014369437683	0.21473877293097257	0.21803817051901508	0.2756029128556358	0.47690233749700683	124.8292423884784	-937.9891732475782	5.332624835510247E-4	0.9106823609660423	4.6647627104807186E-4	2.8081998438872263E-7	1.0015909566841052
4700000	-9649.33779271059	-8705.576253620438	-943.7615390901517	-8539.24800098568	80.49776209720011	1117.4565797141026	0.09421005787775698	1.0871172770144126	0.37699129582260316	0.3732250827848305	0.07514206423874317	0.5634655490372179	2.0388096155412905	0.013398859927331619	4.685922520591093	0.4182648063548099	0.524607698677941	1.0871172770144126	0.37699129582260316	0.3732250827848305	0.07514206423874317	0.5634655490372179	2.0388096155412905	0.013398859927331619	4.685922520591093	0.4182648063548099	0.524607698677941	7.062326580820694	0.29162014369437683	0.21473877293097257	0.21803817051901508	0.2756029128556358	0.47690233749700683	117.38759740736008	-930.6648797617878	5.849908922823476E-4	0.932389451925841	5.198925266494204E-4	3.422103983585627E-7	1.017377768484124
4710000	-9658.645530503505	-8703.569195026366	-955.0763354771393	-8530.613414855978	85.18145386675347	1192.2961330204319	0.10798093089010274	0.07745618448805995	0.8991489182901561	0.5715572871521549	4.10535869133718	1.295955707170078	1.0770751539219445	0.11630921420193104	4.149321179078037	0.17071594676238733	0.63940985194462	0.07745618448805995	0.8991489182901561	0.5715572871521549	4.10535869133718	1.295955707170078	1.0770751539219445	0.11630921420193104	4.149321179078037	0.17071594676238733	0.63940985194462	7.162862146753797	0.29162014369437683	0.21473877293097257	0.19876112036107724	0.29487996301357366	0.5533880012861476	114.43553226438115	-939.7010453626883	5.220602650433193E-4	0.7655288124419523	4.7398105503729623E-4	3.1030191598958883E-7	0.9708271440738683
4720000	-9651.063591404245	-8677.058116096248	-974.0054753079963	-8511.747501971146	99.15871781454479	1323.3157126871254	0.06474956327268633	0.13843012456211276	0.15908427877468181	2.5112228677210475	0.24492868071315146	0.5927266989731081	1.9555706458609452	0.3149266973499314	4.260744927447789	0.4180071961129598	0.7159314459035385	0.13843012456211276	0.15908427877468181	2.5112228677210475	0.24492868071315146	0.5927266989731081	1.9555706458609452	0.3149266973499314	4.260744927447789	0.4180071961129598	0.7159314459035385	7.162862146753797	0.29162014369437683	0.21473877293097257	0.19876112036107724	0.29487996301357366	0.41656464002514076	152.1328817094253	-959.5051759091202	5.126396668841519E-4	0.8156230681695598	4.2525105673128625E-4	2.9115111497567637E-7	1.0046794909436705
4730000	-9663.15056390306	-8687.061972617823	-976.0885912852373	-8520.149254187952	111.09486630149964	1417.0910906021545	0.12810540466953768	0.8182829094830953	0.3290113602509246	0.15339095655906013	6.052427126953022	0.5028513898250265	2.4980160653438817	0.02840317664222548	6.107051459046506	0.03323762282785762	1.308611433096396	0.8182829094830953	0.3290113602509246	0.15339095655906013	6.052427126953022	0.5028513898250265	2.4980160653438817	0.02840317664222548	6.107051459046506	0.03323762282785762	1.308611433096396	5.530685578206213	0.29162014369437683	0.21473877293097257	0.19876112036107724	0.29487996301357366	0.41656464002514076	136.00011528646795	-955.9971225914197	5.206843713942027E-4	0.931368811144999	3.937847562582E-4	4.227049358084552E-7	1.2099059325947061
4740000	-9679.235347883023	-8674.678540869278	-1004.5568070137456	-8509.901348844302	129.9964990798655	1670.8147309150797	0.10177819652513938	0.5742696923058509	0.010813660742376717	0.16226960291775244	2.456064293071642	0.4442311864481904	0.8692600429966332	0.0934589205512913	2.5106327549412017	0.03994128031586821	0.878668421430991	0.5742696923058509	0.010813660742376717	0.16226960291775244	2.456064293071642	0.4442311864481904	0.8692600429966332	0.0934589205512913	2.5106327549412017	0.03994128031586821	0.878668421430991	5.530685578206213	0.29162014369437683	0.21473877293097257	0.19876112036107724	0.29487996301357366	0.41656464002514076	157.23921061638373	-994.1218422092737	4.5447548040327887E-4	0.8990881515248481	3.4478016183799016E-4	2.29561405861411E-7	1.1441321383566267
4750000	-9673.94551581037	-8696.644116954403	-977.3013988559669	-8528.256822141742	153.8438891043575	1578.7449871628176	0.10283255282812108	0.2981050745225036	0.17791091062636408	1.8983813895053703	0.71793527868599	0.3480662073685086	4.837243257555766	1.5289332078500748	5.5674995806418375	0.3616167695389196	1.9423329169687358	0.2981050745225036	0.17791091062636408	1.8983813895053703	0.71793527868599	0.3480662073685086	4.837243257555766	1.5289332078500748	5.5674995806418375	0.3616167695389196	1.9423329169687358	6.270193038165967	0.29162014369437683	0.21473877293097257	0.19876112036107724	0.29487996301357366	0.6016282353867849	130.01967842535953	-956.8081453132403	4.630852657775357E-4	0.9729024497624607	3.4491140760421426E-4	2.1040901641651434E-7	1.0511502048149755
4760000	-9668.27322967781	-8697.468494591385	-970.8047350864261	-8535.102487887825	127.21551894635044	1514.0772662836107	0.06155716981039689	0.019576346134858206	0.28920311401606713	0.2016082919686244	1.5726538536036858	1.6084055945158604	0.3449046519489495	0.12740634452878186	3.0203233243244125	0.22087252746664252	1.087876596789856	0.019576346134858206	0.28920311401606713	0.2016082919686244	1.5726538536036858	1.6084055945158604	0.3449046519489495	0.12740634452878186	3.0203233243244125	0.22087252746664252	1.087876596789856	6.586280836381294	0.29162014369437683	0.21473877293097257	0.21795441093703394	0.27568667243761696	0.576019964686354	148.84515731819113	-959.2252021071988	4.87204856508012E-4	0.8010278762999599	3.8253738539679663E-4	2.519031012558202E-7	1.047484602059567
4770000	-9688.07396157588	-8701.704309517889	-986.3696520579915	-8532.86783463489	139.1867032323986	1515.3127857997947	0.10448129752274321	0.24317817923210375	0.007207386540495197	0.3141022435060221	2.5392840351761485	1.0368830192231482	1.370876846425157	0.5333860533846209	6.484478954447057	0.5128187976329992	0.08581552889537303	0.24317817923210375	0.007207386540495197	0.3141022435060221	2.5392840351761485	1.0368830192231482	1.370876846425157	0.5333860533846209	6.484478954447057	0.5128187976329992	0.08581552889537303	6.586280836381294	0.29162014369437683	0.21473877293097257	0.21795441093703394	0.27568667243761696	0.576019964686354	130.5194126744364	-971.0867518293309	4.614324337600043E-4	0.7761503689681942	3.855007586025593E-4	2.7904721593134863E-7	1.1159266415806655
4780000	-9662.542381007885	-8697.382870988013	-965.1595100198726	-8532.951537061328	116.6676042620535	1337.7091015841022	0.06084554871108569	1.191137688209492	0.26087057783165624	1.272372298061332	2.2712255265146046	2.759260918918593	0.9697673140178805	0.35928768910721187	8.851140759830535	0.7287896724686308	0.059590203133966256	1.191137688209492	0.26087057783165624	1.272372298061332	2.2712255265146046	2.759260918918593	0.9697673140178805	0.35928768910721187	8.851140759830535	0.7287896724686308	0.059590203133966256	6.7317134142797945	0.29162014369437683	0.21473877293097257	0.21795441093703394	0.27568667243761696	0.5258657388007055	115.7509826115501	-943.6951191703739	4.8266688372870483E-4	0.7744603951388641	4.432566511813431E-4	2.494292275897031E-7	0.9501729316242058
4790000	-9688.794383920827	-8714.169106991772	-974.6252769290543	-8550.401472784784	120.66897792676579	1354.2793650824694	0.10125274198499297	0.04431975643916496	0.0054320760969752	0.04380130511003642	0.9825942998147772	0.25070619131288013	0.7595099728134892	0.3434549051507443	2.317111076247306	0.3184416947952528	0.7829669536740784	0.04431975643916496	0.0054320760969752	0.04380130511003642	0.9825942998147772	0.25070619131288013	0.7595099728134892	0.3434549051507443	2.317111076247306	0.3184416947952528	0.7829669536740784	6.187117977305824	0.2997232239329699	0.21593324373646683	0.20985133069844086	0.2744922016321227	0.5258657388007055	182.43381531203522	-966.537380442717	4.3645166066118784E-4	0.7419330830923413	4.07718356149636E-4	2.188608224610844E-7	0.9642315334757648
4800000	-9616.083967507544	-8677.001542580063	-939.0824249274812	-8516.745947628737	103.93249995838241	1236.7788831705527	0.1169214971914566	0.511084914209528	0.20749582999864358	0.09717218675869231	0.05382679500445677	0.06022315460495854	1.7794314483312648	0.12304523615826633	2.5285051790591475	0.049267114942128924	0.32115731365436084	0.511084914209528	0.20749582999864358	0.09717218675869231	0.05382679500445677	0.06022315460495854	1.7794314483312648	0.12304523615826633	2.5285051790591475	0.049267114942128924	0.32115731365436084	6.865121307524589	0.2997232239329699	0.21593324373646683	0.20985133069844086	0.2744922016321227	0.5258657388007055	131.8207093162168	-931.267603433352	4.7567008780260566E-4	0.7644225565727009	4.3891531818292267E-4	2.2693376996025989E-7	0.9473114376958728
4810000	-9701.360425036837	-8690.594367523348	-1010.7660575134884	-8526.99033122173	116.28003700829377	1521.2207513678081	0.07826987959270186	0.0868593178679079	0.14264964289329854	1.030787112339924	0.6327886090042577	0.6376421489656907	1.8545358428052148	0.46475159202422783	1.4464061773666448	0.39365333674559816	0.4605220827898134	0.0868593178679079	0.14264964289329854	1.030787112339924	0.6327886090042577	0.6376421489656907	1.8545358428052148	0.46475159202422783	1.4464061773666448	0.39365333674559816	0.4605220827898134	6.865121307524589	0.28984516980656705	0.21593324373646683	0.20985133069844086	0.28437025575852554	0.5258657388007055	222.60980726922227	-1000.6146172620462	4.026578799933883E-4	0.7960627285505578	3.7594401861464565E-4	1.5794027754636817E-7	0.9296201911652587
4820000	-9706.662672890638	-8679.430086039763	-1027.2325868508735	-8518.460329501522	145.34867107087916	1810.5028640509881	0.04982215459861232	0.07524346699720266	0.13555343615952306	0.6687613798752458	0.0068445459149321704	1.777389108734796	1.1269254034630365	0.07890363497184867	2.755788903930974	0.5924313451511435	0.060547194163444236	0.07524346699720266	0.13555343615952306	0.6687613798752458	0.0068445459149321704	1.777389108734796	1.1269254034630365	0.07890363497184867	2.755788903930974	0.5924313451511435	0.060547194163444236	6.070245207380677	0.28984516980656705	0.21593324373646683	0.20985133069844086	0.28437025575852554	0.5258657388007055	198.53574995891609	-1016.5454952840837	3.4004606468214185E-4	0.8620124066496186	3.078629552264414E-4	1.2134615155795315E-7	0.9225731953861669
4830000	-9698.492049174996	-8676.055149388974	-1022.4368997860222	-8520.108544368915	101.87711225128999	1600.6850493406691	0.07768748171999604	0.044861631707538104	0.011825425532279032	0.1451638736793837	0.9040525126477813	0.8069652112733577	0.15319580641218866	0.8751974401744269	2.842599353405362	0.13107457208846726	0.7124600994027079	0.044861631707538104	0.011825425532279032	0.1451638736793837	0.9040525126477813	0.8069652112733577	0.15319580641218866	0.8751974401744269	2.842599353405362	0.13107457208846726	0.7124600994027079	6.723445266097521	0.28984516980656705	0.21593324373646683	0.20985133069844086	0.28437025575852554	0.41100663258583847	196.7841962546682	-1013.1084002273728	3.8454286296300827E-4	0.7965652173892098	3.644089305115164E-4	1.646488221045926E-7	0.939415417163275
4840000	-9688.437961909342	-8667.835871591473	-1020.6020903178686	-8508.793793636592	100.6640582291409	1521.3709573255708	0.06732984732823404	0.9630575609922	0.20288984565715767	0.5303570705212896	0.1765791247251827	0.9263515969025619	0.4967797884135892	0.2836787480390089	2.836622990392343	0.13747157730448542	0.821241102585405	0.9630575609922	0.20288984565715767	0.5303570705212896	0.1765791247251827	0.9263515969025619	0.4967797884135892	0.2836787480390089	2.836622990392343	0.13747157730448542	0.821241102585405	6.723445266097521	0.29596449729823854	0.21593324373646683	0.20373200320676937	0.28437025575852554	0.41100663258583847	160.0657182156522	-1010.2872193974666	4.014286371224076E-4	0.857414250460407	3.579339759439834E-4	1.0491583691270072E-7	0.8254678697163238
4850000	-9674.701627578756	-8676.20516157651	-998.4964660022448	-8510.775084142962	97.5467759226916	1420.2154543597003	0.13007922725807808	6.375658486028782E-4	0.4631795929302596	0.19392446212986056	1.449990841054092	0.734575345953238	0.3499217026468927	2.646563150003266	4.730823059543159	0.1883385012363725	0.9482239843847345	6.375658486028782E-4	0.4631795929302596	0.19392446212986056	1.449990841054092	0.734575345953238	0.3499217026468927	2.646563150003266	4.730823059543159	0.1883385012363725	0.9482239843847345	6.817343783688548	0.29596449729823854	0.21277604152016089	0.20688920542307532	0.28437025575852554	0.5256524020002228	167.48669785887358	-984.2382071742096	4.296712350099072E-4	0.899229420406001	3.874948657232082E-4	1.5701206463955252E-7	0.9164424729955499
4860000	-9704.338507495228	-8707.082704813478	-997.2558026817491	-8548.742183280607	88.32842908983977	1362.6467854724795	0.14103063469644533	0.02248466072295278	0.05995468294957372	0.552225049021122	8.043798021315967	1.505453286823586	0.26320226945804115	0.571088040362444	1.9762670599536272	0.21341932163642632	0.03533770987915287	0.02248466072295278	0.05995468294957372	0.552225049021122	8.043798021315967	1.505453286823586	0.26320226945804115	0.571088040362444	1.9762670599536272	0.21341932163642632	0.03533770987915287	6.817343783688548	0.29596449729823854	0.21277604152016089	0.20688920542307532	0.28437025575852554	0.5256524020002228	180.41074538365424	-981.9852189511948	4.814300948171201E-4	0.6993676319694457	4.40353418692691E-4	1.5395025297964404E-7	0.8056475397121025
4870000	-9705.745734500653	-8698.739515579013	-1007.0062189216413	-8545.012723972906	109.54342741512545	1551.4638749693545	0.06812705600642284	0.41069763723940056	0.03802687720964716	0.15412874898122503	0.20862422203725833	0.10872772732790092	1.1306139693604371	0.6448128937025897	3.5817530800479407	0.3431218130149728	0.20365501984092294	0.41069763723940056	0.03802687720964716	0.15412874898122503	0.20862422203725833	0.10872772732790092	1.1306139693604371	0.6448128937025897	3.5817530800479407	0.3431218130149728	0.20365501984092294	6.16943665393162	0.2868144116724644	0.21277604152016089	0.20688920542307532	0.29352034138429967	0.5256524020002228	205.7160990124575	-997.0839460803638	4.1800194665989537E-4	0.8285122903166827	3.6620498862591634E-4	1.5457842480799553E-7	0.9298383726473285
4880000	-9654.577328041913	-8675.057494198834	-979.5198338430775	-8510.212403754223	103.56306820115954	1322.0491133474275	0.08251292546967323	0.05250629555893347	0.026918637124908985	0.7444567344979057	0.8321329943733001	3.4018827155908915	0.20127022903505878	0.24935956114359104	2.5706617893290358	0.20118496285600865	1.2150739128358385	0.05250629555893347	0.026918637124908985	0.7444567344979057	0.8321329943733001	3.4018827155908915	0.20127022903505878	0.24935956114359104	2.5706617893290358	0.20118496285600865	1.2150739128358385	6.16943665393162	0.2996499665623563	0.21248322930598815	0.20688920542307532	0.28097759870858047	0.4534335454117054	116.3845243553016	-967.5089360461308	4.5358243802052465E-4	0.9000530990284015	4.1664721105056003E-4	1.8499907667499347E-7	0.9210701867140955
4890000	-9619.66988256757	-8668.09573242763	-951.5741501399399	-8496.766437079576	83.10060231072616	1169.552633733225	0.12976428538232065	0.7573334067139891	0.06315807143858929	0.7088190574201333	2.373633289857578	0.5789886546978489	1.9713824333211634	2.508079552141612	2.056320917784985	0.3350244123513834	0.12770345054168317	0.7573334067139891	0.06315807143858929	0.7088190574201333	2.373633289857578	0.5789886546978489	1.9713824333211634	2.508079552141612	2.056320917784985	0.3350244123513834	0.12770345054168317	6.16943665393162	0.2996499665623563	0.21986316034261114	0.21485870670905477	0.265628166385978	0.5130545614460795	128.78221498266635	-937.6172971486042	5.270128447808286E-4	0.9578684190470926	4.5574845574075933E-4	2.2432202386995873E-7	0.9395989681404076
4900000	-9653.848207194906	-8674.872737595806	-978.9754695991002	-8511.920499657666	139.7162675472048	1463.2548618938795	0.062101177766500405	0.45563980104758495	0.040545872363611526	1.8716086904825389	0.25279953647190617	1.29699379316501	2.0512327233257497	0.6500224440564699	3.871342915617717	0.15104144138874917	0.175637093778977	0.45563980104758495	0.040545872363611526	1.8716086904825389	0.25279953647190617	1.29699379316501	2.0512327233257497	0.6500224440564699	3.871342915617717	0.15104144138874917	0.175637093778977	6.16943665393162	0.27997236865874336	0.21986316034261114	0.21485870670905477	0.285305764289591	0.6498823042178653	174.78726937878182	-964.385896019437	5.403737249459068E-4	0.9462181815884293	4.1573943970504157E-4	2.419453534547552E-7	0.9805625096034035
4910000	-9621.83147524093	-8675.723543177251	-946.107932063678	-8514.155026216033	122.33719717415104	1239.1253424241756	0.08698562745312576	0.08456149702956949	0.19250630008706293	1.0957494033934705	0.3735235312549723	1.6099368564611847	3.4126120057907263	0.10995395032743417	6.791572191848733	0.042757783341051646	2.70302775801324	0.08456149702956949	0.19250630008706293	1.0957494033934705	0.3735235312549723	1.6099368564611847	3.4126120057907263	0.10995395032743417	6.791572191848733	0.042757783341051646	2.70302775801324	6.16943665393162	0.27997236865874336	0.21986316034261114	0.21485870670905477	0.285305764289591	0.544459065777791	108.09298765485396	-926.3087414583415	6.667268602307904E-4	1.065981065320211	4.5052928322202284E-4	3.368753136830894E-7	1.0060491310530197
4920000	-9581.940089803364	-8676.589980777126	-905.3501090262382	-8514.902790254684	75.37094576097256	1025.0109396450475	0.12294045137434806	0.6292358448079102	0.3818762083233335	0.17574252774435045	4.348975058214933	0.6675440616616066	2.483560984691091	0.750500621473051	2.5562916653079895	0.7583990163548798	0.27102996901171633	0.6292358448079102	0.3818762083233335	0.17574252774435045	4.348975058214933	0.6675440616616066	2.483560984691091	0.750500621473051	2.5562916653079895	0.7583990163548798	0.27102996901171633	6.16943665393162	0.27997236865874336	0.21986316034261114	0.21485870670905477	0.285305764289591	0.45156169950928965	92.96406704550523	-889.1156061931468	8.545103480534187E-4	1.0905252357583572	5.537263369852211E-4	6.740812533513285E-7	1.06896998803467
4930000	-9614.883841471	-8697.030335620062	-917.8535058509383	-8531.434440482673	65.38687999840347	946.06498371203	0.10264248171009249	0.8201967244347956	0.630425958646768	0.672784327564817	0.8936245313902785	1.8216246946205934	1.2150732304311387	0.921219548350965	4.244027254193707	0.7921560534894956	0.6314895421099797	0.8201967244347956	0.630425958646768	0.672784327564817	0.8936245313902785	1.8216246946205934	1.2150732304311387	0.921219548350965	4.244027254193707	0.7921560534894956	0.6314895421099797	6.16943665393162	0.27997236865874336	0.21986316034261114	0.21485870670905477	0.285305764289591	0.45156169950928965	109.79487534285751	-902.2219743815816	7.82984926709681E-4	0.9481592038468805	5.402048067517494E-4	7.185466136515879E-7	1.217778221470981
4940000	-9602.207767860804	-8696.314720334012	-905.8930475267916	-8524.39272824507	74.71307432871937	933.7365171633713	0.11917165688338187	0.11081166885632981	0.07854456606025167	0.18865785492907078	2.0343425127087498	0.6355709686789484	0.9676871127797133	1.271520430436229	2.734143756491472	0.43114760096846544	0.4132122936117233	0.11081166885632981	0.07854456606025167	0.18865785492907078	2.0343425127087498	0.6355709686789484	0.9676871127797133	1.271520430436229	2.734143756491472	0.43114760096846544	0.4132122936117233	6.16943665393162	0.27997236865874336	0.21986316034261114	0.21485870670905477	0.285305764289591	0.481686807199105	84.2752338027376	-894.5509365729032	7.812889820938424E-4	0.9102581476595903	5.385876086006389E-4	5.064192095047745E-7	1.06006691476403
4950000	-9609.531178302475	-8689.14044714284	-920.3907311596366	-8519.830869425628	73.32156973525075	1007.3099707372364	0.15748399071808267	0.10339860229738375	0.09627822357340479	0.30194519835529415	3.2447209052654404	1.7254465445257705	2.888505164290045	3.185123818396522	5.484374826113343	0.20935940277294204	1.044893918926266	0.10339860229738375	0.09627822357340479	0.30194519835529415	3.2447209052654404	1.7254465445257705	2.888505164290045	3.185123818396522	5.484374826113343	0.20935940277294204	1.044893918926266	6.16943665393162	0.27997236865874336	0.21986316034261114	0.21485870670905477	0.285305764289591	0.481686807199105	101.85447974935921	-899.8923976237138	7.853304975037885E-4	0.8449296858508434	5.768217660857032E-4	4.2528239029670934E-7	0.8961259849526706
4960000	-9605.268078674886	-8691.692916493266	-913.57516218162	-8520.868790780703	77.72390500714184	1067.598147429752	0.12998031549342154	1.6960180976779837	0.1554761050924652	0.24599235444252768	0.04019708540383367	1.042013613222585	1.1584961391981896	0.4440137923019278	2.1457839506196272	0.0680846498343878	0.02112605705409076	1.6960180976779837	0.1554761050924652	0.24599235444252768	0.04019708540383367	1.042013613222585	1.1584961391981896	0.4440137923019278	2.1457839506196272	0.0680846498343878	0.02112605705409076	5.761465582574001	0.27997236865874336	0.21986316034261114	0.21485870670905477	0.285305764289591	0.481686807199105	94.92370152324098	-904.351902209791	7.068836305711046E-4	0.8935337858515332	5.405378240845137E-4	3.444142367154986E-7	0.9021060685669469
4970000	-9659.956083560124	-8706.018654660818	-953.937428899306	-8533.620773687033	99.15997183816127	1250.262729292303	0.1408250964659699	0.17035252125272166	0.05424470467847464	0.01731262188242824	0.3612525023330824	0.607913208598741	1.0802224825562874	0.05854676108599497	5.84285305491532	0.11753737922568891	1.5477961310233652	0.17035252125272166	0.05424470467847464	0.01731262188242824	0.3612525023330824	0.607913208598741	1.0802224825562874	0.05854676108599497	5.84285305491532	0.11753737922568891	1.5477961310233652	7.073740805524595	0.27997236865874336	0.21986316034261114	0.21485870670905477	0.285305764289591	0.6077480407519995	111.99014662258067	-941.9521108423239	5.143754482299862E-4	0.8286703702506688	4.1853564192019684E-4	2.058896842435618E-7	0.9380303603216925
4980000	-9620.923464147194	-8697.391596183385	-923.5318679638087	-8527.259188413409	131.06392051929743	1132.7834612690906	0.11840471961778783	0.3056002612433252	0.4067616842858366	0.3435087796294623	0.18829557351744308	0.3356237332128994	2.2152593009018973	0.163961217954729	4.9661028836304375	0.821759954086206	0.12135667605693931	0.3056002612433252	0.4067616842858366	0.3435087796294623	0.18829557351744308	0.3356237332128994	2.2152593009018973	0.163961217954729	4.9661028836304375	0.821759954086206	0.12135667605693931	6.9650767814954095	0.27997236865874336	0.21986316034261114	0.21485870670905477	0.285305764289591	0.6077480407519995	118.68358619285146	-910.0235781215328	7.665962794604933E-4	1.0816493889886754	5.285580181614812E-4	3.9107034717951737E-7	0.9061977497772077
4990000	-9621.280867575948	-8714.653020267737	-906.627847308211	-8546.476673695746	86.2033066847904	972.6684809659068	0.11115367872290932	1.6544031728667914	0.13614839841510323	2.1410871610761126	0.45564746943367246	0.9742848954629902	3.3639721322676728	1.019952504173063	5.096799299109909	0.45885663002499	0.08100598747076597	1.6544031728667914	0.13614839841510323	2.1410871610761126	0.45564746943367246	0.9742848954629902	3.3639721322676728	1.019952504173063	5.096799299109909	0.45885663002499	0.08100598747076597	6.566715020645533	0.27997236865874336	0.21986316034261114	0.21485870670905477	0.285305764289591	0.45963790512582353	94.49579326280923	-887.7869962646333	8.8005771043002E-4	1.08255336949872	6.793953228480065E-4	6.483058824797186E-7	0.930059638999203
5000000	-9550.665432374843	-8677.311428472447	-873.3540039023948	-8507.418912001489	65.95051044834103	841.251625458665	0.1672887819583678	0.3092322402604403	0.11195272877588397	0.017277110084868902	0.920080680267193	0.27908303942996365	0.5695668907756404	0.32045704689772536	0.7426499770632233	0.25193532390403195	0.03104632964252887	0.3092322402604403	0.11195272877588397	0.017277110084868902	0.920080680267193	0.27908303942996365	0.5695668907756404	0.32045704689772536	0.7426499770632233	0.25193532390403195	0.03104632964252887	6.16215547022704	0.2968621146632375	0.21986316034261114	0.21485870670905477	0.26841601828509687	0.45963790512582353	81.58523844597762	-867.7695947026037	8.004701852296681E-4	0.8683714655177824	6.374730206799787E-4	5.989376919643081E-7	0.9787857114455708
5010000	-9560.131499554709	-8670.034365238576	-890.0971343161326	-8499.473935482005	70.0745874583111	848.6304341352234	0.15727191142313698	0.059374458738374915	0.03665480368416585	0.446936873799013	0.15014644310000602	0.9069053098984698	3.3312735263790327	1.0667993876710435	3.677986210165266	0.4082966059694423	0.539910577590638	0.059374458738374915	0.03665480368416585	0.446936873799013	0.15014644310000602	0.9069053098984698	3.3312735263790327	1.0667993876710435	3.677986210165266	0.4082966059694423	0.539910577590638	6.16215547022704	0.2968621146632375	0.21986316034261114	0.21485870670905477	0.26841601828509687	0.45963790512582353	87.9076603856538	-876.6003009107872	8.620508160884953E-4	1.061444266877761	6.453431877413715E-4	1.0880929120436444E-6	1.2764053537209257
5020000	-9562.453413010291	-8704.143435640139	-858.3099773701521	-8531.061884993436	67.3343488005427	765.8606325528777	0.28053444107727565	0.2929208475190894	0.2633235704263018	0.018694647732514977	1.3287518427455938	0.35042344139626974	0.6008012629974672	2.6180887930700276	3.7654258422783626	0.09556225793057078	0.6309060451151803	0.2929208475190894	0.2633235704263018	0.018694647732514977	1.3287518427455938	0.35042344139626974	0.6008012629974672	2.6180887930700276	3.7654258422783626	0.09556225793057078	0.6309060451151803	7.397489582977309	0.28972564039315896	0.21986316034261114	0.2140604194038943	0.27635077986033585	0.45963790512582353	64.22691734630722	-846.282867753171	8.875101614005291E-4	0.9120505344537024	6.878578935949667E-4	8.396510725188713E-7	1.1042254373690483
5030000	-9555.002282420162	-8705.744199956735	-849.2580824634285	-8535.564174011914	66.63239636754895	761.3078328344459	0.12954637276806238	0.12744784403061357	0.06268190117741299	0.14011696780499225	1.2740490328599368	1.1233610752250216	0.5130195904963913	0.8835897977917939	3.0317358386858237	0.46468507387390706	0.5262749624880984	0.12744784403061357	0.06268190117741299	0.14011696780499225	1.2740490328599368	1.1233610752250216	0.5130195904963913	0.8835897977917939	3.0317358386858237	0.46468507387390706	0.5262749624880984	6.135950880820362	0.28972564039315896	0.21986316034261114	0.2140604194038943	0.27635077986033585	0.4952549489962185	67.78298888107835	-838.7510150627745	8.436489307046709E-4	0.9268295312063588	6.627370686708731E-4	8.016604086731888E-7	1.1131707288392505
5040000	-9576.297184447221	-8675.452605517632	-900.8445789295888	-8509.948454641502	78.32916732346382	960.2352120755432	0.12904843339679348	0.31792533584424787	0.2747588171596916	0.37285130175498354	0.44320794701358923	0.317468697227394	2.0749285919831624	0.6893537183592942	3.5138315606921733	0.1437508202724107	0.3467809725773142	0.31792533584424787	0.2747588171596916	0.37285130175498354	0.44320794701358923	0.317468697227394	2.0749285919831624	0.6893537183592942	3.5138315606921733	0.1437508202724107	0.3467809725773142	5.916449717517539	0.28972564039315896	0.21986316034261114	0.2140604194038943	0.27635077986033585	0.4952549489962185	87.90005617252356	-890.1617126620026	6.352096870067964E-4	0.9395737752321557	5.961505643945855E-4	5.321828226582874E-7	1.0975306338547186
5050000	-9607.238419531841	-8686.61210726031	-920.6263122715317	-8521.083095185551	81.18938711551674	975.6680829373909	0.13164342311611338	0.019259908132293876	0.5077360813433348	0.5807913252535709	2.4868322431781626	0.12607250097030662	2.970550782440974	0.32554589954261715	4.62660758746548	0.20424465204592684	0.7566720288977355	0.019259908132293876	0.5077360813433348	0.5807913252535709	2.4868322431781626	0.12607250097030662	2.970550782440974	0.32554589954261715	4.62660758746548	0.20424465204592684	0.7566720288977355	5.7535790788362995	0.28972564039315896	0.21986316034261114	0.2140604194038943	0.27635077986033585	0.39324499445342387	123.1123159385712	-906.0066081705386	6.25929670414916E-4	0.8351899837301517	5.342568502644396E-4	4.2940261014127335E-7	1.0388672009787603
5060000	-9602.808145925856	-8692.272261187556	-910.5358847383003	-8530.210022775716	73.60731216232647	938.5945980396725	0.0911670570858098	0.6998423020588175	0.11207214811965198	0.7271407769430248	0.36467675168288255	0.42576596015195023	1.0612458287111155	0.2586780759148025	2.8895098809610222	0.2622855385561805	0.24263814398396336	0.6998423020588175	0.11207214811965198	0.7271407769430248	0.36467675168288255	0.42576596015195023	1.0612458287111155	0.2586780759148025	2.8895098809610222	0.2622855385561805	0.24263814398396336	6.116622546352965	0.28972564039315896	0.21986316034261114	0.2140604194038943	0.27635077986033585	0.39324499445342387	106.56664898931999	-900.9106480627473	6.676926157439284E-4	0.8805810337044601	5.998807784077851E-4	4.332731344692794E-7	1.0019400369861393
5070000	-9591.871982668275	-8699.44852010727	-892.4234625610067	-8532.812159202349	76.99700779563223	899.2231623390112	0.08978779804062473	0.08704451740474904	0.07617667805505603	0.3875068435835918	0.3774536765082244	1.1921021235499925	0.5723962294395497	0.1849267015512185	1.7999679137623321	0.17900804829094374	1.1389079683919334	0.08704451740474904	0.07617667805505603	0.3875068435835918	0.3774536765082244	1.1921021235499925	0.5723962294395497	0.1849267015512185	1.7999679137623321	0.17900804829094374	1.1389079683919334	7.062768092967999	0.28972564039315896	0.21986316034261114	0.2140604194038943	0.27635077986033585	0.5253966448921247	79.05899352258858	-883.7905672322069	7.478119567183372E-4	0.8222025559160413	6.381539055734438E-4	4.868109600758626E-7	0.9742889823151776
5080000	-9603.199379133725	-8674.614455840041	-928.5849232936837	-8498.615351325487	75.13420156297786	989.5438360264734	0.17517723779431651	0.8334262299006232	0.24610607115823238	0.9102306882246463	1.4533536832604523	0.37453530265522567	4.677476577123	0.16267331371715363	3.1692443205372403	0.2802143561514577	1.4972983524432497	0.8334262299006232	0.24610607115823238	0.9102306882246463	1.4533536832604523	0.37453530265522567	4.677476577123	0.16267331371715363	3.1692443205372403	0.2802143561514577	1.4972983524432497	7.062768092967999	0.3000088405582752	0.20957996017749486	0.2140604194038943	0.27635077986033585	0.5253966448921247	86.92715708128206	-912.7275734942924	6.970959461660843E-4	0.8957207013435432	5.806999358673694E-4	4.911447929341432E-7	1.0460841829368992
5090000	-9618.058993685654	-8700.732530990572	-917.3264626950823	-8533.887081155426	90.2208643099277	1031.2611540678572	0.09446050992979838	0.20178025846930886	0.13010191857150014	0.5589007453381754	0.5880340314635338	2.217392790050272	2.5618003513347625	1.9445631434155946	4.973902716471635	0.14613855542535376	1.6247640010946964	0.20178025846930886	0.13010191857150014	0.5589007453381754	0.5880340314635338	2.217392790050272	2.5618003513347625	1.9445631434155946	4.973902716471635	0.14613855542535376	1.6247640010946964	6.331347424785563	0.3000088405582752	0.20957996017749486	0.2272176609253234	0.2631935383389068	0.5652492044964129	109.44222109380691	-899.5305936463355	6.532133490731469E-4	0.9063190876775676	5.432250754492247E-4	4.838335523651525E-7	1.0434106740930373
5100000	-9611.191781173882	-8669.830256871799	-941.361524302083	-8511.044220264059	92.27033062448082	1111.9954626766644	0.11257534720228891	0.3051396097844604	0.1418044403761357	0.603570965096811	2.1493098974875453	0.3161223593376066	2.272473238831964	1.0246855865165239	2.65262199864203	0.3382003883039163	0.46005187829408895	0.3051396097844604	0.1418044403761357	0.603570965096811	2.1493098974875453	0.3161223593376066	2.272473238831964	1.0246855865165239	2.65262199864203	0.3382003883039163	0.46005187829408895	6.331347424785563	0.3000088405582752	0.1939139666740393	0.2272176609253234	0.27885953184236234	0.6123608183587392	118.45842037043944	-928.6139881998218	5.431728130902702E-4	0.8668965268072264	5.244646507943415E-4	2.871034904574345E-7	1.0112775843818502
5110000	-9593.374628069234	-8674.326807309157	-919.0478207600765	-8506.842353760927	82.46121631480901	1000.8517859095615	0.10116748823224582	0.8463699139380088	0.112035577874706	0.006480815402659592	1.0308123477283067	0.53709628386878	1.0935466466598809	0.4624862661982765	2.247448546323383	0.19699104274815957	0.9445958085973553	0.8463699139380088	0.112035577874706	0.006480815402659592	1.0308123477283067	0.53709628386878	1.0935466466598809	0.4624862661982765	2.247448546323383	0.19699104274815957	0.9445958085973553	6.148250549074392	0.3000088405582752	0.20717498018413225	0.2272176609253234	0.2655985183322694	0.6123608183587392	104.90398105049896	-909.2316319345013	5.950636176339033E-4	0.8185236690356682	6.100567939068422E-4	3.256456181767746E-7	0.9073799330684318
5120000	-9617.102853939034	-8690.146472048042	-926.9563818909926	-8524.62344021723	90.37759628804005	1018.6949299895641	0.12386036341755054	0.18580058479157752	0.05056516780773895	1.0412877888275134	1.0983545973149542	0.9265399185717201	2.8037901668901437	1.0242049916682543	3.690746110742326	0.713873163259191	0.9080863884481282	0.18580058479157752	0.05056516780773895	1.0412877888275134	1.0983545973149542	0.9265399185717201	2.8037901668901437	1.0242049916682543	3.690746110742326	0.713873163259191	0.9080863884481282	6.148250549074392	0.3000088405582752	0.20717498018413225	0.2272176609253234	0.2655985183322694	0.4769721335512431	101.90687725701457	-912.4201722863087	6.373482278612368E-4	0.8311057067756027	5.552838646009209E-4	3.86797340579062E-7	0.9587583461167043
5130000	-9640.907528410055	-8712.341472340882	-928.5660560691717	-8548.707019791753	110.32259894393471	1073.95798197743	0.12131238705081718	0.4159266974999515	0.026277398147894735	1.53903763112643	1.5411267774195117	0.8596056729552638	1.2179919618054624	0.5979317405754252	5.39206465936396	0.23392350876957857	0.41700948978356683	0.4159266974999515	0.026277398147894735	1.53903763112643	1.5411267774195117	0.8596056729552638	1.2179919618054624	0.5979317405754252	5.39206465936396	0.23392350876957857	0.41700948978356683	5.783486860413032	0.3000088405582752	0.20717498018413225	0.21840755163954786	0.2744086276180449	0.6233415037687217	109.26175161828226	-913.9197452493789	6.089800641859936E-4	0.8968566809783849	5.375354925557008E-4	4.1210578800471445E-7	0.9866826028441078
5140000	-9618.00613422601	-8676.970865926374	-941.0352682996356	-8510.163814593207	118.0903957804092	1148.5955470261483	0.06405765837704883	0.5248708835521088	0.44902316953492466	1.6171520054926964	0.06780003359137464	0.588814891000548	0.06283657737704448	0.1365773335712784	2.39158156539913	0.11504810315714815	0.29411815244677747	0.5248708835521088	0.44902316953492466	1.6171520054926964	0.06780003359137464	0.588814891000548	0.06283657737704448	0.1365773335712784	2.39158156539913	0.11504810315714815	0.29411815244677747	5.783486860413032	0.3000088405582752	0.20717498018413225	0.21840755163954786	0.2744086276180449	0.4254556942068267	120.71702316522565	-931.7499693481192	5.783627875854856E-4	0.9074433953139779	5.004751920626876E-4	4.0821528753696493E-7	1.0837544113124091
5150000	-9611.499841305524	-8680.133509116738	-931.366332188785	-8519.586398969455	109.21846067432645	1097.2532820399651	0.09395363689824364	0.5741524194343239	0.21745714351927756	0.21541322001414676	0.044265305451481995	1.6526775852920312	2.0758713640944215	0.09313019160803811	4.637202289240435	0.8416419312820167	0.05356130631570564	0.5741524194343239	0.21745714351927756	0.21541322001414676	0.044265305451481995	1.6526775852920312	2.0758713640944215	0.09313019160803811	4.637202289240435	0.8416419312820167	0.05356130631570564	5.886320289438393	0.3000088405582752	0.20717498018413225	0.21840755163954786	0.2744086276180449	0.4254556942068267	102.39376445364273	-918.2943140901573	6.289982528951106E-4	0.9550776631158195	5.140711203005178E-4	4.2350895912768015E-7	0.9687457485576321
5160000	-9579.933232322626	-8659.973419119622	-919.9598132030039	-8499.536449460236	107.91162554369873	1100.169134041436	0.10345033651964465	0.9166626140477241	0.08090687052776441	0.21489332630205193	0.8842704431334264	0.9642443745446099	0.768814602815513	0.13865510691995825	4.543745647156563	0.3115258181054836	0.8019451955902823	0.9166626140477241	0.08090687052776441	0.21489332630205193	0.8842704431334264	0.9642443745446099	0.768814602815513	0.13865510691995825	4.543745647156563	0.3115258181054836	0.8019451955902823	4.815036563740682	0.3000088405582752	0.20717498018413225	0.21840755163954786	0.2744086276180449	0.4850687609345775	109.42824130156497	-907.6593789292486	6.277046260455714E-4	1.0460906937613257	5.229154791313202E-4	4.6297758999794015E-7	0.9755804119078576
5170000	-9620.011697981678	-8674.133390027035	-945.8783079546427	-8513.669960423345	126.10717978880156	1225.7187273079892	0.08325755023625837	0.7033660902360145	0.17803340858108258	0.22529555367347384	1.367889936276832	0.9790086042172811	1.6092838614332488	0.008214442906166535	4.593966848079991	0.27448313036047783	0.07408443180301243	0.7033660902360145	0.17803340858108258	0.22529555367347384	1.367889936276832	0.9790086042172811	1.6092838614332488	0.008214442906166535	4.593966848079991	0.27448313036047783	0.07408443180301243	6.451261841433309	0.3000088405582752	0.21537151008652639	0.21840755163954786	0.2662120977156508	0.4850687609345775	140.0456760396403	-932.6730284158688	5.567889663269319E-4	0.9707745962822786	4.7781140420026324E-4	4.978457899214038E-7	1.1339842268643736
5180000	-9600.448656141743	-8675.891507100412	-924.5571490413307	-8506.837020492685	95.20852962414855	1051.448302670064	0.10280446004260753	0.01392933981235178	0.14119240324334703	0.5104130483894909	1.0160662121221467	0.9417140095829472	2.88226569763582	0.015511307810335434	2.800310709223942	0.6206739576666603	0.09188557800764162	0.01392933981235178	0.14119240324334703	0.5104130483894909	1.0160662121221467	0.9417140095829472	2.88226569763582	0.015511307810335434	2.800310709223942	0.6206739576666603	0.09188557800764162	6.907839278149753	0.3000088405582752	0.21537151008652639	0.21840755163954786	0.2662120977156508	0.6447386260295983	107.4352438935978	-912.6840455948427	5.866837766785936E-4	0.9147833685126671	5.475550782394579E-4	6.558889690569958E-7	1.2315687496158392
5190000	-9623.27707746098	-8667.484368813291	-955.7927086476878	-8507.492229800328	151.1877193803034	1274.2773165950703	0.07723291937576379	1.3644609436303201	0.28436795010485455	0.4716838775537525	1.3009478699601866	0.551520056847733	1.0724770703748117	0.7450895088319588	3.2114254909332876	0.6861345754460727	0.5063297807173843	1.3644609436303201	0.28436795010485455	0.4716838775537525	1.3009478699601866	0.551520056847733	1.0724770703748117	0.7450895088319588	3.2114254909332876	0.6861345754460727	0.5063297807173843	6.057964319230082	0.28995898637468237	0.2064877405619653	0.21840755163954786	0.28514572142380473	0.6447386260295983	132.4185374536139	-941.9967505677461	5.714085973269387E-4	1.0535000035057067	4.691186613797951E-4	4.5661591218943205E-7	1.0779250429346303
5200000	-9639.102272426195	-8690.065935244605	-949.0363371815887	-8528.979460967528	112.19804178681326	1263.6810223874331	0.10838575700058577	0.5562901148139578	0.19130101339945105	0.04203462589669793	1.2630460837151958	0.19137404214084155	1.4899997631784054	0.6350665359819436	2.63129414646495	0.3379280169450235	0.5075461679897876	0.5562901148139578	0.19130101339945105	0.04203462589669793	1.2630460837151958	0.19137404214084155	1.4899997631784054	0.6350665359819436	2.63129414646495	0.3379280169450235	0.5075461679897876	6.492491887969288	0.28995898637468237	0.2064877405619653	0.21840755163954786	0.28514572142380473	0.6447386260295983	142.20670231197258	-938.1658576149247	5.713608371272995E-4	0.9373877864579284	4.6296859352220227E-4	4.111320428055157E-7	1.128227923444698
5210000	-9658.888298060996	-8678.410178982873	-980.4781190781239	-8507.563496139826	95.60667394671773	1356.968536239785	0.06228327997546877	0.038874682988584645	0.20739082841017278	0.32489533077461613	1.3685507585254149	0.9226368318914748	0.7810823533339363	1.576894056898769	4.5542419335329996	0.3124028146013986	0.4176473089749698	0.038874682988584645	0.20739082841017278	0.32489533077461613	1.3685507585254149	0.9226368318914748	0.7810823533339363	1.576894056898769	4.5542419335329996	0.3124028146013986	0.4176473089749698	6.492491887969288	0.30117928009816225	0.2064877405619653	0.207187257916068	0.28514572142380473	0.5176374807415521	166.1480952777915	-966.7569408470852	4.68384743861818E-4	0.8284469878036683	3.9259280881623565E-4	1.9058746433551452E-7	0.9395340822728604
5220000	-9657.867437107121	-8691.558334724767	-966.3091023823545	-8518.862400661726	90.07232891774643	1329.1456644913947	0.1052057162164877	0.40295093326434184	1.1707106716230071	0.3538516559955312	0.4879427697683851	3.9500177543024177	0.41563170558650564	0.06723290126401318	3.515034739562244	0.006806841715993581	1.7447672098809863	0.40295093326434184	1.1707106716230071	0.3538516559955312	0.4879427697683851	3.9500177543024177	0.41563170558650564	0.06723290126401318	3.515034739562244	0.006806841715993581	1.7447672098809863	7.26936202632493	0.30117928009816225	0.2064877405619653	0.207187257916068	0.28514572142380473	0.5176374807415521	130.82722257968445	-951.4215217259023	5.188786945419103E-4	0.8786509719368927	4.223852188192912E-4	2.394173788972254E-7	0.9755497065758381
5230000	-9608.030234757576	-8681.176000914938	-926.854233842637	-8520.218372013282	82.16106598746656	1112.4757131922097	0.10818304137590773	0.21422376477434205	0.027622922981024475	0.1571414462339715	0.5637409528531191	0.47647814081672857	2.0437213288861096	1.1287360323077713	1.5522432397116572	0.0110430153110593	0.28883661158318985	0.21422376477434205	0.027622922981024475	0.1571414462339715	0.5637409528531191	0.47647814081672857	2.0437213288861096	1.1287360323077713	1.5522432397116572	0.0110430153110593	0.28883661158318985	6.6897766245380135	0.30117928009816225	0.2185970493284839	0.207187257916068	0.2730364126572861	0.5176374807415521	118.31263990714278	-917.7356561563716	5.989348517392014E-4	0.8828434932013944	4.579005524467855E-4	3.595500390680448E-7	1.0189635440611233
5240000	-9612.046474021685	-8673.149935936017	-938.8965380856674	-8518.131745606264	83.4488871832729	1115.7418093759757	0.08969241248740105	0.19305189993624425	0.3695605316707859	0.40488955894353584	0.18382380280083266	0.3539655832719351	1.9483711802243189	0.05076591474716706	4.029508138007077	0.8180955814038404	0.559657305058078	0.19305189993624425	0.3695605316707859	0.40488955894353584	0.18382380280083266	0.3539655832719351	1.9483711802243189	0.05076591474716706	4.029508138007077	0.8180955814038404	0.559657305058078	6.123130697678349	0.30117928009816225	0.2185970493284839	0.207187257916068	0.2730364126572861	0.5176374807415521	117.03710865461036	-926.5006111579245	7.65872109082378E-4	1.0187261941547459	5.344375475539431E-4	6.567160577115329E-7	1.119458122723836
5250000	-9620.234766083886	-8687.547951928736	-932.6868141551497	-8521.696336571913	86.97024081078233	1176.179040145345	0.07202511482780362	0.04221261080948985	0.15469739873918245	0.1382908958811582	0.6860683478360919	0.1512500256055086	0.8792582342664835	0.438262101192472	1.7429083253599675	0.3482561172756032	0.285262901226317	0.04221261080948985	0.15469739873918245	0.1382908958811582	0.6860683478360919	0.1512500256055086	0.8792582342664835	0.438262101192472	1.7429083253599675	0.3482561172756032	0.285262901226317	6.123130697678349	0.30117928009816225	0.2185970493284839	0.207187257916068	0.2730364126572861	0.5176374807415521	111.73911822054549	-925.2534864365962	5.895107542875605E-4	0.7697966932001455	4.5729358106941817E-4	3.718327051156396E-7	1.088210337493938
5260000	-9626.013210653411	-8699.10478127742	-926.9084293759921	-8529.652689582319	83.45561472062433	1137.869465781164	0.14996783471718225	1.4314139365163758	0.004817087666895424	0.2002701692367855	1.2480264444603641	0.5379674519438332	0.9374273458663821	0.29192760637359155	2.85219289556893	0.08092896393827993	0.4394438043565937	1.4314139365163758	0.004817087666895424	0.2002701692367855	1.2480264444603641	0.5379674519438332	0.9374273458663821	0.29192760637359155	2.85219289556893	0.08092896393827993	0.4394438043565937	6.699639708875428	0.31499544422838943	0.2047808851982567	0.207187257916068	0.2730364126572861	0.5176374807415521	114.79397706478385	-917.0196866211189	5.601016839577441E-4	0.7486855905398981	4.5422653219155006E-4	3.3415811106905314E-7	1.0076684239842633
5270000	-9658.674959738006	-8695.922719750233	-962.752239987772	-8523.641082794693	116.26065774335392	1365.3971565746606	0.10896764855521583	0.05626886050406563	0.21610155309593923	0.46241919072659615	0.901523401175836	0.36459369817028436	0.28337729486606505	0.5561035382879742	2.810777646344543	0.3071517623370654	0.49049063344951577	0.05626886050406563	0.21610155309593923	0.46241919072659615	0.901523401175836	0.36459369817028436	0.28337729486606505	0.5561035382879742	2.810777646344543	0.3071517623370654	0.49049063344951577	6.09030352976158	0.31499544422838943	0.2047808851982567	0.207187257916068	0.2730364126572861	0.5794936471026607	140.76848013304215	-954.3122995039585	4.901273549822848E-4	0.704416206828778	4.089967731840091E-4	2.104196564978675E-7	0.9407358221405425
5280000	-9643.358890614143	-8684.67750943779	-958.6813811763539	-8518.87909865221	86.87309346098178	1262.5881538865897	0.0965699650060331	1.0017346418669224	0.006130140663275009	0.6757073977605808	1.4071348114401254	0.027415770144525793	1.8657552481907682	0.2947328665229368	2.868514566944984	0.10711817446146907	0.8371723859021658	1.0017346418669224	0.006130140663275009	0.6757073977605808	1.4071348114401254	0.027415770144525793	1.8657552481907682	0.2947328665229368	2.868514566944984	0.10711817446146907	0.8371723859021658	6.919798608696543	0.31499544422838943	0.2047808851982567	0.207187257916068	0.2730364126572861	0.4540142579757321	107.97020027258237	-947.6415547636677	5.065205472841873E-4	0.6984851631369083	3.9686554280973655E-4	3.6597668826930936E-7	1.1854232608702053
5290000	-9641.645901584543	-8692.788530182383	-948.857371402161	-8532.740027035381	80.8996818057187	1196.724101737349	0.13218783222367647	0.47405120704299636	2.7307849582509534E-4	0.1459843075057607	1.5929761347518192	0.4878567539176431	1.7719856264446536	0.7778556269608297	3.8417100859375117	0.36197778726368157	0.12622013884890246	0.47405120704299636	2.7307849582509534E-4	0.1459843075057607	1.5929761347518192	0.4878567539176431	1.7719856264446536	0.7778556269608297	3.8417100859375117	0.36197778726368157	0.12622013884890246	5.72937706874022	0.3039239615792103	0.2047808851982567	0.19830049373148553	0.29299465949104775	0.4540142579757321	120.26245438610883	-937.7129340608946	5.184322608577883E-4	0.7197048523296484	4.5276338423545564E-4	4.075827983022928E-7	1.1834409822648644
5300000	-9637.39282397139	-8698.505264834348	-938.8875591370415	-8526.217690793359	77.28339774470045	1094.3685588434764	0.16551618831230758	0.6395825325701038	0.28336717956788504	0.504756867373609	0.8812147461402127	0.502400624797684	0.49793749089497663	0.5452117954940782	4.887113923757359	0.2546601709514309	1.2751827418660868	0.6395825325701038	0.28336717956788504	0.504756867373609	0.8812147461402127	0.502400624797684	0.49793749089497663	0.5452117954940782	4.887113923757359	0.2546601709514309	1.2751827418660868	5.371925284112903	0.29206987550488306	0.2047808851982567	0.21015457980581279	0.29299465949104775	0.4626954021988644	114.1297171977427	-926.9037887451282	5.782543463689665E-4	0.8460043048874606	4.66187970390265E-4	2.8400058602194293E-7	0.9971041936077223
5310000	-9627.849979634022	-8658.57837804981	-969.271601584212	-8493.422936704039	83.43939981600819	1279.307843855212	0.11817729472523401	0.03850935829144277	0.029068264658036847	0.6347901390645609	1.025173299170329	0.5771168016955984	3.3111929025412805	2.03963278606392	4.800040049440937	0.5428836430598991	1.790791888128965	0.03850935829144277	0.029068264658036847	0.6347901390645609	1.025173299170329	0.5771168016955984	3.3111929025412805	2.03963278606392	4.800040049440937	0.5428836430598991	1.790791888128965	5.371925284112903	0.3022096218956886	0.2067080611484197	0.19808765746484427	0.29299465949104775	0.4626954021988644	135.8844807159014	-952.4758864457293	4.573739587611604E-4	0.8569183941936915	4.0117700640954863E-4	2.245977378478626E-7	1.0274758251336522
5320000	-9658.797956928189	-8676.40118577584	-982.3967711523501	-8511.959544340221	91.02074725012314	1372.2387701285668	0.07796205986606977	0.01086250785217596	0.0800531321686888	0.524555936996535	0.44360120334376196	0.9327351108838552	0.7313365889321997	0.21659592813295492	3.4821465445869473	0.22648135164311672	0.273450915897572	0.01086250785217596	0.0800531321686888	0.524555936996535	0.44360120334376196	0.9327351108838552	0.7313365889321997	0.21659592813295492	3.4821465445869473	0.22648135164311672	0.273450915897572	6.804632450476679	0.2940256460238792	0.2067080611484197	0.21348550536299474	0.28578078746470675	0.4626954021988644	151.50803016413386	-972.8963060191352	4.208821194350403E-4	0.7876438169045602	3.85639343429936E-4	1.8401764401171638E-7	0.9624896079671924
5330000	-9690.678791958646	-8699.43222547669	-991.2465664819549	-8528.908123259496	126.47363991492314	1583.127414991446	0.054857316023659	0.12293485522256746	0.24970255350401965	0.05691963939517299	0.2514128199579587	2.1703305486483826	0.0066371916824408735	0.13519467126410284	3.28203048646986	0.09004801173208749	0.11542565138535409	0.12293485522256746	0.24970255350401965	0.05691963939517299	0.2514128199579587	2.1703305486483826	0.0066371916824408735	0.13519467126410284	3.28203048646986	0.09004801173208749	0.11542565138535409	7.004859993777746	0.2940256460238792	0.2067080611484197	0.21348550536299474	0.28578078746470675	0.4626954021988644	149.40125372405964	-981.7816016489734	4.097165357334535E-4	0.7599468998194657	3.3944904551098503E-4	1.9665435745311957E-7	1.0314241548439622
5340000	-9685.273399817084	-8676.45158590806	-1008.8218139090237	-8504.978473174764	101.6002638492782	1519.3078232541893	0.06089535839718085	0.3515865195433904	0.05398228159591054	0.3094260610747688	0.14728432952305467	1.6820602258900048	0.8102287486334535	0.37814728298776834	4.853382696928574	0.4313552596453393	0.5773697803816707	0.3515865195433904	0.05398228159591054	0.3094260610747688	0.14728432952305467	1.6820602258900048	0.8102287486334535	0.37814728298776834	4.853382696928574	0.4313552596453393	0.5773697803816707	7.004859993777746	0.2940256460238792	0.2067080611484197	0.21348550536299474	0.28578078746470675	0.5933908429907583	167.78296465401706	-996.0904417005918	4.216632665042935E-4	0.7699193030589587	3.60428788181445E-4	1.5682018877780097E-7	0.9386633260967131
5350000	-9651.287769333301	-8691.361618917372	-959.9261504159294	-8525.018366190241	96.73128763394581	1301.5805567710865	0.1027485515213921	0.9075685690521468	0.035224638229029444	1.0521450067343343	0.22800243257862915	0.30999279816035824	1.1799825044946957	0.19450491284318144	2.9127915334396968	0.26809686104601543	0.6036591964776075	0.9075685690521468	0.035224638229029444	1.0521450067343343	0.22800243257862915	0.30999279816035824	1.1799825044946957	0.19450491284318144	2.9127915334396968	0.26809686104601543	0.6036591964776075	6.2887478263036405	0.2940256460238792	0.2067080611484197	0.21348550536299474	0.28578078746470675	0.49628705259889383	138.2944113691491	-949.914350777243	5.420820578883967E-4	0.7821105612241814	4.441104069296019E-4	2.565125938492986E-7	0.9444559104796153
5360000	-9692.614521437745	-8698.378069415825	-994.2364520219198	-8527.389684427628	101.5072001571817	1444.571964026415	0.08235293039180865	0.4012460729917836	0.05378377911737452	0.21920405366153126	0.28078280136806916	0.017241867875505384	4.327492841110912	0.03437414731361548	5.594216960867695	0.06419925890234092	0.202345898912409	0.4012460729917836	0.05378377911737452	0.21920405366153126	0.28078280136806916	0.017241867875505384	4.327492841110912	0.03437414731361548	5.594216960867695	0.06419925890234092	0.202345898912409	6.2887478263036405	0.2940256460238792	0.2067080611484197	0.21348550536299474	0.28578078746470675	0.49628705259889383	157.6350702095176	-980.7174143056684	4.509317852489798E-4	0.7250145392628369	3.952033362880121E-4	1.3569910307092594E-7	0.8738123993816626
5370000	-9640.46537789857	-8666.745983084169	-973.7193948144018	-8502.121177278388	87.10745181823434	1259.4473076518711	0.06045065646284542	1.2662028817445223	0.20026583617425303	1.503991121770481	0.3146366705474857	1.1667498623822772	2.6150738713123642	0.19791734097242775	4.416294009289747	0.06743196634263883	1.8913767232396708	1.2662028817445223	0.20026583617425303	1.503991121770481	0.3146366705474857	1.1667498623822772	2.6150738713123642	0.19791734097242775	4.416294009289747	0.06743196634263883	1.8913767232396708	6.555706108859664	0.2901932456897849	0.21195761481116074	0.21348550536299474	0.28436363413606003	0.49628705259889383	143.17066540028097	-957.088133930266	4.799831068076647E-4	0.8002396771516144	4.297778614400878E-4	1.5959228096310875E-7	0.8583435988093382
5380000	-9652.394138408044	-8687.031528093863	-965.362610314182	-8517.659270730375	84.29542694974987	1303.9039718999627	0.1181567738388439	0.14842411445537865	0.13245252094519863	0.14614292853599184	0.3851208955104113	0.7145008593820523	0.2382679417895793	0.20297611830226994	2.3581658749977583	0.10373087298456835	0.8652341222739234	0.14842411445537865	0.13245252094519863	0.14614292853599184	0.3851208955104113	0.7145008593820523	0.2382679417895793	0.20297611830226994	2.3581658749977583	0.10373087298456835	0.8652341222739234	6.342590258860097	0.30557189077393376	0.21195761481116074	0.19810686027884586	0.28436363413606003	0.49628705259889383	133.13020230829827	-958.0681311260275	4.965450582890148E-4	0.7519249370329243	4.1570818343318237E-4	1.7460874506129083E-7	0.8402040382745793
5390000	-9670.293692260271	-8685.959111703367	-984.3345805569045	-8512.532146155032	93.92567560694808	1409.6639202300598	0.05027717788920354	0.6902384135781018	0.12803103173661567	0.38538958226826087	0.4020788151039292	1.2744183784828573	0.6755086334365458	0.4168623203183195	2.865383540758403	0.5999864443805012	0.014860858927811893	0.6902384135781018	0.12803103173661567	0.38538958226826087	0.4020788151039292	1.2744183784828573	0.6755086334365458	0.4168623203183195	2.865383540758403	0.5999864443805012	0.014860858927811893	6.342590258860097	0.30557189077393376	0.21195761481116074	0.19810686027884586	0.28436363413606003	0.49628705259889383	145.66114260083924	-973.8340560282179	4.321666360333706E-4	0.7539397395862318	3.878268980567467E-4	1.1388228715488934E-7	0.8107736909737379
5400000	-9666.365453899409	-8711.224287419243	-955.1411664801661	-8540.031348339337	98.91718445594677	1199.6299990776479	0.13287602884782967	0.22270778141148226	0.11000511434799264	1.0447645274135846	0.41836674314633315	1.164158825731145	0.33626141097712436	0.3934884683491872	2.2206354657413994	0.02779225960658534	2.4815938527434453	0.22270778141148226	0.11000511434799264	1.0447645274135846	0.41836674314633315	1.164158825731145	0.33626141097712436	0.3934884683491872	2.2206354657413994	0.02779225960658534	2.4815938527434453	7.376868355042837	0.30557189077393376	0.21195761481116074	0.21610934529237685	0.26636114912252906	0.6032318834836599	131.1744506304988	-944.7414153628278	4.855907416506111E-4	0.7060068704884971	4.485691367196357E-4	1.5531170206517674E-7	0.8110461643075149
5410000	-9648.331630429853	-8705.733156485801	-942.5984739440515	-8535.931035030997	92.690939440645	1141.827549932448	0.1787347451932123	0.6033436622207604	0.019371566554954138	1.2057230879092486	4.19342382782532	0.5811605998553729	0.79991916323585	0.046183499763171924	1.9959947154189048	0.369867823301708	0.013346269805225793	0.6033436622207604	0.019371566554954138	1.2057230879092486	4.19342382782532	0.5811605998553729	0.79991916323585	0.046183499763171924	1.9959947154189048	0.369867823301708	0.013346269805225793	6.400683599709173	0.30557189077393376	0.21195761481116074	0.21610934529237685	0.26636114912252906	0.6032318834836599	125.79015343343747	-931.0410759120246	5.585943063827415E-4	0.7384233159253657	4.9131542714606E-4	2.2346044619732934E-7	0.8457240488321335
5420000	-9610.747758257463	-8669.15056881465	-941.5971894428122	-8511.890275630458	90.61269417458396	1151.9019871618307	0.06340131331072321	0.19587443817534342	0.17757653607969426	0.391615397263564	0.414320175202366	0.3992683077558722	0.9585812812746553	0.2570042783467803	2.998688683841083	0.04615529611846522	0.7122960939711831	0.19587443817534342	0.17757653607969426	0.391615397263564	0.414320175202366	0.3992683077558722	0.9585812812746553	0.2570042783467803	2.998688683841083	0.04615529611846522	0.7122960939711831	5.81382903290326	0.30557189077393376	0.21195761481116074	0.21610934529237685	0.26636114912252906	0.43703508955698317	125.25565021433681	-932.1948618432608	6.298862487091794E-4	0.792105361637069	5.101473660347075E-4	2.849273592069806E-7	0.850191793920602
5430000	-9641.478883380074	-8688.166491389182	-953.3123919908923	-8524.763080505323	103.78658987714279	1303.8377527470975	0.12040756174830697	0.24091399020153018	0.045744229492932095	1.0130490934994678	0.7983234995015509	0.06809725931567558	2.7607241247930805	0.5316029695300362	4.181664480853826	0.3367413782480334	0.5686463372470534	0.24091399020153018	0.045744229492932095	1.0130490934994678	0.7983234995015509	0.06809725931567558	2.7607241247930805	0.5316029695300362	4.181664480853826	0.3367413782480334	0.5686463372470534	5.923423466523988	0.30557189077393376	0.19350695932365572	0.21610934529237685	0.2848118046100341	0.5670025827434793	134.91746631644295	-940.7479733202889	4.973451423566245E-4	0.7670936870382188	4.1394776770030736E-4	2.1960106364487053E-7	0.8753281862204929
5440000	-9636.557626296371	-8679.470683761563	-957.0869425348075	-8513.727940648325	107.56705219032318	1296.862679308118	0.11810371251915279	0.10789624653126184	0.16020114424679824	1.1624426046441565	0.23613236033644558	0.4800199291370896	2.779211722977347	0.19890025268093364	4.66395447170568	0.7718474126194461	1.5279726663089435	0.10789624653126184	0.16020114424679824	1.1624426046441565	0.23613236033644558	0.4800199291370896	2.779211722977347	0.19890025268093364	4.66395447170568	0.7718474126194461	1.5279726663089435	6.560359214787091	0.30557189077393376	0.20782517002766882	0.20179113458836376	0.2848118046100341	0.5670025827434793	121.86517276333646	-942.545456170445	5.435875486998338E-4	0.8509233175474589	4.555748073123766E-4	2.434050071756421E-7	0.9286711591762524
5450000	-9665.029140336139	-8684.165871394132	-980.8632689420059	-8517.420280933278	119.680978212475	1550.605917929089	0.09580350603688949	1.942461057112688	0.025461035895579076	0.6607243531155746	0.42043040037585677	0.8331450109195555	1.9866463733587043	1.2077935264987618	2.5069715826441143	0.27676068915216834	1.4092649156563173	1.942461057112688	0.025461035895579076	0.6607243531155746	0.42043040037585677	0.8331450109195555	1.9866463733587043	1.2077935264987618	2.5069715826441143	0.27676068915216834	1.4092649156563173	6.694698112183419	0.2931180955205828	0.22027896528101978	0.20458874534058757	0.2820141938578103	0.5307310086415772	158.70554978023597	-967.0190222564806	4.2198182533569045E-4	0.8402655371600326	3.414005547219118E-4	1.733317722638517E-7	0.9612657106315116
5460000	-9659.757175630646	-8681.288948712956	-978.468226917691	-8512.747889987902	114.98615258738938	1536.5868443722143	0.09027337379737206	0.6885992817681552	0.08264823716911333	0.1764936613916132	0.4185365868683008	0.5453031022156454	0.6025446844399566	0.5967167166034419	2.904058749572454	0.04375693818498979	0.3546269459156816	0.6885992817681552	0.08264823716911333	0.1764936613916132	0.4185365868683008	0.5453031022156454	0.6025446844399566	0.5967167166034419	2.904058749572454	0.04375693818498979	0.3546269459156816	6.6005789720664625	0.310175904242226	0.22027896528101978	0.20458874534058757	0.2649563851361671	0.5307310086415772	161.06492028370448	-969.74683618218	4.119078423898854E-4	0.7393188288094655	3.4539105131529475E-4	1.5240799740437113E-7	0.9298455181392018
5470000	-9667.29423834858	-8685.553925476186	-981.7403128723945	-8517.095659004273	111.31956230189905	1488.986547540946	0.12240092085493029	0.3544881547867972	0.007607216491122274	0.004344673936216936	0.5632494795381132	0.10179291257806267	3.37765626891221	0.25894535853491335	2.907411616191902	0.08733417826673967	0.7894417080959385	0.3544881547867972	0.007607216491122274	0.004344673936216936	0.5632494795381132	0.10179291257806267	3.37765626891221	0.25894535853491335	2.907411616191902	0.08733417826673967	0.7894417080959385	5.836971342142681	0.310175904242226	0.22027896528101978	0.20458874534058757	0.2649563851361671	0.5307310086415772	167.84393774694746	-970.8501924598518	4.5095739381579734E-4	0.9026571693610855	3.860211271158189E-4	1.215466724315606E-7	0.8264719218439921
5480000	-9677.701708399196	-8686.770256683762	-990.9314517154351	-8518.821006798813	103.36735949780333	1459.3583394075774	0.06644296598384783	1.3743599759145215	0.029093172567545886	1.1094089804389324	0.4237751430462574	1.3756077914229723	0.6198268690959272	0.10682771928760372	4.886363511208148	0.18905650470353177	0.8867264050191636	1.3743599759145215	0.029093172567545886	1.1094089804389324	0.4237751430462574	1.3756077914229723	0.6198268690959272	0.10682771928760372	4.886363511208148	0.18905650470353177	0.8867264050191636	6.739334968453026	0.29879879669158943	0.22027896528101978	0.20458874534058757	0.2763334926868037	0.5307310086415772	155.8684640123597	-976.7568816727612	4.536794184583478E-4	0.8632396396421174	3.852094058568265E-4	1.084073329851934E-7	0.783177612156218
5490000	-9697.747977530273	-8683.48244495214	-1014.2655325781327	-8509.214770413926	124.59627162672561	1640.0100447826203	0.0710559517461598	2.076346335973621	0.02425788687664445	0.937820705417967	0.3702756400406398	1.0762315850037796	1.1046194572581947	1.124900317739804	4.535606020446426	0.21847221741259162	2.0419555043301707	2.076346335973621	0.02425788687664445	0.937820705417967	0.3702756400406398	1.0762315850037796	1.1046194572581947	1.124900317739804	4.535606020446426	0.21847221741259162	2.0419555043301707	6.739334968453026	0.30360557460134524	0.215472187371264	0.20458874534058757	0.2763334926868037	0.5307310086415772	185.93622396502033	-997.3417189645321	4.162587422769623E-4	0.9330440103072919	3.1425362879026987E-4	1.287533451739943E-7	1.00533291314189
5500000	-9697.883522722203	-8663.880457065292	-1034.0030656569106	-8499.739301565667	121.01341435951477	1804.7298476136843	0.05920671288301116	0.25195944183904967	0.07390280539456462	0.7388986007181179	0.1744540984919269	0.7810057663291523	2.3132841084113664	0.27023236086502267	3.1850325357396656	0.36562210982901006	0.13632893636943283	0.25195944183904967	0.07390280539456462	0.7388986007181179	0.1744540984919269	0.7810057663291523	2.3132841084113664	0.27023236086502267	3.1850325357396656	0.36562210982901006	0.13632893636943283	5.7322605356811644	0.30360557460134524	0.215472187371264	0.20458874534058757	0.2763334926868037	0.5307310086415772	218.74160107127992	-1022.1080708367524	3.7939714199775303E-4	0.9662193653163743	3.014319346481928E-4	1.266506795667957E-7	1.0363524619126059
5510000	-9642.987211847381	-8673.591904219948	-969.3953076274337	-8503.080575977556	93.94540420229835	1282.763581233099	0.3466332934985977	0.04427875799092472	0.00983043586824259	0.09169807936930272	4.980483400127183	0.0026854608373968795	1.0854903987725564	0.0843851201141064	0.9251467534873606	0.029547334012698778	0.014175370581991127	0.04427875799092472	0.00983043586824259	0.09169807936930272	4.980483400127183	0.0026854608373968795	1.0854903987725564	0.0843851201141064	0.9251467534873606	0.029547334012698778	0.014175370581991127	7.32962579990377	0.30360557460134524	0.215472187371264	0.20458874534058757	0.2763334926868037	0.5307310086415772	151.7866801394396	-959.6954644304394	5.502177300535045E-4	0.9652151368482685	4.249502447590991E-4	4.1690167884867104E-7	1.1722801837304526
5520000	-9640.899439119246	-8647.80552690267	-993.093912216577	-8492.203733810777	116.41037582110752	1483.0815927160552	0.07702471887182882	0.0660068269573195	0.18031319418751154	0.5009503574095224	3.7406565680843626	0.749540472075105	1.1109437255806334	0.5078217669967627	4.322528446709739	0.4155557460756044	0.10176712999230772	0.0660068269573195	0.18031319418751154	0.5009503574095224	3.7406565680843626	0.749540472075105	1.1109437255806334	0.5078217669967627	4.322528446709739	0.4155557460756044	0.10176712999230772	6.496973168794677	0.30360557460134524	0.20141183821581718	0.2186490944960344	0.2763334926868037	0.5307310086415772	149.4506262911088	-978.2401286798198	4.6216142151132643E-4	0.9398851552200189	3.744934637667565E-4	3.248181240027911E-7	1.2059359256289408
5530000	-9646.23648084509	-8692.146301645345	-954.0901791997431	-8522.93039858858	95.03773486774605	1250.1883151900847	0.1523575907979077	0.02930600321468254	0.2384437366216279	0.11684523254329617	2.7305200598022084	0.3942365934720019	0.4293697574453091	0.28494732129799044	3.7911508001537464	0.43723387303490086	0.6841232992908892	0.02930600321468254	0.2384437366216279	0.11684523254329617	2.7305200598022084	0.3942365934720019	0.4293697574453091	0.28494732129799044	3.7911508001537464	0.43723387303490086	0.6841232992908892	6.496973168794677	0.30210030209255323	0.21029761236093328	0.21126859285971028	0.2763334926868037	0.44555773434869406	134.52471392554042	-942.8957715869396	4.833916145749087E-4	0.8696530940370012	4.195672961574616E-4	3.254301870269028E-7	1.199913543072387
5540000	-9655.390245967956	-8669.854224532857	-985.5360214350976	-8502.154906369618	107.06307404177042	1440.4089636873377	0.08204217491145574	0.1208868644093093	0.0012991940370852993	0.6078096909502244	0.4612057234427415	0.7206531950475943	0.98851506390981	0.11241434534948222	2.925614425003171	0.17677817356345443	1.4774523360885636	0.1208868644093093	0.0012991940370852993	0.6078096909502244	0.4612057234427415	0.7206531950475943	0.98851506390981	0.11241434534948222	2.925614425003171	0.17677817356345443	1.4774523360885636	6.189240135818585	0.30210030209255323	0.21029761236093328	0.21126859285971028	0.2763334926868037	0.5421667630957885	183.46689418037354	-975.2086817048976	4.310440822869932E-4	0.8111937046086507	3.801445606252592E-4	1.6656797458259971E-7	0.9229158995690314
5550000	-9631.835317147244	-8667.621614608928	-964.2137025383164	-8502.58686892268	126.07425752419554	1348.2316821211825	0.09356690086419382	0.6005172775961894	0.11417764368683664	0.41994762721984974	0.08037044026572675	0.3457151473548823	1.8972938753557562	0.49836012073949243	3.371818476578652	0.4611103384252646	0.9194920525194186	0.6005172775961894	0.11417764368683664	0.41994762721984974	0.08037044026572675	0.3457151473548823	1.8972938753557562	0.49836012073949243	3.371818476578652	0.4611103384252646	0.9194920525194186	6.189240135818585	0.3090583857147971	0.21029761236093328	0.20431050923746638	0.2763334926868037	0.4392448141037403	146.58777297790533	-952.7880527527939	5.127750349938817E-4	0.8917550419355665	4.119535076091874E-4	1.9209348578874402E-7	0.9173347935961564
5560000	-9639.284504220503	-8665.742541638583	-973.5419625819187	-8495.804488506976	116.52097666936103	1350.1303739212103	0.10152715464586438	2.7611433751564665	0.02018130139736656	0.7396372804522131	0.26753295342319255	1.2395502174505126	2.2713642531186333	0.7648803087758763	4.118273749004002	0.014415709456248555	1.0957296640989598	2.7611433751564665	0.02018130139736656	0.7396372804522131	0.26753295342319255	1.2395502174505126	2.2713642531186333	0.7648803087758763	4.118273749004002	0.014415709456248555	1.0957296640989598	5.150853347333184	0.2993796615722862	0.21029761236093328	0.2139892333799773	0.2763334926868037	0.6265251455091271	125.25272256393225	-957.5145648623561	5.667953267831333E-4	0.9802821734962601	4.368450912780825E-4	2.3280330258803347E-7	0.9160497297921769
5570000	-9608.882876255731	-8656.55641125105	-952.3264650046815	-8488.51956286398	85.98235223719058	1126.0165542308864	0.11321059316242582	0.04920264318116664	0.09365898953295257	0.5720254237063764	3.6000951731903514	0.6129481358625866	1.0428899350866367	1.9870195334226546	4.598438018900319	0.3132832589133442	0.7777719956619846	0.04920264318116664	0.09365898953295257	0.5720254237063764	3.6000951731903514	0.6129481358625866	1.0428899350866367	1.9870195334226546	4.598438018900319	0.3132832589133442	0.7777719956619846	6.316648968242683	0.29056136255635007	0.21029761236093328	0.22280753239591344	0.2763334926868037	0.4720491670156633	142.97485568254663	-935.6652165181451	5.639505561151429E-4	1.0305396465829795	4.912376448934696E-4	2.691264404898696E-7	0.9078336746604336
5580000	-9610.237002034273	-8690.800188831883	-919.4368132023906	-8521.052578964815	81.84659790055007	1002.7422108030179	0.085991008704561	0.319970915381346	0.02492431925951338	1.865857675685755	0.0020131939575197717	1.4393134781300403	1.5965412472455234	0.0032413322587983894	5.182590933284486	0.4648691167928226	0.9622101299430555	0.319970915381346	0.02492431925951338	1.865857675685755	0.0020131939575197717	1.4393134781300403	1.5965412472455234	0.0032413322587983894	5.182590933284486	0.4648691167928226	0.9622101299430555	6.316648968242683	0.29056136255635007	0.20153107005382798	0.23157407470301875	0.2763334926868037	0.4720491670156633	120.2034248574092	-904.5216578189473	7.101707451732865E-4	0.8964506262638408	6.226621723091322E-4	6.305065522841841E-7	1.1118815482411637
5590000	-9584.877462737288	-8661.96335968262	-922.9141030546676	-8492.206374680127	89.52135611821959	1068.085404024603	0.10666769270671903	0.6308438433607139	0.1393907822349181	0.4515696068331303	0.013896805927192809	0.7589905919014167	0.47769067812095867	0.8162317420826359	2.090212556522022	0.025432353818054042	0.22762568390109247	0.6308438433607139	0.1393907822349181	0.4515696068331303	0.013896805927192809	0.7589905919014167	0.47769067812095867	0.8162317420826359	2.090212556522022	0.025432353818054042	0.22762568390109247	5.918878693453001	0.29056136255635007	0.20153107005382798	0.21910058368422797	0.28880698370559443	0.4720491670156633	118.92751770399826	-914.9404327615814	5.643247843100221E-4	0.8700042271378045	5.142011521732105E-4	3.87926078968921E-7	1.0534783679958413
5600000	-9607.815454797495	-8676.951145155412	-930.8643096420842	-8501.102481099848	105.58967081470598	1111.364244907375	0.1594928192137171	0.2139545800773668	0.06723394169619708	0.7736279831264697	2.0841763370686937	0.9893762710363031	0.6698848148806966	0.13214513017887428	1.3872901166048701	0.06369957618570014	0.16501424878649154	0.2139545800773668	0.06723394169619708	0.7736279831264697	2.0841763370686937	0.9893762710363031	0.6698848148806966	0.13214513017887428	1.3872901166048701	0.06369957618570014	0.16501424878649154	6.752547541780884	0.2975117466000576	0.20153107005382798	0.21910058368422797	0.2818565996618869	0.4720491670156633	116.15228405408682	-921.8087592006573	6.215547483183147E-4	0.947709158089937	5.104369191903503E-4	4.134672741652649E-7	1.005444031106939
5610000	-9584.595878333143	-8680.279324765957	-904.316553567185	-8508.012433866235	82.67210383249034	971.6249365358229	0.13571675835277058	0.22469197280284878	0.06962474372782516	0.31524865140407704	1.9279240466129999	0.6335529855747059	1.2535833135008783	0.6070677335696716	4.325893139811133	0.18232664549727992	0.13830862013473366	0.22469197280284878	0.06962474372782516	0.31524865140407704	1.9279240466129999	0.6335529855747059	1.2535833135008783	0.6070677335696716	4.325893139811133	0.18232664549727992	0.13830862013473366	6.172441690075547	0.2975117466000576	0.20153107005382798	0.21910058368422797	0.2818565996618869	0.4720491670156633	103.83687365490559	-891.6420999177044	8.297640387984793E-4	1.0048083301484179	6.219962270981026E-4	7.531177212167625E-7	1.0758291344437694
5620000	-9571.903422610727	-8686.217422120726	-885.6860004900005	-8510.289153967748	93.7765317990544	990.6937253693374	0.1446981191766435	0.3079325602049169	0.40015157247018074	0.01468351090272616	0.9855266745426596	1.1530708529516458	2.236539147118241	1.370669460696102	6.845137765789115	0.21857700709615596	0.24814231634554182	0.3079325602049169	0.40015157247018074	0.01468351090272616	0.9855266745426596	1.1530708529516458	2.236539147118241	1.370669460696102	6.845137765789115	0.21857700709615596	0.24814231634554182	5.818791442303239	0.2975117466000576	0.20153107005382798	0.21910058368422797	0.2818565996618869	0.4720491670156633	81.0883414998228	-869.7929905054283	7.412424400595936E-4	0.903204243147569	5.323823027155866E-4	4.4229537429544365E-7	0.9526733830993254
5630000	-9605.509379157967	-8692.434541923578	-913.0748372343887	-8523.042098027785	93.61788973065393	1087.2274811048203	0.09793805412777588	0.017498801714786242	0.18949445548025404	0.9309355580627907	0.42671361593037344	1.4452506355228445	0.804072054728245	0.4359763767900536	1.9583234005719257	0.21996867515982188	1.4624363749425184	0.017498801714786242	0.18949445548025404	0.9309355580627907	0.42671361593037344	1.4452506355228445	0.804072054728245	0.4359763767900536	1.9583234005719257	0.21996867515982188	1.4624363749425184	6.882878531212708	0.2975117466000576	0.20153107005382798	0.21910058368422797	0.2818565996618869	0.4720491670156633	97.52123538527542	-902.4982253911118	6.268767603770913E-4	0.8952757495261766	4.926085604360358E-4	2.99222114691598E-7	0.9244633259731849
5640000	-9620.291867166328	-8679.587205596077	-940.7046615702504	-8507.817342902028	138.97601516792696	1333.4857347590569	0.09015127322947583	0.6044836631100822	0.10791489753874335	0.008057077857869093	0.907209723718591	0.4835152639157497	1.5637796635683725	0.30436853011454407	2.7980298870777878	0.472829267010653	0.5807735280485716	0.6044836631100822	0.10791489753874335	0.008057077857869093	0.907209723718591	0.4835152639157497	1.5637796635683725	0.30436853011454407	2.7980298870777878	0.472829267010653	0.5807735280485716	6.745178557485021	0.2975117466000576	0.20153107005382798	0.2100796042939519	0.290877579052163	0.4720491670156633	116.56055758685102	-930.1387663319426	5.575856095024165E-4	0.8710780534550214	4.2542883884722974E-4	2.2039673361470316E-7	0.8568390075001179
5650000	-9614.014978947771	-8672.072937918654	-941.9420410291165	-8509.740235621555	107.65704879502962	1216.204959457193	0.09869235515302699	1.244609547562482	0.23154027721228554	0.05107517314415286	0.8547168430130476	0.5743049780113164	2.0299223058859366	1.8528781520029232	7.541252291414288	0.2866875914313716	1.477130384960673	1.244609547562482	0.23154027721228554	0.05107517314415286	0.8547168430130476	0.5743049780113164	2.0299223058859366	1.8528781520029232	7.541252291414288	0.2866875914313716	1.477130384960673	6.745178557485021	0.2975117466000576	0.20153107005382798	0.2100796042939519	0.290877579052163	0.4720491670156633	120.80135860710845	-923.2626967414056	5.108848228885643E-4	0.8617651054857255	4.1747508369731627E-4	1.637822955898679E-7	0.8287708752126355
5660000	-9661.607654982132	-8673.476277211284	-988.1313777708469	-8506.949818782285	99.75902449886706	1373.905223052439	0.08152419613777862	0.47172075871885993	0.10866062306152298	0.2911658430529394	1.5588287699086685	2.053675577889173	3.578967875858587	0.4204327691744053	4.682151672034992	0.6341912775245749	2.062796075211373	0.47172075871885993	0.10866062306152298	0.2911658430529394	1.5588287699086685	2.053675577889173	3.578967875858587	0.4204327691744053	4.682151672034992	0.6341912775245749	2.062796075211373	6.745178557485021	0.2975117466000576	0.20153107005382798	0.2100796042939519	0.290877579052163	0.4720491670156633	142.09884847058478	-969.1859904624973	5.322026149609304E-4	0.8975358302988007	4.2006493289232534E-4	2.064009164852245E-7	0.8818484419603381
5670000	-9607.365372150241	-8671.246004357046	-936.119367793195	-8506.71611568961	86.26193811684563	1108.3147307460708	0.09042356670792338	0.2490023937016965	0.015015798257456527	0.5959765024390101	1.3323230942613096	1.4967280781985373	1.196848734469776	0.6905434180994902	4.400678653762269	0.024208468737994128	0.6693626086828552	0.2490023937016965	0.015015798257456527	0.5959765024390101	1.3323230942613096	1.4967280781985373	1.196848734469776	0.6905434180994902	4.400678653762269	0.024208468737994128	0.6693626086828552	6.745178557485021	0.2975117466000576	0.21638917163785767	0.2100796042939519	0.2760194774681333	0.4720491670156633	104.3500291384717	-922.1256125287093	7.040453081827402E-4	1.0156705825244745	4.8535864567317175E-4	4.3682709303306146E-7	1.0583715246249377
5680000	-9617.89453078021	-8662.664916827182	-955.229613953028	-8493.670379363639	100.86113737774238	1211.507459547995	0.10683252166237066	0.3532376017363514	0.058050447796031024	1.062061574755906	0.021669504292934447	0.2880296298894748	1.1818156610773574	0.30999791531732146	2.0777029002482594	0.1322556269425304	0.3636966499173452	0.3532376017363514	0.058050447796031024	1.062061574755906	0.021669504292934447	0.2880296298894748	1.1818156610773574	0.30999791531732146	2.0777029002482594	0.1322556269425304	0.3636966499173452	6.055512909709713	0.2975117466000576	0.21638917163785767	0.2100796042939519	0.2760194774681333	0.4720491670156633	147.24151825386798	-946.2711499018496	6.590811676612014E-4	0.979948959059179	4.897864183719128E-4	5.019744181809313E-7	1.1384957696131504
5690000	-9582.762203981669	-8667.751403289418	-915.0108006922509	-8503.371652802483	84.35834577187842	968.1882263345684	0.11030605953873233	1.351707923033955	0.0028077287768711796	1.4740111199789578	0.13408939955389107	2.126693011501237	1.3294427957112356	0.692737869316498	5.578225204809528	0.6822384451574056	0.5075651975042921	1.351707923033955	0.0028077287768711796	1.4740111199789578	0.13408939955389107	2.126693011501237	1.3294427957112356	0.692737869316498	5.578225204809528	0.6822384451574056	0.5075651975042921	5.944255196501356	0.2975117466000576	0.21638917163785767	0.2100796042939519	0.2760194774681333	0.4720491670156633	88.92711496501725	-898.1563952742998	7.52281314010085E-4	1.0582203949611255	5.797737801227096E-4	5.848486643118164E-7	1.0931855385663694
5700000	-9589.698409023562	-8664.217022874778	-925.481386148783	-8500.57055621892	83.04605601089679	1060.0018942931727	0.09071191328588585	0.4562894552405207	0.15362815252144557	0.17625229509163914	1.0452664875908506	0.322915223764549	1.4160642333239966	0.22626697724948297	4.942743624822158	0.3136753482362793	0.02130341237373288	0.4562894552405207	0.15362815252144557	0.17625229509163914	1.0452664875908506	0.322915223764549	1.4160642333239966	0.22626697724948297	4.942743624822158	0.3136753482362793	0.02130341237373288	5.944255196501356	0.2975117466000576	0.21638917163785767	0.2100796042939519	0.2760194774681333	0.6676244269235755	120.46023146203149	-913.3581915071205	6.491336000157549E-4	0.9183990498766277	5.633404940402337E-4	5.462971970196716E-7	1.1568411726847656
5710000	-9584.187463591063	-8674.90542483294	-909.282038758124	-8500.582601666641	85.66379287795668	998.0995477166304	0.08175185137718455	0.5354513725294509	0.3914882900103342	0.4054770485272328	1.8892437457894888	0.7088253340896383	1.9645224651387225	0.1269609449539845	3.8636069217703795	1.1142527379967313	1.675601662823633	0.5354513725294509	0.3914882900103342	0.4054770485272328	1.8892437457894888	0.7088253340896383	1.9645224651387225	0.1269609449539845	3.8636069217703795	1.1142527379967313	1.675601662823633	6.837096998166844	0.2975117466000576	0.21638917163785767	0.2100796042939519	0.2760194774681333	0.6102796698473474	87.76449129833031	-893.7298491825734	6.67678972719488E-4	0.861383122029588	5.627765887167026E-4	4.3081495709713833E-7	0.9982549030289739
5720000	-9587.278881550383	-8679.128590270091	-908.1502912802923	-8508.54625633935	88.25614217415544	1030.3086574991391	0.1452385770619264	0.6117061356062812	0.13225838643178728	0.15370641267371093	0.6820790035732854	0.28490009544436795	1.4293404692945677	0.18176072368765495	2.277067418899401	0.27070151344002347	0.08971984280911567	0.6117061356062812	0.13225838643178728	0.15370641267371093	0.6820790035732854	0.28490009544436795	1.4293404692945677	0.18176072368765495	2.277067418899401	0.27070151344002347	0.08971984280911567	5.6627939398456455	0.2975117466000576	0.2001272788445361	0.22634149708727347	0.2760194774681333	0.4853921456685771	97.2952991082918	-899.6863278971427	6.191839459598957E-4	1.0169242647621501	5.287705836796553E-4	4.2682940882853093E-7	1.0757151802684548
5730000	-9598.39922885018	-8665.97303206954	-932.4261967806389	-8492.555697605403	106.4705285188073	1223.6234223921617	0.08904181912408848	0.1745662193121792	0.3572419609812127	0.8102406963216963	1.5520601017375646	0.8319348623567172	4.216671754805446	0.5938481034825144	5.5103092368364175	0.30951409812414815	1.0790712348889753	0.1745662193121792	0.3572419609812127	0.8102406963216963	1.5520601017375646	0.8319348623567172	4.216671754805446	0.5938481034825144	5.5103092368364175	0.30951409812414815	1.0790712348889753	5.6627939398456455	0.2902241996338511	0.20741482581074258	0.22634149708727347	0.2760194774681333	0.4853921456685771	111.32848810174474	-914.6527199993192	5.706050627846586E-4	0.8514174147105179	4.646922657560044E-4	3.581808753556273E-7	1.0237066121878606
5740000	-9641.209347131964	-8675.355552377194	-965.8537947547711	-8507.585407013645	109.11714820672651	1418.4614463203577	0.07148730887986034	0.29945399862169897	0.007445263305705375	0.2510505191467806	0.20975158388617396	0.49121533668683215	1.4330229215490042	0.20646876362372113	2.414355396959669	0.11053548473631532	0.1382402935727817	0.29945399862169897	0.007445263305705375	0.2510505191467806	0.20975158388617396	0.49121533668683215	1.4330229215490042	0.20646876362372113	2.414355396959669	0.11053548473631532	0.1382402935727817	6.732975756172728	0.30542494729969816	0.20741482581074258	0.2111407494214264	0.2760194774681333	0.4853921456685771	123.4799620031646	-957.3773513225456	5.105316116296893E-4	0.8540982785688346	4.0104914078621846E-4	3.072365466948701E-7	1.039323457447864
5750000	-9647.949840606132	-8686.261018128394	-961.6888224777379	-8514.681460859905	114.60981654653233	1376.3841932559508	0.10973535811108634	1.3437326758232624	0.03873928447107316	0.5937476528365018	0.34701930300629485	1.1280542314073687	0.5377698463049045	0.3268202582982968	2.1974225464054986	0.5509170891884724	0.2902295781132018	1.3437326758232624	0.03873928447107316	0.5937476528365018	0.34701930300629485	1.1280542314073687	0.5377698463049045	0.3268202582982968	2.1974225464054986	0.5509170891884724	0.2902295781132018	5.479891189961075	0.30542494729969816	0.20741482581074258	0.2111407494214264	0.2760194774681333	0.4853921456685771	141.53119111268964	-952.4552309240889	4.6741771685313455E-4	0.7740958036889065	4.076635036669516E-4	1.7987060734442984E-7	0.8922381759486574
5760000	-9674.548026153632	-8696.372983625011	-978.1750425286211	-8515.820362175113	163.66385508520113	1587.400686814736	0.13092754301562687	0.7303164076928002	0.11177995980880082	0.20022493681934453	0.3905058377306801	0.48455038272215173	1.0407387369903398	2.9446916696781673	1.756197609669298	0.35885235017649153	0.07557358790707042	0.7303164076928002	0.11177995980880082	0.20022493681934453	0.3905058377306801	0.48455038272215173	1.0407387369903398	2.9446916696781673	1.756197609669298	0.35885235017649153	0.07557358790707042	6.779135531579297	0.30542494729969816	0.20741482581074258	0.2111407494214264	0.2760194774681333	0.4853921456685771	148.25750556770257	-967.8758655515333	4.1727918608072104E-4	0.8507981952375564	3.4449384983849924E-4	1.3370940611574328E-7	0.9048217754922029
5770000	-9576.958925606368	-8668.773147417243	-908.1857781891251	-8503.966100924508	121.53827642480161	1115.1894250662763	0.14746118837286262	0.08559359412670992	0.0341754192114186	0.10193570367644365	0.7504513803491547	0.11420154094243837	1.4673444452524762	0.435874662393748	2.070746252644463	0.317694984959137	0.7770968356198599	0.08559359412670992	0.0341754192114186	0.10193570367644365	0.7504513803491547	0.11420154094243837	1.4673444452524762	0.435874662393748	2.070746252644463	0.317694984959137	0.7770968356198599	6.62302358755828	0.30542494729969816	0.20741482581074258	0.2111407494214264	0.2760194774681333	0.4173523080699448	99.90087416305074	-899.7793244991472	6.274516546463963E-4	0.9127175690165269	4.996648024114643E-4	3.571004001541718E-7	0.9687233016122675
5780000	-9593.166305363984	-8685.296917694413	-907.8693876695714	-8517.863927200802	78.54527900801435	1007.5429842499054	0.1253163340689056	1.6934382877842362	0.16681396786828265	0.2238657972682461	0.902641767933323	1.1404376313243798	0.9168060352191588	0.9011466602142794	2.7599716975012156	0.012063176836705934	0.7515649596539351	1.6934382877842362	0.16681396786828265	0.2238657972682461	0.902641767933323	1.1404376313243798	0.9168060352191588	0.9011466602142794	2.7599716975012156	0.012063176836705934	0.7515649596539351	5.868836097464258	0.30542494729969816	0.20741482581074258	0.2111407494214264	0.2760194774681333	0.5381313937636139	97.55949818689028	-896.3836179536411	6.092716241520951E-4	0.8310762828098986	5.185742163836325E-4	3.9096703738122995E-7	1.0061533630985062
5790000	-9621.7080620128	-8679.56939080352	-942.138671209281	-8517.16280254253	107.46019291381067	1206.9759650897327	0.07739847327213212	0.7391092431179396	0.26082051319445904	0.44647196299375	0.21767899613190175	1.5990674561005858	1.4314635995225913	0.29014065811602247	4.288818626491166	0.6569924681260886	1.0959851238621572	0.7391092431179396	0.26082051319445904	0.44647196299375	0.21767899613190175	1.5990674561005858	1.4314635995225913	0.29014065811602247	4.288818626491166	0.6569924681260886	1.0959851238621572	6.803940729112621	0.30542494729969816	0.20741482581074258	0.2111407494214264	0.2760194774681333	0.5381313937636139	104.63505715512575	-928.2532114793275	5.623703551890006E-4	0.8638386279137306	4.829833640595999E-4	3.022583855838118E-7	0.9228016122970006
5800000	-9613.526249339657	-8681.280000764193	-932.2462485754644	-8519.619155342174	110.87630627945464	1173.6302749179733	0.07849608642530569	0.2336711849704925	0.04166848560263452	0.26586692881523183	0.06292804966056784	1.080787741783491	1.1427715407785608	0.47928053431236234	2.9605451345375315	1.1910201992291756	0.027676059114066814	0.2336711849704925	0.04166848560263452	0.26586692881523183	0.06292804966056784	1.080787741783491	1.1427715407785608	0.47928053431236234	2.9605451345375315	1.1910201992291756	0.027676059114066814	5.901428752746352	0.30542494729969816	0.21503686024891397	0.2111407494214264	0.26839744302996194	0.5381313937636139	107.15685504008569	-922.0514038145161	5.360852469733007E-4	0.9099257846598056	4.8452607555142963E-4	4.106307939258388E-7	1.069510320657399
5810000	-9628.108266507012	-8666.298456458284	-961.8098100487285	-8500.686544491353	137.26378420567022	1324.1108696604447	0.0648482294017754	0.7166893398567938	0.16784838169958433	1.3872416195955684	0.5585039447236256	4.389140634171918	2.167410294785213	1.4623677728151623	4.011561586870978	0.6031168786653329	0.7281371584356942	0.7166893398567938	0.16784838169958433	1.3872416195955684	0.5585039447236256	4.389140634171918	2.167410294785213	1.4623677728151623	4.011561586870978	0.6031168786653329	0.7281371584356942	7.242171055781373	0.30542494729969816	0.21503686024891397	0.2111407494214264	0.26839744302996194	0.5381313937636139	133.3968843941175	-942.4395793238023	4.932030486212768E-4	0.8370989219567555	4.3611520306220143E-4	2.849223576154959E-7	1.028840606324173
5820000	-9652.673550878206	-8692.379951794877	-960.293599083328	-8522.127742646804	104.78353099770253	1272.216837504968	0.10280164452561975	0.004325919511643228	0.24516380179411515	0.20385764871651965	2.1406584385146554	0.42829187112654793	1.9173605544653092	0.5966017778134548	2.2976702439668215	0.9248779691589555	0.12308607786221146	0.004325919511643228	0.24516380179411515	0.20385764871651965	2.1406584385146554	0.42829187112654793	1.9173605544653092	0.5966017778134548	2.2976702439668215	0.9248779691589555	0.12308607786221146	6.976759161884085	0.30542494729969816	0.21503686024891397	0.19268211707806762	0.28685607537332075	0.4478125865444196	131.45312484364226	-949.4530213241837	4.510852637279611E-4	0.6933149880996117	4.369218239721387E-4	2.5145945823604457E-7	0.9924468356060959
5830000	-9634.06959542062	-8693.80767237522	-940.2619230453994	-8525.4571300026	95.31409477050782	1189.3815137435936	0.15316783021848612	1.7414920480572478	0.023716494053558267	1.3651642974395852	1.243117858775104	0.7994872102673538	2.625407878506556	0.5202208116166789	6.025151756927912	0.4146855323812969	0.23426748889537768	1.7414920480572478	0.023716494053558267	1.3651642974395852	1.243117858775104	0.7994872102673538	2.625407878506556	0.5202208116166789	6.025151756927912	0.4146855323812969	0.23426748889537768	6.1045127495031295	0.3027462539486396	0.21503686024891397	0.2055700157222471	0.27664687008019984	0.610480617350797	117.09760213318685	-923.5639152271868	4.982059781389678E-4	0.7700413846102325	4.652190188866746E-4	3.1967463639712725E-7	1.0184146462913115
5840000	-9662.53558590901	-8704.843929874058	-957.6916560349533	-8539.472286070002	109.2483936915696	1341.6132969240093	0.05380241169856366	0.3570987399575109	0.0026778706128709837	0.7482104928547197	1.5096366356229478	0.7849760639465203	1.9821009803109353	1.1899031076669604	4.609317819212273	0.8415086410755725	0.042030836954640854	0.3570987399575109	0.0026778706128709837	0.7482104928547197	1.5096366356229478	0.7849760639465203	1.9821009803109353	1.1899031076669604	4.609317819212273	0.8415086410755725	0.042030836954640854	6.1045127495031295	0.30401053274681705	0.2137725814507365	0.2055700157222471	0.27664687008019984	0.46118740898319677	124.6288441088451	-943.1036223889223	4.3603095615037547E-4	0.7096913889493253	4.156537483562242E-4	2.0257873929684125E-7	0.9062559195165102
5850000	-9640.754373130345	-8683.980894001117	-956.773479129227	-8526.60983915258	108.1422953400192	1329.2270894490437	0.08723623362414987	0.07357806815513054	0.01955356906663518	0.5243355095025953	0.5894274669991708	1.4169912837959908	0.09453979765338234	0.3646248768553632	4.634436832612055	0.24340992341313938	1.029137210849908	0.07357806815513054	0.01955356906663518	0.5243355095025953	0.5894274669991708	1.4169912837959908	0.09453979765338234	0.3646248768553632	4.634436832612055	0.24340992341313938	1.029137210849908	5.750632176352013	0.30401053274681705	0.2137725814507365	0.2055700157222471	0.27664687008019984	0.46118740898319677	123.14029317824053	-945.6568133112029	4.8741652022646755E-4	0.7867696719538637	4.3211026538928513E-4	2.8699558386673645E-7	0.9928906899112481
5860000	-9633.052486956138	-8672.438270916879	-960.6142160392585	-8516.137097684588	111.98001407582089	1359.8927457057384	0.09292307420109805	1.0031425127935023	0.13292380764461478	0.07160403853806871	0.653030862410064	0.08304203453858942	3.607556323065146	0.1494311615245937	4.636764600366497	0.9458364035885916	0.40492077527867393	1.0031425127935023	0.13292380764461478	0.07160403853806871	0.653030862410064	0.08304203453858942	3.607556323065146	0.1494311615245937	4.636764600366497	0.9458364035885916	0.40492077527867393	6.156154736199967	0.30401053274681705	0.20536484579000694	0.2055700157222471	0.2850546057409294	0.3689017884237824	164.66459894438657	-946.6460985002851	5.006636934955557E-4	0.74560576059155	4.2950117046903303E-4	2.312284997132155E-7	0.8956966134178641
5870000	-9643.884789925984	-8677.136272906531	-966.7485170194528	-8514.177311725174	113.56397444879649	1387.3741531791618	0.06902195032495655	0.13233333229438027	0.01577444086110081	0.17390184846229026	1.2306713550275077	0.6985494746627465	0.26219762385493844	0.16665781407180433	2.4028609407917525	0.5790977776212058	0.7472878314147802	0.13233333229438027	0.01577444086110081	0.17390184846229026	1.2306713550275077	0.6985494746627465	0.26219762385493844	0.16665781407180433	2.4028609407917525	0.5790977776212058	0.7472878314147802	6.977957088312467	0.29247375849030355	0.21690162004652044	0.2055700157222471	0.2850546057409294	0.40207919095538663	140.25349592103288	-957.3050030777844	4.692708617772431E-4	0.8803881257558004	3.890003864999991E-4	1.8747442999301492E-7	0.9015937122977976
5880000	-9667.784926800023	-8694.544675202113	-973.2402515979096	-8527.734330564765	120.03294970648204	1421.0909003895815	0.10470246701963233	0.38992339379023083	0.0988115314199857	0.5943485522989737	2.280167767896339	0.6667886508300376	1.5862706744778166	0.2219842022324052	4.37171827800958	1.026165020315312	0.475554793732374	0.38992339379023083	0.0988115314199857	0.5943485522989737	2.280167767896339	0.6667886508300376	1.5862706744778166	0.2219842022324052	4.37171827800958	1.026165020315312	0.475554793732374	5.911552843190453	0.29247375849030355	0.21690162004652044	0.2055700157222471	0.2850546057409294	0.5202690477762084	163.41904617669462	-959.4798314280584	4.7648404326852955E-4	0.721402451966927	3.9484742537093475E-4	1.86875966212465E-7	0.9429393138950124
5890000	-9604.9168630473	-8674.006128860305	-930.9107341869951	-8506.16254061092	102.24732637532566	1178.1285367664466	0.09785561477877093	0.6486258546749412	0.74011387650139	0.05661212879241951	0.23383725348906909	0.41359738335842383	1.0218886922669776	0.2376245327137076	3.617054489356761	0.2419955496692528	0.12093926796347969	0.6486258546749412	0.74011387650139	0.05661212879241951	0.23383725348906909	0.41359738335842383	1.0218886922669776	0.2376245327137076	3.617054489356761	0.2419955496692528	0.12093926796347969	6.389266729004248	0.29247375849030355	0.2046233344617197	0.21784830130704783	0.2850546057409294	0.4621515815068263	115.51803055282666	-921.0680525434213	5.898805175653394E-4	0.8542074771606782	4.786718987172475E-4	3.303376962172886E-7	0.9581714029161276
5900000	-9601.349968623674	-8676.903921123543	-924.4460475001313	-8508.155347402317	84.56958323094082	1047.417989188037	0.09590785578974266	0.5716647874287786	0.2914323816565784	2.3351022707079876	0.16357877272017993	1.2594956554760637	0.8623417336583643	0.03744781775038263	9.97868638422965	0.46272539982096117	2.0798898030415285	0.5716647874287786	0.2914323816565784	2.3351022707079876	0.16357877272017993	1.2594956554760637	0.8623417336583643	0.03744781775038263	9.97868638422965	0.46272539982096117	2.0798898030415285	6.389266729004248	0.29247375849030355	0.2046233344617197	0.21784830130704783	0.2850546057409294	0.5092852071203334	103.84538250325754	-904.2717163866419	5.825586307868192E-4	0.7520590144359242	4.912672847835646E-4	2.640708337654449E-7	0.8655599751346211
5910000	-9624.402596148038	-8693.00619285686	-931.3964032911798	-8522.938645964618	90.64154736844957	1090.166569035509	0.11288364026325155	0.9194666613914174	0.0037792141915762457	1.9824148467851257	1.6244528197173111E-4	1.0032185431915075	2.3318181468662735	0.3534194966424487	8.853304936327069	0.579611200491326	0.9425686142409868	0.9194666613914174	0.0037792141915762457	1.9824148467851257	1.6244528197173111E-4	1.0032185431915075	2.3318181468662735	0.3534194966424487	8.853304936327069	0.579611200491326	0.9425686142409868	5.9942706839507105	0.29247375849030355	0.2046233344617197	0.21784830130704783	0.2850546057409294	0.5092852071203334	96.04989393774837	-912.5390824900627	6.09623301699909E-4	0.767713174239321	5.148021326849963E-4	3.0662068142151897E-7	0.9142775708488722
5920000	-9605.589304884445	-8665.804078353143	-939.7852265313014	-8497.818592258522	91.32682976699638	1183.9348530022937	0.12013192491976422	0.21885825767312045	0.09050920581335757	0.27091169046122615	0.6216398733247577	0.5434334201822419	1.2236050849234015	0.05375661120885966	1.9279872493215127	0.004252736738114116	0.7069839109376705	0.21885825767312045	0.09050920581335757	0.27091169046122615	0.6216398733247577	0.5434334201822419	1.2236050849234015	0.05375661120885966	1.9279872493215127	0.004252736738114116	0.7069839109376705	5.9942706839507105	0.28535247423515614	0.2046233344617197	0.2133462371083355	0.2966779541947891	0.49389945448261047	124.66749936636717	-931.7484899996382	5.734099894607161E-4	0.8829101767934359	4.7111824947281114E-4	2.690222165168893E-7	0.8997826391387986
5930000	-9649.076865896372	-8675.653577507202	-973.4232883891692	-8509.171576706418	96.77281620606654	1347.0826454465114	0.13941650204273087	0.8265795496109108	0.068914810010849	0.380715167131973	1.459019711721723	0.7661475000910669	1.9427747837988778	1.382700923322522	4.043107693297266	0.03806204447499553	1.0148505013393094	0.8265795496109108	0.068914810010849	0.380715167131973	1.459019711721723	0.7661475000910669	1.9427747837988778	1.382700923322522	4.043107693297266	0.03806204447499553	1.0148505013393094	6.4471076425068965	0.28535247423515614	0.2046233344617197	0.2133462371083355	0.2966779541947891	0.49389945448261047	137.39844632386666	-958.8759051281705	5.25614969390509E-4	0.9747951231851913	3.839023916220932E-4	2.730095938779712E-7	1.0891215282232418
5940000	-9608.243704888162	-8672.458121069129	-935.7855838190338	-8510.564701576988	88.40620511691341	1145.5527297944127	0.08397462331089262	0.1449244593410782	0.2769495667286347	1.660767848718802	1.0545155330489935	1.5201011436650533	1.2121365787369596	0.1851496791456289	2.841079938582732	0.4128330636382381	0.740881580053019	0.1449244593410782	0.2769495667286347	1.660767848718802	1.0545155330489935	1.5201011436650533	1.2121365787369596	0.1851496791456289	2.841079938582732	0.4128330636382381	0.740881580053019	6.4471076425068965	0.2979761481719239	0.2046233344617197	0.2133462371083355	0.2840542802580213	0.49389945448261047	112.32452717078331	-923.2643429332912	5.610699352583103E-4	0.7939927987797339	4.568189401932517E-4	1.869645019497817E-7	0.8237005755076102
5950000	-9599.52490097705	-8673.092198715594	-926.4327022614563	-8506.74395563017	87.61100951853277	1042.6897973186333	0.10078844699017092	0.43109514358842116	0.4629522297994687	0.051340590869150445	0.6257928132157052	0.5732449301862945	2.2780594857129497	0.0131033873066907	4.3821518831325825	0.5930883918060659	0.29738011141428833	0.43109514358842116	0.4629522297994687	0.051340590869150445	0.6257928132157052	0.5732449301862945	2.2780594857129497	0.0131033873066907	4.3821518831325825	0.5930883918060659	0.29738011141428833	6.4471076425068965	0.2979761481719239	0.2046233344617197	0.2133462371083355	0.2840542802580213	0.4985990459935863	113.89394133738195	-913.8881739046064	6.478723734010021E-4	0.9122887602069085	5.087497805115686E-4	3.3116135772417003E-7	0.9609979014294716
5960000	-9606.752079978101	-8652.7185180289	-954.0335619492024	-8487.682961066814	105.06088675769796	1210.9323330720852	0.06816314423596001	0.031419928195738814	0.09875959587340578	0.5164722115298187	0.25639317974246206	0.9640282199261608	1.8955414591586763	0.10307762491224949	2.7586333390428472	0.3847252430079083	0.04305436194634264	0.031419928195738814	0.09875959587340578	0.5164722115298187	0.25639317974246206	0.9640282199261608	1.8955414591586763	0.10307762491224949	2.7586333390428472	0.3847252430079083	0.04305436194634264	7.152126848211433	0.2979761481719239	0.2046233344617197	0.2133462371083355	0.2840542802580213	0.4985990459935863	126.69861344580904	-943.9101926125219	5.208554714285337E-4	0.8340977004583294	4.545184323871486E-4	1.886468827193789E-7	0.871486337344778
5970000	-9638.886165945158	-8645.718378253203	-993.1677876919557	-8484.419518601624	141.68413826046302	1491.4744618870677	0.0831001850253559	0.48939519586614527	0.007147605985718773	0.10444703615668406	0.7529906080386958	0.3037385460223011	1.046801218686201	0.9349493730883531	2.486409786202107	0.37082581918543117	0.24495816822645183	0.48939519586614527	0.007147605985718773	0.10444703615668406	0.7529906080386958	0.3037385460223011	1.046801218686201	0.9349493730883531	2.486409786202107	0.37082581918543117	0.24495816822645183	6.790881811643586	0.2979761481719239	0.2046233344617197	0.2133462371083355	0.2840542802580213	0.4985990459935863	173.8491951901715	-983.0626181446283	4.7079306860848885E-4	0.9701432471475064	3.7190358614458505E-4	2.398951578824899E-7	1.0752487174961178
5980000	-9629.407041806151	-8669.04551257696	-960.3615292291906	-8503.49672479146	105.64094540773746	1261.6782565441017	0.05694006589914341	1.0101180680787063	0.26990157496691236	0.6009643043946514	1.084740574456771	1.523456134902098	0.06579373586657072	0.6813811209117788	3.5344946507357027	1.1974633682686597	0.7401932785676579	1.0101180680787063	0.26990157496691236	0.6009643043946514	1.084740574456771	1.523456134902098	0.06579373586657072	0.6813811209117788	3.5344946507357027	1.1974633682686597	0.7401932785676579	5.031214155353751	0.3069051449734526	0.20810197288650753	0.2133462371083355	0.2716466450317048	0.4985990459935863	124.20400993154989	-946.8140828231591	5.101824153364728E-4	0.862955661197702	4.534681057240298E-4	2.3824477854959255E-7	0.9440371487922813
5990000	-9602.297956981196	-8674.361305482636	-927.93665149856	-8502.166945512592	116.15259945183638	1198.4532335703034	0.11308557256633366	0.3832231593092938	0.12028196277321263	0.05440249113415649	0.384173019221203	0.3827410641346087	0.3892501347520008	0.15869192059806558	1.4529977619473815	0.07395863658514232	0.1442599746523281	0.3832231593092938	0.12028196277321263	0.05440249113415649	0.384173019221203	0.3827410641346087	0.3892501347520008	0.15869192059806558	1.4529977619473815	0.07395863658514232	0.1442599746523281	5.602704638208052	0.3069051449734526	0.20810197288650753	0.2133462371083355	0.2716466450317048	0.4985990459935863	108.98605423607167	-921.7442606556849	5.73836782331227E-4	1.026673151894813	4.932532644997742E-4	3.096945639930403E-7	0.9483780999784261
6000000	-9625.038708565626	-8671.724229099247	-953.3144794663784	-8494.48698368884	91.8177863783493	1164.0269318829407	0.10776195050246737	0.7713310747582653	0.19853509031212618	0.08805244016196274	1.6740208181768899	0.7305247332773879	1.239565556719022	0.0963304290192233	1.5567561172597222	0.6691864773562609	0.002397591880153654	0.7713310747582653	0.19853509031212618	0.08805244016196274	1.6740208181768899	0.7305247332773879	1.239565556719022	0.0963304290192233	1.5567561172597222	0.6691864773562609	0.002397591880153654	5.602704638208052	0.3069051449734526	0.20810197288650753	0.2133462371083355	0.2716466450317048	0.4985990459935863	142.7308658586576	-943.4309719012173	5.77468540606749E-4	0.9877149751953481	4.818061391210719E-4	4.4200944821763943E-7	1.182832775473896
6010000	-9644.909073558363	-8677.721437537482	-967.1876360208802	-8507.304505454496	155.376380731098	1423.5369987869456	0.08403137821896595	0.07305398099062771	0.26528286188667527	0.6406614907842675	0.6021595576595911	1.1842595176488726	1.238037404345696	0.363741407607748	3.844474557158929	0.39896475004321946	1.439338544129042	0.07305398099062771	0.26528286188667527	0.6406614907842675	0.6021595576595911	1.1842595176488726	1.238037404345696	0.363741407607748	3.844474557158929	0.39896475004321946	1.439338544129042	5.6711804432134025	0.3069051449734526	0.20810197288650753	0.2133462371083355	0.2716466450317048	0.45549306436427617	126.04291724215571	-954.477801742846	5.078961588165558E-4	0.9293817851683723	3.973835537287559E-4	2.867955973545762E-7	1.0676799599912377
6020000	-9631.380120921922	-8672.527395178235	-958.8527257436866	-8503.45709961311	140.02028347083268	1374.8708888694084	0.09135830885775192	0.03497508456326332	0.1781872146806802	0.05137820023396843	1.6670133211801756	1.2611703032793036	0.7316161769208895	0.3118093891430937	2.1805868580051073	0.26898686257022325	0.6564909582921326	0.03497508456326332	0.1781872146806802	0.05137820023396843	1.6670133211801756	1.2611703032793036	0.7316161769208895	0.3118093891430937	2.1805868580051073	0.26898686257022325	0.6564909582921326	6.145078561377982	0.2985830086791844	0.21642410918077573	0.20028440999584865	0.28470847214419165	0.45549306436427617	130.2642542156002	-948.4748463369439	5.776129036364126E-4	0.9802413850824105	4.045755316119304E-4	4.6437319834133355E-7	1.2818737335027102
6030000	-9631.350181261772	-8660.03414929444	-971.3160319673316	-8497.250724660735	162.72670867556732	1495.3901631728434	0.07393249282162229	0.5708296077200911	0.06812593297877148	0.4291171122255846	0.11581500404860057	0.42023472013326113	1.4996884806177078	0.13276250134441003	4.692628850543578	0.23005529876110908	0.7602401217867304	0.5708296077200911	0.06812593297877148	0.4291171122255846	0.11581500404860057	0.42023472013326113	1.4996884806177078	0.13276250134441003	4.692628850543578	0.23005529876110908	0.7602401217867304	6.786568277079886	0.29408391429508945	0.21642410918077573	0.20478350437994358	0.28470847214419165	0.5171914479366585	151.03406210884822	-958.6127741393843	5.845523917907559E-4	1.0218451244419502	3.886101913211983E-4	4.00009081064816E-7	1.147284574894565
6040000	-9632.764976777811	-8676.038481159014	-956.7264956187971	-8507.166916614311	120.95758374526221	1314.8642997644529	0.14046684561779288	0.028264624102846657	0.06389595814463123	0.802914078297822	0.4342673002200024	0.7650148553677796	1.34653050249035	3.105425677949636	4.740003885873851	0.008795020941941782	0.7697288987507015	0.028264624102846657	0.06389595814463123	0.802914078297822	0.4342673002200024	0.7650148553677796	1.34653050249035	3.105425677949636	4.740003885873851	0.008795020941941782	0.7697288987507015	6.786568277079886	0.29408391429508945	0.21642410918077573	0.20478350437994358	0.28470847214419165	0.6407204326937055	117.62532475919795	-941.8308092617813	6.017135422820599E-4	0.9711399955203609	4.305444902765548E-4	3.453035391482401E-7	1.0658612035930202
6050000	-9641.872506499603	-8679.847692230962	-962.0248142686407	-8512.797282379648	116.71086319737805	1295.081321005614	0.06358247964190801	1.8540755628866559	0.14336749105606159	0.42496372053618237	0.5594974278806858	0.5450024049225382	0.7559731332496191	0.4114959842382275	2.9540680752626582	0.3665307959174804	0.11552090661443433	1.8540755628866559	0.14336749105606159	0.42496372053618237	0.5594974278806858	0.5450024049225382	0.7559731332496191	0.4114959842382275	2.9540680752626582	0.3665307959174804	0.11552090661443433	6.564057844753873	0.31441942378623094	0.21642410918077573	0.20478350437994358	0.26437296265305016	0.4142807216698267	134.80620673289252	-950.3700406646857	5.88139382436219E-4	0.9491856698799768	4.0140160256691874E-4	3.016104010334346E-7	1.0790222745106652
6060000	-9639.325296694959	-8673.968525993849	-965.3567707011102	-8507.686358783836	125.01716329534264	1299.630892770031	0.08625411506777741	0.27831818346886067	0.1926299815459235	2.561508493121561	0.061220472702749176	1.1226116378200326	2.20234529539159	0.8230367844903758	4.78431596157123	0.18900375522581062	0.4525873765956114	0.27831818346886067	0.1926299815459235	2.561508493121561	0.061220472702749176	1.1226116378200326	2.20234529539159	0.8230367844903758	4.78431596157123	0.18900375522581062	0.4525873765956114	7.088759680915509	0.30818408596374053	0.22265944700326615	0.20478350437994358	0.26437296265305016	0.49173763587886143	136.032017927058	-949.5763927645635	5.682551412418398E-4	0.8997763178535957	4.1594386466440176E-4	3.7339415374289783E-7	1.1112651487944765
6070000	-9611.695547137586	-8671.84830595258	-939.8472411850056	-8504.39012465165	105.63277889783733	1215.130849938387	0.09357733173712783	0.11546651630659568	0.0751131753429045	0.9632107739973542	1.8753809899280551	0.6441091685638685	0.09199636754623701	0.5305162703045525	1.1658769059497323	0.2886487189158567	0.24135616850501335	0.11546651630659568	0.0751131753429045	0.9632107739973542	1.8753809899280551	0.6441091685638685	0.09199636754623701	0.5305162703045525	1.1658769059497323	0.2886487189158567	0.24135616850501335	5.877856808660871	0.30818408596374053	0.22265944700326615	0.20478350437994358	0.26437296265305016	0.6036287731243601	124.80169446525922	-931.0916800995795	5.95449001983214E-4	0.8851671999149641	4.5559670115674487E-4	4.100581425635475E-7	1.0455828255078528
6080000	-9613.808701482285	-8675.412654700522	-938.3960467817635	-8506.098369430054	130.28637729004623	1253.0234775885033	0.1076229303500153	1.93286492655741	0.010557917795112915	0.7668997716815699	0.3748170444371748	0.6899756762892378	0.22148931287020174	0.6029639904727914	3.980475693482209	0.16841343197864583	0.05826839002088773	1.93286492655741	0.010557917795112915	0.7668997716815699	0.3748170444371748	0.6899756762892378	0.22148931287020174	0.6029639904727914	3.980475693482209	0.16841343197864583	0.05826839002088773	7.1489378118743305	0.30818408596374053	0.21106647361458264	0.20478350437994358	0.2759659360417337	0.6036287731243601	110.39594617209015	-926.4828388759731	5.538621523480065E-4	1.0055758786111415	4.239080955239583E-4	2.790588190277111E-7	0.9723546343726198
6090000	-9621.035489667887	-8687.32356436841	-933.7119252994788	-8508.802326764837	128.81496870140143	1178.104803993575	0.1931243331311428	1.2227379647665846	0.12347999962423963	0.7285413563852513	2.3167557304653634	0.6984283376239984	0.5255792512392445	0.8703237628268657	3.683292017829046	0.639158753962772	0.07055263551879604	1.2227379647665846	0.12347999962423963	0.7285413563852513	2.3167557304653634	0.6984283376239984	0.5255792512392445	0.8703237628268657	3.683292017829046	0.639158753962772	0.07055263551879604	6.7121987953982725	0.30818408596374053	0.21106647361458264	0.20478350437994358	0.2759659360417337	0.44353598341515243	119.58536643064507	-920.2107623684582	6.394146910234261E-4	1.0146876760974939	4.605953270778367E-4	5.380952434047855E-7	1.1987666254108238
6100000	-9623.251034852998	-8676.913816725262	-946.3372181277352	-8504.981418007219	118.37808824327364	1215.2804515886728	0.10294751778349653	1.2511077611187935	0.5866536144174163	0.4049958322328733	1.3921258947813822	0.9798647891788669	0.7973231871939057	0.5443452491412489	3.408083951686401	0.16368922012781115	0.8345448386579737	1.2511077611187935	0.5866536144174163	0.4049958322328733	1.3921258947813822	0.9798647891788669	0.7973231871939057	0.5443452491412489	3.408083951686401	0.16368922012781115	0.8345448386579737	6.00739857680542	0.2947373122066094	0.21106647361458264	0.20478350437994358	0.2894127097988648	0.44353598341515243	128.8266816551097	-933.3222021333403	6.223650769903201E-4	0.8887858350282967	4.927090504782525E-4	3.606143527630603E-7	1.0042262227796186
6110000	-9624.799452495183	-8679.590327169404	-945.2091253257793	-8499.097369056253	91.23675279036175	1117.423174930396	0.12699569377614886	0.7547454522502077	0.5150999496470433	0.4697754376161407	2.2745843470177545	0.6284937292098676	0.5680129623841375	0.25698586041435767	2.8461771981593995	0.18609017399796515	1.1241811877573613	0.7547454522502077	0.5150999496470433	0.4697754376161407	2.2745843470177545	0.6284937292098676	0.5680129623841375	0.25698586041435767	2.8461771981593995	0.18609017399796515	1.1241811877573613	6.00739857680542	0.2947373122066094	0.21106647361458264	0.21540742293280085	0.27878879124600753	0.5031492648807587	130.4807647084572	-932.7022631387138	6.41366037783008E-4	1.0090288066085171	5.081090720491983E-4	7.036779533389713E-7	1.2178803136945935
6120000	-9596.469236145955	-8676.672469029689	-919.7967671162659	-8510.235259354966	126.77186700544856	1093.1058173090391	0.09180285644039864	0.1812332235964035	0.4288032799121493	0.3266598699423923	0.594544440744374	0.2949494989077409	0.8366639445957861	0.037905873317840164	3.2931372584725365	0.1828145067103577	2.363181160839237	0.1812332235964035	0.4288032799121493	0.3266598699423923	0.594544440744374	0.2949494989077409	0.8366639445957861	0.037905873317840164	3.2931372584725365	0.1828145067103577	2.363181160839237	6.788239564934479	0.2947373122066094	0.21106647361458264	0.22944513515315096	0.2647510790256574	0.5031492648807587	100.61441102125096	-907.7302277650194	7.745966610328129E-4	1.0518989045430869	5.58389453066182E-4	5.637577603390333E-7	1.029875535846429
6130000	-9604.8955670066	-8684.295526221706	-920.600040784895	-8517.106366077007	94.58324499405484	1039.6955747964773	0.07390298059627089	1.7093481725770858	0.43989749123687477	2.739280664024871	0.10883142432982702	1.686880613764386	0.1376014116701492	0.4543987222336537	5.0478760158266285	0.057446771649589966	0.6352344323679987	1.7093481725770858	0.43989749123687477	2.739280664024871	0.10883142432982702	1.686880613764386	0.1376014116701492	0.4543987222336537	5.0478760158266285	0.057446771649589966	0.6352344323679987	6.788239564934479	0.2947373122066094	0.21106647361458264	0.2133692607138111	0.28082695346499725	0.5031492648807587	104.56453030284734	-903.5207437088746	8.851492747583492E-4	1.0433206485524515	6.461043701829256E-4	1.2824863378513175E-6	1.284966576075189
6140000	-9637.44012910576	-8700.447469017097	-936.9926600886636	-8530.188578449915	115.82545412839492	1143.5865750035834	0.0999987050873173	0.1762887217589351	0.047366633420552855	0.06277779790854866	2.9799058411977124	0.3951156351829937	0.4877364456129086	0.7833913065106808	1.948188963499888	0.7147014441885555	0.5436369173159774	0.1762887217589351	0.047366633420552855	0.06277779790854866	2.9799058411977124	0.3951156351829937	0.4877364456129086	0.7833913065106808	1.948188963499888	0.7147014441885555	0.5436369173159774	6.788239564934479	0.2947373122066094	0.20481767734435782	0.2133692607138111	0.28707574973522204	0.5031492648807587	106.71355352729425	-925.146088290899	7.515148282621428E-4	1.117749603523327	5.212770001724584E-4	9.307904867016269E-7	1.3266050190577852
6150000	-9608.697275429002	-8705.082365179347	-903.6149102496544	-8532.637598237456	93.18991192127997	957.9223132700331	0.0943679494982819	0.16670288000270297	0.8883029231869104	0.1391967043405257	1.584293097745251	1.2239761866012613	1.8781799805778794	0.325068885839577	4.491350498014064	0.2720754322629917	1.911872582586747	0.16670288000270297	0.8883029231869104	0.1391967043405257	1.584293097745251	1.2239761866012613	1.8781799805778794	0.325068885839577	4.491350498014064	0.2720754322629917	1.911872582586747	6.788239564934479	0.2947373122066094	0.20481767734435782	0.2133692607138111	0.28707574973522204	0.5031492648807587	83.35963844347965	-887.5457111285434	8.792479119442639E-4	0.9266044817877208	5.771639639297698E-4	9.572748733605836E-7	1.2533929112834858
6160000	-9607.59387794312	-8672.532857871687	-935.0610200714326	-8503.968029764706	94.86812004073067	1093.2183614816142	0.11727193508516998	1.1330858194973317	0.0753116614276069	1.5606472788741084	1.3672216729468303	0.8871709066209829	0.3814886899013042	0.048112610622738014	5.199715876357049	0.05886089566471702	2.0128864962885205	1.1330858194973317	0.0753116614276069	1.5606472788741084	1.3672216729468303	0.8871709066209829	0.3814886899013042	0.048112610622738014	5.199715876357049	0.05886089566471702	2.0128864962885205	6.279519446122008	0.2947373122066094	0.20481767734435782	0.2133692607138111	0.28707574973522204	0.3855587798733114	117.39426273258836	-918.9391887538414	7.374966329254468E-4	1.1280455487443644	5.297880548829094E-4	6.898375777467789E-7	1.1687789773602204
6170000	-9610.14548239853	-8670.11085984234	-940.0346225561898	-8492.459189743522	102.33139951094593	1149.0217735892422	0.1036064346158679	0.8219904069865963	0.04790201623222056	0.1935539806874394	1.7647440736743898	0.12854843771628385	2.1441717459125185	0.05320858564710598	2.30841448656074	0.3475663592944433	0.3705336034195378	0.8219904069865963	0.04790201623222056	0.1935539806874394	1.7647440736743898	0.12854843771628385	2.1441717459125185	0.05320858564710598	2.30841448656074	0.3475663592944433	0.3705336034195378	6.185595296632989	0.2947373122066094	0.20481767734435782	0.2133692607138111	0.28707574973522204	0.3855587798733114	116.75042290485656	-929.1381638572171	5.494686616087879E-4	1.000763759253935	4.606619282821181E-4	4.910798790337981E-7	1.270031254234789
6180000	-9575.97316212394	-8662.629094685499	-913.3440674384427	-8496.677882828451	109.91872217196675	1048.3927934415804	0.11824374468746113	0.2859500651340032	0.207454271739499	1.4299473363914323	0.0368901442045499	0.9858288790602879	3.4949104076613966	1.0375497496328818	3.10220248922969	0.4437408687283055	1.062224470279047	0.2859500651340032	0.207454271739499	1.4299473363914323	0.0368901442045499	0.9858288790602879	3.4949104076613966	1.0375497496328818	3.10220248922969	0.4437408687283055	1.062224470279047	5.802572711988305	0.2947373122066094	0.20481767734435782	0.2133692607138111	0.28707574973522204	0.3818178187183762	100.63916587178298	-898.6519330472453	6.654726900128181E-4	1.0103821673791182	5.071650136588184E-4	5.040411499717217E-7	1.125145299251704
6190000	-9576.009773212365	-8658.618675161144	-917.3910980512209	-8493.413711777725	116.41545909919353	1129.2865926030088	0.09153022549199102	1.3131301420516244	0.011596458792520003	0.4174402065767187	0.7290615293855196	1.204550619590776	0.21413681235587362	1.0033293458414438	2.278696463971813	0.2326524448714084	0.5622701016431763	1.3131301420516244	0.011596458792520003	0.4174402065767187	0.7290615293855196	1.204550619590776	0.21413681235587362	1.0033293458414438	2.278696463971813	0.2326524448714084	0.5622701016431763	6.001506346278943	0.2947373122066094	0.20481767734435782	0.2133692607138111	0.28707574973522204	0.4911892210090511	110.21726223404171	-906.182836442237	6.531337169969171E-4	1.0535523914842646	4.887044385251353E-4	5.068563193915014E-7	1.1581606215158942
6200000	-9616.58210275431	-8683.77300823128	-932.8090945230304	-8510.72596792471	88.08755233354177	1100.8381630570723	0.0748651916226114	0.39435887851150236	0.11317316250620595	0.36209413977137644	0.3615406505760503	0.843756074716968	1.201948251706613	0.39673322314362214	3.089958025381931	0.32050991677087026	0.12185582680094223	0.39435887851150236	0.11317316250620595	0.36209413977137644	0.3615406505760503	0.843756074716968	1.201948251706613	0.39673322314362214	3.089958025381931	0.32050991677087026	0.12185582680094223	6.001506346278943	0.2947373122066094	0.2177267425746305	0.2133692607138111	0.27416668450494935	0.4911892210090511	110.00554185826307	-922.7514592553377	5.940166208049975E-4	0.9029502303997655	4.848554884666436E-4	4.0178326205583325E-7	1.1531424348497612
6210000	-9592.263618711138	-8671.340901811756	-920.9227168993812	-8498.426686058805	89.58226427033982	1070.2395173827076	0.08348844875804007	0.05888822625157296	0.24353940294313095	0.7662269470408261	0.31156186926846874	0.31503415387238193	1.3277151360351311	0.07038933479105151	1.4640265211894787	0.18518176034225625	0.054370093666562966	0.05888822625157296	0.24353940294313095	0.7662269470408261	0.31156186926846874	0.31503415387238193	1.3277151360351311	0.07038933479105151	1.4640265211894787	0.18518176034225625	0.054370093666562966	7.414300203000545	0.2947373122066094	0.2177267425746305	0.2133692607138111	0.27416668450494935	0.4911892210090511	93.4183036839049	-913.3827492650358	5.774991886924853E-4	0.8695523737061558	5.020059840102971E-4	4.151234288396373E-7	1.0546037838315194
6220000	-9642.303001765444	-8697.835948897857	-944.4670528675874	-8528.221532182186	98.76798394847938	1207.329124234422	0.0968691188383867	0.18876889770933475	0.3473144962469469	0.4949546565045559	0.24688829149108812	1.6151484720892295	0.2746054592436107	0.5030084678846263	5.739362965492862	0.5410890317072188	0.4903205194972401	0.18876889770933475	0.3473144962469469	0.4949546565045559	0.24688829149108812	1.6151484720892295	0.2746054592436107	0.5030084678846263	5.739362965492862	0.5410890317072188	0.4903205194972401	7.414300203000545	0.2947373122066094	0.2177267425746305	0.2133692607138111	0.27416668450494935	0.4911892210090511	118.85579855716989	-931.2863293500798	5.658854967354183E-4	0.8556304796455647	4.777382107013525E-4	3.81539677136726E-7	1.0122672279556781
6230000	-9638.805029887299	-8682.784909709813	-956.0201201774852	-8511.599891703378	82.16922720397928	1112.188052622561	0.11458924799337267	0.07619014799476675	0.014291710819435957	1.985271582403716	0.14921818854879715	1.7682441307433647	3.0421855727228597	1.8138571992143515	5.278199224298795	0.15614320158386447	3.713895122816486	0.07619014799476675	0.014291710819435957	1.985271582403716	0.14921818854879715	1.7682441307433647	3.0421855727228597	1.8138571992143515	5.278199224298795	0.15614320158386447	3.713895122816486	7.414300203000545	0.2947373122066094	0.2177267425746305	0.2133692607138111	0.27416668450494935	0.4911892210090511	114.23661190743464	-935.8354435863747	4.886197606407773E-4	0.8045478990853737	4.434076253492505E-4	1.5963470976485414E-7	0.8542751914517899
6240000	-9617.919495134398	-8693.96397789981	-923.9555172345881	-8528.550172048563	82.81847123474121	1032.2863646930352	0.08302137885836469	1.1455587333809032	0.47002824609927857	0.33114377559915253	0.05012711911936394	0.3997138438733619	2.004107987484228	0.31680058959923524	5.125602729409123	0.6708398443272566	0.426612313365752	1.1455587333809032	0.47002824609927857	0.33114377559915253	0.05012711911936394	0.3997138438733619	2.004107987484228	0.31680058959923524	5.125602729409123	0.6708398443272566	0.426612313365752	8.077680137154099	0.2947373122066094	0.2177267425746305	0.2133692607138111	0.27416668450494935	0.6218204916813138	91.15425649382729	-910.1178184410838	6.082452506254277E-4	0.8165248191944798	5.058130101169105E-4	2.857512407283587E-7	0.9552938239350687
6250000	-9603.175045473388	-8669.091747139484	-934.083298333905	-8501.455383634047	83.5160398101159	1095.1112073203515	0.08722469946959	0.1508033115577579	0.07197602329864394	0.4298371504584173	0.041484072708972045	0.10103587550840484	0.5265502054536205	0.8596870085211554	2.2815926021973505	0.641000524450948	0.17338984454103895	0.1508033115577579	0.07197602329864394	0.4298371504584173	0.041484072708972045	0.10103587550840484	0.5265502054536205	0.8596870085211554	2.2815926021973505	0.641000524450948	0.17338984454103895	6.500456631544877	0.2947373122066094	0.2177267425746305	0.20705691521030056	0.2804790300084599	0.6218204916813138	116.53108570953553	-925.7258095118318	5.803747113702733E-4	0.9402381755072385	5.254903550983529E-4	2.2765210217018788E-7	0.8625690712288211
6260000	-9548.014589240962	-8657.385310520462	-890.6292787205002	-8494.812381474738	67.09403825761572	854.4909280128957	0.11170251578074929	0.8784265746092559	1.2943913018684912	0.6811383267570388	0.9478478800583688	1.6998691478927008	2.996968916250102	0.32474673996713194	8.047849697875932	0.19323500546044736	0.0349309357169993	0.8784265746092559	1.2943913018684912	0.6811383267570388	0.9478478800583688	1.6998691478927008	2.996968916250102	0.32474673996713194	8.047849697875932	0.19323500546044736	0.0349309357169993	6.500456631544877	0.2947373122066094	0.2177267425746305	0.20705691521030056	0.2804790300084599	0.5523408186248684	87.14864146932662	-871.1042072750818	7.519864732483332E-4	0.8212057180560506	6.397902310398155E-4	3.9840566582340473E-7	0.8641986797970476
6270000	-9550.003318882518	-8664.881329269581	-885.1219896129362	-8497.775386131687	70.40074702683442	877.1349457947914	0.11740273109104142	0.15234910438054902	0.18867514003323962	0.5465717460771649	0.9356970046071394	0.8093750681272208	2.4250833114807	0.0913802813106869	3.316566976901633	0.543169225105485	0.008160910392898374	0.15234910438054902	0.18867514003323962	0.5465717460771649	0.9356970046071394	0.8093750681272208	2.4250833114807	0.0913802813106869	3.316566976901633	0.543169225105485	0.008160910392898374	6.500456631544877	0.2947373122066094	0.2177267425746305	0.20705691521030056	0.2804790300084599	0.47217423747205245	82.38131580757137	-873.8414401654027	7.016716601091098E-4	0.8614547941923482	5.697047930875813E-4	3.8089825464699844E-7	0.8954715076051059
6280000	-9571.684587499196	-8668.927245187868	-902.7573423113282	-8507.806369481346	72.07725542116937	931.7379467245743	0.11538021184541473	0.618948384538635	0.09377855135029968	0.34164794115812924	1.3390466082625856	0.9758188171666287	1.5291018001808645	0.13428821087219034	4.368845908523824	0.5346467754814503	0.4417360095698661	0.618948384538635	0.09377855135029968	0.34164794115812924	1.3390466082625856	0.9758188171666287	1.5291018001808645	0.13428821087219034	4.368845908523824	0.5346467754814503	0.4417360095698661	6.500456631544877	0.2947373122066094	0.2177267425746305	0.20705691521030056	0.2804790300084599	0.47217423747205245	102.4208460880038	-889.8354233421147	7.554936269233446E-4	0.8412227772649212	6.100833262819996E-4	4.2474579768997704E-7	0.9144864133345936
6290000	-9595.359232255343	-8660.722497630482	-934.6367346248613	-8502.098547488675	79.4878374375339	1065.3850398847605	0.08283369443261095	0.3579320463041607	0.25925177373605907	0.5274894694414689	0.5700127965462054	0.13332060643744964	1.3000027228840583	0.08093142077686394	2.7646893285923975	0.18059127555491375	0.3242841741629157	0.3579320463041607	0.25925177373605907	0.5274894694414689	0.5700127965462054	0.13332060643744964	1.3000027228840583	0.08093142077686394	2.7646893285923975	0.18059127555491375	0.3242841741629157	6.500456631544877	0.2947373122066094	0.2177267425746305	0.20705691521030056	0.2804790300084599	0.47217423747205245	123.22475673085735	-924.7896487206519	7.542552225255887E-4	0.9202328416120155	5.989401573985197E-4	4.691385396106079E-7	0.9758934989823075
6300000	-9627.86238075692	-8675.451088913313	-952.4112918436075	-8510.449322914727	93.29901263927015	1143.2974521412154	0.08148164527497703	0.40646971191044334	0.1988674796724635	0.6938421373549398	0.33337551424790585	1.4096752431921646	2.975146661464202	0.03612879753066396	3.1030649270237647	0.7800604804093488	0.12055918903138885	0.40646971191044334	0.1988674796724635	0.6938421373549398	0.33337551424790585	1.4096752431921646	2.975146661464202	0.03612879753066396	3.1030649270237647	0.7800604804093488	0.12055918903138885	7.0075726838841454	0.2887964743727532	0.2177267425746305	0.2129977530441568	0.2804790300084599	0.49264866377675454	125.04868347421943	-939.3752808579605	5.763682729546599E-4	0.8723034509273466	4.712977773591659E-4	2.2747689979734938E-7	0.9048197203334779
6310000	-9690.825091098195	-8686.884111553773	-1003.9409795444221	-8518.678532511998	96.68807077873308	1393.9399360267912	0.08059692706055316	0.1358490191929573	0.09424786231370108	0.31498171633467426	2.289436554745736	0.7667928229952639	2.070937260886486	0.3025140046257392	3.045813953846129	0.14482103181501865	0.49189355668457596	0.1358490191929573	0.09424786231370108	0.31498171633467426	2.289436554745736	0.7667928229952639	2.070937260886486	0.3025140046257392	3.045813953846129	0.14482103181501865	0.49189355668457596	5.583288008203133	0.2887964743727532	0.2098082771635986	0.2129977530441568	0.28839749541949183	0.49264866377675454	179.9547481206149	-991.6073280377625	4.72536009638997E-4	0.8304205191666709	3.719215397486291E-4	1.3157696633913523E-7	0.8586703210013313
6320000	-9681.96965525701	-8692.396829206251	-989.5728260507582	-8522.927103292157	107.79440593424196	1444.2690290011426	0.09854163448502054	0.2237736750753869	0.2956765282371588	0.917262554708525	0.024397946251523406	0.42954091930786814	3.1828944009320175	0.92481299736507	6.605716871363495	0.01759357058692423	1.5124210485401142	0.2237736750753869	0.2956765282371588	0.917262554708525	0.024397946251523406	0.42954091930786814	3.1828944009320175	0.92481299736507	6.605716871363495	0.01759357058692423	1.5124210485401142	6.459771206395339	0.3016067902618433	0.2098082771635986	0.2129977530441568	0.27558717953040174	0.4939136712380606	171.37425573505766	-972.735621423974	4.8548074767325956E-4	0.8489157325939799	3.73701296895924E-4	2.1824144094142893E-7	0.9864751487103434
6330000	-9684.483486803534	-8681.20984294887	-1003.2736438546635	-8510.921946811251	127.02876434650443	1605.910398656433	0.044594694185435095	1.2554398366194073	0.007365937706516021	0.6091922145165045	1.1862980779954928	1.8773841207260842	0.9586329423013401	2.8254640927328567	7.129582592849531	0.31146407219426575	0.03586025042224522	1.2554398366194073	0.007365937706516021	0.6091922145165045	1.1862980779954928	1.8773841207260842	0.9586329423013401	2.8254640927328567	7.129582592849531	0.31146407219426575	0.03586025042224522	7.18998964517148	0.3016067902618433	0.2098082771635986	0.2129977530441568	0.27558717953040174	0.5676031914078405	159.1465347783646	-983.0269676940662	4.834021760241032E-4	0.8775039510912646	3.644658847567519E-4	1.7095661473952977E-7	0.8904952534880336
6340000	-9683.804843482252	-8698.824047130252	-984.9807963519997	-8535.81494071924	141.07113324514378	1554.601289942959	0.08339623940356242	0.16714586924093358	0.39232358289306446	0.5775475510380408	0.9880782727097516	0.9791198971532034	1.1332306283526918	0.07717271629269698	5.14744134203577	0.4542550710696948	0.29717562278137866	0.16714586924093358	0.39232358289306446	0.5775475510380408	0.9880782727097516	0.9791198971532034	1.1332306283526918	0.07717271629269698	5.14744134203577	0.4542550710696948	0.29717562278137866	5.946027921464779	0.29696643167370795	0.21444863575173392	0.2129977530441568	0.27558717953040174	0.45033248582533986	165.19851446490117	-971.8237387141216	5.479461602006646E-4	0.8912391929704923	3.7845054074149716E-4	2.032780300377259E-7	0.927846713521421
6350000	-9653.825684354844	-8660.789087267141	-993.0365970877032	-8497.95523931385	141.3189031020794	1630.0608850820863	0.07609844633711861	0.5387515352923063	0.04497983515310388	0.2754815807169524	0.6402701087552664	0.1509517446492344	0.912914875138251	0.17300848303693192	1.44660098526084	0.07352477054463573	0.29735227536254916	0.5387515352923063	0.04497983515310388	0.2754815807169524	0.6402701087552664	0.1509517446492344	0.912914875138251	0.17300848303693192	1.44660098526084	0.07352477054463573	0.29735227536254916	5.946027921464779	0.3043664675966338	0.21444863575173392	0.20559771712123093	0.27558717953040174	0.45033248582533986	168.50276879169238	-984.8679242177304	5.343693135078329E-4	1.0638527355818987	3.434026518407356E-4	3.066169263317213E-7	1.1421070769923023
6360000	-9641.409435800066	-8667.518244551105	-973.8911912489593	-8500.993987162234	137.51749420677828	1459.1629897982668	0.09283856177345937	0.25224325240367607	0.0792852484629013	0.10403357549403794	1.140621797716913	0.32001865381353983	2.0547449267390885	0.13783594458524442	3.9135376005265985	0.7416665411487892	0.18439602374135963	0.25224325240367607	0.0792852484629013	0.10403357549403794	1.140621797716913	0.32001865381353983	2.0547449267390885	0.13783594458524442	3.9135376005265985	0.7416665411487892	0.18439602374135963	5.946027921464779	0.3043664675966338	0.20365840207434804	0.2163879507986168	0.27558717953040174	0.45033248582533986	148.8253342942362	-961.7979607974037	5.620504544554978E-4	1.0168510520713692	3.7314357536227344E-4	2.5686260922144186E-7	1.0255955441135014
6370000	-9630.018502691853	-8680.256428080791	-949.762074611063	-8510.179999790187	112.88875116757265	1279.0722238277936	0.1404132974518375	0.4114497360108654	0.1055574630614123	1.4142640733199547	0.9202560156497647	0.46340108855594925	1.1172776486154097	0.019687941790245134	3.556066149800708	0.11357879496096945	3.0370121764238145	0.4114497360108654	0.1055574630614123	1.4142640733199547	0.9202560156497647	0.46340108855594925	1.1172776486154097	0.019687941790245134	3.556066149800708	0.11357879496096945	3.0370121764238145	6.237823286091988	0.31560756743188007	0.20365840207434804	0.20514685096337057	0.27558717953040174	0.45033248582533986	104.8783635837427	-935.9331918142052	6.243040045051289E-4	1.0246319238452073	4.490727248607245E-4	3.1115881257965574E-7	1.0182669228773578
6380000	-9619.27976645064	-8682.592043620783	-936.6877228298566	-8512.125683761687	143.25578439712228	1232.9673919010945	0.0855025830454098	0.38940304454973196	0.06309381390430484	0.20160796179521107	0.07668799022592998	0.1382116291579365	0.8997259965009107	0.49194224156798144	3.090502781219731	0.8869783699229902	0.12037597317488749	0.38940304454973196	0.06309381390430484	0.20160796179521107	0.07668799022592998	0.1382116291579365	0.8997259965009107	0.49194224156798144	3.090502781219731	0.8869783699229902	0.12037597317488749	7.305123786365326	0.304376569973068	0.20365840207434804	0.2163778484221826	0.27558717953040174	0.45033248582533986	113.28657905556747	-927.5316743122291	5.502180747384059E-4	0.8595899011109368	4.0513205755883134E-4	2.8065406701964274E-7	1.035276781484334
6390000	-9627.63187742003	-8680.533119091697	-947.0987583283327	-8509.232954066641	98.27474679255621	1159.5564268503877	0.13540213444924296	0.35395665562777817	0.08504427144745501	0.45988490599427273	0.22598124978812545	0.33243391687519774	1.555251825227825	0.13987577903674894	3.6197680572242565	0.032606314419458084	0.23270380793265064	0.35395665562777817	0.08504427144745501	0.45988490599427273	0.22598124978812545	0.33243391687519774	1.555251825227825	0.13987577903674894	3.6197680572242565	0.032606314419458084	0.23270380793265064	6.321911509249246	0.304376569973068	0.20365840207434804	0.2163778484221826	0.27558717953040174	0.45033248582533986	113.66519097857386	-937.8000146536226	5.506182840754892E-4	0.9167275526584703	4.310137141362821E-4	3.543997315396181E-7	1.1932715243522607
6400000	-9626.147943764076	-8676.87272665196	-949.2752171121158	-8507.362352293234	146.06569440939396	1350.6967948306126	0.062125106434997336	0.2986754151750453	0.08249912529345545	0.16301168436863991	0.25947425028777416	0.2893449122915924	0.5905147726053953	0.3354056838439883	2.0340334901220274	0.23445764753327197	0.8199031408674567	0.2986754151750453	0.08249912529345545	0.16301168436863991	0.25947425028777416	0.2893449122915924	0.5905147726053953	0.3354056838439883	2.0340334901220274	0.23445764753327197	0.8199031408674567	7.151134912251392	0.2949526779732437	0.21308229407417234	0.2163778484221826	0.27558717953040174	0.47408603376747527	129.3026350033103	-940.1271651712126	6.426543927051767E-4	1.0351068235643732	4.0387137087659515E-4	4.79257953598855E-7	1.227548401424854
6410000	-9627.787925333805	-8688.825155043727	-938.9627702900784	-8517.679678818524	101.4381991388328	1145.3581923646127	0.14715273824375527	2.279790583369058	0.05685897290835735	0.11922691393129962	1.4365840184184062	0.8060278013421444	2.337563907058457	0.45352560898218797	2.3955560864623178	0.5757158859137245	0.7571935339143735	2.279790583369058	0.05685897290835735	0.11922691393129962	1.4365840184184062	0.8060278013421444	2.337563907058457	0.45352560898218797	2.3955560864623178	0.5757158859137245	0.7571935339143735	6.259787042069064	0.2949526779732437	0.21308229407417234	0.2163778484221826	0.27558717953040174	0.5356261788631039	100.55899080058087	-924.4663552479481	7.759959437300289E-4	1.1502269386220096	4.941409270515513E-4	1.0851908216319896E-6	1.4643970755490954
6420000	-9586.991290799144	-8670.343120582944	-916.6481702162006	-8507.362605474322	123.44713960789436	1079.1773068938314	0.09469344993676297	0.6904450350893127	0.13020128545115128	0.5763786587789838	0.9356195334829813	1.1981114129536141	2.6300516877149094	0.3735313876692395	6.814244054443673	1.0944333345908763	0.11408425169423957	0.6904450350893127	0.13020128545115128	0.5763786587789838	0.9356195334829813	1.1981114129536141	2.6300516877149094	0.3735313876692395	6.814244054443673	1.0944333345908763	0.11408425169423957	6.259787042069064	0.2949526779732437	0.21308229407417234	0.2163778484221826	0.27558717953040174	0.5356261788631039	95.62567111626024	-898.8032646502246	7.332743064243554E-4	1.0518312357387094	5.123883776858676E-4	7.093500041871647E-7	1.248282205858307
6430000	-9599.640804156583	-8678.187345301005	-921.4534588555784	-8507.30281157644	136.16574741202862	1137.3345268287949	0.11460403779676795	0.6027150358079744	0.19251046055814158	0.10913681458642728	2.9613456755860663	2.2466703764712013	1.477191837363477	0.0026953789816833	2.6080906097381966	0.27912939774040474	1.359825745243817	0.6027150358079744	0.19251046055814158	0.10913681458642728	2.9613456755860663	2.2466703764712013	1.477191837363477	0.0026953789816833	2.6080906097381966	0.27912939774040474	1.359825745243817	7.319115676327852	0.28129186428825714	0.2267431077591589	0.2163778484221826	0.27558717953040174	0.44023101421503413	97.52296664627931	-906.5553370113154	6.698713774223753E-4	1.0455565555660564	5.045837590599356E-4	4.1052206422507187E-7	1.0032760951488335
6440000	-9591.295109100229	-8689.547061839196	-901.7480472610326	-8524.597643686979	85.35459690066804	977.0501564181261	0.15694094809852946	0.406266378795402	0.05130083836932621	0.12142457899067807	2.9028626000781377	1.6307974107098473	0.5937792136601981	0.9712796827409647	3.0597045464429744	0.01266363654860867	0.28520509771104297	0.406266378795402	0.05130083836932621	0.12142457899067807	2.9028626000781377	1.6307974107098473	0.5937792136601981	0.9712796827409647	3.0597045464429744	0.01266363654860867	0.28520509771104297	6.1516496346750875	0.28129186428825714	0.2267431077591589	0.20803675416786277	0.2839282737847216	0.44023101421503413	94.81414149438007	-888.8047752329887	7.861330675675623E-4	1.1041561739395052	5.613775995527885E-4	6.079273627060819E-7	1.0683189096875283
6450000	-9625.478743900323	-8669.290252955538	-956.1884909447851	-8502.120545356423	82.68962673653283	1111.0530192875042	0.07175091983464495	0.8450448160909837	0.13932579054465688	0.2936066308018243	0.7823578634064501	1.0578085879373642	0.35930729793489086	0.4565961585192067	3.8663971244734276	0.7631582791169214	1.094409357296038	0.8450448160909837	0.13932579054465688	0.2936066308018243	0.7823578634064501	1.0578085879373642	0.35930729793489086	0.4565961585192067	3.8663971244734276	0.7631582791169214	1.094409357296038	6.74573029679909	0.29541407910365514	0.2126208929437609	0.20803675416786277	0.2839282737847216	0.5435816875327873	147.57324901067852	-942.2740876055435	6.722882118439906E-4	1.1049197740964878	5.1127513090518E-4	3.837996502937228E-7	1.0610461106950115
6460000	-9609.04389195949	-8678.327828302603	-930.7160636568876	-8509.292640774289	89.41092238058462	1097.0255330792893	0.14098471769172174	0.006047996303426079	0.21130852508349576	0.481240194247288	0.8520981548834099	0.4014075335378727	2.774080202026935	0.10904337785360743	4.4004467724819785	0.9034343746751916	0.5398270396245128	0.006047996303426079	0.21130852508349576	0.481240194247288	0.8520981548834099	0.4014075335378727	2.774080202026935	0.10904337785360743	4.4004467724819785	0.9034343746751916	0.5398270396245128	6.1786045891066985	0.29541407910365514	0.2126208929437609	0.20803675416786277	0.2839282737847216	0.5435816875327873	102.34466812183568	-917.2490875186943	7.042229380355655E-4	1.0125482148730558	5.172853704902615E-4	3.7104509210317906E-7	0.9324657103495319
6470000	-9630.499429206127	-8679.109843767521	-951.3895854386055	-8517.399015383333	94.84920127344031	1178.4983646035646	0.09909339020286498	2.368933154216352	0.04357215550235319	0.5101322257574225	0.8301830699235486	0.19212305960266426	2.5587742857184272	0.750295988346418	3.1023672860704266	0.6091679295543028	0.6430937119793331	2.368933154216352	0.04357215550235319	0.5101322257574225	0.8301830699235486	0.19212305960266426	2.5587742857184272	0.750295988346418	3.1023672860704266	0.6091679295543028	0.6430937119793331	6.1786045891066985	0.30571769931778736	0.2126208929437609	0.20803675416786277	0.27362465357058935	0.5435816875327873	124.12398391884219	-936.4306888750832	6.833071704776621E-4	1.028620175143776	4.8636518074290176E-4	4.636043065660671E-7	1.1464480510842558
6480000	-9631.422391918286	-8686.193731175006	-945.2286607432803	-8517.759216497887	116.9102560379114	1273.0985811270057	0.12348676006997496	0.31481068963965464	0.12357111337151364	0.2086671146629861	0.47359873207288017	1.3573244154919142	2.896656747838679	0.03858273541831976	2.8840398140984242	0.6551155866863401	0.44115703638772236	0.31481068963965464	0.12357111337151364	0.2086671146629861	0.47359873207288017	1.3573244154919142	2.896656747838679	0.03858273541831976	2.8840398140984242	0.6551155866863401	0.44115703638772236	6.1786045891066985	0.30571769931778736	0.2126208929437609	0.20803675416786277	0.27362465357058935	0.4920375018421047	125.09800838792178	-933.1844847980256	5.893515345045382E-4	0.9549725819719747	4.485849427381611E-4	3.27220374634085E-7	1.0293969036449258
6490000	-9617.033017883577	-8696.19855668573	-920.8344611978476	-8529.330429203681	90.41694401678703	1085.5773767236744	0.10506960689389036	0.2342027894435156	0.047037386552310566	0.5435437179208557	0.2795008269875377	1.0758717783041538	1.0461359447789793	1.211303158386421	2.2519801963762625	0.16734539937328996	0.7396425322449003	0.2342027894435156	0.047037386552310566	0.5435437179208557	0.2795008269875377	1.0758717783041538	1.0461359447789793	1.211303158386421	2.2519801963762625	0.16734539937328996	0.7396425322449003	5.921271945163294	0.30571769931778736	0.2126208929437609	0.20803675416786277	0.27362465357058935	0.42790362773910356	105.08008760921092	-910.9814824555302	5.898212965097762E-4	0.8720899722034324	4.984691994147962E-4	2.840365757093701E-7	0.9153869622037007
6500000	-9660.093134749113	-8700.375843234155	-959.7172915149588	-8533.055256397596	102.554461036802	1264.5021615992032	0.07839414937239311	0.8561224391270743	0.026185137897822203	0.12230369068117412	0.4788257237494738	0.7730341251225405	0.8791563752187531	0.35365893873455856	2.2220365690522983	0.4268092052633667	0.7672166273089727	0.8561224391270743	0.026185137897822203	0.12230369068117412	0.4788257237494738	0.7730341251225405	0.8791563752187531	0.35365893873455856	2.2220365690522983	0.4268092052633667	0.7672166273089727	5.921271945163294	0.30571769931778736	0.2126208929437609	0.20803675416786277	0.27362465357058935	0.5618834891413843	119.43595575605173	-949.8475419727243	5.731781592308175E-4	0.9159411554895965	4.7018101741445905E-4	2.521463979278557E-7	0.899520039103856
6510000	-9617.516304785517	-8684.867700701541	-932.648604083975	-8515.900792690576	76.16980330061642	1030.2037360600075	0.14798463299140188	1.0853728230298059	0.04426419793540556	0.21296565299955306	0.5255146432939795	0.11683732104932619	1.6919157609993454	0.39609166752208497	2.8631120301153468	0.1807002013048132	0.30371823002026893	1.0853728230298059	0.04426419793540556	0.21296565299955306	0.5255146432939795	0.11683732104932619	1.6919157609993454	0.39609166752208497	2.8631120301153468	0.1807002013048132	0.30371823002026893	6.241244339700184	0.3149475432393709	0.20339104902217736	0.20803675416786277	0.27362465357058935	0.5618834891413843	123.13723817113608	-922.7052093867524	6.28716506938809E-4	0.9041245343669014	5.452486610674593E-4	3.2784528074841305E-7	0.9685602643819353
6520000	-9625.83114384168	-8689.89013017996	-935.9410136617203	-8514.34376157119	80.14113812682116	1011.926465045133	0.12345394157914576	0.01192703261250253	0.26201209230591693	0.8366471555289606	1.5015915279574925	1.6660300194427298	1.468271001739846	0.9937238868730792	5.659702969350365	0.8250249266268597	1.7908200442955735	0.01192703261250253	0.26201209230591693	0.8366471555289606	1.5015915279574925	1.6660300194427298	1.468271001739846	0.9937238868730792	5.659702969350365	0.8250249266268597	1.7908200442955735	6.241244339700184	0.3149475432393709	0.20339104902217736	0.20803675416786277	0.27362465357058935	0.3938063452931374	106.79563765651673	-918.3482239132982	6.27997201391606E-4	0.9681754513276221	5.385585152945277E-4	2.2443338959303243E-7	0.8709929856795045
6530000	-9613.798046327202	-8679.293477228905	-934.5045690982962	-8512.265838490512	78.99958536260246	1001.1531273358571	0.08760961943070765	0.12988942591220493	0.07511201021947224	1.1002612549016662	1.573241699610364	1.564530475119182	0.04468597883969215	0.2260513851792255	6.920431697057891	0.14560160859328827	2.4977126705385757	0.12988942591220493	0.07511201021947224	1.1002612549016662	1.573241699610364	1.564530475119182	0.04468597883969215	0.2260513851792255	6.920431697057891	0.14560160859328827	2.4977126705385757	6.241244339700184	0.3149475432393709	0.20339104902217736	0.20803675416786277	0.27362465357058935	0.5294166197889241	118.80599129025592	-917.101118536755	7.077946387226277E-4	0.8934564714479091	5.774311195333229E-4	2.8253825912266845E-7	0.8291435265163026
6540000	-9620.442848432449	-8689.322647298517	-931.1202011339328	-8525.630767168037	81.22326299676278	1054.8599288140997	0.08522075881231256	0.4084202882816686	0.17510583252256126	1.2916817676753785	0.6190838940213433	0.5883700271085929	0.39006677440062465	0.20723104201625653	3.293541304354351	0.02996078576125951	0.768795363601962	0.4084202882816686	0.17510583252256126	1.2916817676753785	0.6190838940213433	0.5883700271085929	0.39006677440062465	0.20723104201625653	3.293541304354351	0.02996078576125951	0.768795363601962	5.735388864892424	0.3000486609772259	0.20339104902217736	0.20803675416786277	0.2885235358327344	0.6587360879011552	114.28825740759021	-920.8431844887571	6.040660790371579E-4	0.7713462920608445	5.413972323083723E-4	1.8947997295911227E-7	0.7705999760528287
6550000	-9639.13367822679	-8707.361645554238	-931.7720326725519	-8548.900798443832	87.19482651672212	1092.4750182366388	0.04939944592258731	0.15089926644515447	0.5765466975886094	0.7603895578922574	0.059191889603989474	1.384132666262489	0.6862412777774788	0.015046611206096763	2.516057787639118	0.34439328303658806	0.9468990611055584	0.15089926644515447	0.5765466975886094	0.7603895578922574	0.059191889603989474	1.384132666262489	0.6862412777774788	0.015046611206096763	2.516057787639118	0.34439328303658806	0.9468990611055584	6.659487557665649	0.3000486609772259	0.20339104902217736	0.20803675416786277	0.2885235358327344	0.6587360879011552	115.47522565704743	-920.5543803751088	6.206702518166582E-4	0.8470328220881792	5.374852395877366E-4	3.314546525517489E-7	0.9309818417984643
6560000	-9618.27402040123	-8687.107224221741	-931.1667961794874	-8522.375102221637	95.88895620693603	1102.1558523725623	0.10805998530606183	1.084542246777924	0.1464977201641586	0.6976604951527513	0.8965412629257868	0.36965850022428426	3.340837851232266	1.2081002160046868	3.8505655377271433	0.7306919708394215	0.1417493728567381	1.084542246777924	0.1464977201641586	0.6976604951527513	0.8965412629257868	0.36965850022428426	3.340837851232266	1.2081002160046868	3.8505655377271433	0.7306919708394215	0.1417493728567381	6.69907520073339	0.3000486609772259	0.20339104902217736	0.20803675416786277	0.2885235358327344	0.5041896203609372	108.55992409187583	-916.2420633776005	6.191949965264641E-4	0.8215044045244881	5.150468355245189E-4	2.0458875844526675E-7	0.8193252442994129
6570000	-9624.480378421318	-8695.08157361258	-929.3988048087368	-8521.558522795893	94.93293644651246	1067.964478199412	0.1641574968164174	0.6936474439297428	0.0043042171920541165	0.3421239029964652	0.4373523851971487	0.5174156090148813	3.8381273222391115	0.8980367104209306	3.4867128717019527	0.1855329611285219	0.2942688794584231	0.6936474439297428	0.0043042171920541165	0.3421239029964652	0.4373523851971487	0.5174156090148813	3.8381273222391115	0.8980367104209306	3.4867128717019527	0.1855329611285219	0.2942688794584231	7.742286385477985	0.29350709554854276	0.20339104902217736	0.20803675416786277	0.2950651012614175	0.5041896203609372	109.42899920756436	-916.2459142422796	6.194340948076783E-4	0.8670564000296527	5.070669624310993E-4	2.42705448396746E-7	0.8299420382615006
6580000	-9618.315474067702	-8693.237420738615	-925.0780533290872	-8526.590475539644	95.96905101708394	1087.1153297777205	0.11892748513862646	1.8003791050173274E-4	0.030885251356519327	0.9801867180267617	3.5756936507907238	0.9770764213654426	0.9145798586646494	0.06055723227169905	4.158550916881739	0.48000377488322854	0.92438530088911	1.8003791050173274E-4	0.030885251356519327	0.9801867180267617	3.5756936507907238	0.9770764213654426	0.9145798586646494	0.06055723227169905	4.158550916881739	0.48000377488322854	0.92438530088911	6.511141647850416	0.29350709554854276	0.20339104902217736	0.20803675416786277	0.2950651012614175	0.5041896203609372	103.90615991930964	-910.5324125547309	6.205978477009053E-4	0.8756827871368472	5.427124246169416E-4	2.820598019920417E-7	0.8640336917198691
6590000	-9630.043394281916	-8683.895777366743	-946.1476169151739	-8528.728806494846	89.42992771764077	1134.763504096317	0.08942006468558596	0.26040082756216487	0.06477236419498285	1.0711888336962296	0.3962365460904415	0.6422502651325506	2.8096630831551264	0.7338443074033801	4.156034529422244	0.004314565252825994	0.6114523338904826	0.26040082756216487	0.06477236419498285	1.0711888336962296	0.3962365460904415	0.6422502651325506	2.8096630831551264	0.7338443074033801	4.156034529422244	0.004314565252825994	0.6114523338904826	6.511141647850416	0.31366193877734144	0.20339104902217736	0.20803675416786277	0.2749102580326188	0.39982434471101547	119.38955590320539	-932.319216611743	6.075764383442219E-4	0.9728462370341441	4.948217178121806E-4	3.576442544345087E-7	1.0542477482908283
6600000	-9596.612694080388	-8675.112423030536	-921.5002710498526	-8511.58526223536	78.59944678107	1000.2140663942248	0.08095857261182049	0.4887398425642477	0.024053139575266738	0.2515424835352267	0.593942757710807	1.0007424917662726	1.5084102003685143	0.058702261465186006	1.926821881912698	1.3913504202721194	0.6019749660312025	0.4887398425642477	0.024053139575266738	0.2515424835352267	0.593942757710807	1.0007424917662726	1.5084102003685143	0.058702261465186006	1.926821881912698	1.3913504202721194	0.6019749660312025	5.745014450592747	0.2941628806380995	0.2050610900396187	0.2167625834542975	0.2840134458679847	0.5399216270486183	100.41268787650517	-910.6596784701213	6.415411732480315E-4	0.9726251183792657	4.8550816416112827E-4	3.495831092188454E-7	1.044819386141679
6610000	-9649.273646858035	-8709.156539665866	-940.1171071921693	-8540.844620797909	89.76541632974536	1075.0099221159953	0.11106815437598565	0.1460957813814818	0.45966674616001263	1.1230302597563369	0.23071687945549346	1.1538035308993149	1.8290631690991193	0.49882278244419287	5.758735761693979	0.3105596099805395	0.12223896495816984	0.1460957813814818	0.45966674616001263	1.1230302597563369	0.23071687945549346	1.1538035308993149	1.8290631690991193	0.49882278244419287	5.758735761693979	0.3105596099805395	0.12223896495816984	5.924170860490731	0.2941628806380995	0.2050610900396187	0.2167625834542975	0.2840134458679847	0.4861190762997973	90.93674595056181	-926.8695143397466	5.673476073705805E-4	0.7350315064777506	5.029562877510047E-4	1.6676442301415572E-7	0.7506883584743131
6620000	-9657.842772192958	-8707.538314112397	-950.3044580805624	-8536.334584344977	110.37016831885038	1176.5873630332494	0.09701067138903839	3.790772401150941	0.1950711015555169	1.1288640745477112	0.22609958394236185	1.0340066281525557	4.359616685460769	0.07406645481652165	8.387898180204232	0.7114885583212144	1.2999508762968763	3.790772401150941	0.1950711015555169	1.1288640745477112	0.22609958394236185	1.0340066281525557	4.359616685460769	0.07406645481652165	8.387898180204232	0.7114885583212144	1.2999508762968763	5.924170860490731	0.30982445615863635	0.2050610900396187	0.2167625834542975	0.26835187034744784	0.4861190762997973	124.43054400352017	-926.9909774565621	5.180590679483151E-4	0.7729649767851223	4.4571566121062993E-4	1.6771555766909435E-7	0.8020828329842897
6630000	-9622.64949555201	-8680.724517061553	-941.9249784904569	-8519.099767787382	97.66260501694194	1130.960493143478	0.12323585445616721	0.4442356445644882	0.013526451526421629	0.1643639899712157	2.0125891431929777	0.6322997663468055	1.175869677640334	0.04498639045258407	2.132326950394491	0.14714203773337095	1.4905141983059418	0.4442356445644882	0.013526451526421629	0.1643639899712157	2.0125891431929777	0.6322997663468055	1.175869677640334	0.04498639045258407	2.132326950394491	0.14714203773337095	1.4905141983059418	6.2886743072603135	0.3071855793476426	0.2050610900396187	0.20433585598930906	0.28341747462343	0.4861190762997973	121.14001042659315	-930.8562469705294	6.645373248579479E-4	0.9445508280946172	5.245319198596625E-4	2.8329346118792035E-7	0.8569100397920454
6640000	-9591.448013757545	-8676.13318244612	-915.3148313114255	-8509.383107710013	70.82529431177005	918.7746252756111	0.06902764923316992	0.4238737042252312	0.17823446846391794	0.6376305476266585	0.020039467692233102	0.4800873899610555	3.1313692773418067	0.3237927946481637	2.546661000063983	0.16084930411768708	0.9572698482090046	0.4238737042252312	0.17823446846391794	0.6376305476266585	0.020039467692233102	0.4800873899610555	3.1313692773418067	0.3237927946481637	2.546661000063983	0.16084930411768708	0.9572698482090046	6.2886743072603135	0.3071855793476426	0.2050610900396187	0.20433585598930906	0.28341747462343	0.5900869441918154	108.87696515874524	-903.3560368133901	6.748880931458248E-4	0.8153258274615511	5.790789831077623E-4	2.612735346697252E-7	0.8078093325776472
6650000	-9620.415190004265	-8687.377244380617	-933.0379456236475	-8522.026055551647	79.55227914858652	1056.6793466865097	0.07920286906368788	0.03929676846673367	0.1099435664935675	0.5844523936613016	1.964320113006924	1.7849296040573805	2.605755130941203	1.096950194432424	5.200853855746527	0.30614339769589827	0.19023393031194075	0.03929676846673367	0.1099435664935675	0.5844523936613016	1.964320113006924	1.7849296040573805	2.605755130941203	1.096950194432424	5.200853855746527	0.30614339769589827	0.19023393031194075	6.2886743072603135	0.3071855793476426	0.2050610900396187	0.20433585598930906	0.28341747462343	0.5900869441918154	94.45710280264875	-916.5495338987608	5.244795061616655E-4	0.8625204501317365	5.008634510082931E-4	2.1351853477836798E-7	0.8491479618703153
6660000	-9657.577545576221	-8680.455630387287	-977.1219151889338	-8509.551504482195	102.96133097544691	1364.7039867831397	0.0875685369213846	0.1942129681875102	0.11112158764951732	0.1310224896210635	0.7912434824765551	0.3595780500333807	2.5690189072092604	0.4536030495628428	2.515394663109093	0.6761891135329051	0.6116304630625099	0.1942129681875102	0.11112158764951732	0.1310224896210635	0.7912434824765551	0.3595780500333807	2.5690189072092604	0.4536030495628428	2.515394663109093	0.6761891135329051	0.6116304630625099	5.764264425340742	0.2960923446233106	0.2050610900396187	0.2154290907136411	0.28341747462343	0.41041757011840846	159.85825868146955	-966.6142840367171	4.394911682180362E-4	0.7475553334320235	3.9598873334053153E-4	1.4293142792508704E-7	0.8279553051141801
6670000	-9694.438844225677	-8692.670647929928	-1001.7681962957492	-8518.687971026335	91.92277874116397	1411.9534081636218	0.13337625669544015	0.505585112022456	0.3786216274766564	1.2835523556625847	1.1867919955954072	0.4034243597048517	1.0821346019255234	1.4927286424281534	8.577669523390178	0.6253774729340008	1.2852685225714173	0.505585112022456	0.3786216274766564	1.2835523556625847	1.1867919955954072	0.4034243597048517	1.0821346019255234	1.4927286424281534	8.577669523390178	0.6253774729340008	1.2852685225714173	6.934812300993839	0.2960923446233106	0.2050610900396187	0.2154290907136411	0.28341747462343	0.39724683873525096	166.27682674653187	-983.1533173880401	4.2865340809122003E-4	0.7044418549155953	3.978883060345969E-4	1.378618208138913E-7	0.8746796728774392
6680000	-9657.27683536388	-8686.486969324358	-970.7898660395218	-8519.497236338582	87.71288111065013	1309.4060990303506	0.05997896288646824	0.2818741691898095	0.2024101788687873	0.11205503862492269	0.19671015249823212	0.3552489625842948	0.7892796101760228	0.5102800649657818	1.4003902673748232	0.2361065391976918	0.29712025208156456	0.2818741691898095	0.2024101788687873	0.11205503862492269	0.19671015249823212	0.3552489625842948	0.7892796101760228	0.5102800649657818	1.4003902673748232	0.2361065391976918	0.29712025208156456	5.782652152142947	0.2960923446233106	0.2050610900396187	0.2154290907136411	0.28341747462343	0.4983400434168362	137.49026928519126	-963.7855460480679	4.8031239769406626E-4	0.7465434076360048	4.476370994532627E-4	1.906322453942309E-7	0.8931279593989013
6690000	-9662.691107961116	-8695.55411837241	-967.1369895887055	-8528.764357796339	80.2470246747911	1214.890866923942	0.07563337043675608	0.6393569152684524	0.4122487473368809	0.5237948723972119	1.124990761193595	1.8712174741395005	0.18312585926404185	0.5125775552634793	5.514905276464427	0.2931326319895269	0.2405947824012517	0.6393569152684524	0.4122487473368809	0.5237948723972119	1.124990761193595	1.8712174741395005	0.18312585926404185	0.5125775552634793	5.514905276464427	0.2931326319895269	0.2405947824012517	6.507212416868553	0.2960923446233106	0.2050610900396187	0.2154290907136411	0.28341747462343	0.4983400434168362	126.26947995641152	-953.693313008328	5.039499958685081E-4	0.6475643044887058	4.728271653229689E-4	1.8146145974149472E-7	0.8435985934049923
6700000	-9634.921096877022	-8683.136472994012	-951.7846238830098	-8523.585951936415	80.92812422455816	1170.864771521598	0.07873013235270056	0.1211977800705325	0.01586122916044522	0.8828377159758631	0.5941690027562134	0.9721610165850937	0.9816717294412748	1.179790619717508	3.4740214812044785	0.20879359482130957	0.3221819363998524	0.1211977800705325	0.01586122916044522	0.8828377159758631	0.5941690027562134	0.9721610165850937	0.9816717294412748	1.179790619717508	3.4740214812044785	0.20879359482130957	0.3221819363998524	6.400903221034847	0.30660205597050827	0.2050610900396187	0.20491937936644342	0.28341747462343	0.4983400434168362	121.87862520004595	-941.0832885447122	5.004758896394289E-4	0.6163365623541054	4.803385112837431E-4	1.7360520666500554E-7	0.8370840555373934
6710000	-9628.169980624643	-8681.026260746854	-947.1437198777887	-8518.268497309531	87.23793629128271	1147.3651822732152	0.07178220304688358	0.02854520667201608	0.1123863026764628	0.8906449071790052	0.361644044464436	0.06690452009446536	1.7434579520761055	0.018093136268061017	3.4556184772111505	0.049267471485751425	0.16976083066541284	0.02854520667201608	0.1123863026764628	0.8906449071790052	0.361644044464436	0.06690452009446536	1.7434579520761055	0.018093136268061017	3.4556184772111505	0.049267471485751425	0.16976083066541284	6.533559236074294	0.2968600241224647	0.2050610900396187	0.20491937936644342	0.29315950647147354	0.45703917549969497	121.52747924621146	-937.5234760393638	5.517927777755924E-4	0.7872139152019488	4.855472312852563E-4	1.7308057204811123E-7	0.799105447541241
6720000	-9670.305536398324	-8693.14376872265	-977.1617676756748	-8527.368965197476	95.53357797981289	1369.89998320546	0.10588953122083283	0.56697670610503	0.0971585332690846	0.29039853188999476	0.3464892998298774	0.21426304757385994	0.8696190121462393	0.03378671869105205	2.263256936616266	0.052321378556596576	0.49709999024039675	0.56697670610503	0.0971585332690846	0.29039853188999476	0.3464892998298774	0.21426304757385994	0.8696190121462393	0.03378671869105205	2.263256936616266	0.052321378556596576	0.49709999024039675	6.533559236074294	0.2968600241224647	0.2050610900396187	0.20491937936644342	0.29315950647147354	0.5518442009173463	163.37310421479708	-969.6038368371536	4.925266925749198E-4	0.7279317107774731	4.0557924085763043E-4	1.6037977914710186E-7	0.8336874310619515
6730000	-9709.514592627807	-8704.254042212895	-1005.260550414913	-8530.575761666414	93.08236044862147	1474.6470144439254	0.07767551026337283	0.042018430404568666	0.23866196592849317	0.2989303068704111	0.8207601414893607	0.7387248914823691	1.6051876628875645	2.0051542305139174	1.7764687298114479	0.5820133058710578	0.7816648878949621	0.042018430404568666	0.23866196592849317	0.2989303068704111	0.8207601414893607	0.7387248914823691	1.6051876628875645	2.0051542305139174	1.7764687298114479	0.5820133058710578	0.7816648878949621	6.533559236074294	0.2968600241224647	0.2050610900396187	0.20491937936644342	0.29315950647147354	0.5518442009173463	178.25869544151055	-993.5632867629316	4.29142742135318E-4	0.7803985959540647	3.555979188969294E-4	1.251760519971096E-7	0.8635274379956541
6740000	-9685.311928572568	-8685.780824309877	-999.5311042626914	-8515.41185538873	91.73338535492519	1438.432893423248	0.09924995692332607	0.8477141499412202	0.28601366515146576	0.21415979451138992	0.6247630433846104	0.20393468022770747	3.2599624163950858	0.9804783658280515	1.8597412220034433	0.36211178846091946	1.2584007982965135	0.8477141499412202	0.28601366515146576	0.21415979451138992	0.6247630433846104	0.20393468022770747	3.2599624163950858	0.9804783658280515	1.8597412220034433	0.36211178846091946	1.2584007982965135	5.7442499295691105	0.2968600241224647	0.2050610900396187	0.20491937936644342	0.29315950647147354	0.5518442009173463	165.73378523645263	-987.3888330798992	4.2930082223212204E-4	0.7800525292314023	3.913299607769247E-4	1.4816539895334531E-7	0.8801138137099156
6750000	-9658.69061542266	-8678.011832343642	-980.6787830790184	-8505.06433523785	95.12945188023592	1288.6737062110794	0.08480135545522866	0.48789481134632123	0.0772729858119142	0.9581844121743912	2.74197723621504	0.8718942787451031	2.395215832556966	0.07310979279560156	3.713048754454757	2.36514836552297	1.0176928098892388	0.48789481134632123	0.0772729858119142	0.9581844121743912	2.74197723621504	0.8718942787451031	2.395215832556966	0.07310979279560156	3.713048754454757	2.36514836552297	1.0176928098892388	6.489177937590149	0.2968600241224647	0.2050610900396187	0.20491937936644342	0.29315950647147354	0.5094526725419475	159.88299879272344	-963.2822663735238	4.517866557570949E-4	0.8143986687538342	4.167973596165283E-4	1.5738768322777922E-7	0.8083674948611647
6760000	-9586.777407156802	-8673.141147719847	-913.636259436955	-8505.620536644245	79.21431417244908	1027.7457159742437	0.13205998419455967	0.7291925871088064	0.10133903264060143	0.6260726300919905	0.5789513770892816	0.10603854043863987	2.392656081237641	0.42704491781135845	4.355793560744352	0.17188609616959466	0.6602745357704219	0.7291925871088064	0.10133903264060143	0.6260726300919905	0.5789513770892816	0.10603854043863987	2.392656081237641	0.42704491781135845	4.355793560744352	0.17188609616959466	0.6602745357704219	6.489177937590149	0.2968600241224647	0.2043864858362163	0.21442728068377123	0.2843262093575481	0.5094526725419475	100.75061146863654	-901.500130862917	5.863140993987628E-4	0.8053016909664393	5.302296045732726E-4	3.202195595174054E-7	0.9258382321642976
6770000	-9638.898080933457	-8697.05447513092	-941.8436058025369	-8521.818937673692	88.01645722579386	1111.4719300279046	0.09582522575038083	0.03486538225558871	0.11964850430339603	0.6011933030323496	0.14851010395201228	0.5315929188629758	2.4407010737754686	1.2396720454020287	2.3356157735953125	0.9160880718186106	0.6860568369249417	0.03486538225558871	0.11964850430339603	0.6011933030323496	0.14851010395201228	0.5315929188629758	2.4407010737754686	1.2396720454020287	2.3356157735953125	0.9160880718186106	0.6860568369249417	6.759077727465543	0.2968600241224647	0.2043864858362163	0.21442728068377123	0.2843262093575481	0.5094526725419475	110.6656102940731	-930.8659167444589	5.231208420103173E-4	0.6766835123243191	4.765550214842027E-4	1.572157310218839E-7	0.7402693793046125
6780000	-9653.446336282646	-8691.481434024156	-961.9649022584913	-8519.062872807284	93.18748888493035	1306.1299668791676	0.11268001912769442	0.25452619929709186	0.20599293963496554	0.16590967204593926	0.6393048598670782	0.5465904087885619	1.4158364002193369	1.021520984966922	3.64014056657098	0.08732924046250486	1.6041275212499855	0.25452619929709186	0.20599293963496554	0.16590967204593926	0.6393048598670782	0.5465904087885619	1.4158364002193369	1.021520984966922	3.64014056657098	0.08732924046250486	1.6041275212499855	5.280839493105181	0.3024491494584555	0.20874562926646897	0.21442728068377123	0.2743779405913046	0.5094526725419475	127.14638784639622	-950.5277584036689	5.108918100775202E-4	0.7938034368061003	4.4446383070524236E-4	1.6802720794359945E-7	0.7586692218880102
6790000	-9676.787574968266	-8712.372732946975	-964.4148420212915	-8546.189768905819	90.61834241747091	1278.7549114136907	0.07631356793653023	0.4007745605449362	0.3937071532319616	0.6882303639087305	0.009418725203757129	0.22227473046721902	0.656560791177099	1.4447102561248846	2.087264555703503	0.23860514886601705	0.6481130818697648	0.4007745605449362	0.3937071532319616	0.6882303639087305	0.009418725203757129	0.22227473046721902	0.656560791177099	1.4447102561248846	2.087264555703503	0.23860514886601705	0.6481130818697648	6.054464056095819	0.29283376874450207	0.20874562926646897	0.22404266139772466	0.2743779405913046	0.5094526725419475	145.85830041513208	-955.4566887671094	5.092538654425719E-4	0.6585954171669867	4.213782021404861E-4	1.4464721523384102E-7	0.7673549746513489
6800000	-9627.034682940483	-8688.920381584107	-938.1143013563752	-8524.633444899551	90.91281281305938	1142.3872049242405	0.09114313927971658	0.3464152364119234	0.41345920407089504	0.09170396279211687	0.7739279839310628	0.5525726023045439	1.632080702703016	0.9379504765066559	4.55983067251735	0.5443450039077735	0.15534257571833177	0.3464152364119234	0.41345920407089504	0.09170396279211687	0.7739279839310628	0.5525726023045439	1.632080702703016	0.9379504765066559	4.55983067251735	0.5443450039077735	0.15534257571833177	6.417913340415652	0.29283376874450207	0.20874562926646897	0.22404266139772466	0.2743779405913046	0.5094526725419475	133.65196812821188	-925.9169632088337	5.799289334490184E-4	0.6840089928704839	4.677368229217288E-4	1.786956646368414E-7	0.7600927257750355
6810000	-9656.623682622441	-8679.205241090149	-977.4184415322931	-8511.703843503525	91.12898914129687	1290.1288860647069	0.09689955685139554	1.1707091805816123	0.3641040612249646	0.2675438586387154	0.08045774018039056	0.3918721492082701	0.8926947120124281	0.16993098522096997	4.6252916571771445	0.03291175567708487	1.065528445732298	1.1707091805816123	0.3641040612249646	0.2675438586387154	0.08045774018039056	0.3918721492082701	0.8926947120124281	0.16993098522096997	4.6252916571771445	0.03291175567708487	1.065528445732298	6.417913340415652	0.29283376874450207	0.2210914332791824	0.21169685738501123	0.2743779405913046	0.5094526725419475	160.37021354034823	-966.2339179478117	4.83425247794799E-4	0.6946940459824317	4.169882663678517E-4	1.3806367547149567E-7	0.7892713205132037
6820000	-9667.870789230254	-8704.757790007887	-963.1129992223667	-8535.21647537786	97.17019866723406	1303.6320974578898	0.10546503055135574	0.019469497891069134	0.054777774880909874	0.032317705174202224	1.6907202890258888	0.515744670102745	0.2183789119384671	0.3292423476223481	1.8459635602581386	0.18124090524700923	0.6341689826133694	0.019469497891069134	0.054777774880909874	0.032317705174202224	1.6907202890258888	0.515744670102745	0.2183789119384671	0.3292423476223481	1.8459635602581386	0.18124090524700923	0.6341689826133694	6.417913340415652	0.30350435450342855	0.21042084752025592	0.21169685738501123	0.2743779405913046	0.556953418116127	140.23236190950283	-955.9218651169183	4.778606940674824E-4	0.6037620270812525	4.127903617879772E-4	1.4046983473215092E-7	0.7833966183270499
6830000	-9639.670020372792	-8698.06592120511	-941.6040991676817	-8521.421272388592	81.83002178810732	1085.0296050047461	0.1529676856465837	0.23688036415179983	0.22988536824936945	0.07909714522342806	2.0972374053517746	0.4958043559483595	0.9822904059465299	3.0737820477355133	3.413296576019125	0.16170969282522918	0.592602091245208	0.23688036415179983	0.22988536824936945	0.07909714522342806	2.0972374053517746	0.4958043559483595	0.9822904059465299	3.0737820477355133	3.413296576019125	0.16170969282522918	0.592602091245208	6.417913340415652	0.30350435450342855	0.21042084752025592	0.21169685738501123	0.2743779405913046	0.556953418116127	102.86515524867391	-928.3678128510339	6.515301588253924E-4	0.7543067528585417	5.326611658166722E-4	2.9507587031141237E-7	0.857836092185964
6840000	-9639.608941520046	-8703.047416846224	-936.5615246738224	-8524.71947774606	100.13087585453201	1173.1164984359568	0.11219283158842873	0.014667321306784548	0.05432904652143678	0.6388339851302396	0.9231018776093551	0.9099562361822569	1.7442450652265267	0.11462616759897291	1.658923041364271	0.19453252370765212	0.5774555056496579	0.014667321306784548	0.05432904652143678	0.6388339851302396	0.9231018776093551	0.9099562361822569	1.7442450652265267	0.11462616759897291	1.658923041364271	0.19453252370765212	0.5774555056496579	6.417913340415652	0.30350435450342855	0.21042084752025592	0.21169685738501123	0.2743779405913046	0.4753310035338374	120.40573793835104	-927.1798581641601	6.573126380290858E-4	0.8475166721757358	4.779569752210104E-4	3.8002419412160974E-7	0.9784741240600445
6850000	-9608.728271979493	-8673.929198951288	-934.7990730282049	-8499.071612847323	106.72655033073212	1209.524393312812	0.17608146405601685	0.0034802397296533494	0.028443155017966525	0.08252290031636393	0.2002671667611126	0.10481983403513548	0.4957569499916062	0.5289974408438453	2.9596487683946537	0.3144493472954852	0.19919337761343836	0.0034802397296533494	0.028443155017966525	0.08252290031636393	0.2002671667611126	0.10481983403513548	0.4957569499916062	0.5289974408438453	2.9596487683946537	0.3144493472954852	0.19919337761343836	6.417913340415652	0.3147813578919167	0.21042084752025592	0.21169685738501123	0.26310093720281647	0.5571190231511144	119.96072170398757	-928.0482665998047	5.619465036755089E-4	0.7829495817004196	4.6801666920999615E-4	2.999065083532912E-7	0.9498848333887783
6860000	-9656.535653467467	-8678.155578881839	-978.3800745856286	-8505.871056197484	94.56053747656027	1376.9786860496472	0.060911641932732706	0.005714811455273899	0.21334382760135812	0.13714426606674673	1.2254616624254506	0.4597480631511664	1.1801387589632282	0.11831037876831815	3.6741655787282865	0.9157202386107591	0.4978793525645104	0.005714811455273899	0.21334382760135812	0.13714426606674673	1.2254616624254506	0.4597480631511664	1.1801387589632282	0.11831037876831815	3.6741655787282865	0.9157202386107591	0.4978793525645104	5.661105634710488	0.30213237083210726	0.21042084752025592	0.22434584444482067	0.26310093720281647	0.4965320218777207	148.323597740573	-967.2057768147902	5.015880049837455E-4	0.7753767540052388	4.2084826604540655E-4	2.050845440649236E-7	0.9042800708353369
6870000	-9664.222398626265	-8683.817286651316	-980.4051119749498	-8511.4921758073	92.00803896830749	1357.5648820275762	0.09120846481158884	0.0729781794578789	0.1414764306606485	1.807789124207525	1.648343069776677	0.7895058608168388	0.5382058077496433	0.6157545036657601	2.974642070593256	0.05322767597829965	0.7819751017473597	0.0729781794578789	0.1414764306606485	1.807789124207525	1.648343069776677	0.7895058608168388	0.5382058077496433	0.6157545036657601	2.974642070593256	0.05322767597829965	0.7819751017473597	6.637409130130434	0.30213237083210726	0.21042084752025592	0.22434584444482067	0.26310093720281647	0.4083796962186946	153.44987416104894	-968.6918603776465	4.6612402720504464E-4	0.7625371976426754	4.273161145595404E-4	1.5993699527654159E-7	0.8619333701412561
6880000	-9664.192728005093	-8675.974390622241	-988.2183373828526	-8507.092910181975	113.59695050035324	1418.5783507876795	0.10312336369638299	0.0810610368399719	0.12214348671926627	0.12643561294647687	0.4713995499868574	0.1943410107867176	5.368003571540015	1.2704057937124162	2.2922623217686557	0.06503824829905731	0.3704088916063846	0.0810610368399719	0.12214348671926627	0.12643561294647687	0.4713995499868574	0.1943410107867176	5.368003571540015	1.2704057937124162	2.2922623217686557	0.06503824829905731	0.3704088916063846	6.637409130130434	0.30213237083210726	0.21042084752025592	0.22434584444482067	0.26310093720281647	0.5636311964395914	169.4275379022643	-975.2168548172792	4.4147573345998685E-4	0.8534571385885362	3.8274580866644434E-4	1.1312073529993773E-7	0.8210242343989281
6890000	-9635.441010485789	-8688.348269576405	-947.0927409093842	-8512.507440165477	102.5172610639458	1257.9323852726766	0.08415936340140304	0.20038562950641442	0.12166919072895878	1.4601044049352367	0.571908881109554	1.018263768568533	0.9713067303245986	0.8846453585840672	4.3930585717550406	0.14760436591218334	0.24935246619103305	0.20038562950641442	0.12166919072895878	1.4601044049352367	0.571908881109554	1.018263768568533	0.9713067303245986	0.8846453585840672	4.3930585717550406	0.14760436591218334	0.24935246619103305	6.637409130130434	0.2878286268520356	0.21042084752025592	0.22434584444482067	0.27740468118288814	0.5047750954556082	122.0971683184915	-934.2166773465226	5.419272777663394E-4	0.9047117164750939	4.397357994356609E-4	1.8171655307887865E-7	0.8051392389392109
6900000	-9666.240549231408	-8663.720929658151	-1002.519619573257	-8494.518966735237	144.37167719020988	1724.9560949772788	0.07954502419312587	0.22509007983488183	0.03169529326705268	0.8264575566724943	1.043010357975195	0.004422244183004327	3.3380112638150714	0.37971981703041696	4.376986446148836	0.013566517101732796	1.2580031660285254	0.22509007983488183	0.03169529326705268	0.8264575566724943	1.043010357975195	0.004422244183004327	3.3380112638150714	0.37971981703041696	4.376986446148836	0.013566517101732796	1.2580031660285254	6.637409130130434	0.2878286268520356	0.22240473181710976	0.21236196014796682	0.27740468118288814	0.5047750954556082	187.70140114543722	-987.7859445213686	4.272866043464417E-4	0.9472892773895871	3.343792766234795E-4	1.0383768651801427E-7	0.7980777928732281
6910000	-9679.545216184919	-8681.234769248224	-998.3104469366962	-8510.649905336497	126.02555161409084	1638.928128539291	0.1307900492442048	1.1013809387968154	0.07990409838571992	0.09086924141531878	3.0037011478977034	0.2788097510750368	2.39915768413381	0.3964811587776173	6.546343732777051	0.0901694109888488	0.9605205087258215	1.1013809387968154	0.07990409838571992	0.09086924141531878	3.0037011478977034	0.2788097510750368	2.39915768413381	0.3964811587776173	6.546343732777051	0.0901694109888488	0.9605205087258215	6.637409130130434	0.2878286268520356	0.2046086679347486	0.22406168267820606	0.2835010225350101	0.5570028556087915	158.22313665951242	-980.0869754029065	5.453731354744098E-4	1.0845192324590496	3.9345339071374303E-4	1.9884224938605152E-7	0.8586762272898022
6920000	-9662.079249882961	-8676.224468078175	-985.8547818047863	-8502.161987654556	140.98324935368342	1612.5737140265924	0.1041615397232659	0.0892410311036949	0.43586417598208294	0.09895402050004935	0.7646378669627012	0.20429011908699074	1.3976103394860693	0.35350919301931294	2.4518434992239775	0.533249784617238	0.526665646764304	0.0892410311036949	0.43586417598208294	0.09895402050004935	0.7646378669627012	0.20429011908699074	1.3976103394860693	0.35350919301931294	2.4518434992239775	0.533249784617238	0.526665646764304	7.195243683990809	0.30170971116734135	0.22054901331474228	0.20742487862325623	0.27031639689466047	0.5570028556087915	161.836796278215	-976.3256777132524	4.174656247121029E-4	0.8545587053794307	3.312961654671329E-4	1.1429276305306838E-7	0.8561061301160849
6930000	-9732.540508364185	-8676.129154883149	-1056.4113534810376	-8503.952000204925	154.86968324117538	2040.495443162608	0.061847850056687255	0.19087262876446484	0.17162002718668684	0.2717174610798418	0.7464620673935465	0.20412275211256556	1.292600100348561	0.29010545224148193	1.8228964133981003	0.23250284842243993	0.18536599901743825	0.19087262876446484	0.17162002718668684	0.2717174610798418	0.7464620673935465	0.20412275211256556	1.292600100348561	0.29010545224148193	1.8228964133981003	0.23250284842243993	0.18536599901743825	6.528058637288464	0.30170971116734135	0.22054901331474228	0.20742487862325623	0.27031639689466047	0.5570028556087915	272.1251666527843	-1048.153458373782	2.895188513842762E-4	0.6768401669352561	2.6794353107784265E-4	6.979787441525962E-8	0.9170118733527753
6940000	-9721.592645603603	-8665.139049154384	-1056.4535964492188	-8501.648300163903	159.7682416534083	2029.5455878118862	0.03911267152754163	0.356263835609695	0.2514073039945909	0.08524705792724623	0.4484282795841759	0.6709961226588904	1.4663029842387252	0.2123747066778129	3.4715498472654254	0.6814627506654465	0.5866177635454237	0.356263835609695	0.2514073039945909	0.08524705792724623	0.4484282795841759	0.6709961226588904	1.4663029842387252	0.2123747066778129	3.4715498472654254	0.6814627506654465	0.5866177635454237	6.398882461859516	0.30170971116734135	0.22054901331474228	0.20742487862325623	0.27031639689466047	0.5570028556087915	261.45446593088076	-1044.089676989736	3.165882904196475E-4	0.8577674484676743	2.646792768978985E-4	5.966670331097197E-8	0.8274886481577872
6950000	-9647.552186784551	-8665.017729023246	-982.5344577613049	-8497.755127851487	99.35514354254887	1336.9186839331667	0.14341211906774232	0.13579151268780293	0.007270602304685681	0.8689462080642096	2.1011177281414404	0.9158928740129909	3.9071417207484536	0.06737470016960147	3.1756071594210296	0.16783816134003093	0.640326509173959	0.13579151268780293	0.007270602304685681	0.8689462080642096	2.1011177281414404	0.9158928740129909	3.9071417207484536	0.06737470016960147	3.1756071594210296	0.16783816134003093	0.640326509173959	6.398882461859516	0.30170971116734135	0.22054901331474228	0.20742487862325623	0.27031639689466047	0.6653042810926304	138.73039809817388	-968.488838322185	4.7926949708101377E-4	0.7901846208786573	4.1188516015482974E-4	1.617773681516818E-7	0.875489553948183
6960000	-9653.186518551009	-8672.22630262566	-980.9602159253485	-8507.016056623803	95.94618784005021	1344.1363590614963	0.09034609904078	0.4395182010680392	0.04227689416584016	0.9496607841472112	0.1394140594427966	1.200137976301383	1.6972628574795725	0.2933120275727316	5.658252968289071	0.23702984954383158	1.153743408895629	0.4395182010680392	0.04227689416584016	0.9496607841472112	0.1394140594427966	1.200137976301383	1.6972628574795725	0.2933120275727316	5.658252968289071	0.23702984954383158	1.153743408895629	5.503118234749795	0.30170971116734135	0.2094295122384255	0.218544379699573	0.27031639689466047	0.4586515546445716	170.20211574436877	-966.0567576327377	5.789285040868616E-4	0.9716807785111192	4.5858197353674146E-4	2.097486505628068E-7	0.8527373456918481
6970000	-9706.538090107386	-8704.212710975327	-1002.3253791320578	-8529.932152439918	98.71888753773526	1401.0643833421825	0.08986187469102723	0.2848574183666469	0.13855773314845216	0.9834242751532902	3.5693915577486455	0.3502205536554412	1.5615384611395629	0.7804373466816285	8.873237572936047	0.6189646885089708	0.7295345972455307	0.2848574183666469	0.13855773314845216	0.9834242751532902	3.5693915577486455	0.3502205536554412	1.5615384611395629	0.7804373466816285	8.873237572936047	0.6189646885089708	0.7295345972455307	6.232781814930799	0.30170971116734135	0.2094295122384255	0.218544379699573	0.27031639689466047	0.5321464276141188	155.85698225655122	-982.0333452504495	4.6400790225711245E-4	0.7756290236712684	3.8437757898523235E-4	1.0916593281849185E-7	0.7961933011592822
6980000	-9643.543581951903	-8683.685899793541	-959.857682158361	-8521.231030400833	92.33147218855765	1199.2813108167552	0.05348682096865709	0.05531699647103629	0.010306406799353159	1.0086497200734716	0.10073873908484125	1.0289634138969133	0.460580732419551	0.8062060969814673	2.9187117210976816	0.41846827160426275	0.2871538321591744	0.05531699647103629	0.010306406799353159	1.0086497200734716	0.10073873908484125	1.0289634138969133	0.460580732419551	0.8062060969814673	2.9187117210976816	0.41846827160426275	0.2871538321591744	6.232781814930799	0.30170971116734135	0.2094295122384255	0.21454669961392103	0.2743140769803124	0.5321464276141188	108.3949128115769	-949.6286696112674	5.442056726931275E-4	0.8409501097915527	4.398237660416857E-4	1.794969586221603E-7	0.7964619514061988
6990000	-9682.052718365267	-8683.194518856362	-998.858199508905	-8514.397482904775	113.99676351071244	1469.1719603080612	0.07259488375415701	0.013594603283235893	1.367447661476599	1.5442588964659143	1.3642149859219466	2.288881241488754	1.8421855408674208	0.4366295415871505	4.621032537560154	1.3148050021080362	0.30704890269034596	0.013594603283235893	1.367447661476599	1.5442588964659143	1.3642149859219466	2.288881241488754	1.8421855408674208	0.4366295415871505	4.621032537560154	1.3148050021080362	0.30704890269034596	5.8721961571290775	0.30170971116734135	0.2094295122384255	0.21454669961392103	0.2743140769803124	0.5321464276141188	169.27264079625178	-980.665199156851	5.090833568700125E-4	0.8767113456119208	4.017133580119711E-4	1.9297076517499246E-7	0.8787885579232385
7000000	-9702.826055890258	-8675.330562536159	-1027.4954933540996	-8513.631014256403	128.4294836674405	1837.856939695636	0.0763833534196296	1.3479672731564705	0.16530658009223428	0.2776504449578785	0.9357793103241274	1.3257870676158765	1.5530971891227607	0.07223068176420086	4.134273583968499	0.7116742965627797	0.2234707992130231	1.3479672731564705	0.16530658009223428	0.2776504449578785	0.9357793103241274	1.3257870676158765	1.5530971891227607	0.07223068176420086	4.134273583968499	0.7116742965627797	0.2234707992130231	6.437210603028217	0.2941432056912071	0.2094295122384255	0.21454669961392103	0.28188058245644665	0.5321464276141188	201.62723177644708	-1013.6844776248578	3.876052569614701E-4	0.8752483550410606	3.0672222536975275E-4	1.1288577513374172E-7	0.8689588182286762
7010000	-9688.46864669684	-8669.659580538673	-1018.8090661581656	-8499.302226387112	188.45657134717658	1928.2233109371066	0.06844957288434715	0.3080529459802547	0.29437729080475716	0.643567804623003	2.363980613147337	0.8826240999767712	0.1837898955047314	0.9763676169122859	3.275526639749384	0.41123355993115035	0.37318184471460625	0.3080529459802547	0.29437729080475716	0.643567804623003	2.363980613147337	0.8826240999767712	0.1837898955047314	0.9763676169122859	3.275526639749384	0.41123355993115035	0.37318184471460625	6.437210603028217	0.2941432056912071	0.2094295122384255	0.21454669961392103	0.28188058245644665	0.5321464276141188	208.4332616349372	-1005.9886593096984	3.807600283499126E-4	0.8374626949227213	2.702402852554567E-4	1.0517406448806211E-7	0.8779165220422306
7020000	-9639.12650499491	-8668.482014052022	-970.6444909428888	-8504.935371070535	161.98908933790148	1668.250638167648	0.07393481909088016	0.36049480860612587	0.07773606004965382	0.2418795959704625	0.16042972388511326	1.0321080585257538	2.753289565996406	0.5402184798526061	3.4722969616206165	1.2880739799820995	0.019820576730764837	0.36049480860612587	0.07773606004965382	0.2418795959704625	0.16042972388511326	1.0321080585257538	2.753289565996406	0.5402184798526061	3.4722969616206165	1.2880739799820995	0.019820576730764837	7.062656451368394	0.2941432056912071	0.2094295122384255	0.20412835838206603	0.2922989236883016	0.5321464276141188	148.38358423819804	-957.0894729052749	5.236086000439411E-4	0.9788328383785855	3.5009933548339127E-4	2.0835305941337803E-7	0.909647749974939
7030000	-9627.831789015729	-8667.982075602516	-959.8497134132128	-8500.54784751463	152.72683945811923	1541.3596085624363	0.10349493755823184	0.09634453737260054	0.07412274752431579	0.3842658180192515	1.5742858386352774	0.8677853995719202	2.3642603456245657	0.524347494139137	4.408682661491842	1.0478895055814328	0.1382773805074442	0.09634453737260054	0.07412274752431579	0.3842658180192515	1.5742858386352774	0.8677853995719202	2.3642603456245657	0.524347494139137	4.408682661491842	1.0478895055814328	0.1382773805074442	6.446546071439992	0.28227526332344594	0.2212974546061867	0.20412835838206603	0.2922989236883016	0.5321464276141188	112.65847078551484	-945.5092464850705	5.444117874243545E-4	1.0019027814214025	3.540229522510395E-4	3.3488325468520766E-7	1.0532075782788908
7040000	-9629.876775874238	-8701.548590364047	-928.3281855101912	-8540.535382153308	136.50305911575524	1279.4631777897973	0.09507511599914707	0.0519075655495121	0.13240707601896323	0.49818676083905356	0.008002854163709302	1.0009346558905052	3.6808724892399733	0.2027652977596823	5.441246194612341	0.4330673920613944	0.5535643529272152	0.0519075655495121	0.13240707601896323	0.49818676083905356	0.008002854163709302	1.0009346558905052	3.6808724892399733	0.2027652977596823	5.441246194612341	0.4330673920613944	0.5535643529272152	6.446546071439992	0.28227526332344594	0.2212974546061867	0.20412835838206603	0.2922989236883016	0.6611308260595529	94.26806113150765	-913.3518792392391	6.32870229175077E-4	0.9622888550619783	4.239616611782769E-4	3.998679846684257E-7	1.0284441245707308
7050000	-9645.812230608472	-8696.257990860993	-949.5542397474791	-8524.855692091758	111.99261756681773	1267.5932143705338	0.06484370093092497	0.6074325995634795	0.6770615992996908	1.6953483359346715	0.5811618985745622	2.0042912321938973	0.6372607329732404	1.9249076162821412	6.168313546287412	1.061182166884116	0.6966209477889934	0.6074325995634795	0.6770615992996908	1.6953483359346715	0.5811618985745622	2.0042912321938973	0.6372607329732404	1.9249076162821412	6.168313546287412	1.061182166884116	0.6966209477889934	6.041294176650714	0.28227526332344594	0.2212974546061867	0.20412835838206603	0.2922989236883016	0.5372157916020466	118.1621279289522	-930.5536197567155	6.179363165708346E-4	0.8085645096544702	4.6673071479445675E-4	2.2991561292059239E-7	0.8600419477420219
7060000	-9635.26573463581	-8687.80184314965	-947.4638914861599	-8520.119115422754	121.62592461290502	1341.219084376189	0.09531876835113057	0.4408064564257478	0.18351672977107392	0.29218782131743065	0.12683716849617668	0.4864122639666616	1.4773603602677947	0.40177311646209907	2.9610343585903496	0.014094908820493348	1.1035770162781993	0.4408064564257478	0.18351672977107392	0.29218782131743065	0.12683716849617668	0.4864122639666616	1.4773603602677947	0.40177311646209907	2.9610343585903496	0.014094908820493348	1.1035770162781993	6.041294176650714	0.28227526332344594	0.2212974546061867	0.20412835838206603	0.2922989236883016	0.5372157916020466	121.12941127670884	-936.8112582585655	6.164680175138385E-4	1.0278433422765256	4.177674327399507E-4	2.9826091109427947E-7	0.9956367936910699
7070000	-9626.46259662307	-8684.25607352504	-942.2065230980298	-8512.570923142737	133.25614116245248	1348.2291097001084	0.09985760825303718	0.3542374026012866	0.0066590753825835495	0.5079844473301767	1.1132247930301564	0.11441155709044284	1.081084316599142	0.04088739350612179	4.532648336720871	0.4494354755727967	0.14004230262063166	0.3542374026012866	0.0066590753825835495	0.5079844473301767	1.1132247930301564	0.11441155709044284	1.081084316599142	0.04088739350612179	4.532648336720871	0.4494354755727967	0.14004230262063166	6.041294176650714	0.29702266836376434	0.2212974546061867	0.20412835838206603	0.2775515186479832	0.627854379681812	131.43438818549313	-931.1247773574257	5.709413175133414E-4	0.883166904595289	4.192426581298796E-4	2.0289742489879844E-7	0.8464260514954778
7080000	-9633.26809535606	-8672.679071231867	-960.5890241241921	-8500.516149950936	119.7814599583268	1352.4722949051566	0.1293975261645952	1.0689332409295667	0.26228419006022646	0.6941634075480986	0.6613502139929347	0.506306326443892	5.0088580065491835	0.05453342179146173	6.406137062129392	1.1392782608419796	0.10914695472153642	1.0689332409295667	0.26228419006022646	0.6941634075480986	0.6613502139929347	0.506306326443892	5.0088580065491835	0.05453342179146173	6.406137062129392	1.1392782608419796	0.10914695472153642	7.187027506060473	0.3222035829567243	0.1961165400132267	0.20412835838206603	0.2775515186479832	0.4531064959287127	127.57245277451747	-942.2072981301854	5.364753714053232E-4	0.8469809347736779	3.969756955394322E-4	1.4991908415461755E-7	0.819683112730783
7090000	-9654.508948636392	-8687.70623824954	-966.8027103868511	-8518.703885479381	117.60746817798415	1302.0624386143393	0.10650082829786779	0.15156810287358402	0.04676423628556193	0.18828652359156095	1.1963929801020399	2.49584538101057	1.398156509199126	1.4561899608824849	3.2587417157550544	0.11165174549261905	2.1410434742966085	0.15156810287358402	0.04676423628556193	0.18828652359156095	1.1963929801020399	2.49584538101057	1.398156509199126	1.4561899608824849	3.2587417157550544	0.11165174549261905	2.1410434742966085	6.159397582206839	0.3222035829567243	0.1961165400132267	0.19270322568817067	0.2889766513418786	0.4531064959287127	135.62082362005273	-951.143970194449	6.017669522470641E-4	1.0188893118332172	4.179978133405637E-4	2.993294839211856E-7	1.0264786849534437
7100000	-9644.088086317633	-8676.018850918777	-968.0692353988558	-8509.094571124508	135.82346040964063	1384.7438200709626	0.07201861008013354	0.2691604914795948	0.06790103799916544	0.27540838279634766	0.8048792986999365	0.09182648150622355	1.9882777129399356	0.45484722728840715	2.5030873920178647	0.16166553794633406	0.1472698967891152	0.2691604914795948	0.06790103799916544	0.27540838279634766	0.8048792986999365	0.09182648150622355	1.9882777129399356	0.45484722728840715	2.5030873920178647	0.16166553794633406	0.1472698967891152	6.077184320778554	0.3222035829567243	0.1961165400132267	0.2084014985978322	0.2732783784322171	0.5742268162051138	147.20883683411017	-957.4611512434828	5.710223183890633E-4	1.0552864136696791	4.1527341430045724E-4	3.064354121465958E-7	1.0839462715093189
7110000	-9686.29008894042	-8686.9932403575	-999.29684858292	-8514.76468179245	112.73492685639059	1443.981635800897	0.05714180081728641	0.5899448138224721	0.04181182001090989	2.6522121724983716	0.13129283583557794	1.6742623992742969	1.6943416856328914	0.24346834534365366	4.391221228990488	1.0467324607802735	0.01908939925273547	0.5899448138224721	0.04181182001090989	2.6522121724983716	0.13129283583557794	1.6742623992742969	1.6943416856328914	0.24346834534365366	4.391221228990488	1.0467324607802735	0.01908939925273547	6.077184320778554	0.3222035829567243	0.1961165400132267	0.2084014985978322	0.2732783784322171	0.4199533652442912	155.63977769957788	-983.4142520864362	4.625442782360609E-4	0.9150450502851584	3.588267125045897E-4	1.9864005912030476E-7	1.019931477761352
7120000	-9649.0155539513	-8679.321585144635	-969.6939688066645	-8508.37537301808	132.3348529542927	1423.8345356228763	0.1055678444588783	0.04442540731559161	0.13658601405589452	0.07147950083385682	2.6156845561699833	0.6973653433835375	0.9516965083155398	0.03988252174945027	3.2628536380442132	0.7673837761029999	0.4511749024964635	0.04442540731559161	0.13658601405589452	0.07147950083385682	2.6156845561699833	0.6973653433835375	0.9516965083155398	0.03988252174945027	3.2628536380442132	0.7673837761029999	0.4511749024964635	5.414336210597885	0.3222035829567243	0.1961165400132267	0.2084014985978322	0.2732783784322171	0.5396009648230069	149.95081798308271	-958.4504675749114	4.6669563335804894E-4	0.8099748376012348	3.7768487065500283E-4	1.4980316317521275E-7	0.8470814297593008
7130000	-9649.587063983457	-8671.32544041755	-978.261623565907	-8504.75639886524	137.38301936274308	1429.1362378199449	0.06814592081746848	0.3503284698663718	0.5681662769936042	0.2922288297467854	0.6156973902601823	0.2569918428297099	2.0135818950587314	0.2879410981608304	1.9470348108505355	0.03244358234453444	0.8143612493233914	0.3503284698663718	0.5681662769936042	0.2922288297467854	0.6156973902601823	0.2569918428297099	2.0135818950587314	0.2879410981608304	1.9470348108505355	0.03244358234453444	0.8143612493233914	6.778628926259172	0.3222035829567243	0.1961165400132267	0.2084014985978322	0.2732783784322171	0.5396009648230069	133.51900772498553	-967.6673096805781	5.300391287154192E-4	0.9094342359478474	4.038055490572371E-4	2.1171377899688568E-7	0.8842447877213753
7140000	-9674.175508144179	-8703.786698607524	-970.3888095366553	-8539.583407871276	122.35951798646538	1324.6229198682202	0.08626397706377036	1.284862304614255	0.011188934378430214	0.8490837365265287	0.4594502312982992	0.6837540367240543	2.783470915389599	0.1143660222333227	5.617399260051177	0.3546762353803838	0.7680930588108448	1.284862304614255	0.011188934378430214	0.8490837365265287	0.4594502312982992	0.6837540367240543	2.783470915389599	0.1143660222333227	5.617399260051177	0.3546762353803838	0.7680930588108448	5.740103540091607	0.3222035829567243	0.1961165400132267	0.2084014985978322	0.2732783784322171	0.5396009648230069	134.6033877843551	-954.8701441772976	5.61306604998083E-4	0.801122516430172	4.422869366188144E-4	2.3666302752516673E-7	0.9068501380157301
7150000	-9682.369724204398	-8689.981915331247	-992.3878088731506	-8519.531395950853	120.31424834986406	1457.3303915928302	0.06664354409453717	0.6857719687718278	0.19360117612502936	0.7422595768770844	0.19676556362711053	0.5474236179260421	1.0010140363483964	0.8745645201902139	2.817966846356437	0.21650932652207655	0.20871963550741202	0.6857719687718278	0.19360117612502936	0.7422595768770844	0.19676556362711053	0.5474236179260421	1.0010140363483964	0.8745645201902139	2.817966846356437	0.21650932652207655	0.20871963550741202	6.061645021311821	0.3222035829567243	0.1961165400132267	0.2084014985978322	0.2732783784322171	0.5396009648230069	147.73212594921836	-981.9332854491184	4.7273402022786777E-4	0.8211842419511406	3.733314870021108E-4	1.6220736667961376E-7	0.8679327252002654
7160000	-9652.825983965538	-8684.970239063827	-967.8557449017111	-8516.085790903031	112.40275974368909	1325.0662500655092	0.07856408073209134	0.20337799145579585	0.7444431777147975	0.0991688345124477	2.5022125936860156	0.8061081408892459	2.7228049495946127	0.24495809635255977	6.7804365298322615	1.5737746666154966	0.4934069549298407	0.20337799145579585	0.7444431777147975	0.0991688345124477	2.5022125936860156	0.8061081408892459	2.7228049495946127	0.24495809635255977	6.7804365298322615	1.5737746666154966	0.4934069549298407	6.981550161599167	0.3222035829567243	0.1961165400132267	0.2084014985978322	0.2732783784322171	0.4280502172267097	128.99370623941053	-948.7985273814936	4.968034587705227E-4	0.8552299265990808	4.050956363252985E-4	2.2979429627774106E-7	0.97563929237219
7170000	-9627.654110315354	-8698.741525025802	-928.9125852895517	-8524.51544351482	111.95643278450851	1196.4594747517665	0.12606278038210733	0.27016057616547884	0.14074138635842615	0.01389950845968622	0.8114446066696057	0.7096592016357531	1.9223388725056323	0.73615742063862	2.650074162141717	0.7871992141046269	0.5833799735234416	0.27016057616547884	0.14074138635842615	0.01389950845968622	0.8114446066696057	0.7096592016357531	1.9223388725056323	0.73615742063862	2.650074162141717	0.7871992141046269	0.5833799735234416	5.85697415706656	0.31117707726284577	0.1961165400132267	0.21942800429171072	0.2732783784322171	0.5341919084005027	101.83816928396432	-918.0702404433854	6.189818315916968E-4	0.8699713731057379	4.728576291495001E-4	4.3074762916056324E-7	1.0200785333115683
7180000	-9629.230341553162	-8678.44504966428	-950.7852918888813	-8513.347360924605	108.33901102031702	1247.4547129791408	0.11484736422383206	0.42707272629096404	0.09034741398399028	0.46988187636873224	2.8606133483560603	1.2481799467446038	1.0373594590609387	0.648556822268345	4.64524305152666	0.6531044790460867	0.07304069929254069	0.42707272629096404	0.09034741398399028	0.46988187636873224	2.8606133483560603	1.2481799467446038	1.0373594590609387	0.648556822268345	4.64524305152666	0.6531044790460867	0.07304069929254069	5.85697415706656	0.31117707726284577	0.1961165400132267	0.21942800429171072	0.2732783784322171	0.5341919084005027	107.09444818879231	-936.3155756376422	5.487761586270731E-4	0.9040194675885233	4.515076908566661E-4	2.739421253304336E-7	0.9347786737481012
7190000	-9626.215964155557	-8686.847809383291	-939.3681547722655	-8522.276177779078	97.90463539785064	1140.6101622483811	0.1102859590565009	1.0089113114000106	0.6534330642090243	0.2618309480008297	1.541667429062522	0.9943747388349816	0.6706145108387777	0.0392593911624083	3.825471313299518	0.4971974194888108	0.2285410154890574	1.0089113114000106	0.6534330642090243	0.2618309480008297	1.541667429062522	0.9943747388349816	0.6706145108387777	0.0392593911624083	3.825471313299518	0.4971974194888108	0.2285410154890574	6.746830397840254	0.31117707726284577	0.19094028048253814	0.21942800429171072	0.27845463796290565	0.44677910717235786	115.90402340960692	-926.924727484369	5.330265110441328E-4	0.9570601477625916	4.555079735927657E-4	3.4316939626670437E-7	1.092223646531436
7200000	-9603.803683632386	-8669.655761971939	-934.1479216604477	-8503.693454966582	102.46359795063255	1133.303756665788	0.0927555678624663	0.8553335097564617	0.07343866460613091	0.4982995672637451	0.7039829227531015	1.190583115821371	1.185685263929065	0.664583677532555	3.9672138649113937	0.8152879289577398	0.524268836585136	0.8553335097564617	0.07343866460613091	0.4982995672637451	0.7039829227531015	1.190583115821371	1.185685263929065	0.664583677532555	3.9672138649113937	0.8152879289577398	0.524268836585136	7.192429312088002	0.31117707726284577	0.19094028048253814	0.20320017832105977	0.2946824639335566	0.446783905984423	99.72121498831473	-920.7102831045938	6.008584627244987E-4	0.9204102237762044	5.060637832137741E-4	4.834803212456312E-7	1.159283054732557
7210000	-9614.115374845205	-8669.366758750588	-944.7486160946173	-8505.703291251222	115.47557479716845	1220.2690929892276	0.07574303390070054	0.10989288247873233	0.14780227517263209	0.5603217914710137	0.048561924211747244	0.8130271333947714	0.7545689632828098	0.5702867972587667	2.482984603484047	0.08151851504139439	0.2967229016461273	0.10989288247873233	0.14780227517263209	0.5603217914710137	0.048561924211747244	0.8130271333947714	0.7545689632828098	0.5702867972587667	2.482984603484047	0.08151851504139439	0.2967229016461273	6.9261941681396575	0.31117707726284577	0.19094028048253814	0.20320017832105977	0.2946824639335566	0.446783905984423	126.81336638020348	-935.5253611777734	5.857948407210377E-4	0.9212917290088265	4.707029606223936E-4	4.138140133605865E-7	1.133020419418954
7220000	-9596.988111288172	-8667.519358481088	-929.4687528070847	-8505.692047672384	107.62161866109753	1133.3236809629925	0.1553163555537025	0.012086068745300155	0.11398598245553834	0.10066624159646399	1.9804781614017812	0.3500634072222545	1.4374699051561384	0.2378878786770829	3.0253726189342802	0.03004459970081853	2.064083182326766	0.012086068745300155	0.11398598245553834	0.10066624159646399	1.9804781614017812	0.3500634072222545	1.4374699051561384	0.2378878786770829	3.0253726189342802	0.03004459970081853	2.064083182326766	5.876674226797198	0.31117707726284577	0.20054266820599273	0.21106652123730613	0.2772137332938557	0.5928918693175284	113.70919806180748	-917.6251137324441	6.144106836214145E-4	0.9631318589943009	4.7626910431580743E-4	7.073873498593987E-7	1.3231700428078765
7230000	-9637.07958012788	-8683.050409487714	-954.0291706401653	-8518.865527811498	121.43821763503519	1250.636267943075	0.09764393578536847	0.2772591939571425	0.055337794977377126	1.2099418841942446	0.6819091167789454	0.8776063633502514	0.6788643219992032	0.07490047519829167	2.998520928873206	0.018690087984816566	0.9354488496142853	0.2772591939571425	0.055337794977377126	1.2099418841942446	0.6819091167789454	0.8776063633502514	0.6788643219992032	0.07490047519829167	2.998520928873206	0.018690087984816566	0.9354488496142853	6.508831681466292	0.31117707726284577	0.20054266820599273	0.21106652123730613	0.2772137332938557	0.42762525462343165	122.25327272111967	-943.5745684191331	5.940328381389028E-4	0.8606826650564133	4.6031580519505553E-4	4.6711039576097674E-7	1.2087720584097317
7240000	-9633.145792386413	-8700.699377319737	-932.4464150666748	-8531.66430450611	76.96693462619463	1049.0755816565963	0.13956948142863196	0.244034606126298	0.22114922679934437	0.46720064133443634	0.5317244119037141	0.24747144475727276	1.802192476938221	0.4502952442416279	2.8410739090118216	0.3793907688506662	0.6383581583228564	0.244034606126298	0.22114922679934437	0.46720064133443634	0.5317244119037141	0.24747144475727276	1.802192476938221	0.4502952442416279	2.8410739090118216	0.3793907688506662	0.6383581583228564	6.372311665509414	0.31117707726284577	0.21747082066981727	0.21106652123730613	0.26028558083003117	0.42762525462343165	133.5500309544764	-921.9515272971732	7.091877003624004E-4	0.9071274660104816	5.357214714189616E-4	6.75837733615977E-7	1.226423943098952
7250000	-9650.316115915486	-8691.273195346874	-959.0429205686122	-8523.468675035525	102.6136996027786	1314.349797265325	0.10855830096483395	0.23567327062557533	0.004770803060933301	0.6192472072539739	0.32985804806600133	1.1499228025347656	0.6224280779486375	0.7927730974009021	2.142198884608517	0.45016128004063305	0.6547438058793561	0.23567327062557533	0.004770803060933301	0.6192472072539739	0.32985804806600133	1.1499228025347656	0.6224280779486375	0.7927730974009021	2.142198884608517	0.45016128004063305	0.6547438058793561	6.372311665509414	0.31117707726284577	0.21747082066981727	0.19470745789053523	0.27664464417680207	0.42762525462343165	154.2383823582854	-949.0558542466157	5.629174737646366E-4	0.962346934808945	4.2066114684164774E-4	3.092746463102301E-7	1.0680492675921396
7260000	-9615.381126432534	-8687.09365488738	-928.2874715451538	-8525.478689943266	107.76216147448264	1173.7234449747982	0.09492830885553305	0.04564994682105421	0.6501349500253099	1.5394650941695176	0.7209110460888876	1.5318246748934476	0.2695049868167944	0.018724327055130326	5.001303944484873	0.4439230288884048	0.276008654102614	0.04564994682105421	0.6501349500253099	1.5394650941695176	0.7209110460888876	1.5318246748934476	0.2695049868167944	0.018724327055130326	5.001303944484873	0.4439230288884048	0.276008654102614	7.173562819380414	0.31117707726284577	0.21747082066981727	0.19470745789053523	0.27664464417680207	0.42448476260075296	107.12155355740894	-914.7693125044025	6.497219738019791E-4	0.9245062573628261	4.799344683319768E-4	4.1968158647888616E-7	1.0726437187720907
7270000	-9646.402801873212	-8695.268672035685	-951.1341298375272	-8531.391403325695	126.66835677415037	1368.0186650931994	0.11595968977987518	0.12612464453135128	0.23929241960526315	0.5491980746297978	0.44560919001517474	0.8430246696225282	0.7875468009116564	0.727989621541065	4.3672481529736285	0.36661790902184094	0.42024618460295876	0.12612464453135128	0.23929241960526315	0.5491980746297978	0.44560919001517474	0.8430246696225282	0.7875468009116564	0.727989621541065	4.3672481529736285	0.36661790902184094	0.42024618460295876	7.173562819380414	0.30049138668652164	0.22815651124614136	0.19470745789053523	0.27664464417680207	0.46346324815329415	126.13203981048105	-939.6508877631848	5.158703209547402E-4	0.9022901829588916	3.678030748960907E-4	2.9493724923088937E-7	1.0364802328976772
7280000	-9685.891271134542	-8684.180697864047	-1001.7105732704941	-8517.695979932594	146.05569070787453	1781.60264976488	0.08831636855596567	0.20124871942518044	0.27410556804932584	0.2542043484795162	1.9042268894086087	0.953109293346229	1.6968122774841705	0.1436733631281871	2.254626974892561	0.2799927772380692	0.2675449392306915	0.20124871942518044	0.27410556804932584	0.2542043484795162	1.9042268894086087	0.953109293346229	1.6968122774841705	0.1436733631281871	2.254626974892561	0.2799927772380692	0.2675449392306915	6.374898584493746	0.30049138668652164	0.22815651124614136	0.19470745789053523	0.27664464417680207	0.46346324815329415	189.18757880531788	-990.6442799661978	3.9932057021770166E-4	0.8906575946152842	3.1158938586233273E-4	1.82811664780711E-7	1.013484233994868
7290000	-9712.482049492126	-8704.632059694899	-1007.8499897972268	-8540.602777479478	158.66578602125253	1885.75980765557	0.07583723554496849	0.5027312051894511	0.02760173512081806	0.8988308310799091	0.603361443863019	0.38031102111462867	1.9542940213958881	0.006411124455020588	3.3613985521838945	0.870701747740739	0.0271969497541097	0.5027312051894511	0.02760173512081806	0.8988308310799091	0.603361443863019	0.38031102111462867	1.9542940213958881	0.006411124455020588	3.3613985521838945	0.870701747740739	0.0271969497541097	6.786028800716888	0.30049138668652164	0.22815651124614136	0.20891533562743708	0.2624367664399002	0.5540094065016378	161.21677591656825	-996.4195189404902	3.8895999236443675E-4	0.8332726616862102	3.098163387927866E-4	1.4017824952111738E-7	0.9061327919792508
7300000	-9760.787991087076	-8710.8547353366	-1049.9332557504777	-8548.83978007483	178.60656245193655	2132.8842747453223	0.06835010601883323	0.2586362523703487	0.07526058204426617	1.53041581547383	0.6190174991124694	0.3302461725041843	1.2819690489713904	0.0021177180137978515	2.665904383818342	0.01375704449549035	1.1021529351821668	0.2586362523703487	0.07526058204426617	1.53041581547383	0.6190174991124694	0.3302461725041843	1.2819690489713904	0.0021177180137978515	2.665904383818342	0.01375704449549035	1.1021529351821668	6.786028800716888	0.30049138668652164	0.22815651124614136	0.20891533562743708	0.2624367664399002	0.43130972319817407	236.36018768016078	-1039.277567114686	3.3332138340614394E-4	0.7397062334989675	2.765791819049719E-4	8.856239204776897E-8	0.8884373120806396
7310000	-9731.525891375613	-8672.470409005224	-1059.055482370389	-8510.84502325337	144.10354324798374	1996.6469475030046	0.044402950945725723	0.4102244503530408	0.20539731426487082	0.7026391954795895	0.2427165125130374	1.6801564461447795	1.6966972579935193	0.9265013204130901	5.905131374709916	0.18655292459488307	1.8324382434180382	0.4102244503530408	0.20539731426487082	0.7026391954795895	0.2427165125130374	1.6801564461447795	1.6966972579935193	0.9265013204130901	5.905131374709916	0.18655292459488307	1.8324382434180382	5.987514137509451	0.30049138668652164	0.22815651124614136	0.20891533562743708	0.2624367664399002	0.5391990551594862	252.37366505320497	-1041.6586853770657	3.4017751531691836E-4	0.7996613900083855	2.803313294700869E-4	9.616424942270258E-8	0.8840111786590478
7320000	-9674.671153520485	-8692.648197267748	-982.0229562527365	-8528.824979955376	149.67203821896516	1580.1237183611759	0.05840034629196334	0.12953322205384776	0.30363044950832485	0.02132172086504633	1.119076340736033	0.5192724316729878	0.929376613814436	1.0458811118791507	2.554038209238864	0.675444467048744	0.010713016892403325	0.12953322205384776	0.30363044950832485	0.02132172086504633	1.119076340736033	0.5192724316729878	0.929376613814436	1.0458811118791507	2.554038209238864	0.675444467048744	0.010713016892403325	5.49714540629698	0.29649794040882355	0.21943549308343305	0.20891533562743708	0.27515123088030663	0.4231612086703031	173.5863982201307	-971.7645254851893	3.920534119039919E-4	0.880253547612816	3.2048706850056335E-4	1.3816402534211976E-7	0.9231570582066649
7330000	-9652.570299699777	-8672.286460984802	-980.2838387149744	-8508.830999068046	139.6958008514274	1516.4676625342458	0.09884464881770005	0.6734424531132778	0.01199924830613458	0.30453549241550704	3.112898241716843	1.2230624726383694	0.2356607426036201	1.8553369620714961	4.325476339395025	0.2854508809510791	0.42169690292090606	0.6734424531132778	0.01199924830613458	0.30453549241550704	3.112898241716843	1.2230624726383694	0.2356607426036201	1.8553369620714961	4.325476339395025	0.2854508809510791	0.42169690292090606	5.985533430182467	0.29649794040882355	0.21943549308343305	0.20891533562743708	0.27515123088030663	0.42701578557487246	157.2717322858251	-965.2260463893781	4.618863851360054E-4	0.9288014525341923	3.683923516895069E-4	2.5685376385236493E-7	1.0208851362313496
7340000	-9695.860888834668	-8690.47716176891	-1005.3837270657577	-8519.422766252312	116.07796900766682	1522.1470622458921	0.1251537683048748	0.22993016335482117	0.18651009790712902	0.7331690861607096	1.60545138318206	1.650974119799366	1.4343311139822585	2.0667301319404996	8.022195645397257	0.25428973901452545	1.3700189867343524	0.22993016335482117	0.18651009790712902	0.7331690861607096	1.60545138318206	1.650974119799366	1.4343311139822585	2.0667301319404996	8.022195645397257	0.25428973901452545	1.3700189867343524	5.985533430182467	0.29649794040882355	0.21943549308343305	0.20891533562743708	0.27515123088030663	0.42701578557487246	164.72486704344738	-985.7233601960386	3.953384281648384E-4	0.8794572670917218	3.4692645852580305E-4	1.6320093557602146E-7	0.9851716868408787
7350000	-9652.769586393388	-8676.492094712601	-976.2774916807859	-8505.128762474398	116.20614136874836	1378.1613225212702	0.08830673455134172	0.0027067434720262325	0.0977586569582437	0.21175093418924132	1.4613023574868316	0.3650415443985227	0.7296466511313648	0.09688342554623289	2.573232177703037	0.4411627070225495	0.44684354730878767	0.0027067434720262325	0.0977586569582437	0.21175093418924132	1.4613023574868316	0.3650415443985227	0.7296466511313648	0.09688342554623289	2.573232177703037	0.4411627070225495	0.44684354730878767	6.394023388124039	0.29649794040882355	0.20747875883493339	0.22087206987593674	0.27515123088030663	0.49938498709139767	171.18855888776116	-966.8735998509566	4.6012907335251236E-4	0.9235743783040333	4.130951106436839E-4	1.94362063153556E-7	0.9314385760583888
7360000	-9622.37264302786	-8666.907274430465	-955.4653685973949	-8503.05108218766	104.98254449060684	1315.1098071400675	0.11712851047460542	0.08956244716710618	0.29119225453630737	0.323483459803624	0.968030123658697	0.6269410374650632	0.6271209119720932	0.37681677211414444	6.090930685459725	0.5150707242312768	0.03331618535534317	0.08956244716710618	0.29119225453630737	0.323483459803624	0.968030123658697	0.6269410374650632	0.6271209119720932	0.37681677211414444	6.090930685459725	0.5150707242312768	0.03331618535534317	6.394023388124039	0.29649794040882355	0.20747875883493339	0.22087206987593674	0.27515123088030663	0.48378733294142723	137.8065353243677	-943.0815353319013	5.127904501974947E-4	0.8889599728686645	4.310403806457446E-4	2.5366133674517426E-7	0.9555949248003913
7370000	-9633.346898369537	-8668.392663448609	-964.9542349209273	-8510.547336508333	98.63278239034577	1335.6605519543446	0.05544200800402565	0.4460620100648771	0.9954751863549782	0.7528181664671156	1.0373452110839583	0.5451432791452218	0.32780947998774046	0.13413056080973498	4.124198026624314	0.06297966421952053	0.16623824278549723	0.4460620100648771	0.9954751863549782	0.7528181664671156	1.0373452110839583	0.5451432791452218	0.32780947998774046	0.13413056080973498	4.124198026624314	0.06297966421952053	0.16623824278549723	5.88549178043472	0.29649794040882355	0.20747875883493339	0.22087206987593674	0.27515123088030663	0.48378733294142723	135.68549955416637	-952.4230206917092	6.088738381026564E-4	1.048891512573571	4.794163371122955E-4	3.6155564377537146E-7	1.0084716141958545
7380000	-9610.476332854343	-8666.129039869613	-944.3472929847298	-8500.613004280061	84.12456437335155	1121.0454159001376	0.08645322848902075	0.7927044355011441	0.008264540200487565	1.8515082119751656	0.49385498357540414	1.4644446908672835	0.039669547217576866	0.19944658237598784	5.360961563573221	1.11663338196641	0.07470898081148472	0.7927044355011441	0.008264540200487565	1.8515082119751656	0.49385498357540414	1.4644446908672835	0.039669547217576866	0.19944658237598784	5.360961563573221	1.11663338196641	0.07470898081148472	6.957244026889728	0.29649794040882355	0.20747875883493339	0.22087206987593674	0.27515123088030663	0.48378733294142723	131.07604442823984	-929.9480984277719	5.262056477871954E-4	0.9230001770652313	4.578104500350735E-4	2.5641867523851254E-7	0.9647997739653144
7390000	-9641.127608860872	-8678.290353809669	-962.8372550512036	-8507.29240343246	106.75293041828243	1273.109105799219	0.11184629377965731	0.09554753563134244	0.16315103518198804	0.014398843624147839	0.8904882981442823	0.8428558420563722	0.006406270414405011	0.32702401823828336	4.182127565495925	0.13185601259069227	0.9324638827691576	0.09554753563134244	0.16315103518198804	0.014398843624147839	0.8904882981442823	0.8428558420563722	0.006406270414405011	0.32702401823828336	4.182127565495925	0.13185601259069227	0.9324638827691576	6.957244026889728	0.29649794040882355	0.20747875883493339	0.20392694405365813	0.29209635670258527	0.48378733294142723	137.43990610484244	-952.6810865755501	4.317086981958362E-4	0.9111620700528424	4.276369206381E-4	1.7660686718644586E-7	0.9299106743290243
7400000	-9658.388342073617	-8680.505520964287	-977.8828211093298	-8514.507334306054	107.37269827637935	1356.3080150158005	0.08992128490718244	1.0162860453220344	0.5062816872211705	0.3228856908739387	0.494723890979394	0.9616302848729128	1.0854227456943524	0.11979173334045151	5.762905333133141	0.26842863321386534	0.7861004620231059	1.0162860453220344	0.5062816872211705	0.3228856908739387	0.494723890979394	0.9616302848729128	1.0854227456943524	0.11979173334045151	5.762905333133141	0.26842863321386534	0.7861004620231059	6.563610054212349	0.2856445874735868	0.20747875883493339	0.2147802969888949	0.29209635670258527	0.48378733294142723	133.38496410631595	-963.501784045914	4.4801236571558983E-4	1.0320650312343613	4.1570570335116555E-4	2.3856773548054624E-7	1.0070062566140703
7410000	-9713.936347158797	-8701.860411572346	-1012.0759355864511	-8532.760552763148	111.21036419260827	1550.2052768181002	0.0691921502207488	1.2203350488846632	0.8890125040294571	0.7630714765373173	2.0243989112191767	1.7354933365696448	1.0647389832448821	1.017215405960368	5.820334618195538	0.17186837907444985	0.04366729009174727	1.2203350488846632	0.8890125040294571	0.7630714765373173	2.0243989112191767	1.7354933365696448	1.0647389832448821	1.017215405960368	5.820334618195538	0.17186837907444985	0.04366729009174727	6.563610054212349	0.2856445874735868	0.20747875883493339	0.2147802969888949	0.29209635670258527	0.4427104750674119	192.49922504323584	-993.9098548608953	3.737131715668191E-4	0.9881737386940294	3.407193668402471E-4	1.8582667830980742E-7	1.1384053193314496
7420000	-9659.46931362604	-8693.147565144429	-966.3217484816108	-8531.67510020881	101.86793154237671	1293.7678200355342	0.10170337430729834	0.7532873938380027	0.23882880107973117	0.31292270337764333	2.4495965715175423	1.843973443944087	1.2916849716951906	0.542575828333666	4.372898363077762	0.07229927483802374	0.3926327462720175	0.7532873938380027	0.23882880107973117	0.31292270337764333	2.4495965715175423	1.843973443944087	1.2916849716951906	0.542575828333666	4.372898363077762	0.07229927483802374	0.3926327462720175	6.742500721288785	0.30300239645560323	0.19012094985291692	0.2147802969888949	0.29209635670258527	0.42908009397966473	139.79264233471955	-950.8761528018503	5.996228037300075E-4	0.9697795164949843	4.4232594474542916E-4	6.207757669650916E-7	1.2755786325148115
7430000	-9669.08753604854	-8702.893461939739	-966.194074108801	-8536.573478152748	94.49734765950217	1262.087313379067	0.11381859328552939	1.1216252053040954	0.3906105313659747	0.30876854035999035	1.7452894391578537	0.4273303587210789	1.672241026338938	1.212213765063213	5.287313101799163	0.02332156496965278	0.5675679474035741	1.1216252053040954	0.3906105313659747	0.30876854035999035	1.7452894391578537	0.4273303587210789	1.672241026338938	1.212213765063213	5.287313101799163	0.02332156496965278	0.5675679474035741	6.152372435992019	0.28761745682900713	0.205505889479513	0.2147802969888949	0.29209635670258527	0.5094096567856197	133.07403789376454	-950.9075892572205	6.268573420989999E-4	0.843675048476091	4.711646652641493E-4	3.3232138034910805E-7	1.0284418862217548
7440000	-9660.412117933634	-8659.860182177628	-1000.5519357560065	-8506.406464800342	125.419110376292	1541.0241594940042	0.06053211341390128	0.07119424058958058	0.3388593610242949	0.8970992125846601	1.522464646063604	1.5213487164219697	1.693247523721613	0.37769855120721924	4.63834824904425	0.7355986141363978	0.47986464252535693	0.07119424058958058	0.3388593610242949	0.8970992125846601	1.522464646063604	1.5213487164219697	1.693247523721613	0.37769855120721924	4.63834824904425	0.7355986141363978	0.47986464252535693	6.152372435992019	0.29914299479987116	0.20494125882020175	0.2147802969888949	0.2811354493910325	0.4419957211293726	171.99184580419814	-984.6645321561421	5.194887315337514E-4	0.9523086755961507	3.8805254086572043E-4	2.82507128736841E-7	1.0708723978063852
7450000	-9645.20998792845	-8670.607979058175	-974.6020088702751	-8509.631619241158	130.61669200363255	1479.9014596164475	0.08008766363491299	0.14309163730448024	0.08107512502094576	0.6040435387367213	0.5655479774587183	0.7272479357308347	0.3715681262166301	0.06630856278642554	3.798552382167406	0.33806394349429675	1.1004567101118257	0.14309163730448024	0.08107512502094576	0.6040435387367213	0.5655479774587183	0.7272479357308347	0.3715681262166301	0.06630856278642554	3.798552382167406	0.33806394349429675	1.1004567101118257	6.152372435992019	0.285867348189199	0.21821690543087388	0.2147802969888949	0.2811354493910325	0.4837053855011079	151.48694412915427	-963.0859772710833	5.788502045202357E-4	1.1132723473440493	4.1809991679377133E-4	3.961992879765755E-7	1.0911824623067032
7460000	-9676.794718594363	-8683.91036680431	-992.8843517900531	-8523.551045592449	133.4688129997827	1575.7275578906297	0.10225869141745955	0.41964719550750795	0.36552996857538017	0.006655475689222086	3.564827123495642	0.6893601946910102	3.3757897976054845	0.4900882359910945	6.423461402863832	0.552096026320216	0.36536248676251887	0.41964719550750795	0.36552996857538017	0.006655475689222086	3.564827123495642	0.6893601946910102	3.3757897976054845	0.4900882359910945	6.423461402863832	0.552096026320216	0.36536248676251887	6.152372435992019	0.285867348189199	0.20535225669872975	0.227644945721039	0.2811354493910325	0.4837053855011079	136.08011661814572	-973.715743208093	5.613021694142746E-4	0.9892491287634576	3.753957677475362E-4	4.112859911338312E-7	1.2186851004440775
7470000	-9668.027436055263	-8680.796399001823	-987.2310370534393	-8516.99156621843	153.22295032507523	1563.0271915609524	0.07018013954210936	0.6790452562413021	0.13939837905450275	0.8789991388800721	0.13602764894699315	0.7646555249872703	0.35868553512881635	1.5596398733317445	4.92517032873253	0.6127898658761699	1.043219468332647	0.6790452562413021	0.13939837905450275	0.8789991388800721	0.13602764894699315	0.7646555249872703	0.35868553512881635	1.5596398733317445	4.92517032873253	0.6127898658761699	1.043219468332647	5.973975745719791	0.285867348189199	0.20535225669872975	0.227644945721039	0.2811354493910325	0.4837053855011079	146.91192699889896	-972.8195784199183	5.32538398067135E-4	0.9793170676944543	3.7602901884654986E-4	2.897653595408968E-7	1.0765375140801712
7480000	-9626.848121462439	-8681.664837099099	-945.1832843633402	-8514.10954669064	174.5890319190994	1459.7513921406653	0.12257723679684332	0.7454397791030284	0.027073572363460415	0.5694728994802604	1.0543278921796182	0.8664123847051567	1.697255079401104	0.17928769125654268	4.976498879742726	0.4784697597297329	0.06702789408983977	0.7454397791030284	0.027073572363460415	0.5694728994802604	1.0543278921796182	0.8664123847051567	1.697255079401104	0.17928769125654268	4.976498879742726	0.4784697597297329	0.06702789408983977	5.748038606041197	0.285867348189199	0.22054816097518937	0.21244904144457938	0.2811354493910325	0.4175565617440601	116.2963764494364	-932.1916789943322	5.404753369131553E-4	0.9830027754922269	3.632555002948283E-4	3.944978287281566E-7	1.1402891850527757
7490000	-9647.227578266486	-8698.821758362854	-948.4058199036319	-8526.369440644667	192.25756819529533	1485.156152502848	0.11023740678136147	0.16884610051946417	0.02575908655635497	0.09001457734162767	1.5399018587478814	0.6707954358845015	2.0056719174062096	0.002015052720504604	1.1924493061370964	0.07934283833338775	0.574078155083145	0.16884610051946417	0.02575908655635497	0.09001457734162767	1.5399018587478814	0.6707954358845015	2.0056719174062096	0.002015052720504604	1.1924493061370964	0.07934283833338775	0.574078155083145	6.467867772889266	0.2968876437969477	0.21465585269246384	0.2047943914497341	0.2836621120608546	0.5154660830663607	143.6020492956997	-938.8306956756904	6.222245421354493E-4	1.0068082707399542	3.974564141087794E-4	5.517241865767233E-7	1.199688582733061
7500000	-9663.134438724426	-8676.705807309314	-986.4286314151128	-8506.640451147508	166.45292017449913	1608.3560193753594	0.06120960591531038	0.30055741057231605	0.3083906028287178	0.5495692227542207	0.20009242120611062	1.544263807191913	1.6792630431696112	0.3036021388216607	3.133185718191442	0.5900893940142516	1.5439066729088546	0.30055741057231605	0.3083906028287178	0.5495692227542207	0.20009242120611062	1.544263807191913	1.6792630431696112	0.3036021388216607	3.133185718191442	0.5900893940142516	1.5439066729088546	5.883550053118315	0.2968876437969477	0.21465585269246384	0.2047943914497341	0.2836621120608546	0.6288662487217569	168.7237919871836	-972.8375929993736	5.0814760711497E-4	0.8777407004021561	3.472042959173714E-4	3.535968626642179E-7	1.182224882298785
7510000	-9653.32198060998	-8679.907088857099	-973.4148917528828	-8513.743596608192	195.5279978081141	1565.7773038616137	0.06459469951655702	0.026305659109886165	0.5628025956851507	0.5475519372293958	0.5373340676332773	1.048862281682566	1.436986548729537	1.2823600296568636	4.370825647283817	1.052388758017169	0.6651027418124137	0.026305659109886165	0.5628025956851507	0.5475519372293958	0.5373340676332773	1.048862281682566	1.436986548729537	1.2823600296568636	4.370825647283817	1.052388758017169	0.6651027418124137	5.883550053118315	0.2968876437969477	0.21465585269246384	0.22144924337694588	0.26700726013364284	0.5142701787902816	140.3953276273766	-959.1241217603063	4.452013545291857E-4	0.8423374695006973	3.4290928902201446E-4	1.8136491009203376E-7	0.9705318081125259
7520000	-9618.183639732664	-8678.134709727898	-940.0489300047674	-8507.72422531757	99.17403049867806	1178.412061027388	0.07971788333192238	0.5307771881659691	0.16193870847297578	0.35683230330598026	0.8643943729980689	0.43742398237360786	1.663557962306529	1.4118710723636583	3.2520385133897523	0.8458699263007403	0.12275355899013266	0.5307771881659691	0.16193870847297578	0.35683230330598026	0.8643943729980689	0.43742398237360786	1.663557962306529	1.4118710723636583	3.2520385133897523	0.8458699263007403	0.12275355899013266	5.883550053118315	0.2968876437969477	0.21465585269246384	0.22144924337694588	0.26700726013364284	0.5142701787902816	119.17916560397757	-927.6584203163002	6.079407265518464E-4	0.8646777633061504	4.753862646008293E-4	3.4591047696668507E-7	1.027740380844416
7530000	-9635.02613156036	-8689.526838541215	-945.4992930191464	-8523.975053284039	92.00539935760587	1156.9610488406502	0.09918110034481863	0.06272379539631139	0.19102661784548486	1.1126445812178576	0.39605820200101294	1.0059344845261249	0.34366847051063254	0.5554410695745843	3.6002848482817975	0.31739032937685696	0.06891123037497279	0.06272379539631139	0.19102661784548486	1.1126445812178576	0.39605820200101294	1.0059344845261249	0.34366847051063254	0.5554410695745843	3.6002848482817975	0.31739032937685696	0.06891123037497279	5.846922013253629	0.2968876437969477	0.21465585269246384	0.22144924337694588	0.26700726013364284	0.5142701787902816	116.7407726954595	-935.3518241502742	5.596762860861947E-4	0.9104988674904942	4.787007794552828E-4	3.3562943360219654E-7	1.018182897747584
7540000	-9668.533451919528	-8703.707745831425	-964.8257060881019	-8534.39997307669	99.3392571145221	1302.1077735414044	0.08242809734918402	0.1140878071258511	0.16332482182408212	0.7620386560522496	0.38240420690409627	1.1162099927812545	0.05300486010179987	2.1192643189893525	4.343338859726409	0.7778861830466848	1.9938132910847286	0.1140878071258511	0.16332482182408212	0.7620386560522496	0.38240420690409627	1.1162099927812545	0.05300486010179987	2.1192643189893525	4.343338859726409	0.7778861830466848	1.9938132910847286	6.707261201305172	0.2866765417194484	0.21465585269246384	0.22144924337694588	0.27721836221114216	0.5142701787902816	130.45704974382258	-950.3370568548485	4.8587882152534387E-4	0.8466341391367117	4.0894082983155986E-4	2.0779771924381463E-7	0.9408940687387518
7550000	-9663.03214680393	-8692.344264983734	-970.6878818201945	-8527.67498878168	90.76517186031981	1280.2470262932957	0.07476390951697993	1.459472258537824	0.010270815508785504	0.7691901320774654	1.048086370105623	0.9699956516910994	2.0905572279319893	0.0744809925200828	3.4371072432732332	0.7357328284966974	1.322045847789984	1.459472258537824	0.010270815508785504	0.7691901320774654	1.048086370105623	0.9699956516910994	2.0905572279319893	0.0744809925200828	3.4371072432732332	0.7357328284966974	1.322045847789984	6.151353551419756	0.2866765417194484	0.21465585269246384	0.22144924337694588	0.27721836221114216	0.5142701787902816	140.8491877911985	-956.2311757484566	5.10137349547624E-4	0.7703570703126449	4.33171335793059E-4	2.2008077274332744E-7	0.9292427953839437
7560000	-9666.888201157017	-8692.636716734694	-974.2514844223228	-8533.911185296585	91.59420863417438	1315.6026845416807	0.0707772642462626	0.3299164701686916	0.18408175993410283	0.8902373660956171	0.0673120779953339	0.5227013353025305	0.18658566147417446	0.042381551978158995	4.7293597574244455	0.1366447914243304	0.8781324713326569	0.3299164701686916	0.18408175993410283	0.8902373660956171	0.0673120779953339	0.5227013353025305	0.18658566147417446	0.042381551978158995	4.7293597574244455	0.1366447914243304	0.8781324713326569	6.403257186986032	0.3022006030356382	0.19913179137627401	0.21278538772478983	0.2858822178632982	0.5487267398523723	148.89591357377898	-963.6454634607002	4.2199894413410654E-4	0.7626257217098156	3.8831677609428035E-4	1.4629302759820722E-7	0.8436896633107186
7570000	-9663.581912892534	-8678.45306881984	-985.1288440726945	-8518.115417980496	98.37959636851726	1354.0343357804795	0.09269793812492064	0.6060745591413944	0.7790549498747595	1.7348622170436028	1.3782681577971543	2.8591904713317144	1.663542677908425	0.14861511556513485	5.221387983518691	0.42981342654028293	0.3312594385314612	0.6060745591413944	0.7790549498747595	1.7348622170436028	1.3782681577971543	2.8591904713317144	1.663542677908425	0.14861511556513485	5.221387983518691	0.42981342654028293	0.3312594385314612	6.403257186986032	0.2878455391909903	0.19913179137627401	0.22714045156943777	0.2858822178632982	0.4520547943509351	148.99749516311397	-967.0747149175598	4.945192236338527E-4	0.9481347206533497	4.314174480826825E-4	1.9650860141373164E-7	0.9182277171629197
7580000	-9622.459908505924	-8678.228230934446	-944.2316775714778	-8515.34028777062	90.05532657877278	1188.8968951739105	0.11615792138685825	1.772923915633083	0.3041939347970352	0.3450294060311374	0.7993680331110213	0.45472140590087495	0.7077106500566218	0.49572624221586264	2.462388409625148	0.6522188255929048	0.037355228499926174	1.772923915633083	0.3041939347970352	0.3450294060311374	0.7993680331110213	0.45472140590087495	0.7077106500566218	0.49572624221586264	2.462388409625148	0.6522188255929048	0.037355228499926174	6.403257186986032	0.2878455391909903	0.19913179137627401	0.22714045156943777	0.2858822178632982	0.4520547943509351	115.69161597607005	-934.3481293787028	5.3354638301198E-4	0.7468785459805162	4.7523993192992474E-4	2.6132624324044677E-7	0.9567223561389123
7590000	-9670.494148745212	-8711.218465653415	-959.2756830917973	-8551.532359654966	87.59701650203993	1254.3149958460451	0.11051189966423125	0.9913335187780415	0.27525773846666185	0.9797369652477168	1.1921466333175996	0.469525180991175	0.04300347690926422	0.6572524856278258	3.610594836537707	0.11766378070673236	0.9122398705899258	0.9913335187780415	0.27525773846666185	0.9797369652477168	1.1921466333175996	0.469525180991175	0.04300347690926422	0.6572524856278258	3.610594836537707	0.11766378070673236	0.9122398705899258	6.403257186986032	0.2878455391909903	0.19913179137627401	0.22714045156943777	0.2858822178632982	0.41606733060835605	138.4463159319917	-948.2096785909665	5.013618213900667E-4	0.6979843680033437	4.5038136785136506E-4	1.6443840030723614E-7	0.7863896071342127
7600000	-9696.537996608131	-8720.433908222567	-976.1040883855635	-8555.568907292396	98.18721733000847	1379.168277298551	0.08164701677829335	1.7155354457465082	0.2736722688032651	0.9142656111668622	0.6897734580225598	1.7584974581018606	0.3474808136267685	2.385877611699085	4.037319430758353	0.18082634182961582	0.5159449085045607	1.7155354457465082	0.2736722688032651	0.9142656111668622	0.6897734580225598	1.7584974581018606	0.3474808136267685	2.385877611699085	4.037319430758353	0.18082634182961582	0.5159449085045607	6.403257186986032	0.2878455391909903	0.2115319368270402	0.22714045156943777	0.27348207241253203	0.34480472280724794	120.65218935587843	-961.9638532337541	3.690360030087933E-4	0.6091349204510805	3.449943149575363E-4	6.083557231623259E-8	0.6616946964089092
7610000	-9656.382717414976	-8699.481842064057	-956.9008753509186	-8539.77739537144	97.79398087354764	1254.6810280231134	0.08867931063135094	0.4945330339326074	0.09138795133218161	1.1894618906980066	0.7423530409255269	1.1474567253757608	0.9621992524956309	0.7559595645785268	4.767097374597437	0.2245638712095837	1.2560688525096693	0.4945330339326074	0.09138795133218161	1.1894618906980066	0.7423530409255269	1.1474567253757608	0.9621992524956309	0.7559595645785268	4.767097374597437	0.2245638712095837	1.2560688525096693	6.996556931612669	0.30156398122613204	0.19781349479189844	0.22714045156943777	0.27348207241253203	0.5792187644300185	138.41509811592343	-943.1014045868959	5.275444981696054E-4	0.6170279842679509	4.51960277404446E-4	1.2538733479143808E-7	0.6859586295580873
7620000	-9676.004273416107	-8711.634272620284	-964.3700007958228	-8548.778830873254	83.76311518148901	1296.303020253624	0.07780834251234636	0.4136506436253065	0.285895816437953	0.6349499806411155	0.47510390712886685	1.9299851582218819	0.4392721529859366	0.17325985943307246	4.322840482446131	0.31962306780198974	1.9377130848018937	0.4136506436253065	0.285895816437953	0.6349499806411155	0.47510390712886685	1.9299851582218819	0.4392721529859366	0.17325985943307246	4.322840482446131	0.31962306780198974	1.9377130848018937	6.359301921528103	0.3292937821605839	0.19781349479189844	0.21289705083380764	0.2599956722137103	0.44993550956959855	124.1141324533935	-951.0719788327586	4.5323216408897366E-4	0.7712035190628611	4.332132231849565E-4	1.400524663690589E-7	0.8404847585195412
7630000	-9687.06098630851	-8679.59501707273	-1007.4659692357802	-8520.898166910938	120.37528244969337	1532.9302068360357	0.07359461529747888	0.137344673911711	0.3820861531146764	0.45229310172693105	1.0711035569616156	0.5090815960092088	0.6759002344279829	0.49855376151594755	7.022546684325015	0.2208387017272493	1.4254421679940132	0.137344673911711	0.3820861531146764	0.45229310172693105	1.0711035569616156	0.5090815960092088	0.6759002344279829	0.49855376151594755	7.022546684325015	0.2208387017272493	1.4254421679940132	5.643422101407401	0.3292937821605839	0.19781349479189844	0.21289705083380764	0.2599956722137103	0.44993550956959855	195.3210993773569	-992.1574654515779	3.9322730729610106E-4	0.8763600194659306	3.389313103597883E-4	9.580290094964221E-8	0.8206048873033025
7640000	-9691.944944174402	-8703.353049291805	-988.5918948825962	-8540.08342661268	95.2913343493263	1360.2640031784467	0.09671949113548294	0.7224264741071424	0.11785627093951409	0.21681591373891088	1.3021353530086006	0.6762534602543131	1.543867584487169	0.2697770213413129	5.957839520037572	0.098860901306061	2.7131739039002296	0.7224264741071424	0.11785627093951409	0.21681591373891088	1.3021353530086006	0.6762534602543131	1.543867584487169	0.2697770213413129	5.957839520037572	0.098860901306061	2.7131739039002296	6.483164733392245	0.3292937821605839	0.19781349479189844	0.21289705083380764	0.2599956722137103	0.44993550956959855	150.94047894463685	-972.429734448465	4.790993718158479E-4	0.8202418460405916	4.212431478201129E-4	1.2838336544933705E-7	0.811074007411636
7650000	-9686.973045740395	-8695.784518250553	-991.188527489842	-8530.473183948707	118.27181672356943	1465.613277321052	0.0875628548530083	0.47335237019168586	0.04629359644077682	1.6893965187800801	0.3210649142533304	1.644148931384205	0.8696859134130751	0.42470767404059717	3.4102027526950645	0.2414844022411199	0.48651269493878696	0.47335237019168586	0.04629359644077682	1.6893965187800801	0.3210649142533304	1.644148931384205	0.8696859134130751	0.42470767404059717	3.4102027526950645	0.2414844022411199	0.48651269493878696	7.135261874031171	0.3292937821605839	0.19781349479189844	0.21289705083380764	0.2599956722137103	0.5848927290599515	162.0233199678798	-978.6684583983352	4.4173898861894225E-4	0.8135304540048488	3.744912806414549E-4	1.4464825941250907E-7	0.856591214706052
7660000	-9688.454846302724	-8659.155381938765	-1029.2994643639604	-8497.43901802137	120.45518033032604	1706.6790073730056	0.06156114396231922	0.2667194378037703	0.00903205999869006	0.84737349650777	1.0099540204157356	0.7939633731870168	0.2000416145693616	0.05166029011155082	1.7267441863337152	0.06552940620994792	0.5532421764770135	0.2667194378037703	0.00903205999869006	0.84737349650777	1.0099540204157356	0.7939633731870168	0.2000416145693616	0.05166029011155082	1.7267441863337152	0.06552940620994792	0.5532421764770135	6.1704975330039975	0.3084561979103012	0.20928463161632382	0.22226349825966496	0.2599956722137103	0.44667427466108234	210.7660064315385	-1020.9318727103134	3.8408924914989733E-4	0.7512947826050328	3.417806346440686E-4	1.0602609059549687E-7	0.8726329791606645
7670000	-9612.403469705092	-8678.5450829945	-933.8583867105918	-8509.262015834756	120.45251647795851	1232.5104287836866	0.12289138773728618	0.07223478140905888	0.25220068203026147	0.0017848708589062487	0.25849461844739324	1.1827102809533525	1.032517501765337	1.0667590199833066	3.0329539825341225	0.19253542642523727	0.2753898760754054	0.07223478140905888	0.25220068203026147	0.0017848708589062487	0.25849461844739324	1.1827102809533525	1.032517501765337	1.0667590199833066	3.0329539825341225	0.19253542642523727	0.2753898760754054	7.508018503701292	0.3084561979103012	0.20928463161632382	0.22226349825966496	0.2599956722137103	0.42486281432896067	120.2870782381661	-923.9608096342816	5.772413456352278E-4	0.866021263799238	4.735349061915564E-4	2.673856792695536E-7	0.8985861709546638
7680000	-9634.256354463194	-8696.96373033545	-937.2926241277441	-8525.463345510707	95.62216254147985	1223.8347177589035	0.14672806824717682	0.14221682027537447	0.08320159389583691	0.25087734501604814	0.7532248055820536	0.12036461338330635	0.3404307762819446	0.3840462294798294	1.8565524993850302	0.18231215439598963	0.32761576630419803	0.14221682027537447	0.08320159389583691	0.25087734501604814	0.7532248055820536	0.12036461338330635	0.3404307762819446	0.3840462294798294	1.8565524993850302	0.18231215439598963	0.32761576630419803	6.519014947382431	0.3084561979103012	0.22859695494376672	0.20295117493222206	0.2599956722137103	0.6228521605653161	122.85871646913934	-930.9590529752669	5.36049504258376E-4	0.7455868173905871	4.350203371127902E-4	1.9777786618942137E-7	0.8356608705620211
7690000	-9641.329180561717	-8678.082647213156	-963.246533348561	-8516.872321230981	108.92731147789559	1370.1955631868213	0.12630247446308435	1.1264221668633154	0.013395224786507993	0.1412824598421312	0.35216845426248716	0.43292050289651285	0.8695296755420195	0.261569479554778	4.178183406074006	0.27281581364820784	1.3176264845238053	1.1264221668633154	0.013395224786507993	0.1412824598421312	0.35216845426248716	0.43292050289651285	0.8695296755420195	0.261569479554778	4.178183406074006	0.27281581364820784	1.3176264845238053	6.210346691790257	0.3084561979103012	0.22859695494376672	0.20295117493222206	0.2599956722137103	0.4052128499940106	144.27084222139126	-952.3199815332665	5.083312458704087E-4	0.7838203478044614	4.272603175467529E-4	2.1263664714886386E-7	0.8744307885354327
7700000	-9656.192320761405	-8700.285381500245	-955.9069392611598	-8534.467250247926	98.25436592344687	1227.048267112002	0.05599375531921559	0.0062501664693598	0.6385317630291798	1.038525070639853	0.2906328556160997	1.0833978388393113	1.634210239645394	0.13264794609068267	5.259185756905107	0.22941025374234048	1.0078930275129143	0.0062501664693598	0.6385317630291798	1.038525070639853	0.2906328556160997	1.0833978388393113	1.634210239645394	0.13264794609068267	5.259185756905107	0.22941025374234048	1.0078930275129143	7.584891551588078	0.3084561979103012	0.22443408964956937	0.2071140402264194	0.2599956722137103	0.5932589136359875	120.70049806861485	-941.2158513977191	5.497185028395607E-4	0.7841027421455495	4.5997146185653765E-4	2.3619105101870866E-7	0.9066928367837086
7710000	-9657.19582617725	-8699.351604377174	-957.8442218000763	-8530.268018531493	99.54871233509863	1252.5083817610923	0.0694840162134563	0.060827713357578604	0.022870765356128787	0.7875705721666633	0.5446340786200485	0.43941897911337713	0.9154656692695248	0.13368115744928213	2.155624809523485	0.13773786900294935	0.7933165142369163	0.060827713357578604	0.022870765356128787	0.7875705721666633	0.5446340786200485	0.43941897911337713	0.9154656692695248	0.13368115744928213	2.155624809523485	0.13773786900294935	0.7933165142369163	6.045880977446086	0.3084561979103012	0.22443408964956937	0.2071140402264194	0.2599956722137103	0.47502552962603406	154.31590746633003	-949.0789418651667	5.148201936126433E-4	0.7895138259352982	4.60913325921857E-4	2.341572863155073E-7	0.8962242995070444
7720000	-9635.198114488438	-8701.321230381698	-933.8768841067391	-8544.85136548247	82.95138813574796	1102.9641672028363	0.10583641127332191	0.28635763564149175	0.029929758169601705	0.4725839317196002	0.3271167862496286	0.30964134189128567	1.058175865941137	0.2886612729626108	3.0647597520305516	0.026085417462021754	0.6962208223103712	0.28635763564149175	0.029929758169601705	0.4725839317196002	0.3271167862496286	0.30964134189128567	1.058175865941137	0.2886612729626108	3.0647597520305516	0.026085417462021754	0.6962208223103712	6.045880977446086	0.3084561979103012	0.22443408964956937	0.2071140402264194	0.2599956722137103	0.6121809538039324	108.45553825957258	-924.9754223430567	5.594117584768983E-4	0.8511718945336366	5.072574945604527E-4	3.3542747357779783E-7	0.9801539547919321
7730000	-9640.350719400658	-8700.527913719507	-939.8228056811506	-8529.163105666135	80.96513935988007	1077.279681962805	0.13544143686474353	0.5688839648019084	0.3531105660563399	0.10133230869399189	3.037304655252118	1.3780411890590711	1.0735836161986192	0.3594862994879582	4.534117537391311	0.7096670258934302	0.3844775966931066	0.5688839648019084	0.3531105660563399	0.10133230869399189	3.037304655252118	1.3780411890590711	1.0735836161986192	0.3594862994879582	4.534117537391311	0.7096670258934302	0.3844775966931066	6.045880977446086	0.3084561979103012	0.22443408964956937	0.2071140402264194	0.2599956722137103	0.48107025730818304	113.64777683830044	-925.5700710891641	5.576514802478851E-4	0.7712156845694823	5.055260898290392E-4	2.818981450421448E-7	0.9551390250355762
7740000	-9616.196253861086	-8712.15665669157	-904.0395971695161	-8543.692179175872	78.35551039968817	996.2069897572702	0.1350864142493669	0.6392256678615671	0.061619495609559254	0.4396731744761725	0.04573252667501584	0.4813548873371081	2.0864119085796604	0.10512462349303267	3.1102367679576677	0.38937458242371764	0.643192552746092	0.6392256678615671	0.061619495609559254	0.4396731744761725	0.04573252667501584	0.4813548873371081	2.0864119085796604	0.10512462349303267	3.1102367679576677	0.38937458242371764	0.643192552746092	5.822497641555089	0.29312958062095956	0.22443408964956937	0.2224406575157611	0.2599956722137103	0.45543440375177524	102.20471126694245	-894.2243830057607	7.039497214005143E-4	0.7708464268634535	5.875625000974321E-4	4.650989304650896E-7	0.9771882810732845
7750000	-9632.405478495579	-8704.65333704463	-927.7521414509488	-8540.108290354521	87.54850030921605	1088.981678642642	0.11105492260297585	0.5402594448366921	0.03010143539890629	0.2704738154395609	0.010154243541160027	0.20596665065089578	2.534981466393498	0.10941087788940022	2.7173907854706436	0.21031223960620843	0.44580314047170955	0.5402594448366921	0.03010143539890629	0.2704738154395609	0.010154243541160027	0.20596665065089578	2.534981466393498	0.10941087788940022	2.7173907854706436	0.21031223960620843	0.44580314047170955	6.768966596543991	0.29312958062095956	0.22443408964956937	0.2224406575157611	0.2599956722137103	0.45543440375177524	104.57071369581712	-918.6399814064439	6.19908769891476E-4	0.756058900894889	5.534163369015831E-4	4.480115571495123E-7	1.0587959054915759
7760000	-9604.09611605338	-8689.012573917755	-915.0835421356269	-8516.1485414045	73.9993459138951	986.5846071277085	0.12131232003486413	0.18298960552328647	0.1270723751637949	0.04726800598781344	1.4606955785752807	0.7898548431947354	1.3347621458136363	0.10859759764347554	3.6767634559596205	0.11677785601121941	0.4174363863282865	0.18298960552328647	0.1270723751637949	0.04726800598781344	1.4606955785752807	0.7898548431947354	1.3347621458136363	0.10859759764347554	3.6767634559596205	0.11677785601121941	0.4174363863282865	6.768966596543991	0.29312958062095956	0.22443408964956937	0.2224406575157611	0.2599956722137103	0.45543440375177524	105.18983084501004	-904.3571148038324	6.764473369037542E-4	0.8793502895205568	6.102265274318774E-4	6.163604505320575E-7	1.0476704159024646
7770000	-9604.934771551132	-8672.222585889427	-932.7121856617049	-8508.0703291983	78.0842884499923	1046.4102283827967	0.09978292788191412	0.02324142712058516	0.5214881535688964	2.5142650014574732	0.3979515059662678	1.1065280327304423	1.9359486531276806	0.60462394466162	5.080860957567346	0.3209053158809327	1.3323829791194177	0.02324142712058516	0.5214881535688964	2.5142650014574732	0.3979515059662678	1.1065280327304423	1.9359486531276806	0.60462394466162	5.080860957567346	0.3209053158809327	1.3323829791194177	6.0454109533667095	0.29276823336025376	0.21749266159451577	0.2224406575157611	0.2672984475294697	0.45543440375177524	108.11354270242285	-916.8200278347211	5.653377231646488E-4	0.8011367082772789	5.132415771986511E-4	3.7704443525883356E-7	1.0469663273140322
7780000	-9636.045898555481	-8695.377923514636	-940.6679750408459	-8529.45109075179	81.8553056977436	1096.5260360013933	0.09295244404193095	0.3428180027438205	0.6546040881652392	1.8539653832698166	0.2126588672079865	0.6863491701896995	0.9291618689635679	0.9092254481181089	3.847499489927906	0.42298331457513105	0.7657722189822507	0.3428180027438205	0.6546040881652392	1.8539653832698166	0.2126588672079865	0.6863491701896995	0.9291618689635679	0.9092254481181089	3.847499489927906	0.42298331457513105	0.7657722189822507	6.495516759041585	0.29276823336025376	0.21749266159451577	0.2224406575157611	0.2672984475294697	0.5720876512960636	110.71038976661411	-927.7640762478107	5.757879949662139E-4	0.7609483741043019	5.22718881896995E-4	3.3921292700505357E-7	0.9538788512861351
7790000	-9612.484125235585	-8690.06891878776	-922.415206447825	-8525.461290687657	92.30716886002925	1031.7810876818662	0.1308994083628272	0.44353959378069757	0.01725671974250491	1.447243096153216	0.3470025881126999	2.5426906591089327	0.3656718452298741	0.52798774714658	5.099232566336279	0.27956651032572877	0.5782444188603594	0.44353959378069757	0.01725671974250491	1.447243096153216	0.3470025881126999	2.5426906591089327	0.3656718452298741	0.52798774714658	5.099232566336279	0.27956651032572877	0.5782444188603594	5.894247802023394	0.27992923310118506	0.21749266159451577	0.2224406575157611	0.2801374477885384	0.5720876512960636	97.37908514700652	-908.8720856861025	6.347849667747529E-4	0.8022727854171973	5.665757085301906E-4	3.022032604956159E-7	0.8521837567447677
7800000	-9636.721711152428	-8679.359713042479	-957.3619981099486	-8520.539429341952	98.62639705091173	1215.1042336995356	0.05405183956252411	0.8869015734692712	0.24158069715872285	0.9469712334368662	0.25905321849468527	1.299559660869981	1.6402584384377998	1.0889491621887428	2.8214327373598356	1.0124543421659806	1.3514020570866014	0.8869015734692712	0.24158069715872285	0.9469712334368662	0.25905321849468527	1.299559660869981	1.6402584384377998	1.0889491621887428	2.8214327373598356	1.0124543421659806	1.3514020570866014	6.753462793195025	0.28144405741634754	0.22842357128253657	0.2224406575157611	0.2676917137853551	0.5720876512960636	122.09027755865081	-942.3629401872145	5.907956597038196E-4	0.8519808128881442	5.095057080049659E-4	2.3329334272607634E-7	0.8392198771302305
7810000	-9650.46920011796	-8675.744504105533	-974.7246960124264	-8512.775521499778	94.05615600776545	1295.893678330535	0.06165549035081963	0.26591169165635314	0.05584536588894161	1.228466361364654	0.09631996389348117	1.0571035540665428	0.47677635418680997	0.0857583414708317	2.3461037518350176	0.3876001414497554	0.1850853166386279	0.26591169165635314	0.05584536588894161	1.228466361364654	0.09631996389348117	1.0571035540665428	0.47677635418680997	0.0857583414708317	2.3461037518350176	0.3876001414497554	0.1850853166386279	6.753462793195025	0.28144405741634754	0.22842357128253657	0.2224406575157611	0.2676917137853551	0.5720876512960636	170.57214332140086	-965.2644366939214	5.38239924741978E-4	0.788126865427208	4.6062121014093545E-4	2.1036159101924913E-7	0.8717145503060242
7820000	-9679.028433163865	-8692.293169600769	-986.735263563095	-8529.84061863515	120.74281287369993	1408.0574461444521	0.05344922246777732	1.8148009800555627	0.3218935572112312	0.7823479249992884	1.398103514670715	1.338463977964161	1.22421731227881	0.032133177208204314	3.079636520560903	0.8963364603305698	0.020319914374364534	1.8148009800555627	0.3218935572112312	0.7823479249992884	1.398103514670715	1.338463977964161	1.22421731227881	0.032133177208204314	3.079636520560903	0.8963364603305698	0.020319914374364534	6.753462793195025	0.28144405741634754	0.22842357128253657	0.2224406575157611	0.2676917137853551	0.43705689059788966	155.16199629567993	-972.3196005351797	5.486877038193838E-4	0.8602902554418673	4.4063424933949905E-4	2.1342839602167362E-7	0.8714082515627708
7830000	-9683.865438782901	-8685.29189800915	-998.5735407737509	-8514.225809155714	126.5000263842042	1491.9233211942492	0.052200396736890704	0.47046331185767115	0.3514374943458076	0.9697352090873406	0.2152840293337147	1.2285982724614333	0.7793203016079066	0.04955899473689503	2.7600318444138128	0.5196402024348732	0.1497943153582886	0.47046331185767115	0.3514374943458076	0.9697352090873406	0.2152840293337147	1.2285982724614333	0.7793203016079066	0.04955899473689503	2.7600318444138128	0.5196402024348732	0.1497943153582886	5.754112408419893	0.30237969647868307	0.20748793222020104	0.2224406575157611	0.2676917137853551	0.43705689059788966	143.92156576362726	-987.9505411467145	4.2262099150979166E-4	0.8953907436173708	3.4581800327506995E-4	2.3785109634000666E-7	1.1283681124942573
7840000	-9651.904335246734	-8681.251286055105	-970.65304919163	-8516.419656682407	92.99146365542208	1355.8370019836793	0.06997510857509534	0.03999545760036219	0.15702980416253776	0.9377179499511055	0.14434209045802707	1.3638880659739483	0.589315437603379	0.07400894068766643	1.3872763691525147	0.09532364290820028	0.6093480440065019	0.03999545760036219	0.15702980416253776	0.9377179499511055	0.14434209045802707	1.3638880659739483	0.589315437603379	0.07400894068766643	1.3872763691525147	0.09532364290820028	0.6093480440065019	6.564145016434421	0.30237969647868307	0.20748793222020104	0.2224406575157611	0.2676917137853551	0.41392247130412846	148.9754802030683	-962.4709815016917	5.315316817697379E-4	0.7766913819209028	4.0249894379228266E-4	3.6796744755691573E-7	1.0932632907408912
7850000	-9605.22916269552	-8670.068312565858	-935.160850129662	-8507.10302961646	82.36854051572355	1092.145157693538	0.06496886143967343	0.8283809798696977	0.29844158751016775	0.5054256204784641	0.604659122017308	0.9376919980946874	0.3921071306623775	0.5802885048024322	3.3834476235033084	0.45093070100322974	1.0534789243983418	0.8283809798696977	0.29844158751016775	0.5054256204784641	0.604659122017308	0.9376919980946874	0.3921071306623775	0.5802885048024322	3.3834476235033084	0.45093070100322974	1.0534789243983418	5.769747821412798	0.30237969647868307	0.20748793222020104	0.2224406575157611	0.2676917137853551	0.41392247130412846	120.3055736545402	-923.3730084868362	6.136630469209995E-4	0.8082050745509535	4.95274233787454E-4	3.329510816765804E-7	0.9299610219722809
7860000	-9632.346723466857	-8692.029429599133	-940.3172938677235	-8530.849093637451	87.02556326382836	1146.1702370805933	0.10108260569134107	0.9340524068702655	0.18767729099868072	0.17537505364761996	0.7916697822211083	0.18361766086728348	2.7422468879640465	0.08486540282181373	2.9116689972702634	0.10369328857656505	0.7944079026388827	0.9340524068702655	0.18767729099868072	0.17537505364761996	0.7916697822211083	0.18361766086728348	2.7422468879640465	0.08486540282181373	2.9116689972702634	0.10369328857656505	0.7944079026388827	6.554228535421888	0.30237969647868307	0.20748793222020104	0.2224406575157611	0.2676917137853551	0.41392247130412846	128.43540283597426	-928.617116194103	6.269962936852589E-4	0.9038392303396245	4.8386680172299296E-4	2.475499499873304E-7	0.8698517096198889
7870000	-9618.756982885789	-8693.754759514293	-925.0022233714959	-8532.12067937165	92.48204863435306	1134.744539637671	0.15245756277810008	0.7686817742718097	0.047494377125522895	0.09619276999986136	3.1952916705365215	0.5134805732818605	1.666768683852869	0.2888836736837656	3.0050333907635056	0.5255541414531697	0.12301614452358	0.7686817742718097	0.047494377125522895	0.09619276999986136	3.1952916705365215	0.5134805732818605	1.666768683852869	0.2888836736837656	3.0050333907635056	0.5255541414531697	0.12301614452358	6.357303986633259	0.30237969647868307	0.20748793222020104	0.2224406575157611	0.2676917137853551	0.5258429891180948	100.07580228723647	-912.2395017363654	7.388205508026415E-4	0.9346317970043472	5.369482188127744E-4	3.6953145673743497E-7	0.9186529637567592
7880000	-9615.457537689048	-8683.099168091605	-932.3583695974438	-8513.980252996382	97.10868889026398	1113.4130822768795	0.09245192478076365	1.8975645982825706	1.1879931393755283	0.3967635016808791	1.5941603827286606	0.7452357192109591	0.8042748418423156	0.2613213386593564	4.23969014153881	0.3370601927431849	2.2897662290994334	1.8975645982825706	1.1879931393755283	0.3967635016808791	1.5941603827286606	0.7452357192109591	0.8042748418423156	0.2613213386593564	4.23969014153881	0.3370601927431849	2.2897662290994334	6.357303986633259	0.30237969647868307	0.20748793222020104	0.2224406575157611	0.2676917137853551	0.5258429891180948	103.58605695870907	-915.2707969483682	7.700374289904427E-4	1.000004276799503	5.005319587443289E-4	3.565165598863928E-7	0.9929088040943201
7890000	-9594.040453232112	-8671.054822081258	-922.985631150853	-8506.573241615648	85.99443938679616	1081.4059219882326	0.12615351537579686	0.36416990672799626	0.27456792295950083	0.5442608679645009	0.35278074825300887	0.7187190220378643	0.4494614121824599	1.1414936189857412	5.614735307024753	0.1540335079748403	0.22254796423794446	0.36416990672799626	0.27456792295950083	0.5442608679645009	0.35278074825300887	0.7187190220378643	0.4494614121824599	1.1414936189857412	5.614735307024753	0.1540335079748403	0.22254796423794446	6.357303986633259	0.30237969647868307	0.20748793222020104	0.21674412022604866	0.27338825107506753	0.5258429891180948	115.7001600986846	-909.7559006151124	8.327141752288501E-4	1.0462391992794187	5.511394037777156E-4	9.247349038487354E-7	1.2721515101450218
7900000	-9565.712674176086	-8674.002898019837	-891.7097761562487	-8510.795886738004	81.10083106256354	916.6370402807124	0.07552868842030001	0.8283152814273468	0.28061520426217557	0.9431805603787735	0.02482855646592912	1.1359913459379525	0.991251448382378	0.620878929882988	6.751868427869719	0.5823721199766473	0.6382738738631577	0.8283152814273468	0.28061520426217557	0.9431805603787735	0.02482855646592912	1.1359913459379525	0.991251448382378	0.620878929882988	6.751868427869719	0.5823721199766473	0.6382738738631577	6.357303986633259	0.30237969647868307	0.20748793222020104	0.2106562027533811	0.2794761685477351	0.5258429891180948	90.4880434564327	-874.8140974372312	9.608431312178213E-4	1.0828317010962607	6.454756836360528E-4	1.569345018804596E-6	1.3268583243663432
7910000	-9592.88220411936	-8697.94406562168	-894.9381384976807	-8530.88399212457	92.29379291051612	1013.6872605249722	0.12587146002208008	0.5118319535488588	0.1591142570966046	0.49529788958120485	0.6891831103222007	0.23855426375543645	0.3554222287168456	0.2893650435308342	1.4048367812056033	0.10621707334550531	1.0063159950749703	0.5118319535488588	0.1591142570966046	0.49529788958120485	0.6891831103222007	0.23855426375543645	0.3554222287168456	0.2893650435308342	1.4048367812056033	0.10621707334550531	1.0063159950749703	7.145326522800283	0.30237969647868307	0.20748793222020104	0.2106562027533811	0.2794761685477351	0.42253027702784685	98.94029843186841	-887.0267573072266	7.850333355683206E-4	0.8558369396831564	5.895478489671151E-4	6.323553079925095E-7	1.0022484269709484
7920000	-9570.263452590865	-8694.919560054997	-875.3438925358677	-8527.504905425403	85.7246824484367	909.7479029340745	0.13535023094391474	2.2228165781323086	0.062430148934136544	0.40175642782311305	0.32943605987516633	1.7096917723252743	0.23476580634390862	1.0066907979049387	3.2514410676417533	0.29744164756969377	0.7281091994068314	2.2228165781323086	0.062430148934136544	0.40175642782311305	0.32943605987516633	1.7096917723252743	0.23476580634390862	1.0066907979049387	3.2514410676417533	0.29744164756969377	0.7281091994068314	5.883805778420531	0.30237969647868307	0.20748793222020104	0.2106562027533811	0.2794761685477351	0.598947711201885	80.79659451180419	-862.1689266884562	8.76698957319185E-4	1.0148169774347118	6.353621320871931E-4	9.933972292487008E-7	1.0970560576136672
7930000	-9571.454381847596	-8693.67644702287	-877.777934824726	-8530.964377863962	82.57784007704993	912.1452818037039	0.18511776829006069	0.6063161739795655	0.2239725073537889	0.1272208804211559	0.4455206106440766	0.14325179283646436	1.4711261858079638	0.024075904055111817	3.536890582388292	0.08326814728070879	0.7137452795255764	0.6063161739795655	0.2239725073537889	0.1272208804211559	0.4455206106440766	0.14325179283646436	1.4711261858079638	0.024075904055111817	3.536890582388292	0.08326814728070879	0.7137452795255764	5.883805778420531	0.30237969647868307	0.20748793222020104	0.2106562027533811	0.2794761685477351	0.7363202693410765	98.85809185397477	-867.3092638667022	9.722611962909604E-4	0.9833837395747425	6.531765585853389E-4	1.404523823560051E-6	1.2384367345471174
7940000	-9579.198346560734	-8687.968828345516	-891.2295182152181	-8524.468899962229	103.50431350778396	1031.363431285055	0.1448435592927698	0.16060033792935152	0.023054618242694173	1.051848417595411	1.6184265415544448	1.5783617081155545	2.8317103415504152	0.17338499475937255	6.441877573234748	0.29065126475610986	2.3690410493754057	0.16060033792935152	0.023054618242694173	1.051848417595411	1.6184265415544448	1.5783617081155545	2.8317103415504152	0.17338499475937255	6.441877573234748	0.29065126475610986	2.3690410493754057	6.151237585997314	0.30237969647868307	0.20748793222020104	0.2106562027533811	0.2794761685477351	0.7363202693410765	76.3595992121909	-871.4889922140516	9.340047521194242E-4	1.0399026975869332	5.531780765604296E-4	9.9297324394007E-7	1.2403304658844656
7950000	-9570.280044422243	-8670.652458780201	-899.6275856420413	-8501.660128701662	140.2727919275749	1152.5112357075388	0.19371557660403263	0.14111420808865796	0.06311057003588517	0.03799804514856267	3.567110839545862	0.25565299867949426	3.68140599372615	0.5171464275368006	3.036235335061171	0.07737686241898933	2.4933643291623575	0.14111420808865796	0.06311057003588517	0.03799804514856267	3.567110839545862	0.25565299867949426	3.68140599372615	0.5171464275368006	3.036235335061171	0.07737686241898933	2.4933643291623575	6.151237585997314	0.2935115045352731	0.20644184554338446	0.2106562027533811	0.2893904471679617	0.7363202693410765	80.78590784505528	-882.4613478822938	9.32392587664105E-4	1.128189108112495	5.239639169745645E-4	1.2120048610317E-6	1.2991364070409104
7960000	-9618.724867127215	-8697.817756481105	-920.9071106461101	-8521.774158323416	124.19605750223502	1290.1918152223484	0.11595561374773677	0.695334255261696	0.06470152254622817	0.5188716129384221	0.37311200098723385	1.46812986246402	1.3438558243992103	0.06301841375074689	1.0612257684170066	0.07776023470703082	0.14075356880243586	0.695334255261696	0.06470152254622817	0.5188716129384221	0.37311200098723385	1.46812986246402	1.3438558243992103	0.06301841375074689	1.0612257684170066	0.07776023470703082	0.14075356880243586	6.532612082642945	0.2935115045352731	0.19400033302983818	0.22309771526692737	0.2893904471679617	0.7363202693410765	103.94817180769348	-911.9228198733657	6.548924481523242E-4	1.0069949508703457	4.208812475878592E-4	4.970486235557916E-7	1.1502239135164556
7970000	-9636.30433585473	-8690.674898014371	-945.6294378403584	-8519.900003942348	118.1485417631406	1237.827743855966	0.10045271239854299	4.378409710678646	1.0255259649284012	0.4948694771820565	0.2972185099540499	0.8354012240965272	6.04399753955987	0.5283671996587983	6.942675711618114	1.038523919582905	0.13803903302602763	4.378409710678646	1.0255259649284012	0.4948694771820565	0.2972185099540499	0.8354012240965272	6.04399753955987	0.5283671996587983	6.942675711618114	1.038523919582905	0.13803903302602763	6.241035578880399	0.2935115045352731	0.19400033302983818	0.22309771526692737	0.2893904471679617	0.7363202693410765	97.71918171422836	-920.997775812674	6.57969550020095E-4	0.9115586404994722	4.5482304289544423E-4	4.71693864524571E-7	1.092830199068401
7980000	-9598.944955742072	-8692.128245544493	-906.8167101975796	-8523.483501426857	93.54583460868389	1001.5665597878535	0.12580913259553358	0.5096711610866027	0.01075437560406196	0.22059161266652366	5.678587294441604	0.7916354697767454	1.1686314843140406	0.8202726882233167	3.353251106433328	0.1498348385105335	0.5557306731383206	0.5096711610866027	0.01075437560406196	0.22059161266652366	5.678587294441604	0.7916354697767454	1.1686314843140406	0.8202726882233167	3.353251106433328	0.1498348385105335	0.5557306731383206	6.241035578880399	0.2935115045352731	0.19400033302983818	0.22309771526692737	0.2893904471679617	0.4949820372498899	98.36583869143375	-891.032892644858	7.461787262966346E-4	0.8808897459673989	6.065745622723417E-4	5.857757303930032E-7	1.0332162747198186
7990000	-9636.760657876694	-8696.317516893832	-940.4431409828613	-8524.44828213711	119.62987273959426	1203.9554997425857	0.08847968775577524	1.1674916400971451	0.02328129904449022	0.35812075427271517	0.029808097991951752	2.7213962682366444	1.240832865155572	0.01836889550554856	3.7269116263457582	0.03765042559373009	0.9741070545449065	1.1674916400971451	0.02328129904449022	0.35812075427271517	0.029808097991951752	2.7213962682366444	1.240832865155572	0.01836889550554856	3.7269116263457582	0.03765042559373009	0.9741070545449065	6.241035578880399	0.2935115045352731	0.1994587819144788	0.22309771526692737	0.28393199828332105	0.5829340726223965	120.2647432354729	-926.9547179761479	6.29530331819112E-4	0.9653835674996576	4.8028037606175577E-4	4.327002324748691E-7	1.0800821246109882
8000000	-9615.941472324428	-8680.59468553056	-935.3467867938693	-8516.684912533008	111.72366021282237	1120.2507290996823	0.12857704778556503	0.35391185323350277	0.05051126774577416	1.1277716004953713	1.3813446792844044	0.5832002332965578	1.1204819494796643	2.1440021233210573	7.044538482348361	0.3818543886925277	0.45079105536205066	0.35391185323350277	0.05051126774577416	1.1277716004953713	1.3813446792844044	0.5832002332965578	1.1204819494796643	2.1440021233210573	7.044538482348361	0.3818543886925277	0.45079105536205066	6.241035578880399	0.30381482457768194	0.19749016073912265	0.22309771526692737	0.27559729941626837	0.45208366509203696	110.57610576949835	-918.4269489500203	6.05345664355579E-4	0.8827219138508504	4.952496949336411E-4	4.3193966094445314E-7	1.0784746298843317
8010000	-9611.651392285887	-8675.750436088378	-935.9009561975096	-8510.42206637818	104.41179414038646	1172.0497084107158	0.14040854025373384	1.2027037167754995	0.43915710893935517	0.7928276965536305	0.7849824807148186	1.2656821471712623	1.1828567607397975	0.08707706920006206	4.832501181985716	0.18537040790807247	1.9277806786884317	1.2027037167754995	0.43915710893935517	0.7928276965536305	0.7849824807148186	1.2656821471712623	1.1828567607397975	0.08707706920006206	4.832501181985716	0.18537040790807247	1.9277806786884317	6.241035578880399	0.30381482457768194	0.19749016073912265	0.22309771526692737	0.27559729941626837	0.45208366509203696	114.03920843742281	-920.7277811463616	5.870633952331704E-4	0.972760475052229	4.4918866016857394E-4	3.8537814695035956E-7	1.0752850659569468
8020000	-9589.779596374312	-8687.513642047867	-902.2659543264446	-8531.50287270043	84.57012227052482	972.4988523202148	0.09793290995410942	0.5884030672143572	0.43553339913362665	0.5895425486200548	0.3482399026070335	1.5434715874361091	0.006822968476195103	0.5925968352011028	5.196698272971912	0.3133624368222418	1.4634741528252904	0.5884030672143572	0.43553339913362665	0.5895425486200548	0.3482399026070335	1.5434715874361091	0.006822968476195103	0.5925968352011028	5.196698272971912	0.3133624368222418	1.4634741528252904	6.241035578880399	0.2996700958582038	0.19749016073912265	0.22309771526692737	0.2797420281357465	0.45208366509203696	81.05618422879861	-888.9165389640533	6.51998154661026E-4	0.8580218918571311	5.340248437117118E-4	5.437987616253117E-7	1.0805906464234591
8030000	-9598.10670781943	-8703.91003009614	-894.1966777232907	-8546.47162435861	73.94314877405586	929.1553962639283	0.10043616511952419	1.6797289379619418	0.34897456104249464	1.5253345402084495	0.27110710130251325	1.2779524976475298	0.36443952012632747	0.2732325774486184	2.1460623633782028	0.2926700180707337	1.5418107243515398	1.6797289379619418	0.34897456104249464	1.5253345402084495	0.27110710130251325	1.2779524976475298	0.36443952012632747	0.2732325774486184	2.1460623633782028	0.2926700180707337	1.5418107243515398	6.241035578880399	0.2996700958582038	0.19749016073912265	0.22309771526692737	0.2797420281357465	0.4870686668885251	86.481546659865	-881.5758079871428	8.042954617285148E-4	0.9372456282109316	6.149930240352581E-4	8.59017725796972E-7	1.152856268626064
8040000	-9606.147570416217	-8681.208674595095	-924.9388958211215	-8517.798132536343	87.38527018124252	1090.4682746849717	0.1523526284723138	2.7410096549200547	0.19997793521178872	0.13260596370945377	0.9224298304198545	0.9099274920421057	0.8665052991289692	1.2915379705727101	2.5581379689855877	0.4499403014206286	0.33396826019217707	2.7410096549200547	0.19997793521178872	0.13260596370945377	0.9224298304198545	0.9099274920421057	0.8665052991289692	1.2915379705727101	2.5581379689855877	0.4499403014206286	0.33396826019217707	6.241035578880399	0.2996700958582038	0.21245200360370606	0.20813587240234396	0.2797420281357465	0.4870686668885251	97.22349971091101	-912.3619283842118	6.360097294552089E-4	0.9098689242195999	4.96553584000101E-4	4.6222224226017893E-7	1.1250012262745792
8050000	-9631.519039920035	-8668.89888099749	-962.6201589225441	-8506.067619358386	112.95321135696896	1244.6095257216687	0.09263332185933063	0.012296155472398452	0.1143509942230952	0.6788207994024545	7.299189319397787	1.6817516598974471	0.5712233698895415	0.7845077982488649	5.934777797230589	0.6781111145089441	0.8512904811203276	0.012296155472398452	0.1143509942230952	0.6788207994024545	7.299189319397787	1.6817516598974471	0.5712233698895415	0.7845077982488649	5.934777797230589	0.6781111145089441	0.8512904811203276	6.241035578880399	0.2996700958582038	0.21245200360370606	0.20813587240234396	0.2797420281357465	0.4870686668885251	132.6181694042434	-940.9818122838204	5.698638606810721E-4	0.9718281378344367	4.7143166327833776E-4	4.0221125931741386E-7	1.120389103384288
8060000	-9620.905795074754	-8668.49484339898	-952.4109516757745	-8501.96517063076	87.58645478364764	1193.1459672132773	0.09129687809964747	0.1661904194883105	0.4467757335954502	0.2614025903186616	3.0332412433588485	1.0649865900538706	0.944356317824477	0.13171000854754636	4.136618393343376	1.140752884669243	0.7887944193271353	0.1661904194883105	0.4467757335954502	0.2614025903186616	3.0332412433588485	1.0649865900538706	0.944356317824477	0.13171000854754636	4.136618393343376	1.140752884669243	0.7887944193271353	6.241035578880399	0.2996700958582038	0.21245200360370606	0.20813587240234396	0.2797420281357465	0.4870686668885251	142.28842412264083	-938.0638609968921	5.467401902295763E-4	0.7078977802484975	4.678639643469939E-4	3.5826866115885886E-7	1.088896573862408
8070000	-9629.567259706313	-8696.974133377673	-932.593126328641	-8533.460086579656	94.70092824360098	1157.330814492458	0.1580855774161243	0.28481040624931897	0.17515004414553992	0.12837829849549037	1.5220863905403308	0.07548609418810809	1.4602705842693164	0.3180366416476313	1.776225129700968	0.14381879598665975	0.0480269202004068	0.28481040624931897	0.17515004414553992	0.12837829849549037	1.5220863905403308	0.07548609418810809	1.4602705842693164	0.3180366416476313	1.776225129700968	0.14381879598665975	0.0480269202004068	6.241035578880399	0.2996700958582038	0.21245200360370606	0.20813587240234396	0.2797420281357465	0.4064216912801264	108.09683717592564	-925.0164183678597	5.386028928459175E-4	0.8109178026045015	4.615987736870958E-4	2.926795451758616E-7	0.9863291912793956
8080000	-9669.751550013509	-8677.493416811774	-992.2581332017338	-8506.513112827628	98.39591851028771	1364.3548154752582	0.08554980463134237	0.1825879070271153	0.17631898579576452	0.23922657753190515	1.286173302479849	0.7717946242758463	1.9624636159240822	0.40474296363679174	3.5480100904406924	0.7489840633682693	1.1953891163043366	0.1825879070271153	0.17631898579576452	0.23922657753190515	1.286173302479849	0.7717946242758463	1.9624636159240822	0.40474296363679174	3.5480100904406924	0.7489840633682693	1.1953891163043366	6.824448455746469	0.2996700958582038	0.21245200360370606	0.20813587240234396	0.2797420281357465	0.4881843353145485	160.58998706430413	-979.3017208283721	4.535513416917912E-4	0.7306399517879063	3.999847349426021E-4	1.6750543371443142E-7	0.9035379095473747
8090000	-9701.529186654145	-8692.412307240003	-1009.1168794141406	-8527.663402785154	107.95503311432435	1516.2066057419663	0.06818352994435893	0.0924695775246768	0.2772452143826397	0.051656544726029915	1.3929799851772278	0.9937966734243031	3.55360740355156	0.08608127285217854	4.659176689155555	1.4886987259922193	1.498462717894424	0.0924695775246768	0.2772452143826397	0.051656544726029915	1.3929799851772278	0.9937966734243031	3.55360740355156	0.08608127285217854	4.659176689155555	1.4886987259922193	1.498462717894424	6.047719774949087	0.2996700958582038	0.19873093237830933	0.20813587240234396	0.29346309936114323	0.4881843353145485	173.5212049220802	-992.6525983242644	3.8340886381552E-4	0.6832739079771505	3.524266613445571E-4	1.1707142062457322E-7	0.8572976413260373
8100000	-9657.877530950453	-8680.58706188309	-977.2904690673614	-8507.41017220812	100.41830356638704	1376.4301519225396	0.05716277521825477	0.20100975094581733	0.23180178790520897	0.8008141713133907	0.3456415594054929	0.5990635769665081	0.22100862320938022	0.6687805035581824	1.8406191520019173	0.5471513315794388	0.09247803129810246	0.20100975094581733	0.23180178790520897	0.8008141713133907	0.3456415594054929	0.5990635769665081	0.22100862320938022	0.6687805035581824	1.8406191520019173	0.5471513315794388	0.09247803129810246	5.461648071638059	0.30741861480860305	0.20643256488342832	0.20813587240234396	0.27801294790562503	0.4881843353145485	152.796023449954	-969.1523897242238	4.530096207532779E-4	0.7209546621746442	4.18477726522251E-4	1.2912649579754442E-7	0.808709984747352
8110000	-9645.111515397943	-8694.277353438178	-950.8341619597655	-8520.212949791236	85.50839668718712	1193.5969626816109	0.0923357325241361	0.10623589618919764	0.007616370931680658	0.38944449337727666	0.2713030314641526	1.771738440581157	1.7049465492174476	0.3928836270965059	2.1896756078450266	0.6581259119813531	0.09945389513940198	0.10623589618919764	0.007616370931680658	0.38944449337727666	0.2713030314641526	1.771738440581157	1.7049465492174476	0.3928836270965059	2.1896756078450266	0.6581259119813531	0.09945389513940198	6.614356050861284	0.30741861480860305	0.20643256488342832	0.20813587240234396	0.27801294790562503	0.4881843353145485	132.47161197902903	-940.8674753524049	5.005960508145057E-4	0.7724611316565574	4.427667008695634E-4	1.5433909244112066E-7	0.7881446720197229
8120000	-9669.2867512828	-8694.356862884353	-974.9298883984468	-8525.816321890912	94.35918099947725	1299.611137880097	0.083691444427249	1.2463645435421866	0.1853507964005842	1.318160215062848	0.8508586804296238	0.18511476990167072	2.7156275380307906	1.4182847897893123	6.45167561929172	0.4374617806541094	1.4513901317782114	1.2463645435421866	0.1853507964005842	1.318160215062848	0.8508586804296238	0.18511476990167072	2.7156275380307906	1.4182847897893123	6.45167561929172	0.4374617806541094	1.4513901317782114	5.675868151740288	0.30741861480860305	0.20643256488342832	0.20813587240234396	0.27801294790562503	0.4881843353145485	136.69604024645912	-956.3197520139024	5.183650893230936E-4	0.7784435307504916	4.4593235469030134E-4	2.529213875021936E-7	0.9185305417548665
8130000	-9625.82274114735	-8679.56064900806	-946.2620921392903	-8508.461472889074	96.98206302429053	1167.1844756371681	0.23324812951354998	0.04276385419441829	0.038305512706477945	3.9633167151307007E-4	3.337229676861343	0.35788867829317755	2.837855475166913	1.1113784359122605	4.05170173996459	0.0031877447001044624	2.1414032555143625	0.04276385419441829	0.038305512706477945	3.9633167151307007E-4	3.337229676861343	0.35788867829317755	2.837855475166913	1.1113784359122605	4.05170173996459	0.0031877447001044624	2.1414032555143625	5.675868151740288	0.30741861480860305	0.20643256488342832	0.20813587240234396	0.27801294790562503	0.4881843353145485	137.86299785974316	-930.7859776855187	5.440668138927252E-4	0.7976707228486539	4.599032539138172E-4	2.6438588348880376E-7	0.930909694492007
8140000	-9641.669027253463	-8663.540922483691	-978.1281047697724	-8493.024224882716	140.3506147962018	1517.0272390104647	0.07654468668658997	0.21417932661257844	0.01398340794316856	0.6027118790912406	1.1457814007579132	1.272135857696088	0.7833860298645565	0.1002703884022698	3.788849608715719	0.1324540761517874	0.8203358260624969	0.21417932661257844	0.01398340794316856	0.6027118790912406	1.1457814007579132	1.272135857696088	0.7833860298645565	0.1002703884022698	3.788849608715719	0.1324540761517874	0.8203358260624969	6.542482820514673	0.30741861480860305	0.20643256488342832	0.20813587240234396	0.27801294790562503	0.4881843353145485	160.92300008341633	-966.3453858582448	5.047591962646233E-4	0.8090333907691509	3.836360156645258E-4	2.3857644671384706E-7	0.9635540329465606
8150000	-9646.78124023146	-8686.228433948349	-960.5528062831108	-8516.03706590218	105.71630421782976	1260.229202009502	0.08511325015534849	0.3495760650117094	0.2387948445422855	0.5778807862487072	0.515720300329685	0.9197873692029801	2.194193665291343	0.1879953119095366	2.520179036058949	0.1325947013089741	0.3746485806769139	0.3495760650117094	0.2387948445422855	0.5778807862487072	0.515720300329685	0.9197873692029801	2.194193665291343	0.1879953119095366	2.520179036058949	0.1325947013089741	0.3746485806769139	6.542482820514673	0.3133128666779165	0.20643256488342832	0.20224162053303046	0.27801294790562503	0.4881843353145485	130.06238111252034	-949.7641614192514	5.277285454766661E-4	0.8514854804708114	4.164487681706905E-4	1.9298920502390394E-7	0.9039235539718888
8160000	-9649.245284416658	-8670.525504137115	-978.7197802795442	-8494.154964195335	127.69767681462653	1446.6344599713586	0.07197358048622293	0.3358047257465698	0.365481428980153	0.7997239355300271	0.19319246648348704	0.8845364134675554	1.7824586992655158	1.8738676929768032	2.480145552320122	0.3331277375378149	1.0238673168228882	0.3358047257465698	0.365481428980153	0.7997239355300271	0.19319246648348704	0.8845364134675554	1.7824586992655158	1.8738676929768032	2.480145552320122	0.3331277375378149	1.0238673168228882	6.652379664692138	0.30137663823495314	0.20643256488342832	0.21417784897599387	0.27801294790562503	0.4881843353145485	157.14725237785177	-965.7456580306156	4.4387983986418275E-4	0.8314301243135281	3.8718999348212585E-4	1.8487880218269968E-7	0.933067826596645
8170000	-9653.35671346164	-8691.065948494925	-962.2907649667163	-8515.31933786082	130.83519226729302	1435.4432098543543	0.08605929008831326	0.22495720239305098	0.10149498573723603	0.1466432184259759	0.4208124739154874	0.05186830266495453	0.9378653852917679	0.515295390349223	1.6965522085170481	0.13526948567508423	0.1512048325257314	0.22495720239305098	0.10149498573723603	0.1466432184259759	0.4208124739154874	0.05186830266495453	0.9378653852917679	0.515295390349223	1.6965522085170481	0.13526948567508423	0.1512048325257314	6.652379664692138	0.2905903391686837	0.2104133423472001	0.21417784897599387	0.2848184695081227	0.4881843353145485	158.94044709949802	-955.0814542993586	4.738665169943244E-4	0.8614042546840294	3.899232963955167E-4	2.2103949800964493E-7	1.0179854816562457
8180000	-9691.44211321702	-8694.25188143627	-997.1902317807486	-8521.977323354187	113.99432255753624	1536.8704699537254	0.07988456446518814	0.0962397047953255	0.20505306003047524	0.7930376333025492	1.4837770047602756	0.3472699465544337	2.453437415508952	1.2811331987945227	2.650152450966142	0.36483168077415074	0.2581618033591302	0.0962397047953255	0.20505306003047524	0.7930376333025492	1.4837770047602756	0.3472699465544337	2.453437415508952	1.2811331987945227	2.650152450966142	0.36483168077415074	0.2581618033591302	7.677049178619104	0.2905903391686837	0.2104133423472001	0.21417784897599387	0.2848184695081227	0.4881843353145485	168.23308934393424	-984.4811819282413	4.326368457371059E-4	0.7545255615469789	3.593660940924987E-4	1.345751233461382E-7	0.8792727971601453
8190000	-9642.434497158978	-8676.802819849003	-965.6316773099752	-8512.580464616769	91.28492044891854	1256.3462253707874	0.07963221041341569	0.2815315315274159	0.2703286899303972	0.8958229864510524	0.5690765627831408	0.6358262065142496	0.30542448599475336	0.1303190546374961	2.4381136905630387	0.10159017810472178	0.20603362462159724	0.2815315315274159	0.2703286899303972	0.8958229864510524	0.5690765627831408	0.6358262065142496	0.30542448599475336	0.1303190546374961	2.4381136905630387	0.10159017810472178	0.20603362462159724	5.3333052980250395	0.2726284809373734	0.2104133423472001	0.21417784897599387	0.302780327739433	0.4881843353145485	133.6545396642394	-957.852398520299	4.219189641025572E-4	0.7467628357124569	4.062029079812521E-4	1.3829168186819433E-7	0.8439111916969617
8200000	-9676.057670606568	-8694.84417889474	-981.2134917118269	-8522.773830474694	104.50703802877729	1350.660264751653	0.08026662253778744	0.3381869334010497	0.10692695875869823	0.11740260060079041	0.03691406663762254	0.10603677819025001	1.4368888791991623	1.463468811366827	3.2065983191840775	0.08417615582633439	1.116404901615359	0.3381869334010497	0.10692695875869823	0.11740260060079041	0.03691406663762254	0.10603677819025001	1.4368888791991623	1.463468811366827	3.2065983191840775	0.08417615582633439	1.116404901615359	5.3333052980250395	0.2726284809373734	0.2104133423472001	0.21417784897599387	0.302780327739433	0.4881843353145485	172.42268947705392	-971.0327217162633	4.4863868110793357E-4	0.721756448572698	4.0538872806037714E-4	1.3398584370038757E-7	0.7969562680389658
8210000	-9652.377224994174	-8681.678726912733	-970.6984980814418	-8515.42700969519	130.13152384727888	1438.9818405720337	0.14162469241664116	0.18631969269052287	0.027725160432984033	0.5651544015957767	0.45032775497263017	0.037053584483192084	1.347253822283688	0.8951388367379766	1.8408504782643758	0.29943664684294546	0.06989183436658011	0.18631969269052287	0.027725160432984033	0.5651544015957767	0.45032775497263017	0.037053584483192084	1.347253822283688	0.8951388367379766	1.8408504782643758	0.29943664684294546	0.06989183436658011	6.788982527973477	0.28010660326919495	0.2104133423472001	0.20669972664417233	0.302780327739433	0.45422076771319686	126.71897821304579	-962.8384539373125	4.5542957286710107E-4	0.8844587498181767	3.74977368090537E-4	1.2954499127037528E-7	0.7832896919186818
8220000	-9691.284989967606	-8703.62128201723	-987.6637079503757	-8547.604872319673	133.22440446651513	1509.0830839977223	0.07800484693018103	0.06973055871213499	0.062189276683576634	0.0474932474334054	0.9563002644415762	1.1253872259910858	0.3279970064210364	0.24464393004964013	2.1892900623159144	0.22786963303587007	0.0718336548373983	0.06973055871213499	0.062189276683576634	0.0474932474334054	0.9563002644415762	1.1253872259910858	0.3279970064210364	0.24464393004964013	2.1892900623159144	0.22786963303587007	0.0718336548373983	6.788982527973477	0.28010660326919495	0.21876058608876223	0.20669972664417233	0.2944330839978708	0.6415451971406225	169.11319333277407	-979.5240453168709	4.264310174712188E-4	0.7747735050182163	3.786189136041513E-4	1.0786853381744145E-7	0.8043339289416575
8230000	-9669.447653513105	-8659.010294428745	-1010.4373590843604	-8496.460929533645	128.64722762835996	1636.108456423702	0.0898368472854074	0.8469111533388746	0.05779864320210127	0.40729768459273213	1.0942638089342025	0.7855450628548234	2.0260609978083632	0.48142388944513326	4.54447365162579	0.1879470479216653	0.13580506243685486	0.8469111533388746	0.05779864320210127	0.40729768459273213	1.0942638089342025	0.7855450628548234	2.0260609978083632	0.48142388944513326	4.54447365162579	0.1879470479216653	0.13580506243685486	6.788982527973477	0.28010660326919495	0.21876058608876223	0.20669972664417233	0.2944330839978708	0.5241052846820542	172.04928636414078	-996.6789443874626	4.0875979526125585E-4	0.9932510714078002	3.3236181552513504E-4	1.3002018990598649E-7	0.9014167239108697
8240000	-9685.583183817107	-8692.783621715336	-992.7995621017704	-8529.31112515345	121.02559557212948	1521.8986015293863	0.08032565991670844	0.07855780532844157	0.2142859491001245	1.6181131803394617	1.0842849777526604	1.942239431858618	0.3483493591517309	0.030372408945766104	5.285304140720838	0.7464933106570516	1.2353746333807123	0.07855780532844157	0.2142859491001245	1.6181131803394617	1.0842849777526604	1.942239431858618	0.3483493591517309	0.030372408945766104	5.285304140720838	0.7464933106570516	1.2353746333807123	6.788982527973477	0.28010660326919495	0.21006184190639451	0.21480208531493356	0.29502946950947734	0.5241052846820542	157.5346990146711	-977.299043595277	4.388776063864531E-4	0.8684460799468214	3.6102194446115024E-4	1.241767585742124E-7	0.8293119164105521
8250000	-9706.451637256063	-8694.251185283434	-1012.2004519726289	-8525.907070428642	109.07902110294863	1558.7041877956087	0.05910315324778039	0.10404403473750688	0.20580901331572063	1.1252492689481315	3.1472869922568942	2.952424826979368	0.8640154261561632	0.692382231023837	6.0475801239988325	0.1856064345939193	1.7278604823166246	0.10404403473750688	0.20580901331572063	1.1252492689481315	3.1472869922568942	2.952424826979368	0.8640154261561632	0.692382231023837	6.0475801239988325	0.1856064345939193	1.7278604823166246	6.788982527973477	0.2908796961587789	0.19928874901681057	0.21480208531493356	0.29502946950947734	0.5241052846820542	200.25564544953	-992.0004590149499	3.7201116589236246E-4	0.767162613886953	3.65196389989595E-4	8.270058799633061E-8	0.751567538908152
8260000	-9656.59609674178	-8681.009642518606	-975.5864542231744	-8521.770120619303	86.54748752713382	1257.020550121706	0.0697634860599681	0.5111254552512697	0.0221641542186609	0.5093964954281919	0.9370274906281497	1.6469156545842458	1.4924829403489985	0.6500827271990399	3.7000276151580196	1.488643203874562	0.08847577879354238	0.5111254552512697	0.0221641542186609	0.5093964954281919	0.9370274906281497	1.6469156545842458	1.4924829403489985	0.6500827271990399	3.7000276151580196	1.488643203874562	0.08847577879354238	6.154857586140105	0.2908796961587789	0.19928874901681057	0.21480208531493356	0.29502946950947734	0.5241052846820542	144.7473786029465	-961.716485454454	4.776663503398185E-4	0.8147518713890587	4.4583237272863844E-4	1.9721228349774967E-7	0.8782441538697493
8270000	-9679.768386957783	-8696.047530873513	-983.7208560842702	-8528.0790368161	131.1272026027627	1511.4154694605602	0.06138741707478878	0.24063073263398202	0.04969712588210071	1.2150350806929393	0.16190912767249516	1.6809166393297679	0.3613158153385981	0.015462044767736865	2.760672673129752	0.45070516555251305	0.3596910783286047	0.24063073263398202	0.04969712588210071	1.2150350806929393	0.16190912767249516	1.6809166393297679	0.3613158153385981	0.015462044767736865	2.760672673129752	0.45070516555251305	0.3596910783286047	6.749040292430293	0.30351381536547206	0.19928874901681057	0.20172228881085608	0.29547514680686165	0.3948346151516914	161.48666894623474	-973.6460633700352	4.2181451102709923E-4	0.7282114320440315	3.56473709478908E-4	1.1641456201637182E-7	0.8247379680618704
8280000	-9658.61967853063	-8685.34005796104	-973.2796205695886	-8523.291820697325	119.90182505328788	1359.2329429365275	0.10295238152156243	0.5824017521192829	0.1853482514199087	0.15565769749113753	2.4824510918078744	2.4531691469733445	3.9375015724365983	0.5402546541677309	7.885709293598993	0.12164398114553773	0.9072779132081352	0.5824017521192829	0.1853482514199087	0.15565769749113753	2.4824510918078744	2.4531691469733445	3.9375015724365983	0.5402546541677309	7.885709293598993	0.12164398114553773	0.9072779132081352	6.318062049341566	0.30351381536547206	0.19928874901681057	0.20172228881085608	0.29547514680686165	0.49978336359795317	125.12700818923449	-951.9419368632309	5.699391661370538E-4	0.6936973811388075	4.287777421812564E-4	2.2875359726767684E-7	0.8700545517368495
8290000	-9643.437174153867	-8694.05185752538	-949.3853166284878	-8528.761240914962	118.25204698743491	1265.5328918857008	0.05396226003408359	0.5099641904153511	0.1484453160802377	0.24448346490806758	0.47675406271462645	1.1236734670707813	1.4898810231328325	0.37690012044651383	3.4366588053007567	0.5689746352383723	0.2801936040071115	0.5099641904153511	0.1484453160802377	0.24448346490806758	0.47675406271462645	1.1236734670707813	1.4898810231328325	0.37690012044651383	3.4366588053007567	0.5689746352383723	0.2801936040071115	6.318062049341566	0.30351381536547206	0.19928874901681057	0.20172228881085608	0.29547514680686165	0.49978336359795317	115.74309598877174	-937.7579193681527	5.500263796646951E-4	0.7444460440383833	4.482194946164035E-4	2.3839457343925715E-7	0.8831221753352263
8300000	-9622.75078973806	-8705.052080591675	-917.6987091463859	-8532.807147485146	91.16216890819263	1092.7180314256873	0.09694564394614794	0.6238078991062845	0.20736164192257867	0.35784201667461335	0.09922929383711752	0.8249489348616954	0.6674962897472705	1.0675630006640453	3.4072561267927655	0.4392095627707557	1.7465535997972887	0.6238078991062845	0.20736164192257867	0.35784201667461335	0.09922929383711752	0.8249489348616954	0.6674962897472705	1.0675630006640453	3.4072561267927655	0.4392095627707557	1.7465535997972887	7.521048594285773	0.30351381536547206	0.22019883423011047	0.20172228881085608	0.27456506159356175	0.46092728005277095	94.41907337532815	-906.0540293213362	5.97153745920336E-4	0.7283393805541563	4.901656858067186E-4	2.4009292908380513E-7	0.8165058899037088
8310000	-9626.228770896458	-8692.805230732467	-933.4235401639913	-8528.768423527757	83.09673930898431	1076.360406091594	0.11997543982120279	0.2529979465926682	0.053328215145055355	2.1798756714139085	0.11538392955341231	1.6947442110260402	1.6361719082263142	0.22103798414362366	5.8665522955019265	0.004894248561895649	1.6386385500210803	0.2529979465926682	0.053328215145055355	2.1798756714139085	0.11538392955341231	1.6947442110260402	1.6361719082263142	0.22103798414362366	5.8665522955019265	0.004894248561895649	1.6386385500210803	6.335051476278785	0.30351381536547206	0.22019883423011047	0.20172228881085608	0.27456506159356175	0.46092728005277095	111.12299749112888	-917.8068467702083	5.87439777812106E-4	0.7618917699658738	5.26420015123974E-4	2.030136331963109E-7	0.7925503201809052
8320000	-9624.410741500516	-8697.612797876895	-926.7979436236219	-8530.698479383937	76.68364228947209	1023.4534573650677	0.08915901317066802	1.1333612556988708	0.9556105732578898	0.3446123530645653	0.11145935874259578	1.410391330214533	1.2735599453845992	0.6394847842844156	3.985525527192095	0.12374732551124992	1.036394568490206	1.1333612556988708	0.9556105732578898	0.3446123530645653	0.11145935874259578	1.410391330214533	1.2735599453845992	0.6394847842844156	3.985525527192095	0.12374732551124992	1.036394568490206	7.345112785096205	0.2913093072988201	0.22019883423011047	0.21392679687750804	0.27456506159356175	0.46092728005277095	104.16133795784107	-913.5055931705929	6.277806882683605E-4	0.6996297599516104	5.348019273125244E-4	1.9184223883325637E-7	0.7354821652492658
8330000	-9588.188445308828	-8674.990837288977	-913.1976080198508	-8509.376543706945	86.70921622186484	1052.4226707772864	0.0762457640690054	0.2571685178059566	0.07502382098874161	0.9150184938474567	0.05727496479649119	0.31599833536500166	0.31145237249711766	0.4174822260626962	1.9712133966097254	0.029232696091972	0.5173603407330535	0.2571685178059566	0.07502382098874161	0.9150184938474567	0.05727496479649119	0.31599833536500166	0.31145237249711766	0.4174822260626962	1.9712133966097254	0.029232696091972	0.5173603407330535	6.275867954518622	0.2913093072988201	0.22019883423011047	0.21392679687750804	0.27456506159356175	0.46092728005277095	94.97007816400362	-905.93209176452	5.956308247227841E-4	0.8038382326517641	5.172000645270603E-4	1.9013039832518168E-7	0.7625068884841016
8340000	-9597.373879581006	-8674.41595281879	-922.9579267622155	-8507.926059332327	91.2609997933185	1123.3256345973116	0.13268114464842826	1.2275689164070474	0.050695415453000575	0.39613816326412044	1.466390425164972	1.0993834681167707	0.6980000878894554	0.09716114321956916	2.8925563358451916	0.49415503980547326	0.9924875892408382	1.2275689164070474	0.050695415453000575	0.39613816326412044	1.466390425164972	1.0993834681167707	0.6980000878894554	0.09716114321956916	2.8925563358451916	0.49415503980547326	0.9924875892408382	6.275867954518622	0.2914768595693121	0.22019883423011047	0.21392679687750804	0.2743975093230698	0.5833040799064065	97.41485852815926	-911.8403011602	5.692850680508101E-4	0.7504150045698673	4.4247314158553646E-4	2.2286114806180718E-7	0.8847770238675791
8350000	-9585.794948034947	-8700.533671709689	-885.261276325258	-8525.303556627692	85.96513276476568	950.1809342204673	0.08385082539615524	0.281739428768373	0.15051436536224197	0.13729239422474646	0.1384330280772336	0.4675478967620465	0.17821467871678387	0.002408836196769351	3.2128450537510767	0.14612242542049134	0.07607780034952512	0.281739428768373	0.15051436536224197	0.13729239422474646	0.1384330280772336	0.4675478967620465	0.17821467871678387	0.002408836196769351	3.2128450537510767	0.14612242542049134	0.07607780034952512	6.275867954518622	0.2914768595693121	0.2084744553416365	0.22565117576598198	0.2743975093230698	0.4336138681002475	84.5525417730681	-877.8450621972288	7.391879558930802E-4	0.8627873125743497	5.763074752977437E-4	4.122572319249161E-7	0.8888232650154205
8360000	-9571.96237035232	-8669.274632871664	-902.6877374806546	-8502.130347527023	81.04342280655189	963.6287289836124	0.19147901748999258	0.24591052905096097	0.0194641241151423	0.13065252220768694	0.6024549706457109	0.46697933217388876	1.1973001176916713	0.6935202005952293	3.5350315126217464	0.04345876953472928	0.4792809558299397	0.24591052905096097	0.0194641241151423	0.13065252220768694	0.6024549706457109	0.46697933217388876	1.1973001176916713	0.6935202005952293	3.5350315126217464	0.04345876953472928	0.4792809558299397	6.0569186860489435	0.2914768595693121	0.2084744553416365	0.22565117576598198	0.2743975093230698	0.4336138681002475	92.4712646677972	-893.5335308276718	7.416301872865632E-4	0.82149212154121	6.021266179553035E-4	4.2978692375307814E-7	0.9057251175526991
8370000	-9598.63467420747	-8673.204757345358	-925.4299168621104	-8500.436290221163	73.84904060576952	1001.0698589132394	0.15915362884911427	0.5167791843125111	0.5067864059922694	0.48837291471335137	4.103751292602034	0.5110246160609091	1.248712120141242	1.380983246853084	3.092700464460016	0.6489276876638627	0.036877625859729285	0.5167791843125111	0.5067864059922694	0.48837291471335137	4.103751292602034	0.5110246160609091	1.248712120141242	1.380983246853084	3.092700464460016	0.6489276876638627	0.036877625859729285	6.0569186860489435	0.2914768595693121	0.2084744553416365	0.22565117576598198	0.2743975093230698	0.47457262308664655	115.71540469342813	-910.5798725715879	6.356568762951305E-4	0.94512773061243	5.718621999588607E-4	2.991179803525075E-7	0.8559659587861754
8380000	-9617.829268396592	-8682.918007017806	-934.9112613787851	-8509.988218215529	87.79937579716966	1093.4711326584645	0.12664358396456402	0.32996806950876806	0.10804187815555566	0.9492639563572431	0.8365713569347103	1.6360977875626928	2.3905418615829146	0.16815047452909834	3.3737494373305155	0.003616543227148357	1.8305075052459512	0.32996806950876806	0.10804187815555566	0.9492639563572431	0.8365713569347103	1.6360977875626928	2.3905418615829146	0.16815047452909834	3.3737494373305155	0.003616543227148357	1.8305075052459512	7.559579212357107	0.3025620225619593	0.2013533030544051	0.21456601277333473	0.2815186616103012	0.3828720136830283	114.18326895785943	-920.200412520011	6.063663578642128E-4	1.0475666856846142	5.232970832589464E-4	6.888449670326411E-7	1.3237345208448066
8390000	-9641.161133314206	-8670.463745016534	-970.6973882976729	-8501.938426250263	102.81353794243095	1358.7976220291184	0.11215187113177648	1.0843450924825866	0.19146158908948469	0.904310455026876	0.10822060887659493	0.6233017654140165	1.3287633645450045	0.8035004574047193	5.038630582107767	0.013690137660191516	0.4653622495944431	1.0843450924825866	0.19146158908948469	0.904310455026876	0.10822060887659493	0.6233017654140165	1.3287633645450045	0.8035004574047193	5.038630582107767	0.013690137660191516	0.4653622495944431	7.020124333468032	0.3025620225619593	0.2013533030544051	0.21456601277333473	0.2815186616103012	0.602116973128889	144.57528466307818	-957.5874922487823	4.178898943908281E-4	0.8605447039415476	3.9601974614864065E-4	3.4329777173356555E-7	1.2534221761947937
8400000	-9689.841300337	-8696.770927934183	-993.0703724028169	-8522.789114488272	88.98126780937481	1345.289446750553	0.11890707262191279	0.04931308770867866	0.1765905222002818	0.04366141820854202	2.0575484656969447	0.5207129988214585	3.0838636199428944	0.01059456371006117	4.111834418746412	0.6418818459545468	0.7098543540440261	0.04931308770867866	0.1765905222002818	0.04366141820854202	2.0575484656969447	0.5207129988214585	3.0838636199428944	0.01059456371006117	4.111834418746412	0.6418818459545468	0.7098543540440261	7.020124333468032	0.3025620225619593	0.2013533030544051	0.21456601277333473	0.2815186616103012	0.4524285569762037	159.34897876056795	-979.2266863682352	4.273983529413799E-4	0.8544277665265783	4.1919716613744506E-4	1.9132357356387384E-7	0.9445513767241027
8410000	-9691.01232787205	-8668.323033307575	-1022.6892945644745	-8501.623421201895	99.26396970053094	1428.6077346796767	0.08412264351924882	0.667801116297902	0.008943704900435525	0.9991840240967221	2.4332434041945117	1.0126811187163682	1.3772772798289987	2.310968091640549	6.151730969101602	0.7541078639913879	0.89451334563766	0.667801116297902	0.008943704900435525	0.9991840240967221	2.4332434041945117	1.0126811187163682	1.3772772798289987	2.310968091640549	6.151730969101602	0.7541078639913879	0.89451334563766	5.713926835344385	0.3025620225619593	0.2013533030544051	0.20130706243918542	0.2947776119444505	0.3700638952222442	195.75766968816404	-1003.0866787245246	4.93565134023791E-4	0.9064690025234023	4.1058681509978444E-4	2.0488034813840498E-7	0.9906722019896327
8420000	-9667.528956399594	-8684.362440704606	-983.166515694987	-8515.843543784462	104.35255983593086	1334.1119896308505	0.07846248619131065	0.010084869308684566	0.08415770789951396	0.9460344165233718	0.1957406861827688	0.3627813004966156	1.2545226308294022	0.10171166331645473	1.4659272383713473	0.33296921422967857	0.5808907456001644	0.010084869308684566	0.08415770789951396	0.9460344165233718	0.1957406861827688	0.3627813004966156	1.2545226308294022	0.10171166331645473	1.4659272383713473	0.33296921422967857	0.5808907456001644	6.78221725172164	0.28761602584384494	0.2013533030544051	0.21625305915729978	0.2947776119444505	0.5993817397714237	179.5993258422796	-974.0424315191617	5.660185260841056E-4	0.9738417114725925	4.352300870895623E-4	1.6962657918416042E-7	0.8809009390211926
8430000	-9633.811545753757	-8684.243304221845	-949.5682415319114	-8520.865975967125	98.74606079044452	1204.6399776098401	0.07379245184084844	0.41426237126689885	0.44143942017777743	0.5818837834883812	0.9450850458128692	0.7006550555848284	0.5964159606254551	0.17368635149417752	2.6107209993614062	0.7793783704370421	0.11655606594725262	0.41426237126689885	0.44143942017777743	0.5818837834883812	0.9450850458128692	0.7006550555848284	0.5964159606254551	0.17368635149417752	2.6107209993614062	0.7793783704370421	0.11655606594725262	6.252027667316828	0.28761602584384494	0.2013533030544051	0.21625305915729978	0.2947776119444505	0.4173459312489737	140.80495210703103	-938.9243403346654	5.721192355615505E-4	0.959173364210903	4.5996563924375234E-4	1.9329811507332146E-7	0.8229791203865212
8440000	-9628.813561924144	-8686.658726615813	-942.1548353083309	-8516.447348992844	90.8933724328583	1091.9622647314936	0.11729594627357526	0.5352583670271034	0.1133055750190579	2.0859893272226935	2.4174774524771214	0.8816963516202986	0.8927595380775699	0.7279638496623909	3.6720446331339907	1.3559828084670413	1.1517535272128114	0.5352583670271034	0.1133055750190579	2.0859893272226935	2.4174774524771214	0.8816963516202986	0.8927595380775699	0.7279638496623909	3.6720446331339907	1.3559828084670413	1.1517535272128114	5.950123592452397	0.28761602584384494	0.2013533030544051	0.21625305915729978	0.2947776119444505	0.5681294201823921	115.36088889398629	-925.3446379967974	7.485539325566878E-4	0.9544340856709072	5.404934000282963E-4	3.3755405752251107E-7	0.9114754114904154
8450000	-9623.571370801576	-8683.297220435667	-940.274150365909	-8515.971426094311	105.0597355158119	1130.1860691491481	0.09286508121371956	0.6526120280468102	0.11541412195004948	0.546228756495193	0.5330059321161494	1.2466911695770313	0.633134255039289	0.6612297272185695	2.812544123215555	0.224658847952479	0.8160862928018647	0.6526120280468102	0.11541412195004948	0.546228756495193	0.5330059321161494	1.2466911695770313	0.633134255039289	0.6612297272185695	2.812544123215555	0.224658847952479	0.8160862928018647	6.752964821883233	0.28761602584384494	0.19437233151615702	0.22323403069554787	0.2947776119444505	0.5681294201823921	118.77191660829538	-928.7058899339671	7.238311171699166E-4	0.9261451937172636	5.173238357980866E-4	3.0440626156170566E-7	0.9039227484886213
8460000	-9560.662008324285	-8644.002254687639	-916.6597536366465	-8485.255924637513	81.0772762076937	971.8937917816281	0.08822949948544002	0.43110275139938864	0.08961901711374483	0.008276563235573476	0.4027468548554761	0.3201485293600131	0.5858092399318118	0.10497992712095065	1.532063068321397	0.027565946312175037	0.377129839015293	0.43110275139938864	0.08961901711374483	0.008276563235573476	0.4027468548554761	0.3201485293600131	0.5858092399318118	0.10497992712095065	1.532063068321397	0.027565946312175037	0.377129839015293	5.800823882535248	0.3026079979987367	0.2033834467145584	0.19923094334225466	0.2947776119444505	0.5485272352883992	83.04015495863995	-909.0017656091511	8.904687012468607E-4	1.1293138136074845	5.608271305095448E-4	6.228941928509029E-7	1.150632664671639
8470000	-9582.906304370494	-8660.781373407113	-922.1249309633802	-8499.996211555806	71.59432569820024	965.9315372848945	0.09155021080658378	0.39895593897070847	0.06771098129155971	0.07757781798059837	0.4335373122421709	0.04128191466829236	0.8269459050551153	0.35145494127775095	2.0100288768157872	0.17349919987533288	0.23608683868237668	0.39895593897070847	0.06771098129155971	0.07757781798059837	0.4335373122421709	0.04128191466829236	0.8269459050551153	0.35145494127775095	2.0100288768157872	0.17349919987533288	0.23608683868237668	6.3656279698162965	0.3026079979987367	0.2033834467145584	0.19923094334225466	0.2947776119444505	0.5485272352883992	101.6436451923425	-913.8610110845948	8.057913129788989E-4	1.041125660388736	5.870358884883881E-4	7.064836758112684E-7	1.206716241284661
8480000	-9607.061992762798	-8646.033797734042	-961.0281950287554	-8489.705480060733	74.51742761560406	1090.917519001259	0.103889096536105	0.21441359743121732	0.30961596541428826	0.6556095346904338	3.8714918215845646	0.6900010272920883	1.7588551547133389	0.3829287675658572	5.09467072407298	0.22655835009086525	1.155567634392576	0.21441359743121732	0.30961596541428826	0.6556095346904338	3.8714918215845646	0.6900010272920883	1.7588551547133389	0.3829287675658572	5.09467072407298	0.22655835009086525	1.155567634392576	6.3656279698162965	0.3026079979987367	0.2033834467145584	0.19923094334225466	0.2947776119444505	0.5778790527035957	119.35334651633521	-943.9516412489828	6.295507896210449E-4	0.8422547330226064	5.04934793540107E-4	5.965054931398739E-7	1.3191709982173607
8490000	-9643.436238189084	-8667.218135997793	-976.2181021912917	-8500.104044313772	90.61014971049877	1294.8150875784197	0.08818368717312021	0.03542293325394205	0.10844990696872477	0.024350850195226738	0.17131433426653525	0.21590790474494886	0.25543330580964146	0.5136959776421579	1.9942738533427071	0.23523684726703578	0.27568106440556944	0.03542293325394205	0.10844990696872477	0.024350850195226738	0.17131433426653525	0.21590790474494886	0.25543330580964146	0.5136959776421579	1.9942738533427071	0.23523684726703578	0.27568106440556944	6.385543148638668	0.28862020214847534	0.2173712425648198	0.19923094334225466	0.2947776119444505	0.5778790527035957	130.61900490642893	-969.8175853933873	4.985212076294817E-4	0.8146978579316971	4.4065501256404765E-4	1.551100872355739E-7	0.7938431148890381
8500000	-9635.406336050688	-8672.659944461537	-962.7463915891507	-8500.276908235055	98.27901081823289	1305.0675943790418	0.08075881558409684	0.2519966177538856	0.0445650311208241	0.3277465343220891	0.1500375801809539	0.4057425332323215	2.286872799724489	0.03998361395184288	3.296242468042085	0.36164335803790376	0.46295441336667625	0.2519966177538856	0.0445650311208241	0.3277465343220891	0.1500375801809539	0.4057425332323215	2.286872799724489	0.03998361395184288	3.296242468042085	0.36164335803790376	0.46295441336667625	6.385543148638668	0.28862020214847534	0.2173712425648198	0.19923094334225466	0.2947776119444505	0.5778790527035957	138.34985644991588	-952.3347366636883	4.910916961708914E-4	0.8349931567385772	4.0189617983511333E-4	2.0135626104891455E-7	0.9071002127054094
8510000	-9673.126501279254	-8689.562730407708	-983.5637708715458	-8515.538098635065	91.4493440635687	1316.37681799205	0.12645913310853876	0.7782758808456702	0.007907270655104853	0.2406317656336933	1.3856371863619317	0.3335700375174429	3.325207687760318	1.7189478923922097	2.5554030332189184	0.9039103032339137	0.6327368965926958	0.7782758808456702	0.007907270655104853	0.2406317656336933	1.3856371863619317	0.3335700375174429	3.325207687760318	1.7189478923922097	2.5554030332189184	0.9039103032339137	0.6327368965926958	6.452530237819116	0.28862020214847534	0.2173712425648198	0.1914731667841084	0.3025353885025968	0.3854729649878621	135.89603933754162	-969.4828458789549	5.171890479425496E-4	0.8371311520130209	4.180646446535695E-4	2.2553386930837165E-7	0.960863079506895
8520000	-9640.378040398635	-8690.5244349993	-949.8536053993333	-8520.954536780751	93.11213392656163	1237.4921824183532	0.08554631835477747	0.24945529055521362	0.3345106259406894	0.34403394211606353	0.3941996690632195	0.7110486914511366	1.5888667024690226	0.014724375466276666	5.909686761544969	0.13150528998318908	0.4280069005015163	0.24945529055521362	0.3345106259406894	0.34403394211606353	0.3941996690632195	0.7110486914511366	1.5888667024690226	0.014724375466276666	5.909686761544969	0.13150528998318908	0.4280069005015163	6.452530237819116	0.3065852774392795	0.20552528431820316	0.1914731667841084	0.2964162714584093	0.5736207599587003	128.23840473787985	-937.1324828738537	5.326925505535385E-4	0.7677856183732755	4.668363492130992E-4	2.2501738653799777E-7	0.8807865489024735
8530000	-9663.549561251744	-8665.44646582602	-998.1030954257236	-8492.252983776454	96.92440496002982	1441.7867865290712	0.08666367499531662	0.0591206928810344	0.08017131540518532	0.12157150814080737	0.22144000214452808	0.3971517677869763	2.809270760912007	0.9164445476353622	1.8477591347400553	0.31742664172791424	0.10161572854515785	0.0591206928810344	0.08017131540518532	0.12157150814080737	0.22144000214452808	0.3971517677869763	2.809270760912007	0.9164445476353622	1.8477591347400553	0.31742664172791424	0.10161572854515785	6.813511625471123	0.3065852774392795	0.20552528431820316	0.1914731667841084	0.2964162714584093	0.5195260932961346	185.01715698678865	-988.5182407020114	3.8772793878381277E-4	0.7785408667244624	3.826673593799206E-4	1.1587132241552663E-7	0.8310242380503259
8540000	-9704.784243081609	-8703.614783842948	-1001.1694592386621	-8539.131427438837	93.14062389618219	1425.6197290154141	0.06340210659027508	0.032166326854985945	0.30858522946300376	0.45902681629429287	2.1987543292344416	0.7625200761658766	1.817043768060307	1.817927129334976	4.522017324483815	0.7340656804710758	1.8478849950474237	0.032166326854985945	0.30858522946300376	0.45902681629429287	2.1987543292344416	0.7625200761658766	1.817043768060307	1.817927129334976	4.522017324483815	0.7340656804710758	1.8478849950474237	6.813511625471123	0.3065852774392795	0.20552528431820316	0.1914731667841084	0.2964162714584093	0.5195260932961346	161.7356474244465	-984.5403743545418	3.5819307894104953E-4	0.5399023660350468	3.8223611435959205E-4	7.914740083446407E-8	0.7874478678819229
8550000	-9699.359475697667	-8697.858149667078	-1001.5013260305894	-8521.50776090942	116.4505640932968	1571.4663052051171	0.12409326577444732	0.1842542512947322	0.03552295627145262	0.7494349962567718	3.12517494409567	0.07604134007092178	1.099734289077669	0.9019798023192367	3.0451848107849044	0.07620946557450313	1.1976252010204576	0.1842542512947322	0.03552295627145262	0.7494349962567718	3.12517494409567	0.07604134007092178	1.099734289077669	0.9019798023192367	3.0451848107849044	0.07620946557450313	1.1976252010204576	6.383730828564053	0.3065852774392795	0.20552528431820316	0.1914731667841084	0.2964162714584093	0.5195260932961346	185.08233956180737	-989.4151840021925	3.902047879376038E-4	0.5874298544383028	3.4628848679936415E-4	9.90896177339678E-8	0.7950911775642927
8560000	-9725.407139295534	-8697.23984901577	-1028.1672902797632	-8532.951857713422	130.02654429806483	1851.9544386662797	0.08509226272651603	0.03979397868768526	0.040833961705046586	0.323332717311116	0.7540508668874231	0.3986758552740743	0.6053584933541748	0.6518935127476707	2.5513539949848525	0.1468780621436142	0.3703618413710726	0.03979397868768526	0.040833961705046586	0.323332717311116	0.7540508668874231	0.3986758552740743	0.6053584933541748	0.6518935127476707	2.5513539949848525	0.1468780621436142	0.3703618413710726	7.0865723618923075	0.3065852774392795	0.20552528431820316	0.1914731667841084	0.2964162714584093	0.41152473702351583	194.01438557259746	-1020.2445417837914	2.881455653607532E-4	0.6288520198605657	2.69762982284316E-4	2.9336882714059057E-8	0.6012265707520383
8570000	-9758.343520709208	-8701.822005870372	-1056.521514838836	-8538.673745314722	148.2780810260306	2008.6156390488145	0.053934292336918675	1.0111551682884883	0.24494733707421565	0.14660290118155794	0.10362434933895	0.5232611322542591	2.6402604025850773	0.7242320010154829	2.0120172709665662	0.23043184607227005	0.4186443409484054	1.0111551682884883	0.24494733707421565	0.14660290118155794	0.10362434933895	0.5232611322542591	2.6402604025850773	0.7242320010154829	2.0120172709665662	0.23043184607227005	0.4186443409484054	5.885576980284679	0.3065852774392795	0.20552528431820316	0.1914731667841084	0.2964162714584093	0.41152473702351583	266.1618048590903	-1045.2718803940638	3.1448475774934067E-4	0.7670573701282666	2.7464947086994646E-4	6.850330348856931E-8	0.8293287892502939
8580000	-9692.894841659298	-8692.885452230397	-1000.0093894289006	-8523.931916551737	144.45087776464905	1734.8521352277453	0.07628506909674637	0.2879682638465524	0.22417376769870156	0.2797796039566458	0.3053102381789734	0.3755928634630205	1.5904797779713578	0.015493748820113808	4.3135319364440825	0.554260632568201	0.48738397007840806	0.2879682638465524	0.22417376769870156	0.2797796039566458	0.3053102381789734	0.3755928634630205	1.5904797779713578	0.015493748820113808	4.3135319364440825	0.554260632568201	0.48738397007840806	5.828075411933569	0.2983878042178555	0.21372275753962716	0.1914731667841084	0.2964162714584093	0.4145363528506681	159.36593710591382	-989.0658499893666	3.979053470883912E-4	0.8242753752065323	3.076880799593886E-4	1.1283092072396041E-7	0.867765711201818
8590000	-9691.920650984272	-8694.66624785912	-997.2544031251515	-8524.023151167079	118.11698999633938	1594.090242270596	0.09341966127019007	0.28496801857072623	0.9759706113352798	0.2754530453431401	0.546419759643433	0.3174275292978554	1.8645594478985743	3.0743668025815754	6.79900181096581	0.728859419721915	0.33532691754577165	0.28496801857072623	0.9759706113352798	0.2754530453431401	0.546419759643433	0.3174275292978554	1.8645594478985743	3.0743668025815754	6.79900181096581	0.728859419721915	0.33532691754577165	7.131695907621777	0.2983878042178555	0.21372275753962716	0.1914731667841084	0.2964162714584093	0.4145363528506681	178.45648166903362	-979.7088551874283	4.1898353165050064E-4	0.7027513341660155	3.407356793011948E-4	1.2317370139515182E-7	0.8660255238880805
8600000	-9666.255234261309	-8687.779843939943	-978.4753903213651	-8517.691672406947	124.98163837862191	1603.0674942810458	0.07750355337737017	0.5745355230789884	0.10295805917580188	0.6421476228896301	0.9278999819779434	1.3609299871647977	0.1493209033231884	0.0680073305833834	3.384295830085589	0.10168260484343306	0.17844037145828917	0.5745355230789884	0.10295805917580188	0.6421476228896301	0.9278999819779434	1.3609299871647977	0.1493209033231884	0.0680073305833834	3.384295830085589	0.10168260484343306	0.17844037145828917	6.026059952396262	0.2983878042178555	0.21372275753962716	0.20419404246295295	0.28369539577956476	0.5363653227451056	153.2387114885411	-968.3315654595857	4.2829897158080954E-4	0.8325238470821219	3.3407639599014925E-4	1.09767691483998E-7	0.7858902140287353
8610000	-9652.503769788262	-8678.716954736048	-973.7868150522135	-8509.609169822781	116.44885014881427	1458.5550222084144	0.08325886166771762	0.0037994626065628533	0.34522523862487287	0.8794538068073979	1.0374727636674543	1.0502771510856022	0.9610973634852729	0.16274759010729742	3.9735440051523043	0.08391297738055285	0.8769018655635502	0.0037994626065628533	0.34522523862487287	0.8794538068073979	1.0374727636674543	1.0502771510856022	0.9610973634852729	0.16274759010729742	3.9735440051523043	0.08391297738055285	0.8769018655635502	5.834214904149442	0.2983878042178555	0.19876537312113687	0.21915142688144323	0.28369539577956476	0.4885691591584601	169.69247875011706	-961.5006630970565	5.496653301724858E-4	0.8545618125704413	4.085117833018774E-4	1.8612219342155026E-7	0.8600820402926451
8620000	-9654.27629260001	-8684.861393764346	-969.4148988356654	-8514.817536007135	132.33304917253136	1456.8907285465398	0.06871756611938276	0.48854803456644935	0.019658471881806316	0.6867235027467207	1.3615478565836405	0.6067928852608018	1.3057641363972472	0.20922709157195346	2.791535850511319	0.3542581421810652	0.10743125756401123	0.48854803456644935	0.019658471881806316	0.6867235027467207	1.3615478565836405	0.6067928852608018	1.3057641363972472	0.20922709157195346	2.791535850511319	0.3542581421810652	0.10743125756401123	5.834214904149442	0.28810545194019416	0.20904772539879823	0.21915142688144323	0.28369539577956476	0.5175089601569994	147.55759102619405	-958.7015362883766	5.171638389076268E-4	0.8072787138507465	3.866760544241279E-4	1.7782313411076073E-7	0.8778025282438413
8630000	-9650.087582072902	-8659.815594064923	-990.2719880079785	-8489.786291165437	106.86149679127307	1494.1294424005996	0.10053002828317982	0.8054101885719848	0.04563349978844826	0.17741475838955287	0.30488955483365826	0.28094652804200754	2.0671549234413766	1.9523956993444904	2.243619204372802	0.4874310493125582	0.4010097552401745	0.8054101885719848	0.04563349978844826	0.17741475838955287	0.30488955483365826	0.28094652804200754	2.0671549234413766	1.9523956993444904	2.243619204372802	0.4874310493125582	0.4010097552401745	5.834214904149442	0.28810545194019416	0.20904772539879823	0.21915142688144323	0.28369539577956476	0.5175089601569994	158.539814388341	-979.1026158398372	5.172691675710503E-4	0.8130199269867995	3.6446511132471937E-4	2.2379033458031888E-7	0.9770397245428304
8640000	-9630.71871437514	-8662.776347817256	-967.9423665578828	-8490.020123570093	109.97874421822286	1384.4848804446676	0.11511861718265044	0.00804592059104245	0.019832441878483174	0.3587475493023376	0.26217734913471324	1.0674219400701603	1.628755476552424	0.34452472458125166	3.771917272259502	0.357847999653236	0.4316561870507429	0.00804592059104245	0.019832441878483174	0.3587475493023376	0.26217734913471324	1.0674219400701603	1.628755476552424	0.34452472458125166	3.771917272259502	0.357847999653236	0.4316561870507429	5.688158685274865	0.28810545194019416	0.20904772539879823	0.21915142688144323	0.28369539577956476	0.5175089601569994	113.63608138104335	-957.7081144802254	5.835299454395227E-4	0.7976752707607669	4.080936148823177E-4	2.8026940637180074E-7	0.9474657541713605
8650000	-9664.934446325928	-8691.132416285709	-973.8020300402178	-8527.81463017382	129.22214286179354	1507.8575155385383	0.10841742140539533	0.13678975935667298	0.2820430501332951	0.7717126347471363	0.4919861655643291	1.5854417236811775	0.226949326276437	0.4973862905915386	9.95619958101789	1.5131491668409536	0.3540970594410525	0.13678975935667298	0.2820430501332951	0.7717126347471363	0.4919861655643291	1.5854417236811775	0.226949326276437	0.4973862905915386	9.95619958101789	1.5131491668409536	0.3540970594410525	5.897753024721104	0.28810545194019416	0.2255228191482096	0.20267633313203187	0.28369539577956476	0.5175089601569994	152.13037588530798	-955.3410600647553	5.518778093174595E-4	0.8974215325047762	3.583577426565021E-4	2.617942971556483E-7	1.048643561081347
8660000	-9690.199051952253	-8675.394747792347	-1014.8043041599063	-8513.087294834393	162.3089308909124	1926.1351545483963	0.08601854404235842	0.013566448111052787	0.05294516929801521	0.06928542846361235	0.3130643854884213	0.5911708120913389	1.5434899153552575	0.48019056184145065	5.664256070641756	0.7304670777090484	0.198092217486433	0.013566448111052787	0.05294516929801521	0.06928542846361235	0.3130643854884213	0.5911708120913389	1.5434899153552575	0.48019056184145065	5.664256070641756	0.7304670777090484	0.198092217486433	7.13842840150757	0.28810545194019416	0.2255228191482096	0.20267633313203187	0.28369539577956476	0.5175089601569994	198.3132304478149	-1001.5793936009024	5.088457848074307E-4	0.9590460768459723	3.012413085813032E-4	1.910672858663695E-7	1.0195110021541756
8670000	-9687.076584986993	-8676.039185039534	-1011.0373999474591	-8511.058856316975	158.63280425831348	1779.041450484372	0.06849542896638242	0.538604116047109	0.023723446043241527	0.4434710474479871	0.3569526210992278	0.38899660449207224	0.7034431071966561	0.037042420692910874	2.385329114606858	0.1367263088739178	0.22964925903802683	0.538604116047109	0.023723446043241527	0.4434710474479871	0.3569526210992278	0.38899660449207224	0.7034431071966561	0.037042420692910874	2.385329114606858	0.1367263088739178	0.22964925903802683	5.641278552880761	0.28810545194019416	0.2255228191482096	0.20267633313203187	0.28369539577956476	0.5175089601569994	205.25693488221822	-1002.4988799437679	4.861979266315274E-4	0.8988311867548631	3.1684324369484965E-4	1.9871099388570105E-7	1.0003557695670915
8680000	-9641.608464698471	-8666.818428663855	-974.7900360346165	-8493.931133024647	136.66524958883335	1513.205057123855	0.0761632412540976	1.057359738726469	0.022375213433817615	0.30820313630382346	2.137233519520622	1.744879777896209	0.5410845154444243	0.6861065377926556	5.431550431949711	1.1677768443875176	1.06971942787617	1.057359738726469	0.022375213433817615	0.30820313630382346	2.137233519520622	1.744879777896209	0.5410845154444243	0.6861065377926556	5.431550431949711	1.1677768443875176	1.06971942787617	6.641033193825347	0.28810545194019416	0.2255228191482096	0.20267633313203187	0.28369539577956476	0.6865068995343092	133.52150793699084	-956.7521620055903	6.181496900329782E-4	1.0423987214894506	3.607428899357286E-4	3.53809788905103E-7	1.1160406263666764
8690000	-9650.38993175959	-8676.830037263677	-973.559894495913	-8509.543061821185	122.52951968530178	1488.2542877590295	0.08862910210165724	0.16221691703273863	0.011223379097869626	0.48144371154018345	2.720238936276653	0.4961858582216251	0.7123953881391841	0.08573675617301203	3.7271527837119534	0.5266465697712692	0.29608451326015034	0.16221691703273863	0.011223379097869626	0.48144371154018345	2.720238936276653	0.4961858582216251	0.7123953881391841	0.08573675617301203	3.7271527837119534	0.5266465697712692	0.29608451326015034	6.641033193825347	0.28810545194019416	0.2255228191482096	0.2160213337678196	0.270350395143777	0.5327210430717766	140.06423209225522	-961.7883393727658	5.478719764704762E-4	0.7777808625731895	3.653126622017441E-4	3.1635222321756466E-7	1.083650782212337
8700000	-9665.55176920273	-8676.62784378879	-988.9239254139392	-8517.371087442749	113.59906102206796	1473.4926574654646	0.09354042680445132	0.5561965000021732	0.4568632142682869	0.5235805435435414	0.16095805435672872	0.7838739424001139	0.29772569138812666	0.5475505098251872	5.988456651708239	0.28209518144803586	1.0986614873150238	0.5561965000021732	0.4568632142682869	0.5235805435435414	0.16095805435672872	0.7838739424001139	0.29772569138812666	0.5475505098251872	5.988456651708239	0.28209518144803586	1.0986614873150238	6.943085199336026	0.28810545194019416	0.2255228191482096	0.20962815725096623	0.27674357166063035	0.4215538693724001	151.41346370271953	-975.6560707329903	4.5804447903865874E-4	0.8477804680824168	3.303121108248856E-4	1.9896854865495575E-7	1.0485975229879925
8710000	-9644.495368066244	-8665.703152197151	-978.7922158690933	-8506.87611964213	123.09381497825402	1450.3448646499862	0.06730803691128417	1.26157546043325	0.42945160983140446	0.3543338884656575	0.6574753016217647	1.1289237029788137	3.4646691911571383	0.2920783689003551	4.084213621301313	0.36370061721745633	0.3051635195183167	1.26157546043325	0.42945160983140446	0.3543338884656575	0.6574753016217647	1.1289237029788137	3.4646691911571383	0.2920783689003551	4.084213621301313	0.36370061721745633	0.3051635195183167	5.693348976093226	0.28810545194019416	0.2255228191482096	0.20962815725096623	0.27674357166063035	0.4215538693724001	154.74735797272143	-963.4857117926116	4.385626433852249E-4	0.9448217561472217	3.53787448678616E-4	1.9536031850763684E-7	1.0475408946073608
8720000	-9642.289103279558	-8659.004663199386	-983.2844400801722	-8497.302617237123	114.00806919499793	1490.6982198835017	0.061757700075768494	0.4284038462081488	0.2714796364421983	0.141511224498644	0.16764137413447486	0.7399393072234738	0.899789941849756	0.15704799876489342	2.324509512139582	0.3145806297096307	0.1978136491599208	0.4284038462081488	0.2714796364421983	0.141511224498644	0.16764137413447486	0.7399393072234738	0.899789941849756	0.15704799876489342	2.324509512139582	0.3145806297096307	0.1978136491599208	7.781791246737782	0.3051713499704455	0.2255228191482096	0.19991248590708846	0.26939334497425677	0.5290872812164149	156.97945995722674	-973.3465081088335	4.471124803894011E-4	1.1168485385688705	3.668085106855673E-4	2.0446456749232016E-7	1.0254877254745336
8730000	-9646.064510810542	-8687.19265252471	-958.8718582858311	-8517.67002419499	128.85027703056932	1396.8429523413174	0.08632236795868455	0.03124545020540055	0.36150681738275964	0.19047850241347306	0.6953085261230382	0.31724082624499517	1.1469537996171704	0.3802889518775239	2.6981328301035052	0.7397743891646451	0.5849557460725225	0.03124545020540055	0.36150681738275964	0.19047850241347306	0.6953085261230382	0.31724082624499517	1.1469537996171704	0.3802889518775239	2.6981328301035052	0.7397743891646451	0.5849557460725225	6.661836313407753	0.3051713499704455	0.2255228191482096	0.19991248590708846	0.26939334497425677	0.7044478717291894	132.13427230655697	-948.5417873498559	4.913532079340027E-4	0.9474908539086457	3.92928481497581E-4	2.331636286091185E-7	1.0049103118560658
8740000	-9590.428640374143	-8677.992407517777	-912.4362328563649	-8514.70691087551	91.66970249072686	1060.202617439363	0.10007579351544077	0.8910257604550813	0.097171574175806	0.41524617640514266	0.36583628197547574	1.0674432551907356	1.399221929739193	0.36887553569441406	5.274567360579452	0.36434323741000396	0.09275414496135342	0.8910257604550813	0.097171574175806	0.41524617640514266	0.36583628197547574	1.0674432551907356	1.399221929739193	0.36887553569441406	5.274567360579452	0.36434323741000396	0.09275414496135342	6.183545356664362	0.3051713499704455	0.2255228191482096	0.19991248590708846	0.26939334497425677	0.40638839559241946	105.59304232152707	-899.4932331475778	6.316790551301279E-4	0.9243958640797773	5.505231491173151E-4	4.2385116895735573E-7	1.007068922634027
8750000	-9585.180477568227	-8676.86908017397	-908.3113973942557	-8515.993080167116	83.20031414728277	1034.8849726066007	0.09572459276640821	0.13908352580887548	0.014567788716324515	0.3939290107128632	0.24380296947470448	0.9345024376285722	1.5568773277589871	0.014631542353040199	4.623696601466819	0.19540781046357025	0.16139009484417516	0.13908352580887548	0.014567788716324515	0.3939290107128632	0.24380296947470448	0.9345024376285722	1.5568773277589871	0.014631542353040199	4.623696601466819	0.19540781046357025	0.16139009484417516	6.183545356664362	0.29629421233107867	0.2255228191482096	0.19991248590708846	0.2782704826136236	0.4159005485094983	95.36191650900129	-897.7484732816281	6.036531438677765E-4	0.8571045620128854	5.373525273983281E-4	4.935922644844651E-7	1.0635411732322524
8760000	-9639.530968872266	-8694.193636229527	-945.3373326427394	-8527.868640459788	103.83977557639012	1228.8795270848657	0.08522903143133555	0.7787577372171892	0.13381379325985562	1.7999388838016726	0.12355623314365934	1.877269035223105	1.1742442978887793	0.7679177513497852	4.186025362764757	0.4961475911154552	0.006692102426302515	0.7787577372171892	0.13381379325985562	1.7999388838016726	0.12355623314365934	1.877269035223105	1.1742442978887793	0.7679177513497852	4.186025362764757	0.4961475911154552	0.006692102426302515	6.183545356664362	0.28996114244592147	0.2255228191482096	0.20624555579224566	0.2782704826136236	0.4159005485094983	115.62389372696657	-931.5989547100853	5.82449393172432E-4	0.810928819236063	4.540124693278372E-4	4.055014381980589E-7	1.0971642993977984
8770000	-9621.18037426836	-8671.546759377197	-949.6336148911624	-8509.230386711553	101.04872369946335	1266.580824252762	0.08037444582883033	0.1453739281060876	0.09116394247742933	0.6599759198196102	0.4540820393755701	0.7937028342276374	1.2836772545302344	0.17843590695867223	2.7885453151146944	0.013143097734606847	0.6049717905510328	0.1453739281060876	0.09116394247742933	0.6599759198196102	0.4540820393755701	0.7937028342276374	1.2836772545302344	0.17843590695867223	2.7885453151146944	0.013143097734606847	0.6049717905510328	6.183545356664362	0.28996114244592147	0.2255228191482096	0.20624555579224566	0.2782704826136236	0.5478064163003303	128.66542568687316	-939.9504023538046	5.257545675625933E-4	0.8386174147245434	4.2217385014732767E-4	2.7087823079028543E-7	0.9489587369614729
8780000	-9612.919039479786	-8668.74715299611	-944.1718864836761	-8499.343800319491	109.08664543992552	1276.498281967479	0.09164560422649434	0.9652693651384753	0.6060283586622729	0.47681340502307945	1.198082824001739	1.67314754183214	0.9564603637784868	0.6282824922223227	3.572730317924393	0.009741357140472605	0.549077988044546	0.9652693651384753	0.6060283586622729	0.47681340502307945	1.198082824001739	1.67314754183214	0.9564603637784868	0.6282824922223227	3.572730317924393	0.009741357140472605	0.549077988044546	6.826904640286949	0.28996114244592147	0.21403287211805594	0.2177355028223993	0.2782704826136236	0.4710313760693482	123.83199372586863	-930.3997251361253	5.955772639234684E-4	0.9796429283193416	4.5339349442084044E-4	3.041785399675158E-7	0.9186695792143224
8790000	-9674.146036618027	-8668.051846080512	-1006.0941905375154	-8503.502436672012	127.46791655046154	1667.5079989628262	0.053127031330569216	0.0583986553387971	0.061568862953074774	1.0482097597064617	0.7211173408078337	0.5958665075869489	1.2722105826828851	0.42843978401625127	4.738714230190568	1.1302063486036869	0.04348777332802407	0.0583986553387971	0.061568862953074774	1.0482097597064617	0.7211173408078337	0.5958665075869489	1.2722105826828851	0.42843978401625127	4.738714230190568	1.1302063486036869	0.04348777332802407	6.826904640286949	0.28996114244592147	0.21403287211805594	0.2177355028223993	0.2782704826136236	0.4710313760693482	174.53166475889162	-992.0981971253965	4.5099339962222947E-4	0.9800021218443595	3.622572768596164E-4	1.263136978039356E-7	0.8375050065842207
8800000	-9667.9693325907	-8667.49491472884	-1000.4744178618587	-8504.485293182399	125.50771750178865	1532.4495463427997	0.07027064629735605	1.4420953433247883	0.1486594998515403	0.6210465794834766	3.0953320561778006	3.8321541788821736	2.76215988132895	0.3409848944174509	7.493861948119273	0.8620448663596407	0.2685715689084844	1.4420953433247883	0.1486594998515403	0.6210465794834766	3.0953320561778006	3.8321541788821736	2.76215988132895	0.3409848944174509	7.493861948119273	0.8620448663596407	0.2685715689084844	6.826904640286949	0.28996114244592147	0.21403287211805594	0.2177355028223993	0.2782704826136236	0.40799902960005935	186.28895232347233	-976.4099652250712	4.444601413526264E-4	0.8873535545527158	3.625464512432491E-4	1.7267074102260825E-7	0.9662040387721187
8810000	-9681.243717916073	-8690.74093410092	-990.5027838151536	-8524.594258405992	117.63251978376022	1439.3013000151298	0.09045358958773599	0.6536500411830254	1.8000398067214285	1.7263734731999532	0.08019328906560232	1.7342198480568434	2.0798892730332112	0.6397656006188799	8.940020748264159	0.14250473137926264	1.3247747645645076	0.6536500411830254	1.8000398067214285	1.7263734731999532	0.08019328906560232	1.7342198480568434	2.0798892730332112	0.6397656006188799	8.940020748264159	0.14250473137926264	1.3247747645645076	6.826904640286949	0.28996114244592147	0.21403287211805594	0.2177355028223993	0.2782704826136236	0.40799902960005935	147.29222109119533	-968.8919201146094	4.887520192995838E-4	0.8072688294860807	4.018283719270002E-4	1.7303260732364413E-7	0.9124663310778599
8820000	-9635.48438940175	-8693.511671849232	-941.9727175525186	-8526.325456441831	98.23262132075831	1176.504169064009	0.0932660701832534	0.9453111831887301	0.29106334542975165	0.9702830689206596	0.4596650436830161	1.1586325139920153	1.4261270517632338	0.8725619738654948	2.5631925322600533	0.7473021682897297	1.4553229636433773	0.9453111831887301	0.29106334542975165	0.9702830689206596	0.4596650436830161	1.1586325139920153	1.4261270517632338	0.8725619738654948	2.5631925322600533	0.7473021682897297	1.4553229636433773	6.826904640286949	0.28996114244592147	0.222155619189456	0.20719794470953076	0.2806852936550921	0.5251088150220532	111.04245333997692	-928.9279927330991	5.195427340524651E-4	0.7413482627874372	4.491027883452006E-4	1.5938226637175705E-7	0.7817790177160754
8830000	-9622.86294298371	-8689.770269206532	-933.0926737771762	-8519.385469101593	99.64416717925926	1147.9363287507092	0.1556707551676785	1.1691356058916702	0.12545318797356278	1.1494612456346391	0.44214684540844856	1.4195419510111091	0.6414530735181077	1.1190170175160374	6.107135240839468	1.1257804527312951	0.11460327589742156	1.1691356058916702	0.12545318797356278	1.1494612456346391	0.44214684540844856	1.4195419510111091	0.6414530735181077	1.1190170175160374	6.107135240839468	1.1257804527312951	0.11460327589742156	6.826904640286949	0.28996114244592147	0.222155619189456	0.20719794470953076	0.2806852936550921	0.49952134242046836	120.74687217700271	-917.8040035130624	5.868345974476904E-4	0.7490188507885212	4.888712013060344E-4	2.7530291412375275E-7	0.8993627742530816
8840000	-9593.105514094668	-8672.572978336511	-920.5325357581571	-8508.047543742816	95.31506646067135	1121.5880662291456	0.0789219818666823	0.13258608466646898	0.12804243400076973	0.452006053391097	0.017013391677735853	1.4186498679893822	0.5591049362289845	0.12734026225324505	3.4296352224451048	0.09691127968229389	0.4823215163732616	0.13258608466646898	0.12804243400076973	0.452006053391097	0.017013391677735853	1.4186498679893822	0.5591049362289845	0.12734026225324505	3.4296352224451048	0.09691127968229389	0.4823215163732616	5.835573155621818	0.28996114244592147	0.222155619189456	0.20719794470953076	0.2806852936550921	0.6153140436457403	109.94639451644446	-910.9100609587666	6.072285858104944E-4	0.8643586659171504	4.79451856191222E-4	4.775719786019072E-7	1.069224731736843
8850000	-9613.355008318618	-8676.391182030424	-936.9638262881946	-8509.369302335945	90.95332257989911	1078.5243830574598	0.09816801373887561	0.024660331534797377	0.4291718017551244	0.23844753167135826	0.9939981035636771	1.676796351479347	4.074849887362744	0.806187965646133	6.954687208935369	0.6183865029852722	0.23598061161130177	0.024660331534797377	0.4291718017551244	0.23844753167135826	0.9939981035636771	1.676796351479347	4.074849887362744	0.806187965646133	6.954687208935369	0.6183865029852722	0.23598061161130177	5.791979638103231	0.28996114244592147	0.222155619189456	0.20719794470953076	0.2806852936550921	0.48890434083215595	117.7147082445015	-918.5416485519415	6.181240177005007E-4	0.8318108455545781	5.436956316083912E-4	4.195689108385264E-7	1.011587635043027
8860000	-9571.192729089173	-8667.323891862283	-903.86883722689	-8500.044754569584	88.80674887460808	1017.2355786569434	0.10643764470415935	2.7947732355021735	0.07967822237333345	0.047270725111692925	0.4915193010054533	0.26904492070647973	1.31180774154581	0.6355187966623906	2.255897491157872	0.6795091349617551	0.98971648894034	2.7947732355021735	0.07967822237333345	0.047270725111692925	0.4915193010054533	0.26904492070647973	1.31180774154581	0.6355187966623906	2.255897491157872	0.6795091349617551	0.98971648894034	6.132538387848714	0.29824700396844595	0.21386975766693153	0.20719794470953076	0.2806852936550921	0.48890434083215595	84.48999342263154	-892.2869173136635	6.107102709716312E-4	0.8252416393427406	5.377583327186167E-4	3.8078147285706075E-7	0.9925988268808799
8870000	-9600.002749553556	-8673.024115883625	-926.9786336699306	-8511.662376500943	105.05558380083747	1169.891085678191	0.13775699705253455	0.4486241196900846	0.5125250805745671	0.24847368851631124	0.7244931233735867	0.41906705133954064	5.778193397026621	0.08714192758898069	2.924296223587848	0.7522204521179611	0.5222777225462087	0.4486241196900846	0.5125250805745671	0.24847368851631124	0.7244931233735867	0.41906705133954064	5.778193397026621	0.08714192758898069	2.924296223587848	0.7522204521179611	0.5222777225462087	7.301998356808637	0.29824700396844595	0.21386975766693153	0.20719794470953076	0.2806852936550921	0.48890434083215595	115.3732897241033	-912.3126535337839	5.829983347524734E-4	0.8094383819977843	4.870435205344191E-4	4.1100593588847054E-7	1.035346898779009
8880000	-9629.040442036761	-8681.189526588576	-947.8509154481858	-8520.36039463749	130.68826799617472	1321.1627206797111	0.08972712352096283	0.8823535159987932	0.3854467282003144	1.2092587224906413	0.711358228583712	0.7656181814508894	2.263329133615037	0.24944043573644123	5.552831024463671	0.09855287415483244	1.178438288949617	0.8823535159987932	0.3854467282003144	1.2092587224906413	0.711358228583712	0.7656181814508894	2.263329133615037	0.24944043573644123	5.552831024463671	0.09855287415483244	1.178438288949617	5.892043836187882	0.2817754137705256	0.21386975766693153	0.22366953490745106	0.2806852936550921	0.5619786429266117	111.92559387627439	-932.185428121266	5.618537543558146E-4	0.8312193624988252	4.284127450066039E-4	3.3804410305277204E-7	1.0155419542347646
8890000	-9614.188485084796	-8674.08715831075	-940.1013267740467	-8512.230113879137	109.21843658577096	1225.6088228525996	0.0904726043445758	2.012085512037471	0.14781893508580135	0.13042601668112844	1.0838196790445658	1.5226526372337552	1.094911273126023	0.2674552491907112	4.198679490511453	0.33138149146404566	0.36159426871762285	2.012085512037471	0.14781893508580135	0.13042601668112844	1.0838196790445658	1.5226526372337552	1.094911273126023	0.2674552491907112	4.198679490511453	0.33138149146404566	0.36159426871762285	6.026745764234253	0.28559466247992954	0.21005050895752764	0.22366953490745106	0.2806852936550921	0.5619786429266117	111.92941060300119	-926.4775512821981	6.254769882091902E-4	0.8091877263415221	4.974045817884739E-4	4.324908614636386E-7	1.0027894403920679
8900000	-9614.366797483413	-8702.831743705527	-911.535053777886	-8542.10300218282	116.6333528882963	1116.8671058618843	0.10081521477536498	0.12935204069757728	0.6865792319389694	0.510941222437367	0.047989704245987586	0.6511940214434312	0.794630878086325	0.01699374388057077	4.910171086004855	0.010715555860338826	0.8350494647600493	0.12935204069757728	0.6865792319389694	0.510941222437367	0.047989704245987586	0.6511940214434312	0.794630878086325	0.01699374388057077	4.910171086004855	0.010715555860338826	0.8350494647600493	6.026745764234253	0.28559466247992954	0.21005050895752764	0.22366953490745106	0.2806852936550921	0.5619786429266117	93.95624744572814	-901.0909085457151	5.642497945490511E-4	0.7491858277798638	4.837224577120757E-4	2.9403706843237073E-7	0.96195808924106
8910000	-9632.200506214038	-8698.429068451873	-933.7714377621643	-8539.584621788425	96.4297830804891	1086.2765698804608	0.11989894758957248	0.5591737343789581	0.03012856985393832	0.32341762174034727	1.280058165951383	0.157389013996904	1.218109969830207	0.4029647556285798	3.2835573837017016	0.1578053475600534	0.675665007555835	0.5591737343789581	0.03012856985393832	0.32341762174034727	1.280058165951383	0.157389013996904	1.218109969830207	0.4029647556285798	3.2835573837017016	0.1578053475600534	0.675665007555835	6.900442407590825	0.3007818880343929	0.21005050895752764	0.22366953490745106	0.26549806810062876	0.482633852855925	104.50899077833965	-923.5011084396208	6.305931805034693E-4	0.7875414252000923	5.358958407417572E-4	4.250112139665363E-7	0.9924869895197639
8920000	-9584.743655284563	-8675.251574364622	-909.4920809199415	-8514.920839881197	109.36144053175275	1092.2259871154095	0.10053335790665051	0.480617924747537	0.09701974475608523	0.4760499212596699	1.3480481209650153	1.236807705929636	0.8515587684333535	0.055959270770742954	4.43071452741828	0.3323393995047893	0.02590554342432434	0.480617924747537	0.09701974475608523	0.4760499212596699	1.3480481209650153	1.236807705929636	0.8515587684333535	0.055959270770742954	4.43071452741828	0.3323393995047893	0.02590554342432434	6.900442407590825	0.3007818880343929	0.22738534893081505	0.20633469493416365	0.26549806810062876	0.482633852855925	78.33404600747538	-897.8581056345563	7.009501235773701E-4	0.809116652863124	5.619292738911696E-4	4.781596582325453E-7	0.9116731213024639
8930000	-9609.764801279587	-8687.498648974182	-922.2661523054045	-8518.73267386758	103.69622882555042	1097.4180178862057	0.13205442041346016	0.6291843744530631	0.0793995768447995	1.9277502633237	2.7729751044971076	0.8003654445827665	1.8473980898583269	0.12252761735989878	5.065279051239486	0.48431972375194926	1.092463907209447	0.6291843744530631	0.0793995768447995	1.9277502633237	2.7729751044971076	0.8003654445827665	1.8473980898583269	0.12252761735989878	5.065279051239486	0.48431972375194926	1.092463907209447	6.07685202712381	0.3146731978918343	0.20998566042117847	0.20633469493416365	0.2690064467528239	0.43143583333671226	102.79184023792702	-905.5042334994563	6.483989182894547E-4	0.7911106047743267	5.178129088579479E-4	3.8481509514265313E-7	0.9566614880122413
8940000	-9655.835184629103	-8704.538512314022	-951.2966723150796	-8546.765433119075	130.55427987323156	1221.6732467911893	0.06642265980393126	0.4253447754523525	0.04337311790026476	1.6273833796478412	0.72130440024564	1.0178074415278793	3.2630283382549976	0.13230161708050603	4.78901394321893	1.197478901846789	1.9285004068245812	0.4253447754523525	0.04337311790026476	1.6273833796478412	0.72130440024564	1.0178074415278793	3.2630283382549976	0.13230161708050603	4.78901394321893	1.197478901846789	1.9285004068245812	6.07685202712381	0.2988106172908421	0.20998566042117847	0.22219727553515584	0.2690064467528239	0.43143583333671226	119.0304699341259	-933.3797828563752	5.352258020637247E-4	0.8539638656816866	4.5551277808974393E-4	1.904871545495578E-7	0.827838693708616
8950000	-9635.809134939365	-8682.463781150547	-953.3453537888176	-8514.620599731621	123.2785904995996	1289.9239018421667	0.08719983864711399	0.11989012000100642	0.14890586444854412	0.7940244336668522	0.2259418757660175	1.0171013120172254	1.0843115925327511	0.0028778758296092626	1.4316515228352598	1.171246333981517	0.6445539093158653	0.11989012000100642	0.14890586444854412	0.7940244336668522	0.2259418757660175	1.0171013120172254	1.0843115925327511	0.0028778758296092626	1.4316515228352598	1.171246333981517	0.6445539093158653	5.857820955486105	0.2988106172908421	0.20998566042117847	0.22219727553515584	0.2690064467528239	0.4784830023953751	135.3474320742215	-944.4130609095296	4.7872517352926875E-4	0.8144859165769588	4.07981397852466E-4	1.6421189130295517E-7	0.8280916965389569
8960000	-9639.241364435718	-8704.658794757293	-934.5825696784243	-8532.94982732257	102.78208665319602	1154.8998816251108	0.0884833408481818	0.29242149221552977	0.15188053856255043	1.1795279491493362	0.07059594090130153	1.4481898246666627	0.361195006967535	1.1880453852377304	3.470916316037407	0.9462554061565078	3.0809447333333853	0.29242149221552977	0.15188053856255043	1.1795279491493362	0.07059594090130153	1.4481898246666627	0.361195006967535	1.1880453852377304	3.470916316037407	0.9462554061565078	3.0809447333333853	6.998598458804819	0.2988106172908421	0.20998566042117847	0.22219727553515584	0.2690064467528239	0.6330398405041894	104.87305312412848	-919.6075525863133	5.745733379018019E-4	0.8543350928630582	4.947567331807479E-4	2.506943733390762E-7	0.8704626618386556
8970000	-9581.626567580839	-8663.840033943254	-917.7865336375862	-8502.924135405574	125.05039896852409	1125.2988469337522	0.1342213703878946	1.897464672494237	0.0451187981577608	0.6049191953585997	0.8423545458663514	1.4004184965602686	0.7993552421737993	0.25812687119375893	1.9780680602479457	0.11013894051419784	0.04002598940163815	1.897464672494237	0.0451187981577608	0.6049191953585997	0.8423545458663514	1.4004184965602686	0.7993552421737993	0.25812687119375893	1.9780680602479457	0.11013894051419784	0.04002598940163815	5.94130826306334	0.2988106172908421	0.20998566042117847	0.22219727553515584	0.2690064467528239	0.42171253398546515	107.60572206360675	-907.0926585829721	6.814548198310955E-4	1.0436798686343103	5.406358640095524E-4	3.317407033642225E-7	0.8753969496912231
8980000	-9596.012227126574	-8671.414906144348	-924.5973209822256	-8513.510809467934	119.99177675990525	1151.8732545095113	0.10083755536990643	0.37140474709467647	0.24797034116170572	0.323547526897562	0.25701040510472317	0.9269891749632817	0.21158849778571934	0.19646614767043102	4.147163696588133	0.0470750652672991	0.5658533948609643	0.37140474709467647	0.24797034116170572	0.323547526897562	0.25701040510472317	0.9269891749632817	0.21158849778571934	0.19646614767043102	4.147163696588133	0.0470750652672991	0.5658533948609643	6.102662283339821	0.2965428052668445	0.20998566042117847	0.22219727553515584	0.2712742587768215	0.5772383137391895	94.65526676381735	-914.6104448302963	6.165158579267148E-4	0.9637044289459119	4.97228416508782E-4	3.5084414027161665E-7	0.9488999997037617
8990000	-9644.149726382733	-8695.997834799413	-948.151891583321	-8522.983522633895	113.34829973969144	1252.8472028622527	0.1630901682289208	0.10442848155975484	0.13942388781243764	0.2117671217007057	1.0155159196586216	0.8293079428914628	0.7675845657270145	2.7923026767105616	3.25299136363778	0.060512393746670286	0.21433486653382725	0.10442848155975484	0.13942388781243764	0.2117671217007057	1.0155159196586216	0.8293079428914628	0.7675845657270145	2.7923026767105616	3.25299136363778	0.060512393746670286	0.21433486653382725	6.48186716793712	0.2965428052668445	0.20998566042117847	0.22219727553515584	0.2712742587768215	0.5772383137391895	131.12346399047675	-936.5713187680374	5.34393478755002E-4	0.8732939381217815	4.046644140383964E-4	1.9744409296051172E-7	0.9319494786221852
9000000	-9602.293984153112	-8684.955089060735	-917.3388950923768	-8514.605494977124	107.3496339353148	1113.5301447155498	0.11206165265798215	0.41455999235332713	0.12231176970372219	1.3299180125205299	1.656642726178726	0.7851609641639579	0.42189533239530524	0.05254582898457908	2.182203978675533	0.2592138250051505	0.5535312250245225	0.41455999235332713	0.12231176970372219	1.3299180125205299	1.656642726178726	0.7851609641639579	0.42189533239530524	0.05254582898457908	2.182203978675533	0.2592138250051505	0.5535312250245225	6.707244210642495	0.2965428052668445	0.20998566042117847	0.22219727553515584	0.2712742587768215	0.5070479495342636	91.45587921437496	-907.1723904411737	6.285444960082578E-4	0.8812760956559584	4.943999258128892E-4	3.054263155043038E-7	0.9127671816047503
9010000	-9607.588927637837	-8663.68842663875	-943.9005009990863	-8502.673530591364	103.23900023630138	1173.5530379151799	0.09290667918621133	0.5267017075504152	0.04942555009903339	0.536717429502282	1.5675285129124077	0.9581167764628491	0.6923525353361132	0.4021067363097267	2.5961954653035995	0.2985070941883079	0.09457252779542669	0.5267017075504152	0.04942555009903339	0.536717429502282	1.5675285129124077	0.9581167764628491	0.6923525353361132	0.4021067363097267	2.5961954653035995	0.2985070941883079	0.09457252779542669	6.846732994943791	0.2965428052668445	0.20998566042117847	0.20599379586049196	0.28747773845148533	0.5070479495342636	112.86025483271304	-933.5798851562165	5.826650643059989E-4	0.8196759713163436	4.673004820419425E-4	2.5095098826374514E-7	0.8832737462029469
9020000	-9632.063674472942	-8671.605504189056	-960.4581702838864	-8506.632576769141	103.14930650250929	1295.0517520885796	0.08151296703703086	0.03932097425190671	0.026096217619118643	1.3154323156735026	0.34497240128052814	0.23212041751611906	0.3664397547433312	0.012239094411167153	2.970703826824986	0.2018540120418147	1.0266546175515066	0.03932097425190671	0.026096217619118643	1.3154323156735026	0.34497240128052814	0.23212041751611906	0.3664397547433312	0.012239094411167153	2.970703826824986	0.2018540120418147	1.0266546175515066	5.889810391637135	0.2965428052668445	0.20998566042117847	0.20599379586049196	0.28747773845148533	0.5070479495342636	132.20864467998248	-951.4927665955845	5.314154188006744E-4	0.7755626214256254	4.658837371407112E-4	2.558731223797424E-7	0.9245512102661552
9030000	-9646.29249865298	-8699.932903626692	-946.3595950262879	-8536.47274525221	106.89357480043637	1201.1819196772528	0.09839674483140273	0.07205621435255087	0.13055901188510277	0.8989647129300028	2.216689586750349	0.9789770865578689	0.5653885059956326	0.4528923912469808	5.028870550258573	0.05675879024440282	1.0972678841587522	0.07205621435255087	0.13055901188510277	0.8989647129300028	2.216689586750349	0.9789770865578689	0.5653885059956326	0.4528923912469808	5.028870550258573	0.05675879024440282	1.0972678841587522	5.889810391637135	0.2965428052668445	0.20998566042117847	0.22232890884056944	0.2711426254714078	0.6464035119929126	129.45871803897742	-932.7329548306175	5.378062337891164E-4	0.7268934314150607	4.465188178926973E-4	2.2209574982922677E-7	0.8816678646846736
9040000	-9640.123710304571	-8683.002002692743	-957.1217076118285	-8516.861889722	120.42515781813292	1270.3087716974778	0.07052207599192839	0.34177178845723577	0.30372406013659325	1.445320759334953	1.475210088365971	1.668167610223855	0.9235464945287797	0.796646353528609	7.136550740693874	0.04040617719075151	1.0730011777697561	0.34177178845723577	0.30372406013659325	1.445320759334953	1.475210088365971	1.668167610223855	0.9235464945287797	0.796646353528609	7.136550740693874	0.04040617719075151	1.0730011777697561	5.349545474542605	0.2965428052668445	0.20998566042117847	0.22232890884056944	0.2711426254714078	0.5726003687581486	128.9691523516392	-939.4183161019971	5.476638084640132E-4	0.7757666029532958	4.4532973515647E-4	2.4431276262218054E-7	0.8651956627004024
9050000	-9623.414014423513	-8671.428875837875	-951.9851385856387	-8506.528735495138	147.31540630630863	1350.6713818242724	0.09721630618595686	0.029349259244305613	0.45099138323221344	0.10443050404612464	1.3634417417843814	0.39128054539629115	1.0801821949866621	0.18265610745655728	5.0116855266221485	0.3292157096037241	0.43163145595104085	0.029349259244305613	0.45099138323221344	0.10443050404612464	1.3634417417843814	0.39128054539629115	1.0801821949866621	0.18265610745655728	5.0116855266221485	0.3292157096037241	0.43163145595104085	6.542959050918687	0.28525865075091267	0.22126981493711034	0.20382198124193085	0.2896495530700464	0.5180911314007196	146.3220558894758	-939.6372236219298	5.992005552174738E-4	0.8904524470816159	4.5949508764022275E-4	1.9865565330032936E-7	0.765458647641387
9060000	-9621.657820756216	-8662.402295432186	-959.2555253240306	-8499.78699638576	142.6740221276706	1409.6838119132399	0.10265822887175047	0.5114680001795389	0.057091544867412455	0.21892160878277886	0.4624403106001425	1.397076251732299	0.7587193257147059	0.2848702681491648	4.087318721381666	0.2200123173143071	1.1881688439377929	0.5114680001795389	0.057091544867412455	0.21892160878277886	0.4624403106001425	1.397076251732299	0.7587193257147059	0.2848702681491648	4.087318721381666	0.2200123173143071	1.1881688439377929	6.542959050918687	0.2993137410973287	0.2072147245906943	0.20382198124193085	0.2896495530700464	0.5180911314007196	135.0953008095612	-947.1811605068857	5.818863554153865E-4	0.9033145038808941	4.0869036366443685E-4	2.353647214888257E-7	0.9136038488028674
9070000	-9617.871793138042	-8657.051287083019	-960.8205060550221	-8493.869789108563	188.99907208202256	1564.6050131590184	0.07533993409754781	0.4560213881001077	0.26328830880654247	0.34509266280301926	0.9826545525332425	1.1210345362976495	2.037131812250751	0.15934343743940482	3.5354735013752214	0.6276277049440968	0.2865639959541136	0.4560213881001077	0.26328830880654247	0.34509266280301926	0.9826545525332425	1.1210345362976495	2.037131812250751	0.15934343743940482	3.5354735013752214	0.6276277049440968	0.2865639959541136	6.542959050918687	0.2993137410973287	0.2072147245906943	0.2171892045294345	0.27628232978254275	0.5180911314007196	119.68108203279812	-947.9764994956108	4.918054294470684E-4	0.9475454963620826	3.155196559876582E-4	1.9215349605402695E-7	0.9660080282691375
9080000	-9594.043088772885	-8683.44424213641	-910.598846636476	-8518.11527199198	146.33969813883743	1267.713984817153	0.10880006182692255	0.450298290889346	0.4297534578283601	0.5251507548634778	1.1381556877692736	0.193149680668689	1.3474199011016055	0.5494760344652045	2.319568487174167	0.6078369997009878	0.1829334431763916	0.450298290889346	0.4297534578283601	0.5251507548634778	1.1381556877692736	0.193149680668689	1.3474199011016055	0.5494760344652045	2.319568487174167	0.6078369997009878	0.1829334431763916	5.767749743843907	0.2993137410973287	0.2072147245906943	0.2171892045294345	0.27628232978254275	0.5180911314007196	88.94378734149414	-900.52962423425	6.368593812434416E-4	0.9165995178918926	4.321126870089445E-4	3.969830905125441E-7	1.0003823228704831
9090000	-9598.84420894991	-8687.810588208904	-911.0336207410054	-8521.402029493272	143.37741399795604	1162.1107930688718	0.11838029646427572	0.26018695352585486	0.17144625326282362	1.5211469362939114	1.3996610650100285	1.389551273163646	1.3178402638689795	0.390835925157547	2.604409460634097	0.1896457622465252	0.4602963080486782	0.26018695352585486	0.17144625326282362	1.5211469362939114	1.3996610650100285	1.389551273163646	1.3178402638689795	0.390835925157547	2.604409460634097	0.1896457622465252	0.4602963080486782	6.991588888173827	0.2993137410973287	0.2072147245906943	0.20336967848337942	0.2901018558285978	0.5180911314007196	95.21402786250371	-898.5373357717287	7.02765821355139E-4	0.9166319636888843	4.850172510211947E-4	5.153457406241279E-7	1.0295522031766897
9100000	-9611.276255284674	-8687.614815819517	-923.661439465157	-8527.012291019038	133.31916443058202	1244.6808044466184	0.09472305042811704	0.5915308813225693	0.2655979818047617	0.8216924257403175	0.8793481202527494	1.3112331014005256	0.2943298650029505	0.09588250699134392	5.437207598252481	0.7045484259948569	0.15227762307465734	0.5915308813225693	0.2655979818047617	0.8216924257403175	0.8793481202527494	1.3112331014005256	0.2943298650029505	0.09588250699134392	5.437207598252481	0.7045484259948569	0.15227762307465734	5.7379246335044725	0.28555721098402537	0.22097125470399762	0.20336967848337942	0.2901018558285978	0.5180911314007196	107.31431885098752	-910.5852879217845	6.364947584109167E-4	0.8737056596990153	4.672312512498456E-4	4.064644455957812E-7	1.0245568188395484
9110000	-9625.487720422489	-8692.34274854497	-933.1449718775182	-8525.374964659488	127.59451866546961	1258.8966416600065	0.0879710838013231	0.6941330359356895	0.5709067416255781	1.229709011005638	0.20508348885493394	2.296057700567796	2.6681449884217123	0.18599942204481698	5.505356333923274	0.14597195405720612	1.0604771124082855	0.6941330359356895	0.5709067416255781	1.229709011005638	0.20508348885493394	2.296057700567796	2.6681449884217123	0.18599942204481698	5.505356333923274	0.14597195405720612	1.0604771124082855	6.8352134450535615	0.2936935580793859	0.2128349076086371	0.20336967848337942	0.2901018558285978	0.5180911314007196	109.41524878290838	-916.2567666650491	5.254320741192667E-4	0.7605633767251758	4.069002126269515E-4	2.0292016473548366E-7	0.8287332845509928
9120000	-9631.776769126918	-8692.16875621425	-939.6080129126683	-8517.974664617492	107.52936147670788	1228.5746839508884	0.09538296927024713	0.5026575605207517	0.16496556254722075	0.6270264979685733	1.916668759782541	0.8091970741882539	1.460502434894959	0.37706460123371577	3.974589902757592	0.5128562427918358	0.13633453091512132	0.5026575605207517	0.16496556254722075	0.6270264979685733	1.916668759782541	0.8091970741882539	1.460502434894959	0.37706460123371577	3.974589902757592	0.5128562427918358	0.13633453091512132	6.8352134450535615	0.2936935580793859	0.2128349076086371	0.20336967848337942	0.2901018558285978	0.5180911314007196	123.06438042507907	-926.8318847545481	5.542525417447333E-4	0.7241795776627786	4.71490233323965E-4	1.964647024901088E-7	0.7843986465079528
9130000	-9656.86343229404	-8688.534117634268	-968.3293146597716	-8521.968852968172	125.70432843482783	1433.0037211355402	0.08237487442230337	0.4788697018751417	0.04864286430914613	0.8576476530993694	0.5199162495487339	0.6145008880261473	0.5573328095642932	0.30300729376583807	4.5065330714451575	0.12658975151474225	1.651883203527619	0.4788697018751417	0.04864286430914613	0.8576476530993694	0.5199162495487339	0.6145008880261473	0.5573328095642932	0.30300729376583807	4.5065330714451575	0.12658975151474225	1.651883203527619	6.445237675103102	0.2936935580793859	0.19932847731768855	0.21687610877432797	0.2901018558285978	0.5180911314007196	140.13573287263944	-956.0525038618723	4.6281483588244484E-4	0.8181606591930977	4.0472531563036157E-4	1.4184328000830393E-7	0.8130493885290997
9140000	-9689.200564665176	-8697.186615143739	-992.0139495214378	-8535.13171376547	161.631411275982	1663.654609775348	0.08356556141416098	0.3463149097345979	0.021402899707334225	0.36217891044041267	0.9135297925607236	0.2722375359416178	1.1151448377438702	0.10488983782454595	2.827516720976224	0.21103832163019562	0.3219955171772813	0.3463149097345979	0.021402899707334225	0.36217891044041267	0.9135297925607236	0.2722375359416178	1.1151448377438702	0.10488983782454595	2.827516720976224	0.21103832163019562	0.3219955171772813	7.295799996978264	0.2936935580793859	0.19932847731768855	0.21687610877432797	0.2901018558285978	0.5180911314007196	159.1771187573157	-982.8239006219693	4.313419935360829E-4	0.7695072617825378	3.373525746612031E-4	8.999314510055009E-8	0.7545574158190194
9150000	-9694.298325602911	-8686.894508723964	-1007.4038168789468	-8524.213697928393	147.78243858198297	1695.717724274368	0.05590411277213583	0.10773519775677193	1.180112817862783	2.6002307604822184	0.22004877104030995	2.8119265428541595	0.6785808377564929	0.13101613204651746	7.598157905680748	0.7153192436011317	2.917052570249708	0.10773519775677193	1.180112817862783	2.6002307604822184	0.22004877104030995	2.8119265428541595	0.6785808377564929	0.13101613204651746	7.598157905680748	0.7153192436011317	2.917052570249708	6.210553159597599	0.2936935580793859	0.19932847731768855	0.21687610877432797	0.2901018558285978	0.5180911314007196	155.72951434607907	-985.6600845308885	4.6054381441626804E-4	0.69440232357905	3.326979130411182E-4	1.033430406757518E-7	0.7595673029277983
9160000	-9623.742285550066	-8664.282065538695	-959.4602200113711	-8495.565767421076	132.93836425525473	1443.853522007468	0.08808342427583092	0.1368922485790361	0.34537942129669186	0.030914772140814825	0.7469694688209932	0.7242594949701181	1.6144776191457801	1.2145489485078347	3.6114792288959	0.40224102248643334	0.7131802811538002	0.1368922485790361	0.34537942129669186	0.030914772140814825	0.7469694688209932	0.7242594949701181	1.6144776191457801	1.2145489485078347	3.6114792288959	0.40224102248643334	0.7131802811538002	6.703389807827781	0.2936935580793859	0.19777051196417753	0.218434074127839	0.2901018558285978	0.5180911314007196	146.5847021571025	-947.2668050169212	5.236752526860141E-4	0.7806559994416284	3.781140129095192E-4	1.650287966085399E-7	0.8337156608748897
9170000	-9699.890362949076	-8683.155068895103	-1016.7352940539735	-8515.120991668831	182.6133762696114	1986.9687324489457	0.056161166750897516	0.08531583344588514	0.012615652072249862	0.5328504250074572	0.2435427619229579	0.46909697682814655	0.8126762169066869	0.2705280796951451	7.821760622178344	0.16674783218622916	2.1472668919767637	0.08531583344588514	0.012615652072249862	0.5328504250074572	0.2435427619229579	0.46909697682814655	0.8126762169066869	0.2705280796951451	7.821760622178344	0.16674783218622916	2.1472668919767637	5.492537191293291	0.2936935580793859	0.19777051196417753	0.218434074127839	0.2901018558285978	0.3731819360728939	175.61460045440694	-1001.3731882585475	4.3883895098569144E-4	0.7796700827400852	3.122283921557666E-4	1.06116153199597E-7	0.8148516636615675
9180000	-9655.901541622747	-8680.070125193972	-975.8314164287742	-8506.28789518054	132.90966371473098	1558.5662722280692	0.09159436607249186	0.4007521515885456	0.16864017129119008	0.03274182415817646	0.35622691668142903	0.23575873464343594	1.0583499276300474	0.3033921495911697	3.1704765406213102	0.2070924905116716	0.4948055671220145	0.4007521515885456	0.16864017129119008	0.03274182415817646	0.35622691668142903	0.23575873464343594	1.0583499276300474	0.3033921495911697	3.1704765406213102	0.2070924905116716	0.4948055671220145	6.5696663609648835	0.2936935580793859	0.20949401854748054	0.218434074127839	0.2783783492452948	0.3731819360728939	174.26745517951798	-966.7869419940271	5.207484547171307E-4	0.8020223274214356	3.6710159338131364E-4	1.387890495931212E-7	0.7855043391999474
9190000	-9667.19487426737	-8692.932301803716	-974.2625724636544	-8517.239174323548	106.04093151018905	1393.7233559674137	0.08359083222974441	0.4551058354554721	0.1822893656260422	0.06791016517676475	1.217023997652716	1.815527612740075	0.023803965235341448	0.8233090915034343	2.826848840011904	0.4022874312879408	1.4665502022170234	0.4551058354554721	0.1822893656260422	0.06791016517676475	1.217023997652716	1.815527612740075	0.023803965235341448	0.8233090915034343	2.826848840011904	0.4022874312879408	1.4665502022170234	6.5696663609648835	0.2936935580793859	0.2217688018379385	0.20615929083738102	0.2783783492452948	0.3731819360728939	130.9860118493014	-962.4981706457086	5.289883820474904E-4	0.8091235437818677	3.6816592156563326E-4	1.370452478389905E-7	0.8012790621234922
9200000	-9672.356696904524	-8672.05661928551	-1000.3000776190148	-8505.396768615094	142.22344230893384	1729.2988367497255	0.07254769773875602	0.11045161999699223	0.07443395118244855	0.1940066148318745	0.4924541635888642	0.651085698958077	0.9792221892213847	0.026696214795033594	3.0587269651890967	0.23136880616035718	0.6592604838796358	0.11045161999699223	0.07443395118244855	0.1940066148318745	0.4924541635888642	0.651085698958077	0.9792221892213847	0.026696214795033594	3.0587269651890967	0.23136880616035718	0.6592604838796358	5.514510319954654	0.2936935580793859	0.2217688018379385	0.20615929083738102	0.2783783492452948	0.3731819360728939	183.49529509113495	-991.0568340393522	4.527226004589106E-4	0.87110076418089	3.315633808848768E-4	1.6012504104284637E-7	0.935867539168985
9210000	-9683.394337024816	-8686.416481308755	-996.97785571606	-8511.82238537374	117.08647923651864	1561.1484792381086	0.07046221018367534	0.22173543153147202	0.12293691587507997	1.3141551739100636	0.703895374433039	3.10098784621744	1.8235504092980146	0.9820160031221925	5.053701744356202	1.602838064748322	0.5395930424877909	0.22173543153147202	0.12293691587507997	1.3141551739100636	0.703895374433039	3.10098784621744	1.8235504092980146	0.9820160031221925	5.053701744356202	1.602838064748322	0.5395930424877909	6.083757168305865	0.2936935580793859	0.2217688018379385	0.20615929083738102	0.2783783492452948	0.5085655742228422	179.18277209969557	-978.8027550034875	4.614122303810557E-4	0.7545861523415599	3.6098138043320823E-4	1.4982524295289037E-7	0.9175602925247142
9220000	-9680.479195454165	-8705.685519370218	-974.793676083947	-8527.787583715199	123.80262421887296	1435.8883471560541	0.12281250660470028	0.5068971619386545	0.005750225440980501	0.05227490882992731	1.6625247793524023	0.7182877105739361	1.2237391355944458	0.05806013600188261	5.423592988990344	0.2221130541469662	8.51749837275146	0.5068971619386545	0.005750225440980501	0.05227490882992731	1.6625247793524023	0.7182877105739361	1.2237391355944458	0.05806013600188261	5.423592988990344	0.2221130541469662	8.51749837275146	6.646195853039483	0.2936935580793859	0.20945209037748697	0.20615929083738102	0.29069506070574636	0.38573555845868857	132.25279390712618	-954.0107784885794	5.270681054817504E-4	0.8900990921169918	4.294066035800164E-4	2.58868748691327E-7	1.0010008449316052
9230000	-9666.436065230377	-8691.92624244051	-974.5098227898663	-8526.947943576735	117.80385978893314	1462.5328659577383	0.09288605941565091	0.5285457037701791	0.1594197125559756	0.19945992977837257	0.27887108767072427	0.2963687417236242	1.8324790363284078	0.12750443652513113	4.817876141705819	0.307902982489604	0.5991027111604879	0.5285457037701791	0.1594197125559756	0.19945992977837257	0.27887108767072427	0.2963687417236242	1.8324790363284078	0.12750443652513113	4.817876141705819	0.307902982489604	0.5991027111604879	6.646195853039483	0.2936935580793859	0.20945209037748697	0.20615929083738102	0.29069506070574636	0.5169994394727719	144.15488664693353	-963.0019675996784	4.413230715338726E-4	0.7767102201781764	3.780944665908903E-4	1.858895441073798E-7	0.9476891624516911
9240000	-9637.706959551253	-8684.555316709804	-953.1516428414496	-8511.602001453986	100.6833845437738	1274.901597184762	0.12338149347827473	0.6084935532773471	0.05474948593745646	1.1202222062557987	0.07483141199327244	0.4566381776209163	1.6119558815835582	0.8716550345686033	2.4377790680735267	0.24852246873250824	0.3316129860111777	0.6084935532773471	0.05474948593745646	1.1202222062557987	0.07483141199327244	0.4566381776209163	1.6119558815835582	0.8716550345686033	2.4377790680735267	0.24852246873250824	0.3316129860111777	6.646195853039483	0.2936935580793859	0.20945209037748697	0.20615929083738102	0.29069506070574636	0.5153665419360677	146.87487167437544	-943.038388988269	4.8025679316325163E-4	0.8196437242302653	4.1356987406655316E-4	2.0124826529516087E-7	0.913078667238271
9250000	-9650.455989397411	-8679.508240724837	-970.9477486725741	-8516.462673383161	110.37582044781436	1382.621634070989	0.07363823021053367	0.12882717268517616	0.3169196906383857	0.8392889992972529	0.04932393853650637	0.931178539575324	0.35065136480703	0.857162479005162	5.102269553079842	0.09598485735534268	0.3639685024965362	0.12882717268517616	0.3169196906383857	0.8392889992972529	0.04932393853650637	0.931178539575324	0.35065136480703	0.857162479005162	5.102269553079842	0.09598485735534268	0.3639685024965362	6.646195853039483	0.2936935580793859	0.20945209037748697	0.20615929083738102	0.29069506070574636	0.5153665419360677	139.44258707844574	-959.4143577969273	4.2037305122723365E-4	0.7555189492860511	3.8976017369079895E-4	9.958521850372663E-8	0.7722461863685359
9260000	-9678.125354941807	-8681.75832287262	-996.3670320691865	-8519.728096113126	115.85647456206937	1542.7311273777827	0.08809508866144529	1.239841785262428	0.357951549732261	0.32436625316022166	1.4107788739746225	0.7252570338290949	0.39916793604474765	0.3175803505315684	3.1781508286725524	0.08996261071150351	2.133710594539177	1.239841785262428	0.357951549732261	0.32436625316022166	1.4107788739746225	0.7252570338290949	0.39916793604474765	0.3175803505315684	3.1781508286725524	0.08996261071150351	2.133710594539177	8.151282741056528	0.2936935580793859	0.20945209037748697	0.20615929083738102	0.29069506070574636	0.5153665419360677	131.29721086925005	-983.7914860263207	4.23414659261278E-4	0.7076834471758244	3.720493219590933E-4	1.1745241656883599E-7	0.8358847488537603
9270000	-9665.141066616367	-8681.346962877307	-983.7941037390586	-8521.030343185983	109.91943554976318	1408.0271518361685	0.1028615961295308	0.09096313557189441	0.05961941342552802	0.11804792632518223	1.48198451439043	0.2879899470492669	1.3843337355126284	0.057886254924778134	5.56540259279686	0.0779280001832647	0.6728075680579073	0.09096313557189441	0.05961941342552802	0.11804792632518223	1.48198451439043	0.2879899470492669	1.3843337355126284	0.057886254924778134	5.56540259279686	0.0779280001832647	0.6728075680579073	8.151282741056528	0.2936935580793859	0.20945209037748697	0.20615929083738102	0.29069506070574636	0.5153665419360677	148.62947552547715	-971.5031803229899	4.48356553637872E-4	0.7364225556610057	3.9480274113496295E-4	9.502115249061493E-8	0.71481434866287
9280000	-9679.610912819078	-8696.878429748773	-982.732483070306	-8527.16484680174	123.3218106581126	1464.1155706951472	0.07931943102195055	2.1491595378104016	0.015126381871986797	1.5967881467138958	0.11646031219390607	0.6138275570138104	3.3641961702357905	0.18857923904434704	3.600452372808023	0.4639985742958056	0.802481194149954	2.1491595378104016	0.015126381871986797	1.5967881467138958	0.11646031219390607	0.6138275570138104	3.3641961702357905	0.18857923904434704	3.600452372808023	0.4639985742958056	0.802481194149954	6.2129523994726545	0.2936935580793859	0.20945209037748697	0.20615929083738102	0.29069506070574636	0.5153665419360677	138.4780686124315	-967.4839323561221	4.2103678605294285E-4	0.7695528768749232	3.7818269205126283E-4	1.140076856329041E-7	0.7900558493912175
9290000	-9705.132636274138	-8682.98154418937	-1022.1510920847685	-8516.723993617154	170.04752898770158	1849.4907489186264	0.08981156801729608	0.951470949480004	0.024121045718586736	1.1170591671168901	1.6882714457098318	0.46078188633163913	0.9663378209900407	0.39904432313121724	3.9728149433599236	0.5855851951481605	0.17851301351648066	0.951470949480004	0.024121045718586736	1.1170591671168901	1.6882714457098318	0.46078188633163913	0.9663378209900407	0.39904432313121724	3.9728149433599236	0.5855851951481605	0.17851301351648066	6.2129523994726545	0.30712892322958546	0.20945209037748697	0.20615929083738102	0.2772596955555468	0.4399098163311647	199.0507660924195	-1009.7664830665647	3.4304714397118927E-4	0.686187536461444	2.922917451926527E-4	9.061880879485174E-8	0.8326573891527885
9300000	-9697.73711600151	-8677.877269501709	-1019.859846499801	-8514.998809347146	187.22151690714986	1959.36840477097	0.0652177517565541	0.13337824543364546	0.13732688024269984	0.582693389453772	3.184222149353863	0.4107790561848465	0.35961146198888516	0.8062319778585242	5.149500920524553	0.37783607716371787	0.17029416527061686	0.13337824543364546	0.13732688024269984	0.582693389453772	3.184222149353863	0.4107790561848465	0.35961146198888516	0.8062319778585242	5.149500920524553	0.37783607716371787	0.17029416527061686	6.2129523994726545	0.30712892322958546	0.20945209037748697	0.20615929083738102	0.2772596955555468	0.4399098163311647	167.56098470826058	-1006.0075122652379	3.09571543741333E-4	0.7878856643153406	2.6107137802127675E-4	7.176350739610714E-8	0.7975958203273584
9310000	-9689.096408880714	-8676.463367914792	-1012.6330409659223	-8507.119299012455	159.3158171160214	1796.421614834847	0.06662864993373437	0.8754384246270288	0.11762855160389805	1.0136218821003482	0.3836734242640388	0.6675908178485824	3.270950344025744	0.22208366414115788	2.3656648642082954	0.2347995306203584	0.4703645197395712	0.8754384246270288	0.11762855160389805	1.0136218821003482	0.3836734242640388	0.6675908178485824	3.270950344025744	0.22208366414115788	2.3656648642082954	0.2347995306203584	0.4703645197395712	6.2129523994726545	0.30712892322958546	0.20945209037748697	0.20615929083738102	0.2772596955555468	0.4399098163311647	188.37572877414885	-1000.0735474133246	3.879415480751139E-4	0.8331337328084052	3.1738317978950237E-4	1.3167406319790963E-7	0.9372229621368248
9320000	-9671.490138085366	-8691.869640290042	-979.6204977953241	-8517.383420985916	125.02064498796148	1573.9118695612083	0.12904404143836282	1.3832472677315704	0.07436476826756638	0.04962539845562118	0.09431469834390863	0.6655509125431651	1.600737339800995	0.696395033971464	3.498305202029367	0.08011906478436485	0.2926550271137822	1.3832472677315704	0.07436476826756638	0.04962539845562118	0.09431469834390863	0.6655509125431651	1.600737339800995	0.696395033971464	3.498305202029367	0.08011906478436485	0.2926550271137822	6.095775309932634	0.30712892322958546	0.20945209037748697	0.20615929083738102	0.2772596955555468	0.6167375780491108	137.91499422472143	-968.9654131980917	4.205665851083179E-4	0.8783013392959229	3.3607387877985064E-4	1.5176259205362363E-7	0.9416275383472008
9330000	-9699.862457780866	-8683.460138065502	-1016.4023197153645	-8510.709713694429	133.6944992540358	1654.6091649897203	0.048434189645342636	0.13344982402147829	0.7150120490435606	0.24114331849996556	0.8842027838633275	0.8006374236337397	0.9971060656455988	0.5654342708613782	5.102598776656072	0.851744349019752	1.6490808657464795	0.13344982402147829	0.7150120490435606	0.24114331849996556	0.8842027838633275	0.8006374236337397	0.9971060656455988	0.5654342708613782	5.102598776656072	0.851744349019752	1.6490808657464795	6.6323266779131655	0.29783301538966994	0.20945209037748697	0.21545519867729657	0.2772596955555468	0.6167375780491108	188.78171400545767	-1000.9303627076971	4.167042219667912E-4	0.7767438593837261	3.5058978653390365E-4	1.7062944161461764E-7	0.9969705636326943
9340000	-9731.29698390616	-8721.174815849221	-1010.1221680569394	-8559.568450058021	122.01516779858895	1692.4643871112896	0.05433763036426708	0.5432504481603511	0.4580935905989044	0.6470838370455941	0.2030804069297443	0.7755306015597854	1.8347340430735752	0.32894751990489524	4.250024044959824	0.1312695677251564	1.791746572376361	0.5432504481603511	0.4580935905989044	0.6470838370455941	0.2030804069297443	0.7755306015597854	1.8347340430735752	0.32894751990489524	4.250024044959824	0.1312695677251564	1.791746572376361	6.6323266779131655	0.29783301538966994	0.20945209037748697	0.21545519867729657	0.2772596955555468	0.3983612411099709	173.5490750035061	-996.2192274732776	3.904976149666614E-4	0.759604645025635	3.167152556013178E-4	1.4822391199640754E-7	0.9943787243763335
9350000	-9689.086017723179	-8687.153699974397	-1001.9323177487827	-8519.376822905457	132.53467423609766	1617.4017806719994	0.08276981554192997	2.2173982106357393	0.05290125511410612	0.7084743002203461	1.2895237925614549	1.2686292335477247	1.2052660232087573	0.7091467086593088	5.452256467130613	0.2018215214880711	0.41918180458370496	2.2173982106357393	0.05290125511410612	0.7084743002203461	1.2895237925614549	1.2686292335477247	1.2052660232087573	0.7091467086593088	5.452256467130613	0.2018215214880711	0.41918180458370496	5.674499885282192	0.29783301538966994	0.20945209037748697	0.21545519867729657	0.2772596955555468	0.4910617847719626	201.1285898505992	-986.1835383659111	4.299382071881612E-4	0.6894400939842565	3.4534172752935614E-4	2.12245516678555E-7	1.0331400341577268
9360000	-9679.067861912852	-8693.932331464064	-985.1355304487888	-8522.809344666848	112.0830330218007	1448.4956254177291	0.16025177224123027	1.7482992976205967	0.1497737697796958	0.6293611423652766	1.5309912400429595	0.37546466856344973	0.2760362379325376	0.21310960952253566	5.139954821509305	0.15549604017816057	0.432123797270331	1.7482992976205967	0.1497737697796958	0.6293611423652766	1.5309912400429595	0.37546466856344973	0.2760362379325376	0.21310960952253566	5.139954821509305	0.15549604017816057	0.432123797270331	5.795173063233324	0.29783301538966994	0.20945209037748697	0.21545519867729657	0.2772596955555468	0.3914966341073875	128.93243739011282	-973.2912631971294	4.4630938486006785E-4	0.7269143002811345	3.702074232938774E-4	1.5836539431735357E-7	0.9106689631817706
9370000	-9722.047937094812	-8678.932040098487	-1043.1158969963249	-8515.668747727557	130.4149722381848	1867.5400597901398	0.0631312199403058	0.004012957082420171	0.3319970961676181	1.0054179122404154	1.2003463011896358	2.094016673713576	1.5063384846608496	0.4001446563716345	6.389891857175886	0.31954744890665776	2.6870976399296667	0.004012957082420171	0.3319970961676181	1.0054179122404154	1.2003463011896358	2.094016673713576	1.5063384846608496	0.4001446563716345	6.389891857175886	0.31954744890665776	2.6870976399296667	5.795173063233324	0.29783301538966994	0.20945209037748697	0.21545519867729657	0.2772596955555468	0.5459795064624516	210.15390015098464	-1024.4420286733139	3.538858905407927E-4	0.7473768683480688	2.8955907420210886E-4	1.088517687935745E-7	0.9363316867103041
9380000	-9750.103111179866	-8696.464789378386	-1053.6383218014792	-8525.239698143982	134.69533278392274	1964.749047802108	0.05600631165965834	0.4631632915303518	0.04269563053174073	0.349169341026826	1.3228409879746743	0.6960555778344706	0.3447069736654161	0.3241713224102997	3.215611771202945	0.30672024444452095	2.4086811581071204	0.4631632915303518	0.04269563053174073	0.349169341026826	1.3228409879746743	0.6960555778344706	0.3447069736654161	0.3241713224102997	3.215611771202945	0.30672024444452095	2.4086811581071204	5.795173063233324	0.31415476556125155	0.20846340935929114	0.20012212952391076	0.2772596955555468	0.5459795064624516	186.42130466095495	-1041.8913207658952	2.9356586499400803E-4	0.6058127827855984	2.6381738610188843E-4	7.443268318174001E-8	0.8833005309879075
9390000	-9731.423441670615	-8706.74406674221	-1024.6793749284045	-8541.380632615048	124.55072540601151	1786.932390831219	0.08060043351339531	0.9971678238812245	0.13701960006949057	1.1872205380714238	0.688283972747211	0.11030411786710015	1.364407815778574	0.7402252004346367	1.8259515919571243	0.4746132188734183	0.8890810719875795	0.9971678238812245	0.13701960006949057	1.1872205380714238	0.688283972747211	0.11030411786710015	1.364407815778574	0.7402252004346367	1.8259515919571243	0.4746132188734183	0.8890810719875795	5.795173063233324	0.31415476556125155	0.20846340935929114	0.20012212952391076	0.2772596955555468	0.5459795064624516	208.46399726868665	-1014.3554097729686	3.051292522168271E-4	0.6058576881615493	2.9940203200088636E-4	4.001388108733451E-8	0.6374564721594037
9400000	-9703.118325812222	-8704.106505824138	-999.0118199880839	-8539.527032467578	110.48836833939447	1586.1993747041172	0.11039484089361308	0.226192395745606	0.5212973890288739	0.16233048024384952	1.5005560440428285	0.7793116534107818	0.48157362200989673	0.5878547739110241	7.554072681807302	0.0069430244103420614	1.7679067990804134	0.226192395745606	0.5212973890288739	0.16233048024384952	1.5005560440428285	0.7793116534107818	0.48157362200989673	0.5878547739110241	7.554072681807302	0.0069430244103420614	1.7679067990804134	6.711160038674382	0.31415476556125155	0.20846340935929114	0.20012212952391076	0.2772596955555468	0.5459795064624516	154.52118541005368	-983.849747714852	3.7601239521743994E-4	0.5918946931764841	3.492694500421787E-4	4.6898695506492986E-8	0.5749143967382347
9410000	-9715.403725914955	-8724.244334931507	-991.159390983448	-8561.026109161872	109.81906878459553	1561.0776338517544	0.07287001309275248	0.037879087483699565	0.2716183096285288	0.018982659038425307	0.4732618145611392	0.5216432120852342	0.1993409675657365	0.25944203156218243	3.383835625099421	0.029586813166944222	1.19935818582244	0.037879087483699565	0.2716183096285288	0.018982659038425307	0.4732618145611392	0.5216432120852342	0.1993409675657365	0.25944203156218243	3.383835625099421	0.029586813166944222	1.19935818582244	6.711160038674382	0.31415476556125155	0.20846340935929114	0.2136157486638125	0.26376607641564503	0.5208185717335948	158.27284793482727	-982.7213722178676	3.9570080492826604E-4	0.5865630052109705	3.6835915766625686E-4	7.295510122231235E-8	0.6634763906810764
9420000	-9699.477138598078	-8710.023688892688	-989.4534497053905	-8545.512366552519	100.45164496951632	1485.442952611086	0.081884686310576	0.10273279998175606	0.162968238515955	0.6237728070361892	0.6230922940280199	0.5863268215581168	0.8999950849799961	0.6411035108297966	3.1791691120971675	0.1737358965606905	0.4268451427837411	0.10273279998175606	0.162968238515955	0.6237728070361892	0.6230922940280199	0.5863268215581168	0.8999950849799961	0.6411035108297966	3.1791691120971675	0.1737358965606905	0.4268451427837411	6.954566181371742	0.3014883263264292	0.21960354792042944	0.2024756101026742	0.2764325156504674	0.5115808208456326	165.96010989455246	-979.8056046099493	4.4225333197302745E-4	0.6308929610700442	3.87869874459541E-4	9.829871426765008E-8	0.6905392594412261
9430000	-9671.485691866017	-8691.856068824416	-979.6296230416006	-8526.654578822798	92.00245332054912	1416.5172359363812	0.0638859360098456	0.11326837568889515	0.11251331824385583	0.29152702148911197	1.69938418616399	1.194014919201638	0.038704462106460176	0.38173433515938093	4.335597626986031	0.8769344941612951	0.1231994062341823	0.11326837568889515	0.11251331824385583	0.29152702148911197	1.69938418616399	1.194014919201638	0.038704462106460176	0.38173433515938093	4.335597626986031	0.8769344941612951	0.1231994062341823	6.755316406478155	0.3075530062887851	0.2135388679580735	0.2024756101026742	0.2764325156504674	0.5115808208456326	158.6777750531122	-967.6839088853114	4.290911973765449E-4	0.7275712090516456	3.934286273162995E-4	9.402183491942344E-8	0.7303563180513467
9440000	-9683.137488782066	-8707.17584011846	-975.961648663606	-8543.995434213377	109.44002673401093	1447.9151638708977	0.06011051172327869	0.1676821703894966	0.3315428702377296	0.4150085700540426	0.7093376254697544	0.618708667464596	0.7934621182838358	0.4822603826293113	2.7591224996582473	0.2891679563952863	0.4020885242826666	0.1676821703894966	0.3315428702377296	0.4150085700540426	0.7093376254697544	0.618708667464596	0.7934621182838358	0.4822603826293113	2.7591224996582473	0.2891679563952863	0.4020885242826666	5.744976150576908	0.3075530062887851	0.2135388679580735	0.2024756101026742	0.2764325156504674	0.49344976570149346	150.68064591311997	-965.8969947299173	4.971714256662155E-4	0.8519942684329979	4.315106301524186E-4	1.073154311927336E-7	0.6554107342401229
9450000	-9709.448475935797	-8724.101809824268	-985.3466661115285	-8558.318477985868	115.16538780267362	1497.1648515235313	0.0956829799094947	1.1129169306508748	0.05355802398732817	1.7965925073730618	0.1154495872592074	0.7244982188475934	1.943239991734543	1.604733137148511	3.218646521394743	0.6492521511606595	1.890372549579172	1.1129169306508748	0.05355802398732817	1.7965925073730618	0.1154495872592074	0.7244982188475934	1.943239991734543	1.604733137148511	3.218646521394743	0.6492521511606595	1.890372549579172	6.583496126675359	0.2938131194994743	0.2135388679580735	0.216215496891985	0.2764325156504674	0.5541659407221157	158.2887477830066	-969.9335061446513	4.088101935813067E-4	0.7719623598028204	3.7667078822552555E-4	6.90735988669396E-8	0.6239141308412177
9460000	-9640.94791468213	-8685.218739239253	-955.7291754428762	-8525.169831598952	109.2288255447142	1347.5641544185492	0.10043915351117785	0.0406531770023173	0.1366949472306017	0.17486925846632514	2.1330301093701287	0.9553087382666566	1.9208155517106165	0.3296041775774505	1.6487035435522828	0.09473116521765103	0.9501265765462715	0.0406531770023173	0.1366949472306017	0.17486925846632514	2.1330301093701287	0.9553087382666566	1.9208155517106165	0.3296041775774505	1.6487035435522828	0.09473116521765103	0.9501265765462715	6.756710041251082	0.2938131194994743	0.2135388679580735	0.216215496891985	0.2764325156504674	0.5541659407221157	140.47873735564747	-944.0444553939932	5.032004929558725E-4	1.0668675931354281	4.4302020527938146E-4	9.228022760320173E-8	0.6121026240975953
9470000	-9642.790035979098	-8665.502619752502	-977.2874162265967	-8503.903677146283	115.63631766606089	1471.0089446730549	0.06598058432743718	0.11004834735756645	0.08911654074704493	0.35159171973737086	0.32052283872376885	0.9651028028095174	0.7934959154836699	0.05136347027377233	2.8725824397390105	0.4455977646257792	0.3744531032893483	0.11004834735756645	0.08911654074704493	0.35159171973737086	0.32052283872376885	0.9651028028095174	0.7934959154836699	0.05136347027377233	2.8725824397390105	0.4455977646257792	0.3744531032893483	6.756710041251082	0.3008182830005496	0.2135388679580735	0.216215496891985	0.2694273521493921	0.5541659407221157	145.5401206530473	-967.8268942582813	4.516224322824732E-4	0.852455551697311	3.778661826971285E-4	1.7795040808671158E-7	0.9123694487901044
9480000	-9684.639435961812	-8684.868088757305	-999.7713472045068	-8524.946334388633	119.37437705808	1472.9222069709529	0.06656617707574412	1.7604504120698983	1.1601074771244133	0.4540707043595984	2.6268536438306427	1.3625187741199363	1.991145468727984	0.7006815450153573	3.8173800326322933	0.298042697914913	0.5157095898909034	1.7604504120698983	1.1601074771244133	0.4540707043595984	2.6268536438306427	1.3625187741199363	1.991145468727984	0.7006815450153573	3.8173800326322933	0.298042697914913	0.5157095898909034	6.756710041251082	0.3008182830005496	0.2135388679580735	0.216215496891985	0.2694273521493921	0.5345747561822627	169.14569779346138	-981.8049678495624	4.736198549000157E-4	0.860573772325801	4.0000981914898E-4	1.6346053073014004E-7	0.8597350447854271
9490000	-9670.026081031887	-8678.340404015595	-991.6856770162924	-8519.299535571197	136.35609209473824	1551.2789938261867	0.0611862281958004	0.17918103771273294	0.007090674365928595	0.8352698176586371	0.6775847804019522	0.8980464900138325	0.6404303884738654	0.1111103073682246	3.131632954159286	0.6356250330247039	0.13583872284260615	0.17918103771273294	0.007090674365928595	0.8352698176586371	0.6775847804019522	0.8980464900138325	0.6404303884738654	0.1111103073682246	3.131632954159286	0.6356250330247039	0.13583872284260615	6.756710041251082	0.3008182830005496	0.2135388679580735	0.216215496891985	0.2694273521493921	0.49521390460845977	151.33500684596518	-981.5571377722694	4.080143778369208E-4	0.7896403502264899	3.558259072968228E-4	1.5401693960919463E-7	0.9485343957359466
9500000	-9645.276102107371	-8682.191562956117	-963.0845391512544	-8520.04131079656	118.27752148965793	1343.3531739671766	0.07055942891455212	0.44145866095954023	0.2157638613158431	1.4872828257278015	0.254278502922656	1.4172358713477777	0.9897415214512753	0.2424212302440091	3.3506343625153576	0.5153683758791305	1.8770131802596288	0.44145866095954023	0.2157638613158431	1.4872828257278015	0.254278502922656	1.4172358713477777	0.9897415214512753	0.2424212302440091	3.3506343625153576	0.5153683758791305	1.8770131802596288	5.619400621989945	0.3008182830005496	0.2135388679580735	0.216215496891985	0.2694273521493921	0.49521390460845977	121.03418472175228	-949.8319226776798	4.834096398998295E-4	0.8271551909360833	4.143817023810363E-4	2.2433887843718718E-7	0.9279072847021688
9510000	-9623.73896233146	-8662.961162013231	-960.7778003182277	-8493.49074141153	110.89111859812262	1311.837449682991	0.07776649181596641	0.2185994178457662	0.01491690196278301	0.7590437638959542	0.8889454140163168	0.3920811716952988	1.7351355688887238	0.4955684938225039	2.38977494163233	0.07658578774250811	0.33350107493549136	0.2185994178457662	0.01491690196278301	0.7590437638959542	0.8889454140163168	0.3920811716952988	1.7351355688887238	0.4955684938225039	2.38977494163233	0.07658578774250811	0.33350107493549136	6.5023539352707695	0.3008182830005496	0.2135388679580735	0.20551416969706351	0.28012867934431357	0.49521390460845977	147.29246078414138	-950.6841644128021	5.092280975145733E-4	0.8101357828099912	4.3241195947072667E-4	2.2054583344656376E-7	0.9386949787951847
9520000	-9596.199817596931	-8647.831232542152	-948.3685850547789	-8479.954542634305	114.13801345182372	1231.1669619819502	0.08467441567548643	0.4362013705897867	0.032033784601530176	0.19081236403361884	0.3473049388143337	0.8071381792472963	2.185639412375031	0.3877990494756139	3.3310880683761557	0.38377291264804403	0.13791017270336944	0.4362013705897867	0.032033784601530176	0.19081236403361884	0.3473049388143337	0.8071381792472963	2.185639412375031	0.3877990494756139	3.3310880683761557	0.38377291264804403	0.13791017270336944	6.983690570292563	0.3008182830005496	0.2135388679580735	0.20551416969706351	0.28012867934431357	0.43978270177742484	123.01882767699442	-937.2264159389223	5.359684228468766E-4	0.8998307225882655	4.264901079755255E-4	3.623067227836721E-7	1.122636649126453
9530000	-9627.3806424838	-8675.74265251348	-951.6379899703205	-8503.758655922393	110.27325609068279	1216.1847150197993	0.07254805648309116	0.004369756454588555	0.08825303164434728	0.761174755800333	1.5323739747437004	0.7057882085710833	0.6481835033870691	0.5356175651990136	3.2981802929812347	0.1259626030222449	0.8620863476107923	0.004369756454588555	0.08825303164434728	0.761174755800333	1.5323739747437004	0.7057882085710833	0.6481835033870691	0.5356175651990136	3.2981802929812347	0.1259626030222449	0.8620863476107923	6.37215120937649	0.3008182830005496	0.2135388679580735	0.20551416969706351	0.28012867934431357	0.5053102945537162	126.70414640460598	-940.5546961520424	5.194468090122843E-4	0.7451021232462989	4.6015579488966935E-4	1.8719180707807954E-7	0.848344292871111
9540000	-9636.972655645619	-8670.624946401482	-966.3477092441371	-8502.94681115781	145.6824408675585	1373.219659619071	0.08361160364131637	0.6007155135243955	0.1239242224646918	1.1769749391219224	0.2736487391860371	1.0510808596670973	2.1132876890177523	0.40734872702501435	2.71664287408409	0.09704149993827203	2.1748708970232573	0.6007155135243955	0.1239242224646918	1.1769749391219224	0.2736487391860371	1.0510808596670973	2.1132876890177523	0.40734872702501435	2.71664287408409	0.09704149993827203	2.1748708970232573	7.039885890919257	0.3008182830005496	0.2135388679580735	0.20551416969706351	0.28012867934431357	0.5053102945537162	134.85812021747532	-952.8918465263138	5.152941607435933E-4	0.7977708800066067	4.0436780913776367E-4	1.6211116324974359E-7	0.834795590230982
9550000	-9610.545063426041	-8692.158492131804	-918.3865712942376	-8521.07699515982	122.07740718876799	1125.178084988578	0.10513056768493054	1.168841648638256	0.15628833468878645	0.0405762356599791	0.15613408819239338	0.9829636458467781	1.3566201965804658	0.2469291374535423	2.7638788370156746	0.508781853331749	0.04390477414034962	1.168841648638256	0.15628833468878645	0.0405762356599791	0.15613408819239338	0.9829636458467781	1.3566201965804658	0.2469291374535423	2.7638788370156746	0.508781853331749	0.04390477414034962	6.832976024733915	0.3008182830005496	0.2135388679580735	0.20551416969706351	0.28012867934431357	0.5667816606617258	108.94111665771803	-908.1496752314789	7.081138411751635E-4	0.8437193847912389	5.091165338762806E-4	4.161556062579652E-7	0.9389980616853236
9560000	-9597.368987184258	-8663.169169343168	-934.1998178410907	-8486.099104265972	169.18730697544842	1303.9170654473944	0.09385329707159157	0.6271582115836435	0.8088549746060284	0.3458370921901203	0.10321265740102373	2.0230165950585937	1.0205769777948823	0.14083316462865633	5.494161103909599	0.3601790943539231	1.856606892126855	0.6271582115836435	0.8088549746060284	0.3458370921901203	0.10321265740102373	2.0230165950585937	1.0205769777948823	0.14083316462865633	5.494161103909599	0.3601790943539231	1.856606892126855	6.832976024733915	0.29025916877577446	0.2135388679580735	0.20551416969706351	0.2906877935690887	0.39111595778230623	107.53934519860894	-918.6213745627157	5.683542623074752E-4	0.954139960674613	4.302879879574204E-4	3.132725968576435E-7	0.9631525619138095
9570000	-9631.691188217124	-8694.300184856736	-937.391003360388	-8525.89368144292	108.69802364010182	1209.9944778939796	0.07076678356143971	0.533679680248393	0.2644071035956956	0.13066614725084263	0.021863526083170833	0.38399989012242536	3.007008576787066	0.05528496165245079	3.387864460700239	0.6448950941498593	0.7480880277113019	0.533679680248393	0.2644071035956956	0.13066614725084263	0.021863526083170833	0.38399989012242536	3.007008576787066	0.05528496165245079	3.387864460700239	0.6448950941498593	0.7480880277113019	5.995243871556365	0.29025916877577446	0.2135388679580735	0.20551416969706351	0.2906877935690887	0.5424944616468038	119.1655492476817	-925.4501955556337	5.810625135109589E-4	0.8060831777151645	4.56014982747635E-4	3.436249985203604E-7	0.9789288367608271
9580000	-9639.29329859273	-8681.98693484377	-957.3063637489591	-8508.683804363804	126.16966704557817	1299.6077300580116	0.0756716186330751	0.18228137704194808	0.025167603522500956	0.6278189173235661	0.42396221247475807	0.6069851856297189	1.8506053022084479	0.8313853849345166	2.9744644261813384	0.12008199446189805	0.5599966963695694	0.18228137704194808	0.025167603522500956	0.6278189173235661	0.42396221247475807	0.6069851856297189	1.8506053022084479	0.8313853849345166	2.9744644261813384	0.12008199446189805	0.5599966963695694	5.995243871556365	0.2994150622683319	0.20438297446551604	0.21037865918906	0.28582330407709217	0.4780224764136709	134.97575315807293	-945.8029321624805	5.714397238108167E-4	0.9871895938202072	4.5259916985704903E-4	3.1650411566869297E-7	0.955391409402428
9590000	-9616.837918076171	-8681.928076167105	-934.9098419090667	-8509.199629841021	104.05316731644476	1134.812619753565	0.1614015554355281	0.8229707078014918	0.16657533841616579	0.7669822534195353	0.26027458448847984	0.3952189703969537	3.8441238009130374	0.3586827546187242	2.7551709344731745	0.34162506645342894	0.6128415436303865	0.8229707078014918	0.16657533841616579	0.7669822534195353	0.26027458448847984	0.3952189703969537	3.8441238009130374	0.3586827546187242	2.7551709344731745	0.34162506645342894	0.6128415436303865	6.755846974688336	0.2994150622683319	0.20438297446551604	0.21037865918906	0.28582330407709217	0.4780224764136709	117.1793734319237	-922.5099826966774	5.815510038878413E-4	0.828867389919079	4.6836475643193426E-4	3.421887730840272E-7	1.0214385436864437
9600000	-9647.522807234876	-8701.530287565547	-945.9925196693284	-8530.25758458438	94.45263662270608	1125.6072613411934	0.10736921659191351	0.4683133614230903	0.006338721987828535	1.0039261999795666	0.8822146609295268	0.5775266129796509	2.412710041664444	0.41111462364302276	3.8689813202965326	0.18648817461463138	1.0034623706529915	0.4683133614230903	0.006338721987828535	1.0039261999795666	0.8822146609295268	0.5775266129796509	2.412710041664444	0.41111462364302276	3.8689813202965326	0.18648817461463138	1.0034623706529915	6.755846974688336	0.31085666493558933	0.20438297446551604	0.21037865918906	0.27438170140983476	0.4780224764136709	120.00850192087006	-933.1037512253564	5.795324195320211E-4	0.6986980365625687	5.023337062991602E-4	2.361524882413966E-7	0.8134845961617202
9610000	-9614.405947657124	-8683.283427661947	-931.1225199951763	-8512.24810030146	74.14429418935438	979.4962763510673	0.09421095637319427	0.4663554986118436	0.6291319271375485	0.7166733687330618	0.6780089106598693	2.532019201498026	2.8357002232546225	0.11909857046444479	6.936239795384332	0.8563625877420445	0.29520000464138213	0.4663554986118436	0.6291319271375485	0.7166733687330618	0.6780089106598693	2.532019201498026	2.8357002232546225	0.11909857046444479	6.936239795384332	0.8563625877420445	0.29520000464138213	5.990653931324502	0.31085666493558933	0.20438297446551604	0.21037865918906	0.27438170140983476	0.44521277869742537	103.57524929054021	-912.9663090479817	6.050754678819423E-4	0.7570038602198946	5.580752540729674E-4	2.767665047215765E-7	0.852338304688068
9620000	-9608.236481896618	-8680.49659744867	-927.739884447949	-8507.490957687853	82.08758343544665	1068.6018844860039	0.08514416039730252	0.5299585119548227	0.07826154681832594	0.9693987273796199	0.057829109960324684	1.1547146281169414	2.4887432304127275	0.29320600872122554	2.464049148469922	0.4988222063855287	0.06351765322200188	0.5299585119548227	0.07826154681832594	0.9693987273796199	0.057829109960324684	1.1547146281169414	2.4887432304127275	0.29320600872122554	2.464049148469922	0.4988222063855287	0.06351765322200188	5.283796137397037	0.31085666493558933	0.20438297446551604	0.21037865918906	0.27438170140983476	0.42234972953445027	97.99347918200316	-917.1035314963317	5.138570761445629E-4	0.846698431771788	4.916881126168824E-4	3.074065808051659E-7	1.03199352505767
9630000	-9628.625417836194	-8668.17068575405	-960.4547320821437	-8499.083318452556	98.06340333351804	1214.022716720654	0.07669348666841734	0.22783772156363546	0.43604473587394765	0.4843303859216924	0.7094613299995559	1.237350304841113	1.3280000420644928	0.6775576753387718	3.9711112741031798	0.222167360733675	0.6193730750637846	0.22783772156363546	0.43604473587394765	0.4843303859216924	0.7094613299995559	1.237350304841113	1.3280000420644928	0.6775576753387718	3.9711112741031798	0.222167360733675	0.6193730750637846	6.3813660576538505	0.31085666493558933	0.21957154320948935	0.1951900904450867	0.27438170140983476	0.558002067778118	132.44983365795846	-948.0710229276793	4.918982862210707E-4	0.7290618867349856	4.6195965686821386E-4	2.591524982609186E-7	1.0067596184404692
9640000	-9664.575986672628	-8701.400602453537	-963.17538421909	-8527.679990724875	108.19690032625732	1301.1780868194078	0.10262806841916379	0.8530869511630651	0.3215766648581843	0.2573009898124227	0.3635220347605658	0.5707119930488508	2.2214822630371622	1.0479544732599384	4.294815226071268	0.30118131644455454	0.8339454339564724	0.8530869511630651	0.3215766648581843	0.2573009898124227	0.3635220347605658	0.5707119930488508	2.2214822630371622	1.0479544732599384	4.294815226071268	0.30118131644455454	0.8339454339564724	5.8721328367369905	0.29860869190002537	0.20457520285300468	0.21018643080157137	0.2866296744453988	0.558002067778118	136.78257623418105	-950.1426797752172	4.811123134627369E-4	0.7234002928571328	4.5548884353733746E-4	1.64159371940729E-7	0.8281956124017186
9650000	-9608.869990311785	-8688.011837497917	-920.8581528138669	-8516.178221911854	86.96435107891877	1127.6356414898141	0.11999467315937963	0.6253854806017591	0.016728031974287356	0.08875525608458276	0.16844131352906208	0.9394721451391171	1.7242111781964164	0.33043466662718224	3.672928630244563	0.6234132196072545	0.6194185582813468	0.6253854806017591	0.016728031974287356	0.08875525608458276	0.16844131352906208	0.9394721451391171	1.7242111781964164	0.33043466662718224	3.672928630244563	0.6234132196072545	0.6194185582813468	5.8721328367369905	0.29860869190002537	0.20457520285300468	0.21018643080157137	0.2866296744453988	0.558002067778118	105.44704867648818	-910.5060521237683	5.482821618313021E-4	0.6783418445770042	4.846584958487691E-4	1.9736476727694298E-7	0.7909033498655714
9660000	-9629.131270577112	-8680.17321578337	-948.9580547937414	-8513.51434637303	89.58035415374583	1229.690601501292	0.13260758090811745	0.21916426245273485	0.031237123434496254	0.05876893571856622	4.396509521368098	1.1943298864793637	0.13187015779187033	0.6622216359811437	3.2449759535531344	0.6509843208454184	0.3238127526302317	0.21916426245273485	0.031237123434496254	0.05876893571856622	4.396509521368098	1.1943298864793637	0.13187015779187033	0.6622216359811437	3.2449759535531344	0.6509843208454184	0.3238127526302317	6.092997104512799	0.29860869190002537	0.20457520285300468	0.21018643080157137	0.2866296744453988	0.4932881919326184	132.7363199165389	-935.3968934754139	6.062947028647772E-4	0.9462862447094866	4.932894923175122E-4	2.9743365228069263E-7	0.8932451595256897
9670000	-9638.277415233326	-8673.101168932939	-965.1762463003877	-8500.019418083699	118.37682223394393	1424.8329813759422	0.09354276424920745	0.02526553331869796	0.0916283479841286	0.45341119880833963	0.8074464371114507	0.47589935292344565	0.7480752874633628	0.6102386191858641	1.8895435150234503	0.2514025214494529	0.27729692124007216	0.02526553331869796	0.0916283479841286	0.45341119880833963	0.8074464371114507	0.47589935292344565	0.7480752874633628	0.6102386191858641	1.8895435150234503	0.2514025214494529	0.27729692124007216	5.916973428239089	0.29860869190002537	0.20457520285300468	0.21018643080157137	0.2866296744453988	0.4932881919326184	133.34353556931717	-956.8911424139467	5.0594855768216E-4	0.9142201099946318	3.9677544181093146E-4	1.924702728745885E-7	0.873769962533821
9680000	-9638.534673910443	-8662.021827489187	-976.5128464212555	-8498.793126692277	137.4424788363985	1561.5068155106874	0.05432052774435426	0.052634891900988495	0.02163997558238629	0.4643872850001694	0.15933327447276635	0.2879873450894138	1.0666362849756137	0.0037803658132867855	2.2128703895056314	0.12244835933815132	0.7935860647673448	0.052634891900988495	0.02163997558238629	0.4643872850001694	0.15933327447276635	0.2879873450894138	1.0666362849756137	0.0037803658132867855	2.2128703895056314	0.12244835933815132	0.7935860647673448	5.916973428239089	0.29860869190002537	0.19954240888196362	0.21018643080157137	0.29166246841643984	0.4932881919326184	167.19332465353415	-967.7328781636849	4.997835075531411E-4	0.9083142495258477	3.5437054998006855E-4	3.4538108834033097E-7	1.1590550986592094
9690000	-9674.083568043741	-8669.519611654003	-1004.5639563897379	-8506.685549981297	140.58653188531378	1760.124210197809	0.0703363087679771	0.5070700932369426	0.0892301467244509	0.46543446325924637	1.182273885245396	0.39709765406638053	1.4685438939934434	0.13314084813687044	1.5804154722162413	0.21848202536123526	0.09758769935315932	0.5070700932369426	0.0892301467244509	0.46543446325924637	1.182273885245396	0.39709765406638053	1.4685438939934434	0.13314084813687044	1.5804154722162413	0.21848202536123526	0.09758769935315932	6.014639218317419	0.29860869190002537	0.19954240888196362	0.21018643080157137	0.29166246841643984	0.4611196271604479	195.64625715043783	-995.0483215975576	3.9963222218042924E-4	0.9792194588111969	3.257721661733129E-4	2.529375613937454E-7	1.1257953818224204
9700000	-9720.880778632747	-8680.726080138755	-1040.154698493993	-8510.480105548522	133.26806296613148	1898.1111181250637	0.093763316045128	0.14374344974114844	7.002505087885311E-4	0.4578837959563961	0.12296468433952165	0.3210782637759887	1.2975781126408164	0.3957785524113997	3.4193243151368278	0.0742521579279678	0.6884088675666481	0.14374344974114844	7.002505087885311E-4	0.4578837959563961	0.12296468433952165	0.3210782637759887	1.2975781126408164	0.3957785524113997	3.4193243151368278	0.0742521579279678	0.6884088675666481	6.014639218317419	0.29860869190002537	0.20780760926121009	0.2019212304223249	0.29166246841643984	0.5629028873589765	222.4110570768438	-1030.6065691296585	3.098419973287228E-4	0.8417578751596488	2.993458854199145E-4	9.471684741431931E-8	0.9282565719415109
9710000	-9700.186929154273	-8686.554702433683	-1013.632226720591	-8517.664841891794	121.02938423468814	1642.4871937038804	0.06672999794759511	1.4576854330978444	0.08054174032962381	0.4808179195507773	0.3299098224002206	0.3650901130812942	1.5304642338721584	0.30636984431914316	4.162775153637383	0.3619668921098591	0.6418542292604698	1.4576854330978444	0.08054174032962381	0.4808179195507773	0.3299098224002206	0.3650901130812942	1.5304642338721584	0.30636984431914316	4.162775153637383	0.3619668921098591	0.6418542292604698	7.227949926099605	0.29860869190002537	0.20780760926121009	0.2019212304223249	0.29166246841643984	0.4312785836168857	203.4677992578149	-1001.1606188282839	3.5018096446255166E-4	0.70095951831682	3.146784871434546E-4	7.097854427053775E-8	0.7649705071292551
9720000	-9692.260630279616	-8680.712450893452	-1011.548179386163	-8515.266152536697	137.03664897925623	1729.8005579782498	0.0588078116565378	0.5174445110858799	0.2527111838928837	0.09324425611612985	0.7834630708189397	1.854741287417681	1.1547233378934179	0.40963086047584485	3.7129660285303965	0.39683391930830625	4.351065732979843	0.5174445110858799	0.2527111838928837	0.09324425611612985	0.7834630708189397	1.854741287417681	1.1547233378934179	0.40963086047584485	3.7129660285303965	0.39683391930830625	4.351065732979843	6.49281555774611	0.2802837118297525	0.20780760926121009	0.2083112542139726	0.30359742469506507	0.4803976348748489	188.24234554298076	-995.0198237509146	3.4755469773314966E-4	0.7929205051098781	3.078268859220791E-4	9.720773258662697E-8	0.8532927597685449
9730000	-9676.762511835543	-8676.014982277671	-1000.7475295578714	-8506.75156799164	117.72032324804285	1647.20522391936	0.0831587567098267	0.20381402935153714	0.0781232798062389	1.259156778690536	1.2879641878310706	0.15384714456168064	1.236305159276225	0.10751967903715431	3.4994175434377963	0.08684476941868739	0.019083731856058474	0.20381402935153714	0.0781232798062389	1.259156778690536	1.2879641878310706	0.15384714456168064	1.236305159276225	0.10751967903715431	3.4994175434377963	0.08684476941868739	0.019083731856058474	6.49281555774611	0.2922746300161821	0.19581669107478045	0.2083112542139726	0.30359742469506507	0.4803976348748489	175.69469123992073	-990.3090132594369	3.746804326943301E-4	0.770559722143894	3.3296715592296024E-4	9.564098962668216E-8	0.8018284837887228
9740000	-9697.78829585661	-8697.355731104148	-1000.4325647524621	-8525.220903409785	126.19356801253136	1639.1109186198578	0.05136607791702204	1.0956680399441847	0.24598367665494003	1.2754596494293111	0.7134584269738975	0.9755198040667847	1.032739589929711	0.8982953955251556	5.432719322671395	0.10311707545683214	0.9055211805756148	1.0956680399441847	0.24598367665494003	1.2754596494293111	0.7134584269738975	0.9755198040667847	1.032739589929711	0.8982953955251556	5.432719322671395	0.10311707545683214	0.9055211805756148	5.629484644118568	0.3079272664253537	0.20310020051751343	0.2010277447712396	0.2879447882858935	0.4803976348748489	187.6899100509659	-984.7024716869132	4.2740621242447305E-4	0.7433313976178798	3.5309673936252634E-4	1.2601189881301907E-7	0.821064199480812
9750000	-9660.599099866711	-8683.984334824574	-976.614765042138	-8511.806656489942	106.97513677171659	1455.2326810976365	0.08030858181362718	0.2573784883437801	0.10756528596730694	1.3149547724184674	0.16124829134112617	0.7122199875879209	2.432922073586661	1.612900470094745	3.216859710079261	0.07565342958701679	1.5571919961202942	0.2573784883437801	0.10756528596730694	1.3149547724184674	0.16124829134112617	0.7122199875879209	2.432922073586661	1.612900470094745	3.216859710079261	0.07565342958701679	1.5571919961202942	6.579654035635974	0.3079272664253537	0.20310020051751343	0.2010277447712396	0.2879447882858935	0.4803976348748489	157.89876421475395	-962.4688778522719	4.570238296817548E-4	0.7870214415428519	3.8625615469758923E-4	1.850124981815571E-7	0.9062511119659916
9760000	-9661.56925124318	-8682.789531400744	-978.7797198424353	-8513.758653773431	116.651426102021	1474.9131427195127	0.08285186401309462	0.6427772602818831	0.27351658292297426	0.5597505979163611	0.1433530948988242	2.43774856274065	0.7500927256749031	0.12067640176469027	6.4517829142780165	1.1261008689273275	0.0926993340090841	0.6427772602818831	0.27351658292297426	0.5597505979163611	0.1433530948988242	2.43774856274065	0.7500927256749031	0.12067640176469027	6.4517829142780165	1.1261008689273275	0.0926993340090841	6.579654035635974	0.3079272664253537	0.20310020051751343	0.2010277447712396	0.2879447882858935	0.4803976348748489	142.0985524740309	-963.6066288497597	4.716478847629014E-4	0.7837483229500417	3.745905960302037E-4	2.2487532196719347E-7	0.9599832414621087
9770000	-9662.614489676207	-8696.826437228745	-965.7880524474616	-8529.427962626389	110.30445359475098	1355.5689713424254	0.10621306823092785	0.32423342405318706	0.017445634725760977	0.45156740280851204	0.14818116027741807	0.3131882848894509	3.2303022759846067	0.11240132883296301	3.6767259647155273	0.5629225350037603	0.11386186779295246	0.32423342405318706	0.017445634725760977	0.45156740280851204	0.14818116027741807	0.3131882848894509	3.2303022759846067	0.11240132883296301	3.6767259647155273	0.5629225350037603	0.11386186779295246	5.438075409193579	0.30369748812251407	0.20310020051751343	0.20525752307407918	0.2879447882858935	0.641377891373662	149.10270021508083	-954.6148686546193	5.237904743615297E-4	0.7583909405562345	4.320520845646522E-4	2.1584798408048635E-7	0.860824377739292
9780000	-9679.128781491774	-8675.459108064879	-1003.6696734268947	-8512.508462533024	157.54340872291746	1830.0218733807937	0.09674618867613614	0.6150205235918914	0.043724791601294166	0.6856236969127774	1.0845607877940733	0.038370379511718906	2.3856013108344607	0.32593772464482457	3.1583667870922896	0.4964946595486638	0.058328500125282685	0.6150205235918914	0.043724791601294166	0.6856236969127774	1.0845607877940733	0.038370379511718906	2.3856013108344607	0.32593772464482457	3.1583667870922896	0.4964946595486638	0.058328500125282685	6.005084415111826	0.30369748812251407	0.20310020051751343	0.20525752307407918	0.2879447882858935	0.4897980989046832	181.95842616373554	-992.2341620471399	4.344585279072791E-4	0.8274467828104853	3.2998365419499863E-4	1.6776737978596136E-7	0.938757326056962
9790000	-9668.955327322194	-8685.189216438728	-983.7661108834658	-8512.471295677908	128.38362410122113	1463.9699799383263	0.0631082419035382	0.16662685158935692	0.13334106295571227	1.226488835803059	1.167855872880178	0.6779658612929741	3.124852763089067	0.03196898940200152	5.503094082022831	0.5297016522037261	2.2657663270148816	0.16662685158935692	0.13334106295571227	1.226488835803059	1.167855872880178	0.6779658612929741	3.124852763089067	0.03196898940200152	5.503094082022831	0.5297016522037261	2.2657663270148816	7.388058954308559	0.30369748812251407	0.20310020051751343	0.20525752307407918	0.2879447882858935	0.6668673894517583	149.1584983240457	-965.7132656289415	4.298924525614306E-4	0.7786019436800155	3.703732058086157E-4	1.7558883973182638E-7	0.8985777177882183
9800000	-9655.86661347116	-8690.223379555715	-965.643233915446	-8524.65304058659	137.992296691975	1391.5101831941092	0.0901913175200366	0.4158488539576424	0.2494870668698668	0.5977690167513041	1.3581672249312642	0.7333177597129724	0.3503427170266926	0.40661989989061637	5.490423383497601	0.0816661623644422	0.540886332698364	0.4158488539576424	0.2494870668698668	0.5977690167513041	1.3581672249312642	0.7333177597129724	0.3503427170266926	0.40661989989061637	5.490423383497601	0.0816661623644422	0.540886332698364	6.440898112939668	0.30369748812251407	0.20310020051751343	0.20525752307407918	0.2879447882858935	0.5812348080600025	134.60281379927113	-953.000836023628	4.69235709221416E-4	0.7708539894537597	3.8123858817725196E-4	1.9460339678089558E-7	0.9054054418944624
9810000	-9644.600520792686	-8678.170127048472	-966.4303937442137	-8516.160684547787	141.65226048054134	1428.3012591972868	0.09613817325217408	0.42010963303353294	0.2164842178716894	0.8266478048231006	4.012900700118008	1.7174725115596448	8.10576775431146E-4	0.17305449868994408	3.215836094937356	0.5413512310927603	1.917930363566382	0.42010963303353294	0.2164842178716894	0.8266478048231006	4.012900700118008	1.7174725115596448	8.10576775431146E-4	0.17305449868994408	3.215836094937356	0.5413512310927603	1.917930363566382	6.440898112939668	0.29214670267550574	0.21465098596452176	0.2187850597994203	0.27441725156055236	0.49349049402753703	125.61447757657082	-951.0919706053356	4.5251473842295966E-4	0.8469223967247247	3.766559621986565E-4	1.6237143873744916E-7	0.8532256235215204
9820000	-9694.162547226784	-8690.679140145747	-1003.4834070810383	-8526.03476473642	166.39964184699443	1637.317638617965	0.09649510721232461	0.5205950232766898	0.07647065966718082	0.32726199427211483	0.956569737533862	1.6096056021759353	4.394055949898609	1.448647553012336	4.44168271796512	0.19717938107694605	0.9451917411138989	0.5205950232766898	0.07647065966718082	0.32726199427211483	0.956569737533862	1.6096056021759353	4.394055949898609	1.448647553012336	4.44168271796512	0.19717938107694605	0.9451917411138989	6.440898112939668	0.29214670267550574	0.21465098596452176	0.2187850597994203	0.27441725156055236	0.49349049402753703	159.48656299850575	-985.7224838675137	4.513630327515558E-4	0.9477674933835962	3.3860230251236045E-4	1.502162597652411E-7	0.8811510212245246
9830000	-9680.790529802876	-8683.052014758056	-997.7385150448204	-8520.881068115785	158.55685610242526	1707.6060527716888	0.08247548196706592	2.2278250942069766	0.027613707105544553	0.8749436405651402	1.8525294972337407	1.1460286459132392	1.1441576646293758	1.074341966286847	5.2683097086105075	0.09263982877382193	1.0864917031465595	2.2278250942069766	0.027613707105544553	0.8749436405651402	1.8525294972337407	1.1460286459132392	1.1441576646293758	1.074341966286847	5.2683097086105075	0.09263982877382193	1.0864917031465595	5.835772372010297	0.29214670267550574	0.21465098596452176	0.2084541807266621	0.28474813063331056	0.49349049402753703	166.60935701170044	-980.0365575736106	4.702670617922278E-4	0.9180179501584639	3.243547494052355E-4	1.8214452457604642E-7	0.9708534595789358
9840000	-9685.515315688986	-8686.108737728446	-999.406577960541	-8516.550083161786	136.8314686882831	1631.1562122133762	0.07684751722932165	0.14291997050441502	0.1001814434358299	1.2214013587831716	0.4157220707058044	2.1507676446180284	3.538652650992702	0.630325147932575	4.2805869503582645	0.09413403084994217	0.6248114727023825	0.14291997050441502	0.1001814434358299	1.2214013587831716	0.4157220707058044	2.1507676446180284	3.538652650992702	0.630325147932575	4.2805869503582645	0.09413403084994217	0.6248114727023825	6.454936522704645	0.29214670267550574	0.21465098596452176	0.2084541807266621	0.28474813063331056	0.49349049402753703	149.31674510186645	-983.1556142293251	4.708882792428746E-4	0.9212790534880158	3.558525067619466E-4	1.7937498739854124E-7	0.9355412807897503
9850000	-9638.782307455493	-8672.383257418744	-966.3990500367482	-8501.935104683325	121.60075431551871	1523.530521614971	0.08778822519956274	0.34222399239912354	0.23583981776804558	0.32303958656748855	0.35621224974615506	0.35764173685692435	0.543220557877885	0.9216649842819248	2.3624548361276383	0.09709569209601307	0.07488217166987925	0.34222399239912354	0.23583981776804558	0.32303958656748855	0.35621224974615506	0.35764173685692435	0.543220557877885	0.9216649842819248	2.3624548361276383	0.09709569209601307	0.07488217166987925	6.454936522704645	0.29214670267550574	0.21465098596452176	0.2084541807266621	0.28474813063331056	0.49349049402753703	138.3834445837858	-957.9571654053639	5.174382868384438E-4	0.8939937392002298	3.5725659136160283E-4	2.901593170834601E-7	1.147680969331958
9860000	-9667.374034077788	-8690.932001301091	-976.442032776697	-8518.74924920476	135.28074391196532	1564.2546855866067	0.059226398705399676	0.3368348618652036	0.512989537914922	0.08636376822263836	1.6570577124203674	1.5428282874585089	0.2874383190279278	1.9860030610377293	5.810431314197778	1.6951669445498059	0.5718035482297532	0.3368348618652036	0.512989537914922	0.08636376822263836	1.6570577124203674	1.5428282874585089	0.2874383190279278	1.9860030610377293	5.810431314197778	1.6951669445498059	0.5718035482297532	6.454936522704645	0.28424589744582074	0.21465098596452176	0.2084541807266621	0.29264893586299556	0.5109654541365412	135.6766820451595	-958.6470272966836	5.235393790055402E-4	0.8776125178754108	3.564340326236601E-4	2.674789591835791E-7	1.027193543901002
9870000	-9644.836672873327	-8676.768132480893	-968.068540392434	-8517.793575354563	175.63583776213017	1487.2617946347127	0.10013015922304229	0.008586341175516437	0.029333793361497853	0.07332074098618768	2.3475403503422214	1.31049380988018	0.8545639924985687	0.11429118124887189	6.327263418242231	1.2266139887425052	0.4387483907840972	0.008586341175516437	0.029333793361497853	0.07332074098618768	2.3475403503422214	1.31049380988018	0.8545639924985687	0.11429118124887189	6.327263418242231	1.2266139887425052	0.4387483907840972	6.454936522704645	0.29494461151127144	0.21465098596452176	0.2084541807266621	0.28195022179754486	0.5109654541365412	123.57898870014948	-952.3741970774118	6.100877697076706E-4	0.952430507106147	4.070993477968114E-4	4.2194865479301986E-7	1.1369640393939444
9880000	-9607.733916598041	-8661.729152231812	-946.0047643662288	-8492.804647865269	125.56647264219069	1282.6144325532223	0.1479707736782112	0.33351305543820126	0.19289587914714582	0.21558214508949336	1.153231408483118	0.728222020765305	0.1314969322086031	0.02422191870194966	2.758113531379254	0.03756582794180013	0.11289612047833253	0.33351305543820126	0.19289587914714582	0.21558214508949336	1.153231408483118	0.728222020765305	0.1314969322086031	0.02422191870194966	2.758113531379254	0.03756582794180013	0.11289612047833253	6.967427646099176	0.29494461151127144	0.21465098596452176	0.2084541807266621	0.28195022179754486	0.5109654541365412	126.75196296493226	-938.0227085203952	5.985385277239259E-4	0.8234466104036968	4.260247102121899E-4	4.496327144304526E-7	1.1459412152721926
9890000	-9653.797996623955	-8691.148911214068	-962.649085409886	-8519.992437416086	124.20844913834328	1402.5855773693106	0.04711909980584764	0.4392729162943648	0.32197864919425595	0.9782120126943631	2.282198013930201	2.726557370755353	0.011038348331764794	0.16144960254834617	7.091083486190255	0.23527082006573383	0.3881803072907346	0.4392729162943648	0.32197864919425595	0.9782120126943631	2.282198013930201	2.726557370755353	0.011038348331764794	0.16144960254834617	7.091083486190255	0.23527082006573383	0.3881803072907346	6.967427646099176	0.29494461151127144	0.20815326744080342	0.21495189925038044	0.28195022179754486	0.5109654541365412	122.65010868069315	-944.6076440208508	4.5370290510416295E-4	0.840587137773514	3.572671834575476E-4	2.183516055065118E-7	0.9904229045255134
9900000	-9614.359552791271	-8665.099982283424	-949.2595705078476	-8496.18605975346	150.76988620359177	1383.6524229468591	0.09322232544889032	0.27881941035822766	0.21142822323833776	0.18237929667330047	0.6413809282730623	0.8515011223915154	1.471451842866978	0.17178022362788817	3.413591813693598	0.8673796773252044	0.8815475668607379	0.27881941035822766	0.21142822323833776	0.18237929667330047	0.6413809282730623	0.8515011223915154	1.471451842866978	0.17178022362788817	3.413591813693598	0.8673796773252044	0.8815475668607379	5.749999755447922	0.29494461151127144	0.20815326744080342	0.21495189925038044	0.28195022179754486	0.5109654541365412	111.16515024691614	-937.69254826605	5.671884020537534E-4	0.9280252172504693	4.235442266716886E-4	4.0549126412064274E-7	1.070519083090246
9910000	-9586.702337835191	-8658.975696229183	-927.7266416060089	-8490.852671732733	126.27968872754614	1216.8005016752384	0.12150979263171244	0.12006123485426475	0.2548657896976131	0.5365787178355761	0.2179931804625253	0.7067759462684194	0.6299650756062314	2.1479508734421615	2.7743054319670457	0.11780496701473149	0.2805935348122502	0.12006123485426475	0.2548657896976131	0.5365787178355761	0.2179931804625253	0.7067759462684194	0.6299650756062314	2.1479508734421615	2.7743054319670457	0.11780496701473149	0.2805935348122502	6.132623552753985	0.29494461151127144	0.20815326744080342	0.21495189925038044	0.28195022179754486	0.5109654541365412	114.28856288810516	-917.2966352713165	6.109794463091188E-4	0.9646148464569589	4.640636683022042E-4	4.532615508704175E-7	1.056228152854401
9920000	-9580.06336231676	-8673.40333809421	-906.6600242225508	-8507.926047202227	109.48865889615199	1080.2122950658986	0.07395923862928669	0.05422640581572805	0.08448460907490914	0.5090483519113528	0.10422909154352444	0.2112489443303504	1.5155376081645973	0.09426842864817539	1.2794093778575062	0.2444132019899851	0.5630754181784238	0.05422640581572805	0.08448460907490914	0.5090483519113528	0.10422909154352444	0.2112489443303504	1.5155376081645973	0.09426842864817539	1.2794093778575062	0.2444132019899851	0.5630754181784238	6.132623552753985	0.29494461151127144	0.20815326744080342	0.21495189925038044	0.28195022179754486	0.5109654541365412	92.0401930043653	-899.2228483723865	6.614979374660841E-4	0.8603389826303561	5.269590998630241E-4	4.0184723071639884E-7	0.9232866351323761
9930000	-9603.821750016894	-8697.114443815066	-906.7073062018274	-8527.635212695282	92.24355583115714	994.9494944719034	0.08209921577540594	1.2167493850868414	0.08154401421956892	0.11003549103470868	0.6248102865559835	1.8522356690284414	2.159531470300439	0.8252437171798931	3.7565176393309865	0.9050578266843892	0.1276550883689397	1.2167493850868414	0.08154401421956892	0.11003549103470868	0.6248102865559835	1.8522356690284414	2.159531470300439	0.8252437171798931	3.7565176393309865	0.9050578266843892	0.1276550883689397	6.132623552753985	0.29494461151127144	0.20815326744080342	0.22424782497225035	0.27265429607567493	0.5109654541365412	83.98581680005634	-892.3199210998403	6.924051730899068E-4	0.9041812948825965	5.555204434371343E-4	5.395755989851275E-7	1.0301648726056876
9940000	-9647.130734534914	-8683.647450357874	-963.4832841770399	-8519.46657268341	128.35972516588004	1319.9532926327056	0.07258471063283733	0.58942106623669	0.2463244327550589	0.8205988175438832	0.44071256590573255	1.424309594177216	1.73124943386646	0.07007955700591573	5.983068263564787	0.20775150638989873	2.437057693640017	0.58942106623669	0.2463244327550589	0.8205988175438832	0.44071256590573255	1.424309594177216	1.73124943386646	0.07007955700591573	5.983068263564787	0.20775150638989873	2.437057693640017	5.602369177687736	0.307029718280451	0.20815326744080342	0.21216271820307078	0.27265429607567493	0.5109654541365412	125.38614549331334	-946.611509175574	5.346645979512858E-4	0.923126840657871	4.2885566439540654E-4	2.9000119411454016E-7	0.9940138994839133
9950000	-9619.728841633454	-8696.107597935283	-923.621243698172	-8515.561886025544	114.36488817710666	1169.3893379684032	0.14318147171237608	0.3144674529418219	0.0965278721509536	0.12823830626380922	0.2790912345011605	0.48259221670186214	3.3368566303436475	0.1367120130206567	1.388514775683035	0.046613764291238494	0.19533285579551157	0.3144674529418219	0.0965278721509536	0.12823830626380922	0.2790912345011605	0.48259221670186214	3.3368566303436475	0.1367120130206567	1.388514775683035	0.046613764291238494	0.19533285579551157	5.458289809552861	0.288947977042972	0.20815326744080342	0.2302444594405498	0.27265429607567493	0.5109654541365412	90.21267953299858	-915.5939300260362	5.788681423595668E-4	0.8542370251122415	4.6132291461102343E-4	3.349360324697204E-7	1.0314103028358006
9960000	-9654.599223466676	-8693.757368727429	-960.8418547392472	-8522.220240897452	125.27529147487479	1368.0586076352663	0.09865317980087589	0.3685947056401355	0.059436041253892694	0.9717073385809427	0.41294774870842554	0.39564053576462493	0.8117547141909031	1.013399304094809	2.9588859140478356	0.07014041007498605	0.31118644718268357	0.3685947056401355	0.059436041253892694	0.9717073385809427	0.41294774870842554	0.39564053576462493	0.8117547141909031	1.013399304094809	2.9588859140478356	0.07014041007498605	0.31118644718268357	5.458289809552861	0.288947977042972	0.20815326744080342	0.2302444594405498	0.27265429607567493	0.639447142009726	115.98635565618046	-951.1152463596405	5.194492777996713E-4	0.8879880302816808	4.4049960151235686E-4	2.467751175540304E-7	0.9788633752232783
9970000	-9619.316728127424	-8662.73246598672	-956.5842621407027	-8500.859871550067	114.50606632827007	1289.990721363377	0.04678102739874111	0.0510546564093387	0.0592959161522754	0.41678410785879966	0.26707038361091817	0.2419974694281418	0.5892280937634362	0.252704586239705	2.9871551216575165	0.4213752283130306	0.23302805521697453	0.0510546564093387	0.0592959161522754	0.41678410785879966	0.26707038361091817	0.2419974694281418	0.5892280937634362	0.252704586239705	2.9871551216575165	0.4213752283130306	0.23302805521697453	5.73465096180265	0.288947977042972	0.21966201899702345	0.21873570788432978	0.27265429607567493	0.46144430169893536	133.98011365977536	-947.5777881878653	5.700275104773285E-4	0.8808006106809303	4.3637256718312927E-4	2.94154259530404E-7	0.9631154776274495
9980000	-9614.646279502198	-8675.62627602971	-939.0200034724869	-8507.865442628801	127.34718220429554	1256.139351336995	0.08210367919791697	1.059969697400513	0.10575255648186065	0.5562077110241578	0.22309104967203613	1.9987913102488903	1.799087058356244	0.37560079397706103	3.0951435012929065	0.9137068344769186	1.401091073914653	1.059969697400513	0.10575255648186065	0.5562077110241578	0.22309104967203613	1.9987913102488903	1.799087058356244	0.37560079397706103	3.0951435012929065	0.9137068344769186	1.401091073914653	6.366623808995366	0.288947977042972	0.20823369994746868	0.2159406521997895	0.28687767080977	0.46144430169893536	123.03464958771555	-923.9164982496691	6.422376475170707E-4	1.0795001474950507	4.3357019968021554E-4	5.741458420996591E-7	1.2378811557772942
9990000	-9657.52422077916	-8677.302345628244	-980.2218751509153	-8515.293277747593	149.78169650504418	1545.7568304651224	0.10777182510523999	0.2006018983361564	0.054516708791281884	0.3191936990412352	0.07555715633013253	0.6336051913107499	0.37426772627592736	0.08878890974992443	3.741576251399865	0.15817082628154858	0.6714263337296921	0.2006018983361564	0.054516708791281884	0.3191936990412352	0.07555715633013253	0.6336051913107499	0.37426772627592736	0.08878890974992443	3.741576251399865	0.15817082628154858	0.6714263337296921	5.241961467845171	0.288947977042972	0.20823369994746868	0.2159406521997895	0.28687767080977	0.46144430169893536	145.13851605924438	-971.4817951660985	5.142101386990726E-4	0.9362403812586639	3.6331032732891234E-4	2.9016845486652525E-7	1.155919780973254
10000000	-9659.817102004039	-8671.939757777658	-987.8773442263818	-8513.8408163887	128.08345719745938	1506.5912649244501	0.04803248560069178	0.7303309670287627	0.10326644592020587	0.49862424549805295	0.4276566313234437	1.1177465299297558	0.33221724762291643	0.022161284439972874	3.972931779845489	0.3340640198633445	0.6807100187916149	0.7303309670287627	0.10326644592020587	0.49862424549805295	0.4276566313234437	1.1177465299297558	0.33221724762291643	0.022161284439972874	3.972931779845489	0.3340640198633445	0.6807100187916149	6.570742926206628	0.288947977042972	0.20823369994746868	0.2159406521997895	0.28687767080977	0.46144430169893536	158.5935461126984	-976.642132305519	4.674169066744007E-4	0.6855383943210616	3.9851055380083487E-4	1.3646044092665066E-7	0.8209908869182807
