#
#model:
#
#<?xml version="1.0" encoding="UTF-8" standalone="no"?><input id="posterior" spec="beast.base.inference.CompoundDistribution">
#    <distribution id="prior" spec="beast.base.inference.CompoundDistribution">
#        <distribution id="CoalescentConstant.t:H_clade_3_5state" spec="beast.base.evolution.tree.coalescent.Coalescent">
#            <populationModel id="ConstantPopulation.t:H_clade_3_5state" spec="beast.base.evolution.tree.coalescent.ConstantPopulation">
#                <parameter id="popSize.t:H_clade_3_5state" lower="0.0" name="popSize" spec="beast.base.inference.parameter.RealParameter">0.3</parameter>
#            </populationModel>
#            <treeIntervals id="TreeIntervals.t:H_clade_3_5state" spec="beast.base.evolution.tree.TreeIntervals">
#                <tree id="Tree.t:H_clade_3_5state" spec="beast.base.evolution.tree.Tree">
#                    <trait id="dateTrait.t:H_clade_3_5state" spec="beast.base.evolution.tree.TraitSet" traitname="date-forward" value="KU666057|procyonid|2012.896=2012.896,PX789676|procyonid|2019.312=2019.312,MT932511|wild_felid|1992.787=1992.787,MT932504|wild_felid|1992.667=1992.667,MT932505|procyonid|1992.000=1992.000,MT932510|procyonid|2013.268=2013.268,MT932509|procyonid|2013.230=2013.230,MT932507|wild_canid|2013.238=2013.238,MT932506|procyonid|2013.164=2013.164,MT932508|procyonid|2013.195=2013.195,EU716337|domestic_dog|2004.675=2004.675,PX789675|wild_canid|2019.304=2019.304,MW984532|wild_felid|2015.964=2015.964,MW984531|wild_felid|2015.989=2015.989,MW984530|wild_felid|2015.912=2015.912,MW984527|wild_felid|2015.951=2015.951,MW984533|procyonid|2016.322=2016.322,MW984534|mustelid|2016.336=2016.336,MW984536|mustelid|2016.301=2016.301,MH644852|mustelid|2017.660=2017.660,MH644855|mustelid|2016.973=2016.973,MH644853|mustelid|2016.973=2016.973,MH644854|mustelid|2017.301=2017.301,MH644851|procyonid|2017.167=2017.167,MH644849|wild_canid|2016.210=2016.210,PX789692|procyonid|2023.030=2023.030,PX789695|procyonid|2022.819=2022.819,PX789698|procyonid|2022.805=2022.805,PX789703|procyonid|2023.392=2023.392,MH644850|mustelid|2016.361=2016.361,PX789700|procyonid|2022.926=2022.926,MT943490|wild_felid|2013.748=2013.748,MH810099|domestic_dog|2017.970=2017.970,MW984535|procyonid|2015.951=2015.951,PX789678|domestic_dog|2021.041=2021.041,PX789674|domestic_dog|2023.622=2023.622,MK487379|procyonid|2016.500=2016.500,MK473365|wild_canid|2017.500=2017.500,MK473366|wild_canid|2017.500=2017.500,KJ123771|domestic_dog|2004.500=2004.500,KF430374|mustelid|2004.500=2004.500,KF430373|mustelid|2007.500=2007.500,KF430371|mustelid|2007.500=2007.500,KF430372|mustelid|2007.500=2007.500,MN824467|procyonid|2018.500=2018.500,MG797669|domestic_dog|2017.500=2017.500,JF283477|domestic_dog|2010.500=2010.500,OK667001|procyonid|2014.500=2014.500,OK666993|procyonid|2014.500=2014.500,OK666919|wild_canid|2013.500=2013.500,OK666870|wild_canid|2016.500=2016.500,OK666917|domestic_dog|2012.500=2012.500,OK667043|procyonid|2017.500=2017.500,OK666936|wild_canid|2017.500=2017.500,OK667038|procyonid|2017.500=2017.500,OK667026|procyonid|2016.500=2016.500,OK666884|mustelid|2016.500=2016.500,OK666997|procyonid|2014.500=2014.500,OK666983|procyonid|2014.500=2014.500,OK666886|mustelid|2016.500=2016.500,OK666974|procyonid|2014.500=2014.500,OK667009|procyonid|2015.500=2015.500,OK666928|wild_canid|2016.500=2016.500,OK666932|wild_canid|2017.500=2017.500,OK666909|wild_canid|2017.500=2017.500,OK666908|wild_canid|2017.500=2017.500,OK666912|wild_canid|2017.500=2017.500,OK667023|procyonid|2015.500=2015.500,OK666924|wild_canid|2015.500=2015.500,OK666994|procyonid|2014.500=2014.500,OK666926|wild_canid|2015.500=2015.500,OK666920|wild_canid|2015.500=2015.500,OK667030|procyonid|2016.500=2016.500,OK666872|mustelid|2015.500=2015.500,OK667039|procyonid|2017.500=2017.500,OK666905|wild_canid|2017.500=2017.500,OK666934|wild_canid|2017.500=2017.500,OK666906|wild_canid|2017.500=2017.500,OK666914|wild_canid|2017.500=2017.500,OK667025|procyonid|2016.500=2016.500,OK666904|wild_canid|2016.500=2016.500,OK666890|mustelid|2016.500=2016.500,OK666910|wild_canid|2017.500=2017.500,OK666880|mustelid|2016.500=2016.500,OK666885|mustelid|2016.500=2016.500,OK667020|procyonid|2015.500=2015.500,OK667021|procyonid|2015.500=2015.500,OK666971|procyonid|2014.500=2014.500,OK666970|procyonid|2014.500=2014.500,OK666963|procyonid|2014.500=2014.500,OK666959|procyonid|2014.500=2014.500,OK666955|procyonid|2013.500=2013.500,OK666952|procyonid|2013.500=2013.500,OK666958|procyonid|2014.500=2014.500,OK666973|procyonid|2014.500=2014.500,OK666986|procyonid|2014.500=2014.500,OK666985|procyonid|2014.500=2014.500,OK667005|procyonid|2015.500=2015.500,OK667004|procyonid|2015.500=2015.500,OK667003|procyonid|2014.500=2014.500,OK667007|procyonid|2015.500=2015.500,OK666999|procyonid|2014.500=2014.500,OK666978|procyonid|2014.500=2014.500,OK666925|wild_canid|2015.500=2015.500,OK666998|procyonid|2014.500=2014.500,OK666977|procyonid|2014.500=2014.500,OK666950|procyonid|2013.500=2013.500,OK666948|procyonid|2013.500=2013.500,OK666946|procyonid|2013.500=2013.500,OK666954|procyonid|2013.500=2013.500,OK666980|procyonid|2014.500=2014.500,OK666976|procyonid|2014.500=2014.500,OK666975|procyonid|2014.500=2014.500,OK666949|procyonid|2013.500=2013.500,OK666940|procyonid|2010.500=2010.500,OK666979|procyonid|2014.500=2014.500,OK666933|wild_canid|2017.500=2017.500,OK666911|wild_canid|2017.500=2017.500,OK666921|wild_canid|2015.500=2015.500,OK666960|procyonid|2014.500=2014.500,OK666951|procyonid|2013.500=2013.500,OK666945|procyonid|2013.500=2013.500,OK666984|procyonid|2014.500=2014.500,OK666939|mustelid|2014.500=2014.500,OK667000|procyonid|2014.500=2014.500,OK667036|procyonid|2016.500=2016.500,OK667031|procyonid|2016.500=2016.500,OK667035|procyonid|2016.500=2016.500,OK667002|procyonid|2014.500=2014.500,OK666992|procyonid|2014.500=2014.500,OK667010|procyonid|2015.500=2015.500,OK667042|procyonid|2017.500=2017.500,OK667034|procyonid|2016.500=2016.500,OK667033|procyonid|2016.500=2016.500,OK667019|procyonid|2015.500=2015.500,OK667041|procyonid|2017.500=2017.500,OK667044|procyonid|2017.500=2017.500,OK667032|procyonid|2016.500=2016.500,OK667024|procyonid|2016.500=2016.500,OK667018|procyonid|2015.500=2015.500,OK667006|procyonid|2015.500=2015.500,OK667013|procyonid|2015.500=2015.500,OK667028|procyonid|2016.500=2016.500,OK667012|procyonid|2015.500=2015.500,OK666931|wild_canid|2017.500=2017.500,OK667029|procyonid|2016.500=2016.500,OK667016|procyonid|2015.500=2015.500,OK666877|mustelid|2016.500=2016.500,OK666878|mustelid|2016.500=2016.500,OK666876|mustelid|2016.500=2016.500,OK667040|procyonid|2017.500=2017.500,OK667015|procyonid|2015.500=2015.500,OK666935|wild_canid|2017.500=2017.500,OK667037|procyonid|2016.500=2016.500,OK666927|wild_canid|2015.500=2015.500,OK666889|mustelid|2016.500=2016.500,OK667022|procyonid|2015.500=2015.500,OK666879|mustelid|2016.500=2016.500,OK666937|wild_canid|2017.500=2017.500,OK666907|wild_canid|2017.500=2017.500,MK487378|wild_felid|2016.500=2016.500,OK666930|wild_canid|2017.500=2017.500">
#                        <taxa id="TaxonSet.H_clade_3_5state" spec="beast.base.evolution.alignment.TaxonSet">
#                        </taxa>
#                    </trait>
#                    <taxonset idref="TaxonSet.H_clade_3_5state"/>
#                </tree>
#            </treeIntervals>
#        </distribution>
#        <prior id="FrequenciesPrior.s:H_clade_3_5state" name="distribution">
#            <parameter dimension="4" id="freqParameter.s:H_clade_3_5state" lower="0.0" name="x" spec="beast.base.inference.parameter.RealParameter" upper="1.0">0.25</parameter>
#            <distr id="Dirichlet.0" spec="beast.base.inference.distribution.Dirichlet">
#                <parameter dimension="4" estimate="false" id="RealParameter.12" name="alpha" spec="beast.base.inference.parameter.RealParameter">4.0 4.0 4.0 4.0</parameter>
#            </distr>
#        </prior>
#        <prior id="GammaShapePrior.s:H_clade_3_5state" name="distribution">
#            <parameter id="gammaShape.s:H_clade_3_5state" lower="0.1" name="x" spec="beast.base.inference.parameter.RealParameter">1.0</parameter>
#            <Exponential id="Exponential.0" name="distr">
#                <parameter estimate="false" id="RealParameter.0" name="mean" spec="beast.base.inference.parameter.RealParameter">1.0</parameter>
#            </Exponential>
#        </prior>
#        <prior id="KappaPrior.s:H_clade_3_5state" name="distribution">
#            <parameter id="kappa.s:H_clade_3_5state" lower="0.0" name="x" spec="beast.base.inference.parameter.RealParameter">2.0</parameter>
#            <LogNormal id="LogNormalDistributionModel.0" name="distr">
#                <parameter estimate="false" id="RealParameter.10" name="M" spec="beast.base.inference.parameter.RealParameter">1.0</parameter>
#                <parameter estimate="false" id="RealParameter.11" name="S" spec="beast.base.inference.parameter.RealParameter">1.25</parameter>
#            </LogNormal>
#        </prior>
#        <prior id="PopSizePrior.t:H_clade_3_5state" name="distribution" x="@popSize.t:H_clade_3_5state">
#            <OneOnX id="OneOnX.1" name="distr"/>
#        </prior>
#        <prior id="relativeGeoRatesPrior.s:host" name="distribution">
#            <parameter dimension="10" id="relativeGeoRates.s:host" name="x" spec="beast.base.inference.parameter.RealParameter">1.0</parameter>
#            <Gamma id="Gamma.2" name="distr">
#                <parameter estimate="false" id="RealParameter.5" name="alpha" spec="beast.base.inference.parameter.RealParameter">1.0</parameter>
#                <parameter estimate="false" id="RealParameter.6" name="beta" spec="beast.base.inference.parameter.RealParameter">1.0</parameter>
#            </Gamma>
#        </prior>
#        <prior id="geoclockPrior.c:host" name="distribution">
#            <parameter id="traitClockRate.c:host" name="x" spec="beast.base.inference.parameter.RealParameter">1.0</parameter>
#            <LogNormal id="LogNormalDistributionModel.1" name="distr">
#                <parameter estimate="false" id="RealParameter.18" name="M" spec="beast.base.inference.parameter.RealParameter">1.0</parameter>
#                <parameter estimate="false" id="RealParameter.19" lower="0.0" name="S" spec="beast.base.inference.parameter.RealParameter" upper="5.0">1.25</parameter>
#            </LogNormal>
#        </prior>
#        <prior id="MeanRatePrior.c:H_clade_3_5state" name="distribution">
#            <parameter id="ucldMean.c:H_clade_3_5state" lower="0.0" name="x" spec="beast.base.inference.parameter.RealParameter">7.46E-4</parameter>
#            <LogNormal id="LogNormalDistributionModel.2" meanInRealSpace="true" name="distr">
#                <parameter estimate="false" id="RealParameter.20" name="M" spec="beast.base.inference.parameter.RealParameter">7.46E-4</parameter>
#                <parameter estimate="false" id="RealParameter.21" lower="0.0" name="S" spec="beast.base.inference.parameter.RealParameter" upper="5.0">1.0</parameter>
#            </LogNormal>
#        </prior>
#        <prior id="ucldStdevPrior.c:H_clade_3_5state" name="distribution">
#            <parameter id="ucldStdev.c:H_clade_3_5state" lower="0.0" name="x" spec="beast.base.inference.parameter.RealParameter">0.1</parameter>
#            <Gamma id="Gamma.4" name="distr">
#                <parameter estimate="false" id="RealParameter.14" name="alpha" spec="beast.base.inference.parameter.RealParameter">0.5396</parameter>
#                <parameter estimate="false" id="RealParameter.15" name="beta" spec="beast.base.inference.parameter.RealParameter">0.3819</parameter>
#            </Gamma>
#        </prior>
#    </distribution>
#    <distribution id="likelihood" spec="beast.base.inference.CompoundDistribution" useThreads="true">
#        <distribution data="@H_clade_3_5state" id="treeLikelihood.H_clade_3_5state" spec="beast.base.evolution.likelihood.ThreadedTreeLikelihood" tree="@Tree.t:H_clade_3_5state">
#            <siteModel gammaCategoryCount="4" id="SiteModel.s:H_clade_3_5state" shape="@gammaShape.s:H_clade_3_5state" spec="beast.base.evolution.sitemodel.SiteModel">
#                <parameter estimate="false" id="mutationRate.s:H_clade_3_5state" lower="0.0" name="mutationRate" spec="beast.base.inference.parameter.RealParameter">1.0</parameter>
#                <parameter estimate="false" id="proportionInvariant.s:H_clade_3_5state" lower="0.0" name="proportionInvariant" spec="beast.base.inference.parameter.RealParameter" upper="1.0">0.0</parameter>
#                <substModel id="hky.s:H_clade_3_5state" kappa="@kappa.s:H_clade_3_5state" spec="beast.base.evolution.substitutionmodel.HKY">
#                    <frequencies frequencies="@freqParameter.s:H_clade_3_5state" id="estimatedFreqs.s:H_clade_3_5state" spec="beast.base.evolution.substitutionmodel.Frequencies"/>
#                </substModel>
#            </siteModel>
#            <branchRateModel clock.rate="@ucldMean.c:H_clade_3_5state" id="RelaxedClock.c:H_clade_3_5state" spec="beast.base.evolution.branchratemodel.UCRelaxedClockModel" tree="@Tree.t:H_clade_3_5state">
#                <LogNormal S="@ucldStdev.c:H_clade_3_5state" id="LogNormalDistributionModel.c:H_clade_3_5state" meanInRealSpace="true" name="distr">
#                    <parameter estimate="false" id="RealParameter.13" lower="0.0" name="M" spec="beast.base.inference.parameter.RealParameter" upper="1.0">1.0</parameter>
#                </LogNormal>
#                <rateCategories dimension="322" id="rateCategories.c:H_clade_3_5state" spec="beast.base.inference.parameter.IntegerParameter">1</rateCategories>
#            </branchRateModel>
#        </distribution>
#        <distribution id="traitedtreeLikelihood.host" spec="beastclassic.evolution.likelihood.AncestralStateTreeLikelihood" tag="location" tree="@Tree.t:H_clade_3_5state">
#            <data id="host" spec="beastclassic.evolution.alignment.AlignmentFromTrait">
#                <traitSet id="traitSet.host" spec="beast.base.evolution.tree.TraitSet" taxa="@TaxonSet.H_clade_3_5state" traitname="discrete">KU666057|procyonid|2012.896=procyonid,
#PX789676|procyonid|2019.312=procyonid,
#MT932511|wild_felid|1992.787=wild_felid,
#MT932504|wild_felid|1992.667=wild_felid,
#MT932505|procyonid|1992.000=procyonid,
#MT932510|procyonid|2013.268=procyonid,
#MT932509|procyonid|2013.230=procyonid,
#MT932507|wild_canid|2013.238=wild_canid,
#MT932506|procyonid|2013.164=procyonid,
#MT932508|procyonid|2013.195=procyonid,
#EU716337|domestic_dog|2004.675=domestic_dog,
#PX789675|wild_canid|2019.304=wild_canid,
#MW984532|wild_felid|2015.964=wild_felid,
#MW984531|wild_felid|2015.989=wild_felid,
#MW984530|wild_felid|2015.912=wild_felid,
#MW984527|wild_felid|2015.951=wild_felid,
#MW984533|procyonid|2016.322=procyonid,
#MW984534|mustelid|2016.336=mustelid,
#MW984536|mustelid|2016.301=mustelid,
#MH644852|mustelid|2017.660=mustelid,
#MH644855|mustelid|2016.973=mustelid,
#MH644853|mustelid|2016.973=mustelid,
#MH644854|mustelid|2017.301=mustelid,
#MH644851|procyonid|2017.167=procyonid,
#MH644849|wild_canid|2016.210=wild_canid,
#PX789692|procyonid|2023.030=procyonid,
#PX789695|procyonid|2022.819=procyonid,
#PX789698|procyonid|2022.805=procyonid,
#PX789703|procyonid|2023.392=procyonid,
#MH644850|mustelid|2016.361=mustelid,
#PX789700|procyonid|2022.926=procyonid,
#MT943490|wild_felid|2013.748=wild_felid,
#MH810099|domestic_dog|2017.970=domestic_dog,
#MW984535|procyonid|2015.951=procyonid,
#PX789678|domestic_dog|2021.041=domestic_dog,
#PX789674|domestic_dog|2023.622=domestic_dog,
#MK487379|procyonid|2016.500=procyonid,
#MK473365|wild_canid|2017.500=wild_canid,
#MK473366|wild_canid|2017.500=wild_canid,
#KJ123771|domestic_dog|2004.500=domestic_dog,
#KF430374|mustelid|2004.500=mustelid,
#KF430373|mustelid|2007.500=mustelid,
#KF430371|mustelid|2007.500=mustelid,
#KF430372|mustelid|2007.500=mustelid,
#MN824467|procyonid|2018.500=procyonid,
#MG797669|domestic_dog|2017.500=domestic_dog,
#JF283477|domestic_dog|2010.500=domestic_dog,
#OK667001|procyonid|2014.500=procyonid,
#OK666993|procyonid|2014.500=procyonid,
#OK666919|wild_canid|2013.500=wild_canid,
#OK666870|wild_canid|2016.500=wild_canid,
#OK666917|domestic_dog|2012.500=domestic_dog,
#OK667043|procyonid|2017.500=procyonid,
#OK666936|wild_canid|2017.500=wild_canid,
#OK667038|procyonid|2017.500=procyonid,
#OK667026|procyonid|2016.500=procyonid,
#OK666884|mustelid|2016.500=mustelid,
#OK666997|procyonid|2014.500=procyonid,
#OK666983|procyonid|2014.500=procyonid,
#OK666886|mustelid|2016.500=mustelid,
#OK666974|procyonid|2014.500=procyonid,
#OK667009|procyonid|2015.500=procyonid,
#OK666928|wild_canid|2016.500=wild_canid,
#OK666932|wild_canid|2017.500=wild_canid,
#OK666909|wild_canid|2017.500=wild_canid,
#OK666908|wild_canid|2017.500=wild_canid,
#OK666912|wild_canid|2017.500=wild_canid,
#OK667023|procyonid|2015.500=procyonid,
#OK666924|wild_canid|2015.500=wild_canid,
#OK666994|procyonid|2014.500=procyonid,
#OK666926|wild_canid|2015.500=wild_canid,
#OK666920|wild_canid|2015.500=wild_canid,
#OK667030|procyonid|2016.500=procyonid,
#OK666872|mustelid|2015.500=mustelid,
#OK667039|procyonid|2017.500=procyonid,
#OK666905|wild_canid|2017.500=wild_canid,
#OK666934|wild_canid|2017.500=wild_canid,
#OK666906|wild_canid|2017.500=wild_canid,
#OK666914|wild_canid|2017.500=wild_canid,
#OK667025|procyonid|2016.500=procyonid,
#OK666904|wild_canid|2016.500=wild_canid,
#OK666890|mustelid|2016.500=mustelid,
#OK666910|wild_canid|2017.500=wild_canid,
#OK666880|mustelid|2016.500=mustelid,
#OK666885|mustelid|2016.500=mustelid,
#OK667020|procyonid|2015.500=procyonid,
#OK667021|procyonid|2015.500=procyonid,
#OK666971|procyonid|2014.500=procyonid,
#OK666970|procyonid|2014.500=procyonid,
#OK666963|procyonid|2014.500=procyonid,
#OK666959|procyonid|2014.500=procyonid,
#OK666955|procyonid|2013.500=procyonid,
#OK666952|procyonid|2013.500=procyonid,
#OK666958|procyonid|2014.500=procyonid,
#OK666973|procyonid|2014.500=procyonid,
#OK666986|procyonid|2014.500=procyonid,
#OK666985|procyonid|2014.500=procyonid,
#OK667005|procyonid|2015.500=procyonid,
#OK667004|procyonid|2015.500=procyonid,
#OK667003|procyonid|2014.500=procyonid,
#OK667007|procyonid|2015.500=procyonid,
#OK666999|procyonid|2014.500=procyonid,
#OK666978|procyonid|2014.500=procyonid,
#OK666925|wild_canid|2015.500=wild_canid,
#OK666998|procyonid|2014.500=procyonid,
#OK666977|procyonid|2014.500=procyonid,
#OK666950|procyonid|2013.500=procyonid,
#OK666948|procyonid|2013.500=procyonid,
#OK666946|procyonid|2013.500=procyonid,
#OK666954|procyonid|2013.500=procyonid,
#OK666980|procyonid|2014.500=procyonid,
#OK666976|procyonid|2014.500=procyonid,
#OK666975|procyonid|2014.500=procyonid,
#OK666949|procyonid|2013.500=procyonid,
#OK666940|procyonid|2010.500=procyonid,
#OK666979|procyonid|2014.500=procyonid,
#OK666933|wild_canid|2017.500=wild_canid,
#OK666911|wild_canid|2017.500=wild_canid,
#OK666921|wild_canid|2015.500=wild_canid,
#OK666960|procyonid|2014.500=procyonid,
#OK666951|procyonid|2013.500=procyonid,
#OK666945|procyonid|2013.500=procyonid,
#OK666984|procyonid|2014.500=procyonid,
#OK666939|mustelid|2014.500=mustelid,
#OK667000|procyonid|2014.500=procyonid,
#OK667036|procyonid|2016.500=procyonid,
#OK667031|procyonid|2016.500=procyonid,
#OK667035|procyonid|2016.500=procyonid,
#OK667002|procyonid|2014.500=procyonid,
#OK666992|procyonid|2014.500=procyonid,
#OK667010|procyonid|2015.500=procyonid,
#OK667042|procyonid|2017.500=procyonid,
#OK667034|procyonid|2016.500=procyonid,
#OK667033|procyonid|2016.500=procyonid,
#OK667019|procyonid|2015.500=procyonid,
#OK667041|procyonid|2017.500=procyonid,
#OK667044|procyonid|2017.500=procyonid,
#OK667032|procyonid|2016.500=procyonid,
#OK667024|procyonid|2016.500=procyonid,
#OK667018|procyonid|2015.500=procyonid,
#OK667006|procyonid|2015.500=procyonid,
#OK667013|procyonid|2015.500=procyonid,
#OK667028|procyonid|2016.500=procyonid,
#OK667012|procyonid|2015.500=procyonid,
#OK666931|wild_canid|2017.500=wild_canid,
#OK667029|procyonid|2016.500=procyonid,
#OK667016|procyonid|2015.500=procyonid,
#OK666877|mustelid|2016.500=mustelid,
#OK666878|mustelid|2016.500=mustelid,
#OK666876|mustelid|2016.500=mustelid,
#OK667040|procyonid|2017.500=procyonid,
#OK667015|procyonid|2015.500=procyonid,
#OK666935|wild_canid|2017.500=wild_canid,
#OK667037|procyonid|2016.500=procyonid,
#OK666927|wild_canid|2015.500=wild_canid,
#OK666889|mustelid|2016.500=mustelid,
#OK667022|procyonid|2015.500=procyonid,
#OK666879|mustelid|2016.500=mustelid,
#OK666937|wild_canid|2017.500=wild_canid,
#OK666907|wild_canid|2017.500=wild_canid,
#MK487378|wild_felid|2016.500=wild_felid,
#OK666930|wild_canid|2017.500=wild_canid</traitSet>
#                <userDataType codeMap="domestic_dog=0,mustelid=1,procyonid=2,wild_canid=3,wild_felid=4,? = 0 1 2 3 4 " codelength="-1" id="traitDataType.host" spec="beast.base.evolution.datatype.UserDataType" states="5"/>
#            </data>
#            <siteModel gammaCategoryCount="1" id="geoSiteModel.s:host" spec="beast.base.evolution.sitemodel.SiteModel">
#                <parameter estimate="false" id="mutationRate.s:host" name="mutationRate" spec="beast.base.inference.parameter.RealParameter">1.0</parameter>
#                <parameter estimate="false" id="gammaShape.s:host" name="shape" spec="beast.base.inference.parameter.RealParameter">1.0</parameter>
#                <parameter estimate="false" id="proportionInvariant.s:host" lower="0.0" name="proportionInvariant" spec="beast.base.inference.parameter.RealParameter" upper="1.0">0.0</parameter>
#                <substModel id="svs.s:host" rates="@relativeGeoRates.s:host" spec="beastclassic.evolution.substitutionmodel.SVSGeneralSubstitutionModel">
#                    <rateIndicator dimension="10" estimate="false" id="rateIndicator.s:host" spec="beast.base.inference.parameter.BooleanParameter">true</rateIndicator>
#                    <frequencies id="traitfreqs.s:host" spec="beast.base.evolution.substitutionmodel.Frequencies">
#                        <parameter dimension="5" id="traitfrequencies.s:host" name="frequencies" spec="beast.base.inference.parameter.RealParameter">0.2</parameter>
#                    </frequencies>
#                </substModel>
#            </siteModel>
#            <branchRateModel clock.rate="@traitClockRate.c:host" id="StrictClockModel.c:host" spec="beast.base.evolution.branchratemodel.StrictClockModel"/>
#        </distribution>
#    </distribution>
#</input>
#
Sample	posterior	likelihood	prior	treeLikelihood	Tree.height	Tree.treeLength	traitClockRate.host	relativeGeoRates.host.1	relativeGeoRates.host.2	relativeGeoRates.host.3	relativeGeoRates.host.4	relativeGeoRates.host.5	relativeGeoRates.host.6	relativeGeoRates.host.7	relativeGeoRates.host.8	relativeGeoRates.host.9	relativeGeoRates.host.10	geoSubstModelLogger.host.relGeoRate_domestic_dog_mustelid	geoSubstModelLogger.host.relGeoRate_domestic_dog_procyonid	geoSubstModelLogger.host.relGeoRate_domestic_dog_wild_canid	geoSubstModelLogger.host.relGeoRate_domestic_dog_wild_felid	geoSubstModelLogger.host.relGeoRate_mustelid_procyonid	geoSubstModelLogger.host.relGeoRate_mustelid_wild_canid	geoSubstModelLogger.host.relGeoRate_mustelid_wild_felid	geoSubstModelLogger.host.relGeoRate_procyonid_wild_canid	geoSubstModelLogger.host.relGeoRate_procyonid_wild_felid	geoSubstModelLogger.host.relGeoRate_wild_canid_wild_felid	kappa.H_clade_3_5state	freqParameter.H_clade_3_5state.1	freqParameter.H_clade_3_5state.2	freqParameter.H_clade_3_5state.3	freqParameter.H_clade_3_5state.4	gammaShape.H_clade_3_5state	popSize	CoalescentConstant	ucldMean.H_clade_3_5state	ucldStdev.H_clade_3_5state	rate.H_clade_3_5state.mean	rate.H_clade_3_5state.variance	rate.H_clade_3_5state.coefficientOfVariation
0	-38793.88696239315	-38414.67178751697	-379.2151748761791	-38196.0752209581	32.7621356184346	76.02430919833053	1.0	1.0	1.0	1.0	1.0	1.0	1.0	1.0	1.0	1.0	1.0	1.0	1.0	1.0	1.0	1.0	1.0	1.0	1.0	1.0	1.0	2.0	0.25	0.25	0.25	0.25	1.0	0.3	-377.16461730517847	7.46E-4	0.1	7.342937660220128E-4	5.051829295988696E-9	0.09516260020213317
100000	-10696.549116829094	-9954.27979061031	-742.2693262187843	-9784.029385994456	41.04781775541745	445.4383939040919	0.21164044555666164	0.09746417381373183	0.08782579238803923	0.4359323570294999	5.524449729457946	0.8161301459333302	1.0479559283115036	2.56125185291227	2.6642815629254244	0.5465529441206263	1.0737373763622111	0.09746417381373183	0.08782579238803923	0.4359323570294999	5.524449729457946	0.8161301459333302	1.0479559283115036	2.56125185291227	2.6642815629254244	0.5465529441206263	1.0737373763622111	5.531657414921625	0.26841085026715555	0.21277848172730343	0.23182482134637827	0.28698584665916277	0.21350248047701414	34.846003521236554	-722.7103127439917	0.002839242324407599	1.306388652853116	0.001770410786176067	1.773851803218806E-5	1.9002933608364465
200000	-9877.728941719502	-9178.561303128246	-699.1676385912559	-9014.626495669756	34.88318068976523	389.12535125274644	0.24861889916742752	1.4661071900977554	0.09233983506903916	0.7576421959049531	1.105818900953195	0.232700179378978	0.39707497837985206	0.0857044076849343	2.173254690049112	0.20742286817166322	0.8664669077963826	1.4661071900977554	0.09233983506903916	0.7576421959049531	1.105818900953195	0.232700179378978	0.39707497837985206	0.0857044076849343	2.173254690049112	0.20742286817166322	0.8664669077963826	6.669311776182232	0.26687364116628665	0.20480366050418153	0.22469908793656132	0.3036236103929705	0.325554955880529	23.928166997482094	-689.1986547428936	0.0017757792088315435	1.0147386210215485	0.0013545350605507068	1.1110034278897079E-5	1.9368020560384118
300000	-9646.551255407534	-8950.5364444911	-696.0148109164348	-8789.457086644183	35.65041789723274	387.2004998494608	0.3636435542801483	0.020338905728581557	0.07377850343420736	0.6590436766168422	0.9815952899203791	2.087336501673677	2.2082903725521925	0.7943600790248726	3.089632362672498	0.2537606825198245	1.0967424854100494	0.020338905728581557	0.07377850343420736	0.6590436766168422	0.9815952899203791	2.087336501673677	2.2082903725521925	0.7943600790248726	3.089632362672498	0.2537606825198245	1.0967424854100494	6.196930314760462	0.2842314507980037	0.20226634882353467	0.2189905567902911	0.29451164358817045	0.40047464192932514	24.74141285833474	-681.8577331655323	0.002048509061757505	1.0485099309571857	0.0015866896885535664	6.057040663316627E-6	1.4039854867977426
400000	-9663.983174955438	-8925.716622081922	-738.2665528735167	-8754.334943642945	52.602592499328054	485.4241647541949	0.1764662156045936	0.7226530351737683	0.11631996575311411	0.6201725213277886	0.4453767998802453	1.1895360400281203	1.499798306639113	0.06693124956291568	1.6638039717370365	0.46474718958033956	0.2408851546171231	0.7226530351737683	0.11631996575311411	0.6201725213277886	0.4453767998802453	1.1895360400281203	1.499798306639113	0.06693124956291568	1.6638039717370365	0.46474718958033956	0.2408851546171231	6.927386515940004	0.291470394333447	0.21161571824461956	0.19912571432587187	0.2977881730960616	0.44632577728417494	33.91046450628953	-728.3012996515439	0.0015853662007334207	0.9516926429918752	0.0011877810080120964	3.6016385222774805E-6	1.3941276029879608
500000	-9638.689206557456	-8870.53899882755	-768.1502077299058	-8703.492761978374	50.53734502430399	565.9881661940374	0.23283687121609595	0.1638699629630989	0.0016208589984415891	1.090830914125841	0.09928694702358994	0.6195705268554017	3.1574739346599245	0.020930127549819072	2.81295584513594	0.35835846644735403	0.4648903679239521	0.1638699629630989	0.0016208589984415891	1.090830914125841	0.09928694702358994	0.6195705268554017	3.1574739346599245	0.020930127549819072	2.81295584513594	0.35835846644735403	0.4648903679239521	7.063334220356893	0.29917683406096196	0.2127251533786894	0.20027836264990465	0.28781964991044395	0.3671170007589997	33.98447110701517	-757.0136854257571	0.0012354095022350194	1.010335380403251	0.00109395311191159	2.1532236919678335E-6	1.2247593285123701
600000	-9619.43464820191	-8830.08926106775	-789.3453871341615	-8662.553244139473	44.09994190377778	558.0534864722151	0.1530204058353079	0.23130559893062608	0.42609304079707894	0.4036930365261249	0.13307330575274892	1.4968250711230988	7.1731937511524	0.07755864382837901	3.3098097347134052	0.7232188309408567	0.24636080496527096	0.23130559893062608	0.42609304079707894	0.4036930365261249	0.13307330575274892	1.4968250711230988	7.1731937511524	0.07755864382837901	3.3098097347134052	0.7232188309408567	0.24636080496527096	6.410321635661978	0.29650627991897643	0.1950459999199522	0.21356134748093858	0.29488637268013274	0.5239719223084491	40.66251220371337	-773.7965488699408	0.0010289353687280083	0.6427509371513777	0.0010995812256455624	1.9466134073842465E-6	1.208678791424317
700000	-9483.607490387496	-8692.19781296504	-791.4096774224564	-8530.539232415555	40.67289697913451	565.52252802663	0.10726598350297024	0.0956542544144812	0.07524794874051084	0.45696939250261476	0.8763937749277466	1.525703345984538	0.26959645031700136	0.060412384394835865	2.078161690084192	0.7874460745161526	0.6334472364022856	0.0956542544144812	0.07524794874051084	0.45696939250261476	0.8763937749277466	1.525703345984538	0.26959645031700136	0.060412384394835865	2.078161690084192	0.7874460745161526	0.6334472364022856	6.345676368631442	0.2966845034766413	0.20326068813371767	0.2009272698158812	0.29912753857375973	0.5316144009176174	45.11745596967682	-783.5948261024636	9.280103307935817E-4	0.45823435893802755	9.709013308143702E-4	1.6581296844959246E-6	1.2242771988720957
800000	-9532.739933091249	-8699.011369447051	-833.7285636441967	-8530.390315341985	49.043309224878875	707.0057315203545	0.2031426089482992	0.3335010218696887	0.027163639549885647	0.5172794557112859	0.5810212125397541	1.3354961629386939	2.471759163737492	0.0026888038037126863	4.403858652118563	1.0152911381912906	2.115742142378522	0.3335010218696887	0.027163639549885647	0.5172794557112859	0.5810212125397541	1.3354961629386939	2.471759163737492	0.0026888038037126863	4.403858652118563	1.0152911381912906	2.115742142378522	6.429346926026679	0.29625424699798514	0.20235325579272676	0.2098964064903352	0.2914960907189528	0.557254147955744	65.54909940128735	-820.4277146717791	9.297278254606436E-4	0.37931681656307037	8.574381237805434E-4	1.643412880430983E-6	1.255356221484801
900000	-9502.219641993808	-8684.073518631292	-818.1461233625168	-8511.496606597158	49.829128546696445	663.4085064053515	0.16327939643409636	0.05310192262893126	0.005015655864825844	0.5733944415765528	0.05543796849464316	0.6132733019955009	0.22447684192749381	0.19399618184727832	1.583201154515554	0.006506014852343282	1.4505589627892386	0.05310192262893126	0.005015655864825844	0.5733944415765528	0.05543796849464316	0.6132733019955009	0.22447684192749381	0.19399618184727832	1.583201154515554	0.006506014852343282	1.4505589627892386	6.737630061454628	0.2928787737834217	0.2182999618891882	0.21254887076192397	0.276272393565466	0.5502723404862504	56.751414022574394	-812.643472349142	8.258809301480911E-4	0.49673209862481565	8.770901299693212E-4	9.716672203582255E-7	1.1756360667377639
1000000	-9477.079685713963	-8672.201242080684	-804.8784436332791	-8507.626111071997	45.59224613032183	624.2370911252867	0.16450465650104348	0.20394016985001578	0.14402205332368467	0.7372876865674719	0.9771657522303674	1.1351586384947994	2.629396314480297	0.11633901709378568	3.2200682209895692	0.3787725729337313	0.7611763433941099	0.20394016985001578	0.14402205332368467	0.7372876865674719	0.9771657522303674	1.1351586384947994	2.629396314480297	0.11633901709378568	3.2200682209895692	0.3787725729337313	0.7611763433941099	5.58239822368712	0.30773896793181915	0.19908007366848193	0.2098245187299414	0.2833564396697574	0.4875075106383018	49.30411274792238	-794.0549784698269	9.905224059499327E-4	0.461380917471331	8.932450683655632E-4	2.1715610845840373E-7	0.49327857907508765
1100000	-9550.265627776407	-8690.875695937142	-859.3899318392647	-8521.900521240874	50.744192174978366	774.1260063121628	0.1499928900954322	0.31782012108137025	0.7878078450781296	1.112006664109645	0.30429862933127666	0.7890320423822131	2.984110404245602	0.27238508831326963	3.4851459107930034	0.3234105827347094	0.11324469827628629	0.31782012108137025	0.7878078450781296	1.112006664109645	0.30429862933127666	0.7890320423822131	2.984110404245602	0.27238508831326963	3.4851459107930034	0.3234105827347094	0.11324469827628629	6.261364354815141	0.3182352596706353	0.20156990458918247	0.2098245187299414	0.2703703170102406	0.4849802486841611	65.3558045238105	-848.8104654733866	7.078716831824139E-4	0.35038801250515456	7.040555573185846E-4	8.001491843111712E-8	0.40890532337003027
1200000	-9500.945001256257	-8677.124093460616	-823.8209077956423	-8508.18481345914	48.606496910258194	696.6545673292302	0.09310354122381635	0.8747800516780339	0.02761329952254811	0.21301634096024408	1.0668404631713477	0.7843043767794564	0.7370626915252914	0.01964131631857047	3.786441654085825	0.055399283141546095	0.7546912302353599	0.8747800516780339	0.02761329952254811	0.21301634096024408	1.0668404631713477	0.7843043767794564	0.7370626915252914	0.01964131631857047	3.786441654085825	0.055399283141546095	0.7546912302353599	5.43969605664526	0.2906996582012069	0.22835859548005702	0.1988107327814523	0.2821310135372836	0.47369542829276823	58.715334643173485	-814.248057709474	9.230345544105312E-4	0.5297759065962977	8.266052833103503E-4	2.2491308614193042E-7	0.5323419287120015
1300000	-9496.464025155252	-8681.541351797412	-814.9226733578407	-8512.191339056151	48.84455666549185	648.8146493236798	0.25632690581594875	0.06705471094466572	0.1836807746234999	0.03024219463370237	0.5851144073816854	0.7718323133069018	1.5459995044574417	0.4329597846533056	3.4602662341852057	0.2696490039737914	0.38292543194985096	0.06705471094466572	0.1836807746234999	0.03024219463370237	0.5851144073816854	0.7718323133069018	1.5459995044574417	0.4329597846533056	3.4602662341852057	0.2696490039737914	0.38292543194985096	5.80127858747664	0.2896852055538503	0.20071999053462355	0.20644452970370125	0.30315027420782475	0.4252175114066498	49.561087083651394	-807.0827754904383	8.631512774210242E-4	0.4929879067747131	8.884302054799133E-4	2.3059582053682629E-7	0.5440321768154427
1400000	-9492.900734490486	-8692.925914218857	-799.9748202716298	-8529.881326679066	45.891090303470676	609.2552121059788	0.1939016676351818	0.7933335608808283	0.26722831680681963	0.3549097948495435	0.10931025077015713	1.7484378001850558	0.9792867232697272	2.5061771216039426	2.32176693484684	0.11755652752703999	0.8358825793294258	0.7933335608808283	0.26722831680681963	0.3549097948495435	0.10931025077015713	1.7484378001850558	0.9792867232697272	2.5061771216039426	2.32176693484684	0.11755652752703999	0.8358825793294258	6.7318531507041195	0.2809518501186662	0.22240675352257888	0.2160526023713669	0.28058879398738784	0.5130285953688759	44.0760344288748	-789.3061201848368	9.598187152106359E-4	0.5209244769144159	9.347246689779404E-4	2.5996037426157747E-7	0.5465165575254632
1500000	-9539.16473426752	-8663.76505511433	-875.3996791531898	-8503.709237255229	68.98529584902731	908.4480762370528	0.10648590651175481	0.10617683958089276	0.026437610742447652	0.427149492820049	0.07930185870853156	0.4966959035957513	1.6995509313265051	0.07793251674419843	3.4033568555367792	0.14894780833944354	0.8082982304775098	0.10617683958089276	0.026437610742447652	0.427149492820049	0.07930185870853156	0.4966959035957513	1.6995509313265051	0.07793251674419843	3.4033568555367792	0.14894780833944354	0.8082982304775098	6.037331240236286	0.2847820411578694	0.2080957327016763	0.2104669965869621	0.29665522955349194	0.5130285953688759	83.30003720765423	-867.3886378243898	5.984357617010126E-4	0.4512347253786989	5.698949021475378E-4	8.959514425619869E-8	0.4912964383044131
1600000	-9513.308334830575	-8674.296911028963	-839.0114238016125	-8506.976866585459	52.065631243559686	745.8362233180205	0.15199680758623346	2.4994677233596323	0.029034664043135962	0.22284764463548218	1.188824363698611	0.9351061542908997	1.0904715939637113	0.08730824346233836	3.363016795886093	0.3568535626002136	0.012599911804873203	2.4994677233596323	0.029034664043135962	0.22284764463548218	1.188824363698611	0.9351061542908997	1.0904715939637113	0.08730824346233836	3.363016795886093	0.3568535626002136	0.012599911804873203	6.657514304822584	0.28563431060255007	0.21361927948391243	0.22112457755647677	0.27962183235706045	0.5044004277257143	64.31827316207787	-828.8316954151236	7.721475808511784E-4	0.401147149166382	7.864466484575234E-4	1.310179165897321E-7	0.4855799979841416
1700000	-9488.27359964221	-8682.35014282593	-805.9234568162816	-8511.793876768388	43.02903977801868	597.1743200076858	0.17263789079184905	0.060283613050382566	0.013892389634730374	0.7846448574890258	3.386327863217145	1.0643654190228524	0.327622306332591	0.24181445160502277	2.910400258447871	0.5309187984686224	0.5020257406598837	0.060283613050382566	0.013892389634730374	0.7846448574890258	3.386327863217145	1.0643654190228524	0.327622306332591	0.24181445160502277	2.910400258447871	0.5309187984686224	0.5020257406598837	6.562639153145239	0.29612542088413757	0.22157819383638028	0.20717084947575892	0.275125535803723	0.5125287549063147	47.2309037393402	-795.2385638340073	9.02213584707789E-4	0.5737914840956317	9.137081994132278E-4	2.1552943344271496E-7	0.5099000795928305
1800000	-9482.212786097662	-8694.411534073251	-787.8012520244096	-8530.740255784627	45.55576941360057	588.9360731060201	0.23925448910935218	0.37730022187822143	0.15287076152749304	0.4593395813464185	1.0331782287703644	1.5058349688051962	1.2181780022905995	0.17215982182131315	4.427785509255852	0.026244411422871636	1.2252269464918288	0.37730022187822143	0.15287076152749304	0.4593395813464185	1.0331782287703644	1.5058349688051962	1.2181780022905995	0.17215982182131315	4.427785509255852	0.026244411422871636	1.2252269464918288	6.1777987014002	0.3038912339798736	0.19412083254521567	0.22713577256542034	0.2748521609094902	0.48803599037199297	43.451163028028745	-776.7944884369689	9.694608695235096E-4	0.513873179414421	9.239425847469326E-4	2.9172054669521917E-7	0.5418237140487496
1900000	-9504.140539342432	-8678.368835745592	-825.77170359684	-8511.325568961169	46.159699433931	683.3459599905264	0.1152806098850387	0.5929113325217813	0.13405948961473813	0.3822984515757074	0.34831120411243316	0.6194936102747628	0.15617099392802913	0.35558992251808663	2.0357094086845335	0.5220678642975953	1.0247057660736665	0.5929113325217813	0.13405948961473813	0.3822984515757074	0.34831120411243316	0.6194936102747628	0.15617099392802913	0.35558992251808663	2.0357094086845335	0.5220678642975953	1.0247057660736665	6.196830889042904	0.30197061109193984	0.19190360399596001	0.21874777056600408	0.28737801434609594	0.5648077295412987	57.490389849608704	-818.1418634888353	9.129490895968997E-4	0.5667898873144115	8.665821765111582E-4	2.444616860703223E-7	0.5403320249114386
2000000	-9521.993904398392	-8679.414637768823	-842.5792666295692	-8518.127580266855	41.98258915465713	664.6202323100672	0.14524748435457333	0.7298226953641772	0.037002855623224244	2.281976201158426	2.10046566089716	2.9287750511970683	1.3924358610415108	1.2316495648075911	8.779015075048502	2.2011377003765213	0.15349486047641805	0.7298226953641772	0.037002855623224244	2.281976201158426	2.10046566089716	2.9287750511970683	1.3924358610415108	1.2316495648075911	8.779015075048502	2.2011377003765213	0.15349486047641805	5.820361681456491	0.2963531855589351	0.20209897479694933	0.22082502093008022	0.28072281871403526	0.4376164504008365	53.766911006184856	-820.3964404085116	7.910087709996151E-4	0.47745881006615587	7.766836214188408E-4	1.5425970121690156E-7	0.5170134075322866
2100000	-9462.555318420675	-8653.506478179872	-809.0488402408034	-8493.517210758659	43.899401810849454	618.0796385376917	0.1557739078089451	0.1794390163902834	0.06550403273973211	2.0633629279107146	0.8206822467418265	0.28943087031404674	3.1153972829946026	0.06436581221360416	4.172391321388693	0.6176898626051923	0.5297623531025877	0.1794390163902834	0.06550403273973211	2.0633629279107146	0.8206822467418265	0.28943087031404674	3.1153972829946026	0.06436581221360416	4.172391321388693	0.6176898626051923	0.5297623531025877	6.2671949579742705	0.3031298903146922	0.21997989110269994	0.20496856243543254	0.2719216561471751	0.5428380154864848	55.00729291662741	-796.0833480603508	9.1786491519045E-4	0.557353925013148	8.713253766343608E-4	3.542649214539424E-7	0.6456976684297503
2200000	-9449.32076719695	-8655.64942439899	-793.6713427979611	-8497.528743877272	41.0241329371173	560.9812891413728	0.14731942162944092	0.03814072947400701	0.09468183278308537	0.9384394500878628	0.7007561508125706	0.59548247810181	0.08690804019982351	0.23558592682245094	1.4201126933074668	0.8605179286277688	0.3177548143258507	0.03814072947400701	0.09468183278308537	0.9384394500878628	0.7007561508125706	0.59548247810181	0.08690804019982351	0.23558592682245094	1.4201126933074668	0.8605179286277688	0.3177548143258507	6.429660509759067	0.29451692706008276	0.20548408887697014	0.2203791418502488	0.2796198422126981	0.5144995476637408	42.043407837662656	-787.0595170322539	0.0010312665265984067	0.6432356820238906	9.987905129461123E-4	3.7660851935028207E-7	0.6175693378454368
2300000	-9511.30326201719	-8695.203221219328	-816.1000407978636	-8535.967397316714	50.818992636242385	625.3622045460764	0.1278138649799759	0.14757717552239538	0.28416540749389	4.4871029297295495	0.6896141975975235	0.587840744747171	2.9823529726687825	0.021291356465834087	5.4133591749517755	1.281920634418618	0.03238016297514039	0.14757717552239538	0.28416540749389	4.4871029297295495	0.6896141975975235	0.587840744747171	2.9823529726687825	0.021291356465834087	5.4133591749517755	1.281920634418618	0.03238016297514039	6.847682474837097	0.3041632713193949	0.2111408356179998	0.21070565027686675	0.2739902427857383	0.4167588893461834	45.343630153729094	-799.1716354097302	9.881180622634811E-4	0.5061432279557077	8.685457370230425E-4	3.15221895647307E-7	0.5840424242230545
2400000	-9463.107151370563	-8685.39183837226	-777.7153129983041	-8521.759963428849	39.74644301559536	530.6303841344431	0.16691195764594854	0.15356687175433162	0.02017469693542972	0.935363749014616	0.24473964055420352	0.17303357511458484	0.3586596514954872	0.06567352277952791	2.102806807848696	0.052280220907871225	0.6146565403275714	0.15356687175433162	0.02017469693542972	0.935363749014616	0.24473964055420352	0.17303357511458484	0.3586596514954872	0.06567352277952791	2.102806807848696	0.052280220907871225	0.6146565403275714	6.261950515100332	0.29733474688644895	0.2183568511024153	0.2037292967391793	0.28057910527195623	0.42958255442761295	47.5094289995372	-772.3283754949141	0.0010167487724712812	0.48630411737077606	0.001012474481364015	2.4364714505961863E-7	0.48424532947978294
2500000	-9495.575385011276	-8688.046033050328	-807.5293519609469	-8522.21855591024	41.29975388953465	599.5784523997263	0.22530653722343127	0.1493991143339937	0.07215549465995078	2.0863589234653235	1.268961175872145	1.8699097429863596	1.291483420465822	0.03217255937741546	6.028065518636897	0.6428255859028565	0.6515046295673393	0.1493991143339937	0.07215549465995078	2.0863589234653235	1.268961175872145	1.8699097429863596	1.291483420465822	0.03217255937741546	6.028065518636897	0.6428255859028565	0.6515046295673393	5.711340423294265	0.31123565693334077	0.20674554666083655	0.20699097010506082	0.27502782630076167	0.49348491227507096	46.937792532886434	-793.3820022330631	9.989531015965618E-4	0.3975430568619867	9.572987012738304E-4	2.2940904154904027E-7	0.48102512486370735
2600000	-9489.049665364315	-8710.951895044804	-778.097770319512	-8550.869979761443	36.569227851886936	513.3251660943673	0.2798241223786238	1.1812558774885478	0.24030196609733645	0.27716419453727037	1.215104471537967	1.3624287269952724	0.4676299099978036	0.5690523978127381	4.906317439299251	0.8565857941162794	0.3227535406872283	1.1812558774885478	0.24030196609733645	0.27716419453727037	1.215104471537967	1.3624287269952724	0.4676299099978036	0.5690523978127381	4.906317439299251	0.8565857941162794	0.3227535406872283	6.621450578191866	0.2912986145576762	0.2296998425275074	0.19998020349006304	0.27902133942475316	0.4049465176588033	47.45052788712552	-766.2320726040143	0.0011113319226217263	0.46234355748810774	0.0011018274435714295	2.467136724514582E-7	0.4546477062368817
2700000	-9462.309069148894	-8670.973247080396	-791.3358220684994	-8503.242831131784	47.686540362232535	578.0160110394977	0.146734452572826	0.011112234740434266	0.0867059591398592	1.7759823623889233	1.748204600326428	2.0215831874625008	0.21551266615660436	0.21127524296536707	2.9983254066220186	0.415427735128102	0.23450464865784532	0.011112234740434266	0.0867059591398592	1.7759823623889233	1.748204600326428	2.0215831874625008	0.21551266615660436	0.21127524296536707	2.9983254066220186	0.415427735128102	0.23450464865784532	6.370656884095118	0.2918791373569841	0.22646832683829968	0.19939968069075506	0.28225285511396087	0.47462102343881	46.679638453098306	-780.6198673138699	9.449928240973814E-4	0.5745668404606042	9.556434507130661E-4	3.270065189713424E-7	0.5923362171447573
2800000	-9495.948013775645	-8700.735349166844	-795.2126646088019	-8531.302706893677	40.27122995673368	562.540286592117	0.25135116703105126	0.3148675612712904	0.0614120882194945	0.7054276831457802	0.21689994966048567	1.5908008461805545	0.8935876216170943	0.42284826219900096	4.510118336317451	0.686240453065181	1.1123275526287408	0.3148675612712904	0.0614120882194945	0.7054276831457802	0.21689994966048567	1.5908008461805545	0.8935876216170943	0.42284826219900096	4.510118336317451	0.686240453065181	1.1123275526287408	6.79853102253168	0.2958773392415925	0.21338072780991402	0.20848907783453233	0.28225285511396087	0.45315280385172546	51.78129128446407	-784.0907682714854	0.0011117968653984063	0.4335493145699522	0.0010339510245449966	2.217244135860675E-7	0.4376750677453048
2900000	-9504.81688634697	-8677.416822724546	-827.4000636224233	-8508.617115207513	44.39881454332281	650.7741194540084	0.12731621715564617	0.45110553800773256	0.25588024960284594	1.3547466439432299	0.8395793950133116	2.112860720330268	0.7868399999937936	0.32533333425277616	2.5078566521426553	1.9968703439247026	0.17462358430400965	0.45110553800773256	0.25588024960284594	1.3547466439432299	0.8395793950133116	2.112860720330268	0.7868399999937936	0.32533333425277616	2.5078566521426553	1.9968703439247026	0.17462358430400965	6.1240624437398745	0.296380123012431	0.2066757743687014	0.20783232979774396	0.2891117728211233	0.5672721352334565	59.24126419674403	-815.5997993081585	8.539960683674517E-4	0.4985506737284283	8.071897515207815E-4	1.933036278181149E-7	0.5154918451509359
3000000	-9478.220025354927	-8684.237455618324	-793.9825697366032	-8516.265373677792	51.497713575674595	626.8669591737295	0.21114694268938727	0.4285896944947068	0.07073834866126032	0.4480580032794736	0.8761863291072619	1.0774467489298318	4.051913125761277	0.913829443586151	2.700990315976796	1.1033934175325706	0.31590754098940443	0.4285896944947068	0.07073834866126032	0.4480580032794736	0.8761863291072619	1.0774467489298318	4.051913125761277	0.913829443586151	2.700990315976796	1.1033934175325706	0.31590754098940443	5.903273732118305	0.30514502146123595	0.21476707817275004	0.20079245584521438	0.27929544452079935	0.47913453195093425	44.274660346111645	-781.1538273683786	0.0010459006420890477	0.5934607952760774	9.074677247342838E-4	2.829637983627801E-7	0.49496531245411945
3100000	-9495.810923565161	-8683.00668448424	-812.8042390809202	-8522.905102776844	51.59356123675465	682.0016451528093	0.10027793616922603	0.07135690502536564	0.337053748761615	0.6992673016163999	0.20184275725993103	1.104371915276689	0.675389630974309	0.8934973297364421	2.1873004075629923	0.6292361836205795	0.05782316626525711	0.07135690502536564	0.337053748761615	0.6992673016163999	0.20184275725993103	1.104371915276689	0.675389630974309	0.8934973297364421	2.1873004075629923	0.6292361836205795	0.05782316626525711	6.255406517488346	0.2940940607408318	0.2079345422268666	0.22377782274295746	0.2741935742893438	0.5384405300660422	55.09970772921084	-804.8266179525509	9.194919098496521E-4	0.4655001104491551	8.357267842000743E-4	2.055282247723068E-7	0.4997246263783179
3200000	-9492.30041396719	-8696.155176913531	-796.1452370536598	-8533.537156048318	49.12371603383542	607.1566036333245	0.16998367603351067	0.4865582672320344	0.17456674202533456	0.5622785261033855	0.31561532769844	0.8523556120255142	2.679955535415057	0.21627266374253895	4.54892507017543	0.9886487554823992	1.481041700728922	0.4865582672320344	0.17456674202533456	0.5622785261033855	0.31561532769844	0.8523556120255142	2.679955535415057	0.21627266374253895	4.54892507017543	0.9886487554823992	1.481041700728922	5.778686342088771	0.3069184745892175	0.2296502856583406	0.1997148452092848	0.2637163945431567	0.4557059734822939	52.50451940042341	-783.7211650294039	9.55019223002772E-4	0.3709619134193646	9.00118148961837E-4	1.5189439525425057E-7	0.40709115719344574
3300000	-9498.841152500176	-8699.318128165007	-799.5230243351691	-8538.356955872216	55.88078773474564	661.1975612307	0.17495690849066992	0.2089487147888713	0.014125220895964715	0.41144648780458587	0.16451862681421606	1.2393504506448298	1.5532864713487216	0.5865840991121414	2.500943216909131	0.1681522507136712	0.2580682872347812	0.2089487147888713	0.014125220895964715	0.41144648780458587	0.16451862681421606	1.2393504506448298	1.5532864713487216	0.5865840991121414	2.500943216909131	0.1681522507136712	0.2580682872347812	6.023901710204878	0.31219318213929004	0.20316265632878555	0.21248343049660015	0.2721607310353239	0.5528927572281664	45.13807196385516	-791.2823832973834	9.883586625911707E-4	0.6337403125656752	8.934716196960218E-4	2.488377862155574E-7	0.4947780502016238
3400000	-9497.789978508747	-8692.195452547285	-805.5945259614623	-8526.69484131858	42.84554261303176	618.4809825160664	0.14372214297399483	0.8663702689109459	0.11861522319146951	0.9996370174964402	0.2977971945096232	1.2127441961978163	0.076045263537465	0.5572201528159877	3.8825041135072293	0.3468389384568516	0.12922347083930846	0.8663702689109459	0.11861522319146951	0.9996370174964402	0.2977971945096232	1.2127441961978163	0.076045263537465	0.5572201528159877	3.8825041135072293	0.3468389384568516	0.12922347083930846	6.616763428188408	0.31242711298650805	0.2098659514757024	0.21360883738260147	0.26409809815518764	0.6061841448172272	53.58945462091343	-796.3620519341255	8.889999439913548E-4	0.43008234533834044	9.193625404645061E-4	2.7215955723128786E-7	0.5686964854145796
3500000	-9482.008861308255	-8693.385823787148	-788.6230375211077	-8532.006517148146	49.55468838915199	601.2396300433852	0.16136159642087716	0.47081010319528765	0.20205417964242445	0.10098126273272331	1.4537163899596433	1.0572899013667456	1.866440951988336	0.24487958215358105	2.261680965309118	0.8625868655834432	0.26941383755152487	0.47081010319528765	0.20205417964242445	0.10098126273272331	1.4537163899596433	1.0572899013667456	1.866440951988336	0.24487958215358105	2.261680965309118	0.8625868655834432	0.26941383755152487	6.030052334926917	0.2833572954967915	0.2165674598287874	0.22499703668761245	0.27507820798680827	0.44573871400166004	43.191071306184114	-779.4579526285845	9.785432854494845E-4	0.47422925069062344	8.59830485931384E-4	2.329018305612208E-7	0.509957880674424
3600000	-9531.045896293725	-8692.582351698087	-838.4635445956371	-8535.380020003207	53.53553635196277	733.063437898831	0.12468067584855955	0.12535936049332916	0.28056235814595987	1.0486498332523675	1.1687285060521606	1.603919753336383	0.33822434348547886	0.2573426712099279	4.63234129540757	0.45303957824272184	1.179761474268698	0.12535936049332916	0.28056235814595987	1.0486498332523675	1.1687285060521606	1.603919753336383	0.33822434348547886	0.2573426712099279	4.63234129540757	0.45303957824272184	1.179761474268698	6.824830783886791	0.2928906209328424	0.20687576748127476	0.2170228952339004	0.2832107163519821	0.5116611686143901	60.810334952328304	-826.5840850066741	8.156583887786208E-4	0.4285867717648545	7.49035634012553E-4	2.1325018863921482E-7	0.5487988891186827
3700000	-9466.617201913166	-8672.425164172013	-794.1920377411542	-8511.582584429343	40.86703420319141	572.1107889341365	0.19682922906019998	0.19070107851771645	0.5851872970647052	0.5271172121833677	1.4983774205381835	1.3921077525976988	0.6243104763291397	0.4054293790153615	4.044542733644429	0.21120198379633998	0.3960954051155849	0.19070107851771645	0.5851872970647052	0.5271172121833677	1.4983774205381835	1.3921077525976988	0.6243104763291397	0.4054293790153615	4.044542733644429	0.21120198379633998	0.3960954051155849	6.210634402309209	0.31265667852242984	0.20116475690907265	0.1988569355133295	0.2873216290551676	0.5913274128671128	43.831562008221184	-782.9272705761971	0.0010182147261710128	0.6846124838750577	9.239940051637632E-4	5.163439709634247E-7	0.7255460147382435
3800000	-9471.074459506193	-8692.87357904095	-778.2008804652438	-8527.698903784938	41.947730238747205	534.4063780671586	0.25243617758648224	0.6708528456746281	0.034732961612173034	0.7652275688560226	1.075497164645527	1.7164725447038862	1.2334876269615451	1.1958564467375237	3.524638613589317	0.22774162336162934	0.9113811415836265	0.6708528456746281	0.034732961612173034	0.7652275688560226	1.075497164645527	1.7164725447038862	1.2334876269615451	1.1958564467375237	3.524638613589317	0.22774162336162934	0.9113811415836265	7.491258312666726	0.28482553876014355	0.22352680936371475	0.2068630321346812	0.2847846197414602	0.4234765002278859	35.85815918553342	-766.5784836121998	0.0010781363645620066	0.43027129725055113	0.0010718549607153217	2.1988361550789728E-7	0.4379849112505066
3900000	-9450.411553939492	-8670.500366354649	-779.9111875848438	-8508.318355618376	54.85822034724804	600.3517517328403	0.18927906419647006	0.09041406969571968	0.14448079908746417	0.4138333168624212	0.6268747937361198	1.1826286705800684	1.124017619801891	0.1250285254078696	2.481208837842741	0.7983116802575323	1.251900403838597	0.09041406969571968	0.14448079908746417	0.4138333168624212	0.6268747937361198	1.1826286705800684	1.124017619801891	0.1250285254078696	2.481208837842741	0.7983116802575323	1.251900403838597	6.461287843859719	0.2998883107249944	0.22136472495026746	0.2045193113720389	0.27422765295269896	0.5210077627322282	42.69859939015844	-770.6555152968515	9.577047776032283E-4	0.639669220488274	9.21789930525261E-4	2.4162334511040855E-7	0.5236697414729963
4000000	-9475.243555814975	-8667.62989109969	-807.6136647152858	-8505.628827064405	42.98678978676714	626.7162843593032	0.23390777062858095	0.0027971565722939642	0.05241798695860603	0.48957987130659397	2.2428141094346357	0.8633531363645471	2.7293952259940206	0.3492448636278685	1.7601312322180844	0.2671393001622762	0.7739649080291534	0.0027971565722939642	0.05241798695860603	0.48957987130659397	2.2428141094346357	0.8633531363645471	2.7293952259940206	0.3492448636278685	1.7601312322180844	0.2671393001622762	0.7739649080291534	5.609047745407055	0.2972340408369189	0.20657093322892553	0.21579944890426941	0.2803955770298859	0.49612860504428963	46.3192690451019	-798.3879897625688	8.623181669432974E-4	0.3960706793415082	8.468901365927872E-4	1.7852116907389798E-7	0.4702671025533715
4100000	-9497.066925982392	-8671.126596210215	-825.9403297721757	-8507.887830876303	44.44708468692295	651.2520110435458	0.18568850584886104	0.23785369865046782	0.13635980217157387	0.6351027152972825	0.6041735221391235	0.9571010785369878	1.0995452261670047	0.6643667524908361	2.5424230524469045	0.07307867725586374	0.06569937201925277	0.23785369865046782	0.13635980217157387	0.6351027152972825	0.6041735221391235	0.9571010785369878	1.0995452261670047	0.6643667524908361	2.5424230524469045	0.07307867725586374	0.06569937201925277	5.835812895884542	0.28270753036726565	0.20986425905457026	0.22463467666407505	0.2827935339140888	0.4305976795842889	50.37501151549779	-819.0295216729296	8.496179523220189E-4	0.4072544259656186	8.31810015702532E-4	1.339750955338914E-7	0.42782138207486453
4200000	-9501.14470816851	-8670.227924932968	-830.916783235541	-8511.659263985177	48.5682655554732	674.040507315966	0.12982279280950104	2.27104739327658	0.10277011407263974	1.1931740333170961	0.3206328713502168	1.3506471019393245	0.6346042232294746	0.03102368131210425	4.113879785570523	0.5583932644805774	3.1727833889601054	2.27104739327658	0.10277011407263974	1.1931740333170961	0.3206328713502168	1.3506471019393245	0.6346042232294746	0.03102368131210425	4.113879785570523	0.5583932644805774	3.1727833889601054	6.553942154594085	0.3002751764509598	0.19244251610525792	0.21041136066292862	0.2968709467808534	0.44793770554703743	55.13776435382273	-816.1766596698291	7.973795502303907E-4	0.5422443236567138	7.857211596744622E-4	1.3341734567693247E-7	0.46318018316804177
4300000	-9508.552599470899	-8674.433293784685	-834.119305686213	-8513.487388313362	50.79958446596843	715.9497317532529	0.09013490479211336	0.9814331304645797	0.47627547266745573	0.48147034226788277	1.7174425324050504	2.3297219983513604	1.3014695902700615	0.18501487477103332	3.8765442824539766	0.6913562696293363	1.2936992637302087	0.9814331304645797	0.47627547266745573	0.48147034226788277	1.7174425324050504	2.3297219983513604	1.3014695902700615	0.18501487477103332	3.8765442824539766	0.6913562696293363	1.2936992637302087	7.128717984890511	0.3051061253872435	0.20777010091295117	0.2172834027320945	0.2698403709677106	0.46964882530001567	60.49346791131951	-819.6204323630487	7.965721610008981E-4	0.4374138238621733	8.280244013113183E-4	1.44143682813477E-7	0.4784770595043498
4400000	-9482.846645927078	-8683.317385977181	-799.529259949898	-8522.755175909742	48.48324818128087	623.0093802547864	0.147331820869435	0.8734792167619827	0.02096173758692944	0.7098367040654463	0.6569754597293279	0.42030911481661437	0.8822675833889829	0.10700129417498039	2.8810352534886428	0.3214791141146549	0.9213616239545349	0.8734792167619827	0.02096173758692944	0.7098367040654463	0.6569754597293279	0.42030911481661437	0.8822675833889829	0.10700129417498039	2.8810352534886428	0.3214791141146549	0.9213616239545349	6.01156112180401	0.3039660952823938	0.2042426184520265	0.206569711665728	0.28522157459985154	0.5549324987758626	49.610286221787106	-791.0072667358203	8.847034964269639E-4	0.5004562491439722	8.442682956144689E-4	1.707897334335597E-7	0.4858085261183405
4500000	-9486.596540483124	-8686.25870518426	-800.3378352988639	-8524.61925726943	53.453598070829685	642.220967017637	0.12141305932398917	0.37854300947716046	0.07052474653909493	0.1892700738426704	0.7759503225606842	0.8382294765283471	0.8160841380869779	1.4098448730427517	3.4432974171295254	0.4576689630006353	0.6398952200649505	0.37854300947716046	0.07052474653909493	0.1892700738426704	0.7759503225606842	0.8382294765283471	0.8160841380869779	1.4098448730427517	3.4432974171295254	0.4576689630006353	0.6398952200649505	6.2610757809306135	0.2861701988468354	0.2181187265328422	0.21098911383308655	0.2847219607872357	0.5292218936930413	49.14281919278993	-790.28614443764	9.77791184539309E-4	0.5008148261608552	9.094829484398316E-4	2.05704251077173E-7	0.4720757868563251
4600000	-9549.463221586035	-8679.134920053419	-870.3283015326156	-8518.75024614702	50.002947978912516	782.238366546006	0.11110759785971054	0.09684421565430217	0.022672759967973112	0.24809223094840266	0.30106599674312606	0.7084004857085185	0.523417493665102	0.6560118682098515	2.3222412298676027	0.20240201408255246	0.7504230632322106	0.09684421565430217	0.022672759967973112	0.24809223094840266	0.30106599674312606	0.7084004857085185	0.523417493665102	0.6560118682098515	2.3222412298676027	0.20240201408255246	0.7504230632322106	7.001318173693398	0.301522779786797	0.1938931412313911	0.21667823157591373	0.28790584740589803	0.47313390972351455	92.83906160699358	-863.5960416995457	6.460925853977221E-4	0.38800828836229445	6.893034744976298E-4	6.018475955757846E-8	0.3856974677335404
4700000	-9554.10156501814	-8686.542884113609	-867.5586809045302	-8511.792597818203	50.5415751412523	783.113770919379	0.3218943440679142	0.12411437485685012	0.08852226843296097	0.05303285194652296	3.409866515419741	1.3946390136934288	1.8677581408196768	0.10051240710792148	1.3209558541700235	0.43880673624001565	0.6080176062185825	0.12411437485685012	0.08852226843296097	0.05303285194652296	3.409866515419741	1.3946390136934288	1.8677581408196768	0.10051240710792148	1.3209558541700235	0.43880673624001565	0.6080176062185825	6.462085457510382	0.294244975362142	0.22068243018645495	0.21962145792910914	0.26545113652229374	0.5332397784207416	81.12095274855771	-858.2958062622346	6.804520755449333E-4	0.3745325924596555	7.009932212870612E-4	6.873382481700635E-8	0.3790391470470681
4800000	-9495.594878328875	-8663.146316402714	-832.4485619261608	-8507.187626738181	48.67593284459514	702.1306734244109	0.17662568442416074	0.16373760268010126	0.003279353140164441	0.23281292135795845	1.3536043327254683	0.22285591647456585	2.1667449897306077	0.1551505561365131	2.384655345017686	0.09757446018964083	0.5968963730190989	0.16373760268010126	0.003279353140164441	0.23281292135795845	1.3536043327254683	0.22285591647456585	2.1667449897306077	0.1551505561365131	2.384655345017686	0.09757446018964083	0.5968963730190989	6.782574615820819	0.30141593417158113	0.2030628333030967	0.19673823152306724	0.29878300100225474	0.43734188070985947	62.66151259032996	-824.3551941025938	7.801621391399355E-4	0.4962811882329173	7.647536714623572E-4	1.7516129450599223E-7	0.5298767729476567
4900000	-9505.011949142236	-8695.509948515339	-809.5020006268961	-8540.270300604678	47.04550742367417	632.6198716464276	0.14166569178530183	0.31583546927233014	0.07590546902332938	0.9313387911467483	0.7782206406122326	0.9688110956700006	0.6375813380542429	0.14539938396919677	3.4676958247931404	0.3434150334190088	0.17705428196484016	0.31583546927233014	0.07590546902332938	0.9313387911467483	0.7782206406122326	0.9688110956700006	0.6375813380542429	0.14539938396919677	3.4676958247931404	0.3434150334190088	0.17705428196484016	6.342159170039185	0.2827677048914004	0.22225410900376158	0.21881487477869485	0.276163311326143	0.49929039871540537	51.36149582940962	-801.4211597393169	8.784723488847194E-4	0.3757619046917151	8.653723930015585E-4	1.598688056908099E-7	0.47053161103807506
5000000	-9533.536082377645	-8692.876662801244	-840.659419576401	-8527.491432002946	46.78537805350682	718.619849352466	0.11579570401585113	0.44418198861279934	0.12223470724071529	0.813705505958003	0.4494335362145131	0.7009502611138103	1.1376274374223412	0.08847302221708173	3.7461525250063694	0.21233126425882382	0.16006341418129316	0.44418198861279934	0.12223470724071529	0.813705505958003	0.4494335362145131	0.7009502611138103	1.1376274374223412	0.08847302221708173	3.7461525250063694	0.21233126425882382	0.16006341418129316	6.608185909599384	0.3025172460901357	0.2059467775914234	0.21189840344763033	0.2796375728708104	0.4923022681217541	68.24759617793738	-832.4010523337205	7.845007546073883E-4	0.302111357904287	8.212849812325993E-4	1.66600865869066E-7	0.4952845702959857
5100000	-9471.905525517579	-8663.98632429938	-807.919201218199	-8499.085554372892	50.4447348991115	652.1657743511441	0.23664360317249755	0.28246756491087344	0.019516003162216137	0.15969160612151595	0.6082516696502879	0.3386340862922027	2.373802860745363	0.48866901306573046	1.5408088673308962	0.15460452467601993	0.6050857227459913	0.28246756491087344	0.019516003162216137	0.15969160612151595	0.6082516696502879	0.3386340862922027	2.373802860745363	0.48866901306573046	1.5408088673308962	0.15460452467601993	0.6050857227459913	6.47288723557845	0.3002834069938568	0.21598538110583448	0.2068844031512688	0.2768468087490397	0.4762194877802809	52.96703079141509	-801.5159444112354	8.612264793904338E-4	0.34803104710028	8.48180358836886E-4	1.032272422693711E-7	0.36332289467450535
5200000	-9514.97425774036	-8688.97501810272	-825.9992396376398	-8517.068701194474	41.762712243150006	647.9649707475018	0.3113367728457439	4.15377859528403	0.05442424726643549	0.4838091076605543	0.413200176634747	0.16611606921228	0.7846246823701623	0.35901358300771624	3.144330312964951	0.6138847447483137	1.5900766109262499	4.15377859528403	0.05442424726643549	0.4838091076605543	0.413200176634747	0.16611606921228	0.7846246823701623	0.35901358300771624	3.144330312964951	0.6138847447483137	1.5900766109262499	6.759472171421685	0.27769784460419056	0.20520386155675302	0.22300382421000733	0.29409446962904895	0.4606915901584566	61.74080996816225	-814.2002232775146	9.039116906368627E-4	0.36491278872237043	9.097524798453925E-4	9.989687905830568E-8	0.35648849896282453
5300000	-9479.381903243668	-8696.919968628566	-782.4619346151019	-8526.998962642834	45.81551626138834	592.3681274216076	0.3163814386235487	0.5566427248890442	0.0668535630359168	0.7569504069257549	1.8415107070288428	0.7417988421443424	0.7782627102805451	1.1663742873343794	1.6285926092977312	0.16435635546360852	1.3779359060995389	0.5566427248890442	0.0668535630359168	0.7569504069257549	1.8415107070288428	0.7417988421443424	0.7782627102805451	1.1663742873343794	1.6285926092977312	0.16435635546360852	1.3779359060995389	7.336594692459844	0.31776761570404444	0.2121071966972128	0.19526464682546016	0.2748605407732825	0.4704239897568784	43.657656377720485	-772.3606599799454	0.0011252270775013724	0.5591333157595678	0.0010028569007509028	5.146763875921262E-7	0.6406300246253377
5400000	-9505.276878827746	-8680.323587208755	-824.9532916189908	-8526.621601641382	54.37915525592605	680.5391968644263	0.1833106648233284	0.010056154130903851	0.014496268049718972	0.09290534255181629	1.1175654814543157	0.2103998527006585	0.03770220649612123	0.8513562469228648	2.7856426034799	0.2397619700145755	2.238477876755942	0.010056154130903851	0.014496268049718972	0.09290534255181629	1.1175654814543157	0.2103998527006585	0.03770220649612123	0.8513562469228648	2.7856426034799	0.2397619700145755	2.238477876755942	6.124841621990267	0.27986491429021765	0.20291302297211058	0.22633747113996175	0.2908845915977099	0.4694687643918891	61.35566258321696	-816.9614265260532	8.076909073344403E-4	0.47199268686997103	7.99022059096312E-4	1.7866729848083015E-7	0.5393178805584523
5500000	-9493.3529438345	-8684.550276244658	-808.8026675898412	-8520.219379489803	45.87964844382176	648.2916409250865	0.10451519457524616	0.06535701845674276	0.18563910868550484	0.3025110322769862	0.1922246719362205	0.22838243708242575	0.909406072066465	0.09290146842870002	1.8191247049604518	0.11840707672668536	0.5564594856372377	0.06535701845674276	0.18563910868550484	0.3025110322769862	0.1922246719362205	0.22838243708242575	0.909406072066465	0.09290146842870002	1.8191247049604518	0.11840707672668536	0.5564594856372377	5.773166076544957	0.3091599725560963	0.2118277304890034	0.20903747953115884	0.26997481742374135	0.4858196870012435	60.05092958270629	-803.8796647232658	8.97190525278168E-4	0.3236809270430535	8.778962570804063E-4	8.36113767394475E-8	0.32546728996779417
5600000	-9503.400299630364	-8687.74699150988	-815.6533081204842	-8519.565431126826	43.46754853343789	657.9874176704502	0.2156163123729804	0.04860948533970598	0.016267283088927602	0.20967932462236158	0.37326528341561266	0.7079126169579131	1.3562995341901385	0.6436776962327087	1.8173353848666889	0.15991289224955962	1.8079930676779716	0.04860948533970598	0.016267283088927602	0.20967932462236158	0.37326528341561266	0.7079126169579131	1.3562995341901385	0.6436776962327087	1.8173353848666889	0.15991289224955962	1.8079930676779716	5.766348240643513	0.3005680617113569	0.204620695734412	0.20641239610473874	0.2883988464494923	0.5317676911739275	52.46628535148273	-809.0273525190469	8.344282661737636E-4	0.28324956649301397	8.282028543664726E-4	7.807395850519891E-8	0.3308867759567031
5700000	-9441.846784928335	-8654.190723584139	-787.6560613441964	-8492.62215701127	45.093385601931345	589.0310813663862	0.24717626293140338	0.07545482914665311	0.043637137906053065	0.05395278879427612	1.6085523203035423	0.8536630769262923	1.4783580477407596	0.157260574739283	1.7345598054326372	0.5335207607300466	0.8065258673162893	0.07545482914665311	0.043637137906053065	0.05395278879427612	1.6085523203035423	0.8536630769262923	1.4783580477407596	0.157260574739283	1.7345598054326372	0.5335207607300466	0.8065258673162893	6.3280922149008	0.30584332639669604	0.2079298546082157	0.20772820094993785	0.27849861804515036	0.44123033696862396	45.649690856045176	-779.2730704389855	9.804883259049864E-4	0.6861359028195867	9.336164578671373E-4	4.796089383978551E-7	0.696721005738728
5800000	-9541.626530747093	-8700.678349679021	-840.9481810680712	-8540.372890713348	47.42831399570982	722.4583544367015	0.1388542127640635	0.2092570318301947	0.1589842054486629	0.5875083569743339	0.8560637315666118	0.8280411495906084	1.1498597166564157	0.1923778342161995	3.3133038300933997	0.9504848840785296	0.8335444170276531	0.2092570318301947	0.1589842054486629	0.5875083569743339	0.8560637315666118	0.8280411495906084	1.1498597166564157	0.1923778342161995	3.3133038300933997	0.9504848840785296	0.8335444170276531	6.132257566277499	0.2830758599280062	0.23033833459365996	0.2128375128653312	0.27374829261300265	0.47654937648262835	59.00233831427287	-832.3206349960872	7.903599327657282E-4	0.2310983474394188	7.8840675657979E-4	2.2914157611908026E-7	0.5991094532042793
5900000	-9473.887186081916	-8678.794937515771	-795.0922485661449	-8512.466979267969	46.54470081324736	613.9394514220108	0.244795644670314	0.41546521849064444	0.06235877535303985	0.25876376237157417	1.0685013116807582	0.6688105319575541	0.5952157060897724	2.685218198347121	3.302094401245719	0.6881355603735674	0.47841045830006707	0.41546521849064444	0.06235877535303985	0.25876376237157417	1.0685013116807582	0.6688105319575541	0.5952157060897724	2.685218198347121	3.302094401245719	0.6881355603735674	0.47841045830006707	6.531109747593118	0.329915421362345	0.20443161282562397	0.19425856834660757	0.2713943974654236	0.5092339700605989	54.975105292189845	-783.7044969821027	9.221279724783137E-4	0.6330421236129877	8.556618575977377E-4	3.0470193726697293E-7	0.5988579260518218
6000000	-9474.445836226776	-8685.582051991883	-788.8637842348934	-8521.1021352818	42.96769268472831	601.0376324816755	0.20508158267696702	0.09643062107974433	0.17483147985614372	0.2567339923369848	0.1595093731764178	0.3665027152629761	1.8925192384512397	0.07765755973172035	1.3240695333937131	0.31183301624558807	0.2775919118150698	0.09643062107974433	0.17483147985614372	0.2567339923369848	0.1595093731764178	0.3665027152629761	1.8925192384512397	0.07765755973172035	1.3240695333937131	0.31183301624558807	0.2775919118150698	5.908915219648045	0.28841449378626577	0.21403244991048637	0.20356921648536142	0.29398383981788656	0.4064903169648231	47.66206366103046	-783.1180090483538	0.0010796346570679106	0.5646895275533657	9.598952131810831E-4	3.6726292705717006E-7	0.5496453820776718
6100000	-9502.113061298433	-8681.908855868967	-820.2042054294651	-8518.105647974578	49.825716640316905	671.2017249424392	0.10525342729479475	1.8252494625651212	0.3575122471219345	0.7767636430738065	1.6902699112893154	3.4923436781609336	0.08659001169216891	0.2584461471980252	7.03553337576668	0.30782022510545914	0.4502073780346522	1.8252494625651212	0.3575122471219345	0.7767636430738065	1.6902699112893154	3.4923436781609336	0.08659001169216891	0.2584461471980252	7.03553337576668	0.30782022510545914	0.4502073780346522	6.773494780086297	0.3056385021239793	0.2024650450835592	0.20775339598811612	0.2841430568043455	0.5950290996409143	52.85990876034722	-802.6058980091809	8.491080732969868E-4	0.5114191201459357	7.941355423960052E-4	2.1288480691259986E-7	0.5368878486936093
6200000	-9529.24077420099	-8694.324874985565	-834.9158992154249	-8532.037044816429	46.00867136336727	692.1906644313583	0.2097916312376928	0.14029192584503386	0.10526360763210876	0.22641112038716676	2.6382613266201584	0.48738333541005496	1.010923404533912	0.1656095994031848	2.0678556506237706	0.01442587567682605	1.8575906651576273	0.14029192584503386	0.10526360763210876	0.22641112038716676	2.6382613266201584	0.48738333541005496	1.010923404533912	0.1656095994031848	2.0678556506237706	0.01442587567682605	1.8575906651576273	6.867881785162224	0.29777443339076665	0.2157637899688181	0.2052031356246132	0.2812586410158021	0.632505104968236	63.460475081250166	-825.8472330641122	7.977724416659004E-4	0.3835735063098107	7.794520021732229E-4	8.174153100506511E-8	0.36393623542460934
6300000	-9558.426105137121	-8692.168445899704	-866.2576592374173	-8529.093913528917	53.605479063848186	803.4275340368115	0.09130101057704122	0.37620865989570096	0.4707002121308489	3.124105231744732	0.6880265362193607	1.55929876052406	0.24032014872216256	0.5579361781679139	5.219349291883393	0.9883710101998038	0.19887713279872526	0.37620865989570096	0.4707002121308489	3.124105231744732	0.6880265362193607	1.55929876052406	0.24032014872216256	0.5579361781679139	5.219349291883393	0.9883710101998038	0.19887713279872526	5.777190845842186	0.30668714305545447	0.21668782658977953	0.2052031356246132	0.2714218947301529	0.43727631040627735	62.974460211562715	-852.8094655455411	6.963776281824339E-4	0.2800301723679828	7.069283388606118E-4	5.701599258896127E-8	0.3412228672626006
6400000	-9540.825907384455	-8701.264311390974	-839.5615959934809	-8533.27285352059	44.19187877020118	684.6691678333127	0.201492491140268	0.009512578446951307	0.06305388755960338	0.604634836166586	2.886296472729461	1.3639393631575931	2.723582212999662	0.14680954487403022	1.6113926627968256	0.2201760207209362	1.561101769411277	0.009512578446951307	0.06305388755960338	0.604634836166586	2.886296472729461	1.3639393631575931	2.723582212999662	0.14680954487403022	1.6113926627968256	0.2201760207209362	1.561101769411277	6.323667975655021	0.29039076996998553	0.20363674098807924	0.21120886118557036	0.2947636278563649	0.47248849208554256	66.1311718311996	-828.1167776593427	8.283531991771004E-4	0.39414420120209365	8.185747222498172E-4	9.022415113901906E-8	0.36435887360124314
6500000	-9470.183024320275	-8656.601811361352	-813.581212958923	-8492.928089657267	37.82220767443449	579.6010678050698	0.129994901254076	0.4248626485882191	0.3394263098881321	0.7390585955208692	0.5620970647159018	1.016544722786056	1.0986916691277586	0.06465458058919475	5.086819803962552	1.1390605976314454	0.925782570922304	0.4248626485882191	0.3394263098881321	0.7390585955208692	0.5620970647159018	1.016544722786056	1.0986916691277586	0.06465458058919475	5.086819803962552	1.1390605976314454	0.925782570922304	6.633649854837923	0.28976064482942887	0.21269807596723742	0.21335682422369157	0.28418445497964223	0.5088195798661395	54.593062832179186	-800.7613841670316	0.001023417699142286	0.5552225650733899	0.0010006108527583796	1.6166118751904548E-7	0.4000401760535005
6600000	-9505.504544703786	-8677.299387527351	-828.2051571764345	-8516.635616401874	44.226715213171104	668.7684884891996	0.13208838658612443	0.27379447170864996	0.04207548517166648	0.3939705085283796	1.0195735233356473	0.7300255818677684	1.1226821014563764	0.040819722029278416	3.9287068328913772	1.459417370878988	0.17971075281605603	0.27379447170864996	0.04207548517166648	0.3939705085283796	1.0195735233356473	0.7300255818677684	1.1226821014563764	0.040819722029278416	3.9287068328913772	1.459417370878988	0.17971075281605603	5.746527170868665	0.29566373821360176	0.2090591230054631	0.21899572383496832	0.27628141494596686	0.5106563556491874	58.44162256639313	-818.4723178638138	9.146853961016886E-4	0.41084735035868525	8.554418788001265E-4	1.4102919415528835E-7	0.42712285233425035
6700000	-9514.419536416932	-8684.299579784625	-830.1199566323071	-8515.818226113308	44.08365528377519	671.0487760720755	0.10025773318778324	0.48361930330358793	0.07614380128171379	0.03169650078750296	0.8621240403844166	0.34007121053913175	1.20689031921349	0.6789944853774138	1.7499414486111258	0.4313409125858779	0.15648845374355377	0.48361930330358793	0.07614380128171379	0.03169650078750296	0.8621240403844166	0.34007121053913175	1.20689031921349	0.6789944853774138	1.7499414486111258	0.4313409125858779	0.15648845374355377	5.903653012637357	0.28296534660524114	0.20968957394820192	0.2302014118145312	0.2771436676320258	0.506472635208376	52.44677945928357	-823.5505277636445	8.399818692707549E-4	0.4049725862575747	8.13921428974153E-4	1.109506927804563E-7	0.40216735786280966
6800000	-9557.805225554399	-8713.675658019216	-844.1295675351837	-8549.958296931392	50.57519475153877	697.5428824690279	0.1029107187853953	0.3458350734729345	0.4472181274259752	1.2685621391014978	0.7857905473891318	2.3224387295868487	2.397282987845662	1.517964519697335	8.339572998422417	0.5064231350232262	0.6654303832479542	0.3458350734729345	0.4472181274259752	1.2685621391014978	0.7857905473891318	2.3224387295868487	2.397282987845662	1.517964519697335	8.339572998422417	0.5064231350232262	0.6654303832479542	6.890281720486185	0.2730920708000216	0.20885434688887838	0.22756943909572214	0.2904841432153779	0.5362873454959298	60.18026456688574	-825.16232330337	8.114207281901015E-4	0.27572873824682403	8.275749979347997E-4	1.0609222949807649E-7	0.4048442823945994
6900000	-9513.403708582955	-8696.169715282458	-817.2339933004976	-8531.874637179984	44.07254383482699	610.1180766036348	0.2304814283925285	0.40871026724072634	0.21330668829017663	1.5116624447287974	2.7769821796078373	2.2292594288416283	7.5576873524231205	1.5403805899441179	6.829569312041668	1.1997438522241073	0.7505799212168225	0.40871026724072634	0.21330668829017663	1.5116624447287974	2.7769821796078373	2.2292594288416283	7.5576873524231205	1.5403805899441179	6.829569312041668	1.1997438522241073	0.7505799212168225	6.223588562050814	0.3080089130223697	0.21092743724225668	0.20278277582470297	0.2782808739106707	0.5641195640453915	44.26949623379337	-791.7692603068575	0.0010458857209628462	0.4470372326768931	9.867021094414233E-4	1.8335875156150676E-7	0.41692655272316526
7000000	-9485.252578792004	-8658.209313336827	-827.0432654551773	-8504.80009341554	51.01150048999664	706.4084462757157	0.11554244211379418	0.40269090886559017	0.05908696486738708	1.5669820944609367	0.514319591677517	1.2340367391897897	1.613583215007959	2.0856021517913073	5.113064765484657	0.8950413012105499	0.008828425948194656	0.40269090886559017	0.05908696486738708	1.5669820944609367	0.514319591677517	1.2340367391897897	1.613583215007959	2.0856021517913073	5.113064765484657	0.8950413012105499	0.008828425948194656	6.433156120789774	0.2952634673661744	0.20862612285246407	0.2116650706833112	0.28444533909805036	0.52680504585676	61.33572353928281	-811.925577748104	8.566008803109191E-4	0.6389258851001046	7.704380839238097E-4	3.335735876553022E-7	0.699618520150319
7100000	-9454.85668868202	-8645.38543466772	-809.471254014301	-8480.666035466576	45.355245220271904	626.7793963659299	0.1658564262791267	0.16547794410157857	0.06999061564910242	0.6928271645826442	0.21129598538309238	0.5609090445212029	0.8431732373678562	1.4917831706710956	4.279487598194725	0.7760869767895041	1.005248911697714	0.16547794410157857	0.06999061564910242	0.6928271645826442	0.21129598538309238	0.5609090445212029	0.8431732373678562	1.4917831706710956	4.279487598194725	0.7760869767895041	1.005248911697714	7.101139525248641	0.3107214222754733	0.20447364377032715	0.2003595948561493	0.28444533909805036	0.5504179804788352	50.89135541805634	-798.0261062489542	9.79150118582661E-4	0.5675391927400938	8.768238553042895E-4	3.6573062617394846E-7	0.6294151254902651
7200000	-9479.021839949337	-8675.762671522858	-803.2591684264796	-8509.651663175038	50.48214974723932	641.418967093972	0.18997086804248775	0.21193851405459493	0.013455311643260368	0.3608779702807952	0.6134044407972203	0.15126552643095967	4.974097486773335	0.0780459298997511	3.586236804587507	0.21494815391491917	0.16088844893227167	0.21193851405459493	0.013455311643260368	0.3608779702807952	0.6134044407972203	0.15126552643095967	4.974097486773335	0.0780459298997511	3.586236804587507	0.21494815391491917	0.16088844893227167	6.119901924677499	0.3114279048963111	0.20102445641222585	0.19962672691074376	0.2879209117807193	0.5367647131259305	49.19579558399857	-792.0656999229259	9.289966086687588E-4	0.5484697870872819	8.428797680256625E-4	3.4663556769722913E-7	0.642349733885485
7300000	-9474.854492720973	-8671.781457417239	-803.0730353037343	-8503.88883135112	39.560428415188795	582.0120327745936	0.24182740987595167	1.3132771028247934	0.00787981633298561	0.7822029845052398	2.432754813853066	0.9523815130791049	3.4157493796254292	0.2967545732836512	4.216297355322817	0.5402803652538268	0.10887989487180294	1.3132771028247934	0.00787981633298561	0.7822029845052398	2.432754813853066	0.9523815130791049	3.4157493796254292	0.2967545732836512	4.216297355322817	0.5402803652538268	0.10887989487180294	6.754230601962723	0.3114279048963111	0.19787207809753507	0.19864684753126607	0.2920531694748878	0.454661425166858	50.88762334089512	-788.2492979388145	0.0010318301284899382	0.48295321751874	0.0010602327907463338	2.9360637170873286E-7	0.5177146466971562
7400000	-9513.650225866248	-8682.76554119633	-830.8846846699187	-8521.200009535367	49.32401866357084	667.7405911594307	0.1647248090663903	0.45569228140786605	0.0290121041093446	0.7890026012944096	0.2837978647504458	1.118751459867191	0.19864672537087824	1.329734456954881	3.2419986961238556	0.18227307999352899	0.7931871195230157	0.45569228140786605	0.0290121041093446	0.7890026012944096	0.2837978647504458	1.118751459867191	0.19864672537087824	1.329734456954881	3.2419986961238556	0.18227307999352899	0.7931871195230157	6.647699712757127	0.30117966393529727	0.20495156215681753	0.21444727049961326	0.279421503408272	0.5573027853828036	65.93582187067037	-821.4185687224432	8.697630281576092E-4	0.5087518503119173	8.513178775741711E-4	2.1156396565201312E-7	0.5488981690674302
7500000	-9479.364677922496	-8684.424334395026	-794.9403435274703	-8524.834403889552	60.36577020703582	641.8108812060618	0.14624378851704103	0.16418751881700144	0.1455051379636603	0.9405534209275952	0.08757347141192147	0.8384796254461522	2.981099903708201	0.02373175044673065	4.65475224063314	0.37345656820008694	0.4618149403843636	0.16418751881700144	0.1455051379636603	0.9405534209275952	0.08757347141192147	0.8384796254461522	2.981099903708201	0.02373175044673065	4.65475224063314	0.37345656820008694	0.4618149403843636	6.914656847758322	0.287225090298301	0.21878884362775947	0.20123334962484604	0.2927527164490935	0.48166961951281345	53.41694673234258	-782.7192538192612	9.759062724893349E-4	0.6361071286746462	9.266746074615384E-4	4.650525968532235E-7	0.6630285734409844
7600000	-9438.302663239829	-8677.701846952414	-760.6008162874147	-8512.457231857023	42.61672797252672	534.0376007780279	0.15864092283231837	0.15966996157514102	0.4507610509812203	1.6117822982909653	0.9919025415482978	0.8535990209546229	1.1358727139349087	0.167158925576674	2.1740055313442017	0.3807885151557164	0.44117357676278196	0.15966996157514102	0.4507610509812203	1.6117822982909653	0.9919025415482978	0.8535990209546229	1.1358727139349087	0.167158925576674	2.1740055313442017	0.3807885151557164	0.44117357676278196	6.117854078197544	0.3121795135385888	0.20269051147528094	0.20842960704298708	0.27670036794314323	0.4552605695388396	37.52044176477041	-751.4184365399216	0.0010599779923526876	0.5513397356486748	0.0010790625308858019	4.840000154611552E-7	0.6194358387438661
7700000	-9529.171822667993	-8705.586254615471	-823.5855680525224	-8538.922603557861	46.56952072962162	662.3287379569826	0.13572314637041827	0.13298422614690927	0.029709368764032722	1.097837923814419	0.4516029453561904	0.8602352949176624	0.6673121181410104	0.0869455923133737	4.2118263779991025	0.7710315967229144	0.26579514172917323	0.13298422614690927	0.029709368764032722	1.097837923814419	0.4516029453561904	0.8602352949176624	0.6673121181410104	0.0869455923133737	4.2118263779991025	0.7710315967229144	0.26579514172917323	5.747653910452709	0.2886319312264806	0.21265624115124016	0.22328026649559465	0.2754315611266847	0.43217357979771387	48.60818724264222	-814.8879148022243	8.276936905376101E-4	0.42726687777369277	7.627590648018157E-4	2.0901637578073195E-7	0.573119953269843
7800000	-9533.673953114763	-8683.209850119856	-850.4641029949073	-8516.050878752614	54.889002522787266	782.4494161331831	0.2186082110971084	0.11573598709461658	0.17326792700393662	0.14454818522430854	2.5649965030383566	1.2110436214526041	0.4044732754008389	0.5845724566257545	5.371721816620967	0.1357875122141416	3.6495669111602402	0.11573598709461658	0.17326792700393662	0.14454818522430854	2.5649965030383566	1.2110436214526041	0.4044732754008389	0.5845724566257545	5.371721816620967	0.1357875122141416	3.6495669111602402	5.777287913262256	0.2886319312264806	0.20668580011518525	0.2136624058870937	0.29101986277124053	0.5223699173650775	67.87334195270236	-836.4676422278271	6.731392419849156E-4	0.35091832716429594	6.727201168758947E-4	6.434681888545002E-8	0.3729007655270515
7900000	-9484.921049768378	-8681.14056962681	-803.780480141568	-8515.489596970154	54.146326817696554	696.6935246106943	0.1936276818491883	0.004080247588367243	0.2792757546463852	0.035990134815358045	0.6554882667979229	0.20964957349498645	2.421762818796029	0.03825041731860065	1.3713141652920193	0.1599938141216045	0.27727409014752497	0.004080247588367243	0.2792757546463852	0.035990134815358045	0.6554882667979229	0.20964957349498645	2.421762818796029	0.03825041731860065	1.3713141652920193	0.1599938141216045	0.27727409014752497	6.438006871951102	0.30334188294310926	0.20011623424386346	0.20020975346908923	0.29633212934393816	0.4792307929701236	52.189527097092004	-797.6582448691133	8.287681205047916E-4	0.5389993076614099	7.756516890720557E-4	1.2833848180243028E-7	0.43691279104526076
8000000	-9481.134840872686	-8670.14554117251	-810.989299700177	-8513.972882219472	45.48407080750223	638.0089419003991	0.13919950616997195	0.10446335114091136	0.03534514396318087	1.4875316442717166	0.06223978811893042	1.0079941967590664	0.5366017653449423	0.6651523987432963	3.008214518854917	0.0600339784429914	0.40926553152480294	0.10446335114091136	0.03534514396318087	1.4875316442717166	0.06223978811893042	1.0079941967590664	0.5366017653449423	0.6651523987432963	3.008214518854917	0.0600339784429914	0.40926553152480294	6.57146970996516	0.2891663629213308	0.20652239703228306	0.21368896114618577	0.2906222789002005	0.5021688149765235	48.85193140043135	-802.1368609942208	9.364049784688791E-4	0.6688474641327998	9.196555654296859E-4	1.4400017412329834E-7	0.40204925606445807
8100000	-9524.842621706706	-8695.209960897875	-829.6326608088302	-8542.48070307155	45.817082846005725	673.6602955479547	0.15448575410137613	0.2708707478126386	0.18297807779743108	0.7740506821544028	1.0666991753898774	1.6937986234589832	0.048268592648995454	1.445886090212623	4.855360444787098	0.08190897812995729	2.1268342717784408	0.2708707478126386	0.18297807779743108	0.7740506821544028	1.0666991753898774	1.6937986234589832	0.048268592648995454	1.445886090212623	4.855360444787098	0.08190897812995729	2.1268342717784408	6.307993381263261	0.30169518991671973	0.2065840734247455	0.21397830516177624	0.27774243149675865	0.4358529147491767	54.456368725198814	-816.3798691394446	8.878433028687254E-4	0.5014448621360336	8.59238724178062E-4	2.2459480000142166E-7	0.5403650644346047
8200000	-9485.98006959704	-8681.190638897611	-804.7894306994286	-8514.665900881115	57.49133605510117	671.6712004205132	0.14062533999373536	0.7116671310712231	0.0502312677209213	0.6411837152475162	0.519726554357021	1.1671489226679737	0.4069825948331745	0.7598879045286655	2.9603409501084874	0.4956841893548525	0.5500166045090383	0.7116671310712231	0.0502312677209213	0.6411837152475162	0.519726554357021	1.1671489226679737	0.4069825948331745	0.7598879045286655	2.9603409501084874	0.4956841893548525	0.5500166045090383	5.807167970088175	0.30169518991671973	0.21875221336441347	0.20759583619579208	0.2719567605230748	0.5220656572683225	48.44232485041134	-795.6386660164943	8.711359024447162E-4	0.5896745982616947	8.349874890887096E-4	2.6434407438323233E-7	0.5635237628950444
8300000	-9503.334296051657	-8671.615119988759	-831.719176062897	-8512.177764263604	49.02417173856908	694.0953285161797	0.11512388696435688	0.1803162890711627	0.2739103706123188	0.17697102363812417	0.3188387589513981	1.9650153902478362	0.040545074881905896	0.045768840566748716	4.2673477811559755	0.12681628969084166	0.3837615491688766	0.1803162890711627	0.2739103706123188	0.17697102363812417	0.3188387589513981	1.9650153902478362	0.040545074881905896	0.045768840566748716	4.2673477811559755	0.12681628969084166	0.3837615491688766	5.67090356326688	0.2990835781040191	0.21166391688532682	0.219305992852904	0.2699465121577501	0.501636787772693	53.748381199060795	-823.5006623484618	8.26348630546364E-4	0.42400927545147804	8.264473535483057E-4	1.4631194574914106E-7	0.4551056072476827
8400000	-9508.832555605813	-8693.62758027003	-815.204975335784	-8540.26976044136	45.93558590909846	660.1834589788436	0.15161118728300252	0.13536424083951532	0.017389495157310707	0.4356788959841901	0.09264940088359007	0.3132563058964855	0.3173279419406109	0.03845901506310095	1.9503414399524153	0.3088287101134545	0.30632271785899096	0.13536424083951532	0.017389495157310707	0.4356788959841901	0.09264940088359007	0.3132563058964855	0.3173279419406109	0.03845901506310095	1.9503414399524153	0.3088287101134545	0.30632271785899096	6.541595931761673	0.3064668845178329	0.21166391688532682	0.21192268643909024	0.2699465121577501	0.4553625744018441	56.34777425776361	-811.0024792073548	8.065531235673933E-4	0.39637908521273046	8.089712822153732E-4	1.094179550159168E-7	0.41355539018730675
8500000	-9492.055285435947	-8701.158738353693	-790.8965470822537	-8539.303236916841	48.88433229846147	600.9973160281983	0.16951724621874464	0.0368789031906253	0.018034120327491115	1.2168752413520418	1.3592249846832163	1.4775199898891542	0.3608669387185143	1.2545023253948413	2.9734640813355	0.2530565395632144	1.6639594211849882	0.0368789031906253	0.018034120327491115	1.2168752413520418	1.3592249846832163	1.4775199898891542	0.3608669387185143	1.2545023253948413	2.9734640813355	0.2530565395632144	1.6639594211849882	6.906993832196892	0.28541964847570656	0.21377302052087124	0.21665125626257645	0.2841560747408458	0.5231775420928662	48.59884079208831	-778.7985635292899	0.001107115343050108	0.6130170583285108	9.859238537369781E-4	2.9085885881213195E-7	0.48162363837269606
8600000	-9492.991856062352	-8686.188900525227	-806.8029555371253	-8526.476586806873	45.81441236201062	563.9224417493796	0.18129026774324922	0.9690584883595618	0.2551948329808866	0.4518377563222666	0.04177205143543559	0.8119046797399697	5.194184041609665	1.0257698390484384	3.1488994707818696	0.22723693517931487	0.44685081288556827	0.9690584883595618	0.2551948329808866	0.4518377563222666	0.04177205143543559	0.8119046797399697	5.194184041609665	1.0257698390484384	3.1488994707818696	0.22723693517931487	0.44685081288556827	7.009529101686428	0.2924287476259356	0.1994985699165496	0.22949314832523504	0.27857953413227976	0.44701253138495883	54.093548467823666	-792.893882383766	9.840776089930917E-4	0.6260758674780373	9.626408038600152E-4	2.612858317803495E-7	0.5293013892310273
8700000	-9487.95799869021	-8682.907659894074	-805.0503387961367	-8518.773250334787	43.570468827364266	627.0199003921714	0.22645415161971122	0.721757438959651	0.18886842254436326	0.49797311410931816	0.22822227242150386	0.5741039026375838	0.1951995294206332	0.3633681848287472	4.541164182559019	0.46258606394383656	0.13331553205984253	0.721757438959651	0.18886842254436326	0.49797311410931816	0.22822227242150386	0.5741039026375838	0.1951995294206332	0.3633681848287472	4.541164182559019	0.46258606394383656	0.13331553205984253	6.925550871906187	0.2946859469524065	0.21706029255179943	0.21588539320288955	0.27236836729290453	0.49501036131299714	56.913088364262876	-796.5835972614537	8.688297463778358E-4	0.4898284452223285	9.022008707026095E-4	1.7177108774731328E-7	0.46279309603943225
8800000	-9516.04977460295	-8693.243275766066	-822.8064988368836	-8529.397036350783	58.746781150245425	691.3288009978507	0.15941979820113222	1.1276195366330672E-4	0.10921038212031979	1.2583193755797821	0.10531830788082164	2.393579338542791	0.3037787409113506	0.06115919769427446	1.4343539294135454	0.09828968065850582	1.6735200955331968	1.1276195366330672E-4	0.10921038212031979	1.2583193755797821	0.10531830788082164	2.393579338542791	0.3037787409113506	0.06115919769427446	1.4343539294135454	0.09828968065850582	1.6735200955331968	6.405435249062749	0.2991434710649458	0.20961101388658762	0.22727852678271915	0.26396698826574744	0.4811577961094161	49.820514484185004	-814.357170942416	8.314113713103832E-4	0.6491817889468208	8.11056554198833E-4	2.1461042338430866E-7	0.5533139393583735
8900000	-9501.738529609955	-8675.551265298134	-826.1872643118205	-8512.526904153705	51.60367861988148	673.3173167971229	0.10655850297336712	0.12304910200474581	0.05037229998494218	0.48214400957541104	0.460483955721986	0.704191318385355	0.8338762408602506	0.7137870038466835	4.504458136427814	1.0597400157269938	0.6189788797230744	0.12304910200474581	0.05037229998494218	0.48214400957541104	0.460483955721986	0.704191318385355	0.8338762408602506	0.7137870038466835	4.504458136427814	1.0597400157269938	0.6189788797230744	6.420248904980386	0.31080926949446963	0.19740109902226954	0.20807172692257672	0.2837179045606842	0.5008903201355914	52.66311714158867	-815.5134480338598	8.127904496695882E-4	0.5242363730714918	8.359780902065137E-4	2.2502960704096818E-7	0.5505480287431338
9000000	-9495.243230044462	-8662.972967532134	-832.2702625123272	-8496.996598947058	55.671237713098414	724.0413471504478	0.1404997574621656	0.05337076427224406	0.1246765724565255	0.10258872560532183	0.9894717222326689	0.8828422863029585	0.6290231795551972	0.0020593874120671167	1.4298482243554436	0.3121020398434104	0.4112686741792062	0.05337076427224406	0.1246765724565255	0.10258872560532183	0.9894717222326689	0.8828422863029585	0.6290231795551972	0.0020593874120671167	1.4298482243554436	0.3121020398434104	0.4112686741792062	6.03254263375576	0.2993815788380621	0.21217591368841068	0.20640731416156075	0.2820351933119666	0.49924067539834727	62.40557439791653	-826.3682209838722	7.792251704164112E-4	0.5733117574913597	8.23374874950014E-4	1.763413466925257E-7	0.5216818642586234
9100000	-9500.93121419663	-8681.715993490126	-819.2152207065033	-8518.88230487485	47.02050812539796	642.1138464117995	0.16978217937144105	0.04090334830870544	0.6769253453358821	0.24852825656303332	0.2006534881006816	0.30925106718240325	6.263233709700421	0.6570144927265814	4.779357673658366	0.16644887504342978	1.4559550485465906	0.04090334830870544	0.6769253453358821	0.24852825656303332	0.2006534881006816	0.30925106718240325	6.263233709700421	0.6570144927265814	4.779357673658366	0.16644887504342978	1.4559550485465906	6.346163621134745	0.2935734134070688	0.22238315378789503	0.20430846783684034	0.279734964968196	0.5351551808161432	59.77684087168091	-803.218357718725	0.0010041746776091288	0.5515012374355246	8.875863979001795E-4	3.77742676924893E-7	0.6550951147194727
9200000	-9491.624992666675	-8669.973452675336	-821.6515399913388	-8507.079612067195	45.298419242696	636.2762660674221	0.11571981626370915	0.2412117116554815	0.22172897414991374	0.8390120884229747	0.4656850615635216	1.8163958099582114	0.005807022861082331	1.1218385494262546	5.418263115356363	0.3397968738813976	1.6028895513586945	0.2412117116554815	0.22172897414991374	0.8390120884229747	0.4656850615635216	1.8163958099582114	0.005807022861082331	1.1218385494262546	5.418263115356363	0.3397968738813976	1.6028895513586945	5.969833040249516	0.2935734134070688	0.20767603872022403	0.21716588263385284	0.28158466523885445	0.525371288272727	57.38413133659698	-808.7943703811408	9.186348989276054E-4	0.4224265533152409	8.584329365293442E-4	2.2304034062815813E-7	0.5291029942219688
9300000	-9514.311413478912	-8677.01541552617	-837.2959979527428	-8513.745239865717	45.635307382655455	690.8124876166117	0.18230261569288655	0.19833769284783315	0.17114739911845747	0.0023182187346433435	0.7834731042288567	0.604404939218851	1.4112661197006946	1.0699451125968822	3.2972363660749995	0.09859107520741728	0.17610416761362038	0.19833769284783315	0.17114739911845747	0.0023182187346433435	0.7834731042288567	0.604404939218851	1.4112661197006946	1.0699451125968822	3.2972363660749995	0.09859107520741728	0.17610416761362038	5.963273698293257	0.30122185053522793	0.20566901664257856	0.20436554286461067	0.288743589957583	0.46151761172439293	65.13662533133007	-829.3147768315678	8.129842966810959E-4	0.38585520403409024	7.91189534697398E-4	1.0150927641809288E-7	0.3959329719399246
9400000	-9486.072879425958	-8693.831166123191	-792.2417133027672	-8531.7109778357	43.35894318824269	578.054881191395	0.2159146832922113	0.2256490256673162	0.44553103833723656	0.2045298131803856	2.59955775038376	0.5465331548863178	1.4275113955529788	0.4799223030703066	1.901090757940797	0.20799536157445914	0.5693432264719808	0.2256490256673162	0.44553103833723656	0.2045298131803856	2.59955775038376	0.5465331548863178	1.4275113955529788	0.4799223030703066	1.901090757940797	0.20799536157445914	0.5693432264719808	6.304823749142774	0.3004695986305492	0.2072615248143326	0.20452838570348775	0.28774049085163067	0.4776450212945607	46.77441476096902	-783.426261213165	9.542004244122448E-4	0.4189978372045873	9.373384131906503E-4	1.5684047311624306E-7	0.4257642637540463
9500000	-9512.841847157246	-8704.113616206008	-808.7282309512381	-8543.339329320122	49.788581115056026	641.3012524181958	0.27185591767446265	0.3034612239190577	0.0031608372064071957	0.3992163255137242	2.968044448507031	0.9583642039166862	1.7085390839616246	0.045572999366516785	3.349854702829718	0.5314106957143109	1.7565803228923584	0.3034612239190577	0.0031608372064071957	0.3992163255137242	2.968044448507031	0.9583642039166862	1.7085390839616246	0.045572999366516785	3.349854702829718	0.5314106957143109	1.7565803228923584	6.2819199180047605	0.29644282437752467	0.19918566184302575	0.20651430804797002	0.2978572057314797	0.42850583567569855	51.21935347508707	-796.7724088088552	7.673712797722857E-4	0.4581293270115373	8.044722771793405E-4	1.2401765901291333E-7	0.4439355580127262
9600000	-9501.68040946685	-8673.71446438276	-827.9659450840903	-8506.571943304647	43.999208286117614	659.6054748045701	0.1450590447285273	0.2270786820962987	0.06355429958495419	0.11980376767115353	1.9399604326553592	0.5352039852005941	0.28208248366649846	0.9965416196521656	3.738956932902535	0.39236431895663354	0.27226902633825883	0.2270786820962987	0.06355429958495419	0.11980376767115353	1.9399604326553592	0.5352039852005941	0.28208248366649846	0.9965416196521656	3.738956932902535	0.39236431895663354	0.27226902633825883	6.843345974032014	0.2808779449917483	0.20900296398246182	0.20748230073479512	0.30263679029099494	0.5301113221334257	52.70967063717809	-818.4202455871565	9.358767613883798E-4	0.4802539233422499	8.762796555653268E-4	1.2868071111834598E-7	0.3935396652381591
9700000	-9530.317731358928	-8690.640594332346	-839.6771370265817	-8524.74672905303	50.550812707909216	731.9013779796815	0.23975327404875155	0.6521063703613555	0.00476112791930452	0.11484822855917777	0.40605558363015065	0.6736843351630334	1.0352893551014206	0.605036748605006	1.453214913358881	0.012567661228897596	2.6424869378517197	0.6521063703613555	0.00476112791930452	0.11484822855917777	0.40605558363015065	0.6736843351630334	1.0352893551014206	0.605036748605006	1.453214913358881	0.012567661228897596	2.6424869378517197	6.822919471790053	0.2878138793344926	0.20900296398246182	0.21951581975897064	0.2836673369240751	0.6747470255225845	61.69555612705779	-831.6035977884854	8.026313101815582E-4	0.44128864622180397	7.467406434414289E-4	1.328894967252454E-7	0.47176595188728276
9800000	-9524.595141971442	-8694.094526468316	-830.5006155031266	-8535.676019296718	49.03844480677914	690.9312627194959	0.15750652210467223	0.2818665302795996	0.19126660980074534	0.04847299111254393	2.434520611197765	1.9643750719257775	0.1190676422186293	0.18113343559720865	5.228912480120396	0.9183260760143613	1.0301270632262645	0.2818665302795996	0.19126660980074534	0.04847299111254393	2.434520611197765	1.9643750719257775	0.1190676422186293	0.18113343559720865	5.228912480120396	0.9183260760143613	1.0301270632262645	5.657229693741738	0.29932204030305315	0.19749480301390127	0.20711320501629876	0.29606995166674693	0.4340428269409824	51.145620875177876	-817.8822423944182	8.136154258522984E-4	0.4556670789196411	7.796701098501228E-4	1.384059189854358E-7	0.4762130745514181
9900000	-9515.533748914002	-8674.371474543303	-841.162274370699	-8509.345302788977	45.226202095872054	680.0126169157903	0.1385149056260841	0.9948099353659751	0.11270463469620341	0.04533658535732783	0.9340294567160466	2.808688174819451	2.568914467412991	0.10600726530467611	5.052860521744666	0.8469262078631508	1.0212076378131534	0.9948099353659751	0.11270463469620341	0.04533658535732783	0.9340294567160466	2.808688174819451	2.568914467412991	0.10600726530467611	5.052860521744666	0.8469262078631508	1.0212076378131534	6.117831468464155	0.3097425589585266	0.2048790871878411	0.20711320501629876	0.27826514883733366	0.4872671479770277	66.30711467678138	-825.7896481169998	8.722040484001011E-4	0.4650613842052111	8.203974730278348E-4	1.35486519721234E-7	0.449320319787236
10000000	-9516.429083933128	-8682.702998156876	-833.7260857762518	-8524.570593806166	47.54106742207856	666.4658895624726	0.08152305073108088	0.6496665611958807	0.031323221542736715	1.1390691664897858	0.3329960992455306	0.8233290103442414	1.5682421850432635	0.12941700992098165	6.026086142425135	0.45088200726871414	1.5431442919223255	0.6496665611958807	0.031323221542736715	1.1390691664897858	0.3329960992455306	0.8233290103442414	1.5682421850432635	0.12941700992098165	6.026086142425135	0.45088200726871414	1.5431442919223255	5.916098466321377	0.2942454056110914	0.19085983352118244	0.22733755591369562	0.2875572049540307	0.5965675346192431	67.51738301193483	-819.1821785073269	9.638021054695682E-4	0.5108456240547903	9.131636824478846E-4	2.558222589853419E-7	0.5119603481795285
10100000	-9480.593709331833	-8682.4885818372	-798.1051274946325	-8518.433062466782	50.41147286901958	606.3905663141998	0.1437060659892539	1.0180071052356525	0.7565746235838985	0.9063324761880293	0.6079247635276493	0.693272938316934	0.8219536273537345	0.08460165436842597	2.3593253053307635	0.3712769863157479	1.0597564663778745	1.0180071052356525	0.7565746235838985	0.9063324761880293	0.6079247635276493	0.693272938316934	0.8219536273537345	0.08460165436842597	2.3593253053307635	0.3712769863157479	1.0597564663778745	6.500889454352934	0.3110558151574551	0.19743773503883533	0.20355024253943207	0.2879562072642776	0.3834031614901666	53.94400996617181	-787.4316080708937	9.966140074743378E-4	0.7871279690349133	9.890486854216571E-4	2.2796365955005628E-7	0.4862798172367045
10200000	-9501.112397089617	-8685.907503676057	-815.2048934135596	-8522.199218976271	49.78470789686335	686.4609634146299	0.12057373943967942	0.005463709446726634	0.030622551885512366	0.6407822818431916	0.5876141697669292	1.1122436060175103	0.4663327316661408	0.07364316094469604	2.246900668922157	1.8566674085480195	0.13554681441832003	0.005463709446726634	0.030622551885512366	0.6407822818431916	0.5876141697669292	1.1122436060175103	0.4663327316661408	0.07364316094469604	2.246900668922157	1.8566674085480195	0.13554681441832003	7.105163373848321	0.3080756036506112	0.20343828246126663	0.21238622163275656	0.2760998922553657	0.6097676076599299	49.30766406108032	-807.3972554668766	8.988050897679871E-4	0.3436123338151476	8.561403704568828E-4	2.1415283016603716E-7	0.5179571678419871
10300000	-9553.896165387701	-8694.022942345355	-859.8732230423459	-8528.288193645345	48.76097338408349	769.4487573867118	0.16058452504610118	0.3608610084953414	0.1801098652580969	0.9793316606718698	0.7812623922358155	1.6677859687633654	3.038144359550847	0.4828790867948387	2.673541414007869	0.7191090686727108	0.8468454097995455	0.3608610084953414	0.1801098652580969	0.9793316606718698	0.7812623922358155	1.6677859687633654	3.038144359550847	0.4828790867948387	2.673541414007869	0.7191090686727108	0.8468454097995455	5.257056926278927	0.3183638607893394	0.20883593733994454	0.1977781485137264	0.2750220533569897	0.6399014454137836	77.81338418189178	-847.9975460818687	7.250348525950925E-4	0.34726432367738547	7.033766478584585E-4	7.253087585074724E-8	0.3613621035445597
10400000	-9522.148199145353	-8677.3640039281	-844.7841952172537	-8507.207560078103	47.184834373022866	716.2650010592643	0.17824636258983004	0.06672861650032047	0.12658629792395767	1.0202488517618225	1.9288095766106723	0.477416299506534	0.7521853528585853	0.3381449578844355	2.1973228527990254	0.18019292895122546	0.9414624924025892	0.06672861650032047	0.12658629792395767	1.0202488517618225	1.9288095766106723	0.477416299506534	0.7521853528585853	0.3381449578844355	2.1973228527990254	0.18019292895122546	0.9414624924025892	7.285494133115789	0.29271127612068965	0.21691281600650075	0.21535385451581995	0.2750220533569897	0.4343422104509107	57.41218285736103	-836.4249797055724	7.396639949712769E-4	0.4434734573230748	8.121367426187497E-4	1.2129362526548857E-7	0.45707906067087456
10500000	-9525.072572364186	-8677.17606313422	-847.8965092299655	-8511.130364196903	46.08397946223943	710.5396591100669	0.1511634298201958	1.017530324677488	0.08815954519048522	0.3904760708273317	1.3729482642546358	0.5283295234704652	2.042970601689913	0.39325960321511505	3.899998244776426	0.04456461664285055	0.875775199134164	1.017530324677488	0.08815954519048522	0.3904760708273317	1.3729482642546358	0.5283295234704652	2.042970601689913	0.39325960321511505	3.899998244776426	0.04456461664285055	0.875775199134164	5.316742394435023	0.3048885419833913	0.20797474316336967	0.2118924993891368	0.27524421546410227	0.45004476657363884	66.35282525804396	-836.7349377628433	8.176664554151224E-4	0.4886845757009814	8.186895603754418E-4	1.6728897335209414E-7	0.5337468049992303
10600000	-9535.188683611914	-8694.471528752929	-840.7171548589847	-8519.909480702636	45.05117474141781	714.7790078189763	0.2474635282144075	0.1148732163245455	0.06739093728642767	0.2913027985505436	0.6878546110034345	0.12011174945933834	3.869607677980459	0.021413627853260595	2.4940580886956707	0.6119209794151725	0.02030347298264884	0.1148732163245455	0.06739093728642767	0.2913027985505436	0.6878546110034345	0.12011174945933834	3.869607677980459	0.021413627853260595	2.4940580886956707	0.6119209794151725	0.02030347298264884	5.8594507836751735	0.28988638939365974	0.20797474316336967	0.20735345548884837	0.2947854119541223	0.4847720075827848	63.48997950048307	-832.991243456229	8.407424035784347E-4	0.2513693868096513	8.114910617676507E-4	1.4346659995454406E-7	0.4540686789731297
10700000	-9515.199389671589	-8680.988258627658	-834.2111310439307	-8516.086171495595	47.19828545318178	677.9554307374221	0.15541728911493657	0.6609722866738167	0.03085030413012448	0.8607241926479764	0.48083599648512576	2.179015792579385	3.7688265335499427	0.03733298045339752	5.268814980652563	0.04018652539721716	2.744554254608349	0.6609722866738167	0.03085030413012448	0.8607241926479764	0.48083599648512576	2.179015792579385	3.7688265335499427	0.03733298045339752	5.268814980652563	0.04018652539721716	2.744554254608349	5.836569163247722	0.30295428826463333	0.2104348779528036	0.22151280869673368	0.26509802508582947	0.6138716552975211	56.43771675003161	-817.0177264960156	8.003713113892834E-4	0.6547336229046042	8.332661550346717E-4	1.1396995279626206E-7	0.42700256716778295
10800000	-9494.717126177513	-8678.8896432457	-815.8274829318127	-8510.024390171056	46.392098292934264	637.5262713902792	0.2021375968700884	0.3874958492505559	0.05252961116963702	0.3775718763203123	1.872553429592003	0.9323808516129839	0.9030186895079878	0.05310490573349126	1.5056647477457012	0.1742622477667789	0.5255423754621364	0.3874958492505559	0.05252961116963702	0.3775718763203123	1.872553429592003	0.9323808516129839	0.9030186895079878	0.05310490573349126	1.5056647477457012	0.1742622477667789	0.5255423754621364	6.654717625289791	0.29586558984143657	0.2218445068007457	0.20133867935046731	0.28095122400735056	0.5258480984679675	56.25835071729363	-808.0084510828885	8.882681051382954E-4	0.5970487682433588	8.916906736910291E-4	3.1237722925263965E-7	0.6236899711377497
10900000	-9485.19530338189	-8690.251565305734	-794.9437380761557	-8525.504801494175	40.90034011216413	600.8259450216681	0.2623292676803461	0.49693664391844344	0.08937958596145258	0.2808380990671579	0.4532951815369849	0.3227857118884498	1.3798373343167845	0.17618732749871355	2.0018027182089004	0.16613290458844432	1.3496342651279336	0.49693664391844344	0.08937958596145258	0.2808380990671579	0.4532951815369849	0.3227857118884498	1.3798373343167845	0.17618732749871355	2.0018027182089004	0.16613290458844432	1.3496342651279336	6.5007495342774675	0.29977324635060876	0.20716877428661554	0.21266232483349026	0.2803956545292856	0.3596247270680097	51.74653796247131	-787.7138834933082	0.001076878468800975	0.4727341963750576	9.165276524869191E-4	3.888435486974951E-7	0.6141375837208001
11000000	-9493.481683981254	-8663.71407814895	-829.7676058323035	-8500.842435471528	47.070921303002734	692.0526337951123	0.138443191526971	2.2515180002317217	0.1866679787558587	0.3590549000813862	0.4382116824527947	0.15500763590544975	3.3298167057024033	0.05638769432212214	2.728313828765051	0.6446276676493616	0.07406990755003215	2.2515180002317217	0.1866679787558587	0.3590549000813862	0.4382116824527947	0.15500763590544975	3.3298167057024033	0.05638769432212214	2.728313828765051	0.6446276676493616	0.07406990755003215	6.204096651815057	0.3123376126248551	0.20469720508157055	0.21266232483349026	0.27030285746008426	0.47399661431865325	63.33277622442786	-819.1758372339588	7.332123899411974E-4	0.41362490188977036	7.863019055539268E-4	2.040006257243878E-7	0.598386555179047
11100000	-9501.62894131212	-8684.787147745174	-816.841793566946	-8522.295772399268	48.838031568167054	708.0069205890184	0.14449382973370406	0.18256506238809464	0.04921237677533722	0.4088047014921019	0.45890854488101546	0.31338663433919983	1.5493507848767332	0.31248279475202545	1.7183658922474494	0.45306843818991066	1.1892627434529144	0.18256506238809464	0.04921237677533722	0.4088047014921019	0.45890854488101546	0.31338663433919983	1.5493507848767332	0.31248279475202545	1.7183658922474494	0.45306843818991066	1.1892627434529144	6.511157999105672	0.30902665683326846	0.196861736137796	0.2072452133070366	0.28686639372189915	0.5258167769221976	55.63960166704861	-809.901414426374	8.696311482473207E-4	0.32639372495328955	7.885410424192045E-4	7.165930180845526E-8	0.32001151740950917
11200000	-9523.016782809405	-8680.379274796507	-842.6375080128976	-8512.564721169454	55.74166599274835	754.8352397562181	0.24627491921141165	0.9752598047910189	0.003998197040590402	0.8638075911616492	1.5679254300388774	0.05872269476275239	5.275378381485018	0.14922676651109643	1.8373002650673325	0.8945087226288219	0.4403676522748773	0.9752598047910189	0.003998197040590402	0.8638075911616492	1.5679254300388774	0.05872269476275239	5.275378381485018	0.14922676651109643	1.8373002650673325	0.8945087226288219	0.4403676522748773	5.826944163873108	0.29284380620842715	0.19820002266787218	0.22294030048559338	0.2860158706381075	0.7084391825959978	64.8361523815788	-830.3702311356374	7.858649068042598E-4	0.4137642480598319	7.52410418638193E-4	1.0950629162984184E-7	0.42671111515909604
11300000	-9520.99630789319	-8695.220453069802	-825.7758548233882	-8541.043797666216	45.41115993266342	650.1479380419853	0.1549540975960151	0.18210629021018215	0.13562060279702018	1.1911917894477493	1.9323503751861602	0.7305197579872372	2.033585071276094	0.1696790254135161	3.399523035391128	0.2850698315435186	1.0280465837346904	0.18210629021018215	0.13562060279702018	1.1911917894477493	1.9323503751861602	0.7305197579872372	2.033585071276094	0.1696790254135161	3.399523035391128	0.2850698315435186	1.0280465837346904	6.385569393602583	0.3047385876530686	0.22528958610589492	0.1963969970169867	0.27357482922405	0.43703121511329274	50.62348260557024	-814.7220973399544	7.682448697780801E-4	0.3748977714726277	7.87383973768251E-4	1.1087844473891683E-7	0.4319885267371435
11400000	-9461.725911739499	-8670.83943757546	-790.8864741640384	-8509.908345905293	40.50096286618796	595.1703187870498	0.26346230459122844	0.0026383730741779024	0.1173490693143233	0.05315958082638153	0.5941810186753553	0.46785031126402166	3.011488215981735	0.18076696136001638	2.486690675646473	0.08084475735235498	0.9001102105428117	0.0026383730741779024	0.1173490693143233	0.05315958082638153	0.5941810186753553	0.46785031126402166	3.011488215981735	0.18076696136001638	2.486690675646473	0.08084475735235498	0.9001102105428117	6.804638098973919	0.2900774961065705	0.2059271336218062	0.21106732265694797	0.2929280476146756	0.53066273185034	44.007403880183176	-782.5732889949408	9.803524537961824E-4	0.4697242234247296	9.346690958360746E-4	1.6040735456000114E-7	0.4173576088093661
11500000	-9482.215488444037	-8682.968610315631	-799.2468781284055	-8519.726512831165	42.86717942212106	575.1298508689995	0.18184793939285424	0.260361640390974	0.02571358304466626	1.2294085530758545	0.40218271616050705	0.8553699780862754	0.7351839176327166	0.1013618391322989	2.9134636263588725	0.2162786486612826	0.4413575843324014	0.260361640390974	0.02571358304466626	1.2294085530758545	0.40218271616050705	0.8553699780862754	0.7351839176327166	0.1013618391322989	2.9134636263588725	0.2162786486612826	0.4413575843324014	6.360464895119316	0.30303102192647585	0.1955433068088805	0.21474486422361586	0.28668080704102805	0.4526324340237814	53.971295971006086	-791.1120968262591	0.0010803744757183302	0.4905809900985057	0.0010190170358431306	1.915830786112284E-7	0.4188406988879738
11600000	-9497.250494472426	-8696.724878333234	-800.5256161391912	-8526.93674538832	44.44954947560119	598.4459212189184	0.17130191659432015	0.6055535053356701	0.11262137567548527	0.38569405854555894	1.1812689904117681	0.7977701243827363	0.7457204985367196	1.6919553959470888	2.355541860843419	0.27746427758740255	0.631439329373983	0.6055535053356701	0.11262137567548527	0.38569405854555894	1.1812689904117681	0.7977701243827363	0.7457204985367196	1.6919553959470888	2.355541860843419	0.27746427758740255	0.631439329373983	5.807093768832254	0.28989638429453607	0.21516957849901763	0.21491575646872918	0.28001828073771734	0.44173254271647017	48.83967660059137	-791.5014215519333	9.80668908118777E-4	0.42203208521888386	8.878238220198496E-4	1.399056045956256E-7	0.3936614220078765
11700000	-9529.121699067382	-8675.851789084982	-853.2699099824013	-8510.20837979253	49.98951032151715	762.4131015855206	0.22170212833337977	0.2441077368710805	0.10481124412542969	0.05969668653914461	0.08657843440971959	0.1773491391312912	1.0667151625999773	3.4420661925949982	1.8365875742530258	0.4267494141136577	0.21515081406786984	0.2441077368710805	0.10481124412542969	0.05969668653914461	0.08657843440971959	0.1773491391312912	1.0667151625999773	3.4420661925949982	1.8365875742530258	0.4267494141136577	0.21515081406786984	6.417888672739849	0.31906286108031606	0.21433918473257044	0.2035086903709951	0.26308926381611863	0.5198055635766118	71.9694793608279	-845.2753552676547	7.402332111826159E-4	0.4327670984080203	7.221373019923075E-4	1.3659551829313067E-7	0.4863911421311077
11800000	-9508.860294586613	-8705.119422057529	-803.7408725290836	-8546.221635071148	40.17906463467377	568.0113919331578	0.1334876005714211	1.5390242043659692	0.1011008045954316	0.2424556167752245	0.3290787849332727	1.2765258064122613	0.0071666882456037535	0.7905268570337617	2.633549677673701	0.8450923997317552	1.541967730165831	1.5390242043659692	0.1011008045954316	0.2424556167752245	0.3290787849332727	1.2765258064122613	0.0071666882456037535	0.7905268570337617	2.633549677673701	0.8450923997317552	1.541967730165831	6.900457915982936	0.2960623578917272	0.21260790585698047	0.20449532150857838	0.28683441474271415	0.47145086269163883	51.081568170053366	-792.5284771190647	0.0011586238273171168	0.6378190959212923	0.0010650425315470043	2.9128715377890525E-7	0.48998992015670045
11900000	-9511.514756810304	-8693.305171579454	-818.2095852308508	-8530.771351010564	42.211268495984484	624.799082286443	0.2214779174975132	1.2419015765828052	0.0027461223052331067	0.4710583177724936	0.5047365770183209	0.14627989689676024	0.9937243883609423	0.14749844282729702	1.4581595137151593	0.24125040856782584	0.7607824422839694	1.2419015765828052	0.0027461223052331067	0.4710583177724936	0.5047365770183209	0.14627989689676024	0.9937243883609423	0.14749844282729702	1.4581595137151593	0.24125040856782584	0.7607824422839694	6.346974113871255	0.3010965676630541	0.2005149261827354	0.20449532150857838	0.29389318464563235	0.3769989627321989	49.1843146151397	-812.6184540812945	8.480013186024779E-4	0.32575965146699126	8.55787877067204E-4	1.8668249697439386E-7	0.5077366855993815
12000000	-9566.370208968377	-8710.94573229756	-855.4244766708181	-8544.417883348528	48.95819727385164	745.642493456524	0.15639145675901228	1.421117531518937	0.3317580867196244	0.8679753833512255	1.3855041535286368	3.427130725240036	0.2527108182794124	0.23463185635851463	7.633933966266338	0.25936042217324473	0.8136432410208391	1.421117531518937	0.3317580867196244	0.8679753833512255	1.3855041535286368	3.427130725240036	0.2527108182794124	0.23463185635851463	7.633933966266338	0.25936042217324473	0.8136432410208391	6.8248323616796345	0.3056288194469261	0.2244350699575411	0.2039642714064385	0.2659718391890945	0.4792947594034339	73.346348253367	-838.6997113605998	8.25135770895723E-4	0.26114303672210704	7.214599782929158E-4	1.428122441665516E-7	0.4915459252398279
12100000	-9527.573633971682	-8698.022273000903	-829.5513609707801	-8533.678684391141	47.33145864018225	675.4613722235771	0.15319115142478607	0.074697280449486	0.06682444161730934	0.42204192673630986	1.139202772110841	1.4315241953464182	2.1505002132459734	0.16782488550094157	2.700381898655907	0.4801933645702274	0.4011878745503784	0.074697280449486	0.06682444161730934	0.42204192673630986	1.139202772110841	1.4315241953464182	2.1505002132459734	0.16782488550094157	2.700381898655907	0.4801933645702274	0.4011878745503784	7.3434940088583405	0.2903107871523044	0.2026509143866968	0.20834926975146553	0.2986890287095334	0.46028514318966557	62.299377315843955	-819.8315193715084	8.882723089092714E-4	0.3753015664531686	8.377789710221755E-4	1.0490326129580663E-7	0.3714945994822425
12200000	-9519.244477189146	-8710.145054725535	-809.099422463611	-8541.132957743974	45.38011703463624	650.1115767489525	0.20356009060931962	0.03985931396883735	0.09854619308190604	0.10991352497075035	1.24258675226471	0.49252909041045556	0.258064202756285	0.353529700603196	2.14606919587864	0.13540080288120332	1.2637644854810284	0.03985931396883735	0.09854619308190604	0.10991352497075035	1.24258675226471	0.49252909041045556	0.258064202756285	0.353529700603196	2.14606919587864	0.13540080288120332	1.2637644854810284	6.1844793770993665	0.30956707856784427	0.20607030740926832	0.19466663963095837	0.2896959743919291	0.5153105492285447	59.838376321693005	-802.6056594585989	8.627477004009918E-4	0.4105949538326536	8.71196244825608E-4	1.3155998077107593E-7	0.4217448639339065
12300000	-9512.108057652169	-8666.926078092098	-845.1819795600721	-8502.455308222703	49.681519172884165	765.5708755515237	0.09948990917903369	0.1720981752107978	0.05076653141726713	0.12504323415876858	1.3403951201093958	1.1507563446602653	0.5743888132109037	0.20356481367103632	2.040682900593075	0.6607792298546866	1.6466844474233524	0.1720981752107978	0.05076653141726713	0.12504323415876858	1.3403951201093958	1.1507563446602653	0.5743888132109037	0.20356481367103632	2.040682900593075	0.6607792298546866	1.6466844474233524	5.843456288298981	0.2976825451262398	0.20871185505516401	0.20481686584275738	0.2887887339758389	0.5596660406454192	72.41260894940336	-836.3828706641953	7.534043894712422E-4	0.4033758521547479	7.414418819743771E-4	1.0837021159032793E-7	0.4343279415618737
12400000	-9483.899119473193	-8683.067059790097	-800.8320596830969	-8520.064247035281	51.76526514145097	626.9423073693769	0.14557132394927613	0.1687443418104896	0.2899701901431179	0.654107073488259	0.049811178314982774	0.8394088582239815	3.0746822925115858	0.046895535887707354	2.194601011494139	1.0139116609736354	0.2958378359992904	0.1687443418104896	0.2899701901431179	0.654107073488259	0.049811178314982774	0.8394088582239815	3.0746822925115858	0.046895535887707354	2.194601011494139	1.0139116609736354	0.2958378359992904	6.765957673704144	0.3084767940625609	0.19791760611884296	0.2134075280135096	0.28019807180508666	0.44205887334492505	53.73036784067278	-791.3105222030133	9.313311415437864E-4	0.47610348099764116	8.979455453873965E-4	1.4918268398329965E-7	0.41918459879133296
12500000	-9510.058752794997	-8680.128612005466	-829.9301407895313	-8516.078005049578	75.20470723798016	763.066568975238	0.12837344680757132	0.5364797872228039	0.00954799155219944	0.07402196462133538	0.6617128060585565	1.0601751840211142	0.8465830596919214	0.36276654925107127	1.5970082568112776	0.3523213783113188	1.320115389901907	0.5364797872228039	0.00954799155219944	0.07402196462133538	0.6617128060585565	1.0601751840211142	0.8465830596919214	0.36276654925107127	1.5970082568112776	0.3523213783113188	1.320115389901907	6.500823059099391	0.2880955493482506	0.2189339810831052	0.2032134164056094	0.2897570531630349	0.5927959182730187	58.34049775558713	-821.7581273122992	8.289914459012527E-4	0.5961163172476452	7.562065758926468E-4	1.0007966815165942E-7	0.38836961485692767
12600000	-9450.100814144622	-8665.124286571485	-784.9765275731372	-8502.91513379719	40.16221157059488	559.2592355288324	0.1935173953933596	0.49618187969704347	0.07802427011421842	0.45059499955993787	1.6684243241540122	1.4650481607288623	1.1977754451902733	0.6405506590196652	2.320391364590374	0.45262544719631276	2.1732512245386726	0.49618187969704347	0.07802427011421842	0.45059499955993787	1.6684243241540122	1.4650481607288623	1.1977754451902733	0.6405506590196652	2.320391364590374	0.45262544719631276	2.1732512245386726	7.011483613947447	0.3004383521083543	0.20396391725269603	0.20274891109342846	0.29284881954552133	0.4643397673817368	44.57938763595936	-773.5199921780716	0.001046462101040245	0.403237105350217	0.00103260139326152	2.0303424878982904E-7	0.4201561352467074
12700000	-9456.819479999558	-8683.483457526389	-773.3360224731699	-8519.855175980601	46.69185364615232	556.7594303478872	0.25378454363695413	0.13671427583153173	0.23658534071523404	0.32779829479420464	1.6703130841322955	0.3036465142407927	2.464380606877853	0.0860285465966391	2.4709693548887324	0.13669997468294398	1.1470387419702681	0.13671427583153173	0.23658534071523404	0.32779829479420464	1.6703130841322955	0.3036465142407927	2.464380606877853	0.0860285465966391	2.4709693548887324	0.13669997468294398	1.1470387419702681	5.518781683440297	0.3004260646555191	0.20557410501887416	0.18957029855451007	0.30442953177109683	0.5168601597211662	46.93005629473929	-763.2492734747965	0.0010623125480063104	0.6691653628964944	0.0010433461459801458	3.8869988304003356E-7	0.5854502314331792
12800000	-9457.331300331069	-8697.094345796984	-760.2369545340848	-8532.451164528615	40.25062309815846	508.87437694787576	0.15121975654973827	0.047825987168197956	0.5759049443061229	0.13593902926648394	1.7435738334148796	0.5326766353062692	1.9760966769385147	0.2928942753508408	2.3286696669501894	1.205577140490163	0.014969584247635311	0.047825987168197956	0.5759049443061229	0.13593902926648394	1.7435738334148796	0.5326766353062692	1.9760966769385147	0.2928942753508408	2.3286696669501894	1.205577140490163	0.014969584247635311	6.419913785952101	0.3006035190946572	0.21120867994908926	0.20936161507444664	0.2788261858818071	0.5088368621654634	39.16607548591525	-750.4210907938135	0.0011910722633481253	0.4828217844347984	0.0011243959036898188	4.766436566423317E-7	0.5681356737407931
12900000	-9498.328983108811	-8681.781385078595	-816.5475980302165	-8523.981159501775	50.29981031020032	668.0809038669754	0.17951319419269418	0.47910916201612846	0.07481558170988702	0.7136880714213095	0.06349108078177648	1.183678884473479	1.4054228325970384	0.33204239143242337	3.0329141434673157	0.31562353826559003	1.1921954740562573	0.47910916201612846	0.07481558170988702	0.7136880714213095	0.06349108078177648	1.183678884473479	1.4054228325970384	0.33204239143242337	3.0329141434673157	0.31562353826559003	1.1921954740562573	6.399666031969942	0.28682614521417776	0.21857423089663278	0.21503218007153607	0.2795674438176536	0.4830889008453363	57.40052913740923	-807.4869428368218	8.5648186871673E-4	0.41034791898944667	8.505298221787617E-4	1.381840589429537E-7	0.42030078797700277
13000000	-9523.04454104589	-8697.040738636135	-826.0038024097549	-8534.056428889144	45.96570949853235	667.9164117952528	0.11069076148227341	0.012308997210002387	0.7823368644467212	0.25510496002903793	0.8801859176998561	0.8150349906154266	1.102530197795886	0.11509445567116554	4.006164326130467	0.10191282698889645	1.1668007429429097	0.012308997210002387	0.7823368644467212	0.25510496002903793	0.8801859176998561	0.8150349906154266	1.102530197795886	0.11509445567116554	4.006164326130467	0.10191282698889645	1.1668007429429097	6.153123666547262	0.29334844585869	0.20726854932730696	0.21817607716324205	0.28120692765076116	0.5144899901995253	67.67074023320798	-815.9857389021209	8.162622618326835E-4	0.4081720477337314	8.640891034286272E-4	1.2544570291360556E-7	0.43686677477676106
13100000	-9495.21645230637	-8681.224324562581	-813.9921277437877	-8523.219887067802	46.04403142054528	643.338990635082	0.2022981685386272	0.3272856443144691	0.22478988176923248	0.609389847411463	2.053977281216768	0.3308677449953272	0.875473155673277	0.485158987975306	1.8332419674405283	0.2710489392817222	0.6030847786888264	0.3272856443144691	0.22478988176923248	0.609389847411463	2.053977281216768	0.3308677449953272	0.875473155673277	0.485158987975306	1.8332419674405283	0.2710489392817222	0.6030847786888264	5.81791344898882	0.3013551850138036	0.20726854932730696	0.21368166542771844	0.2776946002311712	0.4220151604305989	50.867336650125786	-805.955246808621	9.510405094172517E-4	0.5034677053457232	8.984971462188791E-4	2.2300750659630568E-7	0.49332119933600727
13200000	-9522.484284843324	-8658.794220028676	-863.690064814647	-8496.286978794862	60.14002599052853	818.6355050466266	0.1178547369743527	0.009634318126549486	0.21893672564410582	0.4830263713741379	0.593280175120763	1.4682813726257833	1.288321700241275	0.017229312771987013	5.2220808208101746	0.8498446505186571	0.8241064628406711	0.009634318126549486	0.21893672564410582	0.4830263713741379	0.593280175120763	1.4682813726257833	1.288321700241275	0.017229312771987013	5.2220808208101746	0.8498446505186571	0.8241064628406711	6.621662895401348	0.29571544012318673	0.19834940200918447	0.22195643573241275	0.28397872213521624	0.5211896915853758	83.70114627499314	-851.3386991592849	7.150799194428284E-4	0.5482248872082454	7.012952473380194E-4	1.2179024581813808E-7	0.48649064433029965
13300000	-9493.523798645707	-8673.811511205353	-819.7122874403534	-8515.182867723146	41.187187964447155	612.822335810703	0.16876734896430648	0.06224527515056235	0.6159895540881783	0.342166141583994	2.8916260798735887	2.9003573558812126	1.1876444217124362	0.29238744181527226	6.509505852478269	0.49956232975270454	1.6775519713223892	0.06224527515056235	0.6159895540881783	0.342166141583994	2.8916260798735887	2.9003573558812126	1.1876444217124362	0.29238744181527226	6.509505852478269	0.49956232975270454	1.6775519713223892	5.979615483897978	0.2994876923588384	0.20948447787386335	0.2076323584070287	0.28339547136026977	0.5417822161611131	49.565015771345124	-802.3639632434215	9.369069565671919E-4	0.419283416010215	9.369590486540837E-4	1.788793006487296E-7	0.4600857071000569
13400000	-9549.551402333362	-8682.171785427376	-867.3796169059865	-8511.993259279436	55.58898936110215	791.0078252965787	0.09437909651661626	0.2838258692492029	0.06756243093537342	1.0969438201008022	0.07121970332895688	0.8490805411363638	2.8425176213507344	0.022954048765589073	2.986164453105624	0.9292424834658611	2.111732459262092	0.2838258692492029	0.06756243093537342	1.0969438201008022	0.07121970332895688	0.8490805411363638	2.8425176213507344	0.022954048765589073	2.986164453105624	0.9292424834658611	2.111732459262092	5.86784281901926	0.30486723033754903	0.185610639664888	0.23348499725571673	0.27603713274184644	0.5194455012896453	73.89857491794626	-854.8816668640465	7.085322725977535E-4	0.5206711506889602	6.856980127795462E-4	1.975146782450295E-7	0.6292152448780985
13500000	-9515.6802497682	-8692.626228098266	-823.0540216699334	-8524.20884997026	38.75773517068078	632.3659516058033	0.1492902689690239	0.16765304083506224	0.04237375082059724	0.3372445077165161	0.38264110542646085	0.4671001841966165	0.47288462833529	0.7600030788823092	2.669080538211456	0.3594812311805166	0.24491875509199	0.16765304083506224	0.04237375082059724	0.3372445077165161	0.38264110542646085	0.4671001841966165	0.47288462833529	0.7600030788823092	2.669080538211456	0.3594812311805166	0.24491875509199	6.47056984711556	0.30557115466833157	0.1951437866237266	0.21827976500616628	0.28100529370177574	0.7273311327272101	54.69621505850921	-816.8683461816737	8.733522769483512E-4	0.2917383784081056	8.596660240746544E-4	1.585779304675212E-7	0.45495709891399905
13600000	-9497.428073120835	-8657.285086170261	-840.1429869505739	-8497.656851849373	48.421025833470495	717.6093449054015	0.12486523174412992	0.3227274312519743	0.016860493564333053	0.5211804506881736	0.309209995566582	0.7159800998014453	1.1169070466458675	0.7209121375867698	3.640811161450921	0.2897240546055414	1.4684714113408017	0.3227274312519743	0.016860493564333053	0.5211804506881736	0.309209995566582	0.7159800998014453	1.1169070466458675	0.7209121375867698	3.640811161450921	0.2897240546055414	1.4684714113408017	6.045016135497917	0.31609625551573417	0.19841505556583497	0.2105168281389127	0.2749718607795183	0.44002599954875055	67.04029783797762	-830.3151680011031	7.547826163519244E-4	0.46171005627611444	7.012844669822934E-4	1.3063597747623255E-7	0.4912057973350797
13700000	-9534.6300015095	-8696.32675558262	-838.30324592688	-8529.030888638277	47.82607330072868	704.7979921905562	0.20269806158815729	0.34621569066745594	0.6824650398643659	0.2912443626490667	0.057364123152740164	1.4794138521367406	1.4655432586410613	0.04890249689949675	9.165364347551504	0.6728958411170364	0.9568200316056509	0.34621569066745594	0.6824650398643659	0.2912443626490667	0.057364123152740164	1.4794138521367406	1.4655432586410613	0.04890249689949675	9.165364347551504	0.6728958411170364	0.9568200316056509	6.882053098572074	0.2898561645281708	0.21301300064739054	0.20200242910804958	0.2951284057163892	0.5486057209495828	70.24508144971618	-823.5301023404479	7.585505925509125E-4	0.20925613981050717	7.653363615698018E-4	3.0049104435033766E-8	0.22784737496935525
13800000	-9522.72014237318	-8665.89255855227	-856.8275838209104	-8510.108487938753	49.33327677160883	751.3023585503624	0.13891824249982063	0.06480440051579628	0.3316169172208267	0.21382172812873476	1.5389325218280285	0.8444251929727007	0.2575895999209904	0.06715510691887264	3.4321570730905635	0.5925762514643247	1.1694676309587995	0.06480440051579628	0.3316169172208267	0.21382172812873476	1.5389325218280285	0.8444251929727007	0.2575895999209904	0.06715510691887264	3.4321570730905635	0.5925762514643247	1.1694676309587995	6.236405640777068	0.3057523095054188	0.210607056965663	0.20064144581351345	0.28299918771540483	0.5450095328539349	68.07886611546895	-847.8876549763834	7.731802645407182E-4	0.3651455143984242	7.565662442632022E-4	8.709397509190644E-8	0.3803633893285076
13900000	-9493.045727706693	-8677.706581649772	-815.33914605692	-8510.7986549111	45.87107638428799	657.7403966680466	0.22294303928767692	0.15044885570392563	0.04357264312528167	0.27099719019082014	1.3733703290777075	0.8379650437531563	0.8841076855837161	0.6069956669629455	3.0237837298966332	0.42875370399445767	0.4278353513968369	0.15044885570392563	0.04357264312528167	0.27099719019082014	1.3733703290777075	0.8379650437531563	0.8841076855837161	0.6069956669629455	3.0237837298966332	0.42875370399445767	0.4278353513968369	5.8212087479821655	0.3025894217676543	0.19670435792523133	0.22784549756405278	0.2728607227430616	0.4604408388044042	59.50554792874418	-807.5044064165371	8.28936433286824E-4	0.35614015913183833	8.437417627716823E-4	8.975680890105484E-8	0.356741140508708
14000000	-9533.529897585811	-8663.126519422545	-870.4033781632655	-8495.106583064975	51.566168817333846	784.0423707393325	0.1098251800307382	0.19708683578975364	0.10789889482641031	0.4613284512066697	0.17527845279597606	1.0720875159932717	2.380915399819381	0.1588438393443274	5.214858983030571	0.9642565771182873	1.4845851165800141	0.19708683578975364	0.10789889482641031	0.4613284512066697	0.17527845279597606	1.0720875159932717	2.380915399819381	0.1588438393443274	5.214858983030571	0.9642565771182873	1.4845851165800141	6.409370476639936	0.3015520891809261	0.1998312153207587	0.22575597275525366	0.2728607227430616	0.3653481058696997	76.50079712494939	-857.4860682093278	6.904138055199452E-4	0.438541473275831	6.920445635358128E-4	9.651846855327199E-8	0.4682040947031506
14100000	-9492.585449713493	-8683.029415897228	-809.5560338162641	-8514.810166281444	44.27906168504432	589.5014709785006	0.11656143653299908	1.093205090641945	0.05620369908310667	3.0296180469101155	0.6434527895276316	1.1795207905962086	2.2035848725057603	0.3885450182151578	5.046548317433398	1.3725518419627467	0.6048996864962356	1.093205090641945	0.05620369908310667	3.0296180469101155	0.6434527895276316	1.1795207905962086	2.2035848725057603	0.3885450182151578	5.046548317433398	1.3725518419627467	0.6048996864962356	6.888899439235335	0.31339894139800345	0.20871851868865174	0.19556005093670206	0.2823224889766428	0.5313301298449545	50.816882936847016	-793.0170480084325	9.093910431501147E-4	0.41146228422513226	9.068285517346828E-4	1.6374072645527017E-7	0.4504077134403917
14200000	-9474.61178494933	-8670.559314041933	-804.0524709073957	-8504.818930560712	40.80361607291475	591.5718895067649	0.33496612797403885	0.11835762509701982	0.0768532139738117	0.0034133615371593103	1.7827538407343004	0.06960238714455656	3.1928446260973415	0.30108068393076487	1.6471476908254319	0.1669918432128638	0.7708007567364934	0.11835762509701982	0.0768532139738117	0.0034133615371593103	1.7827538407343004	0.06960238714455656	3.1928446260973415	0.30108068393076487	1.6471476908254319	0.1669918432128638	0.7708007567364934	6.380542729377203	0.28954984526048444	0.21193109736292673	0.21962439225743638	0.27889466511915256	0.594348609452293	53.43770279269584	-794.8973829804581	9.731198561459923E-4	0.6483171183922428	9.732285771986789E-4	1.9045667501669844E-7	0.46369448065610347
14300000	-9543.234348380442	-8707.575705943635	-835.6586424368074	-8539.24803608221	44.910668638658926	704.3884489660388	0.20526408748414798	0.044078508429498425	0.14914387840167842	1.0064646230099557	1.0421473952409712	0.4302311963536292	1.9530578895641302	0.28570902211211413	2.1091990391220263	0.3520258145521778	0.11945700126350813	0.044078508429498425	0.14914387840167842	1.0064646230099557	1.0421473952409712	0.4302311963536292	1.9530578895641302	0.28570902211211413	2.1091990391220263	0.3520258145521778	0.11945700126350813	6.791100742710969	0.3084734070215889	0.19227117723321036	0.21962439225743638	0.2796310234877645	0.5689977328671405	60.33913256581728	-828.5653035723143	7.883871013875359E-4	0.22298575312861915	8.222017361878498E-4	1.4219708299777434E-7	0.46866305872277114
14400000	-9558.756031644385	-8695.361569711265	-863.3944619331189	-8529.048165382588	52.02694527547216	771.0953497977946	0.14839046834173267	1.075210180296499	0.4519013709664889	0.99018841201326	0.4079500817511408	0.889104005683384	1.1083130063754898	0.8755889311628775	6.184845933006606	0.773412304960967	0.635435857090026	1.075210180296499	0.4519013709664889	0.99018841201326	0.4079500817511408	0.889104005683384	1.1083130063754898	0.8755889311628775	6.184845933006606	0.773412304960967	0.635435857090026	6.149082768306442	0.295791475587459	0.22034738649450097	0.2046251400177613	0.2792359979002788	0.6292975587549131	63.79908730234498	-850.070416648611	6.627791316750204E-4	0.3259074848366378	6.78649690099682E-4	5.286619959232182E-8	0.3439842753568612
14500000	-9474.591212822857	-8672.551447832555	-802.0397649903023	-8508.404248038352	40.83199466806576	591.3628842022091	0.210530644968659	0.3191738151517947	0.10197517005449004	0.2195288596841705	0.3832463735751054	0.9323269663069031	1.2153839497479972	1.050143335818695	6.129939199876944	0.8167455927687901	0.19890669942470496	0.3191738151517947	0.10197517005449004	0.2195288596841705	0.3832463735751054	0.9323269663069031	1.2153839497479972	1.050143335818695	6.129939199876944	0.8167455927687901	0.19890669942470496	6.110764099117095	0.28902974040252144	0.20324309640548854	0.21435006470103055	0.29337709849095944	0.5185088864963431	52.128148089648285	-790.1939127646897	9.500895043492837E-4	0.46949396154267564	9.31909475667118E-4	1.0162465172432142E-7	0.34649050574109325
14600000	-9505.200658292242	-8694.780911212758	-810.419747079484	-8537.407548187433	49.700403788919814	627.9675933520891	0.14325769822722695	1.018046735558996	0.2703758895084718	1.6497029611705525	0.6797234095998658	0.9404643606114116	0.7414443169610649	0.5599531812333393	4.94345908134304	0.5631315683959248	0.6455362191225544	1.018046735558996	0.2703758895084718	1.6497029611705525	0.6797234095998658	0.9404643606114116	0.7414443169610649	0.5599531812333393	4.94345908134304	0.5631315683959248	0.6455362191225544	5.965027024681927	0.30405362442280714	0.21744308263647674	0.20600846904179682	0.2724948238989192	0.5011619619955573	54.39443930738161	-797.9027432117072	8.48216725261726E-4	0.4557558782310224	8.460142507964526E-4	9.50367560357244E-8	0.35994151114879697
14700000	-9490.582969694677	-8674.636712914857	-815.9462567798195	-8509.740485008311	49.573569670158044	653.8219058561016	0.125900779010698	0.2224291860406159	0.9140676940240998	0.5662784267407077	0.943161172052377	1.2853015942149266	1.3896995178154066	1.064351700387224	2.52743225062178	0.6105265188932772	2.646858850004838	0.2224291860406159	0.9140676940240998	0.5662784267407077	0.943161172052377	1.2853015942149266	1.3896995178154066	1.064351700387224	2.52743225062178	0.6105265188932772	2.646858850004838	5.9863431459881316	0.29690211395380117	0.2042633873662712	0.20792063149069434	0.29091386718923323	0.5527918718381957	56.36354296352538	-802.8223111268427	8.907164425244692E-4	0.4893780171098881	8.785351761001848E-4	1.3375157448191535E-7	0.40401536101858604
14800000	-9461.572880759086	-8687.210378146054	-774.3625026130318	-8515.096357702398	40.404115717170974	497.6835264031689	0.29516411295129835	1.613095033568562	0.19949423662224378	1.48179527619515	0.7496294024751626	1.356727743651431	0.7502460558511197	1.6858410781654858	5.757408744129742	0.5239442126127162	1.1665101404442013	1.613095033568562	0.19949423662224378	1.48179527619515	0.7496294024751626	1.356727743651431	0.7502460558511197	1.6858410781654858	5.757408744129742	0.5239442126127162	1.1665101404442013	6.906436839176376	0.3154586831933675	0.211139743976114	0.1986165535109999	0.2747850193195185	0.4638161386202511	39.869896680650854	-757.9349549965402	0.0010730670466098228	0.675701070841966	0.001014487962803932	4.959325543130156E-7	0.698883659983176
14900000	-9472.198124943958	-8680.451849940015	-791.7462750039429	-8519.071074531123	40.595345445256676	577.83143030292	0.13956182163386163	0.8588822423653264	1.2683237403654366	0.357469415022248	0.7244987278575593	1.846640756869146	0.35920443741881664	0.032387691259507495	4.468415374579466	0.43145279441349443	0.3694775793020728	0.8588822423653264	1.2683237403654366	0.357469415022248	0.7244987278575593	1.846640756869146	0.35920443741881664	0.032387691259507495	4.468415374579466	0.43145279441349443	0.3694775793020728	8.52678229351747	0.31253194924488215	0.20053094928963489	0.18975808391397797	0.29717901755150494	0.4742036653254116	46.90433802650368	-779.2904103627524	9.618766888606451E-4	0.5835550582410967	8.874857576160448E-4	4.3903846140880396E-7	0.7329595253896235
15000000	-9457.894892177217	-8662.00832587786	-795.886566299358	-8499.912316549342	50.67453725619223	600.049383751192	0.11716850729104616	0.45504497571890334	0.4564594886310316	1.2876754735930986	0.7214841535020516	1.643458082439863	0.8614075048485496	0.019594536682745453	3.072652915173597	0.8303070411182706	0.36536295254435747	0.45504497571890334	0.4564594886310316	1.2876754735930986	0.7214841535020516	1.643458082439863	0.8614075048485496	0.019594536682745453	3.072652915173597	0.8303070411182706	0.36536295254435747	7.150607314436303	0.29608929207204204	0.22536808322968863	0.19033809592323672	0.28820452877503255	0.47583557384487435	49.5010892413076	-783.6366386380236	9.809315347784054E-4	0.8719998551396613	9.417267894926182E-4	6.578274585245417E-7	0.7805675462487015
15100000	-9463.22469017	-8668.143270745599	-795.0814194244019	-8510.230303790448	53.08746987024891	604.0894907907223	0.13190326451360798	0.06996465949274981	0.2067127841734659	0.7526502729196383	0.16807862056367584	0.9378910709146262	0.9195920978207236	0.8296898039985895	4.037294557728446	0.325611619957309	0.3866348804460904	0.06996465949274981	0.2067127841734659	0.7526502729196383	0.16807862056367584	0.9378910709146262	0.9195920978207236	0.8296898039985895	4.037294557728446	0.325611619957309	0.3866348804460904	6.4010528266030855	0.3012500140339407	0.20442257200046415	0.2235493383716517	0.2707780755939434	0.4945997919386083	49.09421541842675	-784.4810497263672	0.0010635025123780263	0.7521142025291147	0.0010378183466165972	8.267493814527512E-7	0.8075912611802564
15200000	-9506.64646861784	-8682.277981879468	-824.3684867383723	-8519.532951688334	49.465829845339044	679.9267272945245	0.2165295142344287	0.11313413536551989	0.2048296407324066	0.9933206798659955	2.1030032632685303	1.3862622519323609	1.5899862766081303	0.9516907552964585	3.1429539502144705	0.300582455664591	2.4867447305674575	0.11313413536551989	0.2048296407324066	0.9933206798659955	2.1030032632685303	1.3862622519323609	1.5899862766081303	0.9516907552964585	3.1429539502144705	0.300582455664591	2.4867447305674575	6.916529618320723	0.2946818679975772	0.19966914282101486	0.21564523800871307	0.2900037511726947	0.5177616602546341	59.7529750776713	-810.5789392983588	7.897717211778197E-4	0.47521109324137717	8.180544753428564E-4	3.1625411875318085E-7	0.6934765827866013
15300000	-9468.105908024128	-8693.890840269785	-774.2150677543426	-8522.525304115743	42.85617837708282	539.2084870035341	0.21524345915865628	0.31700876291244184	0.1305181359933732	0.8122871869110136	0.10920337291091003	0.8531046689406723	0.718802626488718	0.10004862090202653	1.7898066783040503	0.0036713370419388667	1.4119591532047782	0.31700876291244184	0.1305181359933732	0.8122871869110136	0.10920337291091003	0.8531046689406723	0.718802626488718	0.10004862090202653	1.7898066783040503	0.0036713370419388667	1.4119591532047782	6.107436221067183	0.2919100900770408	0.22025527717707066	0.2074001851288725	0.2804344476170158	0.442362070377507	44.19682578937084	-767.3754995474452	0.0011406547891008856	0.4896688194796731	0.0010707868153912042	4.058048765061279E-7	0.5578524845837046
15400000	-9478.999910769719	-8685.249570587519	-793.7503401821995	-8522.690088105006	42.67212620432083	579.1815164005613	0.1753161071034989	0.12651209673462974	0.5964540473277186	0.025730543162991133	2.465309166454885	1.4278065593496985	1.213483632282409	0.1507190571446991	2.5290782629252426	0.17722761553195673	0.16076456897783067	0.12651209673462974	0.5964540473277186	0.025730543162991133	2.465309166454885	1.4278065593496985	1.213483632282409	0.1507190571446991	2.5290782629252426	0.17722761553195673	0.16076456897783067	6.996854862001626	0.29796644021479174	0.19734835642695295	0.21721503768691067	0.2874701656713444	0.4550175020770698	51.69257265455845	-783.231078287639	0.0010753723415366106	0.6610698741519095	0.0010502358725824838	6.701598014413598E-7	0.7458571435496831
15500000	-9511.829456283855	-8695.663220499908	-816.1662357839468	-8530.427595405832	42.07300352525295	617.8972860414272	0.15965910520938797	0.5805561434893334	0.02342616177808229	0.895419328913818	0.4024127452945198	1.877607873317595	2.6672252235391194	0.583690379765876	4.896063557362851	0.7780663516600929	0.7691338952633722	0.5805561434893334	0.02342616177808229	0.895419328913818	0.4024127452945198	1.877607873317595	2.6672252235391194	0.583690379765876	4.896063557362851	0.7780663516600929	0.7691338952633722	6.15206182334924	0.29796644021479174	0.22378067021225373	0.2036818478125915	0.2745710417603628	0.4294855071638959	52.37251046070461	-802.5826217104158	9.31932414216728E-4	0.3537440654039726	9.343045195971175E-4	1.2056727822991918E-7	0.367154470752778
15600000	-9536.89569845403	-8708.336834501739	-828.5588639522902	-8542.098433568754	47.7147859776638	663.1677408960558	0.21459869818922997	1.7052592442205141	0.04260976229462108	0.3256409743889291	0.379623356185017	0.5450090804573567	3.8847575637131095	0.7217588705535025	4.268065135813995	0.00884359018171939	1.6413066858658387	1.7052592442205141	0.04260976229462108	0.3256409743889291	0.379623356185017	0.5450090804573567	3.8847575637131095	0.7217588705535025	4.268065135813995	0.00884359018171939	1.6413066858658387	6.6342945716111	0.28472422424447524	0.20391279776402085	0.23121961626546417	0.2801433617260395	0.478999990515157	62.01923700106136	-815.0894196512936	8.613118500115264E-4	0.32162740431771386	8.702525575230865E-4	9.897864648447597E-8	0.3572871470972552
15700000	-9493.027371170867	-8692.000695124438	-801.0266760464297	-8531.157447388472	42.92153878837228	601.6012768519585	0.15420127736413988	0.012896627337569577	0.057424689936481296	0.599063071449119	0.4905683263835943	0.23636921746866846	0.8221559048200059	0.2834697515042486	3.73017704187448	0.16105867225505285	0.6858920012747005	0.012896627337569577	0.057424689936481296	0.599063071449119	0.4905683263835943	0.23636921746866846	0.8221559048200059	0.2834697515042486	3.73017704187448	0.16105867225505285	0.6858920012747005	5.5709948950455255	0.2986293921424461	0.21210887800788114	0.20719642372475305	0.2820653061249194	0.46352144804857937	48.343076850659486	-793.4890342860434	0.001010079489821158	0.4464547167102626	0.0010013848201186513	1.379811258405855E-7	0.36555184593757234
15800000	-9482.536179613304	-8672.016105266857	-810.5200743464468	-8508.987579666446	44.07482271510317	611.1666234976218	0.20388056851773026	0.7130802908925916	0.08385521658066362	0.17199238969204064	1.43938602993222	1.89994937635345	2.278325080623392	0.5099617456779242	2.616123533186618	0.43399950877350923	0.5416859116784326	0.7130802908925916	0.08385521658066362	0.17199238969204064	1.43938602993222	1.89994937635345	2.278325080623392	0.5099617456779242	2.616123533186618	0.43399950877350923	0.5416859116784326	6.943641203709122	0.2856641726591886	0.21210887800788114	0.22016164320801057	0.2820653061249194	0.497490631135097	54.76578035214471	-798.7849227276836	8.761516623707625E-4	0.6172964783766368	9.073031199062704E-4	3.7738159852940346E-7	0.6588002587673722
15900000	-9500.967372213567	-8672.172291100776	-828.7950811127897	-8504.142017387432	51.00816493173887	690.7836957679237	0.1620188537550605	0.10725337774572086	0.29692047885162615	0.21779214361202182	0.6195589808796491	0.04777112433634447	2.1999590888500493	0.5525974295587843	1.5105724604587332	0.42993822917729624	1.476838813196847	0.10725337774572086	0.29692047885162615	0.21779214361202182	0.6195589808796491	0.04777112433634447	2.1999590888500493	0.5525974295587843	1.5105724604587332	0.42993822917729624	1.476838813196847	6.521212614804593	0.30216674474959304	0.19851982611980545	0.21727042073463873	0.2820430083959625	0.4979682242930083	55.89807518163545	-820.800887570491	7.995583655603094E-4	0.46646895647107633	7.336598933027961E-4	3.2925553346162927E-7	0.6938477672977634
16000000	-9490.162403947783	-8674.162066694713	-816.0003372530695	-8516.914463459128	43.76318038540308	649.3038806280537	0.16824420848635244	1.134864407146237	0.03974749651498622	0.14434138687749914	0.06837726820378683	0.862397138481425	3.172725530294679	0.0896003221941119	3.293135066808793	0.36968866427423047	0.3969079653571751	1.134864407146237	0.03974749651498622	0.14434138687749914	0.06837726820378683	0.862397138481425	3.172725530294679	0.0896003221941119	3.293135066808793	0.36968866427423047	0.3969079653571751	6.1180908559853995	0.3052155147199563	0.21396499016808923	0.21199596922477976	0.2688235258871744	0.597435459499989	54.35995662629146	-806.4152199995508	8.511338347162993E-4	0.32718642141560067	8.232104255250653E-4	3.4269035924507086E-7	0.6593668616415453
16100000	-9539.41128231272	-8711.174299008044	-828.2369833046766	-8556.71871872779	43.889685043669616	675.3535461782753	0.14212959598710356	0.9197083101957844	0.016998369511225235	1.8758600174924602	0.7487691774587787	0.7698269161136961	0.2627927529081228	0.0950482135333577	2.2684904446941307	0.25857347426664173	1.986306611455119	0.9197083101957844	0.016998369511225235	1.8758600174924602	0.7487691774587787	0.7698269161136961	0.2627927529081228	0.0950482135333577	2.2684904446941307	0.25857347426664173	1.986306611455119	6.248196100533349	0.3052155147199563	0.18955299948017867	0.21274896943036947	0.29248251636949524	0.5672292530548345	63.94215135123108	-818.223821842208	8.638006103990446E-4	0.4228146598973527	8.876460318944776E-4	3.0025982937864806E-7	0.6149102710979332
16200000	-9544.046567044179	-8690.599002016239	-853.4475650279397	-8525.986078458614	56.42178236705003	784.3285885414667	0.19206801104065904	0.10490431128750739	0.08777838963442527	0.31327505561157304	0.11058100060616533	0.9840440986865114	1.6974103872938635	0.16553890135626667	6.353205962412579	0.3444499353918136	0.9477049454994548	0.10490431128750739	0.08777838963442527	0.31327505561157304	0.11058100060616533	0.9840440986865114	1.6974103872938635	0.16553890135626667	6.353205962412579	0.3444499353918136	0.9477049454994548	6.261741425871403	0.2971197470541814	0.20049119583560884	0.20990654074071416	0.29248251636949524	0.5428083731956179	71.80747015929265	-842.6961773996545	7.680626347988E-4	0.22878925197180514	7.67379940134913E-4	2.8839748927240444E-8	0.21736046604342715
16300000	-9547.078718348763	-8684.47081819893	-862.6079001498334	-8530.175848906332	69.50326746633651	852.9670127341913	0.11136889083875673	0.051680111521216175	0.07239057671796337	0.47686055595170607	0.781715752118198	0.5096093874580612	0.45680856532698044	1.196268176870285	3.6726516428100435	0.3857038871142725	0.8779844482693516	0.051680111521216175	0.07239057671796337	0.47686055595170607	0.781715752118198	0.5096093874580612	0.45680856532698044	1.196268176870285	3.6726516428100435	0.3857038871142725	0.8779844482693516	6.61923859291148	0.30533359962507906	0.20246585265410125	0.2082168745444521	0.28398367317636725	0.46793426323216564	66.30010995958246	-853.5304317635315	7.58385337560041E-4	0.3633432514292155	7.047153626286627E-4	4.2868241300284077E-8	0.2782179416277673
16400000	-9513.607293743162	-8678.294562142426	-835.3127316007356	-8514.572541292855	42.02189803237823	665.1312727489122	0.19486495047724753	0.5107303154317917	0.13129508872524204	2.8135691310119597	0.4335785400817429	0.6086054992293444	1.1033762345815892	0.5373286301491225	3.9792241612375805	0.25078681380171736	3.63054163631342	0.5107303154317917	0.13129508872524204	2.8135691310119597	0.4335785400817429	0.6086054992293444	1.1033762345815892	0.5373286301491225	3.9792241612375805	0.25078681380171736	3.63054163631342	6.131092187275647	0.29137198520114527	0.216427467078035	0.2019455636930093	0.29025498402781	0.5780197422304946	64.15084320652485	-820.6957348765485	8.556105991433568E-4	0.46810462667397706	8.658663120424465E-4	9.617351525221846E-8	0.35850941493610056
16500000	-9475.670248324166	-8676.479252822779	-799.190995501387	-8512.99548993841	48.47056551636001	597.2089720876809	0.14517057624900084	0.15929479713643352	0.0411858166832073	0.7629597268576285	1.2278258506961606	1.1641561241783043	1.2013135714738024	0.42816601128545606	4.354999900192926	0.45229479951257695	0.1552233434659785	0.15929479713643352	0.0411858166832073	0.7629597268576285	1.2278258506961606	1.1641561241783043	1.2013135714738024	0.42816601128545606	4.354999900192926	0.45229479951257695	0.1552233434659785	6.208264681481425	0.29963407501320033	0.20899143869711495	0.22276692473760631	0.26860756155207804	0.3845757476899503	47.834585035761485	-788.3987201689309	9.244877012911774E-4	0.5754016793584498	9.280445518813084E-4	4.050443973963765E-7	0.6553967422010855
16600000	-9473.026750564639	-8661.251300187947	-811.7754503766914	-8501.579947382543	62.12091737492803	638.630894983955	0.12745659333248843	1.6252672942404816	0.35605173152953756	1.4657348607999712	0.33957885183473735	2.140499884546021	0.3595597055475035	0.46649512035444674	4.984654465467003	0.8675026656383428	2.0771827185983267	1.6252672942404816	0.35605173152953756	1.4657348607999712	0.33957885183473735	2.140499884546021	0.3595597055475035	0.46649512035444674	4.984654465467003	0.8675026656383428	2.0771827185983267	6.575984029547477	0.2974025386316969	0.21272881578152816	0.21012456964812842	0.2797440759386462	0.38804622477763845	53.37738567910282	-795.179487830474	8.609984181699878E-4	0.8327160917878457	8.011200564201918E-4	7.53936065557412E-7	0.982418254132553
16700000	-9508.279586038718	-8704.312662350221	-803.966923688497	-8541.516258136638	48.225468869241034	613.2833175718445	0.20966889836546287	0.23739895616065795	0.08130204261176742	0.07408398802358301	0.2728868186265448	0.5450861926086653	1.6961568299849148	0.49081940808079155	4.044848642217339	0.15009720636382157	0.9021489521773882	0.23739895616065795	0.08130204261176742	0.07408398802358301	0.2728868186265448	0.5450861926086653	1.6961568299849148	0.49081940808079155	4.044848642217339	0.15009720636382157	0.9021489521773882	6.319794654831711	0.2895508483243595	0.22058050608886556	0.2123983931636772	0.2774702524230974	0.5889212280862488	57.01038156130635	-794.4958209573351	9.321936801778432E-4	0.5760095145016686	8.595247271657113E-4	3.230529987087185E-7	0.6643133724341823
16800000	-9503.407695710766	-8689.554342455966	-813.8533532548	-8529.888630243368	51.438857078471436	644.038113485556	0.18971067709357442	0.5907645699552735	0.052682843822737295	1.2533294469065968	0.04775713308733911	0.8909301910381439	3.4986398613117897	0.3568871468004805	4.2126232841840245	0.9027142097513442	0.9798223788021346	0.5907645699552735	0.052682843822737295	1.2533294469065968	0.04775713308733911	0.8909301910381439	3.4986398613117897	0.3568871468004805	4.2126232841840245	0.9027142097513442	0.9798223788021346	6.541051373019025	0.3040082531665275	0.20184860458384876	0.2075434254013741	0.2865997168482497	0.5251113421268166	46.19159421924228	-800.4993565292266	9.619357011063475E-4	0.46155913552997785	8.816189757836783E-4	6.588190659495289E-7	0.8523325755485048
16900000	-9508.786019590716	-8680.853034862546	-827.9329847281698	-8520.952420585705	45.28515350362238	652.0963747081513	0.135840875746731	0.43086401823721254	1.7671433813722144	0.16555045110153685	3.6884596602479993	2.6606590509582495	0.27914440998496437	0.09968676327598334	6.059157874030954	0.9638893527019157	0.05752500591480708	0.43086401823721254	1.7671433813722144	0.16555045110153685	3.6884596602479993	2.6606590509582495	0.27914440998496437	0.09968676327598334	6.059157874030954	0.9638893527019157	0.05752500591480708	6.963405014975776	0.2919236404681091	0.21865301409801716	0.21708684986182109	0.2723364955720527	0.4840567034479938	56.41356280249342	-810.6811933792594	9.651290831922324E-4	0.48308429341503806	8.366331171061333E-4	8.26020502451458E-7	0.9427607455463698
17000000	-9482.027499796228	-8689.602721366391	-792.424778429837	-8525.810845995476	52.77985444595152	606.1098748616349	0.24584747841554533	0.7988938309018667	0.02506897856573477	1.8474287128363327	1.6841822219106686	1.3930248284997897	0.15621360488440825	0.05901331292519869	2.911856655449204	0.007586747368600188	2.725994196604166	0.7988938309018667	0.02506897856573477	1.8474287128363327	1.6841822219106686	1.3930248284997897	0.15621360488440825	0.05901331292519869	2.911856655449204	0.007586747368600188	2.725994196604166	6.635856384360464	0.28935961402141946	0.20989170508117738	0.21044296090210218	0.290305719995301	0.5377139815759266	41.50270173961984	-780.0983259743729	9.793581238851771E-4	0.5754517888606047	8.93306008454752E-4	1.0058229345627928E-6	0.9867261753984253
17100000	-9481.898788490327	-8678.76971648473	-803.1290720055973	-8521.409471083589	55.80429500138323	663.3249038806068	0.17947958515635212	1.0180642841898755	0.2243287433268848	0.33709725566942056	0.22180811048779533	0.9905965518819652	3.178377955843442	0.09711167997567859	3.7321653568609503	0.6497857484903049	0.08485848875678964	1.0180642841898755	0.2243287433268848	0.33709725566942056	0.22180811048779533	0.9905965518819652	3.178377955843442	0.09711167997567859	3.7321653568609503	0.6497857484903049	0.08485848875678964	5.02764942014127	0.28935961402141946	0.20989170508117738	0.221296929632148	0.2794517512652552	0.4418796059336461	47.83260665786294	-792.1387491199555	8.221401680611074E-4	0.6450011449887105	8.026646874838131E-4	3.588732773986688E-7	0.6977276535033747
17200000	-9460.02700431669	-8663.878392488477	-796.1486118282121	-8503.228326025072	52.98574154511335	635.6976470890119	0.13913592688074997	0.9857959324869292	0.266763900846186	0.018896300141088805	0.7287569953643376	0.7472739898161198	2.054835783983755	0.015621364451074789	2.7823282433588323	0.1931270820384586	0.19844719920417228	0.9857959324869292	0.266763900846186	0.018896300141088805	0.7287569953643376	0.7472739898161198	2.054835783983755	0.015621364451074789	2.7823282433588323	0.1931270820384586	0.19844719920417228	5.679690170824898	0.3031165112578676	0.21360729294107336	0.20107011334817096	0.28220608245288814	0.5271754925515975	48.96612561197017	-787.6953617846051	8.687951304035619E-4	0.45919827867914786	8.177580925492126E-4	1.6939481542352654E-7	0.4915709957988768
17300000	-9500.001000700528	-8698.493663903615	-801.5073367969123	-8538.725354292405	40.843063295264386	582.4733314021712	0.19242451704697308	0.03263264119488092	0.02410050455105596	0.9445687907753451	1.059706156824586	0.509976173205361	2.6026696172729604	0.347691017499354	2.095873946159626	0.2008812639661158	0.3030352669985518	0.03263264119488092	0.02410050455105596	0.9445687907753451	1.059706156824586	0.509976173205361	2.6026696172729604	0.347691017499354	2.095873946159626	0.2008812639661158	0.3030352669985518	5.724263041387563	0.3045039176378309	0.1844580188368306	0.21848922740947804	0.29254883611586047	0.5471474214639359	56.10234557752413	-793.0374138154257	0.0010054392385695089	0.3675445342118248	0.001034137393202323	2.0041622635295777E-7	0.43969617000105127
17400000	-9535.05320888117	-8674.158607858659	-860.8946010225127	-8506.914303434132	52.55134956987852	766.4637280452465	0.10499097417050951	0.12495687515251946	1.4096186775869857	0.48882683289329015	1.0749352371897174	3.014927143144188	2.366753849769063	1.1823918039362824	5.009377443412207	0.02599872224887135	0.7503795371373086	0.12495687515251946	1.4096186775869857	0.48882683289329015	1.0749352371897174	3.014927143144188	2.366753849769063	1.1823918039362824	5.009377443412207	0.02599872224887135	0.7503795371373086	6.86163362749704	0.30119458653149533	0.2036973420288387	0.21721210237900487	0.2778959690606611	0.43863902660693405	67.02178073327393	-844.2069918068972	7.181403654996469E-4	0.5451497477037314	7.274272026692088E-4	1.1970269067347458E-7	0.4725014882086091
17500000	-9501.938664208452	-8691.365511218588	-810.5731529898637	-8524.71455678924	46.852479651145174	650.775653786916	0.15585277066865208	0.015053835355914718	0.19021347732879904	0.12099002566960002	0.7432986220130517	0.31438839921854445	1.2030694968019062	0.37452016646629316	3.1800085529094226	0.12847060913747435	0.820739564272755	0.015053835355914718	0.19021347732879904	0.12099002566960002	0.7432986220130517	0.31438839921854445	1.2030694968019062	0.37452016646629316	3.1800085529094226	0.12847060913747435	0.820739564272755	6.979807899199194	0.2992862296638326	0.20222233412485907	0.22059546715064726	0.2778959690606611	0.44716876164690694	57.297866452170375	-802.7376719410186	8.742293918919216E-4	0.46101881614226703	8.412512887675597E-4	1.9625993285339242E-7	0.5057003847808217
17600000	-9498.903808829933	-8661.604815742447	-837.298993087487	-8499.388286847085	59.137092860468364	745.6049941881414	0.18511605348773533	0.11863329524768583	0.02782021309248484	0.224470280152619	0.5269034006724547	0.5648597997251916	0.4172782431186168	2.2806085418358104	3.422721867869216	0.2659669860670173	1.325606846480642	0.11863329524768583	0.02782021309248484	0.224470280152619	0.5269034006724547	0.5648597997251916	0.4172782431186168	2.2806085418358104	3.422721867869216	0.2659669860670173	1.325606846480642	6.292664210502036	0.2851970894669393	0.2091914806610509	0.22698167650357182	0.27862975336843804	0.5306866817857331	65.50984805545303	-827.1790334823478	7.693188245256783E-4	0.6142397409427462	7.243120207182206E-4	1.6120765140451416E-7	0.5179203801183202
17700000	-9502.0623497258	-8680.078756598663	-821.983593127138	-8514.606243158309	42.11433208733243	620.0867535359996	0.12950663096651754	0.1692321591037715	0.805269144057626	1.4889965645805978	0.06030738565358825	1.0511030539028703	0.32232523059674884	0.17296378967966228	6.901813101014849	0.5615929480568002	0.29278931066175995	0.1692321591037715	0.805269144057626	1.4889965645805978	0.06030738565358825	1.0511030539028703	0.32232523059674884	0.17296378967966228	6.901813101014849	0.5615929480568002	0.29278931066175995	6.586310720429167	0.3124546344596394	0.19558808429069932	0.2071411921325693	0.284816089117092	0.600431435233829	62.84673114357772	-808.9882579876729	8.565824727691879E-4	0.4759022081651123	8.666663509733462E-4	1.5942380698800273E-7	0.46501552785832484
17800000	-9477.6298204607	-8669.400831875597	-808.2289885851029	-8503.30642737	44.53583289074882	628.5621120005392	0.19811218184676843	0.6123443246210182	0.007447063095562228	1.2056635777416413	1.0910390227350049	0.10679631873526513	2.4969444103969782	0.050325326246281735	2.6029192017227873	0.7097138690902419	1.574230042166008	0.6123443246210182	0.007447063095562228	1.2056635777416413	1.0910390227350049	0.10679631873526513	2.4969444103969782	0.050325326246281735	2.6029192017227873	0.7097138690902419	1.574230042166008	6.178967636293927	0.29038206668598654	0.22076326994408793	0.20847891637307722	0.2803757469968483	0.425234092903149	54.9407093998408	-796.9821979409616	9.586103759855772E-4	0.561110463036871	8.719456516134471E-4	3.1550444347968816E-7	0.5924938700670801
17900000	-9473.748352859271	-8688.989481360342	-784.7588714989289	-8529.475471547492	40.74463743027559	561.4095040651395	0.1415040375545203	0.014682599626218894	0.20166509015236983	0.3644759142233693	0.6116735679137775	0.5713287132054536	1.1254440883227026	0.01878926564069467	1.8106100254836415	0.4737209508544462	0.5626448763640529	0.014682599626218894	0.20166509015236983	0.3644759142233693	0.6116735679137775	0.5713287132054536	1.1254440883227026	0.01878926564069467	1.8106100254836415	0.4737209508544462	0.5626448763640529	5.915249961220459	0.30915867285785803	0.20618224170102284	0.19554956921579042	0.2891095162253287	0.3934021403727775	43.35702260909619	-778.1371411857715	9.9293929920704E-4	0.5520673465864958	9.918631547693908E-4	3.1456573585712315E-7	0.5493753776671375
18000000	-9504.667448648695	-8691.823112058528	-812.8443365901671	-8524.99252181671	44.22480446699187	643.5813911418046	0.17788010531227527	0.21345014602027587	0.1433207468557589	0.42913413562745933	0.06914257008176809	0.14718788501799546	5.124624270745664	0.2800760683722994	3.4439513088316582	0.8356402251165586	1.2673989238106973	0.21345014602027587	0.1433207468557589	0.42913413562745933	0.06914257008176809	0.14718788501799546	5.124624270745664	0.2800760683722994	3.4439513088316582	0.8356402251165586	1.2673989238106973	6.668530747794317	0.29545934685464253	0.209665099711502	0.20576603720852674	0.2891095162253287	0.5021780932284017	54.857316947211	-800.5883543259049	9.531252228543989E-4	0.3430713468593273	9.265113685941051E-4	1.1675811067099846E-7	0.36423554960432214
18100000	-9539.43645644512	-8697.624361546503	-841.8120948986187	-8541.745476537737	48.43168003574972	736.1642332331019	0.09031679573039812	0.04495112422822921	0.1712752909947129	1.2918970499053086	0.09042877844366339	1.4554366598336383	0.443187673285164	0.33618404655449025	2.2750986770447716	0.2594374368156453	0.1441613328817052	0.04495112422822921	0.1712752909947129	1.2918970499053086	0.09042877844366339	1.4554366598336383	0.443187673285164	0.33618404655449025	2.2750986770447716	0.2594374368156453	0.1441613328817052	6.9384419107105915	0.30162699051337544	0.20202954757260436	0.22141962598621467	0.27492383592780556	0.6808097616992804	60.09443814715044	-834.5393807223023	7.431450373834689E-4	0.31736485969049766	7.211715326978245E-4	6.158648284318069E-8	0.3303467762800608
18200000	-9493.516782773355	-8673.56609821718	-819.9506845561747	-8509.638697604594	44.63838797336941	631.1390216109502	0.13158803249077675	0.6492421202605708	0.3083107207713115	0.8096525471039052	1.1079927478999692	1.308698787808675	0.8361819201382468	0.1571508526362395	3.348572449697215	0.44907515770947887	0.38727298068180627	0.6492421202605708	0.3083107207713115	0.8096525471039052	1.1079927478999692	1.308698787808675	0.8361819201382468	0.1571508526362395	3.348572449697215	0.44907515770947887	0.38727298068180627	6.136344583447296	0.3043403204938452	0.20430554603516082	0.20592472250360605	0.285429410967388	0.5611505172675537	52.33805554307585	-809.5502354397547	8.977672606556927E-4	0.5263601608078915	9.08238726111273E-4	1.0525995747077367E-7	0.35828244618306637
18300000	-9519.651423434581	-8695.96231285578	-823.6891105788014	-8531.344353976612	49.99107296933901	663.878003954789	0.19056259221626248	1.9522334909425498	0.08248123996265548	0.18617623424987442	0.5256185894600734	0.7955061430402154	3.3738372073875937	1.5826817730257985	2.590219613895334	0.40471904115068047	0.39423430411100774	1.9522334909425498	0.08248123996265548	0.18617623424987442	0.5256185894600734	0.7955061430402154	3.3738372073875937	1.5826817730257985	2.590219613895334	0.40471904115068047	0.39423430411100774	6.294877880275002	0.29382588780790847	0.20825874528189153	0.21119727634800478	0.28671809056219527	0.5203549400858254	61.34521065931793	-810.5981469950982	9.761587619142627E-4	0.5867704538715335	8.573900929663368E-4	3.3556929701982393E-7	0.6187612419806159
18400000	-9504.363949422277	-8692.99146905264	-811.3724803696373	-8526.36452794202	43.485941400101375	633.5272982963454	0.19259848643236938	0.09389873785016516	0.10064129179784063	0.47378237225661723	0.9622417562347209	0.30450454530753773	0.67485306388247	0.2828550693654924	2.1192402397331738	0.7209406149840224	0.5058253860649096	0.09389873785016516	0.10064129179784063	0.47378237225661723	0.9622417562347209	0.30450454530753773	0.67485306388247	0.2828550693654924	2.1192402397331738	0.7209406149840224	0.5058253860649096	6.168362617490015	0.30293007829938806	0.19391779459896544	0.2190639841774506	0.284088142924196	0.5277629526525526	55.2813609293166	-804.0002625004099	0.0010342856183919017	0.5636443271539815	9.244004055418722E-4	3.5482464136634704E-7	0.6067658569705333
18500000	-9525.02997639064	-8705.382595017316	-819.6473813733252	-8537.03547954893	45.040025294866965	649.1373501889517	0.31105270705245786	1.4919684674000535	0.005974203343940338	0.33150419894591676	2.694673901417781	0.8298365089887528	2.503521278683379	0.3265311876948027	2.628347927755767	0.7501352208668276	0.16711579420731434	1.4919684674000535	0.005974203343940338	0.33150419894591676	2.694673901417781	0.8298365089887528	2.503521278683379	0.3265311876948027	2.628347927755767	0.7501352208668276	0.16711579420731434	6.499185023613411	0.30309804368911053	0.2022858873626347	0.20198504270451	0.2926310262437448	0.5924644422576127	65.49624946646735	-807.4853685651871	9.28250708227565E-4	0.3987638047212644	7.849895730475027E-4	2.969332999351066E-7	0.6326689791762975
18600000	-9515.287981935073	-8707.653561364035	-807.6344205710382	-8539.37301119011	47.632611257029325	646.9303074364944	0.24995221924692762	0.2531476182268009	0.039130799074279125	0.14958127515475836	0.8144404133109765	0.8707282603103862	2.944260770129676	0.35620600302468164	1.979126712016296	0.6911960187008375	1.3746877969096403	0.2531476182268009	0.039130799074279125	0.14958127515475836	0.8144404133109765	0.8707282603103862	2.944260770129676	0.35620600302468164	1.979126712016296	0.6911960187008375	1.3746877969096403	5.987485779355316	0.3223208521456933	0.20768866182120654	0.19182753480570078	0.2781629512273994	0.5099634355878248	51.668808027349534	-798.9501545018672	8.928910005230308E-4	0.19703633700174428	8.126868980662881E-4	2.5778151722738776E-7	0.5832522304566834
18700000	-9502.067816858864	-8695.294548852979	-806.7732680058854	-8531.467995771065	43.406326810823266	606.4111129146532	0.1693887200158675	0.47013432719829934	0.11828141628244732	0.5656252601632679	0.014266529000038521	0.8207865071475474	3.7199446126958713	0.5435915528980793	2.776273549050961	0.2973963696021409	1.2651091396733884	0.47013432719829934	0.11828141628244732	0.5656252601632679	0.014266529000038521	0.8207865071475474	3.7199446126958713	0.5435915528980793	2.776273549050961	0.2973963696021409	1.2651091396733884	6.141273769666383	0.2983872563836054	0.19933283838924287	0.23006495450641923	0.27221495072073243	0.6519095158171083	50.571056035209395	-795.0593742284145	9.976162669482853E-4	0.5600801810948635	9.738589359429684E-4	3.670525804670438E-7	0.622400973723362
18800000	-9467.18438955355	-8657.780338167913	-809.4040513856368	-8495.903947457686	43.87693966749518	614.8153252033013	0.15704142090070095	1.268844407770318	0.01591294940739254	0.5192683693517688	1.032546882191984	1.0392609073088264	1.4102403535096095	1.935004831064548	4.32785640871441	0.7880753328943144	0.5322691829765476	1.268844407770318	0.01591294940739254	0.5192683693517688	1.032546882191984	1.0392609073088264	1.4102403535096095	1.935004831064548	4.32785640871441	0.7880753328943144	0.5322691829765476	6.024965026381846	0.2906864796620721	0.21084550013442024	0.2121128578797806	0.28635516232372704	0.5357268684763675	45.70537399482326	-795.6970923490388	8.81810829147897E-4	0.5929905132491299	9.009629855502286E-4	2.910897355051374E-7	0.5959216160476206
18900000	-9486.580125947248	-8673.022408750181	-813.5577171970674	-8513.61830137712	47.54754899005635	619.0663977326159	0.13903056337148714	0.5958111469463012	0.13811345831529062	0.7181733340012756	0.5829606737821063	0.8502337193829498	0.6722927839888937	0.19497492423707152	3.0732740978650948	0.21022865933318044	0.7173373759817733	0.5958111469463012	0.13811345831529062	0.7181733340012756	0.5829606737821063	0.8502337193829498	0.6722927839888937	0.19497492423707152	3.0732740978650948	0.21022865933318044	0.7173373759817733	6.163085388943518	0.30799321681140335	0.20738653268624585	0.2121128578797806	0.2725073926225702	0.5290428530503762	60.42936897847199	-804.525193075977	9.767784560478908E-4	0.5430371982751983	9.194035512460369E-4	2.956198044641676E-7	0.5666551006697054
19000000	-9462.544593635	-8659.851130470626	-802.6934631643736	-8500.936120326667	43.47055020666862	595.581042317773	0.21474263384624862	0.3195057368537476	0.018070309330405064	0.20431049555743985	1.7030621041614074	2.152548334629007	1.714900784033591	1.5103607837427353	4.230136874162983	0.11508732313730172	0.7952719207557458	0.3195057368537476	0.018070309330405064	0.20431049555743985	1.7030621041614074	2.152548334629007	1.714900784033591	1.5103607837427353	4.230136874162983	0.11508732313730172	0.7952719207557458	5.032700342827357	0.29151192371945056	0.20738653268624585	0.2121128578797806	0.28898868571452296	0.5356196752707715	53.10752536110029	-789.3369433486847	9.282123153221476E-4	0.5909726952451633	8.713615488005178E-4	3.6655523505028977E-7	0.644883089611424
19100000	-9474.328374219036	-8677.825251824615	-796.5031223944211	-8514.28017617924	48.1829563243819	602.1987057379056	0.18527536057925179	0.1851769937104174	0.12112027852228585	0.4296428551817243	0.03202070565734294	1.811646353236289	1.4039599827251943	0.11082930422715832	4.313326452658663	1.0325787066779122	0.12143068406247144	0.1851769937104174	0.12112027852228585	0.4296428551817243	0.03202070565734294	1.811646353236289	1.4039599827251943	0.11082930422715832	4.313326452658663	1.0325787066779122	0.12143068406247144	6.947418055343161	0.2998096393503994	0.21147975746391934	0.22517350764873606	0.26353709553694515	0.5053897092010488	56.462801697399904	-785.6093692844496	0.001163433507776046	0.5206794436305402	0.001021860117805296	3.699781121950701E-7	0.5602864031748276
19200000	-9496.414546399363	-8673.45666390218	-822.9578824971828	-8506.181594163116	48.32212311566133	692.8733058540536	0.1634201054787617	0.551093872910546	0.043532805096696686	0.22787578430293196	0.5002506825540838	0.29237719991088623	3.1954924210770184	0.03284810498156746	3.509108353315086	0.15000165817227493	0.1784559476560447	0.551093872910546	0.043532805096696686	0.22787578430293196	0.5002506825540838	0.29237719991088623	3.1954924210770184	0.03284810498156746	3.509108353315086	0.15000165817227493	0.1784559476560447	6.26370057960655	0.327813852671555	0.20651112429927346	0.20744356003162662	0.2582314629975449	0.4837784537564592	53.500414758514964	-813.9805902762505	8.589371941498677E-4	0.3940996226531248	7.896584492784708E-4	1.2954644479779456E-7	0.4165659355184068
19300000	-9485.91812000399	-8680.597526376794	-805.3205936271955	-8518.675168216727	43.91437296558486	621.3322627736618	0.13463475128524613	0.23017766831963699	0.00829624280297497	0.5279587784981532	0.041963496087798306	0.49255234250593366	0.1526317205126604	0.06527929922717748	2.960595845720278	0.23960454659243152	0.3984379909811829	0.23017766831963699	0.00829624280297497	0.5279587784981532	0.041963496087798306	0.49255234250593366	0.1526317205126604	0.06527929922717748	2.960595845720278	0.23960454659243152	0.3984379909811829	5.344290104615724	0.28638605346826024	0.20701389776402718	0.22851449876104152	0.27808555000667107	0.4587352539650686	53.74663738710588	-799.2918450571764	9.522933067033274E-4	0.5738952112842818	9.434646370394237E-4	2.7956679904464387E-7	0.5705156607112515
19400000	-9533.063734162442	-8693.948084356993	-839.1156498054497	-8527.652567029543	45.95062144777229	708.6714238227039	0.09710599301127694	0.3532425603372057	0.3956582329893465	0.22338295090758123	0.2508909029382526	1.376502103259481	1.8635653722562684	0.05014846432494188	4.519906178786911	1.5515277151336728	0.12990924293650824	0.3532425603372057	0.3956582329893465	0.22338295090758123	0.2508909029382526	1.376502103259481	1.8635653722562684	0.05014846432494188	4.519906178786911	1.5515277151336728	0.12990924293650824	6.551986239691045	0.2949932954145492	0.2175854372560149	0.20716588972258865	0.28025537760684727	0.5742405480379573	66.46159716847882	-827.5321112919868	8.255149245873817E-4	0.35226582175827587	8.107391969976534E-4	1.5562135902720166E-7	0.4711050453580841
19500000	-9551.357765716572	-8705.238006778045	-846.1197589385263	-8529.938644630738	49.08024641950901	746.3723020684819	0.20878229121591138	0.6144636960556377	0.08958490923664107	0.29605360427528915	0.22081391578958307	1.0192943164316202	2.270238363201981	0.440433294523629	1.740675528933503	0.6378711889575416	0.18223658383311578	0.6144636960556377	0.08958490923664107	0.29605360427528915	0.22081391578958307	1.0192943164316202	2.270238363201981	0.440433294523629	1.740675528933503	0.6378711889575416	0.18223658383311578	6.3781279142601655	0.2916703257103876	0.21882129145698484	0.2021263334092528	0.2873820494233748	0.47349127362029114	75.09984228796161	-839.2449643634667	7.058302718873723E-4	0.21580011641059177	6.954629284656615E-4	1.5932569922961536E-7	0.5724155786540627
19600000	-9510.208137065321	-8675.214269410708	-834.993867654614	-8514.425214374514	50.631322055970905	687.0335902994223	0.16175956380803486	0.8373375869928402	0.03526963743249463	1.3460043323408957	0.4062697372398892	2.00245030492883	0.22904417668447893	0.1397076510859404	4.888635388659753	0.08190519317263831	1.4986928342161407	0.8373375869928402	0.03526963743249463	1.3460043323408957	0.4062697372398892	2.00245030492883	0.22904417668447893	0.1397076510859404	4.888635388659753	0.08190519317263831	1.4986928342161407	6.160802700756789	0.3088335177141121	0.20588533139530632	0.20953847821852298	0.27574267267205865	0.4965665129580425	44.95381761159648	-822.6770945059437	8.299888183757235E-4	0.6283664051435862	7.822300478449463E-4	1.6353591706160297E-7	0.5089981356721378
19700000	-9510.646323813344	-8672.538806025845	-838.1075177874999	-8511.523296430203	50.4724299412551	750.2095107021999	0.10267604139420393	0.09650577333839863	1.6905720008437004E-4	0.39320117354954326	0.07623765296851717	0.5677641451747475	0.30715531157398707	0.1599318155465259	0.9589304604069209	0.15643190314533018	0.06219799656877618	0.09650577333839863	1.6905720008437004E-4	0.39320117354954326	0.07623765296851717	0.5677641451747475	0.30715531157398707	0.1599318155465259	0.9589304604069209	0.15643190314533018	0.06219799656877618	5.720600034181825	0.3069791864028106	0.20773966270660782	0.2151728663020562	0.2701082845885254	0.4980850216488308	72.9772498704917	-834.823478937894	7.098086952848817E-4	0.37851424962965197	6.925878553974735E-4	1.0188087811544037E-7	0.4545192670126229
19800000	-9544.838485452361	-8699.036562230149	-845.801923222213	-8533.119591359864	46.943460793423824	720.9734506544443	0.11277842262128213	0.13542606165145124	0.03143648369771516	0.7070447169393621	0.88313755227342	0.8533824732494458	0.9481796583981345	0.6181085013757323	1.5263298141424924	0.4834890944387432	0.8954725991657639	0.13542606165145124	0.03143648369771516	0.7070447169393621	0.88313755227342	0.8533824732494458	0.9481796583981345	0.6181085013757323	1.5263298141424924	0.4834890944387432	0.8954725991657639	6.322312963109735	0.30234720014018246	0.21730951900137452	0.19522060616435993	0.2851226746940831	0.5879463828930337	67.16654050978813	-838.2420916855477	7.680471769349802E-4	0.3169514276138885	7.60772991226057E-4	5.5185992965611564E-8	0.3045992894664255
19900000	-9494.477172810877	-8690.965338349859	-803.5118344610183	-8521.483490737957	50.17986899148397	626.5842863643624	0.17582937263849777	0.09533567463388784	0.06402130052512994	0.3845257294834557	0.09351713431792129	0.12093827588809994	0.8024232168743632	0.07676035397909373	1.0818160482821675	0.21254784129707957	0.7955025855091659	0.09533567463388784	0.06402130052512994	0.3845257294834557	0.09351713431792129	0.12093827588809994	0.8024232168743632	0.07676035397909373	1.0818160482821675	0.21254784129707957	0.7955025855091659	5.871332241355216	0.3141439514915997	0.19853736446405215	0.2125578694355499	0.27476081460879825	0.3993396334189658	55.51550060736157	-799.4956502073612	9.128350417768068E-4	0.42246383343496674	8.792346579875923E-4	7.981939048233912E-8	0.31926662058645977
20000000	-9502.550619593863	-8665.356124844358	-837.1944947495044	-8500.249716310987	47.3281044434208	695.9428873171805	0.1311411505337596	0.0015989793303836284	0.0271149118608725	1.7388981923805578	0.5679468614318336	1.1270249029753345	0.6900759050636285	0.5198697031098892	2.797958442114756	0.23582793440862412	1.4426573573131907	0.0015989793303836284	0.0271149118608725	1.7388981923805578	0.5679468614318336	1.1270249029753345	0.6900759050636285	0.5198697031098892	2.797958442114756	0.23582793440862412	1.4426573573131907	6.875561098811852	0.2995102264872789	0.20288221797122152	0.22045867367359134	0.2771488818679083	0.5363373554320665	60.27880851329187	-827.1459066372649	8.01772665837535E-4	0.4688134171807472	8.163407663188371E-4	1.0904445395523116E-7	0.40332529830681674
20100000	-9462.299766514818	-8647.661818686549	-814.6379478282693	-8489.817128308632	52.73498035260453	631.8346577317843	0.19368334303848883	1.0236528325512984	0.028034792485110153	0.2408159824608829	0.4829695745604457	0.1617194276048587	2.5685939038112093	0.5352085223314357	5.243432578541382	0.16604832966052813	1.2213238293012187	1.0236528325512984	0.028034792485110153	0.2408159824608829	0.4829695745604457	0.1617194276048587	2.5685939038112093	0.5352085223314357	5.243432578541382	0.16604832966052813	1.2213238293012187	6.005527279836717	0.3120774620911034	0.204031263940205	0.19980164444528098	0.28408962952341066	0.5155305262879476	57.13515957041099	-801.7211768047532	9.633002876659875E-4	0.6309723576962312	9.662571452586821E-4	1.3621684262271582E-7	0.38475714741229283
20200000	-9483.867845643403	-8688.83707084351	-795.030774799892	-8527.623379149094	54.87096929066601	639.2772045273564	0.3622141522862904	0.05308830089123434	0.037449442490639195	0.5837899179057557	1.3307216414086391	0.37263857291658026	3.7054806879542874	0.19975778241735825	2.0570014582395526	0.16717485333262458	0.18766014960085622	0.05308830089123434	0.037449442490639195	0.5837899179057557	1.3307216414086391	0.37263857291658026	3.7054806879542874	0.19975778241735825	2.0570014582395526	0.16717485333262458	0.18766014960085622	6.827397186649519	0.2990101566954857	0.2124935827104984	0.21647187649985067	0.27202438409416524	0.4939920843467693	50.733586075688116	-785.3897725427266	9.052162150631155E-4	0.6794459962525969	8.712073538503707E-4	1.1810803541912361E-7	0.38269343935872013
20300000	-9477.460609212383	-8667.752963602647	-809.7076456097366	-8497.180858182464	56.55181665728337	677.2586653238016	0.21495827827977904	0.8063750356238348	0.08831174046271412	0.10948525137250327	0.18913941459098782	1.1197672219905799	0.011606289571212184	0.45532786723709384	1.2479352966540012	0.05947974331383487	0.3789055639003587	0.8063750356238348	0.08831174046271412	0.10948525137250327	0.18913941459098782	1.1197672219905799	0.011606289571212184	0.45532786723709384	1.2479352966540012	0.05947974331383487	0.3789055639003587	6.615611253044729	0.3033611047888199	0.20227148190036767	0.21673896078197225	0.27762845252884016	0.5080738482158837	58.74826759415024	-804.6094161534069	8.507155480509602E-4	0.5030723174106588	7.796472680885205E-4	2.0254434712539937E-7	0.5246916191244949
20400000	-9515.139670700039	-8692.526142223809	-822.6135284762304	-8527.955648682018	49.49452848130598	682.5994058732679	0.2293782011842794	0.01624131492079851	0.07925293265816671	0.174520530466517	1.7180317739471014	0.4331803028656697	0.6736851142084589	0.06380484121251277	1.7584029564472756	0.3441053654122039	0.19326234058385586	0.01624131492079851	0.07925293265816671	0.174520530466517	1.7180317739471014	0.4331803028656697	0.6736851142084589	0.06380484121251277	1.7584029564472756	0.3441053654122039	0.19326234058385586	8.058113568813193	0.316727559071195	0.1908727188729799	0.21092275342315314	0.28147696863267185	0.40366114742096776	62.632021381330105	-816.7893571841541	8.158195645875283E-4	0.36168243835313074	7.688483753911547E-4	7.496416715832717E-8	0.34803516325699413
20500000	-9513.295843900722	-8707.330956936654	-805.9648869640683	-8547.29749115583	50.23017329042183	613.443701003807	0.1734144343750076	0.10554057256096055	0.013287301860200808	0.5695026533587741	1.7632241738056533	0.38115608907251763	1.0181754899863589	0.1445102177006446	2.262789345205384	0.8816634939372605	0.5429945900152096	0.10554057256096055	0.013287301860200808	0.5695026533587741	1.7632241738056533	0.38115608907251763	1.0181754899863589	0.1445102177006446	2.262789345205384	0.8816634939372605	0.5429945900152096	6.317252558237102	0.2954904923696033	0.21104020209871127	0.21092275342315314	0.28254655210853225	0.4442141727716102	57.12374880369669	-797.3250003879901	0.0010124220015850806	0.5202767245814731	9.208788599878853E-4	3.887981389330424E-7	0.6234468287006122
20600000	-9523.223854514607	-8693.628800367016	-829.5950541475898	-8519.336839680313	57.849078577174026	730.0322684839273	0.1700120721574418	1.5480103276615316	0.3663094476458101	1.3003188961713814	0.501171726426189	0.42101487167618884	0.5203678642445448	0.6013413682338509	2.849993468937909	0.273740973662158	0.12448326505676284	1.5480103276615316	0.3663094476458101	1.3003188961713814	0.501171726426189	0.42101487167618884	0.5203678642445448	0.6013413682338509	2.849993468937909	0.273740973662158	0.12448326505676284	6.616619936451805	0.29023169586919295	0.21271240707084768	0.21363599268878905	0.28341990437117026	0.47245289737126894	67.70735975344027	-820.4676173270801	8.129292557421012E-4	0.4551162522910123	7.212839283955529E-4	1.8114967640357046E-7	0.5297702222036489
20700000	-9487.766420134845	-8684.857075332015	-802.909344802831	-8520.568909045285	51.51276614479025	661.4687212963267	0.14287244359098117	0.15872446308385435	0.017423348218140497	1.2349851573449682	0.1710928418546352	1.169958979610537	0.43363548122720347	0.5257137875500404	3.5186285788183094	0.2547974260030798	1.4318657508451094	0.15872446308385435	0.017423348218140497	1.2349851573449682	0.1710928418546352	1.169958979610537	0.43363548122720347	0.5257137875500404	3.5186285788183094	0.2547974260030798	1.4318657508451094	6.720517513503745	0.29023169586919295	0.21271240707084768	0.20594800145660266	0.29110789560335665	0.4149372967541465	52.11932678681558	-793.3984931999049	8.790283052104595E-4	0.4460529887867995	8.305464016501983E-4	1.7802803025068368E-7	0.48520439517888114
20800000	-9522.114981428034	-8683.868418073404	-838.2465633546308	-8515.275113620723	48.29768095326831	739.4541009450586	0.1809900834930107	0.12012309639408901	0.11173219774497456	0.9187971425849994	2.1706539813611507	0.9873762256099804	1.2572997500839318	0.06120290138542832	3.0350994712948545	0.6747085769885707	0.5540614146826174	0.12012309639408901	0.11173219774497456	0.9187971425849994	2.1706539813611507	0.9873762256099804	1.2572997500839318	0.06120290138542832	3.0350994712948545	0.6747085769885707	0.5540614146826174	5.520905906432104	0.30099455711055323	0.21816358603470892	0.20175479753804088	0.279087059316697	0.4597615569109191	60.101054015459574	-828.8719357121053	7.636996517929606E-4	0.29471937972235535	7.608328104654147E-4	1.049533663854137E-7	0.41489096988311563
20900000	-9459.413438788559	-8664.356245616591	-795.0571931719675	-8500.805240034628	45.936904011702886	604.987275334685	0.17813121091545048	0.4420407050375663	0.12023551652423091	0.3327447541624768	0.4353516502793114	0.5539104670666845	2.146988318109446	0.391035873823481	2.194837409345853	0.36886964803391914	1.4587208338799675	0.4420407050375663	0.12023551652423091	0.3327447541624768	0.4353516502793114	0.5539104670666845	2.146988318109446	0.391035873823481	2.194837409345853	0.36886964803391914	1.4587208338799675	6.230399079954942	0.29562865744909617	0.20389701659400025	0.21461779989356186	0.28585652606334166	0.41739531541755276	45.98633412653411	-785.9907432181274	8.933496792358378E-4	0.5644044646836882	8.970608436389653E-4	1.4790523231915052E-7	0.4155459632102799
21000000	-9482.970630795488	-8669.998531399122	-812.9720993963648	-8505.771255333073	52.649180639738276	668.9486923848572	0.17480682940741138	0.38627588181660805	0.21994966346991587	0.5016525566131859	1.135946317161976	1.7146864472531642	0.9616352021101117	0.8944754072844073	3.6443018987907196	0.17469043912832344	0.49305083282247564	0.38627588181660805	0.21994966346991587	0.5016525566131859	1.135946317161976	1.7146864472531642	0.9616352021101117	0.8944754072844073	3.6443018987907196	0.17469043912832344	0.49305083282247564	6.06970461315262	0.3112005761652562	0.20389701659400025	0.1987409218490534	0.2861614853916901	0.4723308257573276	53.00486025963034	-802.5057111073019	8.046964916684141E-4	0.46304597580344914	7.672322635251279E-4	1.027405340049186E-7	0.39993808664919334
21100000	-9535.278984687297	-8678.552307346992	-856.7266773403051	-8514.885544799059	61.632842202991164	806.8677354786514	0.1510979986722832	0.06841997021743365	0.06307015988620067	0.3798002117848857	0.932665200485673	0.9294845743500595	0.3501245507434162	0.3703235375824353	3.2648529631583245	1.0733712652974574	1.2254003750608133	0.06841997021743365	0.06307015988620067	0.3798002117848857	0.932665200485673	0.9294845743500595	0.3501245507434162	0.3703235375824353	3.2648529631583245	1.0733712652974574	1.2254003750608133	6.198894365242778	0.2925649716666346	0.20636198843608697	0.2106405357982508	0.29043250409902754	0.4344363691614308	70.13229724892936	-847.9786388634902	7.156335531425275E-4	0.3582083429619799	7.048426302601739E-4	7.299790203632946E-8	0.37942060724490956
21200000	-9517.171327583374	-8688.672614161995	-828.4987134213794	-8526.85057625713	47.36643359918419	698.075763939104	0.10281828783394033	0.1755053360158648	0.14073274361800908	0.38960099737103265	0.8413356523802616	2.146917725419367	0.04143395581613852	0.2038883745633152	3.052389429677092	0.3527691902004945	0.5090474496716649	0.1755053360158648	0.14073274361800908	0.38960099737103265	0.8413356523802616	2.146917725419367	0.04143395581613852	0.2038883745633152	3.052389429677092	0.3527691902004945	0.5090474496716649	7.365133650864418	0.2871256909670526	0.2211497161074419	0.20531095727785237	0.286413635647653	0.4171839779407039	58.22877329552882	-819.8365500153424	8.477265122102853E-4	0.3698548718944047	8.001991088873561E-4	1.0230301428685103E-7	0.38615364850579603
21300000	-9515.111479553803	-8693.63773136123	-821.473748192573	-8532.86409413097	40.78664674367856	639.0881855211001	0.16214023981245454	0.19532590003084896	0.08894365773237822	1.3848307051818998	1.7335308506604536	0.5565131353561303	1.0386383767259757	0.31377414597181014	2.975842710801356	0.5618206754917395	0.9415389226441025	0.19532590003084896	0.08894365773237822	1.3848307051818998	1.7335308506604536	0.5565131353561303	1.0386383767259757	0.31377414597181014	2.975842710801356	0.5618206754917395	0.9415389226441025	6.952844492330076	0.29090269155125087	0.19754030307156417	0.2169338864582135	0.2946231189189713	0.5671896094307566	56.81491867598427	-810.706977082473	9.276252219154765E-4	0.46871632256316736	8.968211371842801E-4	1.4303573174686277E-7	0.41092200803097034
21400000	-9518.991446750571	-8661.977253432304	-857.0141933182682	-8491.989929895393	57.90984714845036	785.046452921088	0.20380781020912034	0.21590947006965858	0.14463269172299598	1.5452947340431342	0.8997563505562091	0.11257519548214744	1.147938245534008	0.1257366257522935	1.8723199861522173	0.24934421780515093	0.24390121036991746	0.21590947006965858	0.14463269172299598	1.5452947340431342	0.8997563505562091	0.11257519548214744	1.147938245534008	0.1257366257522935	1.8723199861522173	0.24934421780515093	0.24390121036991746	6.349715611349449	0.3037294833818251	0.21367386793114093	0.20080032159863673	0.2817963270883971	0.5424261058882177	70.66417592008486	-849.351225065397	7.836895805484628E-4	0.618858832127499	7.810694996387007E-4	9.196900419653722E-8	0.37325857649297445
21500000	-9516.778401285661	-8684.581887230295	-832.1965140553648	-8513.431636031313	48.95407179749927	718.4998282813063	0.11310787230007543	0.6910041817035087	0.052552603859301494	0.033140641073503944	0.9297579428205955	0.7084942318856293	0.9343215587215874	0.1071594558279035	2.1097989470843634	0.4293762200756069	0.010538515284005618	0.6910041817035087	0.052552603859301494	0.033140641073503944	0.9297579428205955	0.7084942318856293	0.9343215587215874	0.1071594558279035	2.1097989470843634	0.4293762200756069	0.010538515284005618	7.402085008441761	0.2928788594765098	0.2137630122484214	0.21046224530952617	0.2828958829655424	0.5158525727025696	64.2819958610345	-825.7200047954194	8.039341248731827E-4	0.28020795314158414	8.234920830428635E-4	5.6480806176501376E-8	0.28873745111955945
21600000	-9531.160520332827	-8687.748127819743	-843.4123925130839	-8519.679242620297	44.649578098969464	683.8088978259525	0.2059707703813584	1.1825813736442214	0.003433643912596786	0.1811665764331674	2.650651112362553	0.46345104317421454	4.974829573578842	1.6438609700756481	5.915816641724019	1.9631658683820716	0.48937890238207027	1.1825813736442214	0.003433643912596786	0.1811665764331674	2.650651112362553	0.46345104317421454	4.974829573578842	1.6438609700756481	5.915816641724019	1.9631658683820716	0.48937890238207027	6.6591496273445285	0.3042797368398363	0.20215680932725918	0.20637431038790624	0.2871891434449981	0.4946706701728041	57.57800061885996	-824.3207047470192	7.883684198194918E-4	0.26251505325566005	7.749646604249533E-4	4.7610750260124005E-8	0.27505465260434825
21700000	-9465.800178656675	-8670.70914922604	-795.0910294306348	-8506.580000521766	46.342663480498885	597.2555912537914	0.17400025581908518	0.13733842450085945	0.5697991203262337	0.056472181065246145	1.0399114192895123	0.9514472370068243	1.6125429979421448	0.13397925042237238	2.306277047985632	1.0856309181849937	0.8368729897581563	0.13733842450085945	0.5697991203262337	0.056472181065246145	1.0399114192895123	0.9514472370068243	1.6125429979421448	0.13397925042237238	2.306277047985632	1.0856309181849937	0.8368729897581563	6.575020830367375	0.30271758592895526	0.20215680932725918	0.20793646129878723	0.2871891434449981	0.6042545611559291	50.54826070812835	-785.0071128753106	0.0010051364263808345	0.596321984399152	8.810365457438632E-4	3.7002331488026076E-7	0.6133098535879867
21800000	-9488.048114453144	-8669.069701531484	-818.9784129216606	-8508.07197933169	53.853812046909525	649.8909563619704	0.14970659938959507	1.0966016458306236	0.3626780355483995	0.05723493741928713	0.9703907453753392	0.7720698480648064	1.5055647452352046	0.22195749987877628	3.365273606590572	0.16111782758326026	1.6903154250100227	1.0966016458306236	0.3626780355483995	0.05723493741928713	0.9703907453753392	0.7720698480648064	1.5055647452352046	0.22195749987877628	3.365273606590572	0.16111782758326026	1.6903154250100227	5.7584866344660055	0.2994847188897718	0.2176760383836147	0.20926069519506732	0.2735785475315459	0.5471044807802155	62.37754988081193	-807.6523346460843	9.051670725963807E-4	0.5794464042344473	8.396274936231219E-4	3.5895840039676527E-7	0.6517691101740452
21900000	-9486.404901924505	-8671.72499159101	-814.6799103334936	-8508.207799495302	45.260597527333054	631.9293438126476	0.14580921218203394	0.10533100007598153	0.01541829098164513	0.9924436019465813	0.7966349371225516	0.7923053656116188	1.4976589270636314	1.0033585326885097	5.670753353462033	0.6987897895188733	1.0386369196280523	0.10533100007598153	0.01541829098164513	0.9924436019465813	0.7966349371225516	0.7923053656116188	1.4976589270636314	1.0033585326885097	5.670753353462033	0.6987897895188733	1.0386369196280523	6.121108131056312	0.31421020610448513	0.2033249475047835	0.2076209503810774	0.2748438960096537	0.4299636670516045	51.898391395087486	-801.6100372336343	9.072222493428352E-4	0.42372024459450036	9.022725315649396E-4	2.9310981432787414E-7	0.5928763508490931
22000000	-9449.985547256389	-8688.81734011802	-761.1682071383686	-8529.850556675126	36.95832720027309	483.14298293464896	0.22123363086315656	0.19841194114837468	0.05412579507373178	1.0977901066081717	0.6728637058726654	0.650358796607454	2.3973253409463586	0.06465754823472361	5.754331734135333	0.881478757559995	0.42620461623547856	0.19841194114837468	0.05412579507373178	1.0977901066081717	0.6728637058726654	0.650358796607454	2.3973253409463586	0.06465754823472361	5.754331734135333	0.881478757559995	0.42620461623547856	6.517177139719044	0.31075686062657426	0.20476154882683145	0.21698925234436256	0.26749233820223156	0.44609071031167397	35.397369536632965	-748.2101039903097	0.0012759022877204824	0.5019045708823763	0.0012060442985042474	5.932809419958797E-7	0.6321821280442489
22100000	-9503.76405364475	-8675.706119001446	-828.0579346433038	-8514.845738491362	46.53864733989246	662.9248524978992	0.1164980438133887	0.16010514969858025	0.7905462602070809	2.599434433549445	0.4610824152914012	2.230369956283608	0.2766467274755396	0.10330066547485887	2.7946187206132813	0.6280590415675803	0.7535960532960647	0.16010514969858025	0.7905462602070809	2.599434433549445	0.4610824152914012	2.230369956283608	0.2766467274755396	0.10330066547485887	2.7946187206132813	0.6280590415675803	0.7535960532960647	5.9811416795436445	0.30561200401847355	0.21035052520742398	0.20335651877879485	0.2806809519953075	0.4047433977652365	55.86623729939316	-817.2235100446869	8.513915914598284E-4	0.2906263892328082	8.547338879107756E-4	7.149165857709231E-8	0.306720131624695
22200000	-9502.223956486692	-8667.753004369499	-834.4709521171935	-8505.353415303016	46.88939237582093	681.0911563494718	0.14425819702891626	0.1589893052119265	0.2677537686556446	0.3951445336878593	0.23698917435888459	0.8917479624992445	1.278663431302657	0.04432770162475819	5.892228485338142	1.0027248868495133	0.06836556963463206	0.1589893052119265	0.2677537686556446	0.3951445336878593	0.23698917435888459	0.8917479624992445	1.278663431302657	0.04432770162475819	5.892228485338142	1.0027248868495133	0.06836556963463206	7.468762160494742	0.299827369032727	0.2207290666737648	0.20565892711280054	0.27378463718070745	0.4183860084609109	56.801128705542936	-823.5955187583871	9.438200712000434E-4	0.36428376795471723	9.372782613781745E-4	7.888568021028863E-8	0.30252505548248665
22300000	-9476.425642653314	-8685.633585860007	-790.7920567933078	-8520.631100040075	45.16347079203912	570.482694416094	0.13696123664495718	2.272736184583543	0.4154741357581585	0.31017609062421037	1.0722860354467518	1.188224721821084	0.12031953384100222	0.41359954961864603	5.322422974208521	0.5477503184418264	0.37396565226329365	2.272736184583543	0.4154741357581585	0.31017609062421037	1.0722860354467518	1.188224721821084	0.12031953384100222	0.41359954961864603	5.322422974208521	0.5477503184418264	0.37396565226329365	7.124641316113218	0.2910494666756961	0.22252244234895677	0.21562646095435556	0.27080163002099134	0.4054577820841765	46.046707907875636	-777.8294177849596	9.651412469679041E-4	0.5126317148616897	9.581097256689365E-4	9.472399962141908E-8	0.3220996676383099
22400000	-9487.912197757923	-8677.741738113591	-810.1704596443333	-8519.417641476628	46.015076123459394	619.3907292349239	0.15529392007052198	1.0359889934684445	0.07058015603515158	0.7294051872070842	0.44972995862980375	1.7039243308156005	6.744782321044151	0.04391523058382318	6.437505938277486	1.118701783326985	0.1718727878865635	1.0359889934684445	0.07058015603515158	0.7294051872070842	0.44972995862980375	1.7039243308156005	6.744782321044151	0.04391523058382318	6.437505938277486	1.118701783326985	0.1718727878865635	6.190922279329986	0.2966072297572319	0.2072448604297366	0.20895754170687186	0.28719036810615933	0.37537596384623084	48.11930486847363	-791.0401119981776	8.763222913454528E-4	0.5427270698146234	8.746691019607635E-4	3.213594995455794E-7	0.633863591203425
22500000	-9486.96455222858	-8672.544961508049	-814.419590720531	-8510.288394440444	47.692219194696065	647.1993042908686	0.13063889312431953	0.3855945732256292	0.24223400359790864	2.204150557180236	0.21359096379680392	0.583540935434399	0.5602823277142444	0.21682412230709452	2.871526256240832	0.07116400436153009	0.649825338113656	0.3855945732256292	0.24223400359790864	2.204150557180236	0.21359096379680392	0.583540935434399	0.5602823277142444	0.21682412230709452	2.871526256240832	0.07116400436153009	0.649825338113656	6.405494880444587	0.2939723331358191	0.19825981986005983	0.21559413562894908	0.29217371137517173	0.45176051638516795	57.89643617487439	-805.6796721542358	8.869740582535388E-4	0.4348861970910573	8.410100029854717E-4	2.1590029562923704E-7	0.5310258460060812
22600000	-9477.698850237397	-8673.425637830609	-804.2732124067874	-8514.06865275388	40.81679827089165	579.4986278376874	0.17005143760114527	0.4891573519186371	0.3392286705399452	0.9390583926493171	0.6145280824459025	0.992102358760331	4.232173290774008	0.45182134472645663	10.937659118617788	1.2882725921230158	0.6046201450172608	0.4891573519186371	0.3392286705399452	0.9390583926493171	0.6145280824459025	0.992102358760331	4.232173290774008	0.45182134472645663	10.937659118617788	1.2882725921230158	0.6046201450172608	7.4044640688968375	0.30579400194878864	0.21680048634913882	0.20377246681597955	0.27363304488609275	0.4654272657111491	46.30447980722061	-782.8428706420553	9.640638664408995E-4	0.4034445105227681	8.836121055975645E-4	1.3127771595987176E-7	0.39968912780647925
22700000	-9522.678682456648	-8688.372022735413	-834.3066597212344	-8522.390103391197	45.922477580532565	670.7315851951774	0.23642737753823428	0.746588094722624	0.21143977146842097	0.12354103879820562	2.4897919567987903	0.17224379319001595	1.8131123067766213	0.1920966122959207	2.2329084761669047	0.31330159657350526	0.04259141613006581	0.746588094722624	0.21143977146842097	0.12354103879820562	2.4897919567987903	0.17224379319001595	1.8131123067766213	0.1920966122959207	2.2329084761669047	0.31330159657350526	0.04259141613006581	6.306841098205178	0.29021176318246783	0.20056466994706376	0.22651320558014632	0.28271036129032184	0.4703631144907804	72.63659994363816	-825.6391331157789	9.030251245926157E-4	0.38916658488794115	8.929706640755001E-4	1.3091329669347696E-7	0.39760557263136814
22800000	-9511.734164959404	-8675.025866400823	-836.7082985585795	-8503.536028784296	45.98999235594988	693.736613506737	0.16689619885274867	1.0701393675806743	0.17007068673552506	0.8690433766794494	0.5250704817275508	1.4734738131955123	0.5726092993331493	0.32226869063244923	3.357270079510632	0.0915741929438436	1.142577138188156	1.0701393675806743	0.17007068673552506	0.8690433766794494	0.5250704817275508	1.4734738131955123	0.5726092993331493	0.32226869063244923	3.357270079510632	0.0915741929438436	1.142577138188156	5.994133845237196	0.29368877730987936	0.20476978183628786	0.21698664038446205	0.28455480046937054	0.47495135593685534	62.774624691276834	-826.8862105317996	8.325936636190064E-4	0.39036705641093344	8.21913373064384E-4	1.0063131620013945E-7	0.398745070919823
22900000	-9501.641879811821	-8690.729135876481	-810.9127439353405	-8534.013971477278	47.19990662769805	650.6282125084127	0.07503007709373317	0.0019638318545929017	0.36533918950458916	1.362387495645483	0.03762052678711051	1.2477210305522286	0.26781811699338093	0.07918960618440835	1.9479377712798487	0.2563776836188105	0.8149468395176382	0.0019638318545929017	0.36533918950458916	1.362387495645483	0.03762052678711051	1.2477210305522286	0.26781811699338093	0.07918960618440835	1.9479377712798487	0.2563776836188105	0.8149468395176382	5.840268262353253	0.28717357998333276	0.21044763134926953	0.20875429094545106	0.29362449772194654	0.49488303129829797	54.075152405739296	-803.7409441321932	8.57961545780924E-4	0.3494733429560436	8.249632049611528E-4	1.1288763902877076E-7	0.4005627316347396
23000000	-9511.35355610278	-8702.44989156672	-808.9036645360596	-8544.895009889537	42.99347893930941	609.4993942075794	0.11177426653664767	0.14443569075679927	0.2539229935294534	0.9677260081734409	0.5628654789196005	0.6020514131246175	1.3185919255194147	1.325696504020202	4.010443247781926	0.4459604943905877	0.4912303101426731	0.14443569075679927	0.2539229935294534	0.9677260081734409	0.5628654789196005	0.6020514131246175	1.3185919255194147	1.325696504020202	4.010443247781926	0.4459604943905877	0.4912303101426731	6.667822966019161	0.303684443795535	0.21831743388649885	0.21408283735438027	0.26391528496358574	0.5669173627674319	47.738488219745236	-798.0594147109855	9.69433547270425E-4	0.3680384708124675	9.557502868353417E-4	1.4837940015525786E-7	0.39685578021153306
23100000	-9482.04453633198	-8687.869423742522	-794.1751125894571	-8532.385514582194	42.55159091500228	592.8337416620675	0.14392410802945863	1.3029781948633588	0.10397372407328943	0.4301355452705272	0.015743801551071454	0.26942217289296905	1.8563525518227713	0.271216167323785	4.037796947765055	0.37434308663147414	1.0486601035227108	1.3029781948633588	0.10397372407328943	0.4301355452705272	0.015743801551071454	0.26942217289296905	1.8563525518227713	0.271216167323785	4.037796947765055	0.37434308663147414	1.0486601035227108	6.626809860069225	0.2911463489652193	0.21030990627782586	0.21408283735438027	0.2844609074025744	0.5124490601918813	44.87626842106723	-784.0490225428941	8.714733736346705E-4	0.4293680458772961	8.56158216639841E-4	1.207103346255076E-7	0.40166798675299425
23200000	-9454.20980682745	-8657.351168495981	-796.8586383314686	-8499.31262153128	43.903367701950145	577.3110330414112	0.16997579530593385	0.6712229707461551	0.025840945555849627	0.13218169081512038	1.1306608467942798	2.540605289011794	1.0807655089751564	1.9539828013916993	4.476024698198948	0.5704404817775117	1.12486900483672	0.6712229707461551	0.025840945555849627	0.13218169081512038	1.1306608467942798	2.540605289011794	1.0807655089751564	1.9539828013916993	4.476024698198948	0.5704404817775117	1.12486900483672	5.804075772602367	0.291658868926394	0.21503497225258358	0.22096769041474726	0.272338468406275	0.5660323270713723	50.88981447461735	-782.1535347142337	0.0010104335999871986	0.5774796927208112	9.711223169825394E-4	1.3841085219016385E-7	0.3670728148975823
23300000	-9466.839933534415	-8673.767562113617	-793.072371420798	-8506.13371968257	47.24029345996347	593.7786039878747	0.19076209923755363	0.04406135204422323	0.1547108179402866	0.036359544679303385	0.746817703702856	1.4715641474102845	0.29652908961006597	0.8526067792920184	2.6739178294323445	0.1811917855642447	1.6671276132003248	0.04406135204422323	0.1547108179402866	0.036359544679303385	0.746817703702856	1.4715641474102845	0.29652908961006597	0.8526067792920184	2.6739178294323445	0.1811917855642447	1.6671276132003248	6.07195194467846	0.3014413484510465	0.21897860437669753	0.20560932585702613	0.27397072131522965	0.5250415597846692	44.196598092550296	-784.8178304532124	9.684155424681396E-4	0.3987585858881552	9.589525893570531E-4	1.823029505967789E-7	0.4305052324779682
23400000	-9496.647629972686	-8664.28962858437	-832.3580013883145	-8508.24977717212	55.02493552519651	707.4161824093283	0.13583958275642502	0.36438360157840016	0.027421812665528657	0.27745081281246925	0.25106356522952905	1.133495619142959	0.6341854098218029	0.99802016472925	1.8886644324075776	0.11791268392266542	0.8080301518432937	0.36438360157840016	0.027421812665528657	0.27745081281246925	0.25106356522952905	1.133495619142959	0.6341854098218029	0.99802016472925	1.8886644324075776	0.11791268392266542	0.8080301518432937	7.155202117848559	0.3112241850158955	0.19920444912651558	0.2093169839522198	0.28025438190536894	0.4096074151001064	62.36145659978688	-824.8098486369915	8.387258578595596E-4	0.4899155360024827	7.744607227220232E-4	1.9200991291559146E-7	0.5294319731960327
23500000	-9532.650250969627	-8682.92057573678	-849.7296752328467	-8515.170840795792	63.68576264069134	772.022797408096	0.1894118758648095	0.23298697152971432	0.19092482192520724	0.009288730021454335	1.1697085261444111	2.1534610524151705	1.097830660429876	0.4028521631827287	5.338606889326111	0.029600648967910367	3.149983343366353	0.23298697152971432	0.19092482192520724	0.009288730021454335	1.1697085261444111	2.1534610524151705	1.097830660429876	0.4028521631827287	5.338606889326111	0.029600648967910367	3.149983343366353	6.403558159491773	0.2900800625608705	0.20602374196280204	0.21782622969415322	0.2860699657821741	0.5108769742395456	59.54769198122746	-836.0196209219769	7.768880301757867E-4	0.34767971295647343	7.061036337901311E-4	9.593847575814495E-8	0.41580209059570783
23600000	-9491.87624596046	-8678.149930936794	-813.726315023667	-8506.301539350678	44.1809978308738	616.3035648041124	0.20740350036929234	0.5179396974748233	0.150442410075152	0.5255998900448552	2.206408650510312	1.4205120664171917	1.7315907197213916	2.281841392226973	3.6903776174014715	0.2665678613518462	3.9244313405107873	0.5179396974748233	0.150442410075152	0.5255998900448552	2.206408650510312	1.4205120664171917	1.7315907197213916	2.281841392226973	3.6903776174014715	0.2665678613518462	3.9244313405107873	6.909644894126538	0.2923553560566562	0.2094590008622624	0.21555093619836754	0.2826347068827137	0.6309453418944314	49.36385750037484	-796.6590733044675	9.691398321774713E-4	0.36458519493750247	8.866714718405265E-4	1.8982391186586772E-7	0.4623413670677972
23700000	-9467.866983479918	-8664.587450982217	-803.2795324977016	-8503.106765495982	39.409886490265606	575.7420559382722	0.23983510929887755	0.04409781728401132	0.15479147715212874	0.5025582606059203	0.8032007740576428	0.9330813172751465	1.527282770545332	0.0683211866072031	3.903462942829353	0.23903513793749268	1.4360432865792996	0.04409781728401132	0.15479147715212874	0.5025582606059203	0.8032007740576428	0.9330813172751465	1.527282770545332	0.0683211866072031	3.903462942829353	0.23903513793749268	1.4360432865792996	6.307719643560357	0.3005992812852063	0.2223560235036079	0.20461285722709976	0.2724318379840859	0.5660485276027047	53.59722476149785	-792.6575188720843	0.0010448690062335123	0.5666450591312601	0.0010097951708779554	3.5715793486476783E-7	0.5899780354244355
23800000	-9510.913869862838	-8696.617343270267	-814.2965265925712	-8533.212466658799	43.30947172378232	633.4354366496904	0.1614484221361563	0.37555646337913784	0.15137869119781122	0.6040091826581783	0.04257009786675953	0.37703357853390485	3.198405615394681	0.010165176599717897	3.124651845578979	0.2095625667253314	0.5377816239270446	0.37555646337913784	0.15137869119781122	0.6040091826581783	0.04257009786675953	0.37703357853390485	3.198405615394681	0.010165176599717897	3.124651845578979	0.2095625667253314	0.5377816239270446	6.295048158445366	0.30118279834589834	0.21481757994597542	0.201333603146373	0.282666018561753	0.5010983932910725	60.1558553757574	-805.5056776631598	8.708290617764804E-4	0.3260381397258159	8.471999596309949E-4	8.073830809763608E-8	0.3271467027230381
23900000	-9508.596151212103	-8677.75335740619	-830.8427938059123	-8512.586095907993	51.02286701552383	681.3745864532552	0.14352571102604347	0.008921991295043752	0.11333619655966251	1.0862651019820377	0.984101028386909	0.6407041265911791	3.3940447833905134	0.5151022112885836	3.9411320979448927	1.1183672603191275	0.09052376051552896	0.008921991295043752	0.11333619655966251	1.0862651019820377	0.984101028386909	0.6407041265911791	3.3940447833905134	0.5151022112885836	3.9411320979448927	1.1183672603191275	0.09052376051552896	7.007683884844457	0.30118279834589834	0.20097599863095827	0.21713935386260325	0.28070184916053986	0.4442872894248316	60.53269016466546	-818.1030681914805	8.7475385742248E-4	0.4488178546696508	8.357036317463213E-4	1.9693175149344656E-7	0.4981902953934546
24000000	-9467.205756422656	-8676.156352742095	-791.0494036805611	-8510.362458552223	42.2412612194171	563.1905946639004	0.161609175524524	0.9652708398532036	0.04330909619741006	0.15599255471046122	0.07911557326262676	0.45107044794823914	1.6053486285350693	0.005292142545558668	3.1096692397369536	0.03853644002504684	1.1901329180859912	0.9652708398532036	0.04330909619741006	0.15599255471046122	0.07911557326262676	0.45107044794823914	1.6053486285350693	0.005292142545558668	3.1096692397369536	0.03853644002504684	1.1901329180859912	6.491382821165914	0.3021018133433776	0.21334363371741707	0.21779908160547698	0.26675547133372807	0.5044871016817479	47.46569624530231	-782.1253859438835	0.00109397755411809	0.5870960360880951	0.0010259542084768824	3.3623134038496835E-7	0.562543949120793
24100000	-9505.15677510753	-8667.10403674639	-838.0527383611397	-8501.722915986662	49.21956200309917	703.2572528691273	0.07786442545356835	0.046703204331109215	0.1798165376331288	2.9310919885221884	0.19413351612624755	2.236213458398075	0.6304720107834629	0.1707529939789535	4.5155380319774965	0.9778875783743264	0.27661951727118717	0.046703204331109215	0.1798165376331288	2.9310919885221884	0.19413351612624755	2.236213458398075	0.6304720107834629	0.1707529939789535	4.5155380319774965	0.9778875783743264	0.27661951727118717	6.303654196557733	0.3021018133433776	0.21334363371741707	0.21779908160547698	0.26675547133372807	0.5191927571654543	67.14347352431564	-824.9324445381556	7.164659296310453E-4	0.39446280889556484	7.519943444676228E-4	1.4257872372330486E-7	0.5230414415400316
24200000	-9491.054781448565	-8685.13084315795	-805.9239382906161	-8522.032301179303	42.075781660405305	600.0926411677126	0.1276760549287399	0.08036482190572619	0.4066464014260169	0.1727517411453872	1.1959748842146618	2.099627803701338	0.9486088333416842	0.6773103291041215	4.5436258243357575	0.945788283307838	1.2123123520779302	0.08036482190572619	0.4066464014260169	0.1727517411453872	1.1959748842146618	2.099627803701338	0.9486088333416842	0.6773103291041215	4.5436258243357575	0.945788283307838	1.2123123520779302	7.009719549956048	0.3036046233020416	0.2189959926394345	0.21019762886461066	0.2672017551939129	0.4676900146668488	46.252377731167535	-793.0510705768254	9.848681298309393E-4	0.3720785595025803	9.67285682810167E-4	1.545239702936383E-7	0.40074259414057184
24300000	-9551.893634179814	-8722.155447006746	-829.738187173069	-8556.461693437666	49.93264185708837	703.7317653143065	0.15850119398884369	0.09019664388485302	0.10136068009664505	1.4925536881329033	1.6756227004289208	0.9814811285337376	0.20947919725895855	0.23119070080224943	2.1210924933679323	0.2648956422497386	1.0653314591236582	0.09019664388485302	0.10136068009664505	1.4925536881329033	1.6756227004289208	0.9814811285337376	0.20947919725895855	0.23119070080224943	2.1210924933679323	0.2648956422497386	1.0653314591236582	7.256443805673002	0.3036046233020416	0.20279338043359277	0.21019762886461066	0.28340436739975466	0.45594678130699573	61.51236969003392	-822.559401811164	8.37486003899309E-4	0.06996240897373378	8.089425723468287E-4	4.994551678731677E-8	0.270199196710469
24400000	-9503.398967382116	-8694.90366933644	-808.4952980456757	-8526.589740622063	42.26294649043517	603.7200264358208	0.1783870182148719	0.17995600435020814	0.55905667220508	0.2083828026004625	0.4079220537277542	0.9312833576888154	0.2632024782561641	0.15130610461045635	1.357304085505439	0.47887670236669894	0.6939334451864425	0.17995600435020814	0.55905667220508	0.2083828026004625	0.4079220537277542	0.9312833576888154	0.2632024782561641	0.15130610461045635	1.357304085505439	0.47887670236669894	0.6939334451864425	5.762319595173439	0.2944485484237204	0.22879072289041874	0.21025437066351385	0.2665063580223466	0.4635695645104141	60.55186660473459	-802.9243703850765	9.349320280567145E-4	0.42369598159257243	9.512499574096258E-4	1.875113940526457E-7	0.45178345187360813
24500000	-9493.896066107596	-8672.473321834581	-821.4227442730146	-8507.779693609034	48.83653034314509	656.036070629593	0.21495923936296218	0.012484396574442945	0.4779290869903145	2.817391384258633	2.5495711360401017	0.8080249581047269	2.13588795262082	0.06527432687682548	5.254113217039543	0.08298091729339327	0.07826139765977308	0.012484396574442945	0.4779290869903145	2.817391384258633	2.5495711360401017	0.8080249581047269	2.13588795262082	0.06527432687682548	5.254113217039543	0.08298091729339327	0.07826139765977308	6.952433470511014	0.2852026746116096	0.21697486603106658	0.22874176170169458	0.2690806976556289	0.5814885905994137	56.50106523498303	-806.0566116179625	9.749196649210279E-4	0.5606954920938176	8.72068296713782E-4	2.0004002542312898E-7	0.4699370419014997
24600000	-9479.259776912157	-8649.6170631789	-829.6427137332572	-8490.283647268303	65.50878270015205	732.3995781608102	0.16045510328860996	0.8785597786841026	0.24655261457225447	0.860344244300985	0.17158853576848843	0.6009653148912076	1.4214025291112842	0.03765706089572603	3.0171787957704783	0.40720688074468697	2.6173910835389784	0.8785597786841026	0.24655261457225447	0.860344244300985	0.17158853576848843	0.6009653148912076	1.4214025291112842	0.03765706089572603	3.0171787957704783	0.40720688074468697	2.6173910835389784	7.567714676736647	0.2944843048244809	0.20736285239580673	0.20795364103150232	0.29019920174820973	0.5683357043872943	55.79203953423066	-818.1559516866736	8.633889134275676E-4	0.5404202760790592	7.84500228250797E-4	1.8024647417435142E-7	0.5083327161183151
24700000	-9464.187530023146	-8659.65627805273	-804.5312519704161	-8489.134393471033	47.89109900135303	617.7179521993005	0.1783634011918483	0.4623764480182315	0.03142079473482298	0.9758879685106049	0.12791484935954955	0.5578788371721376	1.3208935922080105	0.8224058832933175	3.4470757869196738	1.1434513240656836	0.39048171042227164	0.4623764480182315	0.03142079473482298	0.9758879685106049	0.12791484935954955	0.5578788371721376	1.3208935922080105	0.8224058832933175	3.4470757869196738	1.1434513240656836	0.39048171042227164	6.775890959697002	0.29749788633103064	0.2089128192219137	0.20805178580510425	0.2855375086419511	0.48540783824842887	52.04914158957156	-794.4262253808056	9.684421684519048E-4	0.4894909799827349	9.185024715855742E-4	1.9599536505506556E-7	0.4804176155197073
24800000	-9448.994241579789	-8668.947653766054	-780.0465878137354	-8501.308653892649	40.479736975386814	516.2392861022593	0.18266531118431384	0.04974897645611218	0.15639780266578293	0.5340984951928229	0.9434894742690489	1.1623022967062722	0.6579406538097176	0.44933746984614614	2.480264895507182	1.3152195584910786	2.923017475810553	0.04974897645611218	0.15639780266578293	0.5340984951928229	0.9434894742690489	1.1623022967062722	0.6579406538097176	0.44933746984614614	2.480264895507182	1.3152195584910786	2.923017475810553	6.454085167435408	0.29325681683547294	0.20090007113108518	0.2301560811984701	0.2756870308349715	0.3980075661826539	39.9525861724261	-768.2355669535934	0.001054695059774192	0.6778312297399915	0.001060559424041286	2.4910399269855803E-7	0.47352584639978
24900000	-9524.855493751804	-8673.560278866846	-851.2952148849578	-8510.65572944296	46.855566989581305	743.8637152406923	0.13622651974881295	0.3016261829415791	0.09783865592790748	0.14095956668141996	1.7378854149992577	0.5306660842768112	0.2818216001571215	0.06439470151123974	1.1523234855836832	0.37617531313884567	0.13947222786285246	0.3016261829415791	0.09783865592790748	0.14095956668141996	1.7378854149992577	0.5306660842768112	0.2818216001571215	0.06439470151123974	1.1523234855836832	0.37617531313884567	0.13947222786285246	7.0278656272056965	0.3179283383765066	0.20591843477423852	0.19774714931068102	0.27840607753857366	0.4381719620861672	64.50293268047403	-846.0360610569878	7.058752371281015E-4	0.3798583297056122	7.19066051380805E-4	1.238885890631987E-7	0.5017148469268862
25000000	-9517.036662569488	-8678.144510016891	-838.8921525525966	-8512.873865486885	48.08804626531026	694.971346015088	0.2490821333900605	1.1459310661062134	0.06464391686755172	0.5472410677126303	0.6264902331421058	1.7785976186774044	0.7043008943751156	0.09537544509325471	3.9290153578873532	0.34341234362606615	3.9339343396316244	1.1459310661062134	0.06464391686755172	0.5472410677126303	0.6264902331421058	1.7785976186774044	0.7043008943751156	0.09537544509325471	3.9290153578873532	0.34341234362606615	3.9339343396316244	6.4813725410536795	0.30234470186464124	0.20646813535926983	0.21127436368442917	0.27991279909165956	0.5257403531197183	63.73439386722565	-825.6994307814094	7.999272423750116E-4	0.36940477537577265	8.316883364994583E-4	1.769545636169045E-7	0.5197203375353336
25100000	-9505.841863993168	-8686.578724462724	-819.2631395304427	-8514.611566908288	43.24788539829393	635.7647615475333	0.07177126132562862	0.3361248336276258	0.43513879932869454	0.5422784377279002	0.014476064935758001	1.2886236564068807	0.38449172634425777	1.289739638662722	3.9702579128563156	0.5055974629329247	0.23523789214902585	0.3361248336276258	0.43513879932869454	0.5422784377279002	0.014476064935758001	1.2886236564068807	0.38449172634425777	1.289739638662722	3.9702579128563156	0.5055974629329247	0.23523789214902585	5.947191921182455	0.3103841804788543	0.20544097151003707	0.2188136719547521	0.2653611760563564	0.5377202131511374	60.19526142052336	-808.4108344293384	9.081943839292701E-4	0.5482986329549698	8.939714065490121E-4	2.2442952045068033E-7	0.5101114169328057
25200000	-9528.646494067647	-8675.652350503859	-852.994143563788	-8503.991207293939	67.36374898984802	751.686436956165	0.17438710344284553	0.8663586433515275	0.4840257490075021	0.6264168512716922	1.7940061079104188	1.8259547787807735	1.6063749099195634	0.4770646632796882	2.9855739675994313	0.07779657828869124	0.1992379759506779	0.8663586433515275	0.4840257490075021	0.6264168512716922	1.7940061079104188	1.8259547787807735	1.6063749099195634	0.4770646632796882	2.9855739675994313	0.07779657828869124	0.1992379759506779	6.820464390405108	0.29047526249016337	0.20467149146217353	0.22717649721766592	0.2776767488299971	0.5042384940239603	63.2598570737479	-841.5606673710377	6.77538109065631E-4	0.49972838841245615	6.9742367375828E-4	1.3620740550765086E-7	0.522011817090118
25300000	-9517.447379726791	-8672.391337431854	-845.0560422949362	-8503.880470072929	54.962651908581336	738.8999168807363	0.11397034593549778	0.7271991980196261	0.4403330348636712	0.25055951866365506	0.45936300741386826	0.48882020435106033	1.2426376248076747	0.1388442391324765	5.994158817095019	0.5041730354169804	1.0874627138612492	0.7271991980196261	0.4403330348636712	0.25055951866365506	0.45936300741386826	0.48882020435106033	1.2426376248076747	0.1388442391324765	5.994158817095019	0.5041730354169804	1.0874627138612492	6.1909293104447	0.29990824108703373	0.20970184613757148	0.2063111729195689	0.2840787398558258	0.5627365975205953	67.70659984059883	-832.5826144921207	7.246712083531024E-4	0.5410715252801604	7.281311332405426E-4	1.8476061716921432E-7	0.5755426288425278
25400000	-9507.097896708041	-8667.62754888612	-839.4703478219216	-8515.95218104717	50.8779657006909	706.4504066448453	0.13806163801152876	0.07702604230846177	0.8018883679079337	0.36774322298807166	6.173206765713461	1.1795481680272548	0.1554327231252128	0.07419917715363573	6.2965668323590585	0.432907198185389	0.7963935497530681	0.07702604230846177	0.8018883679079337	0.36774322298807166	6.173206765713461	1.1795481680272548	0.1554327231252128	0.07419917715363573	6.2965668323590585	0.432907198185389	0.7963935497530681	5.96290275635934	0.2896858971850633	0.21685083327111176	0.2063111729195689	0.28715209662425595	0.5439182266921067	65.80597587593749	-822.4950955605178	7.602760473553393E-4	0.4640024407646381	7.375631948903509E-4	1.7325723782606805E-7	0.5473019745830027
25500000	-9496.512325014082	-8664.553818130169	-831.958506883914	-8500.677257492749	49.51653830224263	703.3010172979867	0.25424379529046076	0.5701708841846563	0.04531261060582318	0.2096275945204021	1.177989533858882	0.1341010011474636	1.1464016198967502	0.1852669895045566	2.395062853171465	0.32109686095150775	0.06724590600508126	0.5701708841846563	0.04531261060582318	0.2096275945204021	1.177989533858882	0.1341010011474636	1.1464016198967502	0.1852669895045566	2.395062853171465	0.32109686095150775	0.06724590600508126	6.11050954909693	0.30123522135296904	0.1983236797264979	0.21719920095203715	0.2832418979684958	0.49975939987151935	53.62131809092784	-825.485935891664	7.333780992001064E-4	0.5383674167851643	7.4658626668332E-4	1.5359018395152808E-7	0.5362966116011851
25600000	-9494.575341936368	-8673.331946514634	-821.2433954217331	-8505.730441732623	52.64571023319072	670.2560138299154	0.1969934163955856	0.9410533054921528	0.15098463770954948	1.0273397462159535	0.8373832519265633	1.5718196894402268	2.3301837041958913	0.6138529901143651	3.1072546390210705	0.42442692325063647	0.6560277691855884	0.9410533054921528	0.15098463770954948	1.0273397462159535	0.8373832519265633	1.5718196894402268	2.3301837041958913	0.6138529901143651	3.1072546390210705	0.42442692325063647	0.6560277691855884	7.34601540075556	0.28819526881592783	0.21248166366943935	0.21676931237972924	0.2825537551349035	0.47535084696600416	53.91764278706744	-808.5655762889394	9.689325430066609E-4	0.5332122797869292	9.137973441378961E-4	3.247848341606195E-7	0.5787567211654981
25700000	-9509.214360208263	-8692.779851624386	-816.4345085838769	-8532.022442226149	43.62155022967297	630.5765699966825	0.18424537825625903	0.18837055045929169	0.051587364103015655	0.4315972861320677	0.594826642751517	0.4873840447512746	1.2353731788272087	0.03442105743933072	2.4218285636758443	0.5039320515348876	0.11859316191043633	0.18837055045929169	0.051587364103015655	0.4315972861320677	0.594826642751517	0.4873840447512746	1.2353731788272087	0.03442105743933072	2.4218285636758443	0.5039320515348876	0.11859316191043633	5.7267745763516364	0.2890025777541527	0.21887877732338293	0.2095648897875608	0.2825537551349035	0.46911222762873545	50.11268359178526	-810.3360568404557	9.401073451262718E-4	0.3902308730608417	8.913873464390491E-4	2.7668603259252647E-7	0.5651408960380008
25800000	-9483.09936750515	-8680.228016723831	-802.8713507813186	-8520.825302953463	48.883314276209354	609.0797367917025	0.13664789442034145	0.2897987433918159	0.47622861701950875	1.271725389607504	0.33273160695945864	1.7655314330838288	0.7439403553318574	0.3283210038420147	4.047560785169713	0.12061935858664977	0.4302928757619831	0.2897987433918159	0.47622861701950875	1.271725389607504	0.33273160695945864	1.7655314330838288	0.7439403553318574	0.3283210038420147	4.047560785169713	0.12061935858664977	0.4302928757619831	6.158981613001834	0.29679989958322794	0.21892789143314598	0.19889422116009728	0.2853779878235288	0.5067788281195175	48.74998261716109	-791.9745368967024	9.54813075975457E-4	0.5633517112595707	9.079564719615332E-4	3.440826789929646E-7	0.6137512359653048
25900000	-9493.452715904212	-8673.036765556151	-820.4159503480599	-8509.61612862949	41.60929234810382	628.3323811904801	0.1741590477780133	0.6423179030052968	0.2932128644527566	1.2689546445575868	1.4644082515902364	1.572063492707031	1.8322826002053114	0.25755643492208957	6.380937748335912	0.25187868293784005	0.9685332759343549	0.6423179030052968	0.2932128644527566	1.2689546445575868	1.4644082515902364	1.572063492707031	1.8322826002053114	0.25755643492208957	6.380937748335912	0.25187868293784005	0.9685332759343549	6.570693407428967	0.31092786340016904	0.20467745222231445	0.20756609414081761	0.2768285902366989	0.5766878483262509	61.5085082093406	-805.0691897944574	9.571408967208476E-4	0.31822761669311833	9.918955084208694E-4	3.9012411879345516E-7	0.6047048430768777
26000000	-9463.606129298681	-8664.451730396071	-799.1543989026097	-8505.070225898873	49.40820390376683	616.3786441118486	0.12320670649009752	0.17185852680056807	0.2165631437069745	2.030728224495451	0.43650909648607106	1.8956978799967827	1.3068746072912047	0.43803574319037397	3.131421319116131	0.5049105689317045	0.6224211192078405	0.17185852680056807	0.2165631437069745	2.030728224495451	0.43650909648607106	1.8956978799967827	1.3068746072912047	0.43803574319037397	3.131421319116131	0.5049105689317045	0.6224211192078405	7.0898107482076345	0.2955071005889461	0.2002997333572698	0.20678422259592322	0.2974089434578609	0.4644205414115736	53.68949901652709	-786.8082342658348	9.744515683439412E-4	0.5788427225679504	9.608714074558027E-4	4.0552454398048956E-7	0.6132842640705158
26100000	-9503.66835731636	-8654.991624876488	-848.6767324398716	-8489.20312545197	47.98098316363754	720.9148192624154	0.13370903861543404	9.289313653182218E-4	0.3023797261662611	0.0014884266522436642	0.7047183084946718	1.2580797719339991	1.1638844283326706	0.627164083399391	3.0583192699251924	0.30583251005054835	1.6974415865588899	9.289313653182218E-4	0.3023797261662611	0.0014884266522436642	0.7047183084946718	1.2580797719339991	1.1638844283326706	0.627164083399391	3.0583192699251924	0.30583251005054835	1.6974415865588899	5.90998445965859	0.2974971065801802	0.21507804822006205	0.2163513326625931	0.2710735125371646	0.4466186988570492	60.997427033058855	-838.5390812384811	8.672491079872949E-4	0.5694774129067544	8.203203565403475E-4	2.0891391554657093E-7	0.548923672506684
26200000	-9488.31952170026	-8673.039486248077	-815.2800354521816	-8509.03877092071	41.837451035472824	619.650249277091	0.21542410678670887	0.5144114479837755	0.0454359451004049	1.021788879859683	0.12011070170731913	0.055013559128486364	3.846228071996229	0.01916505776325164	2.403429721050057	0.12303929415679601	0.3023630300854686	0.5144114479837755	0.0454359451004049	1.021788879859683	0.12011070170731913	0.055013559128486364	3.846228071996229	0.01916505776325164	2.403429721050057	0.12303929415679601	0.3023630300854686	6.5012470695538145	0.2974971065801802	0.21492947198978085	0.19702575484235618	0.2905476665876827	0.5324098750002474	50.04271052300096	-805.219239550409	0.001088074367297684	0.7051973583167799	9.897750203050227E-4	3.5472499086124445E-7	0.5700358718309436
26300000	-9530.800642252047	-8676.672310618282	-854.1283316337643	-8520.472301207712	50.7747466970575	769.1530220377463	0.12472606210285885	0.02786776883803341	0.3904888486103962	0.5982212063589438	1.7861208606750962	0.6503089833379716	1.6392108272270616	0.17982714907087857	5.5710575979788155	0.7181505436808044	0.35646287818079314	0.02786776883803341	0.3904888486103962	0.5982212063589438	1.7861208606750962	0.6503089833379716	1.6392108272270616	0.17982714907087857	5.5710575979788155	0.7181505436808044	0.35646287818079314	6.38638209724279	0.30783667427987954	0.2055015562547792	0.19595035956094345	0.2907114099043977	0.522163838580231	63.1246205864643	-841.8059709731948	7.519197150107089E-4	0.34900225733088175	7.067884879181528E-4	2.1044552877718014E-7	0.6218428388333246
26400000	-9488.612151427038	-8672.96995357332	-815.642197853718	-8514.28172913006	40.71671401405082	617.3334260008836	0.19064102748563755	0.14167604880021534	6.34245627040761E-4	0.8996407236403182	2.4139535090440907	0.8346231838915494	1.610209089888155	0.23017768990780144	2.6177342509120414	0.8527988691053753	0.6517422486247111	0.14167604880021534	6.34245627040761E-4	0.8996407236403182	2.4139535090440907	0.8346231838915494	1.610209089888155	0.23017768990780144	2.6177342509120414	0.8527988691053753	0.6517422486247111	5.795094652444123	0.29029678231127853	0.2127747456506344	0.19881851702846223	0.2981099550096248	0.5043921642200477	60.1643285558742	-805.2618082998862	9.233121596793366E-4	0.3508124545738119	9.282218904797804E-4	2.9229109270623873E-7	0.5976749455792028
26500000	-9539.847923412835	-8710.172412566504	-829.6755108463319	-8542.575080791526	45.594538546369066	674.7281307704723	0.1762769214059469	0.08876283498375198	0.005637920484891876	0.9522690529272358	1.7436292153862267	0.6394767396045843	0.9052216501260666	0.7866357702540749	1.9280950668770878	0.11981141574168742	0.27936319234514406	0.08876283498375198	0.005637920484891876	0.9522690529272358	1.7436292153862267	0.6394767396045843	0.9052216501260666	0.7866357702540749	1.9280950668770878	0.11981141574168742	0.27936319234514406	6.455948178337225	0.3087384098386555	0.21252228959810696	0.20512620159519102	0.2736130989680465	0.45908525874580713	62.09286692148345	-823.5009777288861	8.504804825082383E-4	0.0726121203865637	8.328386073056076E-4	1.9349884933230885E-7	0.5494983171035227
26600000	-9520.48173509228	-8696.524239387363	-823.9574957049174	-8537.384630245273	49.020636216384986	670.8216269638009	0.18421962601868366	0.1339635206174772	0.21018819878986014	0.11380094038390215	1.5091082110999585	0.6198534966627217	1.3514214856063986	0.14243291557412796	3.4262507570021508	0.2889390400189692	1.816425425055655	0.1339635206174772	0.21018819878986014	0.11380094038390215	1.5091082110999585	0.6198534966627217	1.3514214856063986	0.14243291557412796	3.4262507570021508	0.2889390400189692	1.816425425055655	5.951016231614952	0.2986398710466337	0.1977742470711846	0.21638768884367326	0.28719819303850846	0.4889776546649226	56.60102988950424	-814.2478630553024	8.841679008876715E-4	0.36712011209954337	9.251768464921178E-4	2.8102579259017254E-7	0.5802251340841558
26700000	-9535.015960175122	-8684.90178488313	-850.1141752919916	-8517.37676291818	49.164571384497975	764.7456680109544	0.1600704211039431	0.6754455861688257	0.3537776832082117	0.4324089107439405	0.42558954634439394	0.9911763147947034	0.2250681346082099	1.032920788747183	3.0961264855588975	0.22772320745716834	0.8461345841037538	0.6754455861688257	0.3537776832082117	0.4324089107439405	0.42558954634439394	0.9911763147947034	0.2250681346082099	1.032920788747183	3.0961264855588975	0.22772320745716834	0.8461345841037538	6.163957900398064	0.3186401163993724	0.20607960450952884	0.20541262441376543	0.2698676546773334	0.6584125943751803	72.02440960021096	-841.550573017356	6.703121499418045E-4	0.363922888593424	6.601427772297477E-4	1.4310821398913055E-7	0.5711676272228267
26800000	-9541.018864599924	-8692.139991750506	-848.8788728494187	-8535.395127915646	54.959568568831514	764.9248380269834	0.11442481291755435	0.4583739738931748	0.6057614801240844	3.27605969347013	1.0250058240997943	1.1839528435558524	0.37652373798178485	0.26104485031925234	4.9157324057236	1.6427884584025634	0.7991767009125886	0.4583739738931748	0.6057614801240844	3.27605969347013	1.0250058240997943	1.1839528435558524	0.37652373798178485	0.26104485031925234	4.9157324057236	1.6427884584025634	0.7991767009125886	5.99416062886559	0.2988360380974704	0.2106621214267989	0.20161766858602942	0.28888417188970134	0.45543770962497815	67.16028108349882	-833.7430553442653	7.769759245298191E-4	0.4020640249899722	7.083021233793566E-4	9.027652755044113E-8	0.38984160460196504
26900000	-9510.176981996086	-8687.42884988617	-822.7481321099168	-8525.959916457527	48.13485232687115	692.4624464852803	0.10038630059905099	0.286950410700018	0.40058209541717954	0.5697663687578975	0.3137384468300766	1.3316155129684057	0.47998022250558103	0.05592680839518235	3.434230078326215	0.8055826635441107	0.3018752612842413	0.286950410700018	0.40058209541717954	0.5697663687578975	0.3137384468300766	1.3316155129684057	0.47998022250558103	0.05592680839518235	3.434230078326215	0.8055826635441107	0.3018752612842413	7.455858369220924	0.2883832998791818	0.20789405760029328	0.2148384706308236	0.28888417188970134	0.41831737897072313	59.11729285312568	-813.8747041671593	8.450810484983204E-4	0.3741214367285219	8.115149037640193E-4	1.1766716782464273E-7	0.407790790220523
27000000	-9529.977829283747	-8689.003549054487	-840.9742802292604	-8527.313334664374	47.24170233822026	705.3539212439681	0.1555866847855201	0.2554772485920499	0.3011753284481076	1.221239537598631	0.1925700671080217	1.3469946570029248	0.9804472907102746	0.05271122735964795	4.4640494163301865	0.13179903027518108	0.7967706157941092	0.2554772485920499	0.3011753284481076	1.221239537598631	0.1925700671080217	1.3469946570029248	0.9804472907102746	0.05271122735964795	4.4640494163301865	0.13179903027518108	0.7967706157941092	5.833239918461839	0.29965827563491954	0.22199838350978449	0.20229660307883618	0.2760467377764598	0.48734773414456795	68.19742518212753	-831.3724997507315	8.348766526806167E-4	0.27027224995449517	8.307450208088652E-4	5.547453362593929E-8	0.28151828088266784
27100000	-9508.224666798382	-8684.080891799318	-824.1437749990636	-8525.421129274939	47.13457286165582	634.5578924250634	0.09848905487217326	0.18469651715161048	0.23108573240968075	0.5167859610340377	1.332477701093626	1.3026836943810285	0.001332208289798699	0.2110381197414948	2.178963453248817	0.2413540309781982	0.47622233616525567	0.18469651715161048	0.23108573240968075	0.5167859610340377	1.332477701093626	1.3026836943810285	0.001332208289798699	0.2110381197414948	2.178963453248817	0.2413540309781982	0.47622233616525567	6.381455238000017	0.29917850232973675	0.21001747262376363	0.2167034539832068	0.2741005710632928	0.4936201392190907	66.91885672708194	-816.113300497515	8.395695854778677E-4	0.5127441999113831	8.483313154135496E-4	2.9072448210382194E-7	0.6198052488075921
27200000	-9544.038343756456	-8699.331246029853	-844.707097726603	-8532.727872069428	45.06303277385247	713.9697483266834	0.23152080298121547	1.8407810457985352	0.023409736384893614	0.6021829649772904	1.018738813115443	1.1328762244850472	0.723797736724017	0.20276689928754207	4.251335366902566	0.0367937702605641	0.3536691553540122	1.8407810457985352	0.023409736384893614	0.6021829649772904	1.018738813115443	1.1328762244850472	0.723797736724017	0.20276689928754207	4.251335366902566	0.0367937702605641	0.3536691553540122	5.5060210935266145	0.2851341587640535	0.2076843492968913	0.22756456657572557	0.2796169253633296	0.5288512858123418	61.49640411882992	-834.7779444903575	8.223040329854903E-4	0.36276537700448463	7.744780658899915E-4	8.273714768448952E-8	0.3576621646367863
27300000	-9532.577141573089	-8703.440934333838	-829.1362072392508	-8541.489612144767	45.923200022832695	684.3047310816194	0.11339313712618518	0.27257040314708364	0.16274013876844176	0.4314364698311135	0.21858712548832904	0.7400883972534598	2.0145715961443535	0.07456258559755718	2.4590059042407946	0.11538731847312904	0.07466557772947267	0.27257040314708364	0.16274013876844176	0.4314364698311135	0.21858712548832904	0.7400883972534598	2.0145715961443535	0.07456258559755718	2.4590059042407946	0.11538731847312904	0.07466557772947267	6.159683698140196	0.2883607218472334	0.2070962753104513	0.21851052165458593	0.28603248118772945	0.5404354791866811	64.77976929841464	-822.4512780648499	8.229930840365361E-4	0.2523369584826324	8.270990230466407E-4	4.8481773054358836E-8	0.26716458019630207
27400000	-9491.692627677337	-8668.07117661103	-823.6214510663076	-8505.253750398986	47.58037903433441	661.9518111965673	0.1349687893927064	0.14830336976369002	0.0932541265007821	0.11670843794216891	1.138813901177108	0.1638342591187453	2.940719520280748	0.8678991957294265	3.3625996558735407	0.6793494349981837	0.15400495103101094	0.14830336976369002	0.0932541265007821	0.11670843794216891	1.138813901177108	0.1638342591187453	2.940719520280748	0.8678991957294265	3.3625996558735407	0.6793494349981837	0.15400495103101094	7.429859007234627	0.28577499705074294	0.22122268851300642	0.214793389218841	0.2782089252174097	0.3958690445273381	57.628272384742054	-812.4339036059762	8.579413701596881E-4	0.6583356323658931	8.30594985249336E-4	3.6656733974542935E-7	0.7056729715504676
27500000	-9540.088768906004	-8678.116840149543	-861.9719287564604	-8502.75214794395	48.57464835374208	776.6362980114297	0.13167904392362237	0.4858610396129198	0.04197527190976393	0.0642729155384646	3.1268686762725455	1.7944813300540232	1.5286705137002354	0.05248509574763945	2.3111665242313877	0.37386175915376035	0.14423265028764953	0.4858610396129198	0.04197527190976393	0.0642729155384646	3.1268686762725455	1.7944813300540232	1.5286705137002354	0.05248509574763945	2.3111665242313877	0.37386175915376035	0.14423265028764953	7.045424926656842	0.2989149180069068	0.2080827675568426	0.214793389218841	0.2782089252174097	0.509604080281742	71.69816704652638	-851.2952924761927	7.791715926411336E-4	0.39266576902507144	7.608541917035195E-4	1.040898458453796E-7	0.4174962483846802
27600000	-9496.910005640375	-8673.797715430166	-823.1122902102092	-8512.057776464591	50.150608784607805	671.679912400577	0.11649293101281219	1.2203551355543725	0.2073068974307105	0.7370220468531449	0.6713401716485435	1.0213488618484903	1.830931085153039	0.009907558070729324	2.8633623152511825	0.2635430480322526	0.5689805050954888	1.2203551355543725	0.2073068974307105	0.7370220468531449	0.6713401716485435	1.0213488618484903	1.830931085153039	0.009907558070729324	2.8633623152511825	0.2635430480322526	0.5689805050954888	7.21436111531807	0.28497814346743894	0.20934159883217313	0.2148343486110174	0.29084590908937047	0.429452445200696	55.36088995726091	-812.3067128926451	8.73889124898639E-4	0.5783517688371046	8.505178710698639E-4	2.7107311238506024E-7	0.5755091246669874
27700000	-9516.28395182758	-8688.396021632581	-827.8879301949975	-8522.792937976736	47.89627779978615	689.6315911672393	0.19694098050979558	1.0641763550589611	0.05369994075544196	0.43171109396733615	0.26174950940032676	0.49459355388380355	1.0204068117581733	0.06627850879991928	2.7053379999604683	0.3235710663873841	0.12271076029900364	1.0641763550589611	0.05369994075544196	0.43171109396733615	0.26174950940032676	0.49459355388380355	1.0204068117581733	0.06627850879991928	2.7053379999604683	0.3235710663873841	0.12271076029900364	7.323087454915407	0.31535085646780137	0.20674305136424914	0.19799551394955867	0.2799105782183907	0.5282783738766292	50.051208187359485	-820.9843376287813	7.840319580550251E-4	0.4235610586607868	7.944939160736847E-4	1.8439755910621962E-7	0.5368223358821224
27800000	-9479.894061886276	-8675.376823013929	-804.5172388723468	-8511.37307088332	45.74703067912447	621.6340696718464	0.17173422872048344	0.5201993615554035	0.06240166107103643	0.7836191825122519	0.28179447756865317	3.1476940923490178	1.9198092160035816	0.1375044085726624	5.868334733141144	0.30174184385293334	0.7815683865561698	0.5201993615554035	0.06240166107103643	0.7836191825122519	0.28179447756865317	3.1476940923490178	1.9198092160035816	0.1375044085726624	5.868334733141144	0.30174184385293334	0.7815683865561698	8.572847975074838	0.29487158774650835	0.21881045902424143	0.20640737501085935	0.2799105782183907	0.4620356154845058	39.94028753169297	-789.5232952956502	9.035272038981779E-4	0.5995850373511926	8.513295336833745E-4	2.2315530291014934E-7	0.5213006098683283
27900000	-9481.79014608999	-8653.634121243143	-828.1560248468461	-8488.107597644652	42.45807806860286	639.3713422355802	0.22880722163168277	0.03942654468202983	0.19812214563507133	0.9164284079719587	1.3500617429638002	0.6418018002027888	0.9847244610468775	1.460695685561395	2.410075486476853	0.13726229420335645	1.9213087924567036	0.03942654468202983	0.19812214563507133	0.9164284079719587	1.3500617429638002	0.6418018002027888	0.9847244610468775	1.460695685561395	2.410075486476853	0.13726229420335645	1.9213087924567036	6.053996592860617	0.2945766655092917	0.20369595455820344	0.2175934041921368	0.28413397574036797	0.6054435867856188	61.990563834746474	-816.8360158576925	9.157784593259447E-4	0.6620660000165758	8.890311447674349E-4	2.7496182685671816E-7	0.5847464926196028
28000000	-9471.78327397909	-8664.599154137077	-807.1841198420137	-8498.85306064737	39.613056408143535	589.2847207872816	0.17847810686775895	0.6728815399783123	0.014834077874077874	0.5232539779525976	0.6212267107031935	1.0609268289673246	0.6314661448486276	0.5740213938473653	1.9072117832869189	0.4736956954561154	0.24541708671785062	0.6728815399783123	0.014834077874077874	0.5232539779525976	0.6212267107031935	1.0609268289673246	0.6314661448486276	0.5740213938473653	1.9072117832869189	0.4736956954561154	0.24541708671785062	6.46094213797921	0.28036687889432693	0.2179057411731682	0.2175934041921368	0.28413397574036797	0.45463736134724186	58.79485438213784	-800.451579016895	8.804485168687644E-4	0.3292655524952979	9.725587028501835E-4	2.734351462087846E-7	0.5717759908641202
28100000	-9488.942396506187	-8663.694546227713	-825.2478502784751	-8504.659028823778	45.92830904491933	639.7144979699294	0.13219153307261045	1.2510959476878243	0.019624802690422934	0.9761591531525724	0.09674271963232671	0.4927521737141151	1.5462762048841359	0.04783703634860978	3.193790396887372	0.3493565322167142	0.15449449027780524	1.2510959476878243	0.019624802690422934	0.9761591531525724	0.09674271963232671	0.4927521737141151	1.5462762048841359	0.04783703634860978	3.193790396887372	0.3493565322167142	0.15449449027780524	6.05283923242135	0.2827228562021861	0.20580109055905954	0.22122493729411133	0.29025111594464287	0.4656374265071155	56.95678244142805	-816.4705431361892	8.365100009658642E-4	0.4781662406446082	8.289387983159856E-4	1.9976513515267123E-7	0.5324822212050698
28200000	-9558.159672142378	-8710.63098375008	-847.528688392298	-8545.690774196815	52.15128326269969	772.145142449491	0.17023021612607486	0.1103312159906514	0.15604754653322694	0.03711818157159355	0.5750523477547882	0.36602081596990776	1.75626097674152	0.8754425524932941	2.7174934148812966	0.7900088649586546	0.6336446452030249	0.1103312159906514	0.15604754653322694	0.03711818157159355	0.5750523477547882	0.36602081596990776	1.75626097674152	0.8754425524932941	2.7174934148812966	0.7900088649586546	0.6336446452030249	6.707191549458256	0.30266517721476344	0.21156364514438336	0.20258278128400156	0.28318839635685145	0.4360151520701524	63.76208086932438	-839.8830811077102	7.536535936766794E-4	0.24142231534854325	7.322359577839387E-4	3.43430871226611E-8	0.2503922262690908
28300000	-9510.329492896908	-8681.599878141451	-828.7296147554573	-8518.444854890471	42.77581515837139	660.8016860810277	0.18222059958205844	0.47614728854058697	0.35887542241982406	0.31083979849792226	1.602826006395511	1.4742297347922495	0.1471244726037772	0.3305074950750097	5.211138613649889	0.19767096926094627	2.2627392643955706	0.47614728854058697	0.35887542241982406	0.31083979849792226	1.602826006395511	1.4742297347922495	0.1471244726037772	0.3305074950750097	5.211138613649889	0.19767096926094627	2.2627392643955706	5.401699388530724	0.31462521001161853	0.19739006235026368	0.21393924016470134	0.2740454874734163	0.48636395224524615	60.10208617115417	-816.1759911418906	8.743809137882368E-4	0.4080165322588465	8.299174088983355E-4	5.6491326305837906E-8	0.283863262142066
28400000	-9488.151013822997	-8669.408407170491	-818.742606652505	-8503.701756432452	53.282406560620764	687.9580604317741	0.20401614015998087	0.18058971294908682	0.028471930296520693	0.025091367719507606	1.8672049589448692	0.8491058450615071	1.0310010619973993	0.4649531251673392	2.1490445836834184	0.12327150990726381	0.3618087084946762	0.18058971294908682	0.028471930296520693	0.025091367719507606	1.8672049589448692	0.8491058450615071	1.0310010619973993	0.4649531251673392	2.1490445836834184	0.12327150990726381	0.3618087084946762	7.550966077288315	0.3073062135240933	0.201983407848927	0.21666489115356327	0.2740454874734163	0.4078347004055122	55.19142148544665	-810.9113308574966	9.237673313305003E-4	0.4726580883466347	7.833553285410155E-4	1.8212042771963242E-7	0.4864297230134666
28500000	-9484.545573494439	-8664.198488038197	-820.3470854562419	-8500.716853908632	56.59039234266443	699.1736167285598	0.1443214252329156	0.019902077650495467	0.09750683956518369	0.09783757513020516	2.2575314297648026	0.6643771945879089	1.0135211212309532	0.035330421023631785	3.032718448362671	0.4832447694198917	0.9954571536463294	0.019902077650495467	0.09750683956518369	0.09783757513020516	2.2575314297648026	0.6643771945879089	1.0135211212309532	0.035330421023631785	3.032718448362671	0.4832447694198917	0.9954571536463294	5.9318553751999685	0.2827435273339742	0.2242869309030202	0.2174843051364574	0.27548523662654806	0.5153815415006674	54.855965295575956	-810.7702087945578	8.52466170168244E-4	0.5777684252132559	8.201437802413834E-4	2.369203786642974E-7	0.5510673638534958
28600000	-9440.936004573978	-8677.362058048953	-763.5739465250243	-8516.379989016805	45.76787450129897	520.9210789005757	0.23710467610624666	0.08527192090732709	0.1328541317899623	0.2326478676826545	1.9645458036053354	0.3948235903715551	2.7749771456343706	0.8574342289756107	3.834674247456181	0.8447636989237642	0.36037913845464686	0.08527192090732709	0.1328541317899623	0.2326478676826545	1.9645458036053354	0.3948235903715551	2.7749771456343706	0.8574342289756107	3.834674247456181	0.8447636989237642	0.36037913845464686	6.388418733280827	0.29517969620699325	0.21845874149376307	0.2126139911144268	0.27374757118481674	0.4781606882752508	36.0830810421538	-750.7777485635552	0.0013021274033937975	0.6720691025659575	0.0011082894091809072	4.993444176205834E-7	0.5816670582993301
28700000	-9456.245693723664	-8656.906902111217	-799.3387916124461	-8489.093653504056	44.855940262404246	597.6360551322388	0.1370297871165421	0.08100275643709615	0.5054218138306971	0.27749068228965873	1.3392419123643964	0.9182732388852916	0.6741162481584829	0.20513549923040955	2.9613670296741192	0.6359084097389707	0.2487837886710994	0.08100275643709615	0.5054218138306971	0.27749068228965873	1.3392419123643964	0.9182732388852916	0.6741162481584829	0.20513549923040955	2.9613670296741192	0.6359084097389707	0.2487837886710994	5.755594398398196	0.2964488349785092	0.2001606195659832	0.20908140676801532	0.29430913868749214	0.4773331193407527	52.444993061312616	-790.6157591477687	9.195992247868493E-4	0.529178670862154	9.392202963957046E-4	2.399589321170178E-7	0.5552452845604736
28800000	-9491.841136853302	-8682.505801936954	-809.335334916348	-8519.150951772152	38.97452812973491	572.27953489096	0.1206044017964721	1.1669328002547512	1.0065586099995651	0.09225417388481698	0.7737567470841014	0.35158982601962147	1.312938632967822	0.06801360829415311	2.7367058304092353	0.6113535092389398	0.0024039063620785216	1.1669328002547512	1.0065586099995651	0.09225417388481698	0.7737567470841014	0.35158982601962147	1.312938632967822	0.06801360829415311	2.7367058304092353	0.6113535092389398	0.0024039063620785216	6.008906918619059	0.3007450015969663	0.2170182702460702	0.21643494631635862	0.26580178184060477	0.6740413471380933	50.34321623921126	-800.0599240927814	0.0010861911247543926	0.4505813146176721	0.001027661813536317	2.3513575534038393E-7	0.4641549005363653
28900000	-9490.916219613684	-8672.934461307112	-817.981758306572	-8501.821869302072	45.50947689898118	644.3912297620224	0.2786706674471921	0.4719461562655003	0.09454819976998387	0.9476731121675503	1.8696849412438734	0.36246287603089383	0.38653042591552883	0.02090969268791809	1.2896307894413195	0.15268017174805512	0.7882770606216913	0.4719461562655003	0.09454819976998387	0.9476731121675503	1.8696849412438734	0.36246287603089383	0.38653042591552883	0.02090969268791809	1.2896307894413195	0.15268017174805512	0.7882770606216913	5.756970012215714	0.2935124937462497	0.20100262979954817	0.2265582693218595	0.27892660713234263	0.47451394071738906	56.540842571269614	-811.4232693998022	8.471333861569455E-4	0.5037440581166044	8.650395229688694E-4	1.819256001676335E-7	0.49633969364590697
29000000	-9557.24799800713	-8705.694063042158	-851.5539349649717	-8545.888479086638	46.40124908766187	675.5873141109282	0.11857980872885125	1.1725280144104508	0.21321523258906466	1.466891700152427	2.3289403544413125	1.4544578195586468	0.7830303024530801	0.001254534134182729	4.517240544219647	1.0914477525514645	2.5224153887026795	1.1725280144104508	0.21321523258906466	1.466891700152427	2.3289403544413125	1.4544578195586468	0.7830303024530801	0.001254534134182729	4.517240544219647	1.0914477525514645	2.5224153887026795	6.03913627045954	0.2916855610087237	0.2168433300489814	0.21215795883110597	0.2793131501111889	0.7368240262112877	57.003911580195215	-835.2774038238947	8.606261962107038E-4	0.38737091093034826	8.894235073032735E-4	1.1086825857371032E-7	0.39294513108321666
29100000	-9529.64090508612	-8693.79525878555	-835.845646300569	-8534.665960832011	48.52704378187136	704.624246056837	0.1664274934444532	0.10961252002874276	0.03239383645625154	1.2155687159516184	0.9005641726569349	1.371652520783077	0.11246937411751494	0.46697632329648553	5.429914203782396	0.45110892359170107	0.2472044789452115	0.10961252002874276	0.03239383645625154	1.2155687159516184	0.9005641726569349	1.371652520783077	0.11246937411751494	0.46697632329648553	5.429914203782396	0.45110892359170107	0.2472044789452115	5.832445089998162	0.304356573242307	0.2041723178153981	0.21215795883110597	0.2793131501111889	0.47854634757326264	65.42850421443033	-825.7673412674693	7.859836253422548E-4	0.28343939319090916	7.895661271877816E-4	7.739626630833581E-8	0.34658242536649936
29200000	-9514.900135847516	-8670.443080539544	-844.4570553079722	-8503.082979609677	54.04081736298189	751.1393513673581	0.11089368961250855	0.35140784066974634	0.21548042084645117	0.19273582269602538	2.830605528349889	1.1072859977462244	0.6836420051804386	0.3854324319990414	3.264727348306865	1.075597524068241	0.09657068832655291	0.35140784066974634	0.21548042084645117	0.19273582269602538	2.830605528349889	1.1072859977462244	0.6836420051804386	0.3854324319990414	3.264727348306865	1.075597524068241	0.09657068832655291	5.518136246829483	0.2966332675559213	0.22147232476061107	0.22147039622291886	0.2604240114605488	0.6075627247482059	67.66269705245688	-833.8110343345177	7.33407579219597E-4	0.3933913019232247	7.53548914959219E-4	7.28295576148296E-8	0.36467357029843006
29300000	-9515.813352744126	-8691.389599613332	-824.4237531307939	-8530.760665239617	44.49569978199621	644.9426239648598	0.1506313423702785	0.12084312211545448	0.0812763875779837	0.6475533101070163	0.28841550066488536	0.6248580078616138	1.1321703488567787	0.535675927013006	3.870597859594315	0.3582198457767267	0.37819182585073213	0.12084312211545448	0.0812763875779837	0.6475533101070163	0.28841550066488536	0.6248580078616138	1.1321703488567787	0.535675927013006	3.870597859594315	0.3582198457767267	0.37819182585073213	6.696756523139627	0.28456748497508083	0.21242635491648143	0.2058955642540502	0.2971105958543875	0.5399769815911103	59.2517484978082	-815.629131360164	8.354949897028609E-4	0.4574736671499508	8.578455295119153E-4	1.4974703195411443E-7	0.4543337835920864
29400000	-9466.165647318725	-8653.903409586335	-812.2622377323888	-8493.066495318842	46.24584884432804	646.7018298130972	0.16004657912802636	0.09946417561575399	0.02592940124733215	0.1568191030349034	0.25338799756752733	0.30718910800993576	0.36398107455654766	0.06206135833994985	3.2050539837505103	0.2890658974890159	0.6223622889659486	0.09946417561575399	0.02592940124733215	0.1568191030349034	0.25338799756752733	0.30718910800993576	0.36398107455654766	0.06206135833994985	3.2050539837505103	0.2890658974890159	0.6223622889659486	6.899642064138156	0.298152922770755	0.22202334548578034	0.203204649132227	0.2766190826112376	0.43261948722051685	53.866360671595366	-805.9322475029417	8.429629112948216E-4	0.5705595595384846	8.114192215157914E-4	2.353437141934179E-7	0.5853542901977871
29500000	-9499.480848572233	-8669.271803084293	-830.2090454879402	-8507.231918965426	46.688756423316065	695.2594165476974	0.17011246084118922	0.4297115201456828	0.4058047836707574	1.289212825620754	2.8528296989515787	1.5086243205493783	0.05377519660150683	0.3037252588260772	4.985418800898256	1.0815386045971693	1.00146818557034	0.4297115201456828	0.4058047836707574	1.289212825620754	2.8528296989515787	1.5086243205493783	0.05377519660150683	0.3037252588260772	4.985418800898256	1.0815386045971693	1.00146818557034	6.019530078078872	0.2886192171285618	0.20677280517864222	0.219688499326398	0.28491947836639786	0.4735836393586344	55.01522535123782	-816.6481670702508	8.009796763521294E-4	0.299987288271725	7.720001981642671E-4	1.5979082069330752E-7	0.4916206376931903
29600000	-9511.78961711124	-8682.200264431704	-829.5893526795368	-8518.913380255724	51.17829990765402	676.2503208202845	0.14848050440792965	1.2012812416900351	0.045785946906316606	2.414677113961828	1.6640603664330358	0.9716954770046855	1.9725082491387775	0.7440656144869265	3.930366007869372	0.8542324487033722	0.417832893674805	1.2012812416900351	0.045785946906316606	2.414677113961828	1.6640603664330358	0.9716954770046855	1.9725082491387775	0.7440656144869265	3.930366007869372	0.8542324487033722	0.417832893674805	5.500072572655586	0.2964316853125446	0.21326719812825848	0.219688499326398	0.27061261723279884	0.5445122571207018	60.91691974634045	-814.9908850021096	9.009725549783653E-4	0.4039956654345892	8.584378707674699E-4	1.711873712643545E-7	0.4795931366209966
29700000	-9490.152809891808	-8665.82087125013	-824.3319386416784	-8508.807492683913	57.40424832208739	700.5775371348927	0.17764734292507536	0.029483147014490247	0.10823742928488972	0.41768214462040254	0.3032935805356042	1.0265177032498196	0.6474655380528007	0.12282237771495128	2.4218347333445043	0.09077316291890948	0.3308083817504298	0.029483147014490247	0.10823742928488972	0.41768214462040254	0.3032935805356042	1.0265177032498196	0.6474655380528007	0.12282237771495128	2.4218347333445043	0.09077316291890948	0.3308083817504298	6.420750147696018	0.2964316853125446	0.21326719812825848	0.2196818857615403	0.2706192307976566	0.4849247018208958	56.07299724504569	-818.4144696311383	8.493157950644435E-4	0.45513952514532463	7.846900123752717E-4	1.9842518511904732E-7	0.5219568370713381
29800000	-9522.990244200331	-8703.262147885533	-819.7280963147994	-8540.59661575079	43.53532636921577	665.1904755811083	0.17911727359017626	0.016616075162880398	0.03677905359964463	0.1892354384875199	0.5240466990182843	0.26396065315491485	1.1032732419271065	0.1772410436195265	1.4719491971485794	0.08869045803648522	0.25276040373866676	0.016616075162880398	0.03677905359964463	0.1892354384875199	0.5240466990182843	0.26396065315491485	1.1032732419271065	0.1772410436195265	1.4719491971485794	0.08869045803648522	0.25276040373866676	6.167990145212427	0.29647760711123045	0.2244941680917128	0.205793799618813	0.2732344251782437	0.5212869480263116	58.30840642460551	-815.6612610874079	9.20826134010659E-4	0.2919920495426339	8.652312651943297E-4	1.5677987583111858E-7	0.4315755531448406
29900000	-9508.175847160835	-8678.90037516121	-829.275471999624	-8514.532156081128	51.17549624550864	694.5722460684029	0.17827131799263918	0.10447197349059777	0.08181040150687213	0.7261275706372805	1.5582957705103937	0.949516856444396	7.94888292162908E-4	0.88111861618663	1.8901464371157948	0.12046782897188138	3.0676008664271874	0.10447197349059777	0.08181040150687213	0.7261275706372805	1.5582957705103937	0.949516856444396	7.94888292162908E-4	0.88111861618663	1.8901464371157948	0.12046782897188138	3.0676008664271874	5.956963440338123	0.3027300292093417	0.2094274544085334	0.2143972872996458	0.27344522908247904	0.4753163865384635	57.07599191183405	-819.155153575295	9.930767250260451E-4	0.49131459369298314	8.661681190361147E-4	2.8022154348324806E-7	0.5582963078441042
30000000	-9511.83184526404	-8688.202718427796	-823.6291268362442	-8519.273438097724	42.52271362512674	642.8812877005474	0.23491011252090374	0.3742952346218723	0.3078652484110945	1.377446099743625	0.007036535984603247	1.470216627179237	1.6452167725284428	1.3222725419933437	2.614457233343749	0.23571850789627047	0.7169076907589846	0.3742952346218723	0.3078652484110945	1.377446099743625	0.007036535984603247	1.470216627179237	1.6452167725284428	1.3222725419933437	2.614457233343749	0.23571850789627047	0.7169076907589846	6.923076307932407	0.2913921933275201	0.22208627127792233	0.20361463465803883	0.2829069007365187	0.6752232910222624	65.59056669870154	-812.605186479099	9.315434524507023E-4	0.47518544685096015	9.045724795930864E-4	2.1821418454722003E-7	0.49859450360157426
30100000	-9519.250158574556	-8687.523889150396	-831.7262694241605	-8524.767704088985	44.178431087426205	659.8060303730268	0.11621858216462089	0.29572606312658917	0.2342217994691491	0.4474099648611842	0.7760531068746556	3.242851651890847	2.5288560759127217	0.4714131834970558	6.3074383614875	0.7987690046512911	1.3004712809608827	0.29572606312658917	0.2342217994691491	0.4474099648611842	0.7760531068746556	3.242851651890847	2.5288560759127217	0.4714131834970558	6.3074383614875	0.7987690046512911	1.3004712809608827	7.1749230008809555	0.282747789019423	0.21914898419153664	0.22244328624730358	0.27565994054173665	0.45097537942001675	61.253664992468046	-814.8520212957169	7.544102656742507E-4	0.3660980722300864	7.984029380272755E-4	6.923718557027816E-8	0.34345131092421516
30200000	-9525.044595323543	-8697.063135745979	-827.9814595775646	-8538.241588476063	47.79956449255499	671.422300029437	0.1355993608253567	0.8597988056263453	1.1359271665269293	0.28701242116970443	1.0345386335386446	0.7620632730506233	2.599598547354534	0.059988403055404815	3.3057376902625233	0.38981682901342724	0.35812819133494755	0.8597988056263453	1.1359271665269293	0.28701242116970443	1.0345386335386446	0.7620632730506233	2.599598547354534	0.059988403055404815	3.3057376902625233	0.38981682901342724	0.35812819133494755	7.209113086947806	0.3017299252144677	0.22069805746454943	0.20132465650894937	0.2762473608120333	0.5353726748312332	54.181769550081285	-816.0606044305121	8.859971431821633E-4	0.5028991030921963	8.540637582780946E-4	1.317422838517092E-7	0.4234294482295318
30300000	-9491.788236694003	-8669.182491315245	-822.6057453787575	-8515.326658759957	54.81446026760811	700.0115818057488	0.14013866131179242	0.1545211259195962	0.05756220471389475	0.5371117475394044	0.45553166647844723	1.0426840214555884	0.20426702187801973	0.03564798732771224	2.5246363263679736	0.7292760154776452	0.425162338610252	0.1545211259195962	0.05756220471389475	0.5371117475394044	0.45553166647844723	1.0426840214555884	0.20426702187801973	0.03564798732771224	2.5246363263679736	0.7292760154776452	0.425162338610252	5.356506462683892	0.2967257570417564	0.21801312223076424	0.21439205678173498	0.27086906394574417	0.4275886721539568	64.06533191912486	-815.1143008995289	8.701286374435746E-4	0.7078316234369689	7.231871094811373E-4	3.92828714685923E-7	0.7600170501995198
30400000	-9494.781793037913	-8679.01969311441	-815.7620999235038	-8505.900440666182	53.572723572973864	675.3938812586601	0.1650892175451567	0.09683579427661536	0.0708016347117017	0.7288343360792691	0.0668345866485081	1.043101834366949	0.09260817534461066	0.07525602193927598	4.228757240303974	0.14625234021381558	0.13583351917713227	0.09683579427661536	0.0708016347117017	0.7288343360792691	0.0668345866485081	1.043101834366949	0.09260817534461066	0.07525602193927598	4.228757240303974	0.14625234021381558	0.13583351917713227	6.035861146336968	0.29320914710617096	0.21801312223076424	0.21439205678173498	0.2743856738813296	0.4167094277999413	58.72334074299828	-808.3026116755657	9.19435246178757E-4	0.5354762485927532	8.011372231958844E-4	3.924964996422052E-7	0.7352197156685948
30500000	-9518.813473187698	-8695.53364724524	-823.2798259424578	-8531.513919614687	44.896116797815296	647.9891511127134	0.22899319267279586	0.2694221579278748	0.008749029586833148	0.25606175261724706	0.6617280825057509	0.8606015172536495	0.16110029763999387	0.7023341216938461	3.8854424958927343	0.5166492012162864	1.1820017882332992	0.2694221579278748	0.008749029586833148	0.25606175261724706	0.6617280825057509	0.8606015172536495	0.16110029763999387	0.7023341216938461	3.8854424958927343	0.5166492012162864	1.1820017882332992	6.1752826430588685	0.3035286800823449	0.20769358925459033	0.21439205678173498	0.2743856738813296	0.4736545902393729	57.19543921002166	-815.2157491523981	8.399224758192885E-4	0.2851269854253212	8.035239491605186E-4	3.508439027957224E-7	0.7188424418428612
30600000	-9515.29481282226	-8701.23192717	-814.0628856522604	-8537.384214252004	49.408506814051584	667.2631517896377	0.20147115170303856	0.17186564649569167	0.042677338393558105	0.4979109453627988	0.19707145132688708	0.059585230000693455	1.505430685300592	0.021329976574449638	1.990373642685657	0.12381076317071171	0.06747583947733295	0.17186564649569167	0.042677338393558105	0.4979109453627988	0.19707145132688708	0.059585230000693455	1.505430685300592	0.021329976574449638	1.990373642685657	0.12381076317071171	0.06747583947733295	5.7944097507498284	0.28836568843934474	0.21569419295875408	0.20150769065501906	0.29443242794688196	0.4620025997768054	54.783662781418265	-810.1724965060025	7.908844040643073E-4	0.24038901822414796	7.712168187520191E-4	3.8851434123610034E-8	0.25177540030188833
30700000	-9485.185333954145	-8671.432686626156	-813.7526473279889	-8505.518945038184	52.353771870474	656.6800127148128	0.18819441865772965	0.8915900250403882	0.006482694289483715	0.3592118923572997	1.8940880602745356	0.16187898625863734	1.9147048545104053	1.3986962555669715	4.616458054293501	0.2364706257994089	0.4872222094307288	0.8915900250403882	0.006482694289483715	0.3592118923572997	1.8940880602745356	0.16187898625863734	1.9147048545104053	1.3986962555669715	4.616458054293501	0.2364706257994089	0.4872222094307288	7.000764252788749	0.2891059996857179	0.2197592478268631	0.2229502197966698	0.26818453269074904	0.5416643409070702	50.45750445867903	-801.1682683526069	9.530659570782615E-4	0.45264043840255674	8.905837541127893E-4	1.0227965213946005E-7	0.33646641606662303
30800000	-9503.261052404396	-8702.410702393281	-800.850350011114	-8546.04981278727	52.72760126239053	617.2620089224063	0.13695593372581735	0.014394874917617009	0.00744073128064939	0.9702509616425128	0.3085593024172118	1.3809018604512506	0.9157861809384166	0.4242280211019894	4.291997255641708	0.36724907519641725	0.7912589856977283	0.014394874917617009	0.00744073128064939	0.9702509616425128	0.3085593024172118	1.3809018604512506	0.9157861809384166	0.4242280211019894	4.291997255641708	0.36724907519641725	0.7912589856977283	7.550466514818409	0.3116453648332345	0.21241008288059526	0.20029348473644418	0.2756510675497259	0.36267177757202024	43.27769862233528	-790.6161861663587	9.417568645432878E-4	0.4529147273760982	9.000627672873282E-4	2.074184766974566E-7	0.47400258677659524
30900000	-9488.32331523061	-8668.04857886938	-820.274736361228	-8496.419390224664	51.168845763198405	674.7282022611535	0.27467583873184237	0.15990865344390365	0.004393264513689703	0.6006160513680842	3.7402979711305293	1.365817043123436	0.10993510810419001	0.5259567792784926	2.13336729224834	0.4581972937889525	0.24234044122760026	0.15990865344390365	0.004393264513689703	0.6006160513680842	3.7402979711305293	1.365817043123436	0.10993510810419001	0.5259567792784926	2.13336729224834	0.4581972937889525	0.24234044122760026	5.817780445378215	0.29552158980166315	0.20178478276716325	0.22704255988144756	0.2756510675497259	0.5037816687043809	48.19806101382153	-810.7624860442437	8.652165354955826E-4	0.5247689632527256	8.203415273826727E-4	2.1186672879490217E-7	0.5415551794384322
31000000	-9467.609332037486	-8667.6908856097	-799.9184464277856	-8509.322265964576	52.429561137810296	652.7969334077148	0.14480480218015254	0.5483097519413307	0.10194854232845074	0.2632782295039222	0.0028829341612259525	0.7196625899248269	0.9857931207243508	0.38179729920403477	3.9551727907970253	0.46073738983199497	0.17153714390319366	0.5483097519413307	0.10194854232845074	0.2632782295039222	0.0028829341612259525	0.7196625899248269	0.9857931207243508	0.38179729920403477	3.9551727907970253	0.46073738983199497	0.17153714390319366	6.69051349145009	0.30840644250819504	0.21066503441532752	0.19800464665644577	0.28292387642003153	0.5237231212640527	43.18450776542419	-791.2478138125691	8.953266381966101E-4	0.589080576371314	7.760454725100669E-4	3.830741951178221E-7	0.6945894735310498
31100000	-9493.638793515078	-8685.402028781558	-808.2367647335195	-8519.23929763342	50.37794233574674	640.4031703224788	0.23906780296680102	0.10543320955506877	0.027576620189091395	1.2751840543844386	0.38762499323557514	0.39144172949964134	1.2896667036391405	2.7533187274799023	1.593950246034666	0.3450944239654303	0.0870101670102373	0.10543320955506877	0.027576620189091395	1.2751840543844386	0.38762499323557514	0.39144172949964134	1.2896667036391405	2.7533187274799023	1.593950246034666	0.3450944239654303	0.0870101670102373	5.824441141582423	0.28121026664605625	0.21042952584997832	0.2165911990857635	0.2917690084182018	0.5239213520124597	54.777977778616545	-799.8419428785438	8.790544918918469E-4	0.44796523706202335	8.694933863068412E-4	2.787173734145677E-7	0.5960544605358851
31200000	-9469.695086851629	-8662.456332703296	-807.2387541483338	-8500.977761489346	51.917453360206906	671.7298463114508	0.13534661510923623	0.12382182775158256	0.015976291418474967	0.9451895226029622	0.3306407418972094	1.0406128112097965	0.01548374061750398	0.058123342735076716	3.5135426155730958	0.38411837043277747	1.0461854259687107	0.12382182775158256	0.015976291418474967	0.9451895226029622	0.3306407418972094	1.0406128112097965	0.01548374061750398	0.058123342735076716	3.5135426155730958	0.38411837043277747	1.0461854259687107	6.352974720684747	0.30468427636694095	0.19527481891177748	0.20588007951133108	0.2941608252099504	0.4719402717467095	54.81454008617927	-798.4158807096619	9.083454362688152E-4	0.6033837899634417	7.926880045604651E-4	3.9118148932577336E-7	0.6981396437453912
31300000	-9497.002239783576	-8667.08947289123	-829.9127668923473	-8500.82096558158	46.45729008971727	672.2197080924691	0.20560936182030198	1.7275856435287043	0.2155985001517211	1.382404656738376	1.1030428235556975	0.7388986173548573	0.13246270940990854	1.8224845877903948	2.994005147498849	0.15489831130327356	0.16526970141829714	1.7275856435287043	0.2155985001517211	1.382404656738376	1.1030428235556975	0.7388986173548573	0.13246270940990854	1.8224845877903948	2.994005147498849	0.15489831130327356	0.16526970141829714	5.889822742107023	0.2980788566783778	0.21217851814646327	0.20588007951133108	0.28386254566382774	0.5329265716881946	62.67010164989165	-819.0299557288391	7.839753743360423E-4	0.5052149464050989	7.795582853668854E-4	2.795443206349703E-7	0.6473966375964422
31400000	-9519.861829060279	-8681.807530717278	-838.0542983429997	-8521.482646047596	52.288400587927924	695.1620435411465	0.16247908693565127	0.1874676916627579	0.819288911694725	4.265174114438394	0.7459975560737516	1.031896013854329	1.4271167378525544	0.25852844861101715	3.4372720765479463	0.12957305393411195	1.7089718284061755	0.1874676916627579	0.819288911694725	4.265174114438394	0.7459975560737516	1.031896013854329	1.4271167378525544	0.25852844861101715	3.4372720765479463	0.12957305393411195	1.7089718284061755	5.769387569727264	0.2980788566783778	0.20725679495422997	0.21080180270356438	0.28386254566382774	0.47922170658808466	56.97447640582667	-823.1913419806032	8.211936545337246E-4	0.6041631716804322	8.175354138392604E-4	2.829918163901874E-7	0.6642711924193804
31500000	-9527.620401035105	-8685.698812984767	-841.9215880503378	-8522.094001069478	59.18260328702566	791.5026962704985	0.12157694078259748	0.023932580191905896	0.06169190985118954	0.2323979232081344	0.9261922726256665	1.3668878479989017	0.5313268942949414	0.48201466885372696	3.0741214446125222	0.25573086868307987	0.8427697002086658	0.023932580191905896	0.06169190985118954	0.2323979232081344	0.9261922726256665	1.3668878479989017	0.5313268942949414	0.48201466885372696	3.0741214446125222	0.25573086868307987	0.8427697002086658	5.946534484138659	0.2789813934307614	0.20920037123125312	0.2132428296386074	0.298575405699378	0.5100055849504426	65.93686449608329	-834.1288364276535	7.121930735430834E-4	0.3032943572040318	7.044597899500195E-4	4.997591669016651E-8	0.30604037235287557
31600000	-9509.147066445381	-8692.52099004972	-816.6260763956609	-8525.849436727802	45.19518041143715	639.2936109162373	0.1623738604688831	1.4886431237948792	0.4020165811915834	0.9900833240779175	0.8966745746987075	0.25633595209896154	3.720849239547965	0.09479900827122319	3.900281540487841	0.787696676461315	0.6911207928728996	1.4886431237948792	0.4020165811915834	0.9900833240779175	0.8966745746987075	0.25633595209896154	3.720849239547965	0.09479900827122319	3.900281540487841	0.787696676461315	0.6911207928728996	7.711493940030624	0.2832842674511745	0.19972186269355058	0.20893995561819426	0.30805391423708056	0.46195273378321816	55.317077207759766	-802.5879305202155	8.974265540168911E-4	0.4217063863809099	8.331512089215503E-4	1.0800665018144655E-7	0.37183418785507166
31700000	-9509.959721786487	-8690.755717357264	-819.2040044292227	-8529.303787436053	45.143482909563915	639.8742631174027	0.16004809970987185	0.1285651314615802	0.006175111655785964	1.3102430787888923	0.7962863202588105	1.0984045189440959	0.7399224847445623	0.8829951611763962	2.9386885777655483	0.21171498586479978	0.7423086256981599	0.1285651314615802	0.006175111655785964	1.3102430787888923	0.7962863202588105	1.0984045189440959	0.7399224847445623	0.8829951611763962	2.9386885777655483	0.21171498586479978	0.7423086256981599	6.406316755975016	0.30201244553493756	0.21364596704756159	0.20600269804484805	0.2783388893726527	0.5102795739233097	61.72447025784679	-809.9935463512182	8.435208750466059E-4	0.37508893554931183	8.503275376928176E-4	1.0724834419063026E-7	0.39117437163776925
31800000	-9508.636887354964	-8689.557384679603	-819.079502675361	-8525.715550412306	47.657973006293176	682.9833221896853	0.12434787345880718	0.2402882575252134	0.008685837183769621	0.32525694488630763	0.8270738595631019	0.6850172186527326	1.2168296599018713	0.20548326863285446	2.0856651598229647	0.3846539144536754	0.09380917002723468	0.2402882575252134	0.008685837183769621	0.32525694488630763	0.8270738595631019	0.6850172186527326	1.2168296599018713	0.20548326863285446	2.0856651598229647	0.3846539144536754	0.09380917002723468	7.205706089735545	0.3007614404644815	0.2082683494967355	0.21256477828802894	0.278405431750754	0.45509772808271354	51.50993229652215	-812.4936568223127	8.679095553927751E-4	0.3598982651304374	8.143341859705464E-4	1.259814607442771E-7	0.4060720950850071
31900000	-9511.085301198456	-8674.390505801946	-836.6947953965106	-8518.22290796958	63.26120732302312	741.6555357375241	0.11605116546605439	1.0206472367609731	0.9439618289357663	0.07062469001061995	1.8211719562673077	1.2209388361080218	3.8583150680594027	0.00927217349416635	5.4310368993971085	0.6868950770980656	0.14658386287107006	1.0206472367609731	0.9439618289357663	0.07062469001061995	1.8211719562673077	1.2209388361080218	3.8583150680594027	0.00927217349416635	5.4310368993971085	0.6868950770980656	0.14658386287107006	7.155776577188529	0.30851316088412734	0.22646995645134982	0.20623004221376948	0.25878684045075334	0.5968798225218886	55.62932272385356	-820.2260962492613	8.044675738736383E-4	0.5261328245392103	7.612649693890714E-4	1.9561033852921226E-7	0.536706550843532
32000000	-9540.806938591882	-8698.217337545453	-842.5896010464296	-8525.033153144981	61.773241094492214	724.3557006051187	0.2673950491411941	3.3392199062410692	0.12744699910637616	1.9397207736314086	0.12107487072820633	1.717172043975532	2.4724196441766497	0.6732729555400327	2.9351415337842877	0.1918166908090574	0.208084577671502	3.3392199062410692	0.12744699910637616	1.9397207736314086	0.12107487072820633	1.717172043975532	2.4724196441766497	0.6732729555400327	2.9351415337842877	0.1918166908090574	0.208084577671502	6.503035639304014	0.30851316088412734	0.20685089502133988	0.19508096383891024	0.2895549802556225	0.5152870863460683	65.30595946916468	-827.9894834542056	7.647571975460861E-4	0.6114827860531454	7.516783751190425E-4	2.1984593683540888E-7	0.5932113390711593
32100000	-9525.00033102614	-8680.240979187	-844.7593518391411	-8524.348867069952	51.40049993389071	739.2555773481199	0.16718977918982147	1.1886053822886353	0.047078779563494606	1.0218056026186046	1.9290152352189054	1.9213559900208093	0.06732796730095811	0.16310857991876085	6.441124589737148	0.12145807759220004	1.984873116238896	1.1886053822886353	0.047078779563494606	1.0218056026186046	1.9290152352189054	1.9213559900208093	0.06732796730095811	0.16310857991876085	6.441124589737148	0.12145807759220004	1.984873116238896	5.65470982233919	0.3064950570503531	0.20685089502133988	0.21204638535805964	0.27460766257024727	0.44735202299219207	65.63079831930258	-829.6286243616511	8.642258975573344E-4	0.3930006619714648	7.692259254237471E-4	1.0684831128928316E-7	0.38550683487572784
32200000	-9501.441520563943	-8698.352814180833	-803.088706383111	-8532.709675304635	61.543343341191374	645.736892633705	0.10935615442970191	1.256264769299776	0.363972494859496	0.4160960412273687	0.20358147843986343	0.7123906200597034	1.614264777976839	0.543079658655409	3.614934152311684	0.7832795575841337	0.42466451731189697	1.256264769299776	0.363972494859496	0.4160960412273687	0.20358147843986343	0.7123906200597034	1.614264777976839	0.543079658655409	3.614934152311684	0.7832795575841337	0.42466451731189697	5.819581444173823	0.29979465459442145	0.20258163497767792	0.21169713117086827	0.2859265792570323	0.5207172049517785	43.89456404340111	-792.3587008846198	8.694383197961956E-4	0.5097745227657657	8.209117153360553E-4	1.2589218713161128E-7	0.4226141242680053
32300000	-9510.99386623175	-8679.986230705274	-831.0076355264778	-8521.251177657821	58.88542482056148	722.0704015541053	0.08378096317098165	0.813080016521264	0.11500112547016281	0.13388858136082513	0.395607202022805	0.9187379988736549	0.7607368701942369	0.12238200972539416	3.7240818145670884	0.3679908689886273	0.44054074003138777	0.813080016521264	0.11500112547016281	0.13388858136082513	0.395607202022805	0.9187379988736549	0.7607368701942369	0.12238200972539416	3.7240818145670884	0.3679908689886273	0.44054074003138777	6.672204156070502	0.30017914487096364	0.20182959546079815	0.20279073995122632	0.2952005197170119	0.5426450904438702	68.0887025317818	-822.0237099008045	7.363936891654665E-4	0.41048072952795017	7.303602754919989E-4	1.0944109558629145E-7	0.4490134656969323
32400000	-9481.872604634129	-8675.578647773345	-806.2939568607835	-8513.12654235902	59.979275943014514	698.6666770377564	0.15324047469696792	0.21333130667949915	0.056340162179527226	0.2666423147778362	0.6752473500508005	0.6045588088004513	1.3973101487462385	0.5542314225970316	1.4742510968409217	0.512237549693872	0.14084502892058015	0.21333130667949915	0.056340162179527226	0.2666423147778362	0.6752473500508005	0.6045588088004513	1.3973101487462385	0.5542314225970316	1.4742510968409217	0.512237549693872	0.14084502892058015	6.349428933976684	0.30613699049729065	0.20588099158624196	0.20279073995122632	0.2851912779652411	0.5265663250610741	54.8811422922906	-799.5639755512802	8.629266347266551E-4	0.5050283520101702	7.912856881115552E-4	1.4494841323471135E-7	0.4505567222049182
32500000	-9518.067269766838	-8687.72204227848	-830.3452274883582	-8522.048433535023	47.079904497805245	720.2875672829572	0.12144680380321557	0.14659323925675144	0.20653645146988325	1.7715750873582432	0.1114001412452617	1.7129674536609532	2.6675941156604925	0.21955533219921383	3.193087399667516	0.5240090663235041	0.3624027006756027	0.14659323925675144	0.20653645146988325	1.7715750873582432	0.1114001412452617	1.7129674536609532	2.6675941156604925	0.21955533219921383	3.193087399667516	0.5240090663235041	0.3624027006756027	6.064425437069965	0.3051346873537481	0.20580259826016456	0.20326190675214836	0.28580080763393895	0.4501536006166224	58.86768524227831	-819.3827895191589	8.584819572154529E-4	0.26770354887058717	8.49629523917251E-4	5.482692351056818E-8	0.26761656394920136
32600000	-9544.568197013507	-8709.374763089178	-835.1934339243288	-8542.259048902748	48.49926114122294	698.8126303755636	0.17192834525598	0.21440935500545846	0.4082757292349088	0.6960500823413661	0.5389899479637299	0.7404148388143069	1.735593415685697	0.15812931160115604	1.8396646676845874	0.16778510743086972	1.2284098751206358	0.21440935500545846	0.4082757292349088	0.6960500823413661	0.5389899479637299	0.7404148388143069	1.735593415685697	0.15812931160115604	1.8396646676845874	0.16778510743086972	1.2284098751206358	5.8128960978418	0.30516065978705026	0.22153796497992495	0.192045895579791	0.2812554796532337	0.5419611470943756	62.23214941510664	-827.8101039303149	8.120943453286594E-4	0.25013641916810436	7.848366691900674E-4	4.535665986351068E-8	0.25995372355968516
32700000	-9548.251196150664	-8714.192262502884	-834.0589336477805	-8550.558408523126	46.55092923451093	678.163825637564	0.07871088920805412	0.2238390092013167	0.254924777598881	0.4587575420342156	0.32928169519444456	1.2412933573791236	1.472980303851795	0.6908647976884191	1.9311574400314746	1.1611724476450453	0.9368669076275893	0.2238390092013167	0.254924777598881	0.4587575420342156	0.32928169519444456	1.2412933573791236	1.472980303851795	0.6908647976884191	1.9311574400314746	1.1611724476450453	0.9368669076275893	6.512692249757791	0.2785708261281592	0.20636633060570497	0.2194208833757922	0.2956419598903436	0.4226499418005881	64.24239003914165	-824.1267789415319	8.408652216160299E-4	0.42520496638828237	8.712438905016347E-4	1.4296808862925568E-7	0.44539356701396365
32800000	-9505.123471540377	-8687.754075732923	-817.3693958074551	-8526.086724040839	44.435459240275875	651.9089083714747	0.17276142643535256	0.47332016347516886	0.04252869490598374	0.6283179286346106	0.055037998656958145	0.8439880858268732	0.8388322126789746	0.23831547604537312	4.092964772382142	0.2675319080070033	0.5470794795826868	0.47332016347516886	0.04252869490598374	0.6283179286346106	0.055037998656958145	0.8439880858268732	0.8388322126789746	0.23831547604537312	4.092964772382142	0.2675319080070033	0.5470794795826868	6.209889044415461	0.3046780861013369	0.21994496638033487	0.20331157184241064	0.2720653756759175	0.5696646890916693	55.83806363813106	-809.0874336421385	8.968547452967507E-4	0.3627303488315519	9.090039394833034E-4	1.4911689808738312E-7	0.42036748755483194
32900000	-9516.972252007023	-8700.79625473843	-816.175997268592	-8529.733424281609	45.925562991702094	646.464980739442	0.1488501702364628	1.6498319416743163	0.21047563816983203	0.2572321306379066	0.5011162100878579	0.3244723534129135	0.6282656873662972	0.03999143112468363	1.9597928511397888	0.16331979145679637	0.060350884337991996	1.6498319416743163	0.21047563816983203	0.2572321306379066	0.5011162100878579	0.3244723534129135	0.6282656873662972	0.03999143112468363	1.9597928511397888	0.16331979145679637	0.060350884337991996	5.441164036616832	0.2993750869149062	0.20360102517544898	0.21840907874824758	0.2786148091613972	0.6030717197423655	59.1603535804754	-810.4798296830843	8.601666127732336E-4	0.2891690820728125	8.523816322183079E-4	6.30997650629945E-8	0.29427605295109555
33000000	-9559.27660931264	-8703.692426643143	-855.5841826694955	-8540.144337348633	50.42148245432767	749.8845688452411	0.19091350813250155	0.7420130563099424	0.5987745927200525	0.24504546339183444	2.5535428897306014	0.6957462720578715	1.6778107674935976	0.6991418932525831	3.157057897897565	0.5436887748181679	2.143312324416858	0.7420130563099424	0.5987745927200525	0.24504546339183444	2.5535428897306014	0.6957462720578715	1.6778107674935976	0.6991418932525831	3.157057897897565	0.5436887748181679	2.143312324416858	6.065796022420564	0.3038785716692814	0.21048930718277817	0.2168100437472342	0.2688220774007061	0.48713488173785274	72.28919875648246	-842.6868820085942	7.494479220003989E-4	0.3183483821377578	7.28551477574148E-4	5.321402374886681E-8	0.30526304720032427
33100000	-9485.764230667653	-8676.764453382462	-808.9997772851906	-8514.94489709545	42.564138707798975	591.3656016341353	0.22498344469258977	0.11462469277741337	0.13700320136639435	0.04010393237819733	0.5143584183607177	0.42757270640125417	0.7771016939532684	0.2945524657025719	3.917355250763564	0.4139893119156083	2.271489499649077	0.11462469277741337	0.13700320136639435	0.04010393237819733	0.5143584183607177	0.42757270640125417	0.7771016939532684	0.2945524657025719	3.917355250763564	0.4139893119156083	2.271489499649077	6.180088946078615	0.3016746377452084	0.214135589826503	0.20034420109390463	0.2838455713343839	0.5332261950400237	52.30980610520958	-800.064652597919	9.140104250460208E-4	0.36332684920495056	9.38193418589474E-4	1.3709469512442668E-7	0.3950485941601266
33200000	-9486.759488151285	-8659.072748906858	-827.6867392444276	-8497.952014786195	47.04254820315439	647.748697443366	0.1411081560575169	0.6091667336689207	0.6708774073867797	0.33196085540338355	1.8517957010139936	0.5206968959811551	1.4741786261764613	0.6612325895657448	6.737441612834189	0.2792540487311289	0.3935316889180284	0.6091667336689207	0.6708774073867797	0.33196085540338355	1.8517957010139936	0.5206968959811551	1.4741786261764613	0.6612325895657448	6.737441612834189	0.2792540487311289	0.3935316889180284	5.106280248373139	0.295129131546215	0.2016479590411749	0.22267624691951296	0.280546662493097	0.5211654023505786	54.75110999943898	-813.7557245641264	8.261074971282543E-4	0.4918068190464768	8.065393654185276E-4	1.1926560247076393E-7	0.4208712252064479
33300000	-9528.635048932989	-8680.652341830979	-847.9827071020105	-8516.268769386324	46.97765247573472	714.7695006963762	0.1537432741886924	0.6197759926005048	0.03423396141500071	1.0911994845292181	0.47817909158236876	3.2738920915940426	0.627825833984816	2.0559928641206766	5.163206731848311	1.8489899690658467	0.6772561342967709	0.6197759926005048	0.03423396141500071	1.0911994845292181	0.47817909158236876	3.2738920915940426	0.627825833984816	2.0559928641206766	5.163206731848311	1.8489899690658467	0.6772561342967709	6.507172073023693	0.295129131546215	0.2114850231506637	0.22267624691951296	0.27070959838360825	0.49829734049331753	63.32063605278771	-831.6737254011937	8.134322532268826E-4	0.40696327158618484	8.108006118044677E-4	1.145115747089706E-7	0.417627538273494
33400000	-9530.565260919744	-8707.445240974846	-823.1200199448975	-8542.097001655253	42.68921966996075	651.8907651649213	0.10825995519033009	0.0605136505230846	0.023822713057017764	0.06549576818497552	1.884193723134512	0.6464727052584847	0.03222854943023821	0.5005183833286848	2.0785299865192988	0.21432142790979958	0.5587906435229034	0.0605136505230846	0.023822713057017764	0.06549576818497552	1.884193723134512	0.6464727052584847	0.03222854943023821	0.5005183833286848	2.0785299865192988	0.21432142790979958	0.5587906435229034	6.795126199631588	0.29531030467596475	0.21199331314817216	0.21304033063522523	0.2796560515406378	0.38976558867825867	62.354582185001384	-816.7951405813471	7.38361542091775E-4	0.32126972721091157	7.468997735516018E-4	8.825314763900766E-8	0.3962186587671105
33500000	-9480.802556465535	-8666.499043113252	-814.3035133522822	-8504.330565245886	42.5546853674043	605.259612885216	0.22371539333922022	1.1638696345875648	0.4944953525321734	3.720452130195971	3.3376733298270738	2.9204899667293347	0.17242266558982616	1.1234907107513068	6.282540350820013	0.030013753791587452	1.5582134604476812	1.1638696345875648	0.4944953525321734	3.720452130195971	3.3376733298270738	2.9204899667293347	0.17242266558982616	1.1234907107513068	6.282540350820013	0.030013753791587452	1.5582134604476812	6.68643996608456	0.3029394607131143	0.20960301815953536	0.2025080884498673	0.28494943267748296	0.4822822857401147	55.98720355302904	-793.0711828786067	9.249698608153606E-4	0.42429718565993807	9.318554538526543E-4	1.58265834445021E-7	0.4205829104211295
33600000	-9475.8201648024	-8685.085402342029	-790.734762460371	-8526.000288093643	41.304980121239296	546.2248304240105	0.19687746592057692	0.03906452171759174	0.3469754949752801	0.8273358109279767	0.8235561032770977	0.8217023925832472	2.4997980781416342	0.5568330876591575	5.258658358552295	0.9681335696354759	2.373722582358291	0.03906452171759174	0.3469754949752801	0.8273358109279767	0.8235561032770977	0.8217023925832472	2.4997980781416342	0.5568330876591575	5.258658358552295	0.9681335696354759	2.373722582358291	6.8627543612408735	0.30408466740681817	0.20444504029137373	0.20394166478348083	0.2875286275183272	0.44109500909178373	49.034822631044314	-775.756422675754	9.664127481429503E-4	0.42251110065633196	0.0010006009631099494	1.7726769826344306E-7	0.43296217132721615
33700000	-9489.95899665084	-8659.13865619768	-830.8203404531592	-8501.503525958884	46.59263042916527	662.4136930928271	0.11199277033269132	0.007997899143249906	0.6221153092569697	1.5274119860418154	0.8088232319580124	1.47856242064604	2.1073312839452587	0.27086571207960225	6.672177291918277	1.525341646943839	0.3045769519366641	0.007997899143249906	0.6221153092569697	1.5274119860418154	0.8088232319580124	1.47856242064604	2.1073312839452587	0.27086571207960225	6.672177291918277	1.525341646943839	0.3045769519366641	6.115529562863226	0.31043322814982804	0.20516731302010568	0.21081170105695807	0.2735877577731081	0.5569565776809849	55.81413558492277	-815.0925112129113	8.10956989192871E-4	0.34518975893468873	8.084821195021657E-4	1.3310529735422623E-7	0.4422992614549791
33800000	-9457.085151594703	-8669.461523902128	-787.6236276925761	-8507.464690559666	42.19080300187851	592.5880663571813	0.19798087304157014	0.002833312799117379	0.06598672657309673	0.7196369529218678	1.88895027333232	0.5109877407244159	0.5329271676487012	0.4471092931843289	1.4916194865541479	0.036274971905393256	0.14696422731611936	0.002833312799117379	0.06598672657309673	0.7196369529218678	1.88895027333232	0.5109877407244159	0.5329271676487012	0.4471092931843289	1.4916194865541479	0.036274971905393256	0.14696422731611936	6.64724758374661	0.30919583427866476	0.19659900265183836	0.21648828880017165	0.2777168742693251	0.5486172952099481	44.98613675532803	-781.0894119903961	9.094303658947928E-4	0.5265863913235561	9.191234146597122E-4	1.3594241708189368E-7	0.39938295404199436
33900000	-9483.972258788888	-8659.729022524813	-824.2432362640754	-8497.948273588514	47.07377724147074	677.8208332887418	0.11169049015208479	0.2805666677365818	0.14494855226283332	0.4351645815230584	0.3069533802495305	1.8683428723794056	1.2853588591783807	0.04969685770101565	3.3342252720318903	0.16116483936693715	0.25490859699433793	0.2805666677365818	0.14494855226283332	0.4351645815230584	0.3069533802495305	1.8683428723794056	1.2853588591783807	0.04969685770101565	3.3342252720318903	0.16116483936693715	0.25490859699433793	6.247704979651507	0.29235505637870635	0.21835304286598795	0.20631010768581182	0.28298179306949384	0.45869306501605417	58.993888072399784	-815.7779316668806	7.749750883019501E-4	0.3612492019772235	8.153456151103996E-4	8.386168029497442E-8	0.36981199951148314
34000000	-9514.503492984537	-8679.77471853076	-834.7287744537774	-8518.014936212627	46.49253636070043	689.5730539905828	0.13339580329615344	0.08351306106396714	0.037334444649768844	0.837506704931621	0.8166119854526028	1.1326738499100595	2.3816402155278573	0.17959718318918128	3.89914896677071	0.6734822422474487	1.4294115751882501	0.08351306106396714	0.037334444649768844	0.837506704931621	0.8166119854526028	1.1326738499100595	2.3816402155278573	0.17959718318918128	3.89914896677071	0.6734822422474487	1.4294115751882501	5.7298235691305495	0.302876734810855	0.20555461668841807	0.2096987088058609	0.281869939694866	0.42405036978005706	67.16917742816314	-822.7799976612946	7.85461683610271E-4	0.43679565614690224	7.915422251684835E-4	9.195340933604665E-8	0.37640204076796957
34100000	-9529.157302650652	-8681.321330726632	-847.8359719240188	-8517.619453364647	46.84195147568659	733.9700179126213	0.12415001872473783	0.38357664482309384	0.13751586522176548	1.3732573365457712	0.32286947490091045	2.5662454500036658	1.418181583374583	0.48554630186157494	4.307273906435629	0.35489300565311027	0.4383556879395903	0.38357664482309384	0.13751586522176548	1.3732573365457712	0.32286947490091045	2.5662454500036658	1.418181583374583	0.48554630186157494	4.307273906435629	0.35489300565311027	0.4383556879395903	5.78625111619437	0.302876734810855	0.20555461668841807	0.2096987088058609	0.281869939694866	0.6016412127411447	64.59423839479771	-836.097799739028	8.01534999394894E-4	0.24233344568613063	8.003562330363399E-4	3.69004893676566E-8	0.238523346488831
34200000	-9514.929095607975	-8674.033357455088	-840.8957381528872	-8509.80292238538	59.214617676363275	763.1777334745112	0.14702889542968378	0.49197153832543694	0.33958764083708004	0.06862394089083322	0.38703498669347014	0.8475906907389519	0.6392231234869622	0.052451715200092924	2.739459252379421	0.12643111482227462	1.1123298317741646	0.49197153832543694	0.33958764083708004	0.06862394089083322	0.38703498669347014	0.8475906907389519	0.6392231234869622	0.052451715200092924	2.739459252379421	0.12643111482227462	1.1123298317741646	6.6496139388629745	0.3040749857703759	0.20555461668841807	0.2257995139077728	0.2645708836334332	0.5205412547659254	61.56232839104518	-833.9928670102557	7.109796386107377E-4	0.3484774444547098	6.925016796951511E-4	6.98957328723857E-8	0.37435437000530347
34300000	-9498.819548121322	-8668.273239822543	-830.5463082987781	-8500.510348413849	56.515310634622246	680.902165861981	0.10635403949842649	0.13137134587755603	0.0878389651081617	0.4890332147267055	0.8289083113252732	3.239100575699866	0.5162563416770922	1.137315684399614	5.650032167198075	0.43852216035981556	0.7239034373046263	0.13137134587755603	0.0878389651081617	0.4890332147267055	0.8289083113252732	3.239100575699866	0.5162563416770922	1.137315684399614	5.650032167198075	0.43852216035981556	0.7239034373046263	5.232042310424004	0.2951998649602178	0.22487824694162759	0.20904367952892483	0.27087820856922973	0.5162003265478929	63.161479218689536	-816.4397894915355	8.965568743561118E-4	0.467097650660707	8.29301412897311E-4	1.814005395345902E-7	0.4846017761169233
34400000	-9568.188452549408	-8701.489894115528	-866.6985584338798	-8535.967043581912	55.99693680893182	789.883179012356	0.1142687953819942	0.7038676365762662	0.4522335254289455	0.8813654153208298	1.2488493230158584	1.8440556386746418	0.40793066739928274	0.6518480486385139	2.0269050894078755	1.1522302860930946	1.7894951195053672	0.7038676365762662	0.4522335254289455	0.8813654153208298	1.2488493230158584	1.8440556386746418	0.40793066739928274	0.6518480486385139	2.0269050894078755	1.1522302860930946	1.7894951195053672	5.997032451547681	0.2951998649602178	0.20937004411886437	0.217563521589467	0.27786656933145076	0.5224321054444003	77.46185536363183	-855.5773135902056	7.55772662257707E-4	0.22262856641827367	6.982665615076127E-4	8.818365558265605E-8	0.404974361986715
34500000	-9526.687656318789	-8680.107425643106	-846.5802306756837	-8515.11389608974	53.47209908905883	753.0440877925114	0.19853851360355018	0.6277511480584876	0.031816603884464494	0.018839580728932447	2.0585615002300788	0.47972716874252125	1.9484583438188465	0.40152675588747383	3.869778337811044	0.22524364026583946	1.0387528410031546	0.6277511480584876	0.031816603884464494	0.018839580728932447	2.0585615002300788	0.47972716874252125	1.9484583438188465	0.40152675588747383	3.869778337811044	0.22524364026583946	1.0387528410031546	6.141345100339681	0.2951998649602178	0.21454950335393738	0.21791398298228037	0.27233664870356444	0.511063675252722	62.51197304360278	-836.6441658984673	7.216745785356194E-4	0.22690506636447158	7.22572333381747E-4	8.856339596133295E-8	0.40780672821487435
34600000	-9522.102653581504	-8673.83151524319	-848.271138338314	-8506.11378777103	56.33685554902512	762.6011041548406	0.09464712998979483	0.38829514738326415	0.38977426804187215	0.1882606562079552	0.06997236620657375	1.072891540517468	1.9971690040083758	0.2914766720389522	3.2828914915490586	0.5169116049834905	0.04273511226638358	0.38829514738326415	0.38977426804187215	0.1882606562079552	0.06997236620657375	1.072891540517468	1.9971690040083758	0.2914766720389522	3.2828914915490586	0.5169116049834905	0.04273511226638358	5.848412615934183	0.30016003800008006	0.20041803717768072	0.22333960672732217	0.27608231809491707	0.5105172806821442	64.72167355883363	-839.1813606446138	7.728935533911055E-4	0.4324465480413019	7.311430164239653E-4	1.0725281532022769E-7	0.4360315796603656
34700000	-9515.76173995792	-8677.427234486711	-838.3345054712074	-8513.419880835329	49.552645972841916	695.0825637579827	0.09097689748053046	0.5102089723911873	0.12634589328909104	0.8783851193601491	1.3463953234815778	1.4955558072167325	0.2621181772169282	1.6704410313678	3.740221005830157	0.30419253341150304	0.6185389092614081	0.5102089723911873	0.12634589328909104	0.8783851193601491	1.3463953234815778	1.4955558072167325	0.2621181772169282	1.6704410313678	3.740221005830157	0.30419253341150304	0.6185389092614081	7.744728502779548	0.2862973596224871	0.21485564233608065	0.21622900528594383	0.2826179927554885	0.3889457758659856	67.61411395141663	-826.0587219983623	8.090766672733186E-4	0.44082119644877377	8.128209070946887E-4	1.1634078079329337E-7	0.42555753010465874
34800000	-9514.74490865805	-8693.665454034966	-821.079454623083	-8534.259139617387	49.1510658752393	678.7708692860294	0.1870203179386707	0.5460463098249112	0.30135128092947605	0.48404201445902234	0.9043937373675418	1.5063697714452045	1.3415396686208316	0.22866765302925032	5.280533321394733	0.1499058065947199	0.21160408187466911	0.5460463098249112	0.30135128092947605	0.48404201445902234	0.9043937373675418	1.5063697714452045	1.3415396686208316	0.22866765302925032	5.280533321394733	0.1499058065947199	0.21160408187466911	6.00782949529386	0.31847337853177465	0.20096882099111008	0.2154637340144932	0.2650940664626222	0.5513758462491996	57.808925167063464	-810.2001290358321	8.448304828601601E-4	0.3175651809768696	8.165546584813335E-4	7.17399132195928E-8	0.3149903406864865
34900000	-9540.682258648434	-8684.166951737665	-856.5153069107686	-8517.645245664537	48.779649368369405	754.8228766492549	0.16823211823523704	0.05591993203590748	0.5423406183944409	0.05619116403705897	1.5371440067123738	1.2211673529904639	0.8956847987959653	0.1705757875277124	2.66116069518056	0.10296799516145298	3.590565303354038	0.05591993203590748	0.5423406183944409	0.05619116403705897	1.5371440067123738	1.2211673529904639	0.8956847987959653	0.1705757875277124	2.66116069518056	0.10296799516145298	3.590565303354038	6.042586037629752	0.29387736996369546	0.21144794115505006	0.22026007431033767	0.2744146145709169	0.5410599888763752	74.5345516082255	-845.4881277495807	7.92028544854343E-4	0.34774779879706996	7.721632023141982E-4	8.243865106676448E-8	0.36048134601022364
35000000	-9470.10419625429	-8651.828052208553	-818.2761440457357	-8495.353929101168	48.56079279496953	658.4051534530515	0.14714477230448159	0.02488390261258131	0.049452632393051546	0.9376568141089712	0.7386638664749643	1.2417820551922727	0.685898277694718	0.7594155480545268	2.6948793034439174	0.11661776780252923	1.8873422601306358	0.02488390261258131	0.049452632393051546	0.9376568141089712	0.7386638664749643	1.2417820551922727	0.685898277694718	0.7594155480545268	2.6948793034439174	0.11661776780252923	1.8873422601306358	7.069933527738439	0.3016355141399675	0.20682121949031562	0.21392647531568182	0.2776167910540352	0.47381030608125896	58.193690603808115	-807.5104221676538	9.04298672500227E-4	0.667785982324139	9.077901366296787E-4	4.92619367334788E-7	0.7088176388291868
35100000	-9492.52715623187	-8686.013580033748	-806.5135761981228	-8519.801273453248	46.821033770379195	619.3794942486592	0.2582718680150775	0.595927838650621	0.0604084108742993	0.24494754220059237	0.7525966526810338	0.8842556271667659	1.2822249549160922	1.6207563968769014	4.184463369399188	0.059564507904324424	1.4608523618878233	0.595927838650621	0.0604084108742993	0.24494754220059237	0.7525966526810338	0.8842556271667659	1.2822249549160922	1.6207563968769014	4.184463369399188	0.059564507904324424	1.4608523618878233	6.26483629955666	0.2996476169690128	0.19842570671462462	0.21347565043881309	0.2884510258775496	0.4675905769856722	50.18189406267122	-794.5765559612626	9.225917047902021E-4	0.6147023870224705	8.551999595001078E-4	4.340253013960735E-7	0.7202354448648228
35200000	-9512.341143226624	-8675.35742715264	-836.9837160739844	-8514.30387357173	49.92299825718592	691.6979617245796	0.18830610229101666	0.7064359870751186	0.29970580702371213	0.38747909585341805	0.41166712032842895	0.13265957601099526	1.3900177416781943	0.04990614318709118	2.4479495341665114	0.1978298277344692	0.790130664393044	0.7064359870751186	0.29970580702371213	0.38747909585341805	0.41166712032842895	0.13265957601099526	1.3900177416781943	0.04990614318709118	2.4479495341665114	0.1978298277344692	0.790130664393044	6.285930543966307	0.2989227496797837	0.20861330654637508	0.2144554738384876	0.27800846993535383	0.5222482635468354	54.932015932067486	-829.5240971072014	8.37727548706163E-4	0.5326715610725868	8.779622181048456E-4	3.685831871322291E-7	0.6900793708419812
35300000	-9486.63665672144	-8684.010358716245	-802.6262980051966	-8515.32204752962	49.77357925746169	641.4333095417733	0.26189816387698056	0.2930544812179784	0.18690054410005352	0.07689921909903208	1.787862259409501	0.6175906886071371	1.6516965373463885	0.4403395119194755	4.243704467838745	0.630901551138022	1.924695910928134	0.2930544812179784	0.18690054410005352	0.07689921909903208	1.787862259409501	0.6175906886071371	1.6516965373463885	0.4403395119194755	4.243704467838745	0.630901551138022	1.924695910928134	6.085328968867808	0.30139845430062	0.20861330654637508	0.2216185350018146	0.26836970415119055	0.597193591757874	50.36721031063668	-789.9998798898943	9.569122243375493E-4	0.5851951148796828	8.944522419857476E-4	3.805351227169249E-7	0.667031936930848
35400000	-9524.925165236966	-8687.516234303484	-837.4089309334818	-8523.958835665415	43.59393061252518	688.959788726134	0.08794409355563439	1.0167888636461235	0.11516502040595925	1.2862466097381724	0.1361524360871153	2.289262709088675	0.8075578366807975	0.04245915877023078	4.511343567831351	0.7209713290951185	1.1053574594664715	1.0167888636461235	0.11516502040595925	1.2862466097381724	0.1361524360871153	2.289262709088675	0.8075578366807975	0.04245915877023078	4.511343567831351	0.7209713290951185	1.1053574594664715	7.01035715769029	0.31545941273745803	0.2012289190209373	0.21710441015567902	0.2662072580859258	0.3738022590813183	60.383515958766495	-823.6408911954654	9.014077122581053E-4	0.5578978236813139	8.065567120337133E-4	3.5671282685715065E-7	0.6502583873610406
35500000	-9470.92571656472	-8691.995917743088	-778.9297988216312	-8522.78471390448	42.16507797489591	548.8465798764278	0.28657169623665246	0.4266042274398878	0.038325137556664085	0.10044399676907273	1.59797149257497	0.15506847209601352	2.28474784950687	0.1557354692315401	3.109906340473101	0.5134164832052414	0.36501915298890825	0.4266042274398878	0.038325137556664085	0.10044399676907273	1.59797149257497	0.15506847209601352	2.28474784950687	0.1557354692315401	3.109906340473101	0.5134164832052414	0.36501915298890825	6.27588746952513	0.29843153950601	0.21516360609624693	0.22019759631181743	0.2662072580859258	0.5312267869866234	40.60868089203094	-769.9842672362063	0.0010377755818406552	0.46414319232949586	0.001027926052209292	2.454431963940681E-7	0.4827220051356545
35600000	-9480.483010358554	-8684.753168482748	-795.7298418758055	-8523.947402097234	41.77521282432792	582.2390381169828	0.18183611686536327	0.30562408421398096	0.17518016134462092	0.5834560097892174	0.5165752817156483	0.8052198505332326	3.096961673531816	0.5397288956659346	2.938612326489783	0.7679074016234575	0.4498982944725983	0.30562408421398096	0.17518016134462092	0.5834560097892174	0.5165752817156483	0.8052198505332326	3.096961673531816	0.5397288956659346	2.938612326489783	0.7679074016234575	0.4498982944725983	5.821334604742194	0.29723346064773687	0.21444920357776626	0.21186467554928157	0.2764526602252155	0.5138953425562686	46.819398869641205	-785.197252110004	0.0010153154096872665	0.43472201967653096	0.0010157050850663975	2.3788452185701065E-7	0.4737698725516095
35700000	-9544.9772026255	-8672.80262675276	-872.1745758727394	-8507.989101614792	53.95047900421418	851.2622699951206	0.1949133720217185	0.10989319345509133	0.3043405847638269	0.6633109221947631	0.010308554432451154	0.9753391855247977	1.6667332653962272	0.18794549174371503	8.238277820946722	0.40411997233275965	3.612020869275744	0.10989319345509133	0.3043405847638269	0.6633109221947631	0.010308554432451154	0.9753391855247977	1.6667332653962272	0.18794549174371503	8.238277820946722	0.40411997233275965	3.612020869275744	6.011905952905868	0.28616813108048955	0.21723781972755604	0.21186467554928157	0.284729373642673	0.41548428330185283	73.62109439403801	-856.1742930477062	6.779393033880882E-4	0.37707057509807324	6.468324144973443E-4	1.099569708276513E-7	0.48995894481677643
35800000	-9511.332851829946	-8675.904804600026	-835.42804722992	-8515.766765596925	50.248059602054205	733.2397876912842	0.11473566346819829	0.22919880763813985	0.07791748271319932	0.9325476252752072	0.11856057422814385	0.5120446679091394	0.7441792962125567	0.013407685055913861	2.039937917934865	0.13182240092800745	0.28117047050660343	0.22919880763813985	0.07791748271319932	0.9325476252752072	0.11856057422814385	0.5120446679091394	0.7441792962125567	0.013407685055913861	2.039937917934865	0.13182240092800745	0.28117047050660343	6.455940471390234	0.30017019343213625	0.218661059372197	0.1974485030506648	0.2837202441450021	0.5540311993102633	63.480498440850575	-829.8479082180793	7.577789929723486E-4	0.35044069836683694	7.340455628187016E-4	1.1505763874846286E-7	0.43557585572693147
35900000	-9492.066405394122	-8678.802488786925	-813.2639166071966	-8515.37211660635	48.43785547235609	643.106989428032	0.2244649269786553	0.018695503564831618	0.19978046566190238	0.11042533612329312	0.21992694138176194	0.46522081624815315	1.6712035343531861	0.18326712607832862	5.68819960199983	0.5467216744299236	0.8416138657744384	0.018695503564831618	0.19978046566190238	0.11042533612329312	0.21992694138176194	0.46522081624815315	1.6712035343531861	0.18326712607832862	5.68819960199983	0.5467216744299236	0.8416138657744384	6.530983352094148	0.3122523911946811	0.20721884179015362	0.2091840325986506	0.27134473441651474	0.581711085135531	64.11957837243705	-802.7479780356086	8.548384197588147E-4	0.44748935308667276	8.206508653818901E-4	1.5233228508421614E-7	0.45434769447532
36000000	-9518.586507292272	-8686.804178823028	-831.782328469244	-8524.809648739396	58.98533474802089	756.2415391651723	0.1636277385147879	0.7585334220238679	0.30801340108248493	1.718976811419658	0.14028842823153406	1.9347582164747175	0.16837296679900932	0.7383539361700461	4.018468900126227	0.3225175593874503	3.6180667472660355	0.7585334220238679	0.30801340108248493	1.718976811419658	0.14028842823153406	1.9347582164747175	0.16837296679900932	0.7383539361700461	4.018468900126227	0.3225175593874503	3.6180667472660355	7.282694734558875	0.31804199959094204	0.20721884179015362	0.19983619622849935	0.27490296239040507	0.41615007011541255	60.77541276399288	-816.7831860208601	9.219286362221823E-4	0.5482392297147287	7.81087519437564E-4	3.840774253589346E-7	0.6735565489494519
36100000	-9494.03036145854	-8671.358571236558	-822.6717902219807	-8514.601358202804	48.50434070471594	684.1987907502235	0.12105561150585302	0.5887282981630679	0.11258604487449805	0.7882800014865756	0.4318154651605842	0.7223127868763751	1.5961692093611204	0.14257824187578996	3.3119619795165485	0.12239846147037008	0.41604606811758615	0.5887282981630679	0.11258604487449805	0.7882800014865756	0.4318154651605842	0.7223127868763751	1.5961692093611204	0.14257824187578996	3.3119619795165485	0.12239846147037008	0.41604606811758615	5.5755696457949115	0.29791791468843903	0.2190771519394413	0.20995849040139444	0.27304644297072533	0.5003073289814397	57.82413470082832	-813.7509899454092	8.900013308435491E-4	0.4583783044908143	8.082478353670315E-4	2.336057715838853E-7	0.5546494869501862
36200000	-9467.339744083316	-8663.479150684843	-803.860593398473	-8502.478887777386	46.76907501727197	618.8703113210037	0.16405193900955078	0.34962117768789536	0.0422446312720417	0.5336497951335348	1.9946444046398082	1.497581668798763	1.5185139956368574	0.2756952549132176	2.736519981792947	1.0880317628350251	0.6897078980944225	0.34962117768789536	0.0422446312720417	0.5336497951335348	1.9946444046398082	1.497581668798763	1.5185139956368574	0.2756952549132176	2.736519981792947	1.0880317628350251	0.6897078980944225	7.102953469160739	0.29791791468843903	0.20779421037566098	0.21242401292855104	0.2818638620073491	0.43096494848907096	48.62283537270436	-792.254338135468	9.634355771824596E-4	0.5059463790214778	8.993475684456607E-4	2.3679231734735705E-7	0.5226996510841864
36300000	-9546.349657416205	-8689.987347099923	-856.3623103162831	-8533.766729839579	52.18977277879491	767.8777766833674	0.11530707098506514	0.30101823023602714	0.373804452994203	0.9979607084784875	0.6275344734596927	2.006872593316155	0.8450413213158263	0.06053357935966948	4.882867150412161	0.29725004162091423	0.9670244740607274	0.30101823023602714	0.373804452994203	0.9979607084784875	0.6275344734596927	2.006872593316155	0.8450413213158263	0.06053357935966948	4.882867150412161	0.29725004162091423	0.9670244740607274	6.084388499636828	0.29791791468843903	0.20779421037566098	0.21242401292855104	0.2818638620073491	0.4293276254189307	72.84484345603623	-845.2596417945246	6.849392706809027E-4	0.23173317748883013	6.903258943775386E-4	2.3649819000031607E-8	0.2230628009701493
36400000	-9518.464826324367	-8695.921222002076	-822.5436043222904	-8532.14974584103	42.72056553402229	630.7299800816511	0.12492533396776623	0.07979295030372224	0.7322060140095371	1.5070339353100466	0.199883689806348	0.5896829530351052	2.392705965829517	0.25336994624143594	5.328911983272862	0.7773344743189258	0.343698509376733	0.07979295030372224	0.7322060140095371	1.5070339353100466	0.199883689806348	0.5896829530351052	2.392705965829517	0.25336994624143594	5.328911983272862	0.7773344743189258	0.343698509376733	5.85398562804347	0.30292291269392974	0.21921379397574872	0.2118496602936441	0.2660136330366776	0.5349041758311592	49.4692146155885	-810.2599997129827	8.122746419281673E-4	0.35739508280816246	8.258387031027764E-4	4.951903199771193E-8	0.27450577189436226
36500000	-9560.88439587464	-8702.752658372978	-858.1317375016616	-8536.623558199382	50.318131930803055	769.7268467461718	0.15421607591548397	0.24846043239810164	0.05460094888462679	0.31582568990387105	1.0319326910605762	1.3023538010697002	1.105081154178213	0.11276638577349217	5.479697056004987	0.12608731528853998	1.1472956764416486	0.24846043239810164	0.05460094888462679	0.31582568990387105	1.0319326910605762	1.3023538010697002	1.105081154178213	0.11276638577349217	5.479697056004987	0.12608731528853998	1.1472956764416486	6.647801588435733	0.30898416573275084	0.21200055309277097	0.2039919349831549	0.2750233461913234	0.6218099917455029	76.11750288959676	-846.272718195563	7.94023946243355E-4	0.44082869862003043	7.775835679407335E-4	4.6679130609843584E-8	0.27015266705950675
36600000	-9519.221308147844	-8705.13728176866	-814.0840263791827	-8542.373529686645	45.68530137651446	635.552680153746	0.17763672116882587	0.8474918147279389	0.05354774298341684	0.4510184501814773	1.9552182697666045	0.9859499139760719	4.171210331156279	0.17408710710567632	1.9352742838078485	0.796084995939581	0.36114534526057146	0.8474918147279389	0.05354774298341684	0.4510184501814773	1.9552182697666045	0.9859499139760719	4.171210331156279	0.17408710710567632	1.9352742838078485	0.796084995939581	0.36114534526057146	5.837377443216195	0.2962353090924694	0.2044390234381382	0.2143277710563137	0.28499789641307877	0.5751934445206135	52.33999759120928	-802.58484331023	8.737248430436567E-4	0.29447123120915086	8.50095391791694E-4	6.445632967736727E-8	0.2943307841142278
36700000	-9521.220184664817	-8692.276687245492	-828.943497419324	-8529.745081410332	43.94382901651726	655.1774306640361	0.11354185529092511	0.12005313550638202	0.060360836109348545	1.1151066164316545	0.3135677222173756	3.0543880529888234	0.46661037814194883	0.5494381668397027	3.7182907688879943	0.8294271033398514	1.3945618726593658	0.12005313550638202	0.060360836109348545	1.1151066164316545	0.3135677222173756	3.0543880529888234	0.46661037814194883	0.5494381668397027	3.7182907688879943	0.8294271033398514	1.3945618726593658	5.33852633838991	0.28230831677195384	0.2075123388890659	0.2251814479259016	0.28499789641307877	0.6990499661578313	57.972281366223164	-816.7612830322065	9.270738615934334E-4	0.35567144300313713	9.317844065183563E-4	1.1762031676584729E-7	0.3645206107738123
36800000	-9502.998806088168	-8693.730673945207	-809.2681321429611	-8535.077998281835	39.29053126150446	599.1980822986801	0.14718978528365487	0.24962684344291033	0.23501740970854704	0.5597714167205128	0.5911742295405096	0.7294998189190677	0.6623904124305664	0.11674958285655326	3.218122343094987	0.6209524198804743	0.6066740119874761	0.24962684344291033	0.23501740970854704	0.5597714167205128	0.5911742295405096	0.7294998189190677	0.6623904124305664	0.11674958285655326	3.218122343094987	0.6209524198804743	0.6066740119874761	6.432247295171059	0.31466167253283756	0.20491552314367042	0.2086231174146631	0.27179968690882905	0.5570963531141612	53.679180928751016	-801.0847141292634	9.475452419318155E-4	0.38123933434375956	8.753340310012998E-4	1.1413709950863959E-7	0.368765566418916
36900000	-9504.058426236725	-8670.125178903358	-833.9332473333678	-8510.176746235766	46.662672260237606	704.8035745488867	0.12300087727590886	0.015121708367508003	0.26897606434454024	0.09193248807361219	1.949301828240917	0.9190347420539546	0.1279190408873654	0.407770525243008	2.805472004652668	0.09658251911137347	0.3476124966444222	0.015121708367508003	0.26897606434454024	0.09193248807361219	1.949301828240917	0.9190347420539546	0.1279190408873654	0.407770525243008	2.805472004652668	0.09658251911137347	0.3476124966444222	6.049132856508779	0.29839019361066876	0.21562946314617576	0.2051723957824506	0.2808079474607051	0.4711938223800697	61.351378029506236	-826.5429451770465	7.667521039664687E-4	0.39037870916573164	7.608631745787443E-4	7.912286974430675E-8	0.3759409846835116
37000000	-9543.829169208044	-8707.109797304145	-836.7193719038984	-8545.585014746439	45.754749618993856	692.1788287635402	0.167157102945534	0.02446579450565449	0.07579765333241045	0.8346424068233192	0.8212324234517201	1.3290853973195873	0.12547762483681496	0.46205554305194513	3.0157372753020044	0.18833208851943045	1.9836709690428234	0.02446579450565449	0.07579765333241045	0.8346424068233192	0.8212324234517201	1.3290853973195873	0.12547762483681496	0.46205554305194513	3.0157372753020044	0.18833208851943045	1.9836709690428234	6.678485506624136	0.2943836739622034	0.2099104857295451	0.21119238072695196	0.2845134595812998	0.458765700640637	58.01840116255105	-828.3094988992294	7.255954805176552E-4	0.25802368731589226	7.693059967587136E-4	6.194359840604543E-8	0.3412771082354015
37100000	-9516.39808328139	-8686.845283403545	-829.5527998778454	-8529.089728200745	46.05659726967608	669.7747536164198	0.1264451107463455	0.5364526072072501	0.18710296441632937	0.444554588680539	1.663269367218897	2.319939433539529	0.7234845207351881	0.4286167724450523	3.3577457888094187	1.2049210977041938	0.4728420848422587	0.5364526072072501	0.18710296441632937	0.444554588680539	1.663269367218897	2.319939433539529	0.7234845207351881	0.4286167724450523	3.3577457888094187	1.2049210977041938	0.4728420848422587	7.072287483433993	0.2943836739622034	0.2214060952876848	0.2038794806919387	0.2803307500581734	0.4205362082788777	57.2731151232611	-817.3301503207858	8.906765176689181E-4	0.44408747384187774	8.90809133701109E-4	1.0847587772581585E-7	0.3697551338076301
37200000	-9522.469655625013	-8677.548429239825	-844.9212263851879	-8516.542404312371	49.42230461256642	722.4329884384915	0.11935312255512529	0.14948022287620302	0.21384796902171102	0.8381571333441327	2.6178133670227868	1.3025393530183922	0.7010081155800106	0.07251536462881797	5.3135782370185405	0.2153631418731741	1.3003317148204308	0.14948022287620302	0.21384796902171102	0.8381571333441327	2.6178133670227868	1.3025393530183922	0.7010081155800106	0.07251536462881797	5.3135782370185405	0.2153631418731741	1.3003317148204308	6.1163658484391	0.28872992044182294	0.20364828981304903	0.2151276790699052	0.2924941106752231	0.39780222721008823	69.99677415368372	-832.0353338711338	7.105753422697623E-4	0.3396850408408873	7.510448951902635E-4	7.851530622263711E-8	0.38355856953838346
37300000	-9493.982988963844	-8694.712188941932	-799.270800021911	-8528.30607334642	40.557678454804176	570.2249919596384	0.1635525650920737	0.43229404758459816	0.3850257499951929	0.7361678604882537	2.5230845671105357	0.1089721243657833	1.1348207780187731	2.6127094128024493	4.4647449035587865	0.5867737518040617	0.9333639103339786	0.43229404758459816	0.3850257499951929	0.7361678604882537	2.5230845671105357	0.1089721243657833	1.1348207780187731	2.6127094128024493	4.4647449035587865	0.5867737518040617	0.9333639103339786	6.594373680635367	0.30811233915450714	0.2016834133784632	0.2156762938568732	0.2745279536101567	0.5256470370571552	50.965642501056145	-784.8884186193958	9.751406656930587E-4	0.37389921504407614	0.0010254103395402978	1.7097653144233943E-7	0.3993955517623779
37400000	-9524.927186859859	-8697.874981708124	-827.0522051517348	-8530.312195366692	51.15280846923554	690.8292387778235	0.14492989098624784	1.7296995964749866	0.2728252219490963	0.1548191421375733	0.8948851428965265	1.300229651003083	1.1908490238843972	1.0319828079934767	4.117354457641352	0.5888196847097318	1.8857252625577818	1.7296995964749866	0.2728252219490963	0.1548191421375733	0.8948851428965265	1.300229651003083	1.1908490238843972	1.0319828079934767	4.117354457641352	0.5888196847097318	1.8857252625577818	6.452194522883583	0.30860104245394393	0.20017709955522306	0.21347490718326978	0.27774695080756345	0.4990374284569491	64.2107993437236	-813.3314796978947	8.51870068449594E-4	0.3826899359519212	8.449553446933747E-4	1.108487721760464E-7	0.3975827314730088
37500000	-9516.413209153312	-8675.760323317108	-840.6528858362032	-8512.508272557723	50.11015209060884	687.1524983232306	0.21965025714792294	0.6477241285644518	0.015651735532823983	1.2942545947890005	1.8496457672148947	1.4895024539923292	3.1003423851353746	1.5849089497007924	3.451196683959061	0.7759286639937054	1.8790768308940047	0.6477241285644518	0.015651735532823983	1.2942545947890005	1.8496457672148947	1.4895024539923292	3.1003423851353746	1.5849089497007924	3.451196683959061	0.7759286639937054	1.8790768308940047	7.356892145193657	0.2968499629094859	0.2204923050432492	0.2009201584408923	0.28173757360637275	0.5094981092133197	65.44155393488603	-822.8279305329869	9.036788593784076E-4	0.7247628466429411	8.872435139148104E-4	5.323983394887566E-7	0.7881085800473009
37600000	-9484.15802393756	-8698.062545731502	-786.095478206058	-8532.236155611476	50.350368348674934	586.4175407275756	0.24056860741449013	0.19198683786080628	0.21396617171400742	0.22952167445073146	0.9486072010805767	0.472438465084608	0.6397320025181488	0.11784239627458111	2.5508210248422243	0.22915292823517	0.025907810491560792	0.19198683786080628	0.21396617171400742	0.22952167445073146	0.9486072010805767	0.472438465084608	0.6397320025181488	0.11784239627458111	2.5508210248422243	0.22915292823517	0.025907810491560792	5.434012200934023	0.30182014854148465	0.2054943249998229	0.21123204511329124	0.28145348134540144	0.41830021318961746	49.272492944933916	-779.7510046827558	0.001033299195274051	0.6135540791307162	9.775834007069576E-4	5.135888853107568E-7	0.686014865153483
37700000	-9460.297572613224	-8673.811477177103	-786.4860954361205	-8514.427528952641	47.86119758788776	602.7447759355905	0.20993781210150153	0.34306281446076886	0.09038068213125468	0.08856451662600717	1.742549972003633	0.18298836132055268	1.6789315709003354	0.3775819646954841	2.482648387092551	0.4421650198719104	0.14599628425322206	0.34306281446076886	0.09038068213125468	0.08856451662600717	1.742549972003633	0.18298836132055268	1.6789315709003354	0.3775819646954841	2.482648387092551	0.4421650198719104	0.14599628425322206	5.85559563380916	0.29004641058176944	0.220901607432128	0.2085130410901148	0.28053894089598796	0.4638100656368166	47.320021016104654	-778.3061292417765	0.0010448785068955912	0.5298476659188026	0.001000186626435722	2.80309936595478E-7	0.5273597043376637
37800000	-9512.70144963288	-8700.663866774194	-812.037582858686	-8533.465776691552	44.78002200857174	634.458347727812	0.22966291511512055	0.13656105440691754	0.30130167970907173	0.04374550271245804	0.6304999327040441	0.9056984983719683	2.616796621036753	1.045357500450756	2.276057073998614	0.2519597025332007	0.5671361959016835	0.13656105440691754	0.30130167970907173	0.04374550271245804	0.6304999327040441	0.9056984983719683	2.616796621036753	1.045357500450756	2.276057073998614	0.2519597025332007	0.5671361959016835	5.543466047442994	0.29377484490584593	0.22285685589805387	0.20932883734560737	0.27403946185049305	0.4909432546184013	62.53465643440151	-803.6052752346244	9.092442629199532E-4	0.29935604524415366	9.06112176916637E-4	1.9559709930863616E-7	0.48178069765006304
37900000	-9529.928706001203	-8680.916849813053	-849.0118561881503	-8511.361737597414	42.39413635927498	676.6898888974983	0.14656028432852042	0.11931209352658331	0.2807203915468006	0.30714462906572376	1.5669267221639627	1.180568950088318	1.418527398163278	0.24284136219353925	3.1219381742653125	0.40278177395512005	1.3505452835993457	0.11931209352658331	0.2807203915468006	0.30714462906572376	1.5669267221639627	1.180568950088318	1.418527398163278	0.24284136219353925	3.1219381742653125	0.40278177395512005	1.3505452835993457	5.6532208874279695	0.3071291079797836	0.2001508482242068	0.21868058194551676	0.27403946185049305	0.5728137376213349	67.62391396284114	-837.9781216235915	7.821448831232169E-4	0.5852038549712709	7.876713146821946E-4	1.4812205848801566E-7	0.49948111555243246
38000000	-9526.644709831367	-8664.530799060198	-862.1139107711703	-8497.059007270895	50.793915454832344	740.4921272943023	0.15743110445810451	0.9295370003762436	0.05984197945790464	0.6707382709763285	1.1016573181930562	0.7205902789709342	0.8738310903029342	1.2386460268317503	3.3426959823683924	0.11902003523257933	1.625977283798379	0.9295370003762436	0.05984197945790464	0.6707382709763285	1.1016573181930562	0.7205902789709342	0.8738310903029342	1.2386460268317503	3.3426959823683924	0.11902003523257933	1.625977283798379	7.286237490189318	0.2995588640485413	0.200319494161966	0.21868058194551676	0.28144105984397616	0.4988761091932819	80.97647702968949	-850.6124412581432	7.108505982095128E-4	0.43998429134443684	7.076358144614095E-4	1.0585442332812348E-7	0.46249910738938416
38100000	-9540.511171981381	-8698.288631909132	-842.2225400722496	-8532.045833023236	50.4603816045798	745.5906658795675	0.20612838326453667	0.10165162519150236	0.023228311548428422	0.41991331012016286	1.252153682739794	0.6040745704567938	0.8829840868774371	0.04941818346351097	3.0518647143452187	0.28947623178001414	0.9256652768113933	0.10165162519150236	0.023228311548428422	0.41991331012016286	1.252153682739794	0.6040745704567938	0.8829840868774371	0.04941818346351097	3.0518647143452187	0.28947623178001414	0.9256652768113933	6.929824929828028	0.2995588640485413	0.20053907485206543	0.20651807065898206	0.2933839904404114	0.5632120030559884	62.14510985167684	-834.5638063443414	7.747473212855824E-4	0.32191058964861435	8.094086452930304E-4	1.0487070693767012E-7	0.4098771043568852
38200000	-9528.549145336225	-8696.70576892362	-831.8433764126032	-8532.170175455936	47.39104271970457	681.9578463669413	0.15162478782670485	0.5193527959895984	0.1367664919122431	0.8750505374426252	2.4743175806660105	0.6584988055304802	1.0313544767891027	0.44755709420532197	2.8341937995357713	0.5460746045284037	3.182627270712171	0.5193527959895984	0.1367664919122431	0.8750505374426252	2.4743175806660105	0.6584988055304802	1.0313544767891027	0.44755709420532197	2.8341937995357713	0.5460746045284037	3.182627270712171	6.411498483143778	0.295717192480817	0.21230245534775138	0.19859636173102044	0.2933839904404114	0.40930108317082503	59.22745818121035	-818.941868518199	8.294246251971917E-4	0.35700096831991834	8.415045693053782E-4	9.589443446905534E-8	0.36046799808988367
38300000	-9574.117759099916	-8700.08215344811	-874.0356056518059	-8534.985303512849	46.46823507818108	798.9230648846634	0.10593150312194834	0.8395048251547759	0.14292401819266448	0.5654485077434068	0.24191890451577402	0.824792383724376	2.7417503679061888	0.4684380608373875	3.454787166346034	0.20253293182434545	0.49764618424118867	0.8395048251547759	0.14292401819266448	0.5654485077434068	0.24191890451577402	0.824792383724376	2.7417503679061888	0.4684380608373875	3.454787166346034	0.20253293182434545	0.49764618424118867	6.161622038727766	0.3113157444285567	0.21230245534775138	0.206507300473971	0.26987449974972116	0.39444316081673214	88.39367877228136	-863.9855202318016	7.01550563579263E-4	0.23343812695799648	7.043366325891869E-4	3.1205115257294226E-8	0.2507309094539109
38400000	-9511.723067276263	-8690.362704484633	-821.3603627916305	-8524.186795307509	44.13514572145874	650.5929011739884	0.1362293333907653	0.5343189729897089	0.20442438093202053	0.8074597485178632	0.7485309850756181	0.9169145374099814	1.3822933201146417	1.1594548203309043	1.9986021950720894	0.8427593655787934	0.46345696885515053	0.5343189729897089	0.20442438093202053	0.8074597485178632	0.7485309850756181	0.9169145374099814	1.3822933201146417	1.1594548203309043	1.9986021950720894	0.8427593655787934	0.46345696885515053	6.521240967139242	0.30035653831075826	0.21836518818254624	0.21014408129595602	0.27113419221073976	0.6004152449385483	51.86922619556573	-811.669885232242	7.849601207364521E-4	0.46609269803696685	8.166332000629711E-4	7.683690429814633E-8	0.3433873720695022
38500000	-9571.449975092903	-8686.67682315053	-884.7731519423731	-8519.188121535106	49.73129171010299	840.3941679008858	0.11610450248204877	0.632665211989829	0.26706098511229037	0.020842182332408414	0.8124118284962052	1.9047798534022093	1.0193019029592911	0.5343643062067344	7.38245219899222	1.0782637585060135	0.1879368934360903	0.632665211989829	0.26706098511229037	0.020842182332408414	0.8124118284962052	1.9047798534022093	1.0193019029592911	0.5343643062067344	7.38245219899222	1.0782637585060135	0.1879368934360903	5.837021138759936	0.2993103895320832	0.21879243494065803	0.2036207114917776	0.2782764640354814	0.5154735920037535	93.2378421579796	-870.7579981024677	7.285511436134691E-4	0.2500128010428461	6.965936444034673E-4	3.404286295738916E-8	0.26085627078572005
38600000	-9513.48932898494	-8677.956271350995	-835.5330576339459	-8509.512713927785	48.309860375744336	708.708515601813	0.19071516777420752	0.5236512997544558	0.7601023124920199	0.3122674730197758	0.8589864370307684	0.834162979787143	0.5765912483711529	1.0787434324713066	4.296247117686301	0.1627073241518453	0.9622135023437772	0.5236512997544558	0.7601023124920199	0.3122674730197758	0.8589864370307684	0.834162979787143	0.5765912483711529	1.0787434324713066	4.296247117686301	0.1627073241518453	0.9622135023437772	6.008582311738502	0.30083571573513385	0.20533842189435422	0.21276392984100068	0.2810619325295115	0.503317250017919	57.01814527260425	-825.1818209031729	8.280947511576285E-4	0.36794451244647053	7.919475363048755E-4	9.457890494722036E-8	0.3839450816198932
38700000	-9544.12564458049	-8682.009541925407	-862.1161026550826	-8520.109457784565	55.96493260492669	805.3167577744515	0.12850020944588794	0.04771199425238683	0.12893637708323757	1.7623452223879414	0.3165767992293281	1.648967377980136	0.396719636714007	0.679068676905654	5.217677436607278	0.5044105505329001	0.09157861833090428	0.04771199425238683	0.12893637708323757	1.7623452223879414	0.3165767992293281	1.648967377980136	0.396719636714007	0.679068676905654	5.217677436607278	0.5044105505329001	0.09157861833090428	6.942086978985668	0.29305316934836567	0.21312096828112237	0.21276392984100068	0.2810619325295115	0.584605957426737	67.85722163886044	-851.0594829183337	6.937267825189053E-4	0.31069456518159894	6.835205511042199E-4	5.5694289223219875E-8	0.34017152416815155
38800000	-9527.378655327873	-8682.941699403322	-844.4369559245522	-8520.95133917659	52.74817054355192	754.2991521973726	0.09338945204924297	0.005661250512778877	0.08710926477539939	0.776971658716003	0.15003329768250417	1.0110792312255428	0.12414069405706618	0.30164841681601134	5.524012498806506	1.0084162661697544	0.20406273287549992	0.005661250512778877	0.08710926477539939	0.776971658716003	0.15003329768250417	1.0110792312255428	0.12414069405706618	0.30164841681601134	5.524012498806506	1.0084162661697544	0.20406273287549992	6.384366221201452	0.2933053804634025	0.19691225239312243	0.2191476073910712	0.2906347597524041	0.4578605662162863	67.63643609224351	-834.5487089262544	7.003909830341466E-4	0.38628658726651877	7.172454979801667E-4	6.711559842719428E-8	0.36050512965075915
38900000	-9528.788141825176	-8677.96110918158	-850.8270326435962	-8509.33389892574	45.764201789112846	706.5992621119517	0.14152671765877023	0.02807136550307644	0.4912388453293434	0.2860479612409362	2.4903192230079165	1.0086187990409916	1.0538847038623234	0.3843414349864293	3.624316577780677	1.9319265858812875	0.8594669096962577	0.02807136550307644	0.4912388453293434	0.2860479612409362	2.4903192230079165	1.0086187990409916	1.0538847038623234	0.3843414349864293	3.624316577780677	1.9319265858812875	0.8594669096962577	6.7610384613125705	0.3087018362336558	0.19963177957691863	0.21064740815069238	0.2810189760387333	0.5502820912923626	67.2855131037116	-837.6848222632236	8.076742588428049E-4	0.46676799831592225	8.228263719881336E-4	7.533346956623529E-8	0.3542268704643523
39000000	-9503.698670973965	-8679.391930477355	-824.3067404966087	-8511.52713165396	47.11437464483181	663.6627631725936	0.22790976154402354	0.4074154447802148	0.16158898918761583	0.6785843611882443	0.8420756330913646	0.6228125682025419	0.8993925969227642	0.26002192708888616	6.304902804563774	0.008586473784263285	2.0421340484732724	0.4074154447802148	0.16158898918761583	0.6785843611882443	0.8420756330913646	0.6228125682025419	0.8993925969227642	0.26002192708888616	6.304902804563774	0.008586473784263285	2.0421340484732724	6.693188843087932	0.2907470264590005	0.20644592992722832	0.22178806757503797	0.2810189760387333	0.4460907931026257	54.588825979378214	-811.9240857197015	9.124668254223578E-4	0.39306245580448645	8.460066980851552E-4	1.595820005762024E-7	0.44558162204922536
39100000	-9513.256014521721	-8692.5735965156	-820.6824180061205	-8524.735312987666	42.942919532661215	650.9844226705276	0.24207906538116172	0.4049254769006733	0.1500957065573745	0.28048181016390317	0.8995869001889377	0.4408968156947583	1.2628850465396892	0.3304312785462197	0.7591439354764435	0.1503260844751671	0.1748297435102443	0.4049254769006733	0.1500957065573745	0.28048181016390317	0.8995869001889377	0.4408968156947583	1.2628850465396892	0.3304312785462197	0.7591439354764435	0.1503260844751671	0.1748297435102443	7.1433797785225215	0.29695759331356336	0.20383793439156397	0.2254847324442669	0.2737197398506059	0.42577098201228464	57.55474395405793	-814.9967383931771	9.261463316064827E-4	0.5440552724636617	8.630158592839682E-4	1.8069630919273142E-7	0.46661360944626024
39200000	-9534.619845667803	-8678.586680162518	-856.0331655052856	-8513.151345956625	47.122932340985535	743.3664493993265	0.2134781870318114	0.627536517009203	0.0030154701025879886	0.32210774713859675	0.31353390857861135	0.0023140723527163127	0.6973082123793474	0.5208255538470113	2.110486389026478	0.06765930642459643	0.21026971731775299	0.627536517009203	0.0030154701025879886	0.32210774713859675	0.31353390857861135	0.0023140723527163127	0.6973082123793474	0.5208255538470113	2.110486389026478	0.06765930642459643	0.21026971731775299	6.4964342889815345	0.3123043982830453	0.21089400556071858	0.19821700289322705	0.2785845932630093	0.6134058599334637	65.95166262457099	-851.1049219582724	7.766928835705693E-4	0.3227494261710764	7.745271778795273E-4	1.2826648642072003E-7	0.4604194096044466
39300000	-9557.259819156998	-8708.297537346078	-848.9622818109196	-8541.909593172963	48.1693302933051	719.2167717977508	0.14895685508839643	0.4850529955870462	0.18281080649659356	1.9865493127234286	0.5316654713512892	0.8128988323794626	1.656732677716319	0.11974426736256435	4.0785672760849145	0.2506960245202205	0.9691090986041183	0.4850529955870462	0.18281080649659356	1.9865493127234286	0.5316654713512892	0.8128988323794626	1.656732677716319	0.11974426736256435	4.0785672760849145	0.2506960245202205	0.9691090986041183	6.650193307210632	0.3037151384051092	0.19604851070919033	0.22712334517082103	0.2731130057148796	0.5051279780441417	61.43656780722053	-837.7014167583212	7.784194041883591E-4	0.3356178501527792	7.799917864350126E-4	1.5007960554120665E-7	0.4893474170097043
39400000	-9555.981568657144	-8697.090482554431	-858.8910861027133	-8528.872885397212	50.308928467558545	768.0102217799862	0.2488812939309307	0.11638383677532926	0.15085436581338582	0.04191616152588801	0.23341006629482294	0.12030325783043581	2.2635147427811977	4.414566687191343	1.7724221648010408	0.15936121813021972	1.0452071841442805	0.11638383677532926	0.15085436581338582	0.04191616152588801	0.23341006629482294	0.12030325783043581	2.2635147427811977	4.414566687191343	1.7724221648010408	0.15936121813021972	1.0452071841442805	6.1975025693850325	0.2954344390539547	0.21262869586954733	0.21794152985839066	0.2739953352181074	0.42847772679493057	68.67301659753262	-848.6776279536937	7.250991712888977E-4	0.4116018645939499	7.176746429595474E-4	8.54688911116691E-8	0.40882946823129346
39500000	-9497.872782633214	-8679.262874749471	-818.6099078837431	-8518.544728483523	56.07428753952252	702.9489193533617	0.11923461530650122	0.680260133103484	0.10202839026125095	1.6258729038103596	0.5497774824886412	1.028811736732507	0.41675617555533745	1.2485552774788906	4.569773033888705	0.37490271704701345	0.21300319851096677	0.680260133103484	0.10202839026125095	1.6258729038103596	0.5497774824886412	1.028811736732507	0.41675617555533745	1.2485552774788906	4.569773033888705	0.37490271704701345	0.21300319851096677	6.333691513071589	0.3081504776287833	0.2040304956057147	0.2052254912835621	0.28259353548194005	0.48877876602146403	62.500437072363596	-807.1275519336651	8.055251994892575E-4	0.4032939240865688	7.64265102046752E-4	1.4104147528790462E-7	0.45687078881212545
39600000	-9514.389661329946	-8692.122678649239	-822.2669826807063	-8535.95245990483	47.18002590355249	681.2493606263893	0.15000126984893034	0.31672723200338637	0.015441436759971621	0.8533156814685938	0.3127464351902387	1.051695377013898	0.6465081984595321	0.26417571488062314	4.4366396460836	0.15654150116693039	0.7338674787921717	0.31672723200338637	0.015441436759971621	0.8533156814685938	0.3127464351902387	1.051695377013898	0.6465081984595321	0.26417571488062314	4.4366396460836	0.15654150116693039	0.7338674787921717	6.747951273180963	0.31854733371477406	0.19395876422630043	0.20463533274038917	0.2828585693185365	0.454107715845601	53.309383793096885	-813.3470308181231	8.437252949714258E-4	0.310132214497319	8.059999167412547E-4	1.2734502044852025E-7	0.4200122648670111
39700000	-9471.626721746754	-8666.750298125773	-804.8764236209814	-8503.468964530146	52.03748112003226	645.736333586159	0.21493125543947322	0.6806601506026876	0.031056588911044593	0.12798363078972808	1.7953608488096073	0.5168074782815066	1.313272216046509	0.14754566032143632	1.8775710213952026	0.6380084536595667	0.17592292521901426	0.6806601506026876	0.031056588911044593	0.12798363078972808	1.7953608488096073	0.5168074782815066	1.313272216046509	0.14754566032143632	1.8775710213952026	0.6380084536595667	0.17592292521901426	6.674281457687759	0.29381020628006743	0.21094191390587444	0.22380155117753273	0.27144632863652546	0.4939736993715123	46.04782336810982	-796.4982312361035	9.577147459045832E-4	0.6624782561424613	8.854605388332813E-4	4.428665732422563E-7	0.6978080825981684
39800000	-9495.509789733314	-8698.05432217348	-797.4554675598347	-8528.47401859652	39.36590795781175	574.8574632206191	0.21642951108326935	0.4986919830756252	0.36253585290448365	0.32030512018259527	1.863414928577998	0.7801739834829553	3.0460195384271147	0.377963703226601	2.6897796012037887	0.4677505120548567	0.3525177940291235	0.4986919830756252	0.36253585290448365	0.32030512018259527	1.863414928577998	0.7801739834829553	3.0460195384271147	0.377963703226601	2.6897796012037887	0.4677505120548567	0.3525177940291235	6.890031774547025	0.31127990323581006	0.21094191390587444	0.2024661236298608	0.27531205922845475	0.5964019772942344	53.98287475037727	-786.1071871160561	9.595503870002418E-4	0.41037682401884185	9.497694378983626E-4	1.869946375927575E-7	0.4395747409242347
39900000	-9527.851076368208	-8671.575102460642	-856.2759739075669	-8517.806437335657	64.22347895421743	816.9555420353646	0.11651158998270565	0.39272781595194556	0.030127383064192572	0.4339717947273988	1.4233068109619238	0.8079564197075785	0.6352138991990602	0.33020683677676427	3.140731244740046	0.6383536491486069	0.5433638439412699	0.39272781595194556	0.030127383064192572	0.4339717947273988	1.4233068109619238	0.8079564197075785	0.6352138991990602	0.33020683677676427	3.140731244740046	0.6383536491486069	0.5433638439412699	5.3444105490282805	0.28715794585375287	0.21520296982895534	0.21183585095844243	0.2858032333588494	0.46202452026540336	70.26765151614451	-847.7130496143108	6.88554572524628E-4	0.39416527020514935	6.507533962537572E-4	6.464814103149752E-8	0.38262273942273883
40000000	-9477.365763331834	-8667.87452032806	-809.491243003774	-8512.123970909277	52.27854842634295	644.1645789394548	0.16926027469304633	0.10584988771647266	0.011012845194854954	0.7111571505858306	0.8021684360049055	0.41769761895049357	3.542260620186765	0.5481051406954721	4.434813552081357	0.47164371106407393	0.7040691249907939	0.10584988771647266	0.011012845194854954	0.7111571505858306	0.8021684360049055	0.41769761895049357	3.542260620186765	0.5481051406954721	4.434813552081357	0.47164371106407393	0.7040691249907939	5.763340610453885	0.2907008016402156	0.21228553979692374	0.21379243426484515	0.2832212242980155	0.47461401101400885	50.8211393588359	-797.2492336409927	9.274501177633104E-4	0.4957058690723052	8.761805823219768E-4	2.7671461304703404E-7	0.5584833652235195
40100000	-9484.427885077086	-8669.939147508483	-814.4887375686025	-8496.937498239358	45.47105204340428	610.2267794130346	0.1802176896381894	0.3192049603503934	0.18398243867501854	0.08586319812462967	0.3111728052320322	1.0531069338867127	2.22732871096033	0.1583589257597442	5.235918661455139	0.44954681974670485	3.039866384370345	0.3192049603503934	0.18398243867501854	0.08586319812462967	0.3111728052320322	1.0531069338867127	2.22732871096033	0.1583589257597442	5.235918661455139	0.44954681974670485	3.039866384370345	6.617482919224901	0.29770169997620544	0.21222325596168	0.21714345274142638	0.27293159132068817	0.4275519666767497	56.48785822239931	-800.0454461178865	0.0010464736562201466	0.6279665702786547	9.383193158311921E-4	4.895382302852193E-7	0.6951036250218875
40200000	-9511.87018306072	-8670.90075735092	-840.9694257098006	-8515.757622123005	50.70146393829062	715.7166061440646	0.17140298918941385	0.16620938417458306	0.43745047231614625	1.4936631549540147	2.7637237033373503	1.2160900097053984	1.5122061882621134	1.595715576079638	7.4524187813680856	0.5341797003473889	0.4252643913456961	0.16620938417458306	0.43745047231614625	1.4936631549540147	2.7637237033373503	1.2160900097053984	1.5122061882621134	1.595715576079638	7.4524187813680856	0.5341797003473889	0.4252643913456961	5.76175835025484	0.29608396362417955	0.21803487602110336	0.21343244670661932	0.27244871364809775	0.5397073555069677	66.04220437807516	-823.2053316535176	7.677871531747532E-4	0.4071457031065108	7.709021563260246E-4	1.1470438921902242E-7	0.4324299138630494
40300000	-9532.276396390545	-8684.705063026942	-847.5713333636031	-8522.235119921972	50.439841554127	752.6648203995892	0.14823182777464433	0.6321982100730026	0.17063329842009503	0.43379384897475565	0.2663133112170993	1.1499293970691005	1.209111994911448	0.663617434644573	2.3885985178933655	0.12243046698686648	0.4449168886586492	0.6321982100730026	0.17063329842009503	0.43379384897475565	0.2663133112170993	1.1499293970691005	1.209111994911448	0.663617434644573	2.3885985178933655	0.12243046698686648	0.4449168886586492	5.219864928523557	0.30673389532223294	0.20171404779905025	0.21445807508581735	0.2770939817928994	0.5614471106758373	69.0144854795569	-839.8379567943776	7.518584913170796E-4	0.41065985086203854	7.367768315851359E-4	8.753820085894343E-8	0.4106644847917432
40400000	-9506.95216659919	-8687.62279980031	-819.3293667988797	-8524.871452921776	42.50971433086512	648.5645241098822	0.11797993545336108	0.7330968177240531	0.07337567771178274	1.4437204950214713	0.012469450907226658	1.6373668496441527	0.35219120707493545	1.4743897656061704	4.120633821285546	0.26622487228896946	0.5233740118900715	0.7330968177240531	0.07337567771178274	1.4437204950214713	0.012469450907226658	1.6373668496441527	0.35219120707493545	1.4743897656061704	4.120633821285546	0.26622487228896946	0.5233740118900715	6.439456260701701	0.29210984367462167	0.19980163168561502	0.21289363694284277	0.2951948876969205	0.41365293029854694	55.63943134005573	-808.5029932860253	8.734964150602345E-4	0.29173287327752934	8.433912261342952E-4	9.115725879733698E-8	0.35845794380251406
40500000	-9481.997369723242	-8669.715757267257	-812.2816124559854	-8512.442587540589	44.19960745155652	642.5251087373283	0.1468199695797105	0.23218355894581164	0.6750437706362564	0.3380064052815333	0.05570552998191457	1.2649793757358505	1.8996977320394328	0.039610524831782144	5.87623568130823	0.6472596847961971	0.1874255834995375	0.23218355894581164	0.6750437706362564	0.3380064052815333	0.05570552998191457	1.2649793757358505	1.8996977320394328	0.039610524831782144	5.87623568130823	0.6472596847961971	0.1874255834995375	6.600651099086514	0.29400919892733046	0.21700486606247152	0.20814182395218772	0.2808441110580102	0.4838333968204801	48.45485715855762	-800.001455317341	9.385107840969401E-4	0.5701430683821432	9.078239014338005E-4	4.0029907376458125E-7	0.6363931237819926
40600000	-9486.842601749273	-8658.719059385037	-828.1235423642358	-8500.14897669858	49.154307798725924	699.5548981542443	0.1775132406731515	0.5286790077048956	0.06803570913664171	0.34112735540198746	1.1517250125916114	1.058565888506602	1.4511026267755731	0.7902755018104078	3.7168953870784143	0.4060829018321606	1.3108941243342003	0.5286790077048956	0.06803570913664171	0.34112735540198746	1.1517250125916114	1.058565888506602	1.4511026267755731	0.7902755018104078	3.7168953870784143	0.4060829018321606	1.3108941243342003	5.78942613077387	0.3009847527901332	0.20973003333836432	0.20299074222840846	0.286294471643094	0.5034131533162279	59.37299128152356	-816.7148063343037	8.18448225541737E-4	0.5209901007742928	7.702867362665477E-4	2.1312483250330425E-7	0.5623740261348407
40700000	-9504.940444578575	-8667.612806917054	-837.3276376615212	-8503.20535786565	53.0190004955597	725.0081372315348	0.15756319298116306	1.7484784655862284	0.11952849369153039	0.7924355756419027	0.07316973843650681	1.0261330740126104	0.6251952864801219	0.6973775540720225	2.9799794505137966	0.048797970530888385	0.4576802055851034	1.7484784655862284	0.11952849369153039	0.7924355756419027	0.07316973843650681	1.0261330740126104	0.6251952864801219	0.6973775540720225	2.9799794505137966	0.048797970530888385	0.4576802055851034	6.957438507529557	0.3083819353080932	0.2149106817983374	0.20955704835557315	0.26715033453799625	0.5264008603532839	57.69443982381831	-827.584282146599	7.810041622758313E-4	0.6158164695517518	7.654706204016871E-4	2.1090840380468782E-7	0.6107990237093592
40800000	-9547.321164726656	-8699.876218852178	-847.4449458744789	-8531.2652382054	50.766946696283895	737.3009703856869	0.17546124353909895	0.50443678697224	0.41274732788472607	1.046474022703443	1.5843296237417295	0.4839964532285382	2.5381463909615847	1.0317714737941968	2.990975775479158	1.092982300330067	0.47260315056269847	0.50443678697224	0.41274732788472607	1.046474022703443	1.5843296237417295	0.4839964532285382	2.5381463909615847	1.0317714737941968	2.990975775479158	1.092982300330067	0.47260315056269847	5.755825229961944	0.3062856815633599	0.20379686675101058	0.20031661067663017	0.28960084100899924	0.6513034682610143	61.5389914069674	-835.0179420189705	8.038615043433809E-4	0.38085236677204054	7.421361683835742E-4	2.635462109697478E-7	0.6313652022043965
40900000	-9534.052151075195	-8690.313454797833	-843.738696277361	-8535.668545802626	49.428860791133076	729.8819854977353	0.11097803888258412	0.2057453589606668	0.016528017834331703	1.3321970497436681	1.129188842735834	0.9242677421001939	0.33775476020818573	0.005184199705340048	2.617719657946067	0.11267581406032277	0.9707639080775144	0.2057453589606668	0.016528017834331703	1.3321970497436681	1.129188842735834	0.9242677421001939	0.33775476020818573	0.005184199705340048	2.617719657946067	0.11267581406032277	0.9707639080775144	6.565819488093732	0.2927160779739063	0.20180723792618796	0.218393534300129	0.2870831497997766	0.4617268483573853	58.58161123988715	-836.0554495433444	8.263054296797502E-4	0.23866137331289214	7.809323200586423E-4	1.7833311819524828E-7	0.5308524358538197
41000000	-9531.657279062805	-8692.67983200444	-838.9774470583661	-8540.374387965165	51.15708400494411	717.5408427208627	0.12086772463762481	0.4309184795257311	0.11369777593082911	0.8993484167771131	3.0561424549400034	2.489061175762487	1.2102547598126543	0.876536581988452	5.364013100751321	0.5091829273292912	1.1809745436247154	0.4309184795257311	0.11369777593082911	0.8993484167771131	3.0561424549400034	2.489061175762487	1.2102547598126543	0.876536581988452	5.364013100751321	0.5091829273292912	1.1809745436247154	6.520040671085539	0.30079010461565603	0.20764408131565634	0.2220967325317258	0.26946908153696175	0.404395160677612	67.74098670809721	-822.5213279047904	8.028153501139618E-4	0.32748426503643574	7.849595802635033E-4	7.784859576974233E-8	0.35234311951666686
41100000	-9517.688233776009	-8677.88591500019	-839.8023187758189	-8513.786373494979	53.12326389992817	767.1675430823361	0.14794686883530098	1.0787406209457482	0.0042377178132872485	0.5589939405731912	0.3242979294512287	0.875817640700153	0.2460866614192544	0.37996365353831374	1.889503016976915	0.013109826916136035	0.3627982653752331	1.0787406209457482	0.0042377178132872485	0.5589939405731912	0.3242979294512287	0.875817640700153	0.2460866614192544	0.37996365353831374	1.889503016976915	0.013109826916136035	0.3627982653752331	6.458268291021714	0.30079010461565603	0.20764408131565634	0.21425799732787093	0.2773078167408166	0.46078650775079244	57.12832878568766	-834.3448300005444	7.692745108074219E-4	0.26957373541620766	7.259275176014716E-4	5.268163666273886E-8	0.3044354967075416
41200000	-9469.29872007795	-8679.888511229008	-789.4102088489424	-8517.525509631285	47.25985866681877	575.3443229097461	0.3008213551172549	0.3718877942288155	0.31090180815926044	1.1586901100501703	3.857223000514845	0.8105049694441377	1.8257366206953498	0.5449834551590017	4.082758286101669	0.0805651677921652	0.42261276805467946	0.3718877942288155	0.31090180815926044	1.1586901100501703	3.857223000514845	0.8105049694441377	1.8257366206953498	0.5449834551590017	4.082758286101669	0.0805651677921652	0.42261276805467946	6.466887625924307	0.30079010461565603	0.20564478594098626	0.20468540183055714	0.28887970761280046	0.6069188662892167	45.02962000830334	-775.7289621008704	0.0010099599300574715	0.403197371950429	9.660825394370267E-4	2.158812400390762E-7	0.46123012727673746
41300000	-9476.427373878192	-8665.905644546401	-810.5217293317908	-8500.646689312285	48.87181926304119	659.4866210961443	0.20163936587780068	0.6098425910348075	0.010546988825569216	0.33170741724858205	0.0724422825772411	0.7502625084697622	0.5224012779719257	0.20224573440818408	1.3961434019925556	0.021007930387821748	1.0574618007298107	0.6098425910348075	0.010546988825569216	0.33170741724858205	0.0724422825772411	0.7502625084697622	0.5224012779719257	0.20224573440818408	1.3961434019925556	0.021007930387821748	1.0574618007298107	6.307011021311193	0.3010010860076284	0.21923527062455664	0.20138284363383036	0.27838079973398455	0.5676770974488144	52.95105148010838	-805.2729924362284	8.855275295930394E-4	0.40935539262477977	8.365999629501117E-4	1.1298363111264895E-7	0.39267675744843905
41400000	-9534.953531954667	-8691.343434188775	-843.6100977658923	-8522.585928445424	51.75862127510691	720.9109160293585	0.16659110440178973	0.3212392179527373	0.5912718091782365	0.015542969722173039	0.7626349035674617	0.3309241116500218	2.317174247309	0.293944339297442	3.778714432651507	0.4741116274699825	0.3724982471692324	0.3212392179527373	0.5912718091782365	0.015542969722173039	0.7626349035674617	0.3309241116500218	2.317174247309	0.293944339297442	3.778714432651507	0.4741116274699825	0.3724982471692324	7.276081162512515	0.3009718350863986	0.2202134051607696	0.20043396001884728	0.27838079973398455	0.5837719511703872	64.74325993562177	-833.9197655490698	8.79118100714656E-4	0.3038201802192995	8.6839310426433E-4	7.962068753675166E-8	0.3171084606732015
41500000	-9552.287704958206	-8693.854601977439	-858.4331029807672	-8525.932901941545	56.71422137763679	826.486205588901	0.10159382472614494	0.15863274686852452	0.018803882578457748	0.06714649554264916	1.0611954836679802	0.9546930763548575	0.5933885253704805	0.08776595622119175	2.3720358803342076	0.6483121460732082	0.12271215784469283	0.15863274686852452	0.018803882578457748	0.06714649554264916	1.0611954836679802	0.9546930763548575	0.5933885253704805	0.08776595622119175	2.3720358803342076	0.6483121460732082	0.12271215784469283	5.674724865326253	0.30335731358307705	0.20072292251000606	0.21016478793418392	0.28575497597273297	0.505941337035891	81.40101508754216	-851.6720026191966	6.766022021421601E-4	0.40007160997125674	6.532484582493772E-4	6.452975272115666E-8	0.3736734955803326
41600000	-9524.960539609852	-8708.806810789805	-816.1537288200466	-8545.098216703274	44.94872110490225	646.8080667327669	0.24627661149902852	0.03986285258754933	0.024558696346104504	0.6319930192172689	0.8796862961001061	0.4347524110280895	1.1131864410836867	0.59264347746828	1.7220256168439532	0.14756059629935198	0.9580194952047089	0.03986285258754933	0.024558696346104504	0.6319930192172689	0.8796862961001061	0.4347524110280895	1.1131864410836867	0.59264347746828	1.7220256168439532	0.14756059629935198	0.9580194952047089	5.4258746489602325	0.3040994977195612	0.1979850730036799	0.21053152089426772	0.28738390838249117	0.5684900358484474	49.30085596280014	-809.5603684750265	9.47592389984024E-4	0.41673964880258757	9.214097023919651E-4	1.0391916992959033E-7	0.3409425765101109
41700000	-9493.96164907664	-8701.136178020088	-792.8254710565519	-8534.584952406753	43.914982541317514	584.5072639641443	0.21306815537222087	0.5434963891474924	0.1100437077734593	0.026225416014545897	1.8086277323367401	0.7394042620984584	2.579125751870312	0.15242814707319838	3.3107109372294405	0.3243233601602039	0.6445229556232694	0.5434963891474924	0.1100437077734593	0.026225416014545897	1.8086277323367401	0.7394042620984584	2.579125751870312	0.15242814707319838	3.3107109372294405	0.3243233601602039	0.6445229556232694	4.961369227045361	0.3040994977195612	0.21437464209705304	0.2109318415798806	0.2705940186035052	0.45827313789827784	50.763364963830014	-782.837231697679	9.023211632874401E-4	0.40895656863234	9.045084170573142E-4	1.5197250227779316E-7	0.43842801627645683
41800000	-9480.33854464078	-8665.436410019962	-814.9021346208173	-8507.281686298704	43.64772875247336	621.266120208112	0.2098767760749995	0.15285958828421747	0.05507990919561366	0.11246776982613232	3.353549490014162	1.2845787575164085	0.3844688822649709	0.39973028270279864	2.1053950432321016	0.504103309512994	0.5186655665908134	0.15285958828421747	0.05507990919561366	0.11246776982613232	3.353549490014162	1.2845787575164085	0.3844688822649709	0.39973028270279864	2.1053950432321016	0.504103309512994	0.5186655665908134	6.215270925148219	0.31967486187138316	0.22070954927981065	0.19393708831867396	0.26567850053013226	0.5804918590823613	54.38039315651675	-805.3753129192268	8.656175737528371E-4	0.5131074270261865	8.799191069605891E-4	2.41541561176018E-7	0.5660348943865919
41900000	-9478.60244017003	-8665.92455131601	-812.6778888540206	-8492.25889248011	44.42385161650688	629.2438481449947	0.1607442025816625	0.45745878772985077	0.051529932362438406	1.1829138216987911	0.29856232579666425	0.6466660018779772	0.9041394055973583	0.53488343826655	5.898564048272544	0.814868351722629	0.8108550549475175	0.45745878772985077	0.051529932362438406	1.1829138216987911	0.29856232579666425	0.6466660018779772	0.9041394055973583	0.53488343826655	5.898564048272544	0.814868351722629	0.8108550549475175	6.048761622597015	0.30405971937797593	0.20363840601797992	0.21264222407614855	0.27965965052789565	0.5378017527005929	58.011612375033856	-800.4854524161141	9.008787456094611E-4	0.43893489757121357	8.662030227998276E-4	1.527889464903146E-7	0.4412494362715449
42000000	-9489.226875350028	-8681.78821722419	-807.4386581258386	-8516.845408765143	45.50845836565435	632.4354908578949	0.19387785359694323	0.3936838554821072	0.04433904159046782	0.5006434277601873	0.13118078025579993	0.41817956920151034	1.7608340189253737	1.4304398320924585	3.7380880769489098	0.6091819232309045	0.17634072890137822	0.3936838554821072	0.04433904159046782	0.5006434277601873	0.13118078025579993	0.41817956920151034	1.7608340189253737	1.4304398320924585	3.7380880769489098	0.6091819232309045	0.17634072890137822	6.869701838140713	0.29663095114756804	0.20656375465918425	0.20817840206633106	0.28862689212691667	0.5163307542370258	54.19811688954591	-797.5637864405161	8.257669683159289E-4	0.5100139347303766	8.350398328075911E-4	2.3504068838108206E-7	0.5633746460737179
42100000	-9509.67518779221	-8670.08892815083	-839.5862596413817	-8504.07901815063	49.18428439524826	700.8109463147858	0.23849959802449416	0.24718151926347384	0.023233930268045166	0.17144724493173713	0.02777496748800341	0.7243341249433587	4.95535926010088	0.6516433013947576	5.118992390680812	0.136248402437759	0.21552396010138714	0.24718151926347384	0.023233930268045166	0.17144724493173713	0.02777496748800341	0.7243341249433587	4.95535926010088	0.6516433013947576	5.118992390680812	0.136248402437759	0.21552396010138714	6.3493865336808355	0.29439166990331833	0.21249844329105075	0.20857293055548767	0.28453695625014325	0.49423569681529383	71.11068150102972	-826.7207952428275	8.391491168160225E-4	0.48860455999102903	8.249440566784881E-4	1.9861942208539676E-7	0.52229475420594
42200000	-9474.453279361995	-8667.130534818982	-807.3227445430126	-8507.087284801537	43.27406065320205	616.9553355586721	0.1223289047780789	0.1572291201569811	0.09225516601527452	0.02372733484920814	3.2192945996109272	0.9490861816300957	2.1502030112257344	0.031663491457176805	2.674429824856042	0.8084796941867546	1.2480947789783157	0.1572291201569811	0.09225516601527452	0.02372733484920814	3.2192945996109272	0.9490861816300957	2.1502030112257344	0.031663491457176805	2.674429824856042	0.8084796941867546	1.2480947789783157	6.291445930433369	0.3156556835517621	0.2085448359732739	0.20230084953160984	0.2734986309433542	0.5141219375199593	48.3078130276619	-795.1100968204439	9.272810349458522E-4	0.4625659553744184	9.170930808517404E-4	2.285659250556109E-7	0.516960204889125
42300000	-9547.431653308628	-8719.668734134108	-827.7629191745197	-8551.37106187587	46.09891240999764	688.9887571081479	0.24380123518847266	0.2887489018691595	0.0030718556704305705	0.14775286205395927	2.713841167734819	0.4562323879389892	1.1546223075736315	0.028961706798065597	3.6081733113946775	0.5604782901323073	0.1049102942363201	0.2887489018691595	0.0030718556704305705	0.14775286205395927	2.713841167734819	0.4562323879389892	1.1546223075736315	0.028961706798065597	3.6081733113946775	0.5604782901323073	0.1049102942363201	5.549590076122147	0.28365918456778566	0.2085448359732739	0.21146070489210558	0.2963352745668349	0.4307043423265607	50.72811408092416	-819.3872606335374	8.466493099069436E-4	0.30721587148922685	8.07805776384935E-4	1.403526069701068E-7	0.45003526631675406
42400000	-9521.283145665411	-8687.575506359091	-833.7076393063197	-8526.905923144122	46.45171361552735	660.3109867081565	0.15189605132797168	0.004530445947247568	0.0868804879833057	0.9681962518959285	0.12350070749902733	1.8422926304668426	1.7193462455209938	0.595884944303885	6.520703914165039	1.8935625507367833	0.17486418274627089	0.004530445947247568	0.0868804879833057	0.9681962518959285	0.12350070749902733	1.8422926304668426	1.7193462455209938	0.595884944303885	6.520703914165039	1.8935625507367833	0.17486418274627089	6.171403852559962	0.2999311293204499	0.20681192845974014	0.2156051065636947	0.27765183565611534	0.4733829942003834	60.00167111703333	-819.5762173768305	8.546188813795368E-4	0.35331403764921154	8.521861690220472E-4	1.0572108542561116E-7	0.403606890937959
42500000	-9514.96496951014	-8709.906071500165	-805.0588980099748	-8548.584215597044	42.60360836600459	581.8832185220076	0.18902418720249142	1.3391319227302834	0.2873025712027426	0.3229505305915076	0.5658476772559468	1.7770698161591898	0.09743350007174152	0.4055422806405035	4.966010458341161	0.03970551533031443	0.9770553395274728	1.3391319227302834	0.2873025712027426	0.3229505305915076	0.5658476772559468	1.7770698161591898	0.09743350007174152	0.4055422806405035	4.966010458341161	0.03970551533031443	0.9770553395274728	6.293524530965601	0.30670002270625524	0.20681192845974014	0.2055543881718699	0.28093366066213477	0.3790530719183808	44.490874405086515	-794.2657404232014	0.0010347964094875705	0.34678657862046447	9.893337276120672E-4	1.469820197968264E-7	0.37977191708869573
42600000	-9426.36278191533	-8653.748885091281	-772.6138968240492	-8492.552016350564	52.415872314701204	537.7286776496562	0.15468699555316182	0.8120184053588739	0.39217419396821424	0.06155417466615709	0.11064175503154457	0.6923649533045765	2.1388895526429215	0.22068266751181373	2.5740529204624654	0.30133272511522396	0.19403735057930466	0.8120184053588739	0.39217419396821424	0.06155417466615709	0.11064175503154457	0.6923649533045765	2.1388895526429215	0.22068266751181373	2.5740529204624654	0.30133272511522396	0.19403735057930466	6.683877014583549	0.31028318618976725	0.2103333281794606	0.19631573949263253	0.2830677461381397	0.5540228775404435	38.66932364818207	-763.4295339625938	0.0012361822284128214	0.6305169752180423	0.001095529072515594	3.090942523141423E-7	0.478352604506578
42700000	-9460.535753419623	-8654.113400693763	-806.4223527258596	-8491.590613458997	53.36443860228316	654.0803765894226	0.1081006815761511	0.002380014742053675	0.3893386569048024	0.025244637473225254	0.590145177982327	0.9457216678123797	0.9237204895606151	0.47625943784467983	3.893830493315411	0.7907957936473027	0.8077335073409561	0.002380014742053675	0.3893386569048024	0.025244637473225254	0.590145177982327	0.9457216678123797	0.9237204895606151	0.47625943784467983	3.893830493315411	0.7907957936473027	0.8077335073409561	6.214789381927168	0.2924826218961699	0.2151726595798355	0.20708544317515232	0.2852592753488423	0.5471835480200301	51.76953781215426	-795.3879315007929	0.0011248805800402595	0.7059864716508465	9.855929593277047E-4	2.531028676146951E-7	0.462299497726293
42800000	-9521.57209777608	-8680.217901562835	-841.354196213244	-8520.312625365115	46.16300838490641	693.6124204651858	0.12296765687343028	0.7908010069903963	0.5068046188148054	0.23331998784417785	0.8272789124463682	2.038839521103463	2.3669570224951615	0.02114230558538902	6.351478282259177	0.3303535842106633	2.391369482566459	0.7908010069903963	0.5068046188148054	0.23331998784417785	0.8272789124463682	2.038839521103463	2.3669570224951615	0.02114230558538902	6.351478282259177	0.3303535842106633	2.391369482566459	5.305712131489577	0.3050844182552805	0.21019686148036562	0.21908800581394774	0.2656307144504062	0.5127878667367041	70.10517218348133	-825.4168941963358	8.139295103108545E-4	0.30507085269140943	7.840853598344641E-4	1.1182642955446401E-7	0.42998644135519554
42900000	-9509.154875342487	-8683.640445815217	-825.514429527269	-8520.593591477531	39.96718508736805	635.3566978756376	0.18460871627443343	1.3077047477647936	0.05428660918558236	0.6926316374704546	0.7717777584585805	1.2619524199766274	2.0344097547565307	1.199354214121656	4.379142815375357	0.036973956284087416	2.150023660201577	1.3077047477647936	0.05428660918558236	0.6926316374704546	0.7717777584585805	1.2619524199766274	2.0344097547565307	1.199354214121656	4.379142815375357	0.036973956284087416	2.150023660201577	6.308340939107947	0.3155441652561538	0.21019686148036562	0.20485100363962805	0.2694079696238526	0.5380372568274832	52.495872419671095	-811.5714972833727	8.330806022482522E-4	0.3634827094711107	8.917044410942975E-4	1.416737843006952E-7	0.44886357814648603
43000000	-9491.572918091068	-8689.997899694987	-801.5750183960806	-8516.332025981568	45.72834484563071	617.634392650592	0.25842495510194263	0.9794134389801838	0.08336827768317594	0.4048753372854411	3.061810092457123	1.2598939165435585	0.4197755935640306	0.507218829892707	3.689983530103576	0.6047290582708345	1.1884236135706512	0.9794134389801838	0.08336827768317594	0.4048753372854411	3.061810092457123	1.2598939165435585	0.4197755935640306	0.507218829892707	3.689983530103576	0.6047290582708345	1.1884236135706512	6.543472640282991	0.28925265321756116	0.2094576129140511	0.21300287534939974	0.2882868585189881	0.484489756618252	47.980738370192725	-789.769899645821	9.245713486799315E-4	0.29380399649598954	9.34472749173484E-4	8.7872328602322E-8	0.3186844371950287
43100000	-9483.322212161273	-8687.758548088921	-795.5636640723511	-8526.939630553825	40.82962538662751	587.3760018979106	0.24846975250829878	0.1245107559584614	0.10334193648071584	0.7538821615060296	1.97223504445741	0.5576973580043885	1.6335076382420604	0.13421484851244858	4.542891108129921	0.5680723956620904	0.2672252274294412	0.1245107559584614	0.10334193648071584	0.7538821615060296	1.97223504445741	0.5576973580043885	1.6335076382420604	0.13421484851244858	4.542891108129921	0.5680723956620904	0.2672252274294412	5.703950025207734	0.2996075765661949	0.2094576129140511	0.213424847730435	0.27750996278931905	0.5038503103243891	43.55317887382985	-784.8536973195743	0.0010063079785607265	0.4377885965324428	9.752070253013906E-4	2.056752342753042E-7	0.4544501105118458
43200000	-9538.775849887097	-8702.845770702468	-835.9300791846297	-8538.969857174985	47.62357955127462	709.026944403583	0.1502526130087006	0.6879894020814631	0.14301565162917573	0.4415441401389999	2.407191277442251	2.1542055285259916	1.8432761556378334	0.20949422536991694	4.617259843583496	0.3099731823406049	1.028805733809722	0.6879894020814631	0.14301565162917573	0.4415441401389999	2.407191277442251	2.1542055285259916	1.8432761556378334	0.20949422536991694	4.617259843583496	0.3099731823406049	1.028805733809722	6.050204061764821	0.2996075765661949	0.20787575131887792	0.2292370747010517	0.2632795974138755	0.5553018023086601	60.39245051335758	-821.5049421062612	8.719131486104216E-4	0.43695508721174886	8.237071332134685E-4	1.492095522552123E-7	0.44363644380859973
43300000	-9502.546842985494	-8682.540005707386	-820.0068372781084	-8517.326516595765	44.626335500781714	646.3123172757364	0.1558852916574704	0.276017533416116	0.18339622029551608	0.4854985580214397	0.31810264887197026	0.1268350067952019	1.4315309705203092	0.11712737394244328	3.622456057698036	0.2694615937671228	0.7154380838334434	0.276017533416116	0.18339622029551608	0.4854985580214397	0.31810264887197026	0.1268350067952019	1.4315309705203092	0.11712737394244328	3.622456057698036	0.2694615937671228	0.7154380838334434	6.499677413035282	0.2996075765661949	0.20787575131887792	0.22193400404026928	0.270582668074658	0.5079026793101612	63.180104267776336	-811.9204093347018	8.586952355612411E-4	0.4077163892090521	8.67841052807539E-4	1.4364913059333754E-7	0.4341073953403314
43400000	-9491.368714578968	-8679.31606335469	-812.0526512242775	-8506.774609370552	47.97979585552025	652.3469946978292	0.17419617974178414	0.39279068019127317	0.020592030483694818	0.10505707881335744	0.022050856542485182	0.5965983947252739	1.0528615765448672	1.1876144546919056	2.7222903799449893	0.3111400990189238	0.921548638911533	0.39279068019127317	0.020592030483694818	0.10505707881335744	0.022050856542485182	0.5965983947252739	1.0528615765448672	1.1876144546919056	2.7222903799449893	0.3111400990189238	0.921548638911533	5.602830173647001	0.31550394107548574	0.20627443378515106	0.20866002153504792	0.2695616036043153	0.591331251033757	51.104881594667035	-804.1968980784815	8.963392717739152E-4	0.4866008298602822	8.807852570602536E-4	1.6575407023387202E-7	0.4658770694142775
43500000	-9520.391681266896	-8692.395039107356	-827.9966421595407	-8522.726454962005	44.67307330834598	666.0247550385563	0.1515552044632059	1.218589362985407	0.26544809381355566	0.24613638415662673	0.0029746878295392656	0.4426609602368129	2.196162667860637	0.1801023682993836	4.096907029352127	0.7329899639039723	1.6746589480740601	1.218589362985407	0.26544809381355566	0.24613638415662673	0.0029746878295392656	0.4426609602368129	2.196162667860637	0.1801023682993836	4.096907029352127	0.7329899639039723	1.6746589480740601	7.324979061371562	0.3046414063916508	0.20855194719911332	0.22083621792728442	0.2659704284819514	0.5701526773135922	58.21915325773748	-816.5036686969896	8.584059400507727E-4	0.32889707171598287	8.302353458330815E-4	8.38442295067671E-8	0.3426043083905317
43600000	-9488.245779717412	-8652.628066795729	-835.6177129216828	-8496.311057723999	49.36727926488063	700.9339795864975	0.13727701271562165	0.6269039331080233	0.026478503178371283	1.058403513916778	1.9768169847371084	1.059035699860452	0.20101684103952586	0.3391985331854471	2.738621678571824	0.2984161561062847	1.7827499650527243	0.6269039331080233	0.026478503178371283	1.058403513916778	1.9768169847371084	1.059035699860452	0.20101684103952586	0.3391985331854471	2.738621678571824	0.2984161561062847	1.7827499650527243	6.624030248622559	0.3026822484609567	0.21511366222968706	0.21357968145050396	0.26862440785885217	0.548088835777874	67.94346171758696	-824.5670472766385	7.949490744689891E-4	0.48136971290820113	7.725634592227563E-4	1.4538144942880975E-7	0.4931291120612789
43700000	-9526.251690440638	-8682.934686427847	-843.3170040127924	-8515.113761118206	46.034417185735286	694.5306170755499	0.20750711178068937	1.2175570685984283	0.11586001610527345	0.13635285030803718	0.2644932097546018	0.3551130115800991	1.5743271628275186	0.6722456750350904	2.3300062142879616	0.5406774934048344	0.7339471099928471	1.2175570685984283	0.11586001610527345	0.13635285030803718	0.2644932097546018	0.3551130115800991	1.5743271628275186	0.6722456750350904	2.3300062142879616	0.5406774934048344	0.7339471099928471	6.091429327318176	0.28432321987622283	0.21665938166255605	0.2274825141632041	0.27153488429801687	0.6550850939180567	65.64868536190217	-835.3240326572721	6.964458642585711E-4	0.41051909457927355	7.517066787267936E-4	9.81170715799517E-8	0.421301017735025
43800000	-9510.55319296897	-8689.005192342038	-821.5480006269311	-8525.177631659382	45.17293034205141	659.0350647822801	0.2610477869659038	0.5620984239251978	0.11286747558931164	0.06552830282471199	0.7549914482625631	0.5691195629483452	3.315679662888032	0.016486448946772446	3.6261215941690375	0.13177046677007218	1.967730184583013	0.5620984239251978	0.11286747558931164	0.06552830282471199	0.7549914482625631	0.5691195629483452	3.315679662888032	0.016486448946772446	3.6261215941690375	0.13177046677007218	1.967730184583013	5.897053849115866	0.28986103884015885	0.2233677786814044	0.2187619561110314	0.2680092263674052	0.4640874984636632	55.11208636117054	-811.2695705952852	8.890519151971909E-4	0.2306441701420816	8.760783703650232E-4	4.60444297788148E-8	0.24233638555977155
43900000	-9516.949936621966	-8711.032037143945	-805.9178994780209	-8536.96720135554	52.47842988872075	661.9180102757248	0.10992433133942955	0.36628933984703876	0.10413146642688108	0.1730397831618662	0.21882720843555944	1.5118331328563364	0.22882804541538093	0.5616813949858087	2.3176628986931496	0.9423952359740324	0.9220732000709494	0.36628933984703876	0.10413146642688108	0.1730397831618662	0.21882720843555944	1.5118331328563364	0.22882804541538093	0.5616813949858087	2.3176628986931496	0.9423952359740324	0.9220732000709494	6.266451561641959	0.29269276535713595	0.21386008104384255	0.2008072080297926	0.2926399455692288	0.559879461995603	52.829367844656794	-797.1667736495718	9.121345659982529E-4	0.5666254065201579	8.717430175650892E-4	2.5976181245000023E-7	0.569609311336918
44000000	-9474.871311761173	-8654.673763874496	-820.197547886678	-8493.111250762615	48.90666261782201	657.0698558472723	0.19093130520797028	0.0806207169449942	0.22051086537493608	0.8311416088215157	0.37975157506324014	1.2375958721262654	1.50384637982871	0.050613134416887307	4.934034874770643	0.012723192778744116	1.8633597375859716	0.0806207169449942	0.22051086537493608	0.8311416088215157	0.37975157506324014	1.2375958721262654	1.50384637982871	0.050613134416887307	4.934034874770643	0.012723192778744116	1.8633597375859716	5.770740978666941	0.2970893202627177	0.2034150099389864	0.22208175370621322	0.27741391609208255	0.5850819111060964	57.50157337126717	-808.684424404669	8.105511997204678E-4	0.4873362865881606	8.068975203146605E-4	2.2474157034303158E-7	0.5898155176554221
44100000	-9506.287340882693	-8690.626728543848	-815.6606123388439	-8525.756104480677	42.95205434142026	646.9020687160055	0.2294475099196733	0.8796187311270718	0.028539691547018037	0.5349343150794317	0.4376021684084857	0.3426207075357989	0.34605145986334673	0.02783270805438834	2.6619178006802797	0.28606158281167227	0.5725987163808665	0.8796187311270718	0.028539691547018037	0.5349343150794317	0.4376021684084857	0.3426207075357989	0.34605145986334673	0.02783270805438834	2.6619178006802797	0.28606158281167227	0.5725987163808665	6.163868303290846	0.2945626675149429	0.21460349199228687	0.21592402221048476	0.2749098182822853	0.44040044332415695	53.87742656909325	-810.0908981422609	8.229969872352183E-4	0.29871218495269364	8.410360148472006E-4	2.399167234333976E-7	0.583889167694647
44200000	-9498.751453726385	-8687.90623533624	-810.8452183901445	-8521.436763989092	45.00398457535677	599.7738318012773	0.15836628054873142	0.6166165524769441	0.21208285412162656	0.3492142046095931	0.033988763695488665	0.7196492752725036	2.114914886311649	0.5998824151332818	2.7380041702831286	1.212220658038973	0.4245096849451443	0.6166165524769441	0.21208285412162656	0.3492142046095931	0.033988763695488665	0.7196492752725036	2.114914886311649	0.5998824151332818	2.7380041702831286	1.212220658038973	0.4245096849451443	5.881417414461425	0.30868391278384066	0.22295411608281135	0.21471841702015235	0.25364355411319545	0.45909571242152547	63.201178859395235	-801.0679169076076	0.001005228108682719	0.4525057693631296	9.402847485363619E-4	2.2341984461411298E-7	0.4760255747897281
44300000	-9522.149100837672	-8683.691181552103	-838.4579192855683	-8519.462983011455	50.461054772140514	720.3840947873729	0.17938564294119164	0.1520114639935551	0.0739045348794897	0.4742839992889082	0.4945673775681253	1.509948824431404	4.130506132961731	0.5111755850526324	6.741232909094777	0.08310443440256819	2.4487402408451526	0.1520114639935551	0.0739045348794897	0.4742839992889082	0.4945673775681253	1.509948824431404	4.130506132961731	0.5111755850526324	6.741232909094777	0.08310443440256819	2.4487402408451526	6.1000386844200465	0.30868391278384066	0.22295411608281135	0.20915783596002474	0.2592041351733231	0.45943800770283977	64.49548415458626	-821.3828386746659	8.655892726193448E-4	0.44292931386132983	8.040955303302233E-4	1.314843670260241E-7	0.4241929200688542
44400000	-9486.791837023642	-8679.277988763879	-807.5138482597632	-8516.580906820715	47.7179266883094	642.1749913399948	0.2601126135083696	0.26327233017973384	0.05634003548796313	0.4646422683488286	2.3299507902462917	0.2704664373240798	1.2227265536589493	0.18945788228143876	2.0114579423733816	0.05410126525650053	0.26501451727035275	0.26327233017973384	0.05634003548796313	0.4646422683488286	2.3299507902462917	0.2704664373240798	1.2227265536589493	0.18945788228143876	2.0114579423733816	0.05410126525650053	0.26501451727035275	5.901485152260296	0.30232520461724505	0.2144806733836313	0.20568136699029962	0.27751275500882383	0.4842838643072006	45.85526824330575	-799.9153159320252	0.0010923454378608847	0.49214784719566235	9.767184775613504E-4	2.419204924405935E-7	0.4642724377291797
44500000	-9491.05502043571	-8691.93074442718	-799.1242760085294	-8523.525710295096	40.59129398096545	582.8011807465155	0.1374882783059847	0.31226704853440335	0.29874094802729806	0.7570645256629612	0.397479702981661	1.8555725016142186	0.7722661879823264	0.12517929715182333	3.3603190576381694	0.5866882410012979	0.7718978708049383	0.31226704853440335	0.29874094802729806	0.7570645256629612	0.397479702981661	1.8555725016142186	0.7722661879823264	0.12517929715182333	3.3603190576381694	0.5866882410012979	0.7718978708049383	6.877618891503155	0.29023764712408073	0.2163527913415371	0.2123432250950649	0.281066336439317	0.515563191530985	47.47373142618298	-789.4805152171666	8.726519190084161E-4	0.38787991640862374	8.934492192594942E-4	1.8335751612456618E-7	0.4921054039012552
44600000	-9502.61306113055	-8677.254108858127	-825.358952272423	-8517.694110179078	47.96911691817944	666.5631218584853	0.11066544175926432	0.36469967120837343	0.030863126665222586	0.6322227984015487	1.4898748534640238	0.9461138784668632	0.9201292962275686	1.7214857169685478	2.6603472653876232	0.8606476038786033	2.7582803667219338	0.36469967120837343	0.030863126665222586	0.6322227984015487	1.4898748534640238	0.9461138784668632	0.9201292962275686	1.7214857169685478	2.6603472653876232	0.8606476038786033	2.7582803667219338	6.526457723898514	0.3018670095287343	0.22883803628977373	0.19981276628351027	0.26948218789798145	0.413809117336889	56.1820368987359	-812.290707220081	8.50255314779233E-4	0.4146770561773336	8.656037206778936E-4	1.6623706382709318E-7	0.47351003559427424
44700000	-9490.27700295614	-8678.473881547905	-811.8031214082347	-8515.237871427817	48.51642028375926	655.4654021320333	0.18463793406366016	0.15804851376672602	0.19246195378611747	0.2849583664184214	0.17176678143238625	0.8556914201573782	1.460709802564599	2.3797057283846788	4.541319506626445	0.2006458618775679	0.2379688911823421	0.15804851376672602	0.19246195378611747	0.2849583664184214	0.17176678143238625	0.8556914201573782	1.460709802564599	2.3797057283846788	4.541319506626445	0.2006458618775679	0.2379688911823421	6.480493056614247	0.29828175451778743	0.2036155848845396	0.2123649349213989	0.2857377256762738	0.35534054403469784	51.35426805097715	-800.9420746527729	7.70711837610242E-4	0.5355292313339772	7.837734210727554E-4	2.0069334302221257E-7	0.5538462374219747
44800000	-9508.902449745667	-8675.72968045062	-833.1727692950458	-8517.970947118396	46.984723126063365	682.9313997762303	0.16111790586153207	0.03906382011194906	0.013928932002203716	0.37472090833793814	1.8362696203401747	0.9482244030263902	0.47994265636700517	0.5729135848892506	4.139637230403106	0.14219043112335772	0.3371351021021809	0.03906382011194906	0.013928932002203716	0.37472090833793814	1.8362696203401747	0.9482244030263902	0.47994265636700517	0.5729135848892506	4.139637230403106	0.14219043112335772	0.3371351021021809	6.619157606983121	0.29901530369130686	0.20374871002902284	0.2123649349213989	0.2848710513582712	0.5545272814726807	57.4433108216945	-823.7586268951345	7.973380183741824E-4	0.4378183318698743	7.6625912703126E-4	1.634858388400693E-7	0.5171614220766027
44900000	-9523.803531971998	-8680.336064960891	-843.4674670111076	-8518.725999981383	44.951425193032776	690.855496128721	0.17520738559177074	0.009411471541380483	0.01923960818919478	0.5495432122629945	1.2233460753012564	1.7896788135238153	1.3493286110788214	0.09855783876029157	5.947766982925527	0.18745991047749172	0.8533505079339739	0.009411471541380483	0.01923960818919478	0.5495432122629945	1.2233460753012564	1.7896788135238153	1.3493286110788214	0.09855783876029157	5.947766982925527	0.18745991047749172	0.8533505079339739	6.113393732335314	0.2991486825464826	0.21486125913050025	0.2012523858199215	0.28473767250309545	0.521737795525697	52.74563449984261	-831.081252306624	7.647088459306444E-4	0.4925020258225635	8.6450816711207E-4	1.9127613379122116E-7	0.5495847692300634
45000000	-9494.24130018237	-8685.52952300554	-808.7117771768292	-8526.888043031999	58.8650021908676	694.9126380569885	0.2106110928835299	0.22693056371959755	0.279411892981562	0.6018460067753907	1.292562236796015	0.33346836817649744	2.146427084378481	0.21280128499172357	3.0010056788341637	0.011381454295385207	1.4792785429922888	0.22693056371959755	0.279411892981562	0.6018460067753907	1.292562236796015	0.33346836817649744	2.146427084378481	0.21280128499172357	3.0010056788341637	0.011381454295385207	1.4792785429922888	6.328318141238727	0.30475022615181185	0.2096694216540379	0.2196911852645402	0.2658891669296098	0.4367806194483991	50.38440300597024	-798.216641028967	8.830687634654308E-4	0.6582223544213444	8.074120845671382E-4	2.1943105850685422E-7	0.5345350022891431
45100000	-9504.981006040092	-8683.990661134334	-820.9903449057578	-8514.780162436264	46.79430816964201	680.1320153114218	0.13902278983015093	0.1082498285077466	0.14210608763344232	2.035783712445219	0.3076575713644638	0.33291249670783896	2.0994105736622206	0.6771519069516941	3.0335036185332758	0.6145167760409054	0.003945457898668302	0.1082498285077466	0.14210608763344232	2.035783712445219	0.3076575713644638	0.33291249670783896	2.0994105736622206	0.6771519069516941	3.0335036185332758	0.6145167760409054	0.003945457898668302	6.343863652282968	0.2905508419508329	0.2096694216540379	0.2196911852645402	0.2800885511305887	0.5973324697547951	57.35891498530501	-811.0465566782759	7.927679123893753E-4	0.4423837023951989	8.141157983306002E-4	1.3942716347816956E-7	0.45651689663252487
45200000	-9468.277381474498	-8687.965118715549	-780.3122627589494	-8524.96242044009	40.112025689164895	554.261903705248	0.1278103776794745	0.8883381387332231	0.4438856801731319	0.7804302947615909	0.21249913596537337	2.3272167114232083	0.4545308373176327	0.04943609870332658	2.84652159585299	1.2134555930518343	0.004814143203890536	0.8883381387332231	0.4438856801731319	0.7804302947615909	0.21249913596537337	2.3272167114232083	0.4545308373176327	0.04943609870332658	2.84652159585299	1.2134555930518343	0.004814143203890536	6.209879848222228	0.29597617081511557	0.2207354127433962	0.19469171832573284	0.2885966981157551	0.5020217210836158	40.353918410624885	-769.9731245517795	0.0010983778118945939	0.5281304992337542	9.764397901239073E-4	3.537978204785335E-7	0.5757106022509346
45300000	-9452.71513701271	-8666.012109766596	-786.7030272461135	-8500.782160587658	47.70961684026082	573.4343469095377	0.24592552066213436	0.41752705481359953	0.25163362977257264	0.47016790419139076	0.7409703860522996	1.9113932562318778	2.783096148236653	0.7006750220775414	3.495482442298224	0.5326536174572749	0.13006138035799844	0.41752705481359953	0.25163362977257264	0.47016790419139076	0.7409703860522996	1.9113932562318778	2.783096148236653	0.7006750220775414	3.495482442298224	0.5326536174572749	0.13006138035799844	7.272317587838186	0.2913646414226959	0.2124747629879088	0.20297636602002755	0.2931842295693675	0.4753103558840715	51.82281832926143	-773.6666118560976	0.0011241442639231413	0.6659652561418458	0.0010146822743682302	4.7404698068761594E-7	0.6282149853337293
45400000	-9536.709682233839	-8697.266372641508	-839.4433095923314	-8529.609116210175	59.074567543133746	776.8900679627898	0.16847362459042953	0.0632185431694796	0.1795059977187933	0.10786080573939505	0.37754735220979935	2.982076662643471	0.8205220105935644	1.2871694123600605	5.918739370252266	0.4880589863678703	0.6036614429687105	0.0632185431694796	0.1795059977187933	0.10786080573939505	0.37754735220979935	2.982076662643471	0.8205220105935644	1.2871694123600605	5.918739370252266	0.4880589863678703	0.6036614429687105	6.283758652303981	0.306595353457873	0.20472565021035932	0.20487952303580803	0.28379947329595945	0.47568669125244806	65.86439379449388	-826.6514256320056	7.958318803072767E-4	0.30000561618126614	6.91570939247603E-4	2.1212740777355358E-7	0.5940332320233475
45500000	-9520.706716022845	-8689.316722414735	-831.3899936081102	-8529.071240214005	44.89974319253857	657.6017410224871	0.16810307945552275	0.09238588985616021	0.26129015585684895	0.3153252575656167	1.425197851952317	0.6841071195469554	2.999411088603447	0.0011891573559959486	2.676961840646965	0.3964310589037074	0.06616998648118398	0.09238588985616021	0.26129015585684895	0.3153252575656167	1.425197851952317	0.6841071195469554	2.999411088603447	0.0011891573559959486	2.676961840646965	0.3964310589037074	0.06616998648118398	6.102230043916489	0.30117506538017924	0.22682434281881225	0.19627687099956853	0.27572372080143975	0.46524664694907736	67.40590001983169	-822.1001880086775	8.202709485987764E-4	0.4092677909517609	8.403526799797836E-4	1.0619640227393054E-7	0.40298859667334264
45600000	-9502.83722628085	-8668.291743843072	-834.5454824377779	-8505.715881552009	50.17807627397063	693.8772975601582	0.18093603775369305	0.8010987932789749	0.20701498685702835	0.08868458660119784	4.1716852473073915	0.5585728384116314	5.010517846680689	0.299379847439533	6.173088610950052	0.7706659424214889	0.19013127925147474	0.8010987932789749	0.20701498685702835	0.08868458660119784	4.1716852473073915	0.5585728384116314	5.010517846680689	0.299379847439533	6.173088610950052	0.7706659424214889	0.19013127925147474	6.352580422313882	0.3061479860369709	0.21667798741551864	0.20220106104602825	0.27497296550148204	0.4823579608228856	65.77584269949439	-815.4159425923151	8.749796303907257E-4	0.5133184494037716	7.753488981090734E-4	2.703080085468321E-7	0.6011515278687258
45700000	-9525.781328091913	-8717.509384103096	-808.2719439888173	-8558.091797252782	41.339968386569836	605.6302319132366	0.15107977347153556	1.3942475278422708	0.13906355437647203	1.0377903221721618	0.02998144725944039	0.7378740866848428	2.7223938263675063	2.109657202670054	2.6687353742886923	1.0615508125292685	1.6381329351679121	1.3942475278422708	0.13906355437647203	1.0377903221721618	0.02998144725944039	0.7378740866848428	2.7223938263675063	2.109657202670054	2.6687353742886923	1.0615508125292685	1.6381329351679121	6.792156350019167	0.30885820926190305	0.19976391475483815	0.20135914825033321	0.29001872773292536	0.4546734985345714	53.78832039349048	-794.5252121489572	8.405599631477325E-4	0.33227668751286016	8.966404404707682E-4	9.416389180415465E-8	0.34704009520692797
45800000	-9478.632862373655	-8694.26779553939	-784.3650668342647	-8528.603033791895	41.86967352869976	563.2532391377906	0.16025531470353566	0.7227514167315134	0.1766401374558471	0.03206546061718753	1.1036959310760348	1.4868232747909116	1.532721883597555	0.12694546840162335	3.6481845814446467	1.4681322004274404	2.227698038634011	0.7227514167315134	0.1766401374558471	0.03206546061718753	1.1036959310760348	1.4868232747909116	1.532721883597555	0.12694546840162335	3.6481845814446467	1.4681322004274404	2.227698038634011	5.930798514496089	0.300151589842479	0.21098147578886584	0.2138025598549295	0.2750643745137254	0.42694439849254606	46.21672050913079	-771.7200615153399	9.786939873053233E-4	0.38108283196098874	8.998999746526309E-4	1.1988834438188867E-7	0.3721883394234461
45900000	-9487.945504293271	-8696.144773495367	-791.8007307979041	-8528.340497528365	42.221610871690785	586.9145973841859	0.23467041386116771	0.6247925042788821	0.0019188894201006168	0.3427109665759432	0.2856116194263254	0.7206926426846519	0.6409792478053764	2.868781182585263	2.90806485683249	0.5006425576674959	0.9687019589816873	0.6247925042788821	0.0019188894201006168	0.3427109665759432	0.2856116194263254	0.7206926426846519	0.6409792478053764	2.868781182585263	2.90806485683249	0.5006425576674959	0.9687019589816873	7.420164923283054	0.29164777060508296	0.20937583609321692	0.21298299193810916	0.28599340136359064	0.5140635189059892	42.44689471231619	-781.7090763236661	0.0010322897704485219	0.3600686731511631	0.001017817837267156	1.4989770611544363E-7	0.37467809775832084
46000000	-9488.130086402683	-8676.623951110678	-811.5061352920052	-8511.095729570694	47.50219691568705	636.2002830015224	0.24293238230012348	0.46729619845588405	0.1944523978785928	0.052542894407220084	0.44993479728129016	0.6219449442218358	2.4405826559108297	0.11392523481887444	3.7429008369239383	0.7800759094744696	0.08330360770635686	0.46729619845588405	0.1944523978785928	0.052542894407220084	0.44993479728129016	0.6219449442218358	2.4405826559108297	0.11392523481887444	3.7429008369239383	0.7800759094744696	0.08330360770635686	7.24689353446424	0.3063526605834011	0.20977088186936604	0.2094048068527375	0.27447165069449503	0.482409804657943	54.72957398443689	-802.0182860977811	9.218459244408414E-4	0.4468508219717614	8.705447946508298E-4	1.3036512175006417E-7	0.4001057097413575
46100000	-9504.682141787345	-8687.52201897088	-817.1601228164661	-8528.595622687437	42.74984378088847	612.4866085395047	0.18739225730803016	0.1630557413117105	0.0794629932315749	0.0016192210441466058	5.766518158334716	1.2351668093219823	1.3891189084811573	0.3445247557382601	5.94737398576043	1.7826321362000617	1.639644885988996	0.1630557413117105	0.0794629932315749	0.0016192210441466058	5.766518158334716	1.2351668093219823	1.3891189084811573	0.3445247557382601	5.94737398576043	1.7826321362000617	1.639644885988996	5.761126681715944	0.31187183465418344	0.21023035347818927	0.21864814300653293	0.259249668861094	0.5704465851469143	62.137681252866514	-798.6035970392826	8.36514481842884E-4	0.39965300097085643	8.554972612507587E-4	1.328623822913698E-7	0.43588095541779215
46200000	-9539.439063536947	-8708.304757306965	-831.1343062299812	-8556.04883915615	60.62207089081346	720.7840734475283	0.14025654511033908	0.2595392217328249	0.2644509079836426	0.12554167988384948	0.28544565050090354	0.7491723523873152	1.3034911244582914	0.8268493048371681	3.066839996771001	0.18785582689705957	0.5207309560652926	0.2595392217328249	0.2644509079836426	0.12554167988384948	0.28544565050090354	0.7491723523873152	1.3034911244582914	0.8268493048371681	3.066839996771001	0.18785582689705957	0.5207309560652926	6.650621940001823	0.30169780131423324	0.20721684089650827	0.2163728867420719	0.2747124710471862	0.5022090052150773	56.24393285824497	-822.9397999536739	7.765083620484417E-4	0.4619519213469716	7.630155816353887E-4	1.3866478261227277E-7	0.4875269174813586
46300000	-9522.399811019477	-8680.181666458175	-842.218144561302	-8521.306026820039	46.40212281065296	690.7178498597922	0.16517917695845694	1.326387335660653	0.1270434028638628	0.18595884769603002	2.9009293297961514	1.3512829993549553	1.2430484825312038	1.790787654826561	2.431428860944757	0.2271374623041191	0.09836357796565497	1.326387335660653	0.1270434028638628	0.18595884769603002	2.9009293297961514	1.3512829993549553	1.2430484825312038	1.790787654826561	2.431428860944757	0.2271374623041191	0.09836357796565497	6.6127316569809915	0.311935030927122	0.20620935711630567	0.20780343060962433	0.2740521813469477	0.5505896200949595	64.70624625369	-829.7637947631476	7.553423242184513E-4	0.4969362689862951	8.02806307383454E-4	1.326580153974153E-7	0.478378390609731
46400000	-9531.036628950413	-8704.159001391656	-826.8776275587568	-8538.895100868915	43.41123962632655	625.7971837812098	0.1106599805538188	0.1924959279259431	0.030268380304714314	2.516069085949732	1.5664990121476297	1.4792636498071412	2.101287652670497	0.08624121893571335	3.3376951035731968	0.47401736572899006	0.009238910533426443	0.1924959279259431	0.030268380304714314	2.516069085949732	1.5664990121476297	1.4792636498071412	2.101287652670497	0.08624121893571335	3.3376951035731968	0.47401736572899006	0.009238910533426443	5.902127825207572	0.310171515831615	0.2064968605708728	0.20780343060962433	0.27552819298788755	0.47735696109250486	57.26909011868747	-813.8962321712881	9.275905468605031E-4	0.5220949879241583	9.329375982050171E-4	1.9378121388940673E-7	0.47721921533918815
46500000	-9533.445504039579	-8696.92963033332	-836.5158737062596	-8531.615517913899	47.491357618976835	730.6097524937804	0.1379951123372791	0.21208352737411443	0.1922822881480002	0.4553431101897583	1.7225266001020234	0.8291019967374709	2.6375524540287345	0.12843976517081068	4.273114270754367	0.4322503278742438	0.6503636368034237	0.21208352737411443	0.1922822881480002	0.4553431101897583	1.7225266001020234	0.8291019967374709	2.6375524540287345	0.12843976517081068	4.273114270754367	0.4322503278742438	0.6503636368034237	6.353604443406484	0.2990111275426427	0.2097076621745497	0.20780343060962433	0.28347777967318294	0.6228573136291905	63.67662886523158	-825.0718436588481	8.115719732269561E-4	0.2213237862433355	7.945388988958278E-4	3.224066494509729E-8	0.2211266735834725
46600000	-9520.510899939718	-8695.204034232649	-825.3068657070686	-8530.595353893228	45.72111730727235	679.5318367772185	0.145076583991673	0.6797203006830022	0.049658156626613256	0.5234626979199757	0.9167270884626116	1.6423444050010825	1.8407029448561203	0.007943058972297539	5.219280664429562	0.9541853511614825	1.1700095336523502	0.6797203006830022	0.049658156626613256	0.5234626979199757	0.9167270884626116	1.6423444050010825	1.8407029448561203	0.007943058972297539	5.219280664429562	0.9541853511614825	1.1700095336523502	5.920765569301949	0.2988610435608964	0.21386537396707783	0.21628341751250313	0.2709901649595223	0.5138855590552868	62.88978647174307	-811.7819164162696	8.251889131006422E-4	0.44273959120754053	7.825312814387338E-4	1.610254047440373E-7	0.4825480511389339
46700000	-9480.702551944467	-8660.778230220716	-819.9243217237514	-8499.786193720154	54.947774193409906	651.075648510972	0.17050020765028104	0.2072848673603167	0.23786751374282014	0.3707278059358597	0.036505110765195095	0.23645976561574727	0.7754689094488194	0.13090081025002892	5.560543631016969	0.030926072358822446	0.5952764682289167	0.2072848673603167	0.23786751374282014	0.3707278059358597	0.036505110765195095	0.23645976561574727	0.7754689094488194	0.13090081025002892	5.560543631016969	0.030926072358822446	0.5952764682289167	6.136511861981698	0.2988610435608964	0.2053239588442247	0.23052025320162867	0.26529474439324985	0.5076967482845354	68.18155402265972	-809.8562919961223	9.504396512441478E-4	0.7783639287460413	8.38489626230573E-4	7.29523465381418E-7	0.8975887590497285
46800000	-9515.994434148814	-8705.443108676189	-810.5513254726243	-8546.436994362486	42.091669722089115	597.3036351756216	0.15550438366481634	0.03904384137297646	0.23338313845577485	1.986449668928213	0.2539026389439872	2.842430525803561	1.3712215255015296	0.19811867431799512	9.125108574386635	1.1722125404170163	0.2161683771553492	0.03904384137297646	0.23338313845577485	1.986449668928213	0.2539026389439872	2.842430525803561	1.3712215255015296	0.19811867431799512	9.125108574386635	1.1722125404170163	0.2161683771553492	6.721997523484589	0.2855429248291772	0.20348268240281342	0.22319318398973653	0.2877812087782724	0.4487927810695348	50.93491461262702	-793.1553009973059	9.045712852331556E-4	0.2921535935762949	8.538122743413779E-4	5.772212262129562E-7	0.8124230548498307
46900000	-9458.583136528689	-8655.631889311475	-802.9512472172138	-8491.68197505864	42.36096845692268	590.5648281016663	0.15190272326434393	0.05900323187381931	0.009153654822824743	0.42658177282165394	0.9633329629591617	0.6935008805818891	0.720925645227103	0.38198650048386695	1.8739119121130354	0.33297614561113836	0.3752377051132505	0.05900323187381931	0.009153654822824743	0.42658177282165394	0.9633329629591617	0.6935008805818891	0.720925645227103	0.38198650048386695	1.8739119121130354	0.33297614561113836	0.3752377051132505	7.004388633922595	0.29410335277252037	0.2129218575731037	0.2134316462245174	0.2795431434298581	0.5301541970372395	58.78358843350344	-795.796966868146	9.711682911616904E-4	0.5395967948010411	9.335274511116335E-4	3.4347883519091293E-7	0.6177213203754839
47000000	-9477.363720513747	-8700.522357998318	-776.8413625154291	-8529.710291436295	39.02600301088793	556.8531136196566	0.27001750326701784	0.9345563017534612	0.04083091781247644	0.6112833463022531	1.041071841398237	0.29675252650290856	1.5437818374792476	0.18702446968266886	1.2456054658956481	0.17289001101586757	0.16508897327471844	0.9345563017534612	0.04083091781247644	0.6112833463022531	1.041071841398237	0.29675252650290856	1.5437818374792476	0.18702446968266886	1.2456054658956481	0.17289001101586757	0.16508897327471844	6.365795114355005	0.2993306537125528	0.21899596785758157	0.20416180944588413	0.27751156898398105	0.4412164174278504	41.360702977147824	-770.4485119098362	9.161529133641618E-4	0.5085633542931707	9.384091060715155E-4	2.8043867317529695E-7	0.5598468258198523
47100000	-9484.612773033865	-8681.329204828131	-803.2835682057331	-8511.513133433366	42.60611228263338	600.7527412591927	0.16262031397663354	0.13194912873326659	0.0864609197862712	0.47539859762342523	1.0544529511164926	0.5563908626528475	0.3940685057810621	1.0997678532376614	2.8184245582510363	0.9811373887164457	0.8563330048185709	0.13194912873326659	0.0864609197862712	0.47539859762342523	1.0544529511164926	0.5563908626528475	0.3940685057810621	1.0997678532376614	2.8184245582510363	0.9811373887164457	0.8563330048185709	6.175584084581207	0.30123540594886933	0.20338751497096028	0.21330739176200594	0.28206968731816406	0.5140111558572963	54.943917431212135	-794.0685731241414	9.274866131166541E-4	0.48832593127872925	9.102234558461741E-4	2.6413430928331387E-7	0.547385718043319
47200000	-9510.149507616654	-8682.027865686217	-828.1216419304358	-8525.067620729904	45.3244318666095	674.5226679727006	0.12065431582542889	0.21738469533600385	0.5620121960425492	0.23086312418585014	1.2541591252335904	0.7235113063719402	4.069547097425311	0.35884333388814726	3.8735548234607036	0.6247848284525472	0.6989347631728547	0.21738469533600385	0.5620121960425492	0.23086312418585014	1.2541591252335904	0.7235113063719402	4.069547097425311	0.35884333388814726	3.8735548234607036	0.6247848284525472	0.6989347631728547	6.539722818345954	0.3144533457416962	0.20338751497096028	0.20008945196917907	0.28206968731816406	0.5006625478388738	57.227795129258546	-815.1349390863097	7.657464002512404E-4	0.347949063062005	8.289274280865533E-4	1.860538776976081E-7	0.5562739968689256
47300000	-9507.71431067011	-8690.158984244204	-817.555326425905	-8514.856265029153	42.64682061937175	623.251811528288	0.16191949239888428	0.2960664934248652	0.43372133702932736	0.384748709174717	0.17458511955496714	0.9311040235452834	3.457439745279744	0.4499190793127294	1.3281507530783343	0.0796420495871617	0.4660647753816378	0.2960664934248652	0.43372133702932736	0.384748709174717	0.17458511955496714	0.9311040235452834	3.457439745279744	0.4499190793127294	1.3281507530783343	0.0796420495871617	0.4660647753816378	6.872898774885538	0.29856217756155135	0.2240498623732542	0.19531827274703004	0.28206968731816406	0.6088078357271219	58.587279330812585	-808.8545701506728	8.421975326754615E-4	0.42484489011930804	8.43271296797419E-4	1.9318620942623032E-7	0.5268435899256951
47400000	-9536.98261818342	-8699.970802296282	-837.0118158871369	-8539.739378724744	59.64709427575708	733.0324341725815	0.14028296712072738	0.5242510360147739	0.24509266316788048	1.3874496458817485	0.5761069216066257	1.2058477650500838	2.6440197802730663	0.8412354226535779	4.665174711874625	1.0399810221849057	1.3200238912403452	0.5242510360147739	0.24509266316788048	1.3874496458817485	0.5761069216066257	1.2058477650500838	2.6440197802730663	0.8412354226535779	4.665174711874625	1.0399810221849057	1.3200238912403452	6.459734191596333	0.2897941386751752	0.2168377146799618	0.21571655189314043	0.2776515947517222	0.477395689804646	63.57055148343525	-821.6504012136488	7.638082937867706E-4	0.5523987615558575	7.201491565448273E-4	2.063282546430001E-7	0.6015898600051743
47500000	-9525.329417191471	-8693.940100251035	-831.3893169404361	-8531.2863054539	43.266650948159956	644.2698819493005	0.19064725627540932	0.3316720538831979	0.26303659583025474	0.08963086754935815	3.3610885109240156	0.5177415527685612	3.9999129928407515	0.3799606920251966	4.229555686317974	0.1297085430623615	0.3023587391171071	0.3316720538831979	0.26303659583025474	0.08963086754935815	3.3610885109240156	0.5177415527685612	3.9999129928407515	0.3799606920251966	4.229555686317974	0.1297085430623615	0.3023587391171071	6.174660841823527	0.2939069784715642	0.20727137915595167	0.20790553919491658	0.2909161031775674	0.5255655985878214	53.08433760434778	-817.0318545136045	9.082197604758384E-4	0.5364213824592571	8.349159706345839E-4	2.4480377141404685E-7	0.5705241479857227
47600000	-9484.792041841682	-8674.22468610731	-810.5673557343706	-8510.227217955207	47.91539240578295	585.0090008681344	0.21973235212524792	0.3322714768439276	0.040701751239806044	0.569168085549412	2.746199579762277	1.680006114381532	4.322974376557985	1.3586499505365035	6.0794940083929605	1.4515692514270355	0.4895091544714115	0.3322714768439276	0.040701751239806044	0.569168085549412	2.746199579762277	1.680006114381532	4.322974376557985	1.3586499505365035	6.0794940083929605	1.4515692514270355	0.4895091544714115	5.978335568158546	0.29620743614905126	0.20727137915595167	0.20840015141320367	0.2881210332817933	0.49540214887791606	47.726003184819554	-791.2417346782601	8.895332187779029E-4	0.4845759550718731	9.706744087624527E-4	2.374052389681632E-7	0.5258650487032331
47700000	-9495.250597861332	-8682.295211951465	-812.9553859098667	-8520.356591061314	63.59290804534053	706.6988466109791	0.18039012498267593	0.41599779585559615	0.08828934319425082	0.3173379072589236	0.08671909573542409	0.48818987264446284	5.216310689960374	0.1766922494890921	3.585565030873882	0.3891454557269703	0.3032370021154233	0.41599779585559615	0.08828934319425082	0.3173379072589236	0.08671909573542409	0.48818987264446284	5.216310689960374	0.1766922494890921	3.585565030873882	0.3891454557269703	0.3032370021154233	6.597355798160263	0.3065541271755401	0.21293976949113919	0.1889149398860663	0.2915911634472543	0.44569735471272615	45.80794635187106	-801.1910689113055	8.823845540761435E-4	0.5377705101929474	7.437077785058744E-4	2.167433372952547E-7	0.5542142710109862
47800000	-9486.169030990639	-8657.909777987996	-828.2592530026436	-8495.28363913137	48.73354722376913	697.0677851998712	0.13892958376656997	0.7150821678872522	0.13848438304944607	0.7300327286632824	0.6360486304577477	0.6570452767486847	1.0286908947366262	0.024005801783967638	2.000996776361272	0.42387823574388767	0.1355219922155153	0.7150821678872522	0.13848438304944607	0.7300327286632824	0.6360486304577477	0.6570452767486847	1.0286908947366262	0.024005801783967638	2.000996776361272	0.42387823574388767	0.1355219922155153	6.6452250370224695	0.2909298383281454	0.2183307256212057	0.2145609681301869	0.2761784679204619	0.5148339155844213	53.19176151329731	-820.5268580651275	8.126166045983338E-4	0.6475016943286588	8.164920818021944E-4	2.379272522299812E-7	0.5701759997237421
47900000	-9550.557294471675	-8685.39450095185	-865.1627935198255	-8512.46433473351	69.34452702541161	876.8925183622439	0.23491478528787188	0.19262699714834502	0.011086963817345377	0.14252701549420435	5.428359536782434	1.095545159089998	0.6460020559640842	2.390118527457508	1.8427778341156908	0.0114847976749927	1.4572425639080269	0.19262699714834502	0.011086963817345377	0.14252701549420435	5.428359536782434	1.095545159089998	0.6460020559640842	2.390118527457508	1.8427778341156908	0.0114847976749927	1.4572425639080269	5.333442586255346	0.28832183967518205	0.2160340941388158	0.2145609681301869	0.28108309805581516	0.43991931052509214	80.97983479846717	-850.8259623882313	8.527605929833456E-4	0.6971123590514252	7.24909307638912E-4	2.43356320470023E-7	0.5922923987375942
48000000	-9513.73231977031	-8674.738120770033	-838.9941990002777	-8519.54131352861	50.52951963197431	707.3445411778279	0.18838435022177055	0.01080242897846614	0.07737343321914722	1.0563755904052465	3.4655928244667007	1.2947075511026571	0.07805959248014037	0.6738122844039965	3.543739110090616	0.08194423140092671	0.8401329452253633	0.01080242897846614	0.07737343321914722	1.0563755904052465	3.4655928244667007	1.2947075511026571	0.07805959248014037	0.6738122844039965	3.543739110090616	0.08194423140092671	0.8401329452253633	5.542785658644306	0.3159130450414224	0.2071957455931521	0.19823220442464987	0.2786590049407755	0.45948611180263305	60.840285901153145	-827.5651632068497	7.718730944041976E-4	0.491506126197628	7.774965207377066E-4	1.477917095440557E-7	0.504567771738162
48100000	-9461.23254023451	-8673.8951950239	-787.3373452106106	-8512.371267063047	49.01548507206436	584.7625539610341	0.13248655967318645	1.1019887855784822	0.6166184699870774	0.946602998429349	0.1612755717840068	0.9937995886733937	0.7779449021691573	0.694760265884398	5.218209335413721	1.6617635441198706	0.05253884228755788	1.1019887855784822	0.6166184699870774	0.946602998429349	0.1612755717840068	0.9937995886733937	0.7779449021691573	0.694760265884398	5.218209335413721	1.6617635441198706	0.05253884228755788	5.879389903305693	0.30349374196526985	0.2161267286222911	0.2110089523942448	0.2693705770181942	0.4643977395562876	45.36367579446674	-773.9180592592757	9.858140950597814E-4	0.6329187827485026	8.623458341183083E-4	3.2486915389825395E-7	0.6063585345563789
48200000	-9508.333213839727	-8686.392344004169	-821.9408698355578	-8519.066946035544	51.9758554497309	663.8200179212857	0.1654803449258451	0.822460009974823	0.03603168457803535	1.4169870554282118	0.8425115060327304	1.3413932826504278	1.2989554670239651	0.6229646122725888	4.264936490369304	0.5390014438549559	0.7074308645030608	0.822460009974823	0.03603168457803535	1.4169870554282118	0.8425115060327304	1.3413932826504278	1.2989554670239651	0.6229646122725888	4.264936490369304	0.5390014438549559	0.7074308645030608	5.714285866335449	0.30523142480602145	0.2064732725211203	0.2110089523942448	0.2772863502786134	0.5741241841988657	45.123093250507615	-809.4648830626197	8.619858879816102E-4	0.5493204210739173	8.744640211321174E-4	2.8671354256233357E-7	0.6023309333904205
48300000	-9511.307472866343	-8684.572023776895	-826.7354490894493	-8522.740660920228	45.23430278814433	647.7060650552107	0.14491716133472776	0.6997100380673423	0.13601552701917005	2.4061887423338444	0.6942684548051786	1.800040008104378	1.3120008482106909	0.16679368326082233	3.4836126039256756	0.21131834803381844	0.22199048440894287	0.6997100380673423	0.13601552701917005	2.4061887423338444	0.6942684548051786	1.800040008104378	1.3120008482106909	0.16679368326082233	3.4836126039256756	0.21131834803381844	0.22199048440894287	6.747304579202063	0.30860347263555193	0.21471993439857204	0.19929810948146207	0.27737848348441396	0.4745718990498153	49.39070508577007	-815.332341406118	8.117843602552617E-4	0.38587207282743047	8.363225408325476E-4	1.9354749054984795E-7	0.5506056316283368
48400000	-9513.35286712973	-8672.728838121937	-840.6240290077931	-8519.412855070092	47.25778948554107	690.5902518047102	0.11163539785410723	0.14182340802598714	0.2378775277878424	0.650349860359351	0.44750979772497473	2.3610085599207085	0.6941047247259235	0.9053694308170881	4.381397773086204	0.2347796359967881	1.8659841057349815	0.14182340802598714	0.2378775277878424	0.650349860359351	0.44750979772497473	2.3610085599207085	0.6941047247259235	0.9053694308170881	4.381397773086204	0.2347796359967881	1.8659841057349815	6.441838974474681	0.2995139823230272	0.20961246470492445	0.21355879529625438	0.277314757675794	0.47003287499653196	62.87584610754446	-827.9430917989301	8.250804761702136E-4	0.4107066799127713	8.312564516233335E-4	1.2307481749913937E-7	0.4340220622794382
48500000	-9495.02846393086	-8694.41607264399	-800.6123912868692	-8534.401395476023	39.32276018150563	576.2513955093478	0.1355372857650247	0.23011264922703067	0.47676356607508713	1.6819988155341326	0.9686063470409954	1.9390455329626712	0.3745166598936228	0.19079112660473682	5.610871849320915	0.8835340505930631	0.9220659859075583	0.23011264922703067	0.47676356607508713	1.6819988155341326	0.9686063470409954	1.9390455329626712	0.3745166598936228	0.19079112660473682	5.610871849320915	0.8835340505930631	0.9220659859075583	6.2063967797130655	0.307340457780902	0.20840040121472717	0.21355879529625438	0.2707003457081164	0.5886923797670008	43.090436282824314	-786.727689729153	0.0010518766141758968	0.3899824010869259	0.0010004374638040076	2.058532891211271E-7	0.42924287024943014
48600000	-9537.234881417995	-8686.904182240767	-850.3306991772283	-8516.08632893313	54.276563426776086	740.2290665359183	0.16514842003478783	1.035692030276545	0.2934708562205944	0.1090568099007766	0.08325258382922454	0.30108783502935127	1.2643620825300406	0.12482461701305722	1.6204007154067803	0.28286980640798964	0.025035822941096124	1.035692030276545	0.2934708562205944	0.1090568099007766	0.08325258382922454	0.30108783502935127	1.2643620825300406	0.12482461701305722	1.6204007154067803	0.28286980640798964	0.025035822941096124	6.782734247759967	0.307340457780902	0.20165887449464512	0.21355879529625438	0.27744187242819845	0.49078242954389895	59.2141970404018	-844.2352986855387	7.815480674654396E-4	0.5677920108208606	7.429189956390052E-4	9.439405708030347E-8	0.41339401922861524
48700000	-9529.540609969159	-8693.189523848969	-836.3510861201903	-8527.892948979163	47.11645804680066	707.240802992269	0.19004441333829622	0.21203036258216099	0.09377590361029511	0.17334924097775603	0.6500296750955703	0.18607572778321213	1.350518066761954	0.40650827152531105	0.895829503769202	0.13390882311856434	0.20063898290602267	0.21203036258216099	0.09377590361029511	0.17334924097775603	0.6500296750955703	0.18607572778321213	1.350518066761954	0.40650827152531105	0.895829503769202	0.13390882311856434	0.20063898290602267	5.793560740696233	0.3059629527494229	0.2039656820548025	0.21262949276757606	0.27744187242819845	0.49078242954389895	50.95135605971444	-832.7198006645496	8.298810871787777E-4	0.24848432430567863	8.153048998553922E-4	1.1017549084564168E-7	0.41174179854752596
48800000	-9521.499068352212	-8695.700092765008	-825.7989755872043	-8527.942039682603	64.85719815816043	718.5910834362726	0.19848066186822874	0.12202231166180984	0.41544845866776836	1.1820596336734461	0.46759852819264436	0.4621030415743803	2.817260882652698	0.04322152901406247	5.0193248875509635	0.8994908970782487	0.37512961472597006	0.12202231166180984	0.41544845866776836	1.1820596336734461	0.46759852819264436	0.4621030415743803	2.817260882652698	0.04322152901406247	5.0193248875509635	0.8994908970782487	0.37512961472597006	7.2565416996455205	0.28397669226607036	0.2214329115377095	0.21714852376802155	0.27744187242819845	0.45342025943633085	58.42254237487074	-813.2872223885165	8.480211596894752E-4	0.5084630119724515	7.867796621289217E-4	1.0274570152890799E-7	0.3848408261817373
48900000	-9545.373964647697	-8712.16399616742	-833.2099684802771	-8545.951046068529	44.21231800769932	683.0583823716267	0.11423477787083174	0.43774741737542383	0.211731759696254	0.9812443552858884	0.2521551157627743	1.1277084030131945	2.866585501023889	0.6608432039784995	2.58741692162905	0.7468954762272533	0.06051611593694846	0.43774741737542383	0.211731759696254	0.9812443552858884	0.2521551157627743	1.1277084030131945	2.866585501023889	0.6608432039784995	2.58741692162905	0.7468954762272533	0.06051611593694846	5.599540260765302	0.3069799981761931	0.19653051531270455	0.2178179428004724	0.2786715437106298	0.44473189514234956	67.0358971564691	-823.451515063187	7.388146470975202E-4	0.2580430598400552	7.9306658824576E-4	9.878710389294469E-8	0.42060736820346056
49000000	-9515.413798019303	-8669.854623182262	-845.5591748370406	-8511.62340276072	59.8290595610054	750.8043693104227	0.20723379367334524	0.06473261706123991	0.1564597917109971	0.06630646035505915	3.7544504041847344	0.5929954802841312	2.5000313464556805	0.05611411829158467	1.9650390686477373	0.33077866334094025	0.0678616285873369	0.06473261706123991	0.1564597917109971	0.06630646035505915	3.7544504041847344	0.5929954802841312	2.5000313464556805	0.05611411829158467	1.9650390686477373	0.33077866334094025	0.0678616285873369	5.737644340500611	0.3069799981761931	0.21909953921632025	0.1952489188968567	0.2786715437106298	0.4239345241404994	72.22689981208119	-835.5353996209984	8.111472382052031E-4	0.49129795843263674	7.666365698996041E-4	1.0225563038882881E-7	0.39656061028167905
49100000	-9517.971390492308	-8703.938080178701	-814.033310313608	-8535.58148750207	50.07364610503938	675.7801163961024	0.130032072156107	0.46252663753291506	0.24164133490591808	0.4885753881803075	0.1192419518502366	1.5577865335680827	2.011778459292566	0.0916776817703301	4.059071088629866	0.5820460918046356	1.765381638669984	0.46252663753291506	0.24164133490591808	0.4885753881803075	0.1192419518502366	1.5577865335680827	2.011778459292566	0.0916776817703301	4.059071088629866	0.5820460918046356	1.765381638669984	6.5877041017333395	0.29820401544808106	0.205417531297734	0.2192169009843311	0.2771615522698537	0.43425457863351913	54.11774264288115	-802.5434027447784	8.721770235377169E-4	0.2997799641997423	8.106048226762046E-4	7.596337917197775E-8	0.3237515545932898
49200000	-9532.266898611208	-8716.12582086698	-816.1410777442261	-8554.439690368621	58.71935503997769	689.6309935299926	0.12811983189530937	0.1755068736011777	0.01179329321820387	0.4771890971653589	0.36081210636794897	0.13486626614531178	1.1961953480920122	0.017422643041349835	1.7485322872171005	0.3918415143594253	0.07064333785767181	0.1755068736011777	0.01179329321820387	0.4771890971653589	0.36081210636794897	0.13486626614531178	1.1961953480920122	0.017422643041349835	1.7485322872171005	0.3918415143594253	0.07064333785767181	7.136520971120873	0.2982473667534769	0.20872214058811067	0.20703810376975143	0.28599238888866085	0.434991458036328	57.34413466981622	-810.8061938844421	8.411572099923653E-4	0.41999553217824437	8.280166824453883E-4	1.0132513116778832E-7	0.37189612339073014
49300000	-9506.44907411856	-8673.561464489272	-832.8876096292875	-8509.262932024845	45.427727656799725	658.067649542849	0.13573875389575216	0.6743520885664583	0.32572770672643436	0.03951624324306915	0.09949719694343051	0.9916578459920955	2.2832487307498197	0.18558296459906126	3.247923673098869	0.27518913892526287	0.4483314245188914	0.6743520885664583	0.32572770672643436	0.03951624324306915	0.09949719694343051	0.9916578459920955	2.2832487307498197	0.18558296459906126	3.247923673098869	0.27518913892526287	0.4483314245188914	6.222586316767666	0.28506132670438833	0.21548117097963337	0.20607096950433137	0.2933865328116468	0.4724667923035149	62.74185348404979	-823.3639135614483	9.118733385019685E-4	0.4841385051419944	9.094976575419083E-4	2.49050014708535E-7	0.5219337375405532
49400000	-9535.68405239108	-8683.184759226728	-852.4992931643521	-8524.93343318512	47.526420188697415	727.774598389318	0.11750669822225011	0.2283096165916869	0.003861333365759743	0.34700839514840603	0.1460589384935284	0.618938543052324	0.7404053091324011	0.2849328447850809	2.650560636905443	0.12413448599656765	0.7929783290403377	0.2283096165916869	0.003861333365759743	0.34700839514840603	0.1460589384935284	0.618938543052324	0.7404053091324011	0.2849328447850809	2.650560636905443	0.12413448599656765	0.7929783290403377	6.061655559529707	0.30717413026257184	0.21476346063622356	0.21198259438128342	0.2660798147199211	0.5879372090630671	73.69333618718434	-845.8760249474125	7.427644988303007E-4	0.39994025588521886	7.756667661016644E-4	1.0211890143583543E-7	0.42290361409830257
49500000	-9511.562720249052	-8686.19931098574	-825.3634092633129	-8517.165374926439	51.95606504281154	695.0744853830175	0.15762476369455403	2.0931327176382024	0.26869312213128277	0.37677154736025015	1.0500111178772342	2.4018567611206056	0.651989771031795	0.4017024393659371	4.747783826765623	0.005908033368853523	1.7572163546886026	2.0931327176382024	0.26869312213128277	0.37677154736025015	1.0500111178772342	2.4018567611206056	0.651989771031795	0.4017024393659371	4.747783826765623	0.005908033368853523	1.7572163546886026	5.935075082807092	0.29792711489611073	0.20153680494168055	0.21189044690277023	0.28864563325943837	0.4032447139512826	59.564175230517876	-810.8913872265884	8.070017315771676E-4	0.556604491833829	7.777313454622695E-4	2.30913576335549E-7	0.6129678790417178
49600000	-9536.683489918056	-8706.405150726276	-830.2783391917793	-8547.623002207612	57.10009258085676	701.2041030880719	0.17847056146343185	0.04417554089945295	0.2944603559824592	0.09270603493712408	0.6308646888626384	0.01870746161856896	2.1857899496504616	0.19222808617987786	4.109102373940683	0.41423264003853905	0.02874353912361654	0.04417554089945295	0.2944603559824592	0.09270603493712408	0.6308646888626384	0.01870746161856896	2.1857899496504616	0.19222808617987786	4.109102373940683	0.41423264003853905	0.02874353912361654	5.844789385007718	0.272903116474228	0.2216666258268459	0.21641789721867566	0.2890123604802503	0.5346946458376167	69.66732904157472	-822.2406251772851	8.989524473872431E-4	0.30282470332484424	8.882179512795433E-4	3.2252186939848883E-7	0.6199275759042444
49700000	-9557.980021949585	-8676.036196477702	-881.9438254718821	-8500.814499385677	47.63615866163724	823.8760653787388	0.19594432129038206	0.0695996981778176	0.0062932231807973525	0.2463921121460854	5.200625308518067	1.0019299426225452	1.1994140521786678	0.20174621067541842	1.8236929294827824	0.5145957560838628	1.1147564206924823	0.0695996981778176	0.0062932231807973525	0.2463921121460854	5.200625308518067	1.0019299426225452	1.1994140521786678	0.20174621067541842	1.8236929294827824	0.5145957560838628	1.1147564206924823	7.838027725421209	0.28931710858842796	0.21243843728561257	0.20933222738201723	0.2889122267439421	0.41788743522501187	74.83177480716178	-869.9204138053017	6.696691786769543E-4	0.47686608727204993	6.732762609125636E-4	1.3346016386531818E-7	0.5350661596544453
49800000	-9531.112498273265	-8698.773765475367	-832.3387327978974	-8531.899748941369	44.32338038595793	661.9414015568769	0.15553504390725564	0.42225265937410306	0.49128407677240454	2.6140365426734093	0.613995789165385	1.6049158731726751	0.4950634220784766	0.23829700056113035	2.3043301645991674	0.298616607929547	1.0332326431100398	0.42225265937410306	0.49128407677240454	2.6140365426734093	0.613995789165385	1.6049158731726751	0.4950634220784766	0.23829700056113035	2.3043301645991674	0.298616607929547	1.0332326431100398	6.897080198846627	0.3047612869280814	0.19858202111942652	0.21909949313882646	0.27755719881366553	0.4906294100077744	54.82974871474826	-821.2354096324475	8.500315978046163E-4	0.5408305960170493	8.360759707622831E-4	2.365692610949917E-7	0.5659714445290572
49900000	-9523.614623666535	-8711.347384006554	-812.2672396599812	-8536.323024639445	46.28045971833855	645.3144019971634	0.13721830032790847	0.18983540331199325	0.37876925282409035	1.2225887299877578	1.514503888012864	1.344988702862876	0.3479679013779356	0.4015544721920694	2.443642580812607	0.5265885283283908	0.49203116283732334	0.18983540331199325	0.37876925282409035	1.2225887299877578	1.514503888012864	1.344988702862876	0.3479679013779356	0.4015544721920694	2.443642580812607	0.5265885283283908	0.49203116283732334	5.792364623007348	0.3112985337164392	0.20645104879782117	0.2011646275404041	0.2810857899453355	0.3912936381680145	60.857380449923475	-802.8232467055981	8.443267343654817E-4	0.462220115172506	7.889443573590253E-4	1.563115268511287E-7	0.479838001065951
50000000	-9565.897481892756	-8681.381570912994	-884.5159109797623	-8517.41250305148	56.570206770313334	847.8441782684548	0.14100244250113927	0.17401913021065787	0.19431401435821383	0.06337775560787609	0.5464124328071515	0.6515673247410334	2.86425039653119	1.881348766656095	4.686605640951101	0.7481910924682212	0.08979054388861132	0.17401913021065787	0.19431401435821383	0.06337775560787609	0.5464124328071515	0.6515673247410334	2.86425039653119	1.881348766656095	4.686605640951101	0.7481910924682212	0.08979054388861132	6.557051788501256	0.29924319754815665	0.1992121225775416	0.21732571213967464	0.284218967734627	0.47326991488151005	87.9130891263009	-871.4787953102074	6.46759663761423E-4	0.56989179831875	6.24175722154591E-4	1.229742754208844E-7	0.5330353571010488
50100000	-9503.486894773985	-8674.55848818419	-828.9284065897959	-8513.151798020566	48.28372435050576	673.9755270991966	0.19643338642655525	1.3469080116337897	0.07794392753077903	0.030343886016072873	1.0233197203893636	1.9633570090259547	0.43641511410828887	0.7896379280261879	2.819948541832355	0.4151063146199985	0.7482934417023756	1.3469080116337897	0.07794392753077903	0.030343886016072873	1.0233197203893636	1.9633570090259547	0.43641511410828887	0.7896379280261879	2.819948541832355	0.4151063146199985	0.7482934417023756	6.180043343554752	0.29678444430349227	0.2115625981695387	0.21059676840850622	0.28105618911846264	0.5064634002028734	54.36416036313291	-818.8966363689053	7.792498648419024E-4	0.512483151902658	7.958601019195182E-4	2.1143939332471669E-7	0.545007927691685
50200000	-9467.773974057007	-8656.079410587918	-811.694563469089	-8496.809953709595	48.26936642151492	655.0420729983	0.16807211383187992	0.4207868505598281	0.0053821423562511505	0.6163686771221244	0.5874852856272492	1.5008292495333992	1.658779558557094	0.13843437557888072	2.103239158483472	0.3212482161727212	0.34979655255192266	0.4207868505598281	0.0053821423562511505	0.6163686771221244	0.5874852856272492	1.5008292495333992	1.658779558557094	0.13843437557888072	2.103239158483472	0.3212482161727212	0.34979655255192266	6.128868559969309	0.3002422424157071	0.20742112770362506	0.2058665929543834	0.28647003692628437	0.44177138826660256	50.67481878340929	-803.2929874240451	9.360042691869114E-4	0.5173547458882005	8.99355162321568E-4	3.0870006572890296E-7	0.5789500048499082
50300000	-9528.35473191654	-8696.884313813864	-831.4704181026763	-8537.25858953724	57.07880118949278	733.9348445765283	0.10871348317282277	0.04371465759161703	0.06926581272258159	0.4438674166880134	0.35346922672228004	2.1461754054272038	0.7211205437511199	0.34107761993147506	2.3771759418079257	0.9208478645884093	1.425728176240577	0.04371465759161703	0.06926581272258159	0.4438674166880134	0.35346922672228004	2.1461754054272038	0.7211205437511199	0.34107761993147506	2.3771759418079257	0.9208478645884093	1.425728176240577	5.265673573895878	0.3022907903927369	0.21331841509681038	0.2166445782511857	0.2677462162592669	0.5150524759759008	55.48147367945921	-822.1722713099239	8.288626996503616E-4	0.4262287509394513	7.711535358747535E-4	1.9397282240890945E-7	0.5278073976130233
50400000	-9501.51122283102	-8674.824721282272	-826.6865015487483	-8514.732460631796	64.083794294027	695.7956562822436	0.10124472640829377	0.6381372282025459	0.06670914964317097	0.13826260739889823	1.8811536663216386	1.7290983559321336	0.9844750331397826	0.21972798800509705	3.4567910080850988	0.5978190648017803	0.3200000244800056	0.6381372282025459	0.06670914964317097	0.13826260739889823	1.8811536663216386	1.7290983559321336	0.9844750331397826	0.21972798800509705	3.4567910080850988	0.5978190648017803	0.3200000244800056	5.78845364124679	0.3029725203079675	0.21331841509681038	0.20565360215038136	0.2780554624448406	0.5065480362548229	63.46144427449732	-814.7332093366889	0.001025049315084876	0.6334975924050287	9.1335472342001E-4	3.6755402721692575E-7	0.5873694217885104
50500000	-9477.54160471212	-8677.865485710625	-799.6761190014951	-8520.670860254213	42.8108847642405	586.6741585710577	0.12205655407404963	0.3085460997713615	0.31273480019427674	0.3344354901905826	1.0518464067760787	0.7409452983434015	0.8034545329355949	0.20738384561821943	4.159383457409836	0.448807797928836	0.053160330273922404	0.3085460997713615	0.31273480019427674	0.3344354901905826	1.0518464067760787	0.7409452983434015	0.8034545329355949	0.20738384561821943	4.159383457409836	0.448807797928836	0.053160330273922404	7.095599824027755	0.2917899832429568	0.218096039636826	0.21582546457604856	0.2742885125441685	0.4294053582583192	50.68473473979832	-790.0719007953826	8.823694155883687E-4	0.5636345562884733	8.811733400629029E-4	3.363843134796634E-7	0.6399042412022329
50600000	-9500.13778410668	-8651.56376593895	-848.5740181677305	-8492.901298400167	46.31605978823221	709.5212478306596	0.11384942570622995	0.03078367891177686	0.3235726679156934	2.625108995652453	0.668615488870677	2.3298340580393617	0.22439803758028518	0.15301293335227242	3.445052387929497	0.6054821002009323	1.76332921698495	0.03078367891177686	0.3235726679156934	2.625108995652453	0.668615488870677	2.3298340580393617	0.22439803758028518	0.15301293335227242	3.445052387929497	0.6054821002009323	1.76332921698495	6.054363875391216	0.2947440649973839	0.20306504059950237	0.20471644246565437	0.2974744519374592	0.5655091587585455	64.30528575669304	-835.2757345452833	7.481399965172411E-4	0.5381223270483181	7.732166040259698E-4	1.4895682311234526E-7	0.5181087702962587
50700000	-9490.86166152825	-8673.373233267803	-817.488428260447	-8509.910254488233	46.377204291589635	648.359305874244	0.13476415746647788	0.5161889364047555	0.40722215915397714	0.16188222328891375	0.9581775588157806	1.0862197527029136	1.6269405493966667	0.08580477958061165	4.158497563990782	0.4653280909541979	0.8754863783171827	0.5161889364047555	0.40722215915397714	0.16188222328891375	0.9581775588157806	1.0862197527029136	1.6269405493966667	0.08580477958061165	4.158497563990782	0.4653280909541979	0.8754863783171827	6.171886913941825	0.2943742248953932	0.19871468275295867	0.22272220068079854	0.2841888916708495	0.5003919323901406	54.25009823970912	-806.5847698696663	7.805382484796927E-4	0.4774276938519809	8.362731225249293E-4	1.3790529656575086E-7	0.48311653470746146
50800000	-9524.925736867226	-8699.998269252152	-824.9274676150751	-8534.849312711836	43.0193294831401	641.3974377587433	0.17151163888745466	0.008494507264959194	0.13326216958128398	0.8578272236084789	0.1842204134713477	3.3682795482816323	0.5427412157730389	0.7288894840287866	3.432579343200704	0.014036552984306429	0.6788383033605552	0.008494507264959194	0.13326216958128398	0.8578272236084789	0.1842204134713477	3.3682795482816323	0.5427412157730389	0.7288894840287866	3.432579343200704	0.014036552984306429	0.6788383033605552	6.746459204534018	0.314600001560822	0.19871468275295867	0.20712505184677427	0.279560263839445	0.40719893203255225	61.19320274592159	-814.9205197391391	8.459909705414877E-4	0.3041913140223413	8.912927133692234E-4	1.5614801067060905E-7	0.45073395377222075
50900000	-9516.023103064483	-8692.693361552638	-823.3297415118444	-8525.11894997781	46.10608938031299	640.0641982142068	0.23425255415188767	1.4407086766149688	0.004770773693698921	0.40885368206752176	2.509344576986333	0.5351955672631596	2.0417895904943326	0.16476690482326795	4.007502066067154	0.7892072220791557	0.17371185656658242	1.4407086766149688	0.004770773693698921	0.40885368206752176	2.509344576986333	0.5351955672631596	2.0417895904943326	0.16476690482326795	4.007502066067154	0.7892072220791557	0.17371185656658242	6.926906008590594	0.30028246891824206	0.18255086053106018	0.22661411890173244	0.2905525516489653	0.5213170727908298	55.962540715875406	-810.3927216268359	9.060319823503938E-4	0.523011259495327	9.199731597235209E-4	2.264337745834505E-7	0.5100761075096971
51000000	-9461.909424880749	-8656.05741556947	-805.8520093112788	-8499.269258714185	46.998654173730316	630.3421784041161	0.15950530604825536	0.03309629534942712	0.0935647194465259	0.2183966657506753	0.41059830534735187	0.7356783429864602	0.3264948662690198	0.31250919459804744	3.1651333524183984	0.5207169249457496	0.22744102568095043	0.03309629534942712	0.0935647194465259	0.2183966657506753	0.41059830534735187	0.7356783429864602	0.3264948662690198	0.31250919459804744	3.1651333524183984	0.5207169249457496	0.22744102568095043	6.053775891345618	0.3000915887509725	0.21804499090225588	0.2114407655559781	0.27042265479079347	0.5078476255314004	60.137974894202976	-798.9034860500545	0.001000797884894129	0.48429893240655514	9.468702622159285E-4	2.210457635523158E-7	0.48964458705416214
51100000	-9464.64975584068	-8684.626205847988	-780.0235499926927	-8527.58160504013	39.37812146762894	529.9597708179031	0.24162257029412484	0.1391083933259499	0.20403249962290515	0.3057059645817433	1.3445712112072417	0.3457084566003619	2.5451746913951148	0.6590841036596367	1.957603750311444	0.012484518979801278	0.9879943741002998	0.1391083933259499	0.20403249962290515	0.3057059645817433	1.3445712112072417	0.3457084566003619	2.5451746913951148	0.6590841036596367	1.957603750311444	0.012484518979801278	0.9879943741002998	6.419329525321589	0.285756720747412	0.22590629179764765	0.2114407655559781	0.27689622189896224	0.5441697207918441	41.862632053841494	-771.269224941303	0.0010190539845060687	0.4469127415596145	0.0010344746368072815	2.380373037212863E-7	0.4788369093687125
51200000	-9494.692203926814	-8664.207377522554	-830.4848264042595	-8508.182748402503	46.43349710068952	667.1258297241503	0.16737454704746424	0.05836252467086449	0.05228489554640257	0.7307093576579544	1.5267046213741386	0.7494108172738533	0.4536967228126397	0.22238595759456986	4.249310310070607	0.3590641501851746	0.35549662315252617	0.05836252467086449	0.05228489554640257	0.7307093576579544	1.5267046213741386	0.7494108172738533	0.4536967228126397	0.22238595759456986	4.249310310070607	0.3590641501851746	0.35549662315252617	5.573417597232409	0.30052915043419526	0.19720090298803802	0.2142771816211458	0.2879927649566209	0.4835001729169565	57.27432727684162	-821.2928891572249	8.676761900310665E-4	0.46804378087759635	8.676105827457601E-4	1.8414387299175953E-7	0.5013547562592403
51300000	-9530.057467406681	-8694.952935605153	-835.1045318015276	-8533.621906430057	47.06705269546113	687.4282669207071	0.17224072634678436	0.6445162961556906	0.3642897633088825	0.6581331769151917	0.9437014612141191	0.44882553619592486	1.8908788236527354	1.5981036827653166	3.2675833552842657	0.5951295343964644	0.3291933991930781	0.6445162961556906	0.3642897633088825	0.6581331769151917	0.9437014612141191	0.44882553619592486	1.8908788236527354	1.5981036827653166	3.2675833552842657	0.5951295343964644	0.3291933991930781	5.247418103142285	0.2930190816093596	0.21005783554899615	0.2151077151124712	0.28181536772917304	0.49313937704233096	60.84811320643579	-824.3293382626547	8.062925543420787E-4	0.4182258423722733	7.719304519887919E-4	1.1412744975204428E-7	0.4294795328175485
51400000	-9484.234629786963	-8685.921006257679	-798.3136235292843	-8521.761547033082	45.84939531310069	591.3228908159845	0.13727103603566598	0.9181069889658123	0.1668847285265284	0.9833950779831082	0.1162270251296903	1.1405667135553872	5.617615805479796	0.4081978906927037	6.506086390415594	0.7878327087649131	0.7082186384735085	0.9181069889658123	0.1668847285265284	0.9833950779831082	0.1162270251296903	1.1405667135553872	5.617615805479796	0.4081978906927037	6.506086390415594	0.7878327087649131	0.7082186384735085	6.079589452688755	0.28900194893547915	0.208557003257271	0.21113788619128604	0.29130316161596376	0.5130838909273169	44.803627433122664	-780.0730051374261	9.741217310393603E-4	0.5285816735953076	9.242382852250737E-4	2.515740908741351E-7	0.5180085858849252
51500000	-9459.619513064019	-8655.944289679954	-803.6752233840662	-8489.50585819638	46.26607766910129	606.7095523434348	0.2683865268733783	0.0994428068878137	0.027012493792568395	1.4170228319614047	1.0059760747666069	0.9602780096174993	2.781225035206367	0.18274732443595634	4.799595516712148	0.3000485337766478	0.4317153344074917	0.0994428068878137	0.027012493792568395	1.4170228319614047	1.0059760747666069	0.9602780096174993	2.781225035206367	0.18274732443595634	4.799595516712148	0.3000485337766478	0.4317153344074917	5.983771717969572	0.30979780504861204	0.2024319775226146	0.21113788619128604	0.2766323312374873	0.4931936317765487	49.429458526287014	-790.5687437678956	9.393621566981099E-4	0.7232154088014123	9.38190500058159E-4	4.7641594437137215E-7	0.6909327295127798
51600000	-9530.025119958198	-8694.336039164038	-835.6890807941605	-8527.971079621384	50.659713560873065	726.8615717754199	0.17269667910474992	0.42242135563153993	0.030736369391502653	0.23015885724176077	0.6882344588605863	0.9419893069846315	2.990007652705728	0.033325013640857576	3.5591315748043257	0.6257593108783016	0.733784231553762	0.42242135563153993	0.030736369391502653	0.23015885724176077	0.6882344588605863	0.9419893069846315	2.990007652705728	0.033325013640857576	3.5591315748043257	0.6257593108783016	0.733784231553762	6.4674580799254	0.3243756345803977	0.2024319775226146	0.21389476280971856	0.2592976250872691	0.5115478367598126	56.961204692874205	-825.3496879494099	8.361335827102789E-4	0.32924499433377796	8.062421268120294E-4	2.2107714612294761E-7	0.5532568780247586
51700000	-9526.729789554169	-8667.131844855596	-859.5979446985735	-8507.111842551276	42.493331040956676	726.4118983462574	0.1422408669290558	0.09354741939119078	0.15866177140993803	1.1391265473991923	0.070995447115525	0.9797811800636751	1.4848208308036324	0.25088647731458785	3.3203936370079346	0.18849017424237732	0.699752850702484	0.09354741939119078	0.15866177140993803	1.1391265473991923	0.070995447115525	0.9797811800636751	1.4848208308036324	0.25088647731458785	3.3203936370079346	0.18849017424237732	0.699752850702484	6.82430485416907	0.30850560216473644	0.19647951509436146	0.21993442351121298	0.2750804592296891	0.4242631909702811	74.59762697851701	-850.8063153311233	7.438355534017042E-4	0.3536712645517875	7.630729644137473E-4	5.81854205118568E-8	0.32387181015711186
51800000	-9478.442014036631	-8649.886281870016	-828.5557321666146	-8490.718731653691	41.70168378766073	645.7299114439875	0.12271884487215484	0.24428824852703043	0.4140612046017527	0.7425432014665698	0.45383069299444245	1.5058698420840662	1.9889363518744076	0.021638297603082265	4.942981069130125	0.8212156578739006	0.4910426807375839	0.24428824852703043	0.4140612046017527	0.7425432014665698	0.45383069299444245	1.5058698420840662	1.9889363518744076	0.021638297603082265	4.942981069130125	0.8212156578739006	0.4910426807375839	6.471321698898568	0.2958711132751569	0.20593237340597392	0.2119811712235779	0.28621534209529126	0.42566472688298645	57.83949288327956	-815.5101904645924	9.79665832275385E-4	0.5700221977675914	8.707386359637794E-4	3.3217267783550405E-7	0.6139740661366473
51900000	-9461.915002041298	-8681.96916800251	-779.9458340387883	-8514.845859426177	44.27655558413615	570.9208284866736	0.34398900197973376	0.32974679378215704	0.002729684928796	0.5307112776024896	0.4648697804457518	0.3519277493287578	1.4975960363752847	1.0249795733466553	1.2743401111679349	0.05139026518973266	3.8115728821246155	0.32974679378215704	0.002729684928796	0.5307112776024896	0.4648697804457518	0.3519277493287578	1.4975960363752847	1.0249795733466553	1.2743401111679349	0.05139026518973266	3.8115728821246155	6.272881099886188	0.28599152975192293	0.21841853129286387	0.21589258182985907	0.27969735712535415	0.5363039725509766	43.62520728575024	-770.1432469704325	0.0011589955410073304	0.47977469352302426	0.001010838873555697	3.339979816022068E-7	0.4957299360054098
52000000	-9514.23177984328	-8695.581479491511	-818.6503003517682	-8528.006018163647	55.153243439085635	675.5001654471255	0.21609493929453366	0.5877741396124933	0.21402599349746174	0.32433960693654507	0.861432892565749	0.26885365017435636	2.1614297004062224	0.6342363378011427	3.0448249220617027	0.4577502403081388	0.3737997677351536	0.5877741396124933	0.21402599349746174	0.32433960693654507	0.861432892565749	0.26885365017435636	2.1614297004062224	0.6342363378011427	3.0448249220617027	0.4577502403081388	0.3737997677351536	6.61608707043498	0.304130541249381	0.19963208209544456	0.21547469828282106	0.2807626783723534	0.508378366310659	58.342266097256456	-808.9951963879556	8.479753147053991E-4	0.5298864611532698	8.365244779336919E-4	1.772450361638277E-7	0.49976518691266797
52100000	-9515.78706532419	-8683.943199147508	-831.8438661766812	-8514.667110675844	43.743760557123075	668.3004810639582	0.12664370541829434	0.62851276844141	0.2769683899435821	0.4001794769994836	0.6561650701503857	0.6495418364916784	3.686160150006585	0.08374885301886323	5.556433287477619	0.2830441685073711	0.3295081942663961	0.62851276844141	0.2769683899435821	0.4001794769994836	0.6561650701503857	0.6495418364916784	3.686160150006585	0.08374885301886323	5.556433287477619	0.2830441685073711	0.3295081942663961	6.026119450628742	0.2972288997248678	0.21652033090504896	0.21547469828282106	0.2707760710872622	0.44282144742524016	57.53060155564138	-819.5082010221664	8.083467523120936E-4	0.2683837034177556	8.10590485414248E-4	4.3567870042436174E-8	0.25839035552643136
52200000	-9485.13540724824	-8680.173830927275	-804.9615763209657	-8512.576397919333	46.8833113880851	644.9355957588795	0.23604376596435936	0.009216403798767628	0.13670100000256985	0.9651336149964371	2.835455795512043	1.1999571754879121	0.06994190936715727	0.055839123377243866	1.589985578433055	0.16449873550449662	0.32595053704171345	0.009216403798767628	0.13670100000256985	0.9651336149964371	2.835455795512043	1.1999571754879121	0.06994190936715727	0.055839123377243866	1.589985578433055	0.16449873550449662	0.32595053704171345	6.088538735832477	0.2928345416019691	0.20080025417191313	0.21574090012555705	0.2906243041005608	0.47356529043050505	49.68395424751244	-797.4071616978032	8.908698063483121E-4	0.4679819613517441	8.931956349132535E-4	1.9599067872025776E-7	0.47612725918747517
52300000	-9538.978036354141	-8686.678508199615	-852.2995281545269	-8518.811747904445	51.44624801899496	765.68121969953	0.15928332679093088	0.07456848660764662	0.3849985476511516	0.22816642780136095	1.5338026546076309	1.6460262653360098	0.9375662272518451	0.4435589496980341	2.4574697091841706	0.16576705009548454	1.4291494634529462	0.07456848660764662	0.3849985476511516	0.22816642780136095	1.5338026546076309	1.6460262653360098	0.9375662272518451	0.4435589496980341	2.4574697091841706	0.16576705009548454	1.4291494634529462	5.591035771585508	0.2876198770860292	0.20080025417191313	0.23338396676022805	0.2781959019818297	0.48477810379726877	68.85704355892784	-842.5129060518468	7.771008255638161E-4	0.4882170923151016	7.786769973156936E-4	1.559601633210894E-7	0.49730233286141284
52400000	-9506.920508038587	-8680.85386337914	-826.0666446594479	-8514.398444145027	46.217330957264096	679.464632296755	0.1619100971105961	0.24142401061605662	0.03490098957163434	0.4912081039385245	0.3665597151542878	0.3127163215127589	0.8141830944865861	0.05077138007758969	2.1410946441590024	0.11115056102328795	0.1425018553244765	0.24142401061605662	0.03490098957163434	0.4912081039385245	0.3665597151542878	0.3127163215127589	0.8141830944865861	0.05077138007758969	2.1410946441590024	0.11115056102328795	0.1425018553244765	6.766824897113591	0.28996155309447835	0.2032439610136298	0.21804168985245406	0.2887527960394379	0.5656857712251719	57.936902730953385	-820.1697531271332	0.0010162218029270882	0.4989841232226417	8.922656947191713E-4	2.2121183434131049E-7	0.4887822666606701
52500000	-9544.182439220607	-8693.129191912347	-851.0532473082598	-8520.237911897471	48.05579993546083	722.1778361424399	0.15031229745422484	0.7590670438560093	0.04545235002744655	1.075364247676452	0.8533106927368505	1.9923235929524743	1.2199527071207024	1.0243515175802793	3.3511427756984307	0.5962629706409353	2.185780843551415	0.7590670438560093	0.04545235002744655	1.075364247676452	0.8533106927368505	1.9923235929524743	1.2199527071207024	1.0243515175802793	3.3511427756984307	0.5962629706409353	2.185780843551415	6.22911117098334	0.2924754685465582	0.2032439610136298	0.21552777440037418	0.2887527960394379	0.4969863883313547	60.69884305004314	-838.0325065193491	7.891559468345455E-4	0.2972858937402893	7.841524474856228E-4	6.149315691022367E-8	0.31171623151626626
52600000	-9528.34505150414	-8689.901330923523	-838.4437205806172	-8523.430796789571	44.77712759438916	682.2911122620168	0.09062614860072042	1.0581780206287623	0.1423057858163236	0.6643110087541231	0.4014393203459672	1.2821877042428633	1.7221361242193178	0.9105403012720401	4.64981679333553	1.9545827081865663	0.84401166939911	1.0581780206287623	0.1423057858163236	0.6643110087541231	0.4014393203459672	1.2821877042428633	1.7221361242193178	0.9105403012720401	4.64981679333553	1.9545827081865663	0.84401166939911	6.690616985559303	0.3135038532998921	0.2032439610136298	0.20632571675500638	0.27692646893147177	0.4400979702299122	51.53761768131846	-824.7078651063039	8.060292134100161E-4	0.22951709359617595	7.648268293884231E-4	5.0845526188461355E-8	0.2859580571303243
52700000	-9488.897977722985	-8674.396384999627	-814.5015927233579	-8516.10961732089	42.1773305070976	620.5145168682591	0.15550488208770136	0.24023290653445445	0.0524295209809094	0.3337313871527381	1.1896567320792053	0.3943726199189626	2.4085568016057386	0.7024199504628738	1.6699612269927928	0.36732253144620863	0.13271484559554836	0.24023290653445445	0.0524295209809094	0.3337313871527381	1.1896567320792053	0.3943726199189626	2.4085568016057386	0.7024199504628738	1.6699612269927928	0.36732253144620863	0.13271484559554836	6.441698422013977	0.30364099743915024	0.193613363181101	0.22025881038398834	0.28248682899576044	0.4983576700780445	60.934520638159135	-806.0023166786366	9.153353077070923E-4	0.5044829950576445	9.030379439271315E-4	2.46813421300818E-7	0.5594148398246758
52800000	-9493.780392103405	-8671.984192802638	-821.7961993007667	-8500.71312609129	44.43822739123603	646.3659009046054	0.16528480689126143	0.10136708409841606	0.1513060884095757	0.8032671843971956	0.7832082522651121	0.05889487812243896	2.1169707159562243	0.6041703079510059	3.601663036830556	0.9359972385848849	0.28439050843239483	0.10136708409841606	0.1513060884095757	0.8032671843971956	0.7832082522651121	0.05889487812243896	2.1169707159562243	0.6041703079510059	3.601663036830556	0.9359972385848849	0.28439050843239483	5.464599273715754	0.3046478428412125	0.20104374014407514	0.2172504162300123	0.2770580007847001	0.4565489727066215	58.015232024949896	-812.3515041829857	8.778969319995248E-4	0.3625923902456879	8.736318291301209E-4	1.7699495656339777E-7	0.4880936351581847
52900000	-9492.308102606814	-8665.758996175158	-826.5491064316552	-8506.643548817534	48.635326158647516	690.8048641920467	0.17042879174105025	0.015300522384551825	0.09746701010321811	0.1619640207401834	3.33498373290279	0.7222134038410406	0.35679020605718176	0.5155951710002643	2.622638707934387	0.5468472395085325	0.26684396586432757	0.015300522384551825	0.09746701010321811	0.1619640207401834	3.33498373290279	0.7222134038410406	0.35679020605718176	0.5155951710002643	2.622638707934387	0.5468472395085325	0.26684396586432757	6.274415586165677	0.2808904523336029	0.2186683054793763	0.21172160196507764	0.2887196402219432	0.5312360192094934	62.807431301918946	-817.427449425122	7.541732952505008E-4	0.4802151760936672	7.78336708526914E-4	1.2499950860325005E-7	0.46735563642718764
53000000	-9478.65022838253	-8675.75589377815	-802.8943346043799	-8515.861039769277	39.75510171525457	598.8642393029752	0.19921740076260555	0.27604610720399375	0.007450647971198785	0.35120622774584537	0.17216959223223363	0.12263345926131067	2.116596356116991	0.024013339940506598	1.7851267292750979	0.2392749443210059	1.029495553103001	0.27604610720399375	0.007450647971198785	0.35120622774584537	0.17216959223223363	0.12263345926131067	2.116596356116991	0.024013339940506598	1.7851267292750979	0.2392749443210059	1.029495553103001	6.614076679119519	0.2930187720590255	0.20909787549350628	0.21911984617038868	0.2787635062770796	0.4409745314735328	49.024555300686146	-796.9329113250329	9.289477942572795E-4	0.3164155454792417	9.196088678835176E-4	8.255815864610954E-8	0.3148781662278513
53100000	-9517.051147628108	-8684.729548454998	-832.32159917311	-8518.971275558004	45.89575801276031	689.5272547594733	0.12573718251407728	0.10949245076579577	0.44657239132005044	0.3801467677658478	0.5363807197145088	2.6630849928139564	1.4704228477408876	0.17873334744125546	6.085653524287589	1.505813713445315	0.5817513128828284	0.10949245076579577	0.44657239132005044	0.3801467677658478	0.5363807197145088	2.6630849928139564	1.4704228477408876	0.17873334744125546	6.085653524287589	1.505813713445315	0.5817513128828284	6.345977454605024	0.30805788393615097	0.2137333580340562	0.20784281321272605	0.27036594481706683	0.5678039276229435	47.98830163464851	-818.6068715754732	8.297978139772411E-4	0.2359602900841824	8.022380494859687E-4	6.713627136095997E-8	0.31457903512511676
53200000	-9511.154277900694	-8676.482573440437	-834.6717044602575	-8513.882129581512	53.464039511870716	725.5923482119612	0.096135938969302	0.03025764045538342	0.17750159842322524	0.23750576612762744	0.6878767652929496	1.2842903897049314	0.5859055405965746	0.12132302697697656	2.704877509967056	0.16551315849518572	1.081706122998966	0.03025764045538342	0.17750159842322524	0.23750576612762744	0.6878767652929496	1.2842903897049314	0.5859055405965746	0.12132302697697656	2.704877509967056	0.16551315849518572	1.081706122998966	6.530757469179499	0.30236819304264667	0.2104360605863988	0.19885891091184593	0.2883368354591086	0.522095004296452	61.69705664043785	-826.9693847356484	7.456710834851585E-4	0.3449122419978167	7.454149301924835E-4	6.987295907160186E-8	0.3512022422020144
53300000	-9505.784242770687	-8660.575713615359	-845.2085291553278	-8498.777397821068	48.74899990983418	699.6507619907794	0.19335030357359903	0.7124111523718639	0.01219822088925969	1.6574359387602176	0.11303469699928534	1.2877370348839747	1.408821897639846	0.09411822514431085	6.841882213412617	0.17521662900860505	5.470589021471738	0.7124111523718639	0.01219822088925969	1.6574359387602176	0.11303469699928534	1.2877370348839747	1.408821897639846	0.09411822514431085	6.841882213412617	0.17521662900860505	5.470589021471738	5.9299505248758795	0.32136637400679763	0.19804491722434706	0.2091160306828237	0.2714726780860316	0.5656380817790699	52.68719741809291	-827.0082793397114	8.08248875223359E-4	0.49223253184971916	8.089355386928962E-4	1.0590752033504099E-7	0.40178696244578666
53400000	-9479.599004281252	-8683.511711405534	-796.0872928757175	-8523.534668218063	42.800858801618716	575.6539977067752	0.1916521013521717	0.3691175596404218	1.0596662578138418	0.8642369824121484	0.5647403313340555	0.6794880011977	0.21123460992839058	0.1915990932830153	4.441059031113807	0.046852859658041014	1.5078996499193298	0.3691175596404218	1.0596662578138418	0.8642369824121484	0.5647403313340555	0.6794880011977	0.21123460992839058	0.1915990932830153	4.441059031113807	0.046852859658041014	1.5078996499193298	5.383266769692547	0.329026890890456	0.20717643157457918	0.20945846418162445	0.25433821335334034	0.45291526220054434	52.94821552900629	-785.5369099885675	0.001010417945169787	0.5117147553985532	0.0010105699008285745	1.7878534911387177E-7	0.4070987722510311
53500000	-9495.494001756604	-8665.657040231648	-829.8369615249549	-8502.05457293727	55.89178204197251	691.5477817898366	0.20598974864176073	0.08628735442438143	0.3523797570184763	0.22012047432315904	1.2389972618280307	1.2817116125619257	3.9649258337300526	1.2745639629317915	5.045220912651167	0.8736364570094011	0.21760762631628672	0.08628735442438143	0.3523797570184763	0.22012047432315904	1.2389972618280307	1.2817116125619257	3.9649258337300526	1.2745639629317915	5.045220912651167	0.8736364570094011	0.21760762631628672	6.886445372939948	0.29854594761077774	0.21211102586416059	0.2107061718547545	0.27863685467030713	0.5867498308089337	64.77247914537202	-814.1144654752127	9.09786582456574E-4	0.5538184886716817	8.612050057005696E-4	1.263616387619338E-7	0.40088484533082835
53600000	-9498.029477588549	-8661.743567036836	-836.2859105517131	-8501.328050966114	48.129107189834315	690.9487409486134	0.12634087262231725	0.17546621738846546	0.06562915684415782	0.21234775261031277	1.1088724536455503	0.10187195034096494	5.119075114784786	0.03007887149933522	4.398323079258548	0.7516723160298946	0.5713204526216773	0.17546621738846546	0.06562915684415782	0.21234775261031277	1.1088724536455503	0.10187195034096494	5.119075114784786	0.03007887149933522	4.398323079258548	0.7516723160298946	0.5713204526216773	6.981187464355019	0.2867477929642478	0.22624816118854973	0.20938073741099728	0.2776233084362051	0.4683789827364621	71.79597065424528	-822.8288312332322	7.8552902291199E-4	0.4508168120166332	7.589030477883165E-4	9.559453691726995E-8	0.40494711351595747
53700000	-9454.63353431902	-8672.84603211372	-781.7875022053001	-8505.983503263678	46.054926984642854	592.3744075377947	0.18321453121833245	0.09936819430737824	0.16531187225447364	0.16013087385816296	0.606695474393454	0.6677655918510382	3.65022535060221	0.8030745813673587	2.1733801275662055	0.4356592174643583	0.8681062276992374	0.09936819430737824	0.16531187225447364	0.16013087385816296	0.606695474393454	0.6677655918510382	3.65022535060221	0.8030745813673587	2.1733801275662055	0.4356592174643583	0.8681062276992374	6.456742172144357	0.31099942864596675	0.2097632728426193	0.19738566876017313	0.2818516297512407	0.48002099044514346	45.26969453151106	-771.1157270977143	0.001109814522461774	0.5339450968687958	9.451259841624799E-4	3.236772219854913E-7	0.5353633058016065
53800000	-9493.903104378573	-8659.055113656095	-834.8479907224774	-8496.114037981979	47.75299565365931	710.350037990452	0.16947784228273424	0.03635573442480207	0.11155418911567372	0.13030439353296536	2.3232033455772596	0.4431285746329826	0.24602470036229834	0.02883278649399144	4.208093080176077	0.031597481438288055	1.555762341136813	0.03635573442480207	0.11155418911567372	0.13030439353296536	2.3232033455772596	0.4431285746329826	0.24602470036229834	0.02883278649399144	4.208093080176077	0.031597481438288055	1.555762341136813	5.594871791715109	0.2973295554560171	0.2097632728426193	0.2110555419501228	0.2818516297512407	0.5473967369997556	58.831766576520394	-825.1940665150253	8.157274371507147E-4	0.5133113250622907	8.095240992505588E-4	1.8897510102307189E-7	0.5253929022533698
53900000	-9474.394973833549	-8678.802970897104	-795.592002936445	-8518.455469841709	48.0361547593143	644.2475028551939	0.18290170484398705	0.11129459120880376	0.3857392809807956	0.03040942575786995	0.6366049635185206	0.8861984271951281	0.22088055102673512	0.1379145769437027	2.907145645385741	0.09316728421752744	0.22837659379873382	0.11129459120880376	0.3857392809807956	0.03040942575786995	0.6366049635185206	0.8861984271951281	0.22088055102673512	0.1379145769437027	2.907145645385741	0.09316728421752744	0.22837659379873382	7.934624863445999	0.29311413309338513	0.21397869520525123	0.2110555419501228	0.2818516297512407	0.5730788036171164	45.69795914372913	-789.4482093628413	8.657436821978271E-4	0.40889430448510494	8.301793353211691E-4	1.8012317001890536E-7	0.4899291070433167
54000000	-9522.093628616045	-8688.350330340641	-833.7432982754037	-8516.148039387928	57.59254013838945	747.3309449386296	0.21607793516058107	0.20419752977002947	0.028609201262418213	0.7235046461061649	3.096136342531537	1.3770252735506288	0.9757000162875198	0.20063875647797047	2.2127023896322937	0.597487677108305	0.708509911282955	0.20419752977002947	0.028609201262418213	0.7235046461061649	3.096136342531537	1.3770252735506288	0.9757000162875198	0.20063875647797047	2.2127023896322937	0.597487677108305	0.708509911282955	6.722967607449728	0.3037375940445939	0.19812102269225593	0.21153229213512648	0.2866090911280236	0.5063423107986488	61.200092309565115	-823.017992116494	7.958399113719703E-4	0.4969321527869226	7.406987246225804E-4	1.4740446894586125E-7	0.49489996314649026
54100000	-9509.40545788652	-8675.190649858581	-834.2148080279386	-8506.483590664873	52.80883462940671	726.9684215264211	0.17975848118447188	0.020857699903356695	0.22443191869075432	0.9210285432767614	0.13004999510934956	1.1680001186679334	0.6577189519272028	0.17631008271729676	7.9260559691211405	0.5747419467679891	1.6872371165028892	0.020857699903356695	0.22443191869075432	0.9210285432767614	0.13004999510934956	1.1680001186679334	0.6577189519272028	0.17631008271729676	7.9260559691211405	0.5747419467679891	1.6872371165028892	6.930904844736039	0.3043781277132678	0.20290264986932594	0.2054578067354931	0.28726141568191305	0.4370089819090215	60.43931128123873	-820.1308724472739	8.284760788230452E-4	0.45199316902892367	8.09884152496455E-4	1.4413200521251017E-7	0.47095893004325873
54200000	-9484.873668886587	-8685.19052904331	-799.6831398432774	-8516.146066990807	42.11513803523767	593.2269048612162	0.2284019896216266	0.33255638208878185	0.09859154831795723	0.5480492208287936	2.2355374209202004	0.5132855181065039	0.6417836086858469	0.09107035206828774	2.579656892077177	0.06806666768143874	0.10203649442706436	0.33255638208878185	0.09859154831795723	0.5480492208287936	2.2355374209202004	0.5132855181065039	0.6417836086858469	0.09107035206828774	2.579656892077177	0.06806666768143874	0.10203649442706436	5.762208001068187	0.2848605169422083	0.21653740395935644	0.22497541750655256	0.27362666159188254	0.47845713013083946	50.31348460049952	-792.5787915233789	9.758904996181901E-4	0.37890666069959145	9.391278096964513E-4	2.0189174889213108E-7	0.4581553378187129
54300000	-9506.61796381983	-8687.465252615752	-819.1527112040776	-8521.23411208123	43.389711215952914	647.3309215078596	0.17669423016037547	0.5446499375197814	0.0065012965898262574	0.18913146865139688	2.1354909338662105	0.4093671326519523	0.889752646579907	0.009810768358244947	4.876547271183516	0.5739203177656347	1.1586768580240332	0.5446499375197814	0.0065012965898262574	0.18913146865139688	2.1354909338662105	0.4093671326519523	0.889752646579907	0.009810768358244947	4.876547271183516	0.5739203177656347	1.1586768580240332	6.1979334506918375	0.2851753278429213	0.21653740395935644	0.21684265823852047	0.2814446099592016	0.5163102215113196	59.51116144652384	-808.575297974989	8.845047615323832E-4	0.26787930522218845	9.044659988334025E-4	1.3564620924442048E-7	0.41016542063934913
54400000	-9477.900809741011	-8687.13300362812	-790.7678061128912	-8526.825562890395	50.22301221813653	622.7895470997405	0.18767508139286068	0.5562919993212156	0.3407399269667634	0.5446812833148584	0.6273021914498401	0.9559579823192098	1.3069098704146145	0.4807439678328006	4.579872116492253	0.42988610283235784	0.7330383688579044	0.5562919993212156	0.3407399269667634	0.5446812833148584	0.6273021914498401	0.9559579823192098	1.3069098704146145	0.4807439678328006	4.579872116492253	0.42988610283235784	0.7330383688579044	5.437916152226272	0.30872107916189373	0.20525523799959702	0.21233875913154432	0.27368492370696484	0.5007399309530507	47.767228625873436	-780.3225385944216	9.135054984194084E-4	0.3804459489651458	8.709587623591782E-4	1.346896770201156E-7	0.393387577368241
54500000	-9496.498715732487	-8698.272802595691	-798.2259131367963	-8530.800839787456	37.10522090841285	577.9672425429151	0.15266767781389198	0.5177676325125039	0.042261141781232414	0.21732877366865883	3.4943299071143903	1.111625706571076	1.2843752247790283	0.3145825578950004	1.7892124594164613	0.16456389962222273	0.6535429623215233	0.5177676325125039	0.042261141781232414	0.21732877366865883	3.4943299071143903	1.111625706571076	1.2843752247790283	0.3145825578950004	1.7892124594164613	0.16456389962222273	0.6535429623215233	6.801791078979713	0.2982815082276076	0.2133082019396547	0.2203371836891173	0.2680731061436204	0.5178316384158996	47.49455844539019	-788.280071310409	0.0010052134979298898	0.3417050973693372	0.0010089452952555223	1.4092336801209357E-7	0.368157103767682
54600000	-9489.911125141378	-8676.928239410858	-812.9828857305193	-8516.071099525836	58.195307288797814	654.7560396609223	0.15841412854087578	0.6556280611753094	0.10328441533720976	1.0293365613203325	0.3268166028592216	0.9465149134641219	1.0118599244491995	0.7486887696729623	4.813223389256106	1.1219232499277776	1.6807482581422937	0.6556280611753094	0.10328441533720976	1.0293365613203325	0.3268166028592216	0.9465149134641219	1.0118599244491995	0.7486887696729623	4.813223389256106	1.1219232499277776	1.6807482581422937	7.716358317413829	0.3010643638275839	0.20252042285361674	0.21524130018277965	0.2811739131360197	0.40509680014166	50.72124387653103	-799.5631812026922	9.815505961026597E-4	0.47077661278699573	8.634245862717189E-4	2.6605337836784995E-7	0.5476996862496234
54700000	-9494.71915296778	-8683.179510102713	-811.5396428650679	-8521.801225343168	47.38645896229624	638.4132678781297	0.18539189606638165	0.44870415460151886	0.05573455395085641	0.4967001052124013	0.2524950737696701	0.19718843268697955	2.791636458221293	0.17048647336895803	3.929085642974418	0.15443245704233108	0.20930583684990753	0.44870415460151886	0.05573455395085641	0.4967001052124013	0.2524950737696701	0.19718843268697955	2.791636458221293	0.17048647336895803	3.929085642974418	0.15443245704233108	0.20930583684990753	6.124634666737332	0.3068123674048341	0.2011493857459586	0.20926441091892517	0.28277383593028216	0.6011838207328385	41.98789773879452	-802.4021064998074	9.825708988779852E-4	0.4429651703461122	8.857395098392335E-4	1.837083766347669E-7	0.4526064270270782
54800000	-9508.929258550546	-8680.861341797317	-828.0679167532286	-8515.150848740803	55.62979346324222	727.9561574854105	0.2878906846668782	0.28868559224263546	0.29217541302905947	0.04599688692019751	1.9231134460457462	0.09546353237304384	0.6681677887783921	0.29723541678067883	2.727943122969015	0.2764305546101862	0.9754213749919295	0.28868559224263546	0.29217541302905947	0.04599688692019751	1.9231134460457462	0.09546353237304384	0.6681677887783921	0.29723541678067883	2.727943122969015	0.2764305546101862	0.9754213749919295	7.027947091558628	0.2937829404432441	0.21343165916670348	0.2155303099239881	0.2772550904660643	0.47470129406931444	63.129036601610736	-820.0975933999343	7.389881667831237E-4	0.5121428008542129	7.419835510813496E-4	1.4947579817742835E-7	0.5170431818441951
54900000	-9518.710892398838	-8678.501349953793	-840.2095424450463	-8513.507200572092	62.48067310151771	745.5450243862463	0.1252079409997184	1.499779973513992	0.39607174457455846	1.3428546878417007	0.01662982836795934	1.2668955005643239	0.48775018506627027	0.0033433874338177037	3.605415859381821	0.32532921298556283	1.285158735217839	1.499779973513992	0.39607174457455846	1.3428546878417007	0.01662982836795934	1.2668955005643239	0.48775018506627027	0.0033433874338177037	3.605415859381821	0.32532921298556283	1.285158735217839	6.635927935387182	0.2937829404432441	0.21343165916670348	0.2155303099239881	0.2772550904660643	0.48131673748819975	65.42780419912148	-829.2874981221432	7.65110478139969E-4	0.4353121368907597	7.157964328182171E-4	1.2751574155574089E-7	0.4731315311748107
55000000	-9551.108419740482	-8685.77199836867	-865.3364213718123	-8525.5710254863	51.93119915341426	805.1317019557994	0.08534601376704307	0.031118009576705446	0.17362719351599062	0.19644196081345391	1.4192742110285572	2.7299857489490638	2.768654144821091	0.7507365250477022	4.698146203116463	1.2122966184452693	0.35030402693479457	0.031118009576705446	0.17362719351599062	0.19644196081345391	1.4192742110285572	2.7299857489490638	2.768654144821091	0.7507365250477022	4.698146203116463	1.2122966184452693	0.35030402693479457	7.5172423563273405	0.3033180431791209	0.21010071810434433	0.2100758291516627	0.276505409564872	0.48306362279139664	74.13327555200556	-849.9286802083896	6.76235593387201E-4	0.3773437556085525	6.733395609880443E-4	8.031034193189882E-8	0.4225199849753581
55100000	-9520.489048328796	-8677.164969022944	-843.3240793058526	-8512.515648383549	88.02452746069554	808.5994929162572	0.12429648009941922	0.7000913128231703	0.1799688970507928	0.5324188355285642	0.3585119236336116	1.360309032728253	0.15515623159997557	0.18064738801623714	4.731685317532557	0.40245164681306733	2.8686977010063086	0.7000913128231703	0.1799688970507928	0.5324188355285642	0.3585119236336116	1.360309032728253	0.15515623159997557	0.18064738801623714	4.731685317532557	0.40245164681306733	2.8686977010063086	6.424252750529607	0.30835377632609895	0.1991857565364278	0.21085720104239894	0.28160326609507425	0.40904206938555393	58.502482239004514	-830.7128906247193	8.48131941160148E-4	0.5571239016483606	7.290631536049746E-4	1.6719405942033153E-7	0.485663052449525
55200000	-9483.73775579685	-8662.68615495785	-821.051600839001	-8500.623251521512	49.44025655539368	691.8988917563884	0.14263991822383015	0.13828402122838795	0.3062689082351694	0.4811036547464075	0.016429147400027853	1.1973255295890501	0.6128889567111716	0.1542116949005871	5.65971154002237	0.1763987747054902	0.06622734978479129	0.13828402122838795	0.3062689082351694	0.4811036547464075	0.016429147400027853	1.1973255295890501	0.6128889567111716	0.1542116949005871	5.65971154002237	0.1763987747054902	0.06622734978479129	6.462487324703013	0.3028580646069961	0.20626403437544188	0.20927463492248768	0.28160326609507425	0.5724121714181426	53.25862890611451	-811.8857144795752	8.867485481115093E-4	0.34398581770387937	8.21198360348939E-4	1.7223205153680202E-7	0.4685785572531301
55300000	-9503.178431456716	-8671.557372089157	-831.6210593675589	-8505.098798513589	45.144302385018534	670.7406218311799	0.1562154845881372	0.5020704026022141	0.7035721457105193	0.08012174370766952	2.1071193446756054	1.2717902776249648	3.390063274827597	0.4765118544137794	6.8525130078517345	0.22642018947389594	0.49274026759537326	0.5020704026022141	0.7035721457105193	0.08012174370766952	2.1071193446756054	1.2717902776249648	3.390063274827597	0.4765118544137794	6.8525130078517345	0.22642018947389594	0.49274026759537326	6.182371885875536	0.3028580646069961	0.21646358952656777	0.20978909442163232	0.2708892514448037	0.5494869933557422	63.48533634194328	-814.6619358378783	8.771934426752212E-4	0.4903518152320143	8.410869859917274E-4	1.507683734730698E-7	0.44756032919326316
55400000	-9528.640805105357	-8699.17791812028	-829.4628869850773	-8537.289000807441	51.161344382483215	655.6277527514342	0.14504388094988094	0.2868318738836266	0.5364339783667876	0.17011757218225085	0.38217068828110945	0.2607218189329171	1.307284255766218	1.9450247175890274	3.6809948073041143	1.0502608140294158	0.06500209498902104	0.2868318738836266	0.5364339783667876	0.17011757218225085	0.38217068828110945	0.2607218189329171	1.307284255766218	1.9450247175890274	3.6809948073041143	1.0502608140294158	0.06500209498902104	6.80880909423042	0.2949646986331651	0.2064977990773978	0.21701740112103238	0.28152010116840465	0.4108758919686068	56.987049197127504	-819.2747243780685	8.509129771021243E-4	0.4152541161194513	8.451112000732937E-4	1.4894255364881165E-7	0.46289345103429336
55500000	-9522.053059784414	-8670.360985263651	-851.6920745207634	-8511.534102808246	51.68220966736271	741.6910230107951	0.1137447276795327	0.8777251848386967	0.5840440533610203	0.9213838966026026	1.3521759547761907	1.8171320989502897	0.4576484207315618	0.14712908724019216	5.339238425861734	0.33537590024498737	0.5476333340992338	0.8777251848386967	0.5840440533610203	0.9213838966026026	1.3521759547761907	1.8171320989502897	0.4576484207315618	0.14712908724019216	5.339238425861734	0.33537590024498737	0.5476333340992338	6.036152775885228	0.3012783676237836	0.21323789764509923	0.20396363356271244	0.28152010116840465	0.4520661624206844	68.57390838455319	-838.2029463121586	7.66330936658614E-4	0.547622827825233	7.743198355561848E-4	1.1207732523890075E-7	0.43341586636795987
55600000	-9453.399283554494	-8665.018728424155	-788.3805551303393	-8499.374883859893	44.106252069410786	584.2078557999367	0.27325974788002133	0.20375846336384118	0.11179962445815976	0.12311723244471356	0.4855154732021469	0.5511688567818376	0.36688432710573243	0.18813568536307912	1.6863763209861347	0.18682343667868567	1.406089683189439	0.20375846336384118	0.11179962445815976	0.12311723244471356	0.4855154732021469	0.5511688567818376	0.36688432710573243	0.18813568536307912	1.6863763209861347	0.18682343667868567	1.406089683189439	6.085342526750505	0.2932475914242362	0.21656549203826275	0.21415195501684545	0.27603496152065554	0.4893671849587057	41.71469053899998	-782.8368516552159	8.942160849809651E-4	0.5577436299178707	8.950543506084034E-4	3.5077381554112205E-7	0.6356465525935223
55700000	-9551.711041407823	-8679.863047754208	-871.8479936536158	-8517.78884812829	56.61377998724616	770.3916541892394	0.1159574358690042	0.10130656992610293	0.11255259929757565	0.6266570665026424	2.4258169851477835	1.2752589980646043	0.3861889832693946	0.19145039770636155	4.323606967224588	0.34512531518822304	1.6941809109126316	0.10130656992610293	0.11255259929757565	0.6266570665026424	2.4258169851477835	1.2752589980646043	0.3861889832693946	0.19145039770636155	4.323606967224588	0.34512531518822304	1.6941809109126316	6.808568213415434	0.28792773485273426	0.22941510108004795	0.20569707738798404	0.2769600866792337	0.4981894012210802	71.53674625124752	-859.08659262954	7.293191777402924E-4	0.5617044354554874	7.498006092912158E-4	1.8946892887116652E-7	0.5825202841003968
55800000	-9514.051588045471	-8686.653334168814	-827.398253876658	-8520.18511919952	46.18233516341332	652.8483629455721	0.1361065417940358	0.06581943927686723	0.1261618511683965	1.9796126806205316	0.47320900941482813	0.5174411311481985	1.14190155656833	0.5985899598237264	2.599354369205926	0.8536026398674669	1.387841026605718	0.06581943927686723	0.1261618511683965	1.9796126806205316	0.47320900941482813	0.5174411311481985	1.14190155656833	0.5985899598237264	2.599354369205926	0.8536026398674669	1.387841026605718	6.283883543254281	0.3112822223791823	0.2060058420989838	0.19389515746472033	0.28881677805711353	0.49090099475400184	64.98509980590323	-816.9549495773998	9.284859494729042E-4	0.3627883848035584	8.927278380784119E-4	2.99161701541263E-7	0.5945662543412303
55900000	-9501.987533940004	-8660.60608461945	-841.3814493205529	-8494.383889763732	49.477874082804206	694.6375996899365	0.11700465990814608	0.3921734240151059	0.7778596921842211	0.8158694681791888	0.4506818811387656	1.1427230730684197	3.3355135778691993	2.2855801041966033	5.734342857483414	1.4799650880045727	0.03730348156421306	0.3921734240151059	0.7778596921842211	0.8158694681791888	0.4506818811387656	1.1427230730684197	3.3355135778691993	2.2855801041966033	5.734342857483414	1.4799650880045727	0.03730348156421306	7.542479667446759	0.29631179733921575	0.21675487264456209	0.2113692790065217	0.27556405100970044	0.7163448402498028	61.22163024204832	-823.9138009950814	7.622794598829085E-4	0.40342660974140865	7.670079367835354E-4	2.1933165180670708E-7	0.6219456481382625
56000000	-9529.827837293788	-8673.47013434705	-856.3577029467382	-8513.679463097607	63.294006585521146	787.3140137123338	0.13272615870897178	0.2690003439031798	0.2207419923223911	0.02296450159284353	2.299482422424594	0.5100180896650515	0.6837667125599722	0.08991597563830744	3.413706111428108	0.594246616238016	2.3326435752107324	0.2690003439031798	0.2207419923223911	0.02296450159284353	2.299482422424594	0.5100180896650515	0.6837667125599722	0.08991597563830744	3.413706111428108	0.594246616238016	2.3326435752107324	6.275246703082665	0.2967020409786552	0.21520790839814635	0.2113692790065217	0.27672077161667674	0.5699204338430459	65.67209918068598	-844.9082672226916	7.919773410140294E-4	0.5209970675894243	7.246019143272344E-4	2.35798223204886E-7	0.5872156952959451
56100000	-9501.966380551507	-8676.235378946616	-825.7310016048899	-8505.613348545568	42.98043817231446	627.9906745864037	0.2501731800124756	0.40620393150231193	0.2568277064154607	0.6462428709154783	2.7295523294487123	1.9542086496114595	1.9665977626520441	0.873268360702653	5.132713932065042	0.312368188336296	0.7232183440255002	0.40620393150231193	0.2568277064154607	0.6462428709154783	2.7295523294487123	1.9542086496114595	1.9665977626520441	0.873268360702653	5.132713932065042	0.312368188336296	0.7232183440255002	6.928760505170007	0.29715920997984063	0.21253189111117396	0.21457041269141733	0.275738486217568	0.45940644644330253	53.64992561107563	-810.2790112239643	8.561806071647758E-4	0.5024257300695454	9.069165171445712E-4	2.50924527481613E-7	0.542854994774971
56200000	-9520.289251483182	-8673.628393118483	-846.6608583646986	-8513.964263284139	49.58698978826135	728.0886550059298	0.11215053046689712	0.13612156250218227	0.2779463741291192	0.4662519697986014	0.0712612849757797	0.9947976640752181	1.0333469492718517	1.5642515467512885	2.6460457627457012	0.6048458792638003	0.552887239633222	0.13612156250218227	0.2779463741291192	0.4662519697986014	0.0712612849757797	0.9947976640752181	1.0333469492718517	1.5642515467512885	2.6460457627457012	0.6048458792638003	0.552887239633222	6.4278913074056065	0.29089410330509563	0.2079073166803658	0.22546009379697046	0.275738486217568	0.4931082492965749	66.10673992884736	-837.757976770069	7.261394570213889E-4	0.3998321321286504	7.929270133404943E-4	9.226928408704877E-8	0.4061306672714373
56300000	-9541.733612520278	-8696.841964515104	-844.8916480051743	-8530.946354914893	54.172726780393056	739.0807116091937	0.093730786168484	0.9375829535622755	0.3337221288720829	0.58448324598747	0.16839071852667853	1.6706202461314947	0.5406176283589835	0.6225509422643468	3.244359140327418	0.5955478070287069	0.5236988237248585	0.9375829535622755	0.3337221288720829	0.58448324598747	0.16839071852667853	1.6706202461314947	0.5406176283589835	0.6225509422643468	3.244359140327418	0.5955478070287069	0.5236988237248585	6.243548572733379	0.30028843035471364	0.19925698383986445	0.2154755754355434	0.2849790103698785	0.4644239187499291	67.12776087606117	-834.699998069117	7.784462221464751E-4	0.42721669826365155	7.31703323625966E-4	1.1643256292919612E-7	0.4506003017232397
56400000	-9515.620423331144	-8694.752884877898	-820.8675384532454	-8532.052767997608	50.98845328303434	694.6537833642753	0.13008540221268622	0.0642376344020903	0.025187287251582004	0.7597376224257678	0.05068258809100611	0.5648675934033826	1.4785356281247546	0.32068982639568944	2.306357317874849	0.12161792106265255	0.8359977241802798	0.0642376344020903	0.025187287251582004	0.7597376224257678	0.05068258809100611	0.5648675934033826	1.4785356281247546	0.32068982639568944	2.306357317874849	0.12161792106265255	0.8359977241802798	6.008906518851044	0.3016090791309035	0.21790871709064438	0.2159797898414917	0.2645024139369604	0.4910112459317137	56.51537008884423	-813.5950396107231	7.881371701918906E-4	0.5299488375689035	7.555173179571524E-4	1.9805426238438173E-7	0.5644918341598758
56500000	-9491.88769479848	-8674.500632159106	-817.3870626393744	-8510.72892425223	59.55021763770619	680.4044912221932	0.1108381473145005	0.006831267973652054	0.09453902667197839	0.588367058485319	0.5514672869654952	2.57687975707092	0.16926305995343072	1.1843118314846983	4.349957356014468	0.7344980234149049	0.44876855217916317	0.006831267973652054	0.09453902667197839	0.588367058485319	0.5514672869654952	2.57687975707092	0.16926305995343072	1.1843118314846983	4.349957356014468	0.7344980234149049	0.44876855217916317	5.976535180630101	0.30344154455151484	0.20278309463638453	0.21111635871724893	0.2826590020948517	0.5556113987372128	55.73737348007482	-805.5635151363382	8.386957952970423E-4	0.5318109100100319	8.554573418512015E-4	2.747384355137809E-7	0.5863670549892326
56600000	-9492.232105510417	-8668.858445791377	-823.3736597190396	-8504.621624865726	61.58486404921302	706.7042280212735	0.16708452224086912	0.7630326616517615	0.16145066772999148	1.8274486440523738	0.5507857682167183	0.5644393052237664	3.3677167335118474	0.03946216105068252	3.2469733193965413	0.20583101307188406	0.9345708752343906	0.7630326616517615	0.16145066772999148	1.8274486440523738	0.5507857682167183	0.5644393052237664	3.3677167335118474	0.03946216105068252	3.2469733193965413	0.20583101307188406	0.9345708752343906	6.3812313167017525	0.29254045886133245	0.21885791848187752	0.19798810099074696	0.29061352166604304	0.5987170565780441	53.1118106543896	-811.2230204592257	7.458534460393877E-4	0.48758166931238245	7.415508790365133E-4	1.5402749285178816E-7	0.49632624057899843
56700000	-9490.675082619824	-8671.512059689763	-819.1630229300605	-8497.927067058596	53.229580186799986	679.8091900179768	0.18159408982039327	0.04327681487302023	0.04072140264637927	0.6485416000951285	0.9613883873372951	0.4030258256110926	0.48594959654262704	0.2997275492229709	1.3690049133589268	0.3434997899739922	0.08172200938377298	0.04327681487302023	0.04072140264637927	0.6485416000951285	0.9613883873372951	0.4030258256110926	0.48594959654262704	0.2997275492229709	1.3690049133589268	0.3434997899739922	0.08172200938377298	6.447707929734117	0.2821371205695703	0.210520808607133	0.2096772560897301	0.2976648147335666	0.49844812677537476	53.73959219662228	-813.5214048819909	8.792605360463766E-4	0.594128511116277	8.119531840775089E-4	2.7700141416871965E-7	0.5841909445629112
56800000	-9550.667128292094	-8680.839236602318	-869.8278916897762	-8518.599197288682	59.12039367861107	829.5777731548637	0.12371336259275759	1.0811960680419321	0.18970476097421413	1.0296679040875951	1.135637262800245	1.1401372845974092	0.13622902718212251	1.1096197390756242	4.247420294439565	0.4048831638613564	0.2242848222096685	1.0811960680419321	0.18970476097421413	1.0296679040875951	1.135637262800245	1.1401372845974092	0.13622902718212251	1.1096197390756242	4.247420294439565	0.4048831638613564	0.2242848222096685	5.835716757372027	0.29788979105458524	0.21683132132321797	0.20627102244557985	0.2790078651766169	0.47401519950626	79.83332460382326	-858.749344591247	6.035521421553774E-4	0.43261267388496705	6.098654911967701E-4	7.13227555343928E-8	0.44698419119272553
56900000	-9525.113084552158	-8687.670876709497	-837.4422078426608	-8527.70665786299	49.11791965774231	699.6376049040952	0.163384749819902	0.23196327664957908	0.05128838115665664	0.8290430157424202	1.5199235392042574	1.3289484076923728	0.7092981635678012	0.07157848173825974	4.76816453205138	0.024345712744065152	0.871819291732821	0.23196327664957908	0.05128838115665664	0.8290430157424202	1.5199235392042574	1.3289484076923728	0.7092981635678012	0.07157848173825974	4.76816453205138	0.024345712744065152	0.871819291732821	6.102683426643898	0.30078778542019	0.21073909323984874	0.2075424701679956	0.2809306511719657	0.5269656399795997	62.34457963786834	-826.9088419867497	7.672710416437324E-4	0.3705104393114236	7.826716299763234E-4	9.871629784730584E-8	0.4059464531566902
57000000	-9505.48625187227	-8672.61424004253	-832.872011829739	-8501.885999500297	50.68551814747297	683.6610376083983	0.3017387246813513	1.0441738549553903	0.4787858914674659	0.8942908835464185	0.46810362323545524	0.628314743219528	2.5000608663509682	1.3607914215098984	3.5541612124748476	0.7863730699776257	2.71471501064895	1.0441738549553903	0.4787858914674659	0.8942908835464185	0.46810362323545524	0.628314743219528	2.5000608663509682	1.3607914215098984	3.5541612124748476	0.7863730699776257	2.71471501064895	6.451389466687925	0.31310841389960836	0.2172880408885046	0.2034851098820127	0.2661184353298744	0.4832272517878876	48.56621427348247	-818.4045818567464	7.763646257201393E-4	0.49554694212343764	7.576382615002504E-4	1.0686443870559906E-7	0.4352436137118014
57100000	-9518.533450217761	-8690.694523638009	-827.8389265797515	-8522.610968144054	45.97427491544642	671.0564428153205	0.17951915447814065	0.822261710947098	0.20542560553715566	0.34060498565953756	0.8891793779833842	0.3669052159073513	2.861547382061411	0.23996294580337224	2.930116021717922	0.49936545017130535	0.5721135422773758	0.822261710947098	0.20542560553715566	0.34060498565953756	0.8891793779833842	0.3669052159073513	2.861547382061411	0.23996294580337224	2.930116021717922	0.49936545017130535	0.5721135422773758	7.916353239104103	0.3141746343000917	0.2131697915575559	0.219275658596029	0.2533799155463235	0.5384717423747021	60.345071163902496	-817.4005552266524	8.395508335507957E-4	0.4072237995998575	8.202096759676122E-4	1.2802239622593745E-7	0.4263166501814624
57200000	-9504.971036013407	-8698.743988671533	-806.2270473418736	-8531.982247073676	44.7732342510495	630.1674601136008	0.15660060714913127	1.1776232229560482	0.2321671147551729	0.8948808506966786	0.06322829108501866	1.499368901288774	1.0392667158089903	0.05334002982945646	4.957447624456929	0.3716170886141439	1.874731760857307	1.1776232229560482	0.2321671147551729	0.8948808506966786	0.06322829108501866	1.499368901288774	1.0392667158089903	0.05334002982945646	4.957447624456929	0.3716170886141439	1.874731760857307	6.337569885117943	0.28810679637828884	0.2131697915575559	0.20469444000467724	0.2940289720594781	0.5148505831855823	48.300080120171906	-793.8250314422345	9.545348512817023E-4	0.3523577015430344	9.144330460531329E-4	1.7069099179840023E-7	0.43882255526284464
57300000	-9541.83568602441	-8693.683263772695	-848.1524222517139	-8523.61405058564	48.19991991014651	754.2057392689358	0.13222023012993406	0.44002042558201143	0.720693482609124	0.03947861953736899	0.5239099511542721	0.299133179991636	3.2670361228324145	0.5251952335626987	2.7334886377038337	0.8073569959730695	2.0719070025774915	0.44002042558201143	0.720693482609124	0.03947861953736899	0.5239099511542721	0.299133179991636	3.2670361228324145	0.5251952335626987	2.7334886377038337	0.8073569959730695	2.0719070025774915	6.266403905525463	0.30177149398398345	0.2258998461113501	0.20325200484714329	0.2690766550575232	0.5747231960430896	72.51100003313988	-837.0439063786998	7.530543861338438E-4	0.1831796410709054	7.337711908091863E-4	8.862359899297906E-8	0.40105571859074357
57400000	-9515.167115735174	-8685.493043227525	-829.6740725076495	-8525.055683917088	53.1817517832456	702.2272473628092	0.12694726680429577	0.26746705393825	0.37403533523511806	0.2714365553034684	0.97991783732833	1.1013733593068546	2.013481361538802	4.0091801543923637E-4	4.321330538934049	0.25837864237639824	0.44069257577871623	0.26746705393825	0.37403533523511806	0.2714365553034684	0.97991783732833	1.1013733593068546	2.013481361538802	4.0091801543923637E-4	4.321330538934049	0.25837864237639824	0.44069257577871623	5.633722882049338	0.29133838246613747	0.21055049030697923	0.20840005734814437	0.289711069878739	0.46456478269430923	58.19676497951016	-819.4638459154198	8.441571771100301E-4	0.3548014002025703	8.13632639863031E-4	1.2623184953581173E-7	0.42508250984602497
57500000	-9492.573033674027	-8696.455754473689	-796.1172792003372	-8535.247785476062	41.54239970053695	589.0987140346695	0.18873163977596755	1.0211388035449842	0.09894162269067322	0.07107570456354026	2.6595784638158824	1.1051592494463789	0.7739020974084443	0.05543105799553372	4.118027981748082	1.0754551207777467	0.09221610122447664	1.0211388035449842	0.09894162269067322	0.07107570456354026	2.6595784638158824	1.1051592494463789	0.7739020974084443	0.05543105799553372	4.118027981748082	1.0754551207777467	0.09221610122447664	6.353166683569976	0.3003494296629758	0.2134174903834969	0.2061034662287151	0.2801296137248124	0.6032650712215548	47.669641844884644	-784.510251331135	9.81760086468797E-4	0.43568725585445184	9.322633779162104E-4	1.2689251371310553E-7	0.3747462561015685
57600000	-9493.990700267197	-8666.649384911363	-827.3413153558331	-8505.802410480403	47.960841487806995	651.5999965825513	0.13921582174583935	1.5429213593370223	0.21915721285159168	3.7025030944326427	0.5973816552857681	0.9007823419774101	0.8730549871558612	2.584951864213276	6.746297712511275	1.8931631225906165	0.2230935470366071	1.5429213593370223	0.21915721285159168	3.7025030944326427	0.5973816552857681	0.9007823419774101	0.8730549871558612	2.584951864213276	6.746297712511275	1.8931631225906165	0.2230935470366071	6.890448147376282	0.28463494459741545	0.203279024322565	0.22305543437328024	0.28903059670673953	0.5112798174647434	61.23802943041473	-805.591461639991	0.0011867235208694146	0.7487420639385591	0.0010426046121342176	1.8346588900699197E-7	0.3898189264334009
57700000	-9477.018909258139	-8655.106558642266	-821.9123506158722	-8492.141888984594	42.81809532826081	638.0261859584316	0.18283133698129211	0.36835198000404157	0.06719074305081325	0.015055841011264814	0.8300642340811523	0.38868483076072496	1.5461887729996469	0.1612372249334808	1.2290379190224308	0.05465023592861649	0.5112641205270153	0.36835198000404157	0.06719074305081325	0.015055841011264814	0.8300642340811523	0.38868483076072496	1.5461887729996469	0.1612372249334808	1.2290379190224308	0.05465023592861649	0.5112641205270153	6.461547615314192	0.29570589961709515	0.20643004155142114	0.20752772804805406	0.2903363307834299	0.48391645494421165	68.8255564840295	-815.3229928649552	9.567441929703667E-4	0.6100372949262973	9.159407380696255E-4	1.641555600287477E-7	0.43805531178731383
57800000	-9516.61365286555	-8677.595740296629	-839.017912568921	-8514.621499168838	46.00273915529711	710.0058321473324	0.10756824921023254	0.4150682988410481	0.4831222288265429	0.2937625247179637	0.13099986641222056	0.9779030391641168	0.08287237652829212	0.08383765473850324	4.257460987669705	0.6397353937338489	0.017884492706285553	0.4150682988410481	0.4831222288265429	0.2937625247179637	0.13099986641222056	0.9779030391641168	0.08287237652829212	0.08383765473850324	4.257460987669705	0.6397353937338489	0.017884492706285553	6.332261600343236	0.29570589961709515	0.20772403663509564	0.22133683028724277	0.2752332334605667	0.5381927958836563	70.21339841773774	-831.7717826083677	7.90426687083294E-4	0.17662241980430848	8.063119130374411E-4	2.11757598994214E-8	0.1826885591054218
57900000	-9465.239653592118	-8672.297286898833	-792.942366693285	-8508.644617794542	43.73428827662963	600.6666494289074	0.13780520130756832	0.3159612742542808	0.05088964981122414	0.3770166744841083	0.2104101447655493	1.3754579098684683	1.0176337864581841	0.15190069745009405	2.2729922388800623	0.10412274791982438	0.2330975877024188	0.3159612742542808	0.05088964981122414	0.3770166744841083	0.2104101447655493	1.3754579098684683	1.0176337864581841	0.15190069745009405	2.2729922388800623	0.10412274791982438	0.2330975877024188	6.648649094783862	0.2957607183215685	0.20247137066578255	0.21416843851026693	0.28759947250238227	0.6245845572713228	51.38278176428297	-785.4386040304215	0.0010311502588039904	0.5304212911658786	9.393137986275111E-4	1.0548839541189373E-7	0.3366690051271885
58000000	-9482.075423109745	-8668.441694583642	-813.6337285261036	-8507.266559621403	45.94412087486359	588.7606247260983	0.16309361485096804	0.4973273762473062	0.5285781479960142	0.5461674793605408	1.8487373104373852	0.8673809380102838	0.2150098714206045	0.3026038777324334	3.506137327714186	0.9432117461211575	0.676753051381832	0.4973273762473062	0.5285781479960142	0.5461674793605408	1.8487373104373852	0.8673809380102838	0.2150098714206045	0.3026038777324334	3.506137327714186	0.9432117461211575	0.676753051381832	5.914116941085842	0.2957607183215685	0.19509846565358718	0.2215413435224623	0.28759947250238227	0.5357989803441101	61.906877085983034	-802.1474385246026	0.0010170340529062638	0.6484424130050035	0.0010349576525346934	1.450799717959943E-7	0.3722752751362093
58100000	-9495.639503530949	-8683.930102006383	-811.7094015245657	-8522.542675175948	49.85225087199457	642.6969553617976	0.14450646924932212	1.6137466605578201	0.2021105900397336	0.12611797700154828	0.05319206029078439	0.36157748513441174	1.3686442104313907	1.9878756017836026	3.268415758908385	1.696730163737932	0.713892086334574	1.6137466605578201	0.2021105900397336	0.12611797700154828	0.05319206029078439	0.36157748513441174	1.3686442104313907	1.9878756017836026	3.268415758908385	1.696730163737932	0.713892086334574	5.773021599305071	0.3069687913970644	0.19769868289539883	0.20656277961530484	0.2887697460922322	0.5508474555059133	57.61739121180269	-799.3207448421094	9.722162040263148E-4	0.4931054443587517	8.731734897526956E-4	2.1158100141181492E-7	0.5083196994415559
58200000	-9524.563610773912	-8693.074888275172	-831.4887224987395	-8524.821647122402	40.92542948023434	653.896371015697	0.11273274874896468	0.12425630915807788	0.8010515652461451	0.0681709804875431	0.2781605085593742	0.3643181412841763	0.5990211610655061	0.2724813620758057	2.292201888886354	0.31510881746861535	0.4429175459903834	0.12425630915807788	0.8010515652461451	0.0681709804875431	0.2781605085593742	0.3643181412841763	0.5990211610655061	0.2724813620758057	2.292201888886354	0.31510881746861535	0.4429175459903834	6.3442789113488915	0.29460408868117255	0.19769868289539883	0.21526163549961905	0.2924355929238099	0.5611000670575454	64.93354433150985	-825.0814842670642	9.013116620196396E-4	0.361381289842509	8.53865624105136E-4	1.4546326001581487E-7	0.4409966195562677
58300000	-9484.400498046738	-8672.481744300854	-811.9187537458845	-8510.906488820847	46.48014474348623	673.187456988266	0.1290510551718454	0.10208121070146746	0.021182664487641188	0.46652775074540526	0.3710935354897423	0.48902492362780864	0.018773757077546714	0.19939940377953905	1.6611987776935015	0.5908118753040186	0.2718498274234821	0.10208121070146746	0.021182664487641188	0.46652775074540526	0.3710935354897423	0.48902492362780864	0.018773757077546714	0.19939940377953905	1.6611987776935015	0.5908118753040186	0.2718498274234821	5.980629038990255	0.3085300196111861	0.19540419292606315	0.20363019453894118	0.2924355929238099	0.5124103315344115	58.40650393453233	-807.4256118700777	7.993631658468217E-4	0.35191339436944236	7.7030145607981E-4	1.5032032827860164E-7	0.496972594021719
58400000	-9511.579138060815	-8694.175927161163	-817.4032108996528	-8524.882263932242	46.10753891451897	668.4788928621713	0.1285525260580425	0.06313422763366625	0.12917121390097022	0.22891939875361647	0.5597642807370061	1.1797725470973246	0.2882967032368203	0.34361723798539984	1.793228943244045	0.09006492727757313	0.7951725091565266	0.06313422763366625	0.12917121390097022	0.22891939875361647	0.5597642807370061	1.1797725470973246	0.2882967032368203	0.34361723798539984	1.793228943244045	0.09006492727757313	0.7951725091565266	6.907152443977276	0.2862109568922999	0.20928540575963397	0.21230166788516716	0.2922019694628992	0.4775048907422808	52.024158907361816	-811.6486873649003	7.927145166207754E-4	0.3575729117727074	8.018417095140187E-4	1.4686647042379366E-7	0.46395804468940266
58500000	-9513.199424394626	-8693.036922054644	-820.1625023399826	-8520.594277909906	48.85061274382191	698.0322564572579	0.1129011389727438	0.10271995158729985	0.24589080177238742	0.48777055489700216	0.036673526997790244	0.8064245463664045	1.283789533843526	0.12267144456293022	1.8625205238855236	0.44325539142065823	0.9029153226578988	0.10271995158729985	0.24589080177238742	0.48777055489700216	0.036673526997790244	0.8064245463664045	1.283789533843526	0.12267144456293022	1.8625205238855236	0.44325539142065823	0.9029153226578988	5.936482205860435	0.3058712767376796	0.20280571973546554	0.2106641558669548	0.2806588476599004	0.5693531283194083	52.90434189478161	-812.8791104950755	9.176293354304765E-4	0.47099973692721464	8.242520330513205E-4	1.4134301228689915E-7	0.4216879782631674
58600000	-9484.385994567532	-8665.55614143947	-818.8298531280608	-8499.35452148147	51.87450167103239	675.2921081975289	0.19668714857502007	0.2748915705939049	0.18621088917711417	0.07717867782441376	0.7285393653447934	0.5940160068152381	2.0742009863968423	2.4904067991061307	1.7433661699489458	1.22442487758095	1.2615112189769617	0.2748915705939049	0.18621088917711417	0.07717867782441376	0.7285393653447934	0.5940160068152381	2.0742009863968423	2.4904067991061307	1.7433661699489458	1.22442487758095	1.2615112189769617	6.274425400470811	0.2838876014636653	0.21445279700107983	0.2082120888745658	0.29344751266068947	0.5187586601013516	53.83905819278108	-807.3930180319047	0.0010043320556902984	0.49986975905634584	8.636819773170235E-4	2.8257234352080233E-7	0.5340234696347148
58700000	-9501.713201464552	-8677.123576385746	-824.5896250788064	-8509.09966757314	46.96998337971586	663.100084759629	0.15011518662165	0.013163608003435774	0.10999164385116894	0.7156258285067718	0.14728970733454777	1.1458864211480193	2.908065992510576	0.3316844090219845	1.946948504734432	0.35342794763444313	0.4151740142412919	0.013163608003435774	0.10999164385116894	0.7156258285067718	0.14728970733454777	1.1458864211480193	2.908065992510576	0.3316844090219845	1.946948504734432	0.35342794763444313	0.4151740142412919	6.960980265117088	0.29646276782701964	0.21351002306519648	0.2197048168138492	0.27032239229393507	0.5333271592403627	57.79853569793146	-815.7293450784115	8.339133028753077E-4	0.467353064078571	8.03753265317413E-4	1.643166450339756E-7	0.4992569371910737
58800000	-9513.840184446137	-8700.170854203312	-813.6693302428257	-8530.061364982708	46.5455810434483	658.4936119787142	0.16423231514740705	0.028977456785692437	0.04865340092836076	0.8261355090554664	0.7883823705989118	0.5184648773203396	0.47030697479681866	0.18983563575753823	1.6248833513742593	0.19505819455027318	0.40372787527513043	0.028977456785692437	0.04865340092836076	0.8261355090554664	0.7883823705989118	0.5184648773203396	0.47030697479681866	0.18983563575753823	1.6248833513742593	0.19505819455027318	0.40372787527513043	6.168796233590547	0.31206211434004116	0.2141687080657869	0.20398832516263718	0.2697808524315351	0.4853145165936586	56.03570475361237	-808.259468801636	8.702297902181655E-4	0.3992595195430353	8.334719797015162E-4	1.201950294257484E-7	0.4009996930333217
58900000	-9538.35493668052	-8691.896525284614	-846.4584113959057	-8528.443409200263	49.29905992220192	727.553577351192	0.13771861263634536	0.07436472928900757	0.3357896723015547	1.5345014456847743	1.6826366607080363	0.2954483442985949	0.4903499267258373	0.21844199476335363	4.0519288689317285	1.225484024617705	0.39275308943341725	0.07436472928900757	0.3357896723015547	1.5345014456847743	1.6826366607080363	0.2954483442985949	0.4903499267258373	0.21844199476335363	4.0519288689317285	1.225484024617705	0.39275308943341725	5.000153946637757	0.29974255302180225	0.21147059927101022	0.1994377027135975	0.2893491449935903	0.4292304283779006	63.26722483288593	-836.2898157593607	6.807220661579749E-4	0.39972197319230424	7.263957703459466E-4	8.423746188792122E-8	0.41379772664021025
59000000	-9522.567803209029	-8705.81922971453	-816.7485734944978	-8551.676601891231	43.1536793045167	664.9961912658084	0.19380743648903703	0.7461046015888143	0.0960264968151656	0.48375344148238	0.15439839968465366	0.7080760253999308	0.2546582747383424	0.4533191018466821	1.6903310091700319	0.6565699020230512	1.186961802795335	0.7461046015888143	0.0960264968151656	0.48375344148238	0.15439839968465366	0.7080760253999308	0.2546582747383424	0.4533191018466821	1.6903310091700319	0.6565699020230512	1.186961802795335	5.9753977757419	0.3017095921579427	0.20487068981869655	0.20299113717342757	0.2904285808499335	0.5250318083656719	60.67947523838274	-810.5933760952319	8.575244147050019E-4	0.2645817265763437	8.492669882476893E-4	5.11054179263778E-8	0.26305137520387456
59100000	-9514.3313702861	-8687.719249513859	-826.6121207722416	-8518.159988632713	45.8500682665443	677.9476260838803	0.17693105892594477	0.5844936476272488	0.15001342681300814	0.15692031507110762	0.5049933500946558	0.828800429912152	1.6031002965146892	0.06762238092196846	2.0191214933452457	0.15077649426463943	0.6161661484720357	0.5844936476272488	0.15001342681300814	0.15692031507110762	0.5049933500946558	0.828800429912152	1.6031002965146892	0.06762238092196846	2.0191214933452457	0.15077649426463943	0.6161661484720357	6.680868631611973	0.3096770048872279	0.21103600671073638	0.20299113717342757	0.2762958512286085	0.4371442904083083	56.68675259502937	-820.6072561807799	7.745572313666342E-4	0.19868195299820945	7.839365898359708E-4	2.5402855460691383E-8	0.205581363497911
59200000	-9504.385067609443	-8665.377948511697	-839.0071190977444	-8508.786922746556	44.761700427136645	675.5633292647283	0.1114665400843131	0.17405679654661554	0.0063505085455784205	1.2265344849375264	1.8112723647202627	1.7457780105835214	0.41700168390343295	0.09207161053226164	5.91717518122414	0.3991665998363351	1.3075663372899657	0.17405679654661554	0.0063505085455784205	1.2265344849375264	1.8112723647202627	1.7457780105835214	0.41700168390343295	0.09207161053226164	5.91717518122414	0.3991665998363351	1.3075663372899657	6.296245557179356	0.2938444212224203	0.21103600671073638	0.20447494699168275	0.2906446250751609	0.5123011561543884	54.813783512799056	-824.9858613984851	9.026682117551948E-4	0.4425477444752613	8.396173157722354E-4	1.5097408672900598E-7	0.4378792078822093
59300000	-9491.9555084192	-8664.849988824533	-827.1055195946672	-8503.523783766723	50.415293982111564	674.081137673081	0.15004447987976605	0.2882148887538423	0.05596289252570836	0.34640431234840524	0.8742883118372898	0.9221094145400021	0.7555252682054637	0.006579275796660121	3.8815813305866196	0.7317685177949019	0.8311643148417334	0.2882148887538423	0.05596289252570836	0.34640431234840524	0.8742883118372898	0.9221094145400021	0.7555252682054637	0.006579275796660121	3.8815813305866196	0.7317685177949019	0.8311643148417334	7.243836870330917	0.29886112525378594	0.20116676768456754	0.21980243916966982	0.2801696678919771	0.553234916098861	67.16284701303405	-817.2638939566616	8.052163818157857E-4	0.5095361864265834	8.140034769054009E-4	2.459804382567007E-7	0.5902840265579343
59400000	-9485.760150303371	-8676.131506290387	-809.6286440129837	-8510.344941665715	55.653317104827885	667.6079736408942	0.22787168174251543	0.3571058151403621	0.05324029824253182	0.2409093696278235	0.7503891161815287	1.1509747561285482	1.5359513772666558	0.24730902057693274	2.9843136973942697	0.10708217273738577	1.9557903693689709	0.3571058151403621	0.05324029824253182	0.2409093696278235	0.7503891161815287	1.1509747561285482	1.5359513772666558	0.24730902057693274	2.9843136973942697	0.10708217273738577	1.9557903693689709	6.771584692887139	0.29916517419575733	0.21978792313556655	0.19967426504592783	0.28137263762274867	0.5186031900255914	53.58879104801138	-799.437153874407	9.37459236895668E-4	0.530115162149479	8.694492421847527E-4	3.37350700372551E-7	0.6093304415075942
59500000	-9527.444388737902	-8695.766012403548	-831.6783763343539	-8529.28306581755	49.8718296144578	711.492441858844	0.14072722512093197	0.34904081697670014	0.07443217653077752	0.34918954623149856	0.30458679199056776	1.035905433735141	0.7883289264666555	1.0707006458549526	2.1105482729107106	0.2943085937298249	0.19366946423755724	0.34904081697670014	0.07443217653077752	0.34918954623149856	0.30458679199056776	1.035905433735141	0.7883289264666555	1.0707006458549526	2.1105482729107106	0.2943085937298249	0.19366946423755724	6.62026035983358	0.30023318388411424	0.217734998144717	0.20391117665158803	0.2781206413195811	0.43945680622902245	59.67328590646951	-825.5125369856094	8.325882794862333E-4	0.19170636941847255	7.634103987539208E-4	1.8151701071819601E-7	0.5165712269927044
59600000	-9490.628556622652	-8670.239340041131	-820.3892165815216	-8511.324437701354	49.286340946863405	688.6529445691972	0.293749982022389	0.0024065914727934884	0.03915151961562349	0.1643610891283099	1.3043731120500892	0.3685641226695724	4.3460906141152735	0.1594610104133538	1.1050736527008231	0.4157537822140081	0.07668685835655478	0.0024065914727934884	0.03915151961562349	0.1643610891283099	1.3043731120500892	0.3685641226695724	4.3460906141152735	0.1594610104133538	1.1050736527008231	0.4157537822140081	0.07668685835655478	7.007590202667177	0.3030683772998623	0.2043696166912364	0.20180225927223877	0.29075974673666294	0.509573130536856	56.81597151824879	-811.4852713934341	8.49974973178556E-4	0.6039273384114979	8.101545755262278E-4	2.846453019323397E-7	0.6458490766187124
59700000	-9488.952205281645	-8673.736626610182	-815.2155786714625	-8510.556004716052	55.611355951869974	698.9962152478654	0.1532545859515982	0.9357845248266775	0.06162771209228143	0.8466841147870054	0.692078791826786	2.0444137965307227	0.7060773212936469	0.9618385793694642	2.2955981154667184	0.44924214524550865	1.7547013684508475	0.9357845248266775	0.06162771209228143	0.8466841147870054	0.692078791826786	2.0444137965307227	0.7060773212936469	0.9618385793694642	2.2955981154667184	0.44924214524550865	1.7547013684508475	5.872287167163353	0.297106608413178	0.2056537134572024	0.20776402815892303	0.28947564997069697	0.4687542196111063	48.18827260883128	-803.710439957319	8.912098943861846E-4	0.5622709603097161	8.193046916253881E-4	3.2338952851007103E-7	0.6247054830274468
59800000	-9487.707880280841	-8669.489888535192	-818.2179917456483	-8505.550547301433	49.67141482341124	669.7481425525576	0.21885561237201004	0.5280219053166915	0.0693841829676818	0.06841531108433326	0.3247807054152555	1.0909461401368563	0.41679554538660885	0.055842070756858896	3.2446951182260664	0.2272725254209694	1.7006676188533767	0.5280219053166915	0.0693841829676818	0.06841531108433326	0.3247807054152555	1.0909461401368563	0.41679554538660885	0.055842070756858896	3.2446951182260664	0.2272725254209694	1.7006676188533767	5.821601811351098	0.28996403232341256	0.202971331975975	0.2144515603013368	0.292613075399276	0.4675938465576848	55.30917486919	-810.5894306780428	8.275252521504688E-4	0.39948242393801275	9.227809649541574E-4	2.846603068615495E-7	0.6032125138033121
59900000	-9479.329355926486	-8675.493118236303	-803.8362376901827	-8512.241885972106	42.26330245613531	582.4629632374649	0.1417781090302614	1.2282450027551732	0.04562596343934758	1.2734887885359907	0.2758911238149812	1.6594378641539085	1.8458430339611787	0.145226382228918	3.894163644874257	1.449166685162381	0.08306133242708102	1.2282450027551732	0.04562596343934758	1.2734887885359907	0.2758911238149812	1.6594378641539085	1.8458430339611787	0.145226382228918	3.894163644874257	1.449166685162381	0.08306133242708102	6.59454949273695	0.3182749771551302	0.20075754753980518	0.19899347068684556	0.2819740046182194	0.52878908046918	51.834755442367054	-790.665706815433	9.543063364667922E-4	0.5461454093614243	9.922189435076219E-4	3.2197323826969355E-7	0.6003298073374189
60000000	-9502.10263322008	-8687.124118322194	-814.978514897887	-8520.915590686001	44.08403789570515	636.0685691020766	0.12444288648106258	0.23920578478257082	0.13375004606069205	0.3860142125400446	0.4046367797226897	0.41279439316766725	0.5499425272566695	0.47016532996860416	1.4529070441619047	0.17372278048977474	0.021923289028808187	0.23920578478257082	0.13375004606069205	0.3860142125400446	0.4046367797226897	0.41279439316766725	0.5499425272566695	0.47016532996860416	1.4529070441619047	0.17372278048977474	0.021923289028808187	6.428399533468591	0.28770016612887084	0.19040644275771673	0.23661152381767264	0.2852818672957402	0.3969167907517659	54.14409914794024	-809.856726892553	7.977571090346261E-4	0.546821757308416	8.185471029066837E-4	2.3248715431661137E-7	0.6010813703761414
60100000	-9523.152816445087	-8707.7890725018	-815.3637439432866	-8541.609949977157	42.45993151879125	620.0972533360665	0.117975732039034	0.4952746850259122	0.13157428983027608	0.2122303475341452	0.8027125957464062	0.7849823169321515	0.24502807366445056	0.7991003724832868	2.5647053817117933	1.0476646874518638	0.3099490052714572	0.4952746850259122	0.13157428983027608	0.2122303475341452	0.8027125957464062	0.7849823169321515	0.24502807366445056	0.7991003724832868	2.5647053817117933	1.0476646874518638	0.3099490052714572	6.770309074094882	0.2923780746372003	0.23155613796384378	0.2051017940847587	0.2709639933141976	0.5368390956080853	57.0405227522775	-807.5179399100804	9.095356402261456E-4	0.30252776059348335	9.227250486222283E-4	2.5171948911474965E-7	0.5529852886409043
60200000	-9519.621899044914	-8686.417423480465	-833.20447556445	-8528.190987395943	47.560986923547354	680.4250420879125	0.17219748278694533	0.3051648145387746	0.003907123648667431	0.7005633810078645	1.603876697400994	1.012485117246694	1.2641225471445436	0.16604963577426643	5.283438820546362	0.25294257137441584	0.5013711357481938	0.3051648145387746	0.003907123648667431	0.7005633810078645	1.603876697400994	1.012485117246694	1.2641225471445436	0.16604963577426643	5.283438820546362	0.25294257137441584	0.5013711357481938	6.596036301452171	0.3063864749773962	0.20558510283473405	0.20578155787104868	0.2822468643168215	0.5043981423434822	68.74985980925503	-821.4059716988502	8.28224149850205E-4	0.44334174193322595	7.916880775718454E-4	1.46836151681766E-7	0.48900808496872583
60300000	-9529.159723101058	-8666.005922223268	-863.1538008777893	-8498.409488856129	50.798663459525045	764.7043759157144	0.10785443554550335	0.6420571716865778	0.16286472496090418	0.6126612135003985	1.2626628322591424	0.7381227855279667	2.584259368490674	1.5722723753612573	3.949830810770169	0.662658931878604	0.5060352795016392	0.6420571716865778	0.16286472496090418	0.6126612135003985	1.2626628322591424	0.7381227855279667	2.584259368490674	1.5722723753612573	3.949830810770169	0.662658931878604	0.5060352795016392	6.041443987977951	0.3046130522458741	0.2151312278524477	0.2134938577533677	0.26676186214831094	0.4366594369987001	68.25664090835754	-850.0473487166565	7.331460625447145E-4	0.3735252938865532	7.25989713900841E-4	7.687346933359729E-8	0.3814473564138294
60400000	-9523.179314692154	-8699.20366085149	-823.9756538406629	-8525.21589096551	45.23332379449401	660.8625038336022	0.26567723167657625	0.005663859434930423	0.02971814130802834	0.3939632970579833	0.27904076668556116	0.19257509899860337	2.149161245948756	3.2501904861625315	1.7868661828187948	0.444223516187258	2.2859549442631617	0.005663859434930423	0.02971814130802834	0.3939632970579833	0.27904076668556116	0.19257509899860337	2.149161245948756	3.2501904861625315	1.7868661828187948	0.444223516187258	2.2859549442631617	5.723225437367655	0.2882470230662607	0.21279531635209034	0.2125790901324487	0.2863785704492007	0.42415027964138297	56.106046808299716	-813.7105905846458	8.836555383887606E-4	0.3060568223978659	8.763129716483732E-4	6.762164527243374E-8	0.29935467640774555
60500000	-9468.173598142395	-8660.508028844817	-807.6655692975792	-8501.82994149694	41.4921873687302	597.2662495306246	0.15673810825615414	0.5648662228007145	0.14544605808611064	0.7079537811664094	1.3304090902715644	1.0949729236525456	1.062870618556407	0.17527586344610158	2.2195930915915825	0.1140182074929869	0.6004862211097662	0.5648662228007145	0.14544605808611064	0.7079537811664094	1.3304090902715644	1.0949729236525456	1.062870618556407	0.17527586344610158	2.2195930915915825	0.1140182074929869	0.6004862211097662	5.385722552598565	0.29638380616035254	0.20960450511704307	0.20763311827340414	0.2863785704492007	0.511128316352657	47.05909348718792	-798.945533792574	9.90301345099447E-4	0.535378273049389	9.509319394540864E-4	3.5074703782726816E-7	0.594970168046901
60600000	-9504.282304232585	-8672.729932812512	-831.5523714200738	-8515.284062617053	51.50574346302475	703.1515662577455	0.135738377608829	0.5768215132976793	0.16092264860281666	0.6740493549026841	0.1480371735302498	0.9970393891073203	0.36952207923705754	0.06598451397416133	4.2364902697939675	0.6773590421496807	1.0814218219137597	0.5768215132976793	0.16092264860281666	0.6740493549026841	0.1480371735302498	0.9970393891073203	0.36952207923705754	0.06598451397416133	4.2364902697939675	0.6773590421496807	1.0814218219137597	6.350430655053299	0.30519947509487194	0.20960450511704307	0.20741277193083812	0.2777832478572473	0.550544598025618	67.3428823639334	-822.3107193809532	7.69468127864593E-4	0.3183723996074649	7.474383287590571E-4	1.253855184935251E-7	0.46012579786774555
60700000	-9470.674649761613	-8680.723602510812	-789.9510472508016	-8513.996203666562	47.24404148580447	601.6184947482174	0.15117199302261478	0.3396907523716631	0.5092031033598313	0.6865708084302301	0.6805290715169746	0.2786088591761564	2.125882395217385	0.6242862427466868	3.1539812060958448	0.49695585074080006	0.9520456024065228	0.3396907523716631	0.5092031033598313	0.6865708084302301	0.6805290715169746	0.2786088591761564	2.125882395217385	0.6242862427466868	3.1539812060958448	0.49695585074080006	0.9520456024065228	6.228805393978172	0.2883576757405591	0.20192154406313567	0.2158866561857329	0.2938341240105728	0.4579223986004734	42.762129379912686	-779.6209369345486	9.270823770995187E-4	0.4776074060398799	8.366315606973441E-4	2.3372938200948994E-7	0.5306260843003706
60800000	-9525.33418602784	-8702.803604960996	-822.5305810668438	-8533.359657760999	50.85449775247912	683.2508286933198	0.15834633202077122	0.19877433098545677	0.8156906351191479	0.782370950144547	1.5583129926134245	1.169202903271031	1.506213954494914	0.31104319054901697	2.7726910176813027	0.3358867960571412	0.5945154382534827	0.19877433098545677	0.8156906351191479	0.782370950144547	1.5583129926134245	1.169202903271031	1.506213954494914	0.31104319054901697	2.7726910176813027	0.3358867960571412	0.5945154382534827	6.207051742332734	0.3108297752402941	0.21290583770402302	0.19362781208051802	0.2826365749751653	0.4644988894980323	63.767403256931026	-812.4606592446256	7.981151458809118E-4	0.31137984775690203	7.635051890055611E-4	6.544946738440991E-8	0.31943254309653113
60900000	-9515.946000818922	-8702.672624979201	-813.2733758397205	-8548.503349323808	52.395668109071366	696.3391736843797	0.200063118660782	0.10293103521391864	0.19152478449372576	0.01809214445705033	1.5107513228325566	0.4985436638893773	0.9324771086833809	0.08741600482226017	3.2123774753830805	0.10699687503968548	1.3225725999559834	0.10293103521391864	0.19152478449372576	0.01809214445705033	1.5107513228325566	0.4985436638893773	0.9324771086833809	0.08741600482226017	3.2123774753830805	0.10699687503968548	1.3225725999559834	7.374987745307401	0.3089617453624086	0.2145674788226162	0.20223307763760648	0.27423769817736915	0.5424831345607932	58.505235091839815	-804.8020120976325	9.094189457515886E-4	0.3624724277115466	8.69841513126181E-4	1.008103189889912E-7	0.3541876869357696
61000000	-9462.672951561928	-8656.225490825	-806.447460736928	-8493.935281439773	42.99504264280513	587.8185126222961	0.19048026400600282	0.5201786278271116	0.42070522991115966	0.13597622676242987	0.8941846072306747	1.3245440469392047	1.117622011327178	0.15251177500542432	4.747352503777298	0.11639824892964706	0.682146960356912	0.5201786278271116	0.42070522991115966	0.13597622676242987	0.8941846072306747	1.3245440469392047	1.117622011327178	0.15251177500542432	4.747352503777298	0.11639824892964706	0.682146960356912	6.104626564730302	0.30397789423789867	0.21933636942472584	0.20802572334299113	0.2686600129943848	0.532794368053907	51.38792191235532	-794.9810516554469	0.00100073542886674	0.6870805543348416	9.161191456103168E-4	4.308122714741584E-7	0.6981031812599983
61100000	-9537.753352090756	-8698.749629689379	-839.003722401378	-8540.117837212634	47.8635403124463	694.8977380727885	0.1082899493958998	1.2285852604429301	0.5148480624463759	1.6786292704484764	0.08039460654217855	3.910234316906572	2.2748214337027215	0.3123846243092154	5.4044324318937065	0.3603230007125665	0.36446540703472213	1.2285852604429301	0.5148480624463759	1.6786292704484764	0.08039460654217855	3.910234316906572	2.2748214337027215	0.3123846243092154	5.4044324318937065	0.3603230007125665	0.36446540703472213	6.663950464971607	0.2926149637351175	0.2218633843085826	0.2193886538457723	0.26613299811052804	0.5125624895597048	62.79443117608535	-823.404052873122	7.893205158009416E-4	0.12613352289599516	7.898424210679955E-4	1.022446366451595E-8	0.12863101138531127
61200000	-9505.410195000179	-8684.744009469989	-820.6661855301893	-8519.178183002132	48.13682587415168	684.8929559133019	0.17858399753716725	0.2118907969148908	0.12750110106438609	0.2091594069710854	1.7444744397811776	0.7289930151152193	1.8743524645639134	0.7483767659954041	2.6085815558551193	0.535325440934324	0.5316083299828988	0.2118907969148908	0.12750110106438609	0.2091594069710854	1.7444744397811776	0.7289930151152193	1.8743524645639134	0.7483767659954041	2.6085815558551193	0.535325440934324	0.5316083299828988	5.905521155259498	0.28712424885859567	0.2073759995122462	0.2193886538457723	0.2861110977833863	0.505036047576143	62.56697728414216	-811.3253196178956	8.353083582105732E-4	0.3525834816906152	8.184186095470612E-4	7.618217664771879E-8	0.3344289312402979
61300000	-9527.317841550419	-8680.215277997106	-847.1025635533134	-8516.372597700261	49.19141696910246	714.8309016816854	0.0818823924711628	1.4963753554561336	0.788151741667465	1.5376518653105415	0.44197565733430844	1.9716815475701515	4.454665550001534	0.05680611459592494	7.989344151748702	0.9922253418652063	0.5540166913454107	1.4963753554561336	0.788151741667465	1.5376518653105415	0.44197565733430844	1.9716815475701515	4.454665550001534	0.05680611459592494	7.989344151748702	0.9922253418652063	0.5540166913454107	6.516857362021303	0.28884857376039347	0.20708886266876886	0.21744166249929328	0.2866209010715448	0.4513137532447276	61.736511686151935	-826.2517056860945	7.672975243285861E-4	0.3068132312252633	7.744886976266326E-4	7.45451093856064E-8	0.35571380809211556
61400000	-9549.423863604092	-8693.831234087344	-855.5926295167483	-8533.544787084937	45.50226375633793	754.6322128349168	0.1146370225233603	0.0356342001472535	0.11257770712846485	0.32437926677475215	2.0563307599719463	0.6921744539165853	1.8940225783193607	0.16277679815023688	3.839776377656879	1.0345654852596593	1.1470040710611324	0.0356342001472535	0.11257770712846485	0.32437926677475215	2.0563307599719463	0.6921744539165853	1.8940225783193607	0.16277679815023688	3.839776377656879	1.0345654852596593	1.1470040710611324	7.084836593532043	0.3013440855944627	0.21279018917059314	0.20053508256864275	0.2853306426663018	0.49928842482321734	72.52025209404172	-845.2998323137064	7.154428601539315E-4	0.05258558736728518	7.177397106949375E-4	1.321555534153167E-9	0.05060712574949142
61500000	-9560.709458357858	-8710.410650223357	-850.2988081345018	-8542.902047994456	46.41184472773383	733.1068248682703	0.24918606408722987	0.010412585237847443	0.03917378963652583	0.6054433105534246	0.4716397290610684	0.35058172835023027	3.6829654718614178	0.45455703916145956	2.0303409980065434	0.2562433820381371	0.7475346397418553	0.010412585237847443	0.03917378963652583	0.6054433105534246	0.4716397290610684	0.35058172835023027	3.6829654718614178	0.45455703916145956	2.0303409980065434	0.2562433820381371	0.7475346397418553	6.078336698808375	0.30291532264097304	0.21175722732436736	0.2141286926895567	0.27119875734510335	0.47268975075058584	67.79637598042387	-845.4357138556135	7.577604214159585E-4	0.0011819946850221857	7.579670222758249E-4	9.088399114806772E-10	0.039619894689641846
61600000	-9547.106799365349	-8696.04820089291	-851.058598472439	-8526.574728299816	48.74190705217174	771.037040327137	0.11969147475719773	0.008797848673499356	0.3088010056728518	0.15874125079343876	0.0124283529133428	0.5828032961518129	0.8322468091010138	0.10867269243178526	3.94815658708932	0.32385607212087353	1.0993985117724696	0.008797848673499356	0.3088010056728518	0.15874125079343876	0.0124283529133428	0.5828032961518129	0.8322468091010138	0.10867269243178526	3.94815658708932	0.32385607212087353	1.0993985117724696	6.275028454067578	0.30344238326013234	0.2093591492750491	0.21904898544612741	0.26814948201869165	0.47895881118686945	69.31845185043844	-843.00630234241	7.370682562999515E-4	0.4371088952715458	7.356167071453153E-4	1.2790690451491142E-8	0.1556615859625954
61700000	-9521.760905729676	-8687.286537851849	-834.4743678778271	-8522.901502561368	45.787695081927026	676.9107407920418	0.20747043778166493	2.054576844168554	0.13613633217763507	0.06261141013078458	0.7673166997079341	0.9413142184951548	2.7860451784528637	0.2071825584331865	3.541196753326392	0.4103442952663097	1.7436822763550759	2.054576844168554	0.13613633217763507	0.06261141013078458	0.7673166997079341	0.9413142184951548	2.7860451784528637	0.2071825584331865	3.541196753326392	0.4103442952663097	1.7436822763550759	6.228667423586933	0.2918001480559705	0.22100138447921097	0.2102819044471209	0.2769165630176982	0.45785673232857327	53.07729934183616	-822.1884059909032	7.937058645217192E-4	0.3387650093626727	7.873641323503412E-4	1.1215073145800246E-8	0.13495618590791164
61800000	-9497.536226361093	-8674.891431305854	-822.6447950552388	-8500.903283820655	52.53623238590447	702.6176383401134	0.21587282204651398	0.30688370193546805	1.1309060001625002	1.1750462545384612	0.383728835450075	0.42185093399242773	3.1988850563837707	0.04151433477253636	2.4173898915991074	0.4045085361619028	0.29796263116815314	0.30688370193546805	1.1309060001625002	1.1750462545384612	0.383728835450075	0.42185093399242773	3.1988850563837707	0.04151433477253636	2.4173898915991074	0.4045085361619028	0.29796263116815314	5.84154770826591	0.3052862059311097	0.20751532660407174	0.2102819044471209	0.2769165630176982	0.5161181605195816	61.386699615929565	-813.3044595076591	7.975089507288825E-4	0.2859416268121934	7.778852758285728E-4	1.1738058526067553E-8	0.13678241196924415
61900000	-9549.93636345127	-8715.500408056963	-834.4359553943059	-8549.055720510252	51.130499607578486	715.6687597394817	0.21075521460878166	0.4034900835570586	0.03296520992445592	0.5356567235095084	2.3286345988349715	0.5611561250725845	1.41906422432621	0.4001853015367635	1.8621173787602676	0.437832111789797	1.3506321379956652	0.4034900835570586	0.03296520992445592	0.5356567235095084	2.3286345988349715	0.5611561250725845	1.41906422432621	0.4001853015367635	1.8621173787602676	0.437832111789797	1.3506321379956652	6.075216798519087	0.32027479447998575	0.21003162354098967	0.2114057112446342	0.25828787073439086	0.416459801921733	51.758243392875535	-825.7555274237967	7.468038809018278E-4	0.30293488691618314	7.396691971429661E-4	5.387345856559567E-8	0.3082722500356454
62000000	-9517.384894154668	-8675.094060359048	-842.2908337956195	-8513.112304862945	55.63653779165126	744.2481773938248	0.1425358814685333	0.20066746887147782	0.23975956288120795	0.6891774789953826	3.751612810644359	1.7957994564508901	0.5488461041031114	0.28134463879939997	3.460472208616921	0.6701882356637525	1.2688600822866292	0.20066746887147782	0.23975956288120795	0.6891774789953826	3.751612810644359	1.7957994564508901	0.5488461041031114	0.28134463879939997	3.460472208616921	0.6701882356637525	1.2688600822866292	6.596301591875773	0.3027855684100434	0.216532354007916	0.19933540951009243	0.28134666807194864	0.5050860324002756	67.97507529105671	-828.7295312435796	7.589721325546666E-4	0.4312930093817067	7.575294800866088E-4	8.559794589030293E-8	0.3820079946324656
62100000	-9500.34457127506	-8674.885245965228	-825.4593253098319	-8510.876429032993	47.45608184645545	661.0327072841256	0.15612669641113255	0.48365591688766074	0.06879224105143206	0.4323034854537495	0.5236247195349744	2.160473534698684	1.1544433166613166	0.024732682301960896	3.6909472913887718	0.3878124339321696	2.5695818347009145	0.48365591688766074	0.06879224105143206	0.4323034854537495	0.5236247195349744	2.160473534698684	1.1544433166613166	0.024732682301960896	3.6909472913887718	0.3878124339321696	2.5695818347009145	6.580915478442019	0.2904606563123239	0.20820468324163513	0.21650990909724596	0.28482475134879554	0.45578277880650464	56.77064190872682	-812.5843778757443	9.47781295732501E-4	0.6363248899145524	9.278966789888132E-4	1.5091413883966603E-7	0.4059448007326531
62200000	-9530.009985715995	-8684.670092212253	-845.3398935037425	-8519.455154545543	45.99024422514174	714.5677327347736	0.1218380132556605	0.3403363324838026	0.25339569891592556	0.6523752193503238	1.0278812699365454	0.7189997309608629	1.3442604135848273	0.10547944689232165	2.0029685220707782	0.2045637506125611	0.8945487383431244	0.3403363324838026	0.25339569891592556	0.6523752193503238	1.0278812699365454	0.7189997309608629	1.3442604135848273	0.10547944689232165	2.0029685220707782	0.2045637506125611	0.8945487383431244	7.092880067434302	0.28669901225633826	0.22739677439520553	0.2176401230050838	0.26826409034337295	0.4167038294374768	69.3394066289802	-837.4794934448144	7.31298098082912E-4	0.33374753187584183	7.388615497259207E-4	9.042134790980685E-8	0.40608125622237834
62300000	-9486.121634429895	-8651.522965766233	-834.5986686636633	-8487.567668680387	52.0297743540816	706.1785625097622	0.19750210232997617	0.07243206287740139	0.10569845341454871	0.8745011879581657	0.7054103438281459	2.244765380402896	5.9163610183647135	0.4443421568570347	3.1291839921832003	0.4078552281789216	0.5728445951786854	0.07243206287740139	0.10569845341454871	0.8745011879581657	0.7054103438281459	2.244765380402896	5.9163610183647135	0.4443421568570347	3.1291839921832003	0.4078552281789216	0.5728445951786854	6.484806368727071	0.2960815787911317	0.20575112397006273	0.21363362190285187	0.2845336753359542	0.5083602298327922	54.073990160581765	-819.5845169977675	7.284366805048112E-4	0.5655171090430282	7.052250808397326E-4	1.9227745215977497E-7	0.5916494092785101
62400000	-9538.030311412991	-8682.641700209457	-855.3886112035347	-8521.336248184794	46.10590505136801	704.6487140151353	0.08791188779314478	1.1402028106744717	0.006513537879677611	1.0590469082717966	0.26391858264790863	3.199798302888368	1.141232002848828	0.9962836123917884	5.341413700352593	0.17306404589027907	0.7929598740802151	1.1402028106744717	0.006513537879677611	1.0590469082717966	0.26391858264790863	3.199798302888368	1.141232002848828	0.9962836123917884	5.341413700352593	0.17306404589027907	0.7929598740802151	7.719726761056085	0.3048444077348831	0.21475249589321072	0.196432319905352	0.2839707764665547	0.4496592136457503	58.627147492416185	-840.3659668833545	7.694581316248367E-4	0.3415973870732459	7.605817873758255E-4	1.7299629316250925E-7	0.5390014952575806
62500000	-9520.675820259123	-8691.180670990314	-829.495149268808	-8536.23217059554	53.52181229044771	724.8780726228902	0.14478269153569637	0.4693017299606627	0.012078508678350176	0.035431468128026965	0.9897091704363488	0.5074024924500778	2.56646248203028	0.996265146673504	4.242060195730269	1.4795097823335535	0.0763212904841083	0.4693017299606627	0.012078508678350176	0.035431468128026965	0.9897091704363488	0.5074024924500778	2.56646248203028	0.996265146673504	4.242060195730269	1.4795097823335535	0.0763212904841083	5.718450656717091	0.29380642019483794	0.2128531609242364	0.21897569313487808	0.2743647257460481	0.42145574203461006	54.1351102580013	-818.0601191341116	8.55420889357582E-4	0.3844604709154107	7.815281711585476E-4	1.6676459139233454E-7	0.47981440885535875
62600000	-9485.622156947979	-8655.495312372566	-830.1268445754121	-8485.90837466689	53.793055748529355	733.6994897514559	0.1835627887234575	0.04233676678976429	0.014926894980146573	0.9058318692871387	0.02880268154085725	0.2193312324259148	2.349604129517285	0.4660312574903726	1.7341766503719682	0.04837983677316289	0.7298795203862026	0.04233676678976429	0.014926894980146573	0.9058318692871387	0.02880268154085725	0.2193312324259148	2.349604129517285	0.4660312574903726	1.7341766503719682	0.04837983677316289	0.7298795203862026	7.759886552269115	0.3019336572359339	0.20279664090138233	0.2128085383190519	0.2824611635436324	0.4314813548763145	60.020730949313254	-822.8719876973938	8.059550055380796E-4	0.46139783118067484	7.625988371907235E-4	2.3291129301465033E-7	0.5826894160583663
62700000	-9499.15729193079	-8686.246914989717	-812.9103769410721	-8525.16253051144	43.413438002227416	609.6370595536519	0.11748117592133306	0.11817620462475585	0.03731280473785435	0.33411237454797776	0.4257924318426457	0.8664262981661761	0.37961476663448956	0.502767169918047	3.646679518835431	0.4182757356346626	0.3289324232500761	0.11817620462475585	0.03731280473785435	0.33411237454797776	0.4257924318426457	0.8664262981661761	0.37961476663448956	0.502767169918047	3.646679518835431	0.4182757356346626	0.3289324232500761	7.299969633403282	0.3063752131501365	0.20983451781272547	0.20979114919772202	0.27399911983941655	0.5448447150778687	54.89405460557128	-803.9281279757823	0.0010348140231027673	0.6002705805508266	9.904195390645174E-4	2.6199676250516955E-7	0.50477293920259
62800000	-9510.18922287345	-8691.441982016828	-818.7472408566229	-8524.07876960102	41.542099810072514	657.9076770400458	0.1827056130617491	1.1590441113463124	0.19109276248425494	0.177251685963428	0.4344824220801205	0.3423153153301943	0.8907466420635368	1.0882932276254285	2.4210644985221204	0.413152413388317	0.34220717714449445	1.1590441113463124	0.19109276248425494	0.177251685963428	0.4344824220801205	0.3423153153301943	0.8907466420635368	1.0882932276254285	2.4210644985221204	0.413152413388317	0.34220717714449445	6.298785938228636	0.2982211922730925	0.20983451781272547	0.20979114919772202	0.2821531407164605	0.5332449092700692	61.676290481742654	-814.5218121586587	8.555784542382099E-4	0.0015574162128142372	7.492126173780848E-4	1.8491646792023228E-7	0.542789688931079
62900000	-9540.746010825831	-8711.106074384117	-829.6399364417143	-8549.800678381864	46.05105611370491	695.9228535510283	0.22228667047308154	0.01608666879156846	0.018976550397195972	0.019331306971744552	0.5692220083567806	0.33604550841238223	1.2293814849933642	0.05341587789308129	1.7312949548979226	0.4433946851255756	1.4176021516444504	0.01608666879156846	0.018976550397195972	0.019331306971744552	0.5692220083567806	0.33604550841238223	1.2293814849933642	0.05341587789308129	1.7312949548979226	0.4433946851255756	1.4176021516444504	6.890220277334251	0.29503345452942115	0.19721627417112544	0.20724820206171274	0.30050206923774114	0.5321205559545805	61.384247123543716	-824.56583120714	7.750406734545731E-4	0.16234861497183475	8.384049588543317E-4	1.6861467546419242E-7	0.5160393669334441
63000000	-9540.676757893072	-8708.62923096293	-832.0475269301417	-8542.230428616884	42.45243750612494	649.4124833519893	0.17529671058426205	0.03817577573310666	0.4254559080130819	0.612473675059696	3.0614686809274763	1.0506417168957278	1.631472277020793	0.24517442256527616	2.6001206792865488	0.31750614404099164	1.2704555632830845	0.03817577573310666	0.4254559080130819	0.612473675059696	3.0614686809274763	1.0506417168957278	1.631472277020793	0.24517442256527616	2.6001206792865488	0.31750614404099164	1.2704555632830845	6.9519339174149115	0.29876556870379106	0.20358311880739682	0.20296447345968646	0.2946868390291261	0.46396697378337587	55.56020139821	-820.4145534499286	7.838331353425769E-4	0.42410048489210816	8.681259921981932E-4	1.9937478028867284E-7	0.5282082991494326
63100000	-9536.512146384966	-8673.182407898112	-863.3297384868549	-8506.266670569927	54.73670861745577	798.1770672338836	0.1184730405429846	0.6164358303975143	0.05824998142910905	0.4003930312916878	0.43862031058684997	0.4042874442071094	1.3669719446726063	0.3217341008657752	2.6900240509065516	1.0323544060842813	0.0937354205556158	0.6164358303975143	0.05824998142910905	0.4003930312916878	0.43862031058684997	0.4042874442071094	1.3669719446726063	0.3217341008657752	2.6900240509065516	1.0323544060842813	0.0937354205556158	6.851625120259682	0.30101419092732723	0.20248569042281667	0.21801968921962034	0.27848042943023626	0.5973835280043442	80.11517372063058	-855.0748341969187	7.040280686809829E-4	0.38236424554721693	7.085081361537138E-4	1.584023972747176E-7	0.5648573198877687
63200000	-9501.781218188382	-8682.261640439066	-819.519577749315	-8519.254478074918	40.20494213511383	628.7050134609838	0.18924285793360432	0.3610899410851149	0.13993969063058867	0.38688770897222075	0.2836587546146356	0.6964992153882628	0.2531605290632484	0.14096663638420556	3.44564633534292	0.17910212505989054	0.6708663059460904	0.3610899410851149	0.13993969063058867	0.38688770897222075	0.2836587546146356	0.6964992153882628	0.2531605290632484	0.14096663638420556	3.44564633534292	0.17910212505989054	0.6708663059460904	5.210667890720665	0.29644944730063605	0.19832246527126685	0.21340068747069696	0.2918273999574006	0.5828471694642606	59.25818453709801	-812.4636709584167	9.459203677659642E-4	0.4612610474007272	9.161609251156612E-4	2.659221878539568E-7	0.5512698595180948
63300000	-9520.279474913397	-8682.084393578225	-838.1950813351726	-8512.62870505421	47.31616066154248	691.4228007652237	0.17404886947866516	2.9693609986641176	0.1655501864846726	0.23849448810684773	0.13922814023023586	0.7634800556307564	1.8951596358104632	0.8171679358202605	2.842968368589602	0.46787291295015565	0.8604906633037241	2.9693609986641176	0.1655501864846726	0.23849448810684773	0.13922814023023586	0.7634800556307564	1.8951596358104632	0.8171679358202605	2.842968368589602	0.46787291295015565	0.8604906633037241	5.885346595702437	0.29644944730063605	0.22731825923078502	0.20945639664650742	0.266775896822072	0.5235716472635226	68.87174660773064	-826.3419349385384	8.517282786956489E-4	0.4966244468981216	7.93341133403903E-4	1.7771957931332253E-7	0.505401778693979
63400000	-9524.219560128044	-8690.594418091721	-833.6251420363226	-8532.721058868638	47.20621974396584	712.6706191798947	0.11391750769893036	0.3448524147538314	0.04746526022200521	2.061636414320966	1.2424505935522712	0.8142074179440816	0.8043426741408218	0.06456725596204582	2.5714947954548695	0.27621834396431805	0.5554307311339682	0.3448524147538314	0.04746526022200521	2.061636414320966	1.2424505935522712	0.8142074179440816	0.8043426741408218	0.06456725596204582	2.5714947954548695	0.27621834396431805	0.5554307311339682	6.370163770799768	0.3121927935491997	0.2017241554975119	0.19974433151855273	0.2863387194347361	0.4844156972062789	59.68062538699725	-824.4281300247217	8.539901349746462E-4	0.30318753057241615	7.787231810858943E-4	1.2807278322082987E-7	0.42587499332540985
63500000	-9490.119161047469	-8664.475505039403	-825.643656008066	-8506.322660465017	42.56731155620287	647.0438436768925	0.14429976526690305	0.02026778045306937	0.05425086728680165	0.7127842943086463	0.22778151772967825	2.365536600244257	0.8959242643769164	0.9662789639426929	3.7690843640644873	0.16993299612089427	2.074839364244508	0.02026778045306937	0.05425086728680165	0.7127842943086463	0.22778151772967825	2.365536600244257	0.8959242643769164	0.9662789639426929	3.7690843640644873	0.16993299612089427	2.074839364244508	6.060378159218909	0.2921541047552698	0.226164222781957	0.19974433151855273	0.2819373409442209	0.563155703464007	60.385819248878974	-813.2713683399994	8.335067787817016E-4	0.5876909505397805	8.351990629741655E-4	1.9547098175471102E-7	0.5174721401177073
63600000	-9473.357197988798	-8665.418983324564	-807.9382146642354	-8499.068052007073	47.54319832361952	628.2115344280226	0.16672446922961573	0.32359120015494724	0.3429293907360255	0.3537971622330981	0.030286220606462837	1.1562715152770247	0.06802394229362324	0.3911091431438748	3.370527981311295	0.2855975231284117	0.22935162202645792	0.32359120015494724	0.3429293907360255	0.3537971622330981	0.030286220606462837	1.1562715152770247	0.06802394229362324	0.3911091431438748	3.370527981311295	0.2855975231284117	0.22935162202645792	6.808709969612157	0.29001396783816646	0.20145876960428716	0.21531396418606666	0.2932132983714802	0.4509911444332147	59.69494602023668	-800.1081153616113	9.309935167234102E-4	0.5923655601128139	9.27871008017723E-4	3.1314879970241267E-7	0.588207051333151
63700000	-9497.648422686187	-8682.08670811818	-815.5617145680058	-8520.935934445377	48.759946354717634	640.6699790374679	0.18343217542936957	0.8263987889529515	0.05104145488966346	0.6657127400129189	1.4858364113132596	1.4490138336988314	2.8349990148331066	0.33810164656626096	4.419405403552099	0.934355984895527	0.5268484834230747	0.8263987889529515	0.05104145488966346	0.6657127400129189	1.4858364113132596	1.4490138336988314	2.8349990148331066	0.33810164656626096	4.419405403552099	0.934355984895527	0.5268484834230747	5.35691774156328	0.2969722013515925	0.2077719163339307	0.21783993211868855	0.27741595019578874	0.483305001301477	56.926307516983925	-801.6151179829353	9.021691559305528E-4	0.4977600018036381	9.218849830093148E-4	2.5726640804672977E-7	0.5394702549531704
63800000	-9557.748626522152	-8694.671323512768	-863.0773030093849	-8529.550003123128	59.138619869818505	797.9724116295212	0.1815868480227484	1.2100064719652062	1.02551617059467	0.1044647628073383	3.3111208601170925	1.567564301408309	7.8713701726393825	0.06498491801542315	7.109681215683891	0.23901811125972205	3.212768113848675	1.2100064719652062	1.02551617059467	0.1044647628073383	3.3111208601170925	1.567564301408309	7.8713701726393825	0.06498491801542315	7.109681215683891	0.23901811125972205	3.212768113848675	6.227631764873803	0.30700424936164	0.21727961502035048	0.20504226280204563	0.27067387281596433	0.5775899822227556	70.87153822001098	-837.1578108860384	6.520272332409072E-4	0.4201204011835566	6.596680340090131E-4	8.684503113942738E-8	0.42443884918797153
63900000	-9515.42850968767	-8688.738994597079	-826.6895150905905	-8525.5547518909	47.074551308207226	643.5993546957912	0.10978917227768507	0.9855768108391714	0.276642758547673	0.8088885799106791	0.2346782592054696	1.1218372939524537	1.8354940458869917	2.3989956026595083	5.191377036167337	0.9817112789479903	1.236677190159286	0.9855768108391714	0.276642758547673	0.8088885799106791	0.2346782592054696	1.1218372939524537	1.8354940458869917	2.3989956026595083	5.191377036167337	0.9817112789479903	1.236677190159286	5.881462892335173	0.301999428275314	0.20301063480827772	0.21113930668956415	0.28385063022684454	0.44200190909080583	50.01367006662676	-809.9907955326894	0.0010348907626199218	0.6446895095810024	9.891131141080154E-4	2.8308092263684514E-7	0.5239554611999515
64000000	-9498.156839717554	-8673.59258433465	-824.5642553829039	-8512.982079791997	47.93244706537793	699.8048553665556	0.2340793744288468	0.1498772642257314	0.10708398332775083	0.8971281792770107	0.7782485278528495	0.12820962907132372	1.5235987899954502	0.18181792674978595	2.9626963186133675	0.14211889570193484	0.2549639283832859	0.1498772642257314	0.10708398332775083	0.8971281792770107	0.7782485278528495	0.12820962907132372	1.5235987899954502	0.18181792674978595	2.9626963186133675	0.14211889570193484	0.2549639283832859	7.086265240437183	0.2977433951218001	0.20301063480827772	0.20008783633047783	0.2991581337394448	0.49462034439199554	56.573868657467415	-817.0109566892605	8.31957104026626E-4	0.4373785822822761	8.018598837612919E-4	1.2995297259061453E-7	0.43939744885583376
64100000	-9558.280007454146	-8707.662512805131	-850.6174946490163	-8536.042307544172	47.16298743008201	748.7504353629946	0.16328326051603895	0.11935683002124346	0.014815610699316289	0.7869928489447325	0.10491128598757218	0.3394275432797125	0.28388480375864306	0.9340496255105787	2.211370323093016	0.24779332254806735	0.360390514042135	0.11935683002124346	0.014815610699316289	0.7869928489447325	0.10491128598757218	0.3394275432797125	0.28388480375864306	0.9340496255105787	2.211370323093016	0.24779332254806735	0.360390514042135	6.582009216403741	0.31223795984385966	0.21388404724837098	0.19400682648966788	0.27987116641810195	0.5100990471150054	62.878075045747394	-845.1365397223581	7.119440706894253E-4	0.34406614274167796	6.985042567871802E-4	8.67186121580893E-8	0.4134535864678205
64200000	-9500.493349161152	-8674.277989668075	-826.2153594930762	-8514.068225674688	49.19712612749492	682.1673709907371	0.1415105081072281	0.06113289348442404	0.1436248241746275	0.42803813493089804	0.23877732780384756	0.7844207949610797	1.145259355556905	0.1720073098304433	2.678223805812489	0.15133827092339866	0.24420159421097426	0.06113289348442404	0.1436248241746275	0.42803813493089804	0.23877732780384756	0.7844207949610797	1.145259355556905	0.1720073098304433	2.678223805812489	0.15133827092339866	0.24420159421097426	6.3483792650124755	0.29392306640815186	0.21379679701035187	0.19770465580608618	0.29457548077541057	0.5575084239028743	52.844254228797475	-819.7822380408638	8.124221059006189E-4	0.3949780005443917	8.236165838284956E-4	1.3426795591130305E-7	0.446584974552108
64300000	-9519.927338238665	-8673.985857400961	-845.9414808377035	-8510.223501743556	66.35281492083253	779.1881888481503	0.18737920745654096	0.13727930318737785	0.041391529512730924	1.4067614812969051	0.18808022293273197	1.104279706707199	0.7029931603014852	0.4798230541356629	3.8747626428566764	0.35823374020284493	1.275513605457214	0.13727930318737785	0.041391529512730924	1.4067614812969051	0.18808022293273197	1.104279706707199	0.7029931603014852	0.4798230541356629	3.8747626428566764	0.35823374020284493	1.275513605457214	5.875627702665196	0.30100916617519274	0.2037910133842199	0.20139342881390399	0.29380639162668387	0.5630837292036325	72.42920692084722	-836.067879134874	7.344449375284719E-4	0.41367485779294527	7.132334138700409E-4	1.1673805118009782E-7	0.4578282048527998
64400000	-9493.857670058718	-8682.315159110005	-811.5425109487127	-8514.854457903453	52.19063104318306	641.2115633856021	0.21812430719891268	0.9135248579281923	0.2031945552827681	2.0348186084333935	1.6114570093272444	0.34596381229464485	5.624348594127192	0.24381805851589114	6.088675914713577	0.6126483728619613	0.2456909526375446	0.9135248579281923	0.2031945552827681	2.0348186084333935	1.6114570093272444	0.34596381229464485	5.624348594127192	0.24381805851589114	6.088675914713577	0.6126483728619613	0.2456909526375446	5.4200888513840795	0.3107212604348423	0.19863765176248846	0.1957715832096702	0.2948695045929995	0.4417044904515306	50.181072604979846	-792.941991681642	9.211301817534897E-4	0.6008338876561354	8.975805506772981E-4	1.4226277083072372E-7	0.40929029560708136
64500000	-9480.782320627708	-8693.084981305756	-787.6973393219522	-8525.62793033287	44.48428636455273	572.4554127089721	0.21474907315678546	0.9051739828171048	0.12270675709009597	1.1742841680804272	1.7569274608547043	0.7719448539349566	0.6212050035242395	0.11327326035371263	2.490355166145991	0.03926007285262835	1.4506597973720208	0.9051739828171048	0.12270675709009597	1.1742841680804272	1.7569274608547043	0.7719448539349566	0.6212050035242395	0.11327326035371263	2.490355166145991	0.03926007285262835	1.4506597973720208	6.897720611668529	0.29852333028095274	0.21083558191637797	0.19599548219915972	0.29464560560350994	0.3954969492886622	48.501513893704995	-777.138068612484	0.0010250565947154202	0.6045949682396465	0.0010018185228142743	1.7009610282274517E-7	0.40240492683485257
64600000	-9476.665732858653	-8657.163481623651	-819.502251235003	-8501.483050288201	47.31524362425944	657.9565111880363	0.15582527460001036	0.12370246123505607	0.3323783122697947	0.5941290255703559	0.5347985972866572	1.1136057058624143	0.4482840830805381	0.08308287047846541	3.2775789739958974	0.1529253865575896	1.3851760777008517	0.12370246123505607	0.3323783122697947	0.5941290255703559	0.5347985972866572	1.1136057058624143	0.4482840830805381	0.08308287047846541	3.2775789739958974	0.1529253865575896	1.3851760777008517	6.153589396784266	0.29852632780141103	0.2182733337371299	0.20468493338729082	0.2785154050741686	0.5580002803455106	56.662755026911945	-810.7664476937413	8.630440989741162E-4	0.4797597932393402	8.408029502569005E-4	1.6657947861530388E-7	0.48830846506396486
64700000	-9495.601779406348	-8663.924311346726	-831.6774680596226	-8497.082076428083	45.63663554625879	652.2307481823613	0.1306563348460014	0.13644326681339616	0.5209914885936671	1.4176776267305005	0.4999485604159428	0.9673269693596679	4.159088201131463	0.9302618215299763	4.4757730609655795	0.8070874933804472	2.0683225514881247	0.13644326681339616	0.5209914885936671	1.4176776267305005	0.4999485604159428	0.9673269693596679	4.159088201131463	0.9302618215299763	4.4757730609655795	0.8070874933804472	2.0683225514881247	6.414298432919039	0.29852632780141103	0.20716575225380596	0.2135027510047627	0.2808051689400206	0.4486885920335458	60.57600519803158	-815.0889451480584	8.621463653626879E-4	0.4071348034089928	8.767604130861252E-4	1.534443306440155E-7	0.44841919616530274
64800000	-9531.925641238613	-8704.50745905634	-827.4181821822737	-8532.822576079394	49.19806827575459	681.1402456090439	0.17795736543599294	0.6817143346569305	0.0912095785234918	0.45125185778385174	0.12258857504933114	1.4776204104347377	1.1687620081555383	0.413244538743266	2.1888174955551998	0.563017022397166	0.08179236238347093	0.6817143346569305	0.0912095785234918	0.45125185778385174	0.12258857504933114	1.4776204104347377	1.1687620081555383	0.413244538743266	2.1888174955551998	0.563017022397166	0.08179236238347093	6.591456115970167	0.3018230120156934	0.21123888211165348	0.2135027510047627	0.2734353548678907	0.5689924527542383	52.59089674287272	-820.0590455370495	8.235469948963384E-4	0.3648105826789524	7.961789764395863E-4	1.2790543240380981E-7	0.44941198759629614
64900000	-9567.811459517594	-8706.117972710905	-861.6934868066887	-8535.839851774212	52.141765865476856	761.7134685847852	0.11004252831238424	2.885158424228135	0.20831067198351783	1.889921520391382	0.9670442421700863	2.983887636775339	0.7089737796668195	1.960031976621077	2.997356493525946	0.07989021833654031	3.0115941343071913	2.885158424228135	0.20831067198351783	1.889921520391382	0.9670442421700863	2.983887636775339	0.7089737796668195	1.960031976621077	2.997356493525946	0.07989021833654031	3.0115941343071913	6.070827347313897	0.2879818282279341	0.21123888211165348	0.21727369475708302	0.28350559490332966	0.5671740302699153	64.03198199533686	-843.88956489466	7.8561032240403E-4	0.26395433119755224	7.603425140331118E-4	1.2244489721114216E-7	0.4373681666874869
65000000	-9477.638933507076	-8667.501116690151	-810.1378168169241	-8493.545733868048	48.84384993667929	627.1619052031739	0.13570973258520475	0.06081617747060156	0.5798916821571206	0.09758834826131722	0.6717090551487743	1.9126751128945665	0.7986036465711802	0.5217804416046703	2.4966059430825727	0.7261014483731931	1.3400128005113126	0.06081617747060156	0.5798916821571206	0.09758834826131722	0.6717090551487743	1.9126751128945665	0.7986036465711802	0.5217804416046703	2.4966059430825727	0.7261014483731931	1.3400128005113126	6.278175539936652	0.3024509118140646	0.2157807407353962	0.2092761095380805	0.272492237912459	0.46373986207482726	55.80306037700398	-800.2214107943727	8.268164155229756E-4	0.4948896501671747	8.28002430836879E-4	1.8931992889686893E-7	0.5247549208928498
65100000	-9476.835433891389	-8697.690234359528	-779.1451995318604	-8534.340280948116	44.70339394311418	577.8133467287262	0.2666664426311494	0.305161663456001	0.21142587308642308	0.10264185658696383	1.51206186554146	0.5698828068923321	0.6753816500804599	0.4558151430027197	2.3476560231693364	0.11093115054357716	0.6523493709823494	0.305161663456001	0.21142587308642308	0.10264185658696383	1.51206186554146	0.5698828068923321	0.6753816500804599	0.4558151430027197	2.3476560231693364	0.11093115054357716	0.6523493709823494	6.945499118314132	0.307264175798281	0.22652757923400302	0.2032179154582212	0.2629903295094951	0.4090736774050039	45.34099371443533	-772.0983962706738	9.595767703236226E-4	0.41769925545332875	9.276801416739185E-4	1.819469959724361E-7	0.45581292090021247
65200000	-9537.334306370785	-8683.377720774177	-853.9565855966088	-8516.211319388814	46.28367098834647	745.9047727114785	0.11599437323557281	1.863214272700067	0.5330729980621493	0.6914681105392096	1.2000611495301816	0.7875484756678687	0.9160352332300227	0.05535859729237733	3.6720468459226083	0.9449135838983148	0.31188805091422006	1.863214272700067	0.5330729980621493	0.6914681105392096	1.2000611495301816	0.7875484756678687	0.9160352332300227	0.05535859729237733	3.6720468459226083	0.9449135838983148	0.31188805091422006	5.932339503240635	0.28363877018707034	0.20341754628784314	0.2160510293259566	0.2968926541991302	0.5639193622668749	61.04644770944039	-842.6927016224341	7.389816974362348E-4	0.35443729481054836	7.099050515195843E-4	7.802125387047476E-8	0.39304568512483673
65300000	-9528.206628124111	-8705.277517629725	-822.929110494386	-8543.1172695411	40.92208980633954	635.352023518671	0.20919915771334896	0.15557982393948794	0.01979305674929305	0.40861607313751663	1.747983878698115	0.19162128744092066	2.805831129175427	0.6233265363124063	2.495634720608523	0.2883651042531364	0.33406943289007796	0.15557982393948794	0.01979305674929305	0.40861607313751663	1.747983878698115	0.19162128744092066	2.805831129175427	0.6233265363124063	2.495634720608523	0.2883651042531364	0.33406943289007796	5.863438724373778	0.3019354844893115	0.20291962578808906	0.20930498675381545	0.2858399029687843	0.49551674077169205	57.0357047195481	-817.1599485225738	8.417292753697208E-4	0.002634781114418948	8.393026199319145E-4	9.332984603544207E-8	0.3638599937425645
65400000	-9493.568099670474	-8669.194430998245	-824.3736686722291	-8502.806541254467	44.7483603609301	649.6114796133477	0.1513472776037819	0.2181403094376037	0.6417888109745826	0.2016231281605033	0.6574612103669485	1.4828040261285662	0.5581707678668357	0.1450387830189946	3.929074278523589	0.573886099929972	2.968528601234607	0.2181403094376037	0.6417888109745826	0.2016231281605033	0.6574612103669485	1.4828040261285662	0.5581707678668357	0.1450387830189946	3.929074278523589	0.573886099929972	2.968528601234607	6.411524659877878	0.30327571689018934	0.19773104467215805	0.21315333546886864	0.2858399029687843	0.5540416348580385	60.1357172526933	-812.5908821873446	8.580942216783173E-4	0.3545344930230073	8.822528587173334E-4	1.4071800493349136E-7	0.4233394596934698
65500000	-9516.542926515605	-8689.608692214653	-826.9342343009517	-8519.079474968163	47.34829688611108	681.7569479462314	0.281574804265131	0.49825069903194924	0.11672828269582836	0.039169369666480436	0.06259172117361696	0.08267620212601497	4.236699720382675	0.399216934518726	2.4505823192420806	0.26383800806233837	0.0775332588172255	0.49825069903194924	0.11672828269582836	0.039169369666480436	0.06259172117361696	0.08267620212601497	4.236699720382675	0.399216934518726	2.4505823192420806	0.26383800806233837	0.0775332588172255	5.63070918126546	0.30327571689018934	0.20449099544536903	0.2170520234644843	0.2751812641999577	0.4669714063855242	59.62364452972599	-818.7141207107785	8.761325967946337E-4	0.4304839109759248	8.355721897290892E-4	1.1917285311561372E-7	0.4034228459212154
65600000	-9548.4188470961	-8711.915857314105	-836.5029897819958	-8543.384001470766	44.42328306554452	706.3935338388187	0.18744304831373818	0.06343895789125084	0.08831121263292831	0.5736736066559829	3.0307307503912213	0.6762541713688411	0.606696702455465	0.2744178525865207	3.493651380120003	0.28160735895080685	0.07361201390228027	0.06343895789125084	0.08831121263292831	0.5736736066559829	3.0307307503912213	0.6762541713688411	0.606696702455465	0.2744178525865207	3.493651380120003	0.28160735895080685	0.07361201390228027	5.852556084192929	0.2916195442613403	0.2319645823608285	0.2087972898099383	0.26761858356789325	0.4579905685051168	61.29869218051886	-828.5588173394876	7.792978688913139E-4	0.14045150131366899	7.767225655899628E-4	1.3815133449195061E-8	0.15029949212486438
65700000	-9535.793194473914	-8662.91233913496	-872.8808553389543	-8503.64680307467	55.14930247123736	833.8699890842651	0.1252580328479316	0.16145069426732817	0.4987228416809925	0.4383904181567919	0.5904870647985843	1.104001369064856	0.1477508118306351	0.3022312907743089	4.2940139281668905	0.33782471052677043	1.4113000561728635	0.16145069426732817	0.4987228416809925	0.4383904181567919	0.5904870647985843	1.104001369064856	0.1477508118306351	0.3022312907743089	4.2940139281668905	0.33782471052677043	1.4113000561728635	6.076815284306571	0.3019921788042072	0.21039302014694014	0.2134440473939506	0.2741707536549024	0.4609729000018994	72.17085912407744	-862.5096936168176	6.832739581877988E-4	0.6043571408944168	6.730919041873143E-4	1.8529481134945628E-7	0.6345780535248459
65800000	-9537.101794043076	-8692.308664173424	-844.7931298696521	-8528.35235326526	44.80656049288483	678.3372845670394	0.1772129228187135	0.5177530404230317	0.11438572904195882	2.0017239038200945	0.38672809876115755	1.6891269432787812	0.611628132454624	0.47832213208275093	5.353385980260724	1.1526516482234233	5.13959562283649	0.5177530404230317	0.11438572904195882	2.0017239038200945	0.38672809876115755	1.6891269432787812	0.611628132454624	0.47832213208275093	5.353385980260724	1.1526516482234233	5.13959562283649	6.62033294681004	0.31157476713180265	0.2153015930636165	0.19895288614967882	0.2741707536549024	0.4820305264633074	51.837253501167595	-827.2957916696332	8.008976263244241E-4	0.3693008786600527	7.821424023939886E-4	1.8801402203174767E-7	0.5514965768708922
65900000	-9489.207815581158	-8687.644440044778	-801.5633755363792	-8525.605105160244	42.18102317723177	605.3817753465395	0.14717706063703231	0.6878493326882976	0.1821982647887303	0.39605409340753656	2.12183745326253	1.0298437616569087	0.8778762446977201	0.6114886108100601	4.237190054968948	0.4994424663199482	0.12036773863397023	0.6878493326882976	0.1821982647887303	0.39605409340753656	2.12183745326253	1.0298437616569087	0.8778762446977201	0.6114886108100601	4.237190054968948	0.4994424663199482	0.12036773863397023	6.396721283051472	0.31437027650365446	0.21250608369176474	0.19895288614967882	0.2741707536549024	0.7417416705460528	47.48291334741966	-790.4037543260689	8.601531606129796E-4	0.355947109072745	8.661025555373157E-4	2.3336786692000083E-7	0.5572598715240857
66000000	-9483.925130002708	-8672.376773023045	-811.5483569796628	-8502.033644212326	39.65156601811185	595.7569595648192	0.15184827129779135	1.3286855828103494	0.17416592197219052	0.03346341354915271	0.5066984535745046	1.5112642554416411	0.6761660926597269	0.05921668428394468	3.4441449181643886	0.84180278773967	1.575154345520949	1.3286855828103494	0.17416592197219052	0.03346341354915271	0.5066984535745046	1.5112642554416411	0.6761660926597269	0.05921668428394468	3.4441449181643886	0.84180278773967	1.575154345520949	6.015683569172703	0.28931137326433015	0.22582821946864182	0.2067689298548345	0.278091477412194	0.5910387602932853	53.06437942582478	-801.0788190070224	0.0010111838847932453	0.32972605011242506	0.0010101372993751077	1.275354803892785E-7	0.34613516315142856
66100000	-9493.380040859342	-8691.004228646156	-802.3758122131859	-8525.635786121691	46.61413184899155	635.7572775686224	0.20591061434211416	0.2917234517595378	0.11757686641617016	1.3012222525307384	1.1312920173163534	0.30315714031930396	1.4322528299655144	0.250172933092214	2.731409312192077	0.22017762940557153	0.3034472859521335	0.2917234517595378	0.11757686641617016	1.3012222525307384	1.1312920173163534	0.30315714031930396	1.4322528299655144	0.250172933092214	2.731409312192077	0.22017762940557153	0.3034472859521335	6.163333327837521	0.29538851670115773	0.2007659967412086	0.2178499628435474	0.2859955237140867	0.5110862039960683	52.07144797540759	-794.0754959953917	9.141783509532027E-4	0.4115412437944595	8.927409851201499E-4	1.1214355676431187E-7	0.3622615395503333
66200000	-9496.148176951761	-8680.590017212457	-815.5581597393046	-8506.610207414229	44.19445258927996	648.0136388983391	0.192510611717635	0.20574728489487662	0.32588814904105873	0.3727740684143839	1.264908591380692	0.3914195981506511	0.2641876264698481	0.36935423621138963	1.2178054441949473	0.17890054202257688	0.5875734750796718	0.20574728489487662	0.32588814904105873	0.3727740684143839	1.264908591380692	0.3914195981506511	0.2641876264698481	0.36935423621138963	1.2178054441949473	0.17890054202257688	0.5875734750796718	5.498853595959644	0.29476114922148927	0.21734025875517227	0.21369719500062334	0.2742013970227156	0.7872102545310635	52.48648096415719	-809.6550670581483	8.763719051316395E-4	0.541183468672825	8.761488779082461E-4	1.1148606682903387E-7	0.3794837414929278
66300000	-9490.354289998455	-8667.853309939484	-822.5009800589698	-8505.04233786778	47.11748814312702	662.0974829571464	0.15276358035021625	0.5170048658297671	0.026669582061643455	0.3520936235910176	1.2427129825680003	1.6255524800360301	0.33807926670430655	0.0029929502082669886	4.0102409127302705	0.0032731622109460697	2.434166682787884	0.5170048658297671	0.026669582061643455	0.3520936235910176	1.2427129825680003	1.6255524800360301	0.33807926670430655	0.0029929502082669886	4.0102409127302705	0.0032731622109460697	2.434166682787884	5.959024669521773	0.30080968436238115	0.20465512021868779	0.21677473268180197	0.2777604627371296	0.49127159640582124	62.13569591731246	-811.1298615786144	7.811341287519114E-4	0.5617919176755802	8.035678904529546E-4	2.3676496506564725E-7	0.6027134905498166
66400000	-9539.122096377903	-8680.953403947118	-858.1686924307858	-8522.060108609274	51.10810133302728	755.2536341113878	0.16125927992069275	0.21335074371012078	0.14009676201087612	0.30468631345875896	1.1283026550551642	0.6135990412183375	1.2129958083336747	0.7347842674154803	1.8536072257677847	0.14974783610472575	0.21482993517883184	0.21335074371012078	0.14009676201087612	0.30468631345875896	1.1283026550551642	0.6135990412183375	1.2129958083336747	0.7347842674154803	1.8536072257677847	0.14974783610472575	0.21482993517883184	5.915368806194646	0.29183355477974504	0.20044241113433597	0.21312880902142722	0.2945952250644923	0.5424639179870663	62.49459112574151	-851.4844766030832	7.99302490384554E-4	0.35193541828740016	7.821340260733853E-4	8.870870112916689E-8	0.376443723620002
66500000	-9478.94356712802	-8669.646130019031	-809.2974371089894	-8513.482778387464	45.23624103458957	623.2188922741796	0.19876153528619336	0.18504285451214972	0.17752611357302533	0.12952547737111278	1.748911278217349	1.7516038742460278	0.0793200585769278	0.35599843596012276	5.287170099660494	0.15411585845958412	1.1659697452996018	0.18504285451214972	0.17752611357302533	0.12952547737111278	1.748911278217349	1.7516038742460278	0.0793200585769278	0.35599843596012276	5.287170099660494	0.15411585845958412	1.1659697452996018	6.091848458283287	0.32611929123917804	0.21299055881348422	0.19024228441782928	0.270647865529509	0.49763768829103544	51.39037438469413	-797.3543556859961	9.88667320368159E-4	0.5443992986195989	8.824521157423136E-4	2.7711008226046984E-7	0.5555815241866212
66600000	-9497.267185332297	-8685.195156489952	-812.072028842345	-8521.203119247126	40.97402466175056	588.4281545485171	0.08619197867008249	0.054016480302740755	0.641926337461457	1.2692505469519917	0.0036743241097625884	0.7226171467037028	0.15284293115641423	0.040139685914412464	4.633029741147372	1.231225681012046	0.367198725038798	0.054016480302740755	0.641926337461457	1.2692505469519917	0.0036743241097625884	0.7226171467037028	0.15284293115641423	0.040139685914412464	4.633029741147372	1.231225681012046	0.367198725038798	6.17732603716281	0.30653303535497795	0.20151825303524115	0.21084939095399646	0.281099320655785	0.4520956070933891	55.399473942195776	-801.7733443106589	9.663668016208022E-4	0.41822326009284905	9.753078524273089E-4	2.750785275813237E-7	0.5465455138148835
66700000	-9493.433027935522	-8679.044548102578	-814.3884798329434	-8513.150710186592	47.123648892069184	618.350169009944	0.1844549167316214	0.3871409023710536	0.13872885910224433	0.24699153877458455	4.751808682598517	0.9555111808567281	0.8522073166021434	0.03775537022870055	5.016576591873195	0.8890217265752324	0.7839103163292468	0.3871409023710536	0.13872885910224433	0.24699153877458455	4.751808682598517	0.9555111808567281	0.8522073166021434	0.03775537022870055	5.016576591873195	0.8890217265752324	0.7839103163292468	6.8103872187639025	0.30136175317907254	0.19405008380291328	0.2262048820022293	0.27838328101578536	0.4873577089462171	52.28368443802124	-799.8554381819861	8.02488024802058E-4	0.4793323582049468	8.640392863259004E-4	1.8808283251683007E-7	0.5263782138055391
66800000	-9468.985183146457	-8684.708902244332	-784.276280902124	-8522.68526501236	53.580795242057945	599.5604989679063	0.16500122164556869	0.0778853692884938	0.08514188055205019	0.08534944762057423	1.4572357418012505	1.3833582390156698	0.3353826795952461	0.5629158793282395	2.645423782113508	0.7925074502896725	1.3354437968216872	0.0778853692884938	0.08514188055205019	0.08534944762057423	1.4572357418012505	1.3833582390156698	0.3353826795952461	0.5629158793282395	2.645423782113508	0.7925074502896725	1.3354437968216872	6.318874400520457	0.28168852404942296	0.21054955172575807	0.20970541407938453	0.29805651014543494	0.40683834791383816	46.71865626069462	-774.792101305004	9.432630636677539E-4	0.5442752404275435	8.860606421513608E-4	2.36242746082754E-7	0.5296417428194875
66900000	-9494.481252596817	-8672.205841406083	-822.2754111907337	-8506.59334593703	54.65119201823583	695.953193866071	0.14601480698923627	0.1417063492277312	0.15447006517332726	0.18137043350459744	2.6916720571836095	0.5422149205106249	0.9697763676190698	0.024861575554569262	1.878433816179826	0.32181505540687466	0.31914000532393255	0.1417063492277312	0.15447006517332726	0.18137043350459744	2.6916720571836095	0.5422149205106249	0.9697763676190698	0.024861575554569262	1.878433816179826	0.32181505540687466	0.31914000532393255	5.09928805357737	0.28168852404942296	0.21701177664323362	0.2184650444684157	0.2828346548389282	0.4841077941506715	58.77190998951284	-814.5209925201323	8.476048714171179E-4	0.5294166902927261	8.007015292771629E-4	1.9033363208390984E-7	0.5173968186042028
67000000	-9454.347647462364	-8667.906614710637	-786.4410327517274	-8509.87228041446	47.51440263409573	600.5274140499168	0.21637271049524975	0.20055793498415697	0.03293426772617349	0.572681591635233	0.2225133433721506	0.1876247316937161	0.8875506201977869	0.09589722933375627	2.3180793462017926	0.028985933752809757	0.4018080981799347	0.20055793498415697	0.03293426772617349	0.572681591635233	0.2225133433721506	0.1876247316937161	0.8875506201977869	0.09589722933375627	2.3180793462017926	0.028985933752809757	0.4018080981799347	6.42655811722922	0.2958095105919458	0.20273814183125732	0.22793362846185145	0.27351871911494585	0.471944670260219	51.387920632874554	-780.790804081895	0.001008188972384185	0.5130431337501935	0.001000296753286198	3.0894380158250846E-7	0.5437715944494156
67100000	-9547.04292311675	-8671.032615835424	-876.0103072813275	-8515.04862551097	54.7700315970762	799.3206376834032	0.17714760731925766	0.32987732769320705	0.07193471389943741	0.26083232543545115	2.171429983975816	1.3939138266136337	1.363885267195367	0.12594143181793477	2.055874693792496	0.6148939516121854	2.4168739213988877	0.32987732769320705	0.07193471389943741	0.26083232543545115	2.171429983975816	1.3939138266136337	1.363885267195367	0.12594143181793477	2.055874693792496	0.6148939516121854	2.4168739213988877	5.998203426869401	0.2981838718839677	0.20839738506776528	0.20925746583333663	0.28416127721493084	0.5253061147213235	76.25680260659382	-864.566726327348	6.473360957978335E-4	0.5479311386254238	6.538142685793634E-4	9.550000484920616E-8	0.4938553937628252
67200000	-9504.836526000217	-8661.260557581427	-843.5759684187904	-8500.870517753097	54.466044446587446	745.2598251173333	0.14296458678238821	0.13237998114689292	0.1573445073609185	1.0841493294847069	2.7471204324425837	1.2324094449249434	0.9258815204712637	0.5082744961988822	5.053892967364479	0.9822593914044065	0.14817370626723042	0.13237998114689292	0.1573445073609185	1.0841493294847069	2.7471204324425837	1.2324094449249434	0.9258815204712637	0.5082744961988822	5.053892967364479	0.9822593914044065	0.14817370626723042	6.268647486691311	0.30848130312302635	0.2185033350562609	0.20949997410383098	0.2635153877168822	0.5911497390507963	71.49151666195792	-828.8557597104316	8.990075502939263E-4	0.6626587211117233	8.0730818118483E-4	1.69584283837441E-7	0.47739882840184966
67300000	-9549.393012391673	-8709.12813079962	-840.2648815920538	-8538.58045596544	60.02608522657548	746.445478838567	0.14854411295503023	0.09908709101854747	0.3774820305917587	0.24942201509936232	0.02816896393800863	0.1333558617516172	1.742568870282535	0.03825288729197662	2.080812476593511	0.18479573390678056	0.07945079993140562	0.09908709101854747	0.3774820305917587	0.24942201509936232	0.02816896393800863	0.1333558617516172	1.742568870282535	0.03825288729197662	2.080812476593511	0.18479573390678056	0.07945079993140562	5.302474744012397	0.2994000064080459	0.20723091620561895	0.22632525026767075	0.2670438271186648	0.4341271274513488	65.69187864400756	-835.3236280063314	7.070490458513173E-4	0.40585932194642677	7.012242785605857E-4	1.6966921497277156E-7	0.5764601598896361
67400000	-9545.601001401368	-8698.574736811142	-847.0262645902264	-8538.408688340642	48.6717440182243	735.8457002853083	0.17484736803821613	0.057263456460152413	0.003529791296924462	0.22107007311685214	1.095124726343745	0.195889776677876	1.6937423497737747	0.7076762086295151	3.3872518602107213	0.48564861004662724	0.6679244759675341	0.057263456460152413	0.003529791296924462	0.22107007311685214	1.095124726343745	0.195889776677876	1.6937423497737747	0.7076762086295151	3.3872518602107213	0.48564861004662724	0.6679244759675341	5.863296749924315	0.31765760571042245	0.21111022924351508	0.21046036233207516	0.26077180271398775	0.49409781640136546	51.890295761439695	-838.037605705146	7.325893597925214E-4	0.5736002083357254	7.488617318730992E-4	1.572317930593299E-7	0.5313331394375966
67500000	-9480.437000484391	-8663.265537584719	-817.1714628996715	-8506.980798464303	44.092664077546615	623.8410880584511	0.20010949770156225	0.26859264609291555	0.3850528617505176	1.5942401890144002	3.1137302616363214	0.7664650935278675	0.3127266815130053	0.02167999884231296	2.6688318736674677	0.522493357857153	1.8163100755367025	0.26859264609291555	0.3850528617505176	1.5942401890144002	3.1137302616363214	0.7664650935278675	0.3127266815130053	0.02167999884231296	2.6688318736674677	0.522493357857153	1.8163100755367025	6.439572132499893	0.3117251755010156	0.20116458265359607	0.20799385231084475	0.27911638953454404	0.4957507982838941	57.48849891314447	-805.2553862113463	9.099885048184047E-4	0.4172924220336634	8.716324297626384E-4	2.4151175929924904E-7	0.5404019553734253
67600000	-9494.007335917653	-8680.219865016039	-813.7874709016144	-8515.385347891117	48.1792661388558	641.9393819167116	0.2048115165696855	0.2936240309141438	0.28385273519445403	0.11939977925995916	1.223932256676719	0.4892128046382013	2.6206769574367224	1.7705931902952357	2.1661694630320407	0.5496879102301714	1.286943989502128	0.2936240309141438	0.28385273519445403	0.11939977925995916	1.223932256676719	0.4892128046382013	2.6206769574367224	1.7705931902952357	2.1661694630320407	0.5496879102301714	1.286943989502128	6.578186547392152	0.2929183273065358	0.21256989751114047	0.20591902088983136	0.2885927542924928	0.48608953621017575	55.83199311336608	-802.5749106011482	8.047831401455952E-4	0.481381520952247	8.019023658990583E-4	1.8046503011155471E-7	0.5145818829811662
67700000	-9540.900021430565	-8695.84924156544	-845.0507798651254	-8532.769045718267	46.69607376120872	729.0692256491164	0.12028962011955728	0.1090703227265465	0.09258812522694423	0.16611667457317406	1.2058195260055335	0.4573841810472748	0.21506167961046996	0.22858754021292937	1.2323941768283273	0.48803404468155914	0.6949833136973154	0.1090703227265465	0.09258812522694423	0.16611667457317406	1.2058195260055335	0.4573841810472748	0.21506167961046996	0.22858754021292937	1.2323941768283273	0.48803404468155914	0.6949833136973154	6.879964665302936	0.2997445327631905	0.20004809724449646	0.21762424594887544	0.282583124043438	0.4735321558499445	60.21978256807921	-840.1897865977314	7.167370412309637E-4	0.2641719398448148	7.349752898001588E-4	3.550362553621689E-8	0.25976308992819164
67800000	-9465.266248677113	-8681.609137962736	-783.657110714378	-8523.173160001073	40.62489279398938	545.8534724507737	0.1883383284663682	0.1489435012206761	0.05836632517746237	0.06399470988682032	1.0918874735221638	0.9824720481057403	1.0209520294303933	1.3041765978091127	3.710354647437401	0.1292865423974671	0.7936662778327962	0.1489435012206761	0.05836632517746237	0.06399470988682032	1.0918874735221638	0.9824720481057403	1.0209520294303933	1.3041765978091127	3.710354647437401	0.1292865423974671	0.7936662778327962	6.648170666987919	0.3045243821478022	0.21175723291312915	0.20113526089563105	0.282583124043438	0.47387617169385976	43.3828592111809	-773.6118719495407	0.0010242382233300793	0.5055337324557806	9.880892237436577E-4	1.7514400897399662E-7	0.41198316777741883
67900000	-9524.433475005122	-8708.144788756266	-816.2886862488552	-8545.975614949371	41.165898717169334	623.9406321399496	0.14496702627993654	0.32796009430575507	0.13470054406833618	0.4478863735399521	0.6387269915580682	1.152681002507333	0.09326075158487461	0.49854107405583653	3.0656079996521863	0.4321101907064279	0.45393945628794996	0.32796009430575507	0.13470054406833618	0.4478863735399521	0.6387269915580682	1.152681002507333	0.09326075158487461	0.49854107405583653	3.0656079996521863	0.4321101907064279	0.45393945628794996	6.053031471120812	0.3037464538642782	0.2225633937814356	0.20113526089563105	0.2725548914586556	0.5790846433672762	57.34339929107062	-808.2520245480182	8.416783047565159E-4	0.4981400392880522	8.434278375258437E-4	1.3126122646188963E-7	0.42675839367136026
68000000	-9545.098829503846	-8695.04021594208	-850.0586135617667	-8530.483988202364	55.655067580711645	773.157219670847	0.3296973943293475	0.4053106602695209	0.6483596135561035	0.12150036049941117	6.317203952888638	0.1770986589812423	1.2992047560948563	0.2561706806285951	2.0281826686224544	0.13910237753926327	0.11361868251036315	0.4053106602695209	0.6483596135561035	0.12150036049941117	6.317203952888638	0.1770986589812423	1.2992047560948563	0.2561706806285951	2.0281826686224544	0.13910237753926327	0.11361868251036315	5.773146057643674	0.30509088027051084	0.20982746148464484	0.19992823586682051	0.2851534223780242	0.5856627022442801	58.74714900093891	-838.704509008525	7.436967386179879E-4	0.42837554957776186	7.021926827358012E-4	1.1866577303266482E-7	0.452840742294058
68100000	-9524.976348454646	-8680.245380910077	-844.7309675445691	-8517.536604835454	51.33862500461193	741.4409110909453	0.13907186769183047	0.08751102401669278	0.3407851799138154	0.14330860860938419	0.767263434067237	0.26066294396108963	1.194001354453134	0.5828592637496562	3.107621720748486	0.21188115515129322	0.014855581532816672	0.08751102401669278	0.3407851799138154	0.14330860860938419	0.767263434067237	0.26066294396108963	1.194001354453134	0.5828592637496562	3.107621720748486	0.21188115515129322	0.014855581532816672	5.937697087844322	0.30509088027051084	0.20982746148464484	0.21290788723355544	0.2721737710112893	0.6114022807527347	58.69994015721288	-838.2264058053964	6.967177344295904E-4	0.295823098693853	7.002255892435077E-4	8.245856744725342E-8	0.41301158687952055
68200000	-9489.0127917952	-8693.275088996108	-795.7377027990917	-8528.718433331109	54.485559982572745	608.4063562215767	0.3982922459142437	0.3052393056775651	0.052041863472050316	0.1804601498932071	5.428563676468924	0.5903699421031936	1.0177951311623592	0.08091593732330624	2.263281322006177	0.4348481051686506	0.5664626952776345	0.3052393056775651	0.052041863472050316	0.1804601498932071	5.428563676468924	0.5903699421031936	1.0177951311623592	0.08091593732330624	2.263281322006177	0.4348481051686506	0.5664626952776345	6.141222227904023	0.30509088027051084	0.2001099030056954	0.21290788723355544	0.28189132949023876	0.5006646817669321	55.537351659901496	-784.9220215218189	9.674186318611454E-4	0.35826258240909065	9.418296133136151E-4	1.4068267120485898E-7	0.38317398791092366
68300000	-9518.57668623074	-8697.930446719925	-820.6462395108147	-8537.727797861244	49.206682315980906	688.1550285246915	0.20852865770354517	0.27752307794988895	0.09275401110502812	0.8775362708654998	2.1515684462819413	0.7621523784335935	2.3286274608570467	0.30582754724950073	4.359500527235406	0.28480049439635485	0.5446943093501683	0.27752307794988895	0.09275401110502812	0.8775362708654998	2.1515684462819413	0.7621523784335935	2.3286274608570467	0.30582754724950073	4.359500527235406	0.28480049439635485	0.5446943093501683	5.485358081821207	0.29271842181728686	0.210105169944555	0.21422042668126762	0.282955981556891	0.5184657366492145	57.43065996729769	-808.9429753061704	8.652898317018067E-4	0.3326113642890593	7.777569289412816E-4	1.0246334376983662E-7	0.3741672715318818
68400000	-9533.647052242028	-8712.810687564097	-820.8363646779314	-8547.500835556475	42.018592589896095	644.1812679475393	0.17506820321561906	1.0022155262257586	0.15174982716246954	0.6527963225597435	0.6699836728566078	0.3126268910549871	4.124791191507821	0.12705569384263418	3.2430907258245747	0.4231638046215158	0.9813309999071301	1.0022155262257586	0.15174982716246954	0.6527963225597435	0.6699836728566078	0.3126268910549871	4.124791191507821	0.12705569384263418	3.2430907258245747	0.4231638046215158	0.9813309999071301	6.340078753626662	0.2965763480097229	0.210105169944555	0.21036250048883162	0.282955981556891	0.5283889007633571	54.582581879558084	-808.9704034706319	8.698752259384204E-4	0.36741757641948375	8.902308102808404E-4	1.0741250751627945E-7	0.37390340307377223
68500000	-9516.554407507754	-8693.685607872518	-822.8687996352367	-8531.523662134628	48.31603602041367	692.6029988327766	0.17912560890907964	0.28964167694139875	0.1526612696950718	0.3238375814333391	2.58392771284846	0.7683085612181948	0.14967758868982134	0.6047768645169923	4.670386426175905	0.322453373884524	1.0959840917483556	0.28964167694139875	0.1526612696950718	0.3238375814333391	2.58392771284846	0.7683085612181948	0.14967758868982134	0.6047768645169923	4.670386426175905	0.322453373884524	1.0959840917483556	6.588981980964085	0.3008708755900205	0.1947882481216145	0.21637656533058636	0.28796431095777913	0.46805209613542015	59.896139691918144	-811.2481353652021	9.195264346505584E-4	0.4382087445439332	8.460994346291291E-4	2.0559148674052432E-7	0.495616498067084
68600000	-9535.81442369068	-8698.300380124323	-837.5140435663558	-8535.78613592923	43.99947940948982	703.9701321163989	0.11116576666956736	0.15209390671534959	0.48116760425350835	0.20370739651337857	0.8689147005026323	1.725017885188335	0.6280920400357772	0.3378895675560029	2.9669462716715973	0.5971730282223247	0.4602714103433456	0.15209390671534959	0.48116760425350835	0.20370739651337857	0.8689147005026323	1.725017885188335	0.6280920400357772	0.3378895675560029	2.9669462716715973	0.5971730282223247	0.4602714103433456	6.086629954869741	0.30309050990148234	0.20025044997115396	0.208694729169585	0.28796431095777913	0.48429931648703417	65.40421027739616	-828.9949765580275	8.087274428516443E-4	0.2476836236453516	7.90803722653356E-4	4.0660694775619246E-8	0.24823707285572952
68700000	-9489.074871429057	-8682.172208466349	-806.9026629627085	-8517.566140343677	45.72840775469756	630.1653422799519	0.15513666162636167	0.4843241646749665	0.2039534199543435	0.35754094504810385	0.3918545808627931	0.3126094299744072	2.5595503189987836	0.14681604256461336	2.83128136201442	0.33842029657347145	0.03453193051733407	0.4843241646749665	0.2039534199543435	0.35754094504810385	0.3918545808627931	0.3126094299744072	2.5595503189987836	0.14681604256461336	2.83128136201442	0.33842029657347145	0.03453193051733407	6.098066884337079	0.2880490554952067	0.22772643859222677	0.208694729169585	0.27552977674298196	0.48735456693135853	50.496950380482495	-798.8077749617897	9.876493533179413E-4	0.4125822883205029	9.595439226237363E-4	1.7268615201879334E-7	0.4192795328499104
68800000	-9534.929349939748	-8692.05937774153	-842.8699721982168	-8521.427145053418	71.91260765012298	819.2706341193609	0.2525267962241115	0.5529701668457958	0.24368814886608253	0.23369966544964488	2.2575613823986584	0.5028377758705701	3.8643352656081036	0.06306361965678539	3.2238196258236447	0.28173604328241636	0.8471456177505244	0.5529701668457958	0.24368814886608253	0.23369966544964488	2.2575613823986584	0.5028377758705701	3.8643352656081036	0.06306361965678539	3.2238196258236447	0.28173604328241636	0.8471456177505244	5.275321393817803	0.3010727737297323	0.20916299247164885	0.21651602944166637	0.27324820435695296	0.4307265285866081	64.39372228555216	-830.3471635570164	8.274611071727142E-4	0.5922146384103456	6.818813504672869E-4	2.751349506178062E-7	0.6764623522018678
68900000	-9516.942653119855	-8691.82272695628	-825.1199261635751	-8522.29007168881	46.6783817997602	662.87888873542	0.22248961015345345	0.13958838140601398	0.021985363247397194	0.5181401377300076	0.19181750502457784	1.1157427253609289	2.084654629985605	0.23930477969105032	3.0601829616351126	0.1425716711689693	0.2428937845410018	0.13958838140601398	0.021985363247397194	0.5181401377300076	0.19181750502457784	1.1157427253609289	2.084654629985605	0.23930477969105032	3.0601829616351126	0.1425716711689693	0.2428937845410018	7.142811030699438	0.30152372259906446	0.21068610787379716	0.20563782774735376	0.2821523417797851	0.43938214225410804	62.10546464332032	-815.756231463794	9.709196337863167E-4	0.6968458618758608	9.142895207324022E-4	4.1311912232934846E-7	0.6600855826865005
69000000	-9469.710042397455	-8677.747299906148	-791.9627424913061	-8513.213691369134	47.33437445474854	588.375232095827	0.15830196083356451	0.17425087357523145	0.10471430680170593	0.8517367546423229	2.2965423863686394	1.6636323462923588	0.24130079781952382	0.034503604873100086	4.0822635100040205	0.26041886465752373	0.9483217700962956	0.17425087357523145	0.10471430680170593	0.8517367546423229	2.2965423863686394	1.6636323462923588	0.24130079781952382	0.034503604873100086	4.0822635100040205	0.26041886465752373	0.9483217700962956	5.770599413959089	0.30152372259906446	0.21068610787379716	0.20563782774735376	0.2821523417797851	0.5070887451760977	44.93316104998088	-780.4478150289709	0.0010120932958250345	0.5541960534872484	0.0010122690526226284	3.7484437134693497E-7	0.5754270829024041
69100000	-9449.24909155635	-8667.837860292273	-781.4112312640764	-8514.545604357962	48.94175433797754	570.2772293128786	0.12211325810076715	0.01656093842378548	0.23145507529348766	0.7992012737441473	1.193315023781276	1.7876282114921735	0.8121433850406738	0.07472081015448222	3.3691594243100766	0.6980881247058999	0.9149895952060197	0.01656093842378548	0.23145507529348766	0.7992012737441473	1.193315023781276	1.7876282114921735	0.8121433850406738	0.07472081015448222	3.3691594243100766	0.6980881247058999	0.9149895952060197	6.28704745138595	0.30152372259906446	0.19494534703335734	0.22137858858779358	0.2821523417797851	0.48457055279858446	47.15126573112153	-770.0591129107216	9.647224563871179E-4	0.6373120517551755	8.998685532221506E-4	4.212668712563959E-7	0.6598939938323805
69200000	-9497.65692320673	-8662.052436216576	-835.6044869901534	-8504.834806865942	49.523456977757675	718.1530462260515	0.12379695355403494	0.18035422842633006	0.10244121806146525	0.37180116580918227	0.5996421555774969	1.0284512973937208	0.003775966298570579	0.26537589295769215	1.8444186528302222	0.19568726505837356	0.3996407418681661	0.18035422842633006	0.10244121806146525	0.37180116580918227	0.5996421555774969	1.0284512973937208	0.003775966298570579	0.26537589295769215	1.8444186528302222	0.19568726505837356	0.3996407418681661	6.182699330680083	0.2905473406111638	0.20911884628527247	0.2048272916357567	0.2955065214678076	0.5152862999735524	62.44881099400981	-829.7725427936857	7.144313823679855E-4	0.5203617458334221	7.629054249572645E-4	2.362232445560911E-7	0.6585086418428645
69300000	-9485.252069498236	-8667.99985123451	-817.2522182637257	-8513.17099749296	48.14019373748081	671.5653563502365	0.09165163574377572	0.01738460177932889	0.36932993337294595	0.6981847061331375	0.052436632245897265	1.8165008348873788	0.7903627747094044	0.03706714325486381	4.466585397184927	0.308254704309895	1.1657525946907408	0.01738460177932889	0.36932993337294595	0.6981847061331375	0.052436632245897265	1.8165008348873788	0.7903627747094044	0.03706714325486381	4.466585397184927	0.308254704309895	1.1657525946907408	6.791117940306531	0.2986612983620399	0.2079384657805339	0.20317773668668537	0.29022249917074133	0.5784676297191841	55.18192285849988	-806.3299250372464	8.004512902097206E-4	0.4550075643953043	8.151376738482799E-4	2.394247188029996E-7	0.5917056373133508
69400000	-9494.507485874854	-8683.028027217844	-811.4794586570099	-8525.65062374964	50.028716730969315	642.5062801999984	0.2074042671341884	0.10140037203817812	0.26735635036742045	0.24884220558639913	0.3939839190569032	0.4016869903925681	4.9528639180810305	0.12240549629647578	5.084514672224298	0.28510296555302295	0.6014693928377329	0.10140037203817812	0.26735635036742045	0.24884220558639913	0.3939839190569032	0.4016869903925681	4.9528639180810305	0.12240549629647578	5.084514672224298	0.28510296555302295	0.6014693928377329	6.966514910521157	0.3049876525818545	0.21336602445397732	0.2058621614777697	0.275784161486399	0.4836991956951816	50.01444580547142	-798.7697978778775	8.100281411893707E-4	0.4416754669121492	7.73091488564079E-4	2.878851865601864E-7	0.6591482157703675
69500000	-9499.987841875707	-8682.20420154632	-817.7836403293873	-8519.122431203248	46.4351223148821	665.5974154162282	0.153242891474019	0.03875543414076943	0.01338487124791783	0.5190314920879789	0.06670863617289456	0.5003708581314876	0.40050812712777517	0.41883372560424575	1.7262947269065756	0.15622451368571386	0.19117096847429907	0.03875543414076943	0.01338487124791783	0.5190314920879789	0.06670863617289456	0.5003708581314876	0.40050812712777517	0.41883372560424575	1.7262947269065756	0.15622451368571386	0.19117096847429907	6.147561893200668	0.29067334866809497	0.21379729021336794	0.2058621614777697	0.2896671996407679	0.48536466955029295	63.59615951300918	-813.5587845346331	8.943686718819145E-4	0.31667393305548014	8.131697483007488E-4	2.0735210847562164E-7	0.5295499814584969
69600000	-9502.290940845245	-8656.654738199433	-845.6362026458124	-8492.499316780533	56.116069540708544	734.2886830852918	0.11783655996107024	0.3154155254404081	0.044451895748808666	3.026952211187739	0.2696524248548266	1.1559312583154429	2.3227305103469233	0.031693096097088376	8.828087119574626	0.37263737983029543	0.9649650049080974	0.3154155254404081	0.044451895748808666	3.026952211187739	0.2696524248548266	1.1559312583154429	2.3227305103469233	0.031693096097088376	8.828087119574626	0.37263737983029543	0.9649650049080974	6.06502299582424	0.30846439166002826	0.21379729021336794	0.2120509686495434	0.2656873494770609	0.5245228797839615	59.77129809264902	-827.3510456019561	7.590505760842195E-4	0.5397932215841988	7.504691179860537E-4	2.0722642277861098E-7	0.616521873188369
69700000	-9506.893498402029	-8684.864679497083	-822.0288189049455	-8522.996874936409	50.34864243040371	694.8235504382644	0.15117899885226938	0.037596440979256046	0.12855117176574335	0.1504312390755909	0.49631818265781125	0.4361513907089718	0.2441923201555457	0.580252974412421	1.0754002383046148	0.1750911734982333	0.03202358779369827	0.037596440979256046	0.12855117176574335	0.1504312390755909	0.49631818265781125	0.4361513907089718	0.2441923201555457	0.580252974412421	1.0754002383046148	0.1750911734982333	0.03202358779369827	6.520228541656317	0.30846439166002826	0.19630829211317624	0.21885655466647935	0.27637076156031665	0.46142761971531226	63.10718542814108	-817.3825512359236	8.300109720874114E-4	0.6230493062997003	8.087264394272604E-4	3.260485090394617E-7	0.7006904016930232
69800000	-9500.063933111689	-8669.418198414667	-830.6457346970216	-8510.647268865701	46.50169757532821	701.164414433637	0.15744733788178636	0.028462188636082075	0.24665072702088475	1.415759162401037	0.49241345675746934	1.0826244951040265	3.361301565692127	0.6364856367193066	2.7840984788312677	0.16831937105997122	0.17846525190266246	0.028462188636082075	0.24665072702088475	1.415759162401037	0.49241345675746934	1.0826244951040265	3.361301565692127	0.6364856367193066	2.7840984788312677	0.16831937105997122	0.17846525190266246	6.050349721884317	0.3136842684401977	0.20613633044390667	0.20544120881505976	0.27473819230083635	0.3647845448544093	69.24389473287124	-819.9906987516601	8.502338629571695E-4	0.363754354369944	8.167948602026686E-4	3.159283569524963E-7	0.6538055556807049
69900000	-9521.142859293328	-8664.641910048018	-856.5009492453106	-8501.801623975498	52.55332212518061	722.7183958907644	0.14510739329706182	0.26197130100486116	0.17500805809319042	3.0920256361674956	0.6461696960547786	3.120612152724473	2.61057702773962	1.4549864278789741	4.654573352528117	0.6922922401319185	3.7003744774662755	0.26197130100486116	0.17500805809319042	3.0920256361674956	0.6461696960547786	3.120612152724473	2.61057702773962	1.4549864278789741	4.654573352528117	0.6922922401319185	3.7003744774662755	6.3754990381592	0.30792142978431064	0.20553530624170244	0.21113140546061435	0.275411858513373	0.47570382340267253	69.4433693438874	-835.8893014713241	7.82139780159344E-4	0.3226190157551255	7.925885341971532E-4	6.595610342136885E-8	0.33251563847612803
70000000	-9490.372913103281	-8666.828605658178	-823.5443074451039	-8505.724594930402	46.100054128007095	686.0069987592742	0.2632678954679077	0.30927502688589004	0.019365781694150343	0.39635651599759797	1.4252371604086251	0.5594846389446948	0.8646151950044078	0.006058409848849137	2.1509104505937713	0.24469654614674322	0.6071704656886546	0.30927502688589004	0.019365781694150343	0.39635651599759797	1.4252371604086251	0.5594846389446948	0.8646151950044078	0.006058409848849137	2.1509104505937713	0.24469654614674322	0.6071704656886546	6.134416782934376	0.30091051963441906	0.20497808077414886	0.21391100458197576	0.2802003950094567	0.5323182069803404	62.41374965957254	-816.6975119051141	8.865240467384177E-4	0.4235792192702685	8.667233079625965E-4	1.0340026671538445E-7	0.36165141361882724
70100000	-9484.31804682031	-8689.185618992658	-795.1324278276511	-8523.492601417485	45.49743352052394	590.3722724384237	0.24352907293727494	0.120328332999781	0.07261402382301023	0.5079986339950131	1.5951812798333065	1.8326500085331454	1.2732958624162678	0.40617832739201026	2.0401521993093716	1.0237309011864457	0.3494473744897611	0.120328332999781	0.07261402382301023	0.5079986339950131	1.5951812798333065	1.8326500085331454	1.2732958624162678	0.40617832739201026	2.0401521993093716	1.0237309011864457	0.3494473744897611	6.499151856099163	0.2977196497569779	0.21529652959650147	0.20838856034019418	0.27859526030632686	0.5166997248547486	42.030782461653295	-785.3987338351385	0.0010165467291761178	0.5099258264568889	9.244466553863979E-4	3.370091376021192E-7	0.5645268064704181
70200000	-9497.81382434194	-8660.487824502503	-837.3259998394367	-8501.337731822909	44.98106571407547	671.7498974995726	0.15484833033032352	0.1003142508481096	0.14465123268026345	0.7833863619140511	0.193870671808259	0.961248915761928	1.0563091694360416	0.8546782050398628	7.522273806725303	0.4637658936984852	3.200690448208719	0.1003142508481096	0.14465123268026345	0.7833863619140511	0.193870671808259	0.961248915761928	1.0563091694360416	0.8546782050398628	7.522273806725303	0.4637658936984852	3.200690448208719	6.984949241663026	0.2976902989637803	0.2124090369044907	0.2164304984267125	0.27347016570501687	0.4547340760070558	52.62342244431194	-821.5347189051828	8.840407574023955E-4	0.4184206372302895	8.562943637649242E-4	1.2777461206604365E-7	0.4189197409780944
70300000	-9515.077481150824	-8701.729734040737	-813.3477471100875	-8530.565361717992	44.831389212592924	665.5507600223232	0.16168837297854485	0.22737234614078222	0.04205601399068714	0.6952409787934923	3.0357939900177486	0.700126903197159	0.32630084418504096	0.03463339370459499	1.9731992657123796	0.2595827234079562	0.7902562821326804	0.22737234614078222	0.04205601399068714	0.6952409787934923	3.0357939900177486	0.700126903197159	0.32630084418504096	0.03463339370459499	1.9731992657123796	0.2595827234079562	0.7902562821326804	6.758796829923292	0.29527906917227664	0.20594309810411854	0.21720073651559516	0.28157709620800997	0.4939174231158349	58.683601656769824	-807.2396131006351	8.735418785065528E-4	0.016342674413230597	8.702723631037274E-4	2.295213855449012E-10	0.01734180902095759
70400000	-9489.217707859112	-8655.873797009303	-833.3439108498102	-8492.866548017406	45.505127305456384	676.1644465204348	0.15838384296872332	0.05475288556913255	0.15529541757283566	0.117900857957658	0.12174646071283132	0.5994125631194427	1.1652215459086288	0.4528487761125392	4.399756588285482	0.17604102284888612	0.48688679553940023	0.05475288556913255	0.15529541757283566	0.117900857957658	0.12174646071283132	0.5994125631194427	1.1652215459086288	0.4528487761125392	4.399756588285482	0.17604102284888612	0.48688679553940023	6.438958345863816	0.2878142582625321	0.22844003255286452	0.20216861297659378	0.28157709620800997	0.5060318905858426	63.06101550161971	-824.9029182575056	8.695347944725225E-4	0.45754015460578634	8.516662731584167E-4	4.082649324093581E-8	0.236972176231291
70500000	-9491.423500988056	-8676.290166980834	-815.1333340072222	-8514.627616101126	45.324376066623834	658.1970526269439	0.12413948551903978	0.03395961212293808	0.048543067286608226	0.4568282785876911	0.458498575405317	0.6791105095309992	0.4039193405025818	1.0279463602084367	3.0839739842816476	0.0047668282227103275	1.7255322459528677	0.03395961212293808	0.048543067286608226	0.4568282785876911	0.458498575405317	0.6791105095309992	0.4039193405025818	1.0279463602084367	3.0839739842816476	0.0047668282227103275	1.7255322459528677	6.426532976425915	0.2842925918776329	0.220495448953268	0.20989948426489619	0.28531247490420336	0.4406772551484774	52.843447997139634	-806.324306618053	9.153458029086483E-4	0.49213167729911717	8.747155272731488E-4	4.6698217910631045E-8	0.2446643389878489
70600000	-9519.396663137488	-8700.075748695435	-819.3209144420529	-8540.45478705316	54.14890708375287	673.9680912569326	0.17721136318128358	0.2731885059617242	0.1801712657555201	0.6382295170184179	0.35416244807832353	1.0533629351787264	2.0188723668194246	0.3159506183384876	3.07248737458037	0.27333334558382555	0.8682811621374353	0.2731885059617242	0.1801712657555201	0.6382295170184179	0.35416244807832353	1.0533629351787264	2.0188723668194246	0.3159506183384876	3.07248737458037	0.27333334558382555	0.8682811621374353	5.962119325268644	0.3145987211605839	0.2030293090154887	0.2136576873645944	0.2687142824593334	0.48829297430786267	55.62520444172911	-809.3995374076067	8.408234327791432E-4	0.6019974900032381	8.35995019825553E-4	5.564457105888856E-8	0.2806776873807136
70700000	-9507.527482104178	-8676.44193644564	-831.0855456585376	-8512.72373414196	47.71740749096015	715.4012472770323	0.21356442754132354	0.4506515730607534	0.025358676840522128	0.09772945286645619	1.0822154056958027	0.5691603829548404	0.7127777070300139	0.006137192591158592	2.202090675374352	0.07145252118054224	0.33644086964993747	0.4506515730607534	0.025358676840522128	0.09772945286645619	1.0822154056958027	0.5691603829548404	0.7127777070300139	0.006137192591158592	2.202090675374352	0.07145252118054224	0.33644086964993747	7.065646026675228	0.29221184445891624	0.2029924799248863	0.22195296807888215	0.2828427075373158	0.3983900128669025	54.5767629452936	-825.6956149607706	7.19237379730263E-4	0.3840077872626215	7.18961497465381E-4	4.573091151750389E-8	0.2976230721895595
70800000	-9511.161039346509	-8668.492200132569	-842.6688392139406	-8507.438731612689	57.271963803850454	766.8461117949828	0.1687733314330369	0.2175341478020699	0.040955467354409796	0.8890692954211306	0.954584583944513	0.6500138952949907	1.7839990106779315	0.18493943670922397	4.038575647011191	0.38082559503948243	0.27186744728511836	0.2175341478020699	0.040955467354409796	0.8890692954211306	0.954584583944513	0.6500138952949907	1.7839990106779315	0.18493943670922397	4.038575647011191	0.38082559503948243	0.27186744728511836	6.596929013679563	0.29055000753338045	0.20680131283008996	0.2085023032482231	0.2941463763883069	0.5072267967420534	77.5035464849883	-832.1022930648401	8.176667743942643E-4	0.5427588976279808	7.477349160935368E-4	2.424517217070085E-7	0.599758711835474
70900000	-9484.45135611948	-8674.405706390895	-810.0456497285847	-8514.116203108219	43.8008213102868	610.1622810841761	0.12751118715080964	0.5319263179897069	0.029670059211450512	0.17024859001771303	1.01544576230578	1.8704710344182813	1.5613202499034649	0.3086410673453716	3.720057273527915	0.9728283208537436	2.1613924221729155	0.5319263179897069	0.029670059211450512	0.17024859001771303	1.01544576230578	1.8704710344182813	1.5613202499034649	0.3086410673453716	3.720057273527915	0.9728283208537436	2.1613924221729155	7.149143645353057	0.2796436415535883	0.2159728227596539	0.19932746406456453	0.30505607162219367	0.4983090492278009	50.048465936572725	-796.110090071144	9.9960027583921E-4	0.5904908934417633	9.456146779726974E-4	3.09692396908258E-7	0.5656285116336903
71000000	-9512.136934220629	-8685.92339736657	-826.2135368540585	-8518.889306630872	44.452853627249965	671.8030340960911	0.17929904002252434	0.42778175718607786	0.05619260029519918	0.23853137297104246	0.14699346538779	1.1584648673075975	2.10214242154104	0.015815191429299262	2.0751693345749964	0.2691295609879989	0.25615777065839146	0.42778175718607786	0.05619260029519918	0.23853137297104246	0.14699346538779	1.1584648673075975	2.10214242154104	0.015815191429299262	2.0751693345749964	0.2691295609879989	0.25615777065839146	6.199386332966279	0.2934871007489715	0.21560694365107907	0.2116541399359428	0.27925181566400703	0.54480984813615	52.94007103263399	-818.9336960213486	9.083771261140104E-4	0.4681019868774009	8.705656618636136E-4	2.6194598983065614E-7	0.5807961507225896
71100000	-9518.288281605144	-8685.90948576022	-832.3787958449242	-8520.442204886152	57.995454311005126	732.7808595433645	0.1585302778567937	0.2776076880157022	0.007391811595736039	0.5984465589555813	0.5701842660519907	1.042130051095036	0.7114043758843097	0.22929320101481823	1.768748403853281	0.1397122957160599	0.5084314030559961	0.2776076880157022	0.007391811595736039	0.5984465589555813	0.5701842660519907	1.042130051095036	0.7114043758843097	0.22929320101481823	1.768748403853281	0.1397122957160599	0.5084314030559961	5.736145477703825	0.30012156163523884	0.215086131151611	0.20554049154914353	0.27925181566400703	0.5997659598865375	57.85056263662985	-826.0767334938148	8.249325974404331E-4	0.44688856859352183	7.677423453101639E-4	2.3127094987344379E-7	0.5905775108051827
71200000	-9489.143672595274	-8671.551890372737	-817.5917822225357	-8507.26394912899	44.58093643756713	650.3262364375038	0.16850082370450023	0.18370018417434236	0.40657438953535996	0.11787386151916941	0.816949998879968	0.7687797494517359	0.7462274720187606	0.9624350692921692	3.914419499818429	0.16358387736297147	0.860538832222079	0.18370018417434236	0.40657438953535996	0.11787386151916941	0.816949998879968	0.7687797494517359	0.7462274720187606	0.9624350692921692	3.914419499818429	0.16358387736297147	0.860538832222079	7.052986095750046	0.30636563085430163	0.1936958018890908	0.20552614805285313	0.2944124192037549	0.7064947049041975	55.202767802767276	-807.2530723067141	0.0010386365484560804	0.4827259234298986	9.288437593295296E-4	2.2669835566715502E-7	0.48380533903665945
71300000	-9537.790340042215	-8676.069547290344	-861.7207927518693	-8506.93152598272	52.45652821189514	763.366744652116	0.08341997970958277	0.5390989826971143	0.2401679193873715	0.6115030460447746	0.9818934049730457	1.1207848527961444	0.9478762448578071	0.3672173746221574	1.6514590350451026	0.2917761290288653	2.157197545294388	0.5390989826971143	0.2401679193873715	0.6115030460447746	0.9818934049730457	1.1207848527961444	0.9478762448578071	0.3672173746221574	1.6514590350451026	0.2917761290288653	2.157197545294388	5.675298883540406	0.2958807383488239	0.21321875571902335	0.2107016770702582	0.28019882886189507	0.5313474602225778	74.91248919542832	-851.7837835590578	7.766682703177006E-4	0.4084083370226238	7.533002688692382E-4	1.1598364053054027E-7	0.44528801089691894
71400000	-9526.864790786754	-8688.606011303391	-838.2587794833628	-8527.668987562922	51.87878535364538	723.0121614073845	0.1588654698512564	0.01376869081508823	0.18431678566675205	0.7079486447942138	0.30481529132006363	0.3532980104231564	1.7174112788862914	0.020695244452863287	4.412384391551782	0.4213392677102796	1.229860636108088	0.01376869081508823	0.18431678566675205	0.7079486447942138	0.30481529132006363	0.3532980104231564	1.7174112788862914	0.020695244452863287	4.412384391551782	0.4213392677102796	1.229860636108088	7.320698485881628	0.2958807383488239	0.21321875571902335	0.2107016770702582	0.28019882886189507	0.48974884913789807	67.21263422174482	-827.9643188948518	7.562941014786296E-4	0.5063171531466271	7.428143815842984E-4	1.6403816573983213E-7	0.5275740097585158
71500000	-9488.936410754091	-8691.362388017138	-797.5740227369532	-8529.575732262037	43.4556632557034	597.5515631241107	0.18092386104742988	0.33719996447390405	0.107227602067388	0.4734744450014589	1.8542322759606655	0.31025395785796694	3.2694912942023278	0.06531469138580537	2.931667527076093	0.6427184161206387	0.7820800217693598	0.33719996447390405	0.107227602067388	0.4734744450014589	1.8542322759606655	0.31025395785796694	3.2694912942023278	0.06531469138580537	2.931667527076093	0.6427184161206387	0.7820800217693598	6.239863918238145	0.3111304938614852	0.200125434211694	0.21933571943835994	0.2694083524884613	0.38153853728170595	51.9618211791458	-786.9100888740124	9.075228978811859E-4	0.33261612484463277	8.805965459346532E-4	1.0252426190759549E-7	0.3597511212539143
71600000	-9509.596337404324	-8703.853176291075	-805.7431611132483	-8540.75047923397	45.903612271996984	636.4132357675768	0.1221094301349018	0.0454961617467932	0.28763400510454523	0.07623202029296751	0.1541597842753413	0.7503205845715485	4.515196855210085	0.2917610996792415	1.925342640104301	0.6725902968542066	0.15579242128596787	0.0454961617467932	0.28763400510454523	0.07623202029296751	0.1541597842753413	0.7503205845715485	4.515196855210085	0.2917610996792415	1.925342640104301	0.6725902968542066	0.15579242128596787	5.9138804065302075	0.29927799564465346	0.20789875903662142	0.2213401975847322	0.2714830477339934	0.4531224770909014	49.128656092684494	-796.1644509249456	9.753135358806491E-4	0.4550471090937307	9.464170114887141E-4	1.5165073025184877E-7	0.4002380197687813
71700000	-9514.97040067231	-8693.284981776787	-821.6854188955215	-8540.717958346708	47.4919203210072	672.6462721497645	0.14968661904729744	0.3771765214931282	0.3822839284672371	1.2806387961776222	0.7684507592134784	0.6951010059631351	3.5602081468060525	0.24037392566374602	4.288925659488212	1.427486546881954	1.694163918138715	0.3771765214931282	0.3822839284672371	1.2806387961776222	0.7684507592134784	0.6951010059631351	3.5602081468060525	0.24037392566374602	4.288925659488212	1.427486546881954	1.694163918138715	7.0895842009249295	0.29927799564465346	0.20188890367532017	0.20867578755824054	0.29015731312178633	0.48982103298643737	58.20122137901783	-805.8780857839689	9.014128228260427E-4	0.49930421824995974	8.599894556895051E-4	1.1866653900883236E-7	0.38220438116233396
71800000	-9531.191177552611	-8691.237214988529	-839.9539625640829	-8527.654706260728	55.853908319310136	751.634767692813	0.08531958991260338	0.19279741124654814	0.21798312937476147	0.7929401656764145	0.13247743757586794	0.627661240915588	0.03976079171379035	0.6403180562692601	1.6386524981144321	0.03839266491228458	0.6449635881850251	0.19279741124654814	0.21798312937476147	0.7929401656764145	0.13247743757586794	0.627661240915588	0.03976079171379035	0.6403180562692601	1.6386524981144321	0.03839266491228458	0.6449635881850251	5.279718707666809	0.2862571391975059	0.21833364160285584	0.22313866411840444	0.2722705550812344	0.45008287600466956	58.65661512271918	-834.7010300329737	6.906021122367955E-4	0.39482213561869733	7.032922855987928E-4	7.658235543661058E-8	0.39200435526919397
71900000	-9539.267083206296	-8691.247503304094	-848.0195799022026	-8518.738491321385	50.23682362892028	734.8781197210305	0.1341955697107267	0.08602275794718192	0.094913335234297	0.6362043761797067	0.5252158297855349	1.3389429277233347	1.019060094594887	0.41040003361620137	5.452055603360029	0.2875804162269495	0.836742933306137	0.08602275794718192	0.094913335234297	0.6362043761797067	0.5252158297855349	1.3389429277233347	1.019060094594887	0.41040003361620137	5.452055603360029	0.2875804162269495	0.836742933306137	6.212603953767468	0.2912077763310575	0.20170827556243923	0.21947789976103685	0.287606048345467	0.6282914683667606	65.52349159200168	-836.9697009038567	6.935015638533105E-4	0.38270049242171084	7.059570840623759E-4	6.969999508339646E-8	0.37525024696779824
72000000	-9504.43213040135	-8682.377617483473	-822.0545129178765	-8523.84107391091	47.70209644939943	671.3355232378756	0.18183309859595692	0.06289079813322739	0.032429009205020995	0.14479031128433267	1.773300316127068	0.7259515935439224	0.5027412368785728	0.30177465603005427	2.272345513236667	0.5212623538832734	0.5302245041659762	0.06289079813322739	0.032429009205020995	0.14479031128433267	1.773300316127068	0.7259515935439224	0.5027412368785728	0.30177465603005427	2.272345513236667	0.5212623538832734	0.5302245041659762	6.0156603548994845	0.2917397753476511	0.2187048755035799	0.20262058674291564	0.2869347624058539	0.4689850979550843	57.8425198832644	-814.2575511226873	8.393789899362196E-4	0.6254483820433134	8.081031696415001E-4	3.1226182434727463E-7	0.6886629480814399
72100000	-9541.140682438094	-8687.825252140232	-853.3154302978618	-8518.42900548094	44.23754238130307	702.475058104195	0.10167026818338185	2.0712352907113445	0.0238741153770431	2.068146569437715	0.005045755750301191	4.087539228098677	1.3882042549305362	0.8347416098298831	7.32816323583628	0.5064461834499753	0.4214731169989345	2.0712352907113445	0.0238741153770431	2.068146569437715	0.005045755750301191	4.087539228098677	1.3882042549305362	0.8347416098298831	7.32816323583628	0.5064461834499753	0.4214731169989345	5.758451544768581	0.29467994316656926	0.2118272199290964	0.20404815432067575	0.28944468258365913	0.5138086199731117	65.71397422017132	-834.840195991653	7.763042162032217E-4	0.18300289059890426	7.871495798628306E-4	1.7617162653196776E-7	0.5256671513244272
72200000	-9528.856301747961	-8702.308270111156	-826.5480316368057	-8532.903129666549	44.92900729904597	666.7243431973995	0.13372135592343617	0.2135599759862985	0.19065199909023753	0.7930883680221741	0.16657028726979184	1.5272311263657423	0.45436681263302964	0.9234905448504267	3.7225471839923094	0.04176819222521067	1.2360828178170264	0.2135599759862985	0.19065199909023753	0.7930883680221741	0.16657028726979184	1.5272311263657423	0.45436681263302964	0.9234905448504267	3.7225471839923094	0.04176819222521067	1.2360828178170264	5.985637243203093	0.3182967400696082	0.2028038539632828	0.20379512035698658	0.27510428561012307	0.4869475661768364	54.222895603132024	-816.9209537237305	8.18996167837072E-4	0.3971731122128043	7.565090161922218E-4	1.5921400210832577E-7	0.5280494934052608
72300000	-9474.679493286065	-8668.239483256248	-806.4400100298176	-8504.061834105183	51.67628854735709	624.5206076333084	0.17125379123101897	0.12382447050309892	0.10966028285780666	0.2895510775271168	0.446724337640052	1.19925296739423	2.4971255814591844	0.17696824087915908	4.136664808166104	0.8967829758999559	0.9451790406239435	0.12382447050309892	0.10966028285780666	0.2895510775271168	0.446724337640052	1.19925296739423	2.4971255814591844	0.17696824087915908	4.136664808166104	0.8967829758999559	0.9451790406239435	6.130668330808455	0.30933852025729125	0.2028038539632828	0.21512127043494728	0.2727363553444792	0.6076373011481419	50.43188010881675	-794.5492788962354	9.120054758125944E-4	0.5968194899496658	9.136817111161564E-4	3.944685723354418E-7	0.6436371583933257
72400000	-9492.820034242723	-8659.363759931799	-833.4562743109235	-8488.012845529387	47.74628576450263	672.4230995272765	0.2038246314495652	0.11575461570353451	0.16825346139742375	1.2240430799343964	0.5880546181661672	1.0396491955133513	0.9614049336192919	1.7469122003923543	2.816983970115823	0.1486987466554317	4.067270143977299	0.11575461570353451	0.16825346139742375	1.2240430799343964	0.5880546181661672	1.0396491955133513	0.9614049336192919	1.7469122003923543	2.816983970115823	0.1486987466554317	4.067270143977299	5.848674781607306	0.30553986995741905	0.20650216634946245	0.21802276055133743	0.26993520314178154	0.6807824725035441	58.75742392425439	-819.5951291503005	8.848285993790601E-4	0.585543937272545	8.772409986797938E-4	3.067229685749678E-7	0.6277724269608178
72500000	-9465.545611001267	-8683.582678930685	-781.9629320705833	-8520.778044552917	36.750655614437235	514.8655136740106	0.31515156682353573	0.06309574329206409	0.12450947335474118	0.40033434693200426	1.0478926650072447	0.3565612604336448	3.520212862102554	0.1836219688242849	1.7664888022014875	0.03736111942946394	1.9720507016534428	0.06309574329206409	0.12450947335474118	0.40033434693200426	1.0478926650072447	0.3565612604336448	3.520212862102554	0.1836219688242849	1.7664888022014875	0.03736111942946394	1.9720507016534428	5.857450808200966	0.29612045094990574	0.2038443201139202	0.22068060678687967	0.27935462214929485	0.4563743822834512	53.14342328803967	-771.659601921514	0.0010979806943447069	0.5908910747967744	0.0011382676792827818	4.418634405496211E-7	0.601095379436284
72600000	-9503.84113709441	-8701.768998152625	-802.0721389417844	-8537.069471650728	39.24453963872027	570.5403823705456	0.1602884800946506	0.6173066834913271	0.09918187761290576	0.004400476162790459	0.9923283641673896	0.8773734187208924	1.2764653237935295	0.3559641238819498	3.854842279165138	1.2880147401761943	0.5496097204199577	0.6173066834913271	0.09918187761290576	0.004400476162790459	0.9923283641673896	0.8773734187208924	1.2764653237935295	0.3559641238819498	3.854842279165138	1.2880147401761943	0.5496097204199577	5.339413631130809	0.30285781259157474	0.2081451643139615	0.2126659286244926	0.27633109446997167	0.498971435842584	49.547032496824166	-791.4161715213125	9.415322904242863E-4	0.5716212366669395	9.747925922256854E-4	3.6495221388254086E-7	0.6178129876991864
72700000	-9480.43571176963	-8671.458181709399	-808.9775300602323	-8512.717724949955	38.2240648942713	560.7568508970252	0.16790316874547637	0.475557772103532	0.519663091135992	0.4854937954827205	1.3077236537151198	1.4720558627989093	0.696042493963951	0.20110955854484677	4.349785897838233	0.09018176998454495	0.531817094695128	0.475557772103532	0.519663091135992	0.4854937954827205	1.3077236537151198	1.4720558627989093	0.696042493963951	0.20110955854484677	4.349785897838233	0.09018176998454495	0.531817094695128	6.091900779206232	0.2911894595879503	0.21641665999608156	0.20439443294237253	0.2879994474735961	0.4680819780746136	50.80151202653005	-798.2164787795059	8.446607849579376E-4	0.5501007855457221	8.866653614723169E-4	3.092778837805435E-7	0.6514335501905449
72800000	-9492.740980086257	-8678.681654776992	-814.0593253092646	-8512.138260495178	39.27526347196586	593.3718000173069	0.13018077679664222	0.49343817782239896	0.16177861960031734	0.5194646789484798	0.07571790635260704	1.0323091961691317	0.7710484389769532	0.09807118944371634	3.8746373522952506	0.1353090792883282	0.6860063602327083	0.49343817782239896	0.16177861960031734	0.5194646789484798	0.07571790635260704	1.0323091961691317	0.7710484389769532	0.09807118944371634	3.8746373522952506	0.1353090792883282	0.6860063602327083	6.770555659255437	0.27641692621620456	0.21320392427776988	0.21466754374444394	0.2957116057615822	0.4098055077126666	51.985756839574925	-805.2714088313736	9.673885506849408E-4	0.4806700299839706	9.764064649799706E-4	2.388239807598719E-7	0.5215769265180327
72900000	-9493.22492750419	-8685.323956021784	-807.9009714824061	-8528.681202734711	66.26127356283445	686.0613403147431	0.1266569221866372	0.5580695083416284	0.5186348080683196	0.3889376647185453	0.9734884399956146	1.521688189320326	0.45901020317850477	0.09841744908849644	3.437608393450818	0.654068110157058	0.2895191033383888	0.5580695083416284	0.5186348080683196	0.3889376647185453	0.9734884399956146	1.521688189320326	0.45901020317850477	0.09841744908849644	3.437608393450818	0.654068110157058	0.2895191033383888	6.027629221493458	0.3039560796413175	0.2052637858606947	0.20293643217205584	0.2878437023259326	0.43566667843925133	56.66265765867883	-798.0697532075433	8.946658894736574E-4	0.505810063406616	8.173333872340128E-4	2.1856967951778847E-7	0.529466145628521
73000000	-9487.090355945937	-8672.587007833677	-814.5033481122593	-8498.09367508459	47.169203366746785	663.4948764558573	0.14434917291967111	0.03743597267608645	0.3549296906363773	0.40495373203270374	1.9842139749730843	0.778683781729464	1.2376542681097278	0.6256745693533263	1.9479981386536993	0.01337506886185096	0.0683863147657899	0.03743597267608645	0.3549296906363773	0.40495373203270374	1.9842139749730843	0.778683781729464	1.2376542681097278	0.6256745693533263	1.9479981386536993	0.01337506886185096	0.0683863147657899	4.943531256062554	0.3039560796413175	0.19125336854469968	0.21694684948805085	0.2878437023259326	0.4882477624567393	53.49069509583898	-806.4313150573137	8.561337934953963E-4	0.5517588649982795	8.101650699245741E-4	2.3874392239097317E-7	0.5677098427356497
73100000	-9502.86797265228	-8679.725636011482	-823.1423366407973	-8515.713215945674	56.22180316067205	716.6856619602702	0.22727132354025312	0.368579776206648	0.0042312180437918045	0.08465240499076289	0.4603637577766461	0.38170822036344837	1.7418555197916519	0.14518894305368285	1.8300507066193161	0.15296401775613086	0.46489554786558857	0.368579776206648	0.0042312180437918045	0.08465240499076289	0.4603637577766461	0.38170822036344837	1.7418555197916519	0.14518894305368285	1.8300507066193161	0.15296401775613086	0.46489554786558857	6.500748899291538	0.290191587850034	0.1967347355832837	0.21396066075781775	0.2991130158088652	0.5072591030245718	61.96382173398626	-817.4831409268082	8.360323715446622E-4	0.34141330664452285	7.908048291508407E-4	9.329411076383682E-8	0.36463085244493687
73200000	-9522.737343476087	-8683.887469206004	-838.8498742700826	-8518.410267013256	45.706949781004276	689.1703714431803	0.20741591861891875	0.006181743253120964	0.20889380565504528	0.5825615041577609	1.4468419112403457	0.24571285562716164	1.3151337240806351	0.5726624103570931	3.5086088303366174	0.20769779599517943	0.9447910513328099	0.006181743253120964	0.20889380565504528	0.5825615041577609	1.4468419112403457	0.24571285562716164	1.3151337240806351	0.5726624103570931	3.5086088303366174	0.20769779599517943	0.9447910513328099	6.269051158783612	0.290191587850034	0.21459229573994976	0.20529054936530508	0.2899255670447118	0.462197794154953	59.41539296911731	-829.9269471111617	7.525513402368474E-4	0.380716296341083	7.633448463395879E-4	6.893788814733451E-8	0.35160628590585946
73300000	-9537.150771215356	-8690.092380768536	-847.0583904468195	-8523.583102866429	58.52371985801279	783.1217882115424	0.22931687725191546	0.2982132442797312	0.27188008823320203	1.7651952482972055	3.284734480780798	0.49215490907362597	1.3408033070457503	0.09025908224327071	2.735965003117299	0.4402562197485529	0.5210638798320127	0.2982132442797312	0.27188008823320203	1.7651952482972055	3.284734480780798	0.49215490907362597	1.3408033070457503	0.09025908224327071	2.735965003117299	0.4402562197485529	0.5210638798320127	6.65512165213427	0.3006172912935863	0.20441414620435172	0.2170831719803319	0.27788539052173084	0.4410532198663248	58.567103456768926	-835.8401081052444	7.22933202203399E-4	0.42280206629543826	6.975918939809468E-4	8.106487634777463E-8	0.3817360795709449
73400000	-9514.177102920119	-8684.389791575753	-829.7873113443663	-8515.330569446636	44.945766036519466	639.5018198977102	0.21324381217212382	0.23571484020052894	4.594412462054364E-5	0.1513735498375037	0.4219577240348648	0.1322101356179625	0.9499221147587922	0.48425139695352415	2.447981127607526	0.28285224548158255	0.7514971977224393	0.23571484020052894	4.594412462054364E-5	0.1513735498375037	0.4219577240348648	0.1322101356179625	0.9499221147587922	0.48425139695352415	2.447981127607526	0.28285224548158255	0.7514971977224393	6.304220254607696	0.3008330929293196	0.20441414620435172	0.20369524064749256	0.29105752021883685	0.5796331744502397	69.008894539845	-822.751240215458	8.382826801968496E-4	0.6102772902736243	8.63603613916963E-4	3.0985527056061727E-7	0.6638115586120741
73500000	-9498.478494447281	-8684.758659894886	-813.7198345523952	-8511.383017172977	45.09430238004241	636.5167754967571	0.2214781266631742	0.3893496910020799	0.5301709888044694	0.1812058182829392	1.0581434236366138	1.2099391979027443	3.952741238948207	0.43911982906887076	2.3979992995224757	0.292040970485645	0.2296647255092798	0.3893496910020799	0.5301709888044694	0.1812058182829392	1.0581434236366138	1.2099391979027443	3.952741238948207	0.43911982906887076	2.3979992995224757	0.292040970485645	0.2296647255092798	6.269601989391529	0.29088521752764923	0.20464788470583173	0.22483405964624364	0.2796328381202761	0.5333715213822365	52.50693673808953	-802.2237848611915	8.710609667884325E-4	0.6116655392880361	8.746875878349866E-4	3.141981059290505E-7	0.6374715074395124
73600000	-9526.415613439574	-8716.941861892448	-809.4737515471269	-8543.153368832152	39.93961984974108	602.290120179378	0.17421107123434204	0.21097253568660101	0.06106450312201382	1.2631459886648309	0.7431004336063405	1.1341746424777763	0.19874334784867326	0.12198049414219575	2.3099387733589416	0.8324773322461729	0.4299962604181516	0.21097253568660101	0.06106450312201382	1.2631459886648309	0.7431004336063405	1.1341746424777763	0.19874334784867326	0.12198049414219575	2.3099387733589416	0.8324773322461729	0.4299962604181516	5.864067677621	0.282643752378844	0.2225374815012746	0.19812516639112843	0.2966935997287537	0.3948882181743392	46.26600100373951	-802.5717580998919	9.797314755704799E-4	0.27381818442696576	9.665934656510058E-4	2.9248788357439204E-7	0.5620062963527798
73700000	-9550.99544431464	-8709.639807149726	-841.3556371649134	-8532.577938100023	48.57090224119622	711.2636941916446	0.18360681983010002	1.8805843282889259	0.0029003805281045047	0.8543919677363521	0.10716115203305861	3.048527691744403	2.882031466322222	2.646014912692792	2.2896852764802555	0.34880514114268657	2.232641121167636	1.8805843282889259	0.0029003805281045047	0.8543919677363521	0.10716115203305861	3.048527691744403	2.882031466322222	2.646014912692792	2.2896852764802555	0.34880514114268657	2.232641121167636	5.580061015551505	0.2776466585304083	0.20684626356561844	0.21730899374657206	0.2981980841574019	0.48015398386126135	67.7650617746348	-825.321184401827	7.354609890337352E-4	0.3411223272417894	7.579396478021909E-4	1.760822955563245E-7	0.5444018213026122
73800000	-9534.895865972721	-8713.900385580413	-820.9954803923081	-8549.972956803978	44.75245247130648	641.6048612628658	0.24087524226041704	0.5637624094179678	0.5147565586444695	0.09320020843311169	1.0625989177669897	0.3458953199394701	2.540063107039392	0.022562676272678498	3.104392442489386	0.219534839248964	0.46056834794462553	0.5637624094179678	0.5147565586444695	0.09320020843311169	1.0625989177669897	0.3458953199394701	2.540063107039392	0.022562676272678498	3.104392442489386	0.219534839248964	0.46056834794462553	7.011390030789959	0.2893244860506026	0.20684626356561844	0.21975274114143759	0.28407650924234207	0.4402922140891654	57.928626066059806	-811.7034662614662	8.340882252266358E-4	0.46290520922274364	8.318739159104935E-4	1.7431015930529346E-7	0.4895575681516362
73900000	-9540.812997884499	-8714.438972708878	-826.3740251756215	-8553.152929217526	43.04977716701098	665.1549845667134	0.13396369231722394	0.9791110758344632	0.33263883793498455	0.030584260525251927	0.10237291500607604	0.6635264320007528	0.2653867426674577	0.7379029770023635	2.7071332337466023	0.32782968246823757	0.11554654621390749	0.9791110758344632	0.33263883793498455	0.030584260525251927	0.10237291500607604	0.6635264320007528	0.2653867426674577	0.7379029770023635	2.7071332337466023	0.32782968246823757	0.11554654621390749	6.631413459264343	0.2893244860506026	0.20684626356561844	0.21975274114143759	0.28407650924234207	0.5647107747331566	60.291446656145105	-820.2984370741959	8.051105004111153E-4	0.21460475825880107	8.031476461638212E-4	2.998721370788371E-8	0.21351625367400737
74000000	-9501.321304763174	-8680.338581635891	-820.9827231272822	-8516.948935689703	48.28089937626149	661.4161595272176	0.19393061523810878	0.4994187139721598	0.00526045170771301	0.050572714879838256	1.1698669095945948	0.2768008966701241	1.9708256066541536	0.10627801772695981	2.174479438535884	0.11578277977924364	1.2245478886044119	0.4994187139721598	0.00526045170771301	0.050572714879838256	1.1698669095945948	0.2768008966701241	1.9708256066541536	0.10627801772695981	2.174479438535884	0.11578277977924364	1.2245478886044119	5.696323821017801	0.28733462345237964	0.20883612616384145	0.2233285851004888	0.2805006652832909	0.4764421890514004	47.7306264555517	-813.3243354435234	8.277470405124779E-4	0.4833565456234375	7.800403753328489E-4	1.7911848781379053E-7	0.4993156103149602
74100000	-9497.538783263839	-8661.280332004239	-836.2584512596005	-8501.308862633407	51.235209180702675	712.0576043614589	0.13044240150394024	0.08286880870605973	0.13017057310273908	0.06757662068580629	0.3419606268261108	0.7684918128434359	1.1436635265218704	0.1134756597179154	4.206871332299305	0.1448091906537415	1.9632413085268126	0.08286880870605973	0.13017057310273908	0.06757662068580629	0.3419606268261108	0.7684918128434359	1.1436635265218704	0.1134756597179154	4.206871332299305	0.1448091906537415	1.9632413085268126	6.8477648496075085	0.3122259868604556	0.2095663564880234	0.20746235358354095	0.2707453030679808	0.48313629464791186	54.243929964986705	-826.1301951891786	7.940952664381333E-4	0.5862053005466836	7.738866228015436E-4	1.7790343910884234E-7	0.5466417465279892
74200000	-9533.845910017439	-8707.827621645434	-826.0182883720049	-8542.641420508773	52.775955511721165	702.7556478114062	0.20929719587372483	0.7235596588229921	0.03422069199272274	0.41068690041533024	0.38735627518661764	0.32613681187183335	0.6780835142373952	0.009627630297911718	3.627338787332879	0.1664920700965556	0.35310967438821794	0.7235596588229921	0.03422069199272274	0.41068690041533024	0.38735627518661764	0.32613681187183335	0.6780835142373952	0.009627630297911718	3.627338787332879	0.1664920700965556	0.35310967438821794	5.635748939472217	0.2896552637287493	0.19698394987130402	0.23251586691278905	0.28084491948715845	0.5047169320608251	58.81935834015257	-819.0178089221458	8.581330468060775E-4	0.47318939397526416	8.24289554611347E-4	2.1531481912396642E-7	0.540686903188189
74300000	-9475.609127528827	-8672.326600319799	-803.2825272090283	-8509.289593613159	46.26855280359979	613.7385065492764	0.1794705029776558	0.9607349009787911	0.4766028572134079	0.3117392826135279	1.8824742355193425	1.8007340686729711	0.15755353021323573	0.05151638485654113	6.100241622864295	0.8896891923483056	0.5170649863694653	0.9607349009787911	0.4766028572134079	0.3117392826135279	1.8824742355193425	1.8007340686729711	0.15755353021323573	0.05151638485654113	6.100241622864295	0.8896891923483056	0.5170649863694653	6.847439882569317	0.31569047922069043	0.19856600272442873	0.20489859856772324	0.28084491948715845	0.4586627464922686	53.497202893755286	-789.0318062866863	9.766291624679294E-4	0.5406235046315325	8.993589597746521E-4	3.425183672778519E-7	0.605901357093847
74400000	-9527.786506615794	-8697.35731168594	-830.429194929853	-8540.353028343445	45.37866030296216	671.1268307949969	0.12007140002370967	0.1284637414724796	0.19462468123422336	0.6934114531549143	0.43778518064489363	0.8664129997689958	0.7197463870474764	0.21990865538818036	3.9996526599541524	0.5708883934611798	0.32617965100101565	0.1284637414724796	0.19462468123422336	0.6934114531549143	0.43778518064489363	0.8664129997689958	0.7197463870474764	0.21990865538818036	3.9996526599541524	0.5708883934611798	0.32617965100101565	6.663259168931127	0.2871430976019693	0.20767524092242884	0.21601505165345203	0.2891666098221507	0.443177087845771	68.37890833080199	-821.7318470911945	8.290720044363378E-4	0.3434862388388838	8.46437678473037E-4	2.3476527886413555E-7	0.5676484699540802
74500000	-9536.664820299857	-8684.123492413395	-852.5413278864614	-8516.47273007423	49.861995260225456	732.4129720270582	0.14527825377314527	0.949872631141751	0.17280679116999523	1.074394159951166	1.2191642318635283	2.048928255318204	0.29088864940818265	0.4586598127826121	8.152513745252673	0.3415896704218081	0.014750863069436916	0.949872631141751	0.17280679116999523	1.074394159951166	1.2191642318635283	2.048928255318204	0.29088864940818265	0.4586598127826121	8.152513745252673	0.3415896704218081	0.014750863069436916	7.114465118407433	0.2810373030684446	0.2219401464900852	0.21601505165345203	0.28100749878801906	0.5085333408888111	69.40325175303353	-836.6807308078585	8.167388873818477E-4	0.5228884728113433	8.12559947648823E-4	1.7435578069430663E-7	0.5058707437761807
74600000	-9458.642154604197	-8666.655296136343	-791.9868584678541	-8508.476631310004	45.88094497021794	566.3853790751948	0.12277196786840645	0.7559133710324635	0.2634754596674991	0.4319240862881268	0.5017695833945887	0.7690636903582198	0.05445769481918749	0.13754185961227444	2.4558538102281027	0.10201228980838964	1.3423085821878158	0.7559133710324635	0.2634754596674991	0.4319240862881268	0.5017695833945887	0.7690636903582198	0.05445769481918749	0.13754185961227444	2.4558538102281027	0.10201228980838964	1.3423085821878158	6.167810921311517	0.3023558834361642	0.2191471577360226	0.19937739276069333	0.27911956606712074	0.48108307583713483	51.33282852121507	-783.9280207817174	9.976983989280338E-4	0.5478342768505697	0.0010578786165598613	2.8169863458464507E-7	0.522068258857236
74700000	-9457.970795009593	-8689.548660089136	-768.4221349204569	-8526.951598495523	39.581318733118295	528.6012009347783	0.1295315917467324	0.19340300482095582	0.31670115726960446	0.25711304526114764	1.446998979327445	0.7185849558421362	2.673654862136596	0.023195057818438555	3.7392514020771928	0.09064311351840673	0.5964916274015899	0.19340300482095582	0.31670115726960446	0.25711304526114764	1.446998979327445	0.7185849558421362	2.673654862136596	0.023195057818438555	3.7392514020771928	0.09064311351840673	0.5964916274015899	5.857174481939664	0.30534631549852304	0.1928579252902839	0.21406102935116858	0.28773472986002535	0.459256745976422	46.26348367888233	-756.6345663815347	0.0011334283855255237	0.6833052972424274	0.0011053410844601532	3.474949676981164E-7	0.5202497170370288
74800000	-9461.242744905054	-8678.030970907561	-783.2117739974923	-8511.217866493691	41.26046851388502	552.3004810995501	0.23845149940200921	0.07244371753201924	0.06114402443622546	0.2974937282573315	2.95169228623578	0.7534024786231558	1.9765494819160219	0.01389040409265054	1.680353508435209	0.7629104674049685	1.7413485449483068	0.07244371753201924	0.06114402443622546	0.2974937282573315	2.95169228623578	0.7534024786231558	1.9765494819160219	0.01389040409265054	1.680353508435209	0.7629104674049685	1.7413485449483068	5.937549798334029	0.30534631549852304	0.20811509322413727	0.1988038614173152	0.28773472986002535	0.5075927367217233	37.01049708252274	-772.6425949211487	9.946361257918749E-4	0.503572820763613	9.778709718821503E-4	2.8797071467504937E-7	0.5235124817988208
74900000	-9518.58589780488	-8667.554719864382	-851.0311779404975	-8505.324166131668	47.70362199782603	724.0785100178477	0.11130970525245645	1.8979289149479242	0.034593155907994236	1.0149270602165759	0.1656719231074138	0.743463402136341	0.10559196751836956	0.0908246541259816	3.5064348690132334	0.1631756387006502	1.0525681157962918	1.8979289149479242	0.034593155907994236	1.0149270602165759	0.1656719231074138	0.743463402136341	0.10559196751836956	0.0908246541259816	3.5064348690132334	0.1631756387006502	1.0525681157962918	5.766893838317392	0.30548351972512594	0.21647773867529807	0.21322070791621597	0.2648180336833609	0.49938472122924366	68.53648698086084	-841.5028115182646	7.2115530173377E-4	0.4821666364584675	7.965708124400096E-4	1.1031674982053234E-7	0.4497746720901736
75000000	-9513.663371713475	-8684.774716147787	-828.8886555656886	-8527.324287189778	46.50847309749798	691.2939463863534	0.1568617952581313	0.004276650608169666	0.011534923501622803	0.37436132204859535	0.2841746799091991	0.655775139685743	0.5556536462053638	0.14057539607242606	2.0903303920929273	0.2396415279477643	0.12104979678561	0.004276650608169666	0.011534923501622803	0.37436132204859535	0.2841746799091991	0.655775139685743	0.5556536462053638	0.14057539607242606	2.0903303920929273	0.2396415279477643	0.12104979678561	6.062733083918785	0.2949637911401068	0.2091656099675988	0.20990828737733852	0.2859623115149568	0.4503007301268881	61.65782348325067	-824.4797587768898	8.671282992670206E-4	0.29104959317861095	7.851147347973993E-4	1.2031172117754403E-7	0.3993117307542178
75100000	-9517.27919314365	-8699.398755140495	-817.8804380031544	-8534.761171195372	46.8853458623958	664.6375474244888	0.2966246038541658	0.17795374264159033	0.185020288294931	0.8345622471057547	3.8428053809058103	0.4173996101213988	0.47808289553446814	0.4732477432318663	2.6691346391394717	0.127448840806368	1.3081285234554827	0.17795374264159033	0.185020288294931	0.8345622471057547	3.8428053809058103	0.4173996101213988	0.47808289553446814	0.4732477432318663	2.6691346391394717	0.127448840806368	1.3081285234554827	6.346346803360717	0.2949637911401068	0.20985021331576817	0.21734228950363757	0.2778437060404884	0.4912533159766884	55.86518503893974	-807.9576353138552	8.30209817536631E-4	0.2816027570666283	8.374648943671967E-4	1.3154740686483763E-7	0.4334730523491043
75200000	-9491.818356696722	-8691.14881477175	-800.6695419249718	-8521.67559912644	43.2143223716471	596.9357448718844	0.3071763891969573	0.3119385609032282	0.05198621002050971	0.28367859049898053	0.9787692711263334	1.0204575912779583	1.8470870907997818	0.6649508138950588	1.6540383119579023	0.27378867916738847	0.4464216172891999	0.3119385609032282	0.05198621002050971	0.28367859049898053	0.9787692711263334	1.0204575912779583	1.8470870907997818	0.6649508138950588	1.6540383119579023	0.27378867916738847	0.4464216172891999	7.040504234803986	0.28461111898945524	0.2130823940330107	0.2114206395075226	0.2908858474700124	0.5787833920280016	40.55604643901115	-793.2292792504277	9.08891900409024E-4	0.3877733965742476	9.170179609523972E-4	1.4502241715748157E-7	0.414985272930036
75300000	-9545.876230733229	-8686.56195015201	-859.3142805812188	-8525.439069572687	52.46572842797737	760.0310680196071	0.08193265976276339	0.2695079399545902	0.09643683544272977	0.6222551466361783	1.3666858870692955	1.6204417282821126	0.5176243780281081	0.40465771222150954	4.367505206212107	0.21767036588800265	1.7127103422510621	0.2695079399545902	0.09643683544272977	0.6222551466361783	1.3666858870692955	1.6204417282821126	0.5176243780281081	0.40465771222150954	4.367505206212107	0.21767036588800265	1.7127103422510621	7.75130808543356	0.29830074081796765	0.2130823940330107	0.22195636821075201	0.26666049693827054	0.549584520023876	72.90388573712472	-846.8029053183727	7.358447851494408E-4	0.38109939079405514	7.005822514788721E-4	7.294977103733183E-8	0.3708988075576932
75400000	-9507.390003248456	-8698.28188885257	-809.1081143958851	-8531.355021789217	44.90821399181262	634.3557419661582	0.14402327511269367	0.17819024299797825	0.07139623553239947	0.28017034029410137	1.046815770597344	1.0081028802107355	0.6292990060100199	0.07769066995641744	1.5220049372365485	0.628070118498176	0.24766754184659906	0.17819024299797825	0.07139623553239947	0.28017034029410137	1.046815770597344	1.0081028802107355	0.6292990060100199	0.07769066995641744	1.5220049372365485	0.628070118498176	0.24766754184659906	5.9228187339658325	0.29176186641570223	0.22115510254195556	0.21190571809588737	0.27517731294645564	0.40276758794067175	56.45620654031319	-803.2438966919461	8.476469515393347E-4	0.3985164140700099	7.88076907746594E-4	1.3754611982924456E-7	0.4408175531544595
75500000	-9506.43928387442	-8698.492231179414	-807.947052695007	-8540.77433257344	47.48772620591156	619.4139568355567	0.14100438470309934	0.07285108844239414	0.06936971920862507	0.395943525251453	1.6981341001638113	1.207398605436004	0.7888634740922504	0.33737826003548266	1.6913410443830472	0.5746205861941397	0.8768614558869167	0.07285108844239414	0.06936971920862507	0.395943525251453	1.6981341001638113	1.207398605436004	0.7888634740922504	0.33737826003548266	1.6913410443830472	0.5746205861941397	0.8768614558869167	6.508954759534432	0.30634411581937787	0.20161757689454413	0.21084184330354944	0.2811964639825294	0.6477727701494821	58.471451469740316	-799.2039899671914	8.652389408072418E-4	0.47954207919607383	8.448678094451188E-4	1.757899494244638E-7	0.48905157264645616
75600000	-9500.055629652776	-8666.84202307878	-833.2136065739962	-8502.1270887518	48.668314527701	692.4227179075924	0.1098679959186742	0.31449912873628405	0.14846953494625412	0.8233678088516656	0.3774690286721077	1.4934162093324919	0.10014645197277125	0.3959065082302359	2.3649369535522013	0.12221852308946263	0.5124256886705256	0.31449912873628405	0.14846953494625412	0.8233678088516656	0.3774690286721077	1.4934162093324919	0.10014645197277125	0.3959065082302359	2.3649369535522013	0.12221852308946263	0.5124256886705256	6.254263342181733	0.2907640337206243	0.21785259488702668	0.20498899946455007	0.2863943719277997	0.4524984783151325	69.1367174840352	-825.5314984888828	8.481786604363693E-4	0.45852585731232137	8.343745783522679E-4	1.7128294106780532E-7	0.5027932836194388
75700000	-9516.959486737669	-8675.805277273184	-841.1542094644842	-8510.107622072654	45.49182366173862	681.0893967937993	0.21912698749202625	0.6223005510924915	0.08461068930198755	0.6833973764786255	0.8842405507086091	1.4917610351612094	1.5657878023103078	1.188077424179406	3.4269594358950055	0.05917529225585957	3.7541094107395936	0.6223005510924915	0.08461068930198755	0.6833973764786255	0.8842405507086091	1.4917610351612094	1.5657878023103078	1.188077424179406	3.4269594358950055	0.05917529225585957	3.7541094107395936	5.761899237301161	0.3050384277295703	0.19252279716314352	0.21281260240878463	0.28962617269850227	0.5901801423295907	75.01458202201309	-827.1190979321565	7.572363709149705E-4	0.4100756553543305	8.05197386365348E-4	1.4333016896874372E-7	0.4981786837629489
75800000	-9511.317187583074	-8683.539382909088	-827.7778046739851	-8512.907216667365	42.390616536948414	650.70553516061	0.20336448329310938	0.38496532168666775	0.009187699420344852	1.5458081476092396	3.306924876661063	1.5173022397948988	0.18249861365959608	0.07356096899628886	2.2039163339399397	2.007553757395547	1.1284615236510014	0.38496532168666775	0.009187699420344852	1.5458081476092396	3.306924876661063	1.5173022397948988	0.18249861365959608	0.07356096899628886	2.2039163339399397	2.007553757395547	1.1284615236510014	6.753127674840905	0.2795220465877895	0.20861958429831434	0.22632606633906563	0.28553230277483127	0.3991262906054352	60.02569317700181	-814.9969959411221	8.992513889454122E-4	0.44114373519927763	8.650550576856847E-4	1.848759396687961E-7	0.482302057830268
75900000	-9487.505977581546	-8654.216713830558	-833.2892637509893	-8489.760068567426	46.115006384367554	660.7868762195077	0.11505909755645509	0.6430022711206121	1.3007026852112626	0.11721389629445585	0.5032456134412442	1.9394339994016008	0.36677333757572933	0.13850720043729528	4.523538691013642	0.24654550226921865	1.4369964303121052	0.6430022711206121	1.3007026852112626	0.11721389629445585	0.5032456134412442	1.9394339994016008	0.36677333757572933	0.13850720043729528	4.523538691013642	0.24654550226921865	1.4369964303121052	5.823202898099313	0.30407920490400164	0.20993111334810716	0.2105432702463228	0.2754464115015692	0.4222339595458376	61.883121121098704	-821.3767176851093	8.171690919289385E-4	0.461480311826559	8.364860918057069E-4	1.7031314158936341E-7	0.5083121146815875
76000000	-9499.997543532565	-8694.728544537491	-805.2689989950742	-8526.852913103956	40.72640369004516	603.4065760623571	0.1964370808718137	0.030490258499288946	0.5771287192587851	0.6241225283290475	1.929638410726702	1.4357503471364348	0.3826580768315935	0.46916553207088824	4.688941233038423	0.9106331590359108	0.9398160886874436	0.030490258499288946	0.5771287192587851	0.6241225283290475	1.929638410726702	1.4357503471364348	0.3826580768315935	0.46916553207088824	4.688941233038423	0.9106331590359108	0.9398160886874436	7.38608119267095	0.2994920846250656	0.20620172700916392	0.21900596529859	0.2753002230671812	0.6071263847667533	43.76784563700362	-793.1296707063743	9.171666041454575E-4	0.3364475262167051	9.234741710904787E-4	9.525007805021619E-8	0.3298093265964075
76100000	-9567.240461919802	-8733.327874188248	-833.912587731554	-8564.170242211609	47.23033338358488	682.6635879144719	0.1896364385142444	1.9457946001612425	0.09591412543674283	0.8733715619145551	0.4786279552626445	0.4760351323968805	0.9063889192657584	0.011132209077640431	3.6308753823317437	1.386555704334783	0.4775716212157504	1.9457946001612425	0.09591412543674283	0.8733715619145551	0.4786279552626445	0.4760351323968805	0.9063889192657584	0.011132209077640431	3.6308753823317437	1.386555704334783	0.4775716212157504	6.397444462144559	0.29174985480420845	0.2306285090652606	0.20277449693598343	0.27484713919454823	0.4963964693036888	64.1883380989287	-823.3047501118357	8.832230243536934E-4	0.38573055039931686	8.318070349627003E-4	1.1175285376033912E-7	0.378237409147857
76200000	-9491.217303391928	-8673.663357211633	-817.5539461802947	-8504.769955261743	52.74751431369351	656.3900278321443	0.18659813873884964	0.09177710898274322	0.3500874147174801	0.5141152637383125	0.7407306018837853	0.1827254020938314	3.6451796012670976	1.5377869039070164	3.0190323873004314	0.14446112378789167	0.8152774852743626	0.09177710898274322	0.3500874147174801	0.5141152637383125	0.7407306018837853	0.1827254020938314	3.6451796012670976	1.5377869039070164	3.0190323873004314	0.14446112378789167	0.8152774852743626	5.879497500745274	0.2907212350207152	0.20840020515987895	0.19613947146680485	0.3047390883526018	0.5337508859491957	55.074878421765646	-805.6526017134165	9.724455163261354E-4	0.5223573910149607	9.106034560816483E-4	2.8975766947035717E-7	0.5662388354652379
76300000	-9501.286245696901	-8686.667502561975	-814.6187431349264	-8522.034640237096	41.92251259087115	615.0598914641371	0.14224948479429286	0.39523367234747603	0.019025504430942874	1.232587243313459	0.38990088530858774	2.5123063701962587	1.1122875025878365	2.4752031379048374	4.207080963889867	0.6387756145777915	0.41015742292164675	0.39523367234747603	0.019025504430942874	1.232587243313459	0.38990088530858774	2.5123063701962587	1.1122875025878365	2.4752031379048374	4.207080963889867	0.6387756145777915	0.41015742292164675	7.195196465056638	0.30575092634638235	0.19157701923455214	0.21881620110273153	0.28385585331633484	0.5744734481585867	46.421231830866105	-800.4111068770787	9.1830913888687E-4	0.4294071430918626	9.467050394205497E-4	1.8204360764162594E-7	0.45835492430533986
76400000	-9504.902545441048	-8666.805364546735	-838.0971808943129	-8500.965235567797	51.080431683941434	748.1601424486296	0.21978367413277977	0.056485639449339	0.04816444520751962	0.7416159855706167	0.03058440099269347	0.5604817624222423	0.2233785399152847	0.043362940325299006	0.9931675262317329	0.026383528766300138	0.7989038238413002	0.056485639449339	0.04816444520751962	0.7416159855706167	0.03058440099269347	0.5604817624222423	0.2233785399152847	0.043362940325299006	0.9931675262317329	0.026383528766300138	0.7989038238413002	6.811025534350303	0.30622176005186735	0.20833202719267488	0.20991438810453067	0.27553182465092796	0.5650696439385494	63.13875718668473	-834.0328617194348	7.304241844265742E-4	0.4984505516484105	7.417222057109727E-4	1.726802949389048E-7	0.5606584068382409
76500000	-9468.042408860096	-8673.425460938395	-794.6169479216996	-8507.073826895406	40.83286207962558	577.5917864169954	0.1996598457445907	0.5004117967606755	0.06297039966506664	0.8961395369403546	0.5467463992999986	0.29882619837165453	0.576490093359396	0.4132905817211458	4.049842539040881	0.03010224289014537	0.34664333669156383	0.5004117967606755	0.06297039966506664	0.8961395369403546	0.5467463992999986	0.29882619837165453	0.576490093359396	0.4132905817211458	4.049842539040881	0.03010224289014537	0.34664333669156383	6.1877247228961325	0.302401118891189	0.20833202719267488	0.20991438810453067	0.27935246581160633	0.4769267561301397	47.4596488337754	-786.1068670488587	9.87085100720137E-4	0.5619104309954537	9.687975246568512E-4	3.1115208003294514E-7	0.5716749006859381
76600000	-9515.40316681945	-8681.969632411165	-833.4335344082851	-8517.005061802809	50.23325674595294	732.4126928514441	0.139583363431355	0.2356111315518701	0.2733065203516401	0.19370162014485143	0.08712915831050344	1.3385862324711768	0.8333236578825175	0.2137210360718079	5.369075192322686	1.2361966165578817	1.179985812000239	0.2356111315518701	0.2733065203516401	0.19370162014485143	0.08712915831050344	1.3385862324711768	0.8333236578825175	0.2137210360718079	5.369075192322686	1.2361966165578817	1.179985812000239	5.941294781215013	0.2946500819393611	0.2140873941035349	0.2182337519360044	0.27302877202110043	0.44870635845415846	57.706318859358596	-822.4128693607078	7.685783206603671E-4	0.38174836242012133	7.871072078429692E-4	1.1046254680956783E-7	0.437010473633485
76700000	-9488.203701067625	-8670.212389841341	-817.991311226284	-8509.239498061761	45.74221694521536	645.6990464689105	0.10696400317009107	0.39979292504418595	0.014923035009444573	0.232007879119007	0.039509686870877324	0.8807337951816401	0.5234219684306443	0.13391058193886785	1.6300196826874707	0.1376778432759466	1.8642444335138557	0.39979292504418595	0.014923035009444573	0.232007879119007	0.039509686870877324	0.8807337951816401	0.5234219684306443	0.13391058193886785	1.6300196826874707	0.1376778432759466	1.8642444335138557	6.101440418814412	0.30676799936961857	0.2140873941035349	0.19751162661423982	0.28163297991260755	0.4491387502945819	57.51406177449409	-811.2097489392912	8.194170834120237E-4	0.48495828366681065	8.439575049270774E-4	1.3690289090679318E-7	0.4304348792628372
76800000	-9517.051075362473	-8687.96728802668	-829.0837873357924	-8522.40762375494	43.089536647356	639.1855287248075	0.13950319991383728	0.22086752816312702	0.06383610381455099	0.6557627324803061	0.5742003690415528	0.6237178175154611	1.1561630868672692	0.08190950540158738	3.663172642998928	0.22253567595372165	1.0822810362482522	0.22086752816312702	0.06383610381455099	0.6557627324803061	0.5742003690415528	0.6237178175154611	1.1561630868672692	0.08190950540158738	3.663172642998928	0.22253567595372165	1.0822810362482522	7.002966335148662	0.2969058762843639	0.21507292307151174	0.2149306746133637	0.27309052603076145	0.4292100788592632	68.73210801140377	-819.2733851904756	8.837501574102789E-4	0.5950671072534844	8.619478479474787E-4	2.929997269009125E-7	0.6178472864823604
76900000	-9504.616808393725	-8675.334609603286	-829.2821987904389	-8517.882288703995	49.674679969597435	697.8485942967611	0.12375561064096001	0.22768732700666636	0.2691499513835303	0.15891135905302656	0.21658551499686177	0.7254658052245768	0.40526195869688375	0.7909092686298984	3.2532063320973594	0.007451918604505084	1.6013648718420195	0.22768732700666636	0.2691499513835303	0.15891135905302656	0.21658551499686177	0.7254658052245768	0.40526195869688375	0.7909092686298984	3.2532063320973594	0.007451918604505084	1.6013648718420195	6.9103580410068	0.2750780878730277	0.22515242090620716	0.21273733584657004	0.28703215537419596	0.47530195237242306	64.83764733016028	-821.0050019188591	7.32819420131778E-4	0.4246367636639731	7.691004685780323E-4	2.2284707957481398E-7	0.6237942545090309
77000000	-9495.769512249894	-8671.384211482688	-824.385300767206	-8512.490526781727	45.483684635731386	657.3247834362136	0.16518342314377313	0.7971921238046599	0.036460396289607094	0.8236580743223907	1.011418640744768	0.3864752995984103	2.5772666905681954	0.048228363409640485	5.4756094956096035	0.7673966226148229	0.16460783928815234	0.7971921238046599	0.036460396289607094	0.8236580743223907	1.011418640744768	0.3864752995984103	2.5772666905681954	0.048228363409640485	5.4756094956096035	0.7673966226148229	0.16460783928815234	6.718814162304127	0.30157754770818435	0.22071763978782252	0.19798289723538368	0.2797219152686103	0.563242672910553	57.16177289382141	-812.0307340477644	9.265379683184833E-4	0.3042548828721008	8.541288871307506E-4	3.2268033681708057E-7	0.5976938111422697
77100000	-9559.624332515743	-8700.507540888997	-859.1167916267457	-8539.962687814415	51.564709558750245	788.4992046188918	0.11446270769785412	0.07446336983713743	0.19868159674099403	0.36913864772380683	1.1999493160160732	1.6956692776532605	0.2921062629719609	0.07450744551142137	2.5168925529024806	0.5136805149180094	0.10259915600618437	0.07446336983713743	0.19868159674099403	0.36913864772380683	1.1999493160160732	1.6956692776532605	0.2921062629719609	0.07450744551142137	2.5168925529024806	0.5136805149180094	0.10259915600618437	6.201886102129815	0.3021282148679631	0.2041001914725463	0.20265861766584436	0.29111297599364705	0.4786453241687809	75.7286154207009	-853.4975154331103	7.565918198979129E-4	0.029000873923414165	6.899599099769953E-4	1.7679781113559864E-7	0.5570113612114168
77200000	-9524.112633295463	-8682.423287643027	-841.6893456524363	-8520.277519492618	47.09158197431378	709.561779507073	0.15401959275881144	0.1804693959900512	0.280371565627225	0.36033437901166104	2.1054617881705706	1.651198996171715	0.9248642586518615	0.16023712971264525	3.7580499816120323	0.25915879405755415	0.3241631784464381	0.1804693959900512	0.280371565627225	0.36033437901166104	2.1054617881705706	1.651198996171715	0.9248642586518615	0.16023712971264525	3.7580499816120323	0.25915879405755415	0.3241631784464381	6.806628143912254	0.2856865377149865	0.2115144638003803	0.21873964676240168	0.28405935172223234	0.5087428780746344	64.2538568677478	-831.4190292396198	7.984221715022532E-4	0.34365226439130997	7.485340333949533E-4	2.364796147844736E-7	0.597536419223256
77300000	-9508.546996542715	-8672.297045178617	-836.2499513640977	-8512.294241145886	52.39020640263732	704.9473675492625	0.12054734590125213	0.46427048132486654	0.3924439327414726	0.5409880679709725	0.48360596001586303	0.599406493882695	1.5852494747450308	0.11282847966212389	3.751218335416907	0.42312662243686083	0.6110645181607276	0.46427048132486654	0.3924439327414726	0.5409880679709725	0.48360596001586303	0.599406493882695	1.5852494747450308	0.11282847966212389	3.751218335416907	0.42312662243686083	0.6110645181607276	6.485563129159247	0.2901466179546286	0.21310387749798718	0.2095250375170554	0.28722446703032956	0.5208800707396009	75.66156194925304	-826.4461716821044	7.858019091257473E-4	0.40799753446538506	7.960365626507624E-4	2.430083630008576E-7	0.6469089084440796
77400000	-9503.854967715135	-8689.935581124433	-813.919386590702	-8532.864711680333	46.57351124271269	643.3782591550425	0.13024924196114387	0.07770518515759949	0.08784118781144347	0.2352370996872866	0.2446223991124728	0.45869180582442587	1.1002379711931625	0.16256207271472212	2.062678623545312	0.2062142445407876	0.29723905277149326	0.07770518515759949	0.08784118781144347	0.2352370996872866	0.2446223991124728	0.45869180582442587	1.1002379711931625	0.16256207271472212	2.062678623545312	0.2062142445407876	0.29723905277149326	7.077967317353705	0.3020820718451619	0.20031506709674446	0.21969007440810914	0.2779127866499852	0.6149273384903481	56.75205699449153	-807.8097471628677	8.950117406122007E-4	0.47214286967445934	8.93388964263734E-4	2.8834530296728215E-7	0.5827220054960962
77500000	-9479.869699060482	-8686.72180779065	-793.1478912698338	-8525.334354189437	46.45392909514084	605.9373375722319	0.11721630473448788	0.17182721526596484	0.24246298537755245	0.8359172821343079	0.15950417052070834	1.0001266388402739	0.3234573619064057	0.077437790435756	2.5778345987894142	0.1121468362838291	0.06368461503222426	0.17182721526596484	0.24246298537755245	0.8359172821343079	0.15950417052070834	1.0001266388402739	0.3234573619064057	0.077437790435756	2.5778345987894142	0.1121468362838291	0.06368461503222426	6.1684574190536035	0.31449633041805414	0.2156012403101749	0.21308466555502753	0.25681776371674414	0.49703528275249664	45.26813730377148	-786.5908102216895	9.505571229725859E-4	0.5236598423887471	9.398376894686132E-4	3.361985955814844E-7	0.5838013058200533
77600000	-9460.695974030536	-8680.497925737507	-780.1980482930277	-8521.951829827669	48.51954095334139	627.074767091571	0.14226758459136105	0.45704480345764387	0.3927189338687572	0.07145551917036315	0.0368166724734522	0.9852196768315424	0.6529683238781034	0.14684691711976294	2.877966682193163	0.5654039777831315	0.12009919880702603	0.45704480345764387	0.3927189338687572	0.07145551917036315	0.0368166724734522	0.9852196768315424	0.6529683238781034	0.14684691711976294	2.877966682193163	0.5654039777831315	0.12009919880702603	6.288235034745915	0.3007140600375414	0.2156012403101749	0.2098336778715101	0.2738510217807743	0.5832572648686201	42.50149118846281	-773.0686293683333	0.0010160434803078249	0.4827429388970501	9.276397147329374E-4	3.5752595003410205E-7	0.549436441246781
77700000	-9479.887220430837	-8685.323215888318	-794.5640045425189	-8523.457332226488	43.120851045093154	609.8949912214387	0.16857742047295313	0.01983856609223421	0.05731929536601827	0.1763429652351256	0.46829506226457246	1.690500583296669	1.417301968492431	0.029793423925692095	1.9390407523005093	0.2510180645670594	0.7186972897694567	0.01983856609223421	0.05731929536601827	0.1763429652351256	0.46829506226457246	1.690500583296669	1.417301968492431	0.029793423925692095	1.9390407523005093	0.2510180645670594	0.7186972897694567	6.752057967593831	0.2869085370383348	0.21200767409688895	0.21651299589812575	0.2845707929666512	0.4014816228445455	47.53666424452959	-787.5226820763978	9.028601189774249E-4	0.4209271010935776	8.571207833477925E-4	1.9822790207709565E-7	0.4928032074938141
77800000	-9453.938972332066	-8678.023749138818	-775.9152231932468	-8512.330768397109	36.385511280623746	504.49311634168225	0.25088801906858527	0.5764636266924954	0.08598132218487241	0.3263790736920659	1.2386560978060057	0.11924420198519148	2.6984453316551056	0.4003550576504985	2.9337913560565747	0.026444331478821116	1.1509697681617308	0.5764636266924954	0.08598132218487241	0.3263790736920659	1.2386560978060057	0.11924420198519148	2.6984453316551056	0.4003550576504985	2.9337913560565747	0.026444331478821116	1.1509697681617308	5.941198410090272	0.2889548518725536	0.21823817989170122	0.21833547853710514	0.27447148969864077	0.4470057830081569	44.78302603491397	-765.5385301069543	0.0010968091839912897	0.6184792278364908	0.0010863153268470924	3.489255157075847E-7	0.5410628952720813
77900000	-9473.618694055573	-8701.599057864834	-772.0196361907375	-8541.872104764476	37.82932592626667	517.8951770866519	0.21687407002621814	0.2444907109247425	0.056448188315492975	0.023811713892970803	1.8458205955905533	1.6825606166694103	0.19767704860488705	0.0062201672488083545	4.0127217249551075	0.6014374486711644	2.6076081187921294	0.2444907109247425	0.056448188315492975	0.023811713892970803	1.8458205955905533	1.6825606166694103	0.19767704860488705	0.0062201672488083545	4.0127217249551075	0.6014374486711644	2.6076081187921294	6.05004787375148	0.300946701383858	0.21333549559012813	0.20046145277836894	0.28525635024764573	0.4009769980201152	38.619093758290674	-760.5556448031725	0.0011769548369612375	0.39978997546822925	0.0011497520287512828	2.637789688348425E-7	0.4402233241530243
78000000	-9475.788927140535	-8672.155561763348	-803.633365377187	-8511.735048289822	44.02901040460707	608.6808638732051	0.18292303322471973	0.04503102816525573	0.014256803890153946	0.8537008715684877	0.040328767803765125	0.14603590208981373	2.35537261598563	0.10126126266004576	3.79930646308829	0.14246654421989197	0.3213491843455526	0.04503102816525573	0.014256803890153946	0.8537008715684877	0.040328767803765125	0.14603590208981373	2.35537261598563	0.10126126266004576	3.79930646308829	0.14246654421989197	0.3213491843455526	7.633324747679547	0.2899851048899367	0.21795766474083053	0.2068008801215878	0.28525635024764573	0.4924788077572099	49.620893884805234	-794.7710292362985	9.654201658803361E-4	0.5231561275383785	9.647178846479628E-4	2.313420416119089E-7	0.4835643608770258
78100000	-9476.228918560326	-8659.596269038444	-816.632649521881	-8501.65638876845	54.68421605545671	670.3052400619011	0.1694903941664325	0.0964189308351174	0.029482790993956526	0.4172584959903381	0.15969896724069754	0.43048057174400084	0.48626512982181597	1.3489723011486452	2.60762290750355	0.2538065659322723	0.42856396795345764	0.0964189308351174	0.029482790993956526	0.4172584959903381	0.15969896724069754	0.43048057174400084	0.48626512982181597	1.3489723011486452	2.60762290750355	0.2538065659322723	0.42856396795345764	6.44641647289791	0.2954336597720394	0.20782457464757753	0.2119598540626744	0.2847819115177094	0.5844917420221969	59.452029152760076	-809.4408634664356	8.397755184063421E-4	0.5371392618527673	8.206454274255362E-4	2.1523829879719232E-7	0.5642154381474092
78200000	-9480.265205283064	-8680.978013866485	-799.2871914165795	-8516.027010560712	53.19651436371412	653.4378494254025	0.14918194211772798	0.06707728120661832	0.1283155342240718	0.18848347758237574	1.0653862968062222	0.4678008609104934	1.5959341548394825	0.016079687974019305	2.412439938530007	0.3583143271905832	0.936387756615919	0.06707728120661832	0.1283155342240718	0.18848347758237574	1.0653862968062222	0.4678008609104934	1.5959341548394825	0.016079687974019305	2.412439938530007	0.3583143271905832	0.936387756615919	5.254615206837116	0.30632173804103097	0.21941514439621068	0.19887927569745315	0.2753838418653059	0.39283509867156335	55.30142673737593	-791.5656806003291	8.215632764190217E-4	0.5460002583876264	7.949733583292353E-4	2.718178704700266E-7	0.6106186161163373
78300000	-9538.695064295965	-8673.982918101157	-864.7121461948083	-8514.01505649166	52.10053618457752	764.6988525848915	0.11825615706820351	0.3745768729134808	0.00607578016984574	0.5360266794568903	0.4444426937244437	1.3235733998396373	1.952894279537188	0.44281707110574003	2.5181575459228456	0.6586153439005339	0.8223635134172196	0.3745768729134808	0.00607578016984574	0.5360266794568903	0.4444426937244437	1.3235733998396373	1.952894279537188	0.44281707110574003	2.5181575459228456	0.6586153439005339	0.8223635134172196	5.955327125475285	0.3021838649401872	0.21774907418600123	0.21180301010909722	0.2682640507647151	0.5064416610981142	70.7977224712766	-855.0971167545782	6.795204954001165E-4	0.4396285535875933	7.145182228714882E-4	9.797789250894443E-8	0.45695236963096386
78400000	-9493.074498764056	-8670.191231909554	-822.8832668545015	-8506.023201358126	46.338169327292384	665.0613123641215	0.11016645777032179	0.07934507912568814	0.2866061028931905	0.44436949418878996	0.057263693007281076	1.1177346714256589	0.10529257811602342	0.10203312748242849	3.5916946335133515	0.0757416341011589	0.9664599075712803	0.07934507912568814	0.2866061028931905	0.44436949418878996	0.057263693007281076	1.1177346714256589	0.10529257811602342	0.10203312748242849	3.5916946335133515	0.0757416341011589	0.9664599075712803	5.9767547321227665	0.3021838649401872	0.2193731247702602	0.20183741004077926	0.2766056002487741	0.5259161923206305	56.73313232602931	-815.3488995126835	8.312250320347188E-4	0.4292505588920029	8.471068307138621E-4	1.1105518644357805E-7	0.41259840198967557
78500000	-9487.62950936459	-8664.63138074411	-822.9981286204794	-8502.64206103218	44.43276045968808	635.2881407666289	0.1797386601482193	0.6526062577443797	0.4134053865795223	0.09033711203449352	2.8604569479807966	0.8627435022289494	1.02052830424936	0.13969637286767314	2.721116142106031	0.44078855198143635	0.5111298950061076	0.6526062577443797	0.4134053865795223	0.09033711203449352	2.8604569479807966	0.8627435022289494	1.02052830424936	0.13969637286767314	2.721116142106031	0.44078855198143635	0.5111298950061076	5.767295851265155	0.28843406039132363	0.21390766730171906	0.21966806922852544	0.27799020307843253	0.43452266845100884	46.022365267124314	-813.6887524233143	8.177072889377192E-4	0.36588396562863573	8.283232767187437E-4	1.1028646701657281E-7	0.4020689831881336
78600000	-9488.48843871119	-8690.100882054265	-798.3875566569263	-8525.961760905682	41.481768983716705	575.3979081168394	0.22022401160222752	0.2685705230224884	0.055060043472871384	0.17914331966538208	0.7495595593391005	0.48199081187957293	1.5679706486281355	0.46787120217274775	3.212907006467045	1.2069855469903918	1.794091438608776	0.2685705230224884	0.055060043472871384	0.17914331966538208	0.7495595593391005	0.48199081187957293	1.5679706486281355	0.46787120217274775	3.212907006467045	1.2069855469903918	1.794091438608776	5.581788831093167	0.28721949651685674	0.20498126758928625	0.22585246112465945	0.2819467747691982	0.4808881114160898	48.32987798949543	-788.4109388776149	9.26658243548945E-4	0.4358395061799727	9.607477481649239E-4	1.566636966970861E-7	0.4215999988509779
78700000	-9512.938036186173	-8683.609118037732	-829.328918148442	-8519.14297576771	51.33315892534914	698.9225899446823	0.14332787945468656	0.0420422450542558	0.31103888285469283	0.2119758927609276	1.4894392748149	0.377304962797443	2.82219904798526	0.3461285797478834	2.9498114430285547	0.06866781780514943	0.19281681706464843	0.0420422450542558	0.31103888285469283	0.2119758927609276	1.4894392748149	0.377304962797443	2.82219904798526	0.3461285797478834	2.9498114430285547	0.06866781780514943	0.19281681706464843	6.1859980436915425	0.29823279013011494	0.21592566815210915	0.2152903012063112	0.2705512405114654	0.45953713211464076	62.12104992230859	-820.1340358596519	7.733619377192664E-4	0.4312400419306961	7.704251531873156E-4	1.0881529447094774E-7	0.4222556869815799
78800000	-9469.787850152734	-8667.225764551578	-802.562085601155	-8500.042931391481	63.73034175310287	676.3629479060746	0.13671742465517178	0.7557654732357674	0.1759682942421225	0.5666960601916733	0.9995751543866485	0.3547472624183142	2.748731986377394	0.5649898607670351	3.9844331269585025	1.0359302007545874	0.25387568684078304	0.7557654732357674	0.1759682942421225	0.5666960601916733	0.9995751543866485	0.3547472624183142	2.748731986377394	0.5649898607670351	3.9844331269585025	1.0359302007545874	0.25387568684078304	6.617633677325297	0.29823279013011494	0.21509308381453393	0.21846783194778677	0.268206294107565	0.5292015951603419	47.10859388171744	-790.0777398795433	8.975796517563312E-4	0.5685108139123382	7.817300215374755E-4	2.529686199577315E-7	0.5695347084693922
78900000	-9486.47863180077	-8684.651221824319	-801.8274099764511	-8512.309186522987	48.334269454262845	641.2264915650806	0.3010145370110826	0.040297949124174955	0.08236594590765925	0.4939062049137805	0.7764460752237916	1.3305843550742649	2.8521338542049652	0.2562166609968086	2.3281575904282454	0.5693114472988079	0.2767029724731714	0.040297949124174955	0.08236594590765925	0.4939062049137805	0.7764460752237916	1.3305843550742649	2.8521338542049652	0.2562166609968086	2.3281575904282454	0.5693114472988079	0.2767029724731714	6.166068167914084	0.29823279013011494	0.20828802337402516	0.20739502450619812	0.28608416198966247	0.47937693530228975	44.89052453514201	-792.4907387685557	9.860067920293158E-4	0.5092934563075171	8.548113867614678E-4	3.06238947021003E-7	0.572402223101081
79000000	-9525.398670914392	-8695.216936326453	-830.1817345879396	-8525.690464849624	51.91701468496602	696.379471133559	0.10608685334994407	0.39870884712471105	0.3550302967692221	0.7327445284017505	0.7840298018782837	2.3980002176253494	2.094900789603351	0.31280588934664605	2.100139174307556	0.27556757778428537	0.7116022711399261	0.39870884712471105	0.3550302967692221	0.7327445284017505	0.7840298018782837	2.3980002176253494	2.094900789603351	0.31280588934664605	2.100139174307556	0.27556757778428537	0.7116022711399261	6.895093508728157	0.3071053417937632	0.19498605116150325	0.22441323306203909	0.27349537398269513	0.4390358437904755	57.9323283861686	-819.269890062771	8.237119827109546E-4	0.386146997483165	7.410378135561033E-4	1.6061700169602777E-7	0.5088396168797373
79100000	-9508.298923355676	-8685.482828141503	-822.8160952141742	-8513.512184107309	62.19523941209489	694.6247603676925	0.17252725008802625	0.4035580409348646	0.054900484366980265	0.9727704705322089	0.17620965356890544	2.4011540665146685	0.38590758628665783	0.2819599449266964	3.913205820854493	0.9475983607657454	0.006337706869760685	0.4035580409348646	0.054900484366980265	0.9727704705322089	0.17620965356890544	2.4011540665146685	0.38590758628665783	0.2819599449266964	3.913205820854493	0.9475983607657454	0.006337706869760685	6.89603520009005	0.291401593707727	0.21060237434860637	0.206512380925841	0.2914836510178263	0.3802656854419515	55.378583367012794	-812.6606616765222	8.593767282135732E-4	0.4843183418475343	7.865012226700644E-4	2.0476469615582982E-7	0.5394419054952901
79200000	-9502.796227716188	-8695.488225034642	-807.3080026815466	-8532.127907946176	49.36694562704692	647.2138764614867	0.2557969623658349	1.1874511354016268	0.1387496424905442	0.8826606449994012	0.5974474552765747	0.7280745633837901	3.6104009889419935	0.8295380538408665	3.779610784097334	1.1050042879464779	0.6131820884065887	1.1874511354016268	0.1387496424905442	0.8826606449994012	0.5974474552765747	0.7280745633837901	3.6104009889419935	0.8295380538408665	3.779610784097334	1.1050042879464779	0.6131820884065887	6.388472207474146	0.3034191951293054	0.22159933051245984	0.20698294199799708	0.2679985323602384	0.7600178354538606	47.372060712030205	-793.1135231279079	0.0010855873613148368	0.4500418147693442	8.9604051172605E-4	3.8065477306523664E-7	0.5716236926356614
79300000	-9493.023639040577	-8680.794279342184	-812.2293596983926	-8513.74846736372	46.34096448244299	654.9894925360051	0.10464722991175829	0.346456022430515	0.23626063542977876	0.471428858228797	0.8832814034967578	0.9194880679441114	0.8773847322665328	0.002980388203793924	2.9907793980820965	0.3113570313016802	1.9583911404847407	0.346456022430515	0.23626063542977876	0.471428858228797	0.8832814034967578	0.9194880679441114	0.8773847322665328	0.002980388203793924	2.9907793980820965	0.3113570313016802	1.9583911404847407	6.371522889612288	0.28736488310573144	0.20421786082096696	0.22618257969712954	0.2822346763761728	0.47156444188034174	53.90479582988426	-802.4602816288375	8.32719223722791E-4	0.4428839160618963	8.13514460556456E-4	2.077973666170228E-7	0.5499004681103848
79400000	-9511.063353664964	-8662.552361884378	-848.5109917805856	-8501.556549010618	52.763967571232776	754.8828766759054	0.09263630142315203	0.19687621247914322	0.09525293739756399	0.12994421309767223	2.4652381345345655	1.4965833738894865	1.621295161289227	0.0996122478642149	4.259244672205378	0.20718099735188428	2.13967053930239	0.19687621247914322	0.09525293739756399	0.12994421309767223	2.4652381345345655	1.4965833738894865	1.621295161289227	0.0996122478642149	4.259244672205378	0.20718099735188428	2.13967053930239	6.185874744757393	0.3031308905745856	0.21291690706406352	0.21017000853812634	0.2737821938232252	0.4468510455806035	66.5654616193676	-835.0000825071277	7.349214877844345E-4	0.4206682787481321	7.253903869709434E-4	1.3280008274180541E-7	0.4636639937076752
79500000	-9569.62513889295	-8703.80714232025	-865.8179965727014	-8542.549668051488	51.63971997771078	813.5267914230088	0.1180799923050814	0.027015812246269578	0.2529281210267258	0.16725116765730863	0.47162869633135696	0.40805964335097983	0.8843511144141029	0.16428737410211125	2.323382054792122	0.20825819526225084	0.5916043207523435	0.027015812246269578	0.2529281210267258	0.16725116765730863	0.47162869633135696	0.40805964335097983	0.8843511144141029	0.16428737410211125	2.323382054792122	0.20825819526225084	0.5916043207523435	7.056279728264255	0.3006953877978452	0.20957881536401032	0.2056635541240873	0.2840622427140578	0.5218446708242529	88.8252464158636	-860.8546834280057	6.721961771731516E-4	0.09475245956124352	6.8179513313302E-4	5.689500309089592E-8	0.3536896587248617
79600000	-9453.80283672666	-8668.86999895088	-784.9328377757801	-8507.154004144539	40.10950453798338	547.7196687582248	0.21262844130624234	0.09049800309077755	0.33956546703418317	0.11484301219231435	2.114947406652255	1.0383280634499685	0.24255256843826828	0.3676349535829551	3.0247067421394167	0.012427349686540448	1.5282719932903532	0.09049800309077755	0.33956546703418317	0.11484301219231435	2.114947406652255	1.0383280634499685	0.24255256843826828	0.3676349535829551	3.0247067421394167	0.012427349686540448	1.5282719932903532	6.415959181073754	0.2945085037939564	0.21044127532663132	0.21874563487808504	0.2763045860013279	0.5104699763953333	48.76751354381731	-775.2175678670164	0.0011382734365423305	0.4918330635852505	0.0011098522819758339	2.6068845223235E-7	0.44299303880325824
79700000	-9529.777234449268	-8697.283048626992	-832.4941858222752	-8530.84767349215	47.5268782670892	651.1901790590496	0.12057102034164625	0.1133833869109211	0.21130220808108427	0.5413832506496666	0.746553580560128	0.13501502175697702	3.7602913213052895	0.12325550772582321	6.686242448176458	0.9412013390734592	0.0322009452562731	0.1133833869109211	0.21130220808108427	0.5413832506496666	0.746553580560128	0.13501502175697702	3.7602913213052895	0.12325550772582321	6.686242448176458	0.9412013390734592	0.0322009452562731	6.222261870288298	0.3054197166401818	0.19987939627678608	0.2124718200422082	0.28222906704082457	0.45750185547324285	58.75985085537734	-819.046957887314	8.905012939675944E-4	0.2694469846726934	8.867456052359927E-4	1.0222254975701064E-7	0.37465363937995405
79800000	-9505.640071513099	-8700.812685768049	-804.8273857450504	-8542.66834184501	38.90995952360503	583.6338228040147	0.16205956914253614	0.8340624231357263	0.04070698964100337	0.4350294527402739	0.20353899763878855	0.781575500857563	0.997346573451862	0.1052510037914778	3.910568355811148	0.5716028559218427	1.5134817325756433	0.8340624231357263	0.04070698964100337	0.4350294527402739	0.20353899763878855	0.781575500857563	0.997346573451862	0.1052510037914778	3.910568355811148	0.5716028559218427	1.5134817325756433	5.48849862736493	0.3054197166401818	0.20741534353812063	0.19868360687141362	0.28848133295028455	0.47562897060848586	51.399378755994626	-795.4193497470701	9.639093537726113E-4	0.3336623272871041	9.833997081997242E-4	9.15432296003744E-8	0.31392795541082424
79900000	-9491.968361134976	-8688.145172420946	-803.8231887140303	-8530.137479242507	39.54874121801912	584.0393094294717	0.19636743482580182	0.35243409053555597	0.03181929462691717	0.49609138287807725	1.8193455494887394	0.6279862634789053	1.291777114178612	0.1955615693952903	3.821425335784418	0.5593350612122445	1.6975323441546113	0.35243409053555597	0.03181929462691717	0.49609138287807725	1.8193455494887394	0.6279862634789053	1.291777114178612	0.1955615693952903	3.821425335784418	0.5593350612122445	1.6975323441546113	6.292151170098227	0.29723131256552654	0.20390167823520008	0.2122116456716005	0.28665536352767346	0.6359031289940568	48.11440452478284	-792.7910420920036	8.921585607872491E-4	0.3711070996776223	9.298924851080803E-4	1.2280361030215667E-7	0.3967999505108324
80000000	-9465.324529121119	-8661.041491056712	-804.2830380644065	-8501.935292094506	51.76115990565478	593.4353948134435	0.183740163756092	0.5521900813223177	0.010598011357859528	0.9742618410901036	1.180039801372329	1.2499956706100013	1.916143307885724	0.03862523913110499	7.215604739726168	0.33160054702295877	1.826071550815874	0.5521900813223177	0.010598011357859528	0.9742618410901036	1.180039801372329	1.2499956706100013	1.916143307885724	0.03862523913110499	7.215604739726168	0.33160054702295877	1.826071550815874	6.539977346750083	0.29817337845560793	0.20232928271994494	0.22580782695095142	0.2736895118734963	0.4236560528283799	43.58414632967776	-788.4747776090755	9.60669262723144E-4	0.5030648941513868	9.6720638628411E-4	2.8096019508960027E-7	0.5352608592717822
80100000	-9526.768626820487	-8674.939616637597	-851.8290101828899	-8518.397213753924	54.92282808695364	766.4679576576334	0.16680468602742576	0.20225592170568796	0.009500015635102348	1.6570692514557457	1.1401391148893347	0.7505989206229237	0.3107152986219589	0.09438380667990064	4.483279295638448	0.31913185928150817	1.6054723031778981	0.20225592170568796	0.009500015635102348	1.6570692514557457	1.1401391148893347	0.7505989206229237	0.3107152986219589	0.09438380667990064	4.483279295638448	0.31913185928150817	1.6054723031778981	6.775152137440572	0.2989193939685539	0.20705594644874198	0.2190468208144242	0.27497783876828047	0.40015627661066827	72.24668433966204	-840.9206084978762	7.683180871427761E-4	0.3878536641482419	7.4276810704839E-4	1.0815853276336054E-7	0.4220583357676552
80200000	-9497.044668708708	-8688.011201860689	-809.0334668480197	-8527.325452238523	54.08872710203932	666.1508454160625	0.16415631298247524	0.0367390595798666	0.012131862848780178	0.36689494361362435	0.27524949935544885	0.9833876391526688	0.7850291874933754	0.1229619515749483	1.9193883130629976	0.04899086371510862	0.3758830334406093	0.0367390595798666	0.012131862848780178	0.36689494361362435	0.27524949935544885	0.9833876391526688	0.7850291874933754	0.1229619515749483	1.9193883130629976	0.04899086371510862	0.3758830334406093	5.635006385193048	0.2996975668203528	0.22222147342817233	0.21008046793920332	0.26800049181227203	0.4392554840954403	51.59289190536748	-803.5318874982747	9.545678339891957E-4	0.5159856559508094	8.344870446347038E-4	1.9186472278520545E-7	0.46088424899629254
80300000	-9559.12965157254	-8677.068706046877	-882.0609455256638	-8513.511328990504	64.47361162956597	887.3812491332448	0.08453952286724244	0.13774405496403463	0.1222635624734539	0.9781182500332942	0.014109934447190232	1.6380942867026642	0.5631943639569893	0.6794555290533929	4.653930177866148	0.4372409379832062	0.6020637563907273	0.13774405496403463	0.1222635624734539	0.9781182500332942	0.014109934447190232	1.6380942867026642	0.5631943639569893	0.6794555290533929	4.653930177866148	0.4372409379832062	0.6020637563907273	5.792290225304284	0.29414411828169557	0.20544716467356255	0.21008046793920332	0.29032824910553906	0.4459022664866899	80.59637726676844	-871.1488145185292	6.28581419232071E-4	0.49872596299142513	6.203931411209794E-4	8.009968490815264E-8	0.4445992641553591
80400000	-9536.436720134812	-8693.042505949255	-843.3942141855562	-8535.350355159191	56.584732170914606	767.8654728873444	0.21897146787454486	0.34310766151743427	0.0033815270861341784	0.016712690078917014	0.967585800945972	0.2279470356674885	0.552102534353098	0.4022382372523954	1.3903553601273473	0.014245589392647808	0.7596661186826537	0.34310766151743427	0.0033815270861341784	0.016712690078917014	0.967585800945972	0.2279470356674885	0.552102534353098	0.4022382372523954	1.3903553601273473	0.014245589392647808	0.7596661186826537	6.426270621058556	0.2914242083086703	0.20877314374072553	0.2051839887539699	0.29461865919663477	0.6025059715568002	71.700849160206	-838.7659966736459	7.292624289005022E-4	0.3193712277586749	7.361333375182365E-4	1.1573284752616359E-7	0.455133074988524
80500000	-9500.867761703978	-8668.583583482852	-832.2841782211252	-8509.4088640858	58.810323119236116	721.6511199191701	0.18712998612329068	0.1250021296732155	0.05245654257022597	0.15041331080514653	1.4231140955138097	0.4173745004944582	4.749681404932862	0.4911659579149795	4.623896901010157	0.3869683078525728	1.7107492271198597	0.1250021296732155	0.05245654257022597	0.15041331080514653	1.4231140955138097	0.4173745004944582	4.749681404932862	0.4911659579149795	4.623896901010157	0.3869683078525728	1.7107492271198597	6.069219781074566	0.3114529801537074	0.20877314374072553	0.2051839887539699	0.2745898873515976	0.3995795145339269	63.22481583487143	-817.6920840027927	7.781475771073668E-4	0.509499154989621	7.376759193334345E-4	2.0635923417746193E-7	0.5689361916457754
80600000	-9482.770496087072	-8680.067678336896	-802.7028177501768	-8513.306861544459	45.08241932312211	627.5393585229494	0.244122861939921	0.39690914354297985	0.08995604080515669	0.36181113958611616	1.8687880024648276	0.8354361203238106	1.0279798413411803	1.532583382674979	4.970990223617226	0.45954999700246296	0.7316852832931885	0.39690914354297985	0.08995604080515669	0.36181113958611616	1.8687880024648276	0.8354361203238106	1.0279798413411803	1.532583382674979	4.970990223617226	0.45954999700246296	0.7316852832931885	6.274581286272814	0.3166945066900765	0.2007441284903219	0.2027912700525525	0.27977009476704956	0.480581674534703	49.24483482210478	-790.3024534596731	9.739227251801189E-4	0.3811822969396722	9.574303245204765E-4	1.495069045678551E-7	0.3917834405319328
80700000	-9496.039912077158	-8684.46655496997	-811.5733571071881	-8512.497341155868	47.361230099738094	644.289230381605	0.30166372651477885	0.22456362248385914	0.0877048958358072	2.446855960528672	3.8458411945003825	0.7424357713156693	0.27164092661506845	0.6703037392727541	2.8545017048149908	0.6135490752252765	2.1559150130137335	0.22456362248385914	0.0877048958358072	2.446855960528672	3.8458411945003825	0.7424357713156693	0.27164092661506845	0.6703037392727541	2.8545017048149908	0.6135490752252765	2.1559150130137335	5.551152422310819	0.29983422321262015	0.2032517754354951	0.21714390658483562	0.27977009476704956	0.5347122039082877	57.45781610308854	-797.6971306773196	8.618654246214319E-4	0.4346265575169507	8.329184679242346E-4	1.2197092112012132E-7	0.40462916438730534
80800000	-9464.593462436265	-8653.58205651607	-811.0114059201949	-8492.986927417274	46.90024806556753	639.6357113509699	0.1255219086248667	0.1205801432431525	0.7012252728983511	0.13123835318313568	0.12199751861511567	2.016272680542872	3.0025851229058333	0.09766120098904589	4.221681907945528	1.5481481234200676	0.41302835389199005	0.1205801432431525	0.7012252728983511	0.13123835318313568	0.12199751861511567	2.016272680542872	3.0025851229058333	0.09766120098904589	4.221681907945528	1.5481481234200676	0.41302835389199005	6.076322033730695	0.30809706800095615	0.21189488276522267	0.20524013885562392	0.2747679103781978	0.6432271280175237	52.30529734812442	-797.6422026989475	9.177056693379507E-4	0.478209698757431	8.718700059068991E-4	2.1172664371361015E-7	0.49625650983283526
80900000	-9519.846607322575	-8674.099774312792	-845.7468330097844	-8513.31961824701	47.54204048692655	722.2382447089756	0.11089018918501847	0.029440787126525644	0.8335949819585753	0.39507054896838506	0.7551697848053438	1.1642201415231663	0.5259619862182949	0.10346392214405986	5.139943391226576	1.2847914248004637	0.36664365391228465	0.029440787126525644	0.8335949819585753	0.39507054896838506	0.7551697848053438	1.1642201415231663	0.5259619862182949	0.10346392214405986	5.139943391226576	1.2847914248004637	0.36664365391228465	5.68831593825836	0.29139536737530636	0.20254372390584882	0.22915597045335884	0.27690493826548657	0.49251204973087503	70.10881621925294	-834.6796112042275	7.648238857917532E-4	0.383750995368414	8.164463185044753E-4	9.512335410777761E-8	0.3881119390437963
81000000	-9507.401164847894	-8674.722391092339	-832.6787737555554	-8508.66875773674	65.62572220827903	756.862836926902	0.19283445148856349	0.16064294728487988	0.14250088859750937	0.9484536780497973	0.6100194086968007	0.9642788977342537	1.1412648355008945	1.5791926258099962	3.3888745285500144	0.3540120932813694	0.031189565576098224	0.16064294728487988	0.14250088859750937	0.9484536780497973	0.6100194086968007	0.9642788977342537	1.1412648355008945	1.5791926258099962	3.3888745285500144	0.3540120932813694	0.031189565576098224	6.649316130413268	0.29871679180651406	0.2007821860904091	0.20562322640676217	0.2948777956963152	0.4427917622282769	61.16981276431356	-823.4967557123535	6.698171639865171E-4	0.3650477751715743	6.779596062275554E-4	7.503879648677429E-8	0.3973359758180712
81100000	-9512.704068667626	-8684.637446674982	-828.0666219926442	-8518.146939097187	47.78320627939648	675.7645878667638	0.24492016815985798	0.3727063099956388	0.2560091253839558	0.277808315641074	1.1658040813101702	1.3601439007811922	4.794215858731336	0.23607259144996276	2.129970622276003	0.6112313538418118	0.1262747250542588	0.3727063099956388	0.2560091253839558	0.277808315641074	1.1658040813101702	1.3601439007811922	4.794215858731336	0.23607259144996276	2.129970622276003	0.6112313538418118	0.1262747250542588	6.670754674627429	0.2915482343514021	0.21474271697498562	0.2056044095986414	0.2881046390749714	0.5875465656724961	64.8458348911402	-816.111180839004	9.042567470203193E-4	0.44454379892008145	8.461274683389733E-4	1.7675530250429799E-7	0.46044968561689786
81200000	-9525.052401350124	-8696.30743029414	-828.7449710559827	-8529.39653908592	44.89248506673728	640.9968694774029	0.19232411773612784	0.37414072654160724	0.5899924513808721	1.374555881069457	3.3474683022565617	1.8090119596569239	2.2867814980633647	0.12235029490967857	6.02915293753268	0.45556574576967807	0.6633972116917428	0.37414072654160724	0.5899924513808721	1.374555881069457	3.3474683022565617	1.8090119596569239	2.2867814980633647	0.12235029490967857	6.02915293753268	0.45556574576967807	0.6633972116917428	6.51223748331121	0.30760759003007765	0.2020589647617745	0.20222880613317692	0.2881046390749714	0.43836621270087717	57.630090448816645	-811.462697876635	8.344086475762368E-4	0.3964943455382247	8.80416675894228E-4	1.044487108594426E-7	0.3855389959601921
81300000	-9526.494919048424	-8682.762526757851	-843.7323922905723	-8518.778914163435	51.37001381766687	757.5391190326557	0.14150620233513891	0.14449634281055743	0.1422365622813486	0.47330906250186777	1.4583603695218241	0.9631325615166483	0.44904008229382414	0.8603980092071072	2.0295147554749104	0.46926136808567376	0.09408768437180988	0.14449634281055743	0.1422365622813486	0.47330906250186777	1.4583603695218241	0.9631325615166483	0.44904008229382414	0.8603980092071072	2.0295147554749104	0.46926136808567376	0.09408768437180988	6.865074416098128	0.32268099350066487	0.2020589647617745	0.2061004537153973	0.2691595880221638	0.4940309340327565	61.88735317652464	-836.0961289743867	8.283405978007028E-4	0.3644157201549524	7.590593037030285E-4	7.906987962946306E-8	0.35049418310190394
81400000	-9503.887535275806	-8676.894080820777	-826.993454455028	-8509.325410252914	41.825912784805425	632.528188678118	0.15462121164809925	0.2508440708833687	1.1313187818000796	1.5814131550498018	1.0040950885094742	0.34143410464707863	4.590810756663123	0.008125617651712625	6.54822143574071	1.161042669075743	0.08033913386194443	0.2508440708833687	1.1313187818000796	1.5814131550498018	1.0040950885094742	0.34143410464707863	4.590810756663123	0.008125617651712625	6.54822143574071	1.161042669075743	0.08033913386194443	6.7004941339034785	0.3119412763572584	0.2164087667527414	0.1958264752050003	0.2758234816850004	0.4906896456996225	60.440684989425755	-809.4219150388731	9.335377425467935E-4	0.44108706898575756	9.766784045482332E-4	1.988174994670455E-7	0.46366278716908665
81500000	-9484.174298538956	-8682.783806473759	-801.3904920651962	-8516.553107806943	44.05644726075307	603.9383863162681	0.1769800643208948	0.16630205912799084	0.4245929766715153	1.3945269455708131	0.08455199257790402	1.5945286896859008	2.9084417687917647	0.5540255646966267	4.557620341555998	0.5836483146938517	0.11812249717209507	0.16630205912799084	0.4245929766715153	1.3945269455708131	0.08455199257790402	1.5945286896859008	2.9084417687917647	0.5540255646966267	4.557620341555998	0.5836483146938517	0.11812249717209507	7.385855971980516	0.2971364558163696	0.2269979521300443	0.1958264752050003	0.28003911684858634	0.3919649096668407	47.92967457200007	-787.8226045567268	9.863557487564112E-4	0.5933054196739581	8.857620141912626E-4	2.5327684321571884E-7	0.543511008624056
81600000	-9499.862149687933	-8680.171000601747	-819.6911490861866	-8519.434483977833	46.67708184747479	651.9524000209095	0.13989917085941275	1.047001418989214	0.6572369075458527	1.8014991142249328	0.2600527851986155	1.927041740837155	0.06441186344004668	0.24136265241686378	3.520072250858535	1.0515544645213446	0.2137038609284677	1.047001418989214	0.6572369075458527	1.8014991142249328	0.2600527851986155	1.927041740837155	0.06441186344004668	0.24136265241686378	3.520072250858535	1.0515544645213446	0.2137038609284677	6.290007234636692	0.29469853370369475	0.2122050382523998	0.2200047479350643	0.2730916801088417	0.41143219818838145	53.97498914296568	-809.0810970673627	8.692200641237758E-4	0.27950184896007485	8.483001594450488E-4	1.7934070650112866E-7	0.47850151322960677
81700000	-9500.143879241557	-8686.52177353189	-813.6221057096674	-8519.98425881811	48.07954847902786	648.146071064523	0.12474427766814429	0.032517319152506455	0.05018338127255001	0.14393910373835692	0.2980119448911247	0.6629570576520408	0.6295907341719721	1.2284627422086827	2.299871456325052	1.0884432074419743	0.11471925227393455	0.032517319152506455	0.05018338127255001	0.14393910373835692	0.2980119448911247	0.6629570576520408	0.6295907341719721	1.2284627422086827	2.299871456325052	1.0884432074419743	0.11471925227393455	6.877342157882997	0.29469853370369475	0.21563878673384448	0.19977896221783262	0.2898837173446288	0.45423310003334477	57.5623723302119	-806.4578949555415	8.076281546207785E-4	0.40300687041309613	8.424907152262251E-4	1.8305856620725148E-7	0.5008313144519463
81800000	-9551.863834375852	-8687.65557618809	-864.2082581877626	-8526.186382725306	50.3747756237745	803.248115730168	0.15038103965965743	0.23339488644878403	0.12715611917109895	0.042293081971332795	3.205238440027678	0.6928000917495784	0.27037675969610087	0.6434792996004284	2.964917309312592	0.12364522285909299	1.1365373326359163	0.23339488644878403	0.12715611917109895	0.042293081971332795	3.205238440027678	0.6928000917495784	0.27037675969610087	0.6434792996004284	2.964917309312592	0.12364522285909299	1.1365373326359163	6.029319754540684	0.3061380280903835	0.21214248084686654	0.21509727247933894	0.2666222185834118	0.5203716725479473	72.28486863133229	-855.3173532316175	6.829437782404534E-4	0.21179316502544246	6.857240776988185E-4	2.148439121278037E-8	0.21198673758790224
81900000	-9521.232683950024	-8687.261388108178	-833.9712958418464	-8520.102946300894	47.3798165222553	670.6291546438317	0.15192073091309807	0.022059546890643687	0.060330417057286895	3.0949873538376727	0.7495561988766485	1.5348790727863002	1.340013729326697	1.26457554860175	3.0481323406662306	1.0922291616480968	0.25174600276936204	0.022059546890643687	0.060330417057286895	3.0949873538376727	0.7495561988766485	1.5348790727863002	1.340013729326697	1.26457554860175	3.0481323406662306	1.0922291616480968	0.25174600276936204	6.923546910238195	0.29622855875837933	0.22387836383409437	0.2137507497510659	0.2661423276564613	0.4902502358612193	68.15632231054956	-820.3920468051916	9.260649560031979E-4	0.4899928797370588	8.219871052338839E-4	2.165779396138996E-7	0.5013990604693499
82000000	-9473.10354238209	-8690.247433508432	-782.8561088736587	-8529.421664111473	45.92445796261769	578.6827461361177	0.18801666640917547	0.359726698586802	0.05624888034195374	0.04059043091321258	2.2934375356915147	0.2800500644224923	1.4400323411658924	0.1889402672878237	2.5089669853298115	1.0011278730623858	0.169307268239562	0.359726698586802	0.05624888034195374	0.04059043091321258	2.2934375356915147	0.2800500644224923	1.4400323411658924	0.1889402672878237	2.5089669853298115	1.0011278730623858	0.169307268239562	5.86258759909598	0.30195093501637815	0.2049053375513777	0.2215487902932158	0.27159493713902927	0.48844835811330733	48.10439390638507	-773.243935187997	0.0011508071840300028	0.6321848099003974	0.001049802453930117	5.850485438390065E-7	0.654221885726806
82100000	-9508.934239762842	-8678.019232604915	-830.9150071579271	-8517.043718385316	43.9715923649844	663.7586223448594	0.15600439693194587	0.16225075285362045	1.3502388571111522E-4	1.391307966829917	0.82209099657567	0.25697151326011264	2.0581456833833456	0.28094360436766797	2.11928857466088	0.3051471881811152	0.22724415226251837	0.16225075285362045	1.3502388571111522E-4	1.391307966829917	0.82209099657567	0.25697151326011264	2.0581456833833456	0.28094360436766797	2.11928857466088	0.3051471881811152	0.22724415226251837	5.912831906426668	0.27658294143534534	0.22028179910055867	0.2215487902932158	0.2815864691708811	0.5269605006322325	62.0839958327869	-822.8277457330589	7.858422434488559E-4	0.47785053973744124	8.040780143041457E-4	1.3828414359659208E-7	0.47227402675094604
82200000	-9488.038933950282	-8669.594835757238	-818.4440981930443	-8505.774687985715	45.88871139189319	659.4524660775387	0.2719972198777769	0.670176344902857	0.07266151336227811	0.554768314340072	0.46355927954663734	0.45380528493667543	1.7363891977179586	0.6703230072040074	2.5970099173203165	0.0343675534284255	0.19017724841691816	0.670176344902857	0.07266151336227811	0.554768314340072	0.46355927954663734	0.45380528493667543	1.7363891977179586	0.6703230072040074	2.5970099173203165	0.0343675534284255	0.19017724841691816	6.35803768264749	0.308061851333068	0.21810667900930908	0.2127321565030568	0.2610993131545671	0.5002058351855665	64.55821058355929	-810.7302507908265	8.031934808976711E-4	0.46593190971008547	8.13929115661465E-4	1.425626336317465E-7	0.4621474433000809
82300000	-9501.046667813442	-8668.232352547695	-832.8143152657465	-8502.135938181415	47.84175894877835	688.8961604634387	0.13001572828925895	0.8641698768991708	0.2271619039317698	0.8703806217828638	0.4532938591517625	0.959242531810748	0.1763368533367305	0.09746997271183255	3.9445070853526607	0.9857262255166375	0.1043505210338919	0.8641698768991708	0.2271619039317698	0.8703806217828638	0.4532938591517625	0.959242531810748	0.1763368533367305	0.09746997271183255	3.9445070853526607	0.9857262255166375	0.1043505210338919	7.154443759686383	0.2831980808787674	0.21561502113437286	0.2213427623986935	0.2798441355881672	0.5177196053392512	62.30229823964504	-823.2198153698441	8.222255980269458E-4	0.4526607602556216	8.107672993173009E-4	1.4551023167141213E-7	0.4684605470063225
82400000	-9481.414883955846	-8672.840544757975	-808.5743391978705	-8508.501847204134	50.3022277404755	657.5078996707598	0.12027423407889483	0.03099613178395632	0.22515352322004534	0.6645553491930819	0.3807401295934952	1.076578004846876	3.778208392823952	0.4286740920666869	2.775773424490519	0.6545428414921195	0.6159420430644099	0.03099613178395632	0.22515352322004534	0.6645553491930819	0.3807401295934952	1.076578004846876	3.778208392823952	0.4286740920666869	2.775773424490519	0.6545428414921195	0.6159420430644099	6.718982422201188	0.3113048926991663	0.21561502113437286	0.20131228884272542	0.2717677973237364	0.5236296898724038	44.81125343878737	-796.9335303600955	0.0010024690211169842	0.45857827737274837	9.021445497484976E-4	2.328968132548198E-7	0.49051494651785066
82500000	-9459.398410599566	-8654.698219626773	-804.7001909727924	-8489.293479706086	52.8677809071394	645.8684809137143	0.340941122529753	0.2033782591536321	0.05781854890628665	0.44092955223796476	5.020833889670205	0.3321452955912667	0.9820068806418207	0.0338015856743999	1.3297876147745216	0.3677631979028737	0.42013930992937293	0.2033782591536321	0.05781854890628665	0.44092955223796476	5.020833889670205	0.3321452955912667	0.9820068806418207	0.0338015856743999	1.3297876147745216	0.3677631979028737	0.42013930992937293	6.143874435390189	0.29554298065322454	0.2183917738369315	0.21063802049202934	0.2754272250178156	0.4897890222623646	55.505823051124345	-794.7655117498338	9.676966456295023E-4	0.6035540405708475	8.883430787797578E-4	3.261214066387126E-7	0.6070963011632676
82600000	-9484.997112538258	-8666.432204237693	-818.564908300564	-8508.88482629691	45.688328395722145	657.6373554920318	0.1836374304796741	0.33266937293260535	0.01755198241537868	0.6968124492696505	0.8577112014969163	0.9962044803747332	0.44689869777075203	1.574069328913377	1.8452729595917143	0.40884760218922395	0.2161990018252257	0.33266937293260535	0.01755198241537868	0.6968124492696505	0.8577112014969163	0.9962044803747332	0.44689869777075203	1.574069328913377	1.8452729595917143	0.40884760218922395	0.2161990018252257	5.728595745419085	0.29809994642555193	0.19994059368233416	0.22307772336013926	0.27888173653197557	0.5500794234586753	56.68321355346126	-810.7952480484299	7.947850633237358E-4	0.4956617660580402	8.585662795473171E-4	2.1478514803640932E-7	0.5475554895979848
82700000	-9534.28363252354	-8699.743701916419	-834.539930607122	-8533.485891728616	46.60497773103357	696.4458879403984	0.1828697070497063	0.35156442140106975	0.07259454462898665	0.7491357712917326	0.8386664407151796	0.4621992226082158	1.3909722580941555	0.579900625209903	2.1294229994959886	0.3077364351317653	0.20749383177705355	0.35156442140106975	0.07259454462898665	0.7491357712917326	0.8386664407151796	0.4621992226082158	1.3909722580941555	0.579900625209903	2.1294229994959886	0.3077364351317653	0.20749383177705355	6.026193688053188	0.32077640047995126	0.20706179082982668	0.20288986670900516	0.26927194198121773	0.4974700535457361	67.37973153053761	-828.0715099795292	7.033227637597623E-4	0.22361962849190847	8.243709085443148E-4	1.9107988114398221E-7	0.6111547988162827
82800000	-9532.32356725859	-8689.724818047853	-842.5987492107384	-8520.89427080216	52.46805394313689	731.6107046933771	0.14073236926524582	0.035446198141760164	0.08564014737067487	0.35298635351569774	0.3644098845840511	0.5080500128256284	0.4016072325401756	1.0045306412325703	2.847670898082897	0.060606463859671826	0.18102518738037773	0.035446198141760164	0.08564014737067487	0.35298635351569774	0.3644098845840511	0.5080500128256284	0.4016072325401756	1.0045306412325703	2.847670898082897	0.060606463859671826	0.18102518738037773	7.671595489335857	0.29479967432208687	0.21832570523418318	0.2115015771904827	0.275373043253248	0.4108373803077862	60.501712880466336	-835.2958372440925	8.104634968769687E-4	0.6369140587395257	7.494740404625261E-4	2.3824836309661032E-7	0.634597445351338
82900000	-9466.688326117208	-8676.185644909283	-790.5026812079251	-8510.073826100901	48.15597100934851	612.6683585827669	0.22840067649971493	0.1413266727287213	0.09530810258206954	0.06514631183294228	0.4411771525646174	0.7466683790529963	0.27710643058129464	0.08773732408167213	1.1486787348940888	0.40832276512594967	0.6407867231394024	0.1413266727287213	0.09530810258206954	0.06514631183294228	0.4411771525646174	0.7466683790529963	0.27710643058129464	0.08773732408167213	1.1486787348940888	0.40832276512594967	0.6407867231394024	6.610536462212058	0.29547440250349755	0.20662292771298793	0.21050031928185942	0.2874023505016559	0.42137743017462853	49.360791771228165	-785.8218275608523	9.009510077753886E-4	0.5607896060473093	8.776521904858756E-4	3.009500481788485E-7	0.6022498876581565
83000000	-9464.148801989457	-8671.39042534446	-792.758376644997	-8506.6293483278	45.71373351067434	565.6391518513744	0.12494980291586857	0.3140417898481245	1.0988450461723895	0.596138930509847	1.782556814290971	2.3525496504919206	0.01205115512029606	0.7991675186764533	2.5703228685407424	1.0688621676489425	0.18984761967453834	0.3140417898481245	1.0988450461723895	0.596138930509847	1.782556814290971	2.3525496504919206	0.01205115512029606	0.7991675186764533	2.5703228685407424	1.0688621676489425	0.18984761967453834	6.491347726991909	0.31413052921499507	0.19397788077651676	0.20921849919422486	0.28267309081426406	0.46463355403574624	38.848325158929924	-781.1701078904662	0.0010096864448579782	0.4635890806834426	0.0010229240487617118	2.387671524628879E-7	0.46671299771194247
83100000	-9494.77749369203	-8685.623788739958	-809.1537049520713	-8524.357992975169	63.45567349749085	678.3395940624252	0.15319656335705836	0.08985793339273933	0.06231675417987505	0.7583983509371819	0.16203672930385482	2.6392305613914817	0.7456862090610212	0.11431941132750852	5.156974788192504	0.6422685440048039	0.8153390297957552	0.08985793339273933	0.06231675417987505	0.7583983509371819	0.16203672930385482	2.6392305613914817	0.7456862090610212	0.11431941132750852	5.156974788192504	0.6422685440048039	0.8153390297957552	6.793840159748491	0.29528891527838425	0.22042056463168927	0.209193565487246	0.2750969546026812	0.46955348827972165	47.74464967345127	-796.5840890046518	9.834362348507815E-4	0.6501811243817334	7.93684607496583E-4	4.5093799511698723E-7	0.7053098653293125
83200000	-9535.7643335049	-8697.91431056841	-837.8500229364887	-8530.343095966178	44.44810477785691	684.0352984630817	0.16231468086025624	0.2186179530793866	0.17718135732803691	0.48716970800725085	0.529806558980388	1.0540236328705053	1.85418876154895	0.24793164547883123	2.94868478458806	0.3827258697306299	0.7631998061021186	0.2186179530793866	0.17718135732803691	0.48716970800725085	0.529806558980388	1.0540236328705053	1.85418876154895	0.24793164547883123	2.94868478458806	0.3827258697306299	0.7631998061021186	6.895370650045527	0.30303604716350574	0.20692801725959667	0.2109209293239245	0.27911500625297375	0.6504540152522431	55.46409311931414	-829.3122868347158	7.744399607773578E-4	0.25547451148726225	8.193815093123841E-4	4.077595577709018E-8	0.25992355213097046
83300000	-9525.944875328893	-8693.848683490416	-832.0961918384763	-8535.645644974604	48.67335868096684	723.1312211995823	0.13046655884572755	0.35310384821934276	0.23970430059417733	0.6853542358468193	0.2730153788154353	0.21042799613940083	0.7249939029916095	0.07599977937202064	2.8841050964854467	1.1294041524275962	0.6862273079648147	0.35310384821934276	0.23970430059417733	0.6853542358468193	0.2730153788154353	0.21042799613940083	0.7249939029916095	0.07599977937202064	2.8841050964854467	1.1294041524275962	0.6862273079648147	6.686185806866694	0.30303604716350574	0.20692801725959667	0.2109209293239245	0.27911500625297375	0.4909100777492889	65.37932936027553	-824.618440616774	7.716915120793842E-4	0.3022277274006483	7.539651050099446E-4	4.782435016206655E-8	0.28649653714434914
83400000	-9474.192421428957	-8678.340771677744	-795.8516497512132	-8519.502086108607	45.87129719659186	611.6568039720033	0.14967134769002244	0.5646663432571817	0.03815203468070993	0.2954679794175269	2.0124178341044208	1.4118984395725365	2.1424675876516193	0.09772519667740555	5.009672944951294	1.0244482025733137	0.23750703590134797	0.5646663432571817	0.03815203468070993	0.2954679794175269	2.0124178341044208	1.4118984395725365	2.1424675876516193	0.09772519667740555	5.009672944951294	1.0244482025733137	0.23750703590134797	6.2694645874748	0.301838165970752	0.21097294721093302	0.21211881051667822	0.2750700763016374	0.5512601769794998	45.481896798526236	-782.4393292683789	9.250066543862269E-4	0.4619741657957099	9.150776004005841E-4	9.078206274927998E-8	0.3206544773124713
83500000	-9518.446165489204	-8688.051663660479	-830.3945018287255	-8524.995318241208	46.72314278184061	679.3942122850109	0.10995370021071783	1.2084389221708818	0.0010040346547670006	0.8042136620067144	0.8995693388957824	2.6959121348643027	0.24075167016553575	2.4282643799824575	6.1444623925930335	1.3212130858173514	0.23482437713003101	1.2084389221708818	0.0010040346547670006	0.8042136620067144	0.8995693388957824	2.6959121348643027	0.24075167016553575	2.4282643799824575	6.1444623925930335	1.3212130858173514	0.23482437713003101	6.526367974227084	0.29077582575026795	0.21097294721093302	0.21621593546917806	0.2820352915696216	0.5088304472125581	58.76627865595708	-814.1109053876539	8.450804228989919E-4	0.28828668640308436	8.548292829858173E-4	5.982528127232221E-8	0.28775678429213175
83600000	-9522.832945352997	-8678.740179469107	-844.0927658838898	-8510.502432897376	54.187884622362645	756.8723312159324	0.16785339015248732	0.5982586621709727	0.163690977582041	1.0639063234978705	0.19620711671226856	1.563205407999385	0.354647241541407	0.6223272507037784	4.351024830435401	0.06663933524755593	0.4599061863175847	0.5982586621709727	0.163690977582041	1.0639063234978705	0.19620711671226856	1.563205407999385	0.354647241541407	0.6223272507037784	4.351024830435401	0.06663933524755593	0.4599061863175847	7.03048864271841	0.29414474495780707	0.20746135062919663	0.19471508151648106	0.3036788228965158	0.6149360981484003	56.19221766283982	-833.8589091753305	7.74624193715581E-4	0.47742368044347616	7.495137023020744E-4	8.012950842026361E-8	0.36912081995701634
83700000	-9547.064358588757	-8707.860343668965	-839.2040149197936	-8539.598112549773	47.356509583013086	749.9933091417491	0.19146641015966193	0.21839483145616576	0.08670705662480616	0.1907831715028722	0.12790897953045255	1.165065461486248	0.27986543390802815	0.29869054081695195	1.406595652205442	0.0743546380942369	1.0421550669551658	0.21839483145616576	0.08670705662480616	0.1907831715028722	0.12790897953045255	1.165065461486248	0.27986543390802815	0.29869054081695195	1.406595652205442	0.0743546380942369	1.0421550669551658	6.446048716211088	0.31133427949720704	0.1960708186122684	0.20423646084248537	0.2883584410480398	0.448759251462096	66.15224088395424	-836.2976547310568	7.741785256587789E-4	0.024611724014171138	8.058878986841468E-4	7.876986262665639E-8	0.3467303681275138
83800000	-9500.027983757704	-8690.463830597273	-809.5641531604299	-8527.483815377947	39.964453147507385	606.0427126400674	0.12573177305888078	0.0491742763559198	0.32792443675318056	0.7012485461874648	1.1038858574549648	1.7583104008763326	0.37824675594951146	0.8729395944660442	3.182503174892042	0.49702284069441416	0.14274865155502592	0.0491742763559198	0.32792443675318056	0.7012485461874648	1.1038858574549648	1.7583104008763326	0.37824675594951146	0.8729395944660442	3.182503174892042	0.49702284069441416	0.14274865155502592	5.648126469299932	0.30794336216123985	0.20003589759980522	0.20423646084248537	0.2877842793964703	0.40254888830837293	58.52147128883209	-800.1822036596354	8.312903212866312E-4	0.4034452093975712	8.862026446586147E-4	9.206021553114309E-8	0.35146121026616006
83900000	-9501.707411285503	-8679.67173584032	-822.0356754451816	-8514.40560747953	45.4427726135856	646.2676473337749	0.16533100637171042	0.11064912735247422	0.03356112392182161	0.21491824103632232	0.8446907882807616	0.4869229160359194	1.5171049046097476	1.9689177086815866	4.038787349169696	0.38661185620591765	0.7318729772755519	0.11064912735247422	0.03356112392182161	0.21491824103632232	0.8446907882807616	0.4869229160359194	1.5171049046097476	1.9689177086815866	4.038787349169696	0.38661185620591765	0.7318729772755519	5.860227936753304	0.29686442733508006	0.2171841867304555	0.2121933689889446	0.2737580169455206	0.4569051284823214	56.67419594447369	-811.2608125059567	8.525547090453738E-4	0.4847700571514345	8.352377933691123E-4	8.100880205397703E-8	0.3410446255442994
84000000	-9491.532652328577	-8677.17816198406	-814.3544903445166	-8510.988512586775	45.17706970032884	629.237730818232	0.16729923162023097	0.10909930131361985	0.20448767171464602	0.6815364061813851	0.9312385593185505	0.40260233879543555	2.6508123590745565	0.21734111553952934	1.5939451531541609	0.371952841165722	1.3237114024225323	0.10909930131361985	0.20448767171464602	0.6815364061813851	0.9312385593185505	0.40260233879543555	2.6508123590745565	0.21734111553952934	1.5939451531541609	0.371952841165722	1.3237114024225323	5.934358311691625	0.29686442733508006	0.21241257575555464	0.21696497996384545	0.2737580169455206	0.47595161070410386	55.81966462833883	-805.5136839318959	9.208179571099424E-4	0.4218413638621756	8.317910855126079E-4	1.4792714750606672E-7	0.4384136110067216
84100000	-9501.794794099911	-8673.567168719646	-828.2276253802654	-8513.61219145344	44.56971176068392	651.3445448139236	0.16231527823246786	0.10471402660783646	0.41495746246079446	1.707524047396566	1.5503084712337554	0.7235500830575492	0.44853151108110983	0.5720183050856021	3.7327642433838863	0.4006907295670089	2.4758296939794184	0.10471402660783646	0.41495746246079446	1.707524047396566	1.5503084712337554	0.7235500830575492	0.44853151108110983	0.5720183050856021	3.7327642433838863	0.4006907295670089	2.4758296939794184	7.191022165389521	0.31188574822095805	0.19860196929914917	0.21687977331811847	0.2726325091617751	0.48441158915817867	55.72494038234738	-815.0096747117282	8.892762011113028E-4	0.5317011577487687	8.732196949552518E-4	2.0956349530115505E-7	0.5390087104605096
84200000	-9472.089472105754	-8666.38641128233	-805.7030608234231	-8506.746670378297	44.69796673278639	608.4737450226428	0.18024725797675867	0.4373418283795739	0.1774956281528934	0.7620266188500997	0.10709717281936232	1.084366919744626	2.4227078447958332	0.19169558531633765	4.7566723990819195	0.16249720501247555	1.7363950376116042	0.4373418283795739	0.1774956281528934	0.7620266188500997	0.10709717281936232	1.084366919744626	2.4227078447958332	0.19169558531633765	4.7566723990819195	0.16249720501247555	1.7363950376116042	6.100538805666918	0.2985534315047913	0.19026897345971394	0.21687977331811847	0.2942978217173771	0.6118032920737493	51.6270915789571	-793.0360453570262	8.739068103473254E-4	0.5398528622596003	8.495982852340291E-4	2.4388508676715627E-7	0.5561400467846743
84300000	-9484.36287395759	-8677.536548563792	-806.8263253937981	-8515.084870237852	44.135081417373996	597.1737070088969	0.3228802542261277	0.44798091903941106	0.06372340642988343	0.4082249377962408	1.6830264738824845	0.07356711853229561	1.7443211827724474	0.6300843741184867	1.7324343057358398	0.06967409031035117	0.1945399905488084	0.44798091903941106	0.06372340642988343	0.4082249377962408	1.6830264738824845	0.07356711853229561	1.7443211827724474	0.6300843741184867	1.7324343057358398	0.06967409031035117	0.1945399905488084	7.042478508553117	0.2856295603526774	0.213001125209011	0.20929064281589488	0.2920786716224175	0.6119635111380544	54.13840667720321	-799.3465604744492	9.096184034003268E-4	0.44455201587165866	8.729481640242331E-4	1.791684005981558E-7	0.4670809917452722
84400000	-9481.983302819574	-8689.704202760235	-792.2791000593394	-8518.537391995607	40.368441237850334	553.3379516957643	0.24750248943015288	0.11367285461298061	0.22094081360278092	0.3596869745723302	0.22218125071590802	0.1454918970524918	1.294780418064119	0.07280901009148787	2.223391624135648	0.1096490097500997	0.5220057688761901	0.11367285461298061	0.22094081360278092	0.3596869745723302	0.22218125071590802	0.1454918970524918	1.294780418064119	0.07280901009148787	2.223391624135648	0.1096490097500997	0.5220057688761901	6.452706240810741	0.31445583566091173	0.20385436428870757	0.20118767533936338	0.2805021247110182	0.6026300330006381	49.42565667024949	-786.2135165293048	9.982923730627374E-4	0.506681997381115	0.0010113078053955596	2.42458815122826E-7	0.4875907949116163
84500000	-9532.819043868802	-8665.877627014368	-866.9414168544328	-8503.801493491166	53.65872045791397	787.8195109101756	0.16412034221543326	0.10811249948419109	0.15322481419617354	1.6175362569612959	0.6909147100223016	1.4821864702118648	0.18081607705027442	0.5508664764616564	2.9420627852129897	0.14759006668753707	1.232272949224147	0.10811249948419109	0.15322481419617354	1.6175362569612959	0.6909147100223016	1.4821864702118648	0.18081607705027442	0.5508664764616564	2.9420627852129897	0.14759006668753707	1.232272949224147	5.179747211233724	0.29700492072968226	0.1976512870293339	0.22484166752996645	0.2805021247110182	0.6558720499244202	71.40421765329802	-856.9542383735644	7.214090640381204E-4	0.6025282108208101	7.398441828279672E-4	2.5880853597401754E-7	0.6860123567028933
84600000	-9481.108438241348	-8674.25102359223	-806.857414649119	-8512.611297425618	57.30331638517373	653.7081774983761	0.20725486144163383	0.419985601660452	0.01688267821998012	0.1536079402244886	0.45076257168181355	0.0480815807213948	3.8899410997474058	0.026397630830939267	2.741152950748998	0.26930317362544315	0.3928007262006256	0.419985601660452	0.01688267821998012	0.1536079402244886	0.45076257168181355	0.0480815807213948	3.8899410997474058	0.026397630830939267	2.741152950748998	0.26930317362544315	0.3928007262006256	5.927763131532599	0.30009450437300034	0.1998027604690619	0.22084824819276003	0.27925448696517857	0.5200898588795507	56.71560703568435	-797.5760470084278	9.573498115370489E-4	0.5645047598997025	8.593060979347159E-4	3.9906785990698435E-7	0.6459994848469668
84700000	-9457.376350017632	-8652.742910316367	-804.6334397012658	-8495.2368513194	48.574803358092375	633.0626117393742	0.1760789958254063	0.07853599110105597	0.04744417340235172	0.9882654934568975	0.02286339084839251	1.047799317033611	1.4153208792005612	0.3790446145766084	3.927696534386238	0.20886890825194987	0.9195097553439074	0.07853599110105597	0.04744417340235172	0.9882654934568975	0.02286339084839251	1.047799317033611	1.4153208792005612	0.3790446145766084	3.927696534386238	0.20886890825194987	0.9195097553439074	5.69126288336739	0.30009450437300034	0.20726996237443054	0.2129288393533325	0.2797066938992375	0.6392275465420574	53.481279043671606	-794.0914128784982	9.749961491284224E-4	0.7121411303192694	8.747324806508699E-4	5.748658960197722E-7	0.8203234201941757
84800000	-9517.032374301645	-8680.835098126508	-836.1972761751374	-8515.378619797591	55.6236308769453	741.5008153996799	0.16124986662425322	1.4263327476941734	0.20065171128648887	0.08296024840118084	0.29609082800947956	0.6656111896027233	1.4015846730197778	0.005735750223939741	1.585343212695592	0.034412181809312326	2.041386519873131	1.4263327476941734	0.20065171128648887	0.08296024840118084	0.29609082800947956	0.6656111896027233	1.4015846730197778	0.005735750223939741	1.585343212695592	0.034412181809312326	2.041386519873131	5.866032731157981	0.30898956485320783	0.20946469707147727	0.2160592848801673	0.2654864531951486	0.5357400231820558	67.33807227873308	-827.8288863220118	7.970956542882481E-4	0.483650064450847	7.506537421319291E-4	4.321711087150957E-7	0.8259684787424958
84900000	-9532.885485909652	-8689.971387200856	-842.9140987087956	-8528.951183248506	56.81064443298663	735.0680266576501	0.1774399530184417	0.5530612239031607	0.1587559747053741	0.030621149149269847	0.7628668662539144	0.8561742109417718	2.9655168393257645	0.1757764589047308	4.562314989404781	0.1990214069957444	1.6059151678262003	0.5530612239031607	0.1587559747053741	0.030621149149269847	0.7628668662539144	0.8561742109417718	2.9655168393257645	0.1757764589047308	4.562314989404781	0.1990214069957444	1.6059151678262003	6.442801408351107	0.2992019823608124	0.2096328446368806	0.21761324113989788	0.2735519318624101	0.43936615369657567	61.165337530529555	-830.7114560327665	7.69095951492536E-4	0.4561244095278645	6.571204868619079E-4	2.4490971629785084E-7	0.6900763288535255
85000000	-9527.383947279808	-8687.194824591337	-840.1891226884708	-8523.065007473295	55.86765192129317	764.9045909500036	0.17465370186991153	0.024094401064314715	0.07499105603693502	0.1891491890804299	1.0376498617020335	0.224891066533137	1.846258363705444	0.06325147499769473	1.6417808501110163	0.3672926655981902	0.1297877603832494	0.024094401064314715	0.07499105603693502	0.1891491890804299	1.0376498617020335	0.224891066533137	1.846258363705444	0.06325147499769473	1.6417808501110163	0.3672926655981902	0.1297877603832494	6.517920671134168	0.31878300544752336	0.20727535073596365	0.2019701768959462	0.27197146692056784	0.5370518961601649	74.30328263857682	-834.7194882081566	7.781992489700012E-4	0.23434538282981904	7.732541930024033E-4	3.5627377353576663E-7	0.7534331703856196
85100000	-9547.687430192284	-8705.503880296863	-842.1835498954213	-8529.998084186802	52.07692159873895	719.3055504199524	0.22362416977724023	0.5525997783838739	0.09575147035185316	8.382477326117579	0.23574124123773604	0.8145765772455832	0.7400723839985861	0.17479194586821428	5.065474845803916	0.3546758452548311	0.1705109408432095	0.5525997783838739	0.09575147035185316	8.382477326117579	0.23574124123773604	0.8145765772455832	0.7400723839985861	0.17479194586821428	5.065474845803916	0.3546758452548311	0.1705109408432095	6.81760236587344	0.2823598747625632	0.20793711195152398	0.2083649378271583	0.3013380754587557	0.5106845998741086	60.753367438088304	-824.9450119460961	8.189431762260281E-4	0.5079260241372887	7.539960508079845E-4	3.674467549410329E-7	0.7338076007586496
85200000	-9514.343825274012	-8676.35967536222	-837.9841499117923	-8512.863463497317	46.518154970512185	696.3775663000978	0.21268890408939367	0.10326491414745197	0.009120086125102221	0.08497649301536529	0.6843220566725869	0.49430028823490796	2.931600512524296	0.7964772073703641	3.863267493433083	0.00921611422731088	2.21311890846836	0.10326491414745197	0.009120086125102221	0.08497649301536529	0.6843220566725869	0.49430028823490796	2.931600512524296	0.7964772073703641	3.863267493433083	0.00921611422731088	2.21311890846836	6.446843021901817	0.2865798806680654	0.22787303550830282	0.2173695380257267	0.26817754579790626	0.42887165626469187	64.8109227926225	-827.1416250653937	6.980154146449251E-4	0.3495638017669519	7.439541685925337E-4	3.0912986687695667E-7	0.802351449237337
85300000	-9507.337097655396	-8684.179537728287	-823.1575599271083	-8522.82015919299	45.25735803603406	641.8386950491421	0.15587469806287985	0.504241151117313	0.10688595775479542	0.6913843523644982	1.7967905133697442	1.541848461322855	0.07574276587204883	0.26552146824700856	3.797400674536338	1.968108209506884	0.13137773305660164	0.504241151117313	0.10688595775479542	0.6913843523644982	1.7967905133697442	1.541848461322855	0.07574276587204883	0.26552146824700856	3.797400674536338	1.968108209506884	0.13137773305660164	5.482083118693376	0.2952896432182116	0.22787303550830282	0.19672931532508736	0.2801080059483994	0.5409914042085189	53.31470235658778	-812.2541145731603	8.741233062909033E-4	0.3608228792658077	8.010045678567834E-4	4.5333680939465417E-7	0.7618806484301189
85400000	-9493.207036027357	-8675.326081885349	-817.8809541420088	-8511.845140974727	46.235939151396536	646.9456459222838	0.12208712799720459	0.05173607629753023	0.08307392802079121	2.9645690275981726	1.0574482990381555	0.8214915816277742	0.8700173938071505	0.06646441468386644	3.9048955683262414	0.8925267985985775	0.49902425082904395	0.05173607629753023	0.08307392802079121	2.9645690275981726	1.0574482990381555	0.8214915816277742	0.8700173938071505	0.06646441468386644	3.9048955683262414	0.8925267985985775	0.49902425082904395	7.124976590542954	0.3036726934202028	0.20290244241746577	0.20563251194300294	0.28779235221932964	0.5101815521044027	62.62563740685578	-805.434534930785	8.324050877543516E-4	0.49220649979134173	7.884969263347813E-4	4.073657434502698E-7	0.7543496450988452
85500000	-9526.378794282033	-8710.980075728647	-815.3987185533863	-8547.008768723856	42.56000978590198	647.0172828644615	0.1404846812124355	0.24096699486964399	0.250797439867189	0.5355435307916694	0.4408638944296562	2.328744115703575	1.37386750249848	0.810548415589742	3.1885738760092903	0.7399825967693294	0.47028327821812116	0.24096699486964399	0.250797439867189	0.5355435307916694	0.4408638944296562	2.328744115703575	1.37386750249848	0.810548415589742	3.1885738760092903	0.7399825967693294	0.47028327821812116	6.905509728696289	0.29468541167848394	0.2128004690186559	0.20856020604186562	0.2839539132609957	0.5088739121883255	55.96457540571496	-804.8920117869036	9.106064701294251E-4	0.25901588299020145	9.47357079159292E-4	5.126076378152004E-7	0.7484838320270867
85600000	-9520.95843186129	-8698.019499543607	-822.9389323176844	-8533.674110785374	44.32719863039494	678.2784700345921	0.1935965152109429	0.09134096225602822	0.07912949218941279	0.4169023951609907	0.039656966241011914	0.30411043928144893	0.9998469602511456	0.20648088266898268	5.6064236087545485	0.17337220140775522	0.7461685561812418	0.09134096225602822	0.07912949218941279	0.4169023951609907	0.039656966241011914	0.30411043928144893	0.9998469602511456	0.20648088266898268	5.6064236087545485	0.17337220140775522	0.7461685561812418	6.052308084769116	0.29468541167848394	0.20504921991635006	0.21631145514417147	0.2839539132609957	0.5140063420345188	53.548845025812156	-814.9828725289774	8.03960683069471E-4	0.2294155604932306	8.055373435992343E-4	3.676472923978051E-8	0.2388802870655639
85700000	-9507.064306106473	-8650.247445149904	-856.8168609565688	-8487.621805889356	61.357520948814646	778.7100279516193	0.11010163102004006	0.2542414078766925	0.2951369212538791	1.2427799379988311	0.0353068598423909	1.5239853070928477	0.5064963945553851	0.5436578923976073	4.555011890032503	0.40341163554026427	0.7192771571088322	0.2542414078766925	0.2951369212538791	1.2427799379988311	0.0353068598423909	1.5239853070928477	0.5064963945553851	0.5436578923976073	4.555011890032503	0.40341163554026427	0.7192771571088322	6.679173935837061	0.29468541167848394	0.2022602585136071	0.2172563874907551	0.28579794231715505	0.5161643968449724	71.94493282508418	-845.3986224900482	7.122969059000156E-4	0.5608989365725473	6.83368774359154E-4	2.0210455154738573E-7	0.6192980161179904
85800000	-9447.200083773354	-8672.493940255374	-774.7061435179801	-8509.580272886338	49.88038544580026	581.3847708662081	0.2338682553531038	0.23252085161872868	0.06210489187604662	0.2489325862428208	0.166554150511496	0.5432676156152288	1.6232250974452769	0.009080757279629662	2.3226566370513098	0.038425546090934556	0.785624722617409	0.23252085161872868	0.06210489187604662	0.2489325862428208	0.166554150511496	0.5432676156152288	1.6232250974452769	0.009080757279629662	2.3226566370513098	0.038425546090934556	0.785624722617409	6.248069249489173	0.29584812557703905	0.20396650293463317	0.21038495883562264	0.2898004126527063	0.4368415145985508	40.98814040307376	-767.8553372569523	0.0010083051237532892	0.6354817938410474	9.247957538474216E-4	4.8060003492628E-7	0.690607472841487
85900000	-9488.11216247772	-8682.072639775966	-806.0395227017544	-8512.638187434883	45.495002244508555	626.6724518037735	0.18288239549339916	0.8805306167731456	0.30076347587791685	0.3545426751804133	2.211636330733769	0.9592953751923065	2.1851173679417184	0.7802030194585957	4.080194242219633	0.5360662227069707	0.984665480480861	0.8805306167731456	0.30076347587791685	0.3545426751804133	2.211636330733769	0.9592953751923065	2.1851173679417184	0.7802030194585957	4.080194242219633	0.5360662227069707	0.984665480480861	5.502594490772525	0.29226737651277657	0.21803089825303165	0.21174983986890522	0.2779518853652877	0.46195196797001764	50.649714897714055	-793.3525077009325	8.354607929206421E-4	0.2979885079662814	8.124982741424522E-4	2.1596209702457597E-7	0.5719525866914174
86000000	-9486.43588744637	-8662.202072601756	-824.233814844614	-8491.175739251048	54.058033776024885	709.8888356467704	0.20525347774469604	0.8216704479861011	0.024296319263659327	0.8088343418559809	0.03493592202462585	0.4465098038156217	0.7724449818149937	0.4455684509278187	0.9344401130467664	0.3306162386293831	0.5074533142880979	0.8216704479861011	0.024296319263659327	0.8088343418559809	0.03493592202462585	0.4465098038156217	0.7724449818149937	0.4455684509278187	0.9344401130467664	0.3306162386293831	0.5074533142880979	6.103358793916278	0.2831150159302412	0.21803089825303165	0.2179840874442318	0.2808699983724965	0.6759334165313075	60.608243641223176	-817.5452316207848	0.0010355993603707043	0.6659103007253386	8.685641731858782E-4	3.2942360594249213E-7	0.5821190917288345
86100000	-9527.709753874764	-8701.897916234124	-825.8118376406395	-8528.922533327826	44.57469043698307	666.2301771839179	0.3033887042926382	1.934410719067456	0.3056303367528711	0.46960821139674686	3.5045676489085094	0.36721292867122174	0.9232567997741127	0.0015526900183082154	2.348643225196221	0.6849859814527536	2.074321183247075	1.934410719067456	0.3056303367528711	0.46960821139674686	3.5045676489085094	0.36721292867122174	0.9232567997741127	0.0015526900183082154	2.348643225196221	0.6849859814527536	2.074321183247075	5.690096729745193	0.3054561372384635	0.20636964200894886	0.21318231268401697	0.2749919080685718	0.5092396771046925	49.95770780927298	-813.4553890106932	8.634248952658463E-4	0.4082998146537939	7.89208041879031E-4	1.1297509687583493E-7	0.40738705361136573
86200000	-9524.274871909229	-8672.849645019221	-851.4252268900066	-8509.326635562149	48.18725849064539	734.9374508492725	0.10854729318549618	0.6500368516215682	0.20541689536959334	0.08694611183619527	2.443120765678248	2.2222715982710093	0.19113624646869493	0.4580974583183473	7.009300730521342	1.223523565947096	0.7555549267990057	0.6500368516215682	0.20541689536959334	0.08694611183619527	2.443120765678248	2.2222715982710093	0.19113624646869493	0.4580974583183473	7.009300730521342	1.223523565947096	0.7555549267990057	6.040499770150468	0.30100695591430177	0.21108774724543192	0.19963952359789544	0.28826577324237196	0.49459397226206786	74.25249392812499	-834.9982739558562	8.777015816475985E-4	0.450843104454595	7.975124559397383E-4	1.363048778031432E-7	0.4419842181467707
86300000	-9544.51292653891	-8687.044440393001	-857.4684861459074	-8525.769681698328	62.60155403222752	813.3829257764387	0.08475056388114457	0.03176446687993706	0.08143703200399288	1.4661413448106018	0.1723117576123596	1.0429135732387973	0.724516132181017	0.12946432132893013	2.686820714648666	0.44992770465198983	0.27199948303363075	0.03176446687993706	0.08143703200399288	1.4661413448106018	0.1723117576123596	1.0429135732387973	0.724516132181017	0.12946432132893013	2.686820714648666	0.44992770465198983	0.27199948303363075	7.072913841889965	0.29602573648639885	0.21186167633712155	0.2146020807784212	0.27751050639805946	0.5549936752020994	70.49509573587243	-849.3265949155548	6.781775092408892E-4	0.40355564363785656	6.649042586369207E-4	7.961920286524209E-8	0.4251838648491493
86400000	-9484.521115986823	-8667.462193604431	-817.0589223823913	-8509.063040624227	46.143021535345284	640.3852299909639	0.21504045835424523	0.16315586467927587	0.05350228618226357	0.7178523858398619	1.016732578970623	0.8183502473442299	2.8123777315147627	0.390295444374267	3.0605268146562667	0.0818386179906901	3.758318146938083	0.16315586467927587	0.05350228618226357	0.7178523858398619	1.016732578970623	0.8183502473442299	2.8123777315147627	0.390295444374267	3.0605268146562667	0.0818386179906901	3.758318146938083	5.927739476127346	0.3091627485577566	0.21880887805296578	0.1945178669912192	0.27751050639805946	0.567417259382043	55.72605706831884	-803.1554578419322	9.585578705987269E-4	0.597288609034304	9.073613108868168E-4	1.860230497861213E-7	0.4511774921959147
86500000	-9512.260315585001	-8664.419944193065	-847.8403713919369	-8505.076171218781	50.412463238677205	737.8550192176971	0.15408317685661435	1.4543331322784123	0.052558607152352464	1.2077155477553914	0.4672368351023766	0.7857728322959597	0.7308211756923365	0.6725086275420596	4.061140497540156	0.542271533151973	2.1272784218883194	1.4543331322784123	0.052558607152352464	1.2077155477553914	0.4672368351023766	0.7857728322959597	0.7308211756923365	0.6725086275420596	4.061140497540156	0.542271533151973	2.1272784218883194	6.412790687215691	0.291276255968581	0.2244192635211275	0.2159804594023265	0.2683240211079661	0.5547691216147506	73.12460363351246	-835.0285641400889	7.671457391988545E-4	0.46341326591444504	7.296038512398897E-4	1.541741502363381E-7	0.5049533279621767
86600000	-9503.21303392695	-8664.453699060206	-838.7593348667428	-8504.297899662308	54.0717314008725	716.6933610040195	0.1453190033573209	0.124973988357178	0.03106672046089064	0.024685099516384527	0.7747335781572818	0.7503727127251831	0.018914871862436747	0.5026271450711374	3.051214351578865	0.5169910927443523	0.6979837468918667	0.124973988357178	0.03106672046089064	0.024685099516384527	0.7747335781572818	0.7503727127251831	0.018914871862436747	0.5026271450711374	3.051214351578865	0.5169910927443523	0.6979837468918667	5.950220284453739	0.3002142175447885	0.2084566206676443	0.2159804594023265	0.2753487023852418	0.6255043135793277	71.8913065585466	-831.494535426063	7.883378758282702E-4	0.4568549532092863	7.626739033024049E-4	1.2874758182723596E-7	0.46053876680356287
86700000	-9512.711023509664	-8683.771557225442	-828.9394662842219	-8522.897115999784	42.15209670976098	621.8768424813701	0.17232440566427812	0.0034806556310956914	0.0846813825707107	1.0568271860443483	1.5151060673741679	1.7025302227884294	0.26079825299790116	0.1450858705264519	7.2912435624021015	0.6286503011714034	1.597753012155917	0.0034806556310956914	0.0846813825707107	1.0568271860443483	1.5151060673741679	1.7025302227884294	0.26079825299790116	0.1450858705264519	7.2912435624021015	0.6286503011714034	1.597753012155917	7.191558062628114	0.2894145494651064	0.22550559110333052	0.21790615357927648	0.2671737058522877	0.4732284457012138	62.548275231089015	-814.4345704201997	9.0920057789877E-4	0.30416966001612106	9.270857571827212E-4	2.3698711916381902E-7	0.527900694586346
86800000	-9493.11868371832	-8690.362147866439	-802.7565358518806	-8533.037679361852	43.87247596267717	600.1934546036507	0.08160234312320322	0.430150995979162	0.11219853199832058	0.09944888527811006	0.4197026937663347	0.5999016248702347	0.5789842248991781	0.25006428568794464	2.0045133433680467	0.3725453543306597	0.06803644346024691	0.430150995979162	0.11219853199832058	0.09944888527811006	0.4197026937663347	0.5999016248702347	0.5789842248991781	0.25006428568794464	2.0045133433680467	0.3725453543306597	0.06803644346024691	6.209163025191945	0.31136307507014355	0.2032440662405853	0.20345882853885341	0.2819340301504189	0.47339846088321774	45.014033767843685	-796.7834377897038	8.89533298064888E-4	0.4406439151416747	9.076985396843371E-4	1.8165887356784823E-7	0.46695172910442106
86900000	-9532.13453363724	-8704.802276317216	-827.3322573200236	-8544.620557099819	47.69079774283362	691.1158720520265	0.1588018491592336	0.3782723937382585	0.3556379907837839	1.0516345980668005	0.3391237310467853	0.2759996986658386	2.329946133458542	0.008279685044664907	3.2180636378593905	0.7357728787468455	0.9642511410491282	0.3782723937382585	0.3556379907837839	1.0516345980668005	0.3391237310467853	0.2759996986658386	2.329946133458542	0.008279685044664907	3.2180636378593905	0.7357728787468455	0.9642511410491282	6.835775404337363	0.29900459635166027	0.21159539015990614	0.21482949434053938	0.2745705191478954	0.4433153935883015	61.35218505007859	-817.6333633923572	7.586728607396646E-4	0.33525473053558574	7.877634535207709E-4	1.2292236585210627E-7	0.44921598735620666
87000000	-9504.168032711063	-8681.128735753253	-823.0392969578089	-8524.03106382705	46.73728904206804	653.8034409710565	0.15175002354630346	0.22864613588805582	0.07409513260522624	0.2946617927202715	1.056140783162396	1.315774533134222	0.45000077543541467	0.1411345427967999	2.9427659714817667	0.10232343619948496	0.7048495586689751	0.22864613588805582	0.07409513260522624	0.2946617927202715	1.056140783162396	1.315774533134222	0.45000077543541467	0.1411345427967999	2.9427659714817667	0.10232343619948496	0.7048495586689751	6.081178851888698	0.293155030453212	0.20855975867012078	0.21493685821755695	0.28334835265911146	0.4002673829275694	58.56194268644179	-814.8578760723694	8.883847438178E-4	0.5539784948301795	8.808698788226918E-4	1.5487694403734619E-7	0.45375912221845127
87100000	-9518.379545509932	-8683.778702217878	-834.6008432920536	-8521.027627343932	52.41650364186291	717.0529888674471	0.16084970530525394	0.2750890942969183	0.166069423478215	0.6148365920756633	1.2268352734094345	0.754296684731799	0.6620308530921988	0.3001245771306814	2.84689019965507	0.07660779084753493	1.9369955284238223	0.2750890942969183	0.166069423478215	0.6148365920756633	1.2268352734094345	0.754296684731799	0.6620308530921988	0.3001245771306814	2.84689019965507	0.07660779084753493	1.9369955284238223	5.640518233682506	0.3041325651114937	0.20855975867012078	0.21493685821755695	0.27237081800082974	0.5543657343003446	62.476573489472266	-824.9332981767034	9.058982264133933E-4	0.5072871402198126	8.670112034026839E-4	1.563938873100624E-7	0.4370307878046078
87200000	-9521.836333134634	-8698.661686665984	-823.1746464686489	-8521.725022386181	46.876522550337526	637.1737808121188	0.15322505587207064	0.2674608693416337	0.8497862320724627	2.224249221255894	0.2672060372258899	0.9108623517602911	0.35097674515361565	0.09341843188394958	5.523713977858139	0.32768288511788485	3.4609531362450094	0.2674608693416337	0.8497862320724627	2.224249221255894	0.2672060372258899	0.9108623517602911	0.35097674515361565	0.09341843188394958	5.523713977858139	0.32768288511788485	3.4609531362450094	6.461672859067044	0.29688917116755	0.2146976153659768	0.2050982365517478	0.28331497691472657	0.6282529515957334	54.67948994843425	-807.1772366669741	9.310913548015634E-4	0.706099884249729	9.092382083082749E-4	1.5956382620968567E-7	0.4355831681952556
87300000	-9498.823574876822	-8670.545367485602	-828.2782073912199	-8506.604070733316	55.09855346857166	725.5946679963761	0.21115608942353714	0.04117059064602613	0.6254847196976022	0.6731736641490853	0.4383922339423812	0.48470403704197224	0.9695562211077986	0.34338630660694086	2.969332720102358	0.5056465242864286	0.4713005973810457	0.04117059064602613	0.6254847196976022	0.6731736641490853	0.4383922339423812	0.48470403704197224	0.9695562211077986	0.34338630660694086	2.969332720102358	0.5056465242864286	0.4713005973810457	6.2327634796493125	0.2936420127370756	0.21426606581325086	0.20552978610447376	0.286562135345201	0.4269545799253463	63.54437988442269	-820.2080784200677	7.949914206279588E-4	0.5370230617921731	7.805493773386529E-4	1.730519378038493E-7	0.5207608819493282
87400000	-9497.494440992159	-8675.507312535176	-821.9871284569844	-8515.385912144044	50.10883125253538	663.4371896309337	0.16312741165123223	0.7059418770278605	0.590659210383935	0.7684474661573278	0.5727258146581434	0.5660870219707862	7.714344428033863	2.6879624916226796	8.061103431029455	1.2309876814112457	0.5293024326804684	0.7059418770278605	0.590659210383935	0.7684474661573278	0.5727258146581434	0.5660870219707862	7.714344428033863	2.6879624916226796	8.061103431029455	1.2309876814112457	0.5293024326804684	5.799935125566379	0.30992653383050817	0.21426606581325086	0.20261284024425671	0.27319456011198545	0.4468373414635156	47.019386989489284	-797.2577595443199	0.001028655198258937	0.6845431348731515	9.414220126051667E-4	2.2763561544132626E-7	0.46659093177007477
87500000	-9466.121610832844	-8662.050776386099	-804.0708344467458	-8502.712481432041	47.507783679672826	612.9869764767338	0.16353662611039219	0.11298266627010987	0.07077168035987152	1.2683328523109982	0.8774352724811637	1.8039730528459867	0.622723625798903	0.4178654833327587	6.257564846302879	0.3254158454227547	1.05341465256615	0.11298266627010987	0.07077168035987152	1.2683328523109982	0.8774352724811637	1.8039730528459867	0.622723625798903	0.4178654833327587	6.257564846302879	0.3254158454227547	1.05341465256615	6.902803550937326	0.29794959704198876	0.2039370951865482	0.21219232826205747	0.2859209795094067	0.4572760555118426	48.45365670824063	-789.6316816383766	9.906637597815614E-4	0.7140616952945315	8.882704290465504E-4	4.5847860373261285E-7	0.7101753979908197
87600000	-9483.581510996471	-8679.571841570056	-804.0096694264148	-8520.083918100605	47.87077878751349	638.1485133112849	0.14989369272208436	0.09440590277514664	0.18070201044942233	0.77074705938109	0.19348547191410786	1.3536041229013858	1.5007802306022109	2.3052742946042284	4.41890375394342	0.5904875198085946	0.19443855569445848	0.09440590277514664	0.18070201044942233	0.77074705938109	0.19348547191410786	1.3536041229013858	1.5007802306022109	2.3052742946042284	4.41890375394342	0.5904875198085946	0.19443855569445848	6.665224691436013	0.307632699110393	0.19901670977470945	0.22256721195379928	0.2707833791610994	0.5008171959516542	47.567719932224655	-791.0077928681012	0.0010397151049883707	0.6067777351275648	8.957242033153162E-4	4.310000623948286E-7	0.6923329078133779
87700000	-9533.14480636537	-8680.209359915125	-852.935446450245	-8515.897415194702	59.048204897289445	813.6081139046182	0.11971398650037682	0.19870214016924065	0.5057144161462892	0.09872970040409008	1.4008342719601685	0.7140962274992566	2.173988622821421	0.08531224414538027	3.2261406114185567	0.36463306841400506	0.04725492038652217	0.19870214016924065	0.5057144161462892	0.09872970040409008	1.4008342719601685	0.7140962274992566	2.173988622821421	0.08531224414538027	3.2261406114185567	0.36463306841400506	0.04725492038652217	6.637872164465099	0.2978976667415207	0.1949703194148564	0.22256721195379928	0.2845648018898248	0.5071372130609894	62.278572276150925	-843.76257568242	7.467024264324923E-4	0.3371109617192505	6.944418782132799E-4	2.522959461006776E-7	0.6680869611263259
87800000	-9514.26595950101	-8689.412756768012	-824.8532027329983	-8517.778987320757	42.688982863476454	646.2443876934017	0.4961724051346412	0.06679519312723813	0.024769151075724454	0.003997009790250545	2.0414181295350513	0.211630622608493	1.3511510695840891	3.2091282832517285	2.2009459252125234	0.21791804788738753	0.11912836956615704	0.06679519312723813	0.024769151075724454	0.003997009790250545	2.0414181295350513	0.211630622608493	1.3511510695840891	3.2091282832517285	2.2009459252125234	0.21791804788738753	0.11912836956615704	4.857028076316197	0.28850350036132577	0.2211997823086293	0.20573191544022124	0.2845648018898248	0.47176026284173234	59.599381796710205	-816.1085302464843	8.541714543787206E-4	0.35938311847987564	8.299543599198292E-4	3.16395746534315E-7	0.6542105945472462
87900000	-9486.26166893717	-8666.575376077484	-819.6862928596861	-8504.683560536927	45.006463794224445	620.4896389175783	0.159207671000419	0.25944795949273697	0.023998841730881456	0.05161114975116441	3.210702537259862	2.1812440905354293	1.6382569326667447	0.10183840626577756	3.5647433063098775	1.417202576749508	0.6252839436885893	0.25944795949273697	0.023998841730881456	0.05161114975116441	3.210702537259862	2.1812440905354293	1.6382569326667447	0.10183840626577756	3.5647433063098775	1.417202576749508	0.6252839436885893	7.036881055576859	0.276967611399128	0.2149313586158187	0.22523246096862812	0.2828685690164263	0.6880402362030786	56.11447687333516	-805.7094014680998	7.665028278751656E-4	0.5222397348840548	8.378593385812286E-4	3.795430104665815E-7	0.7380312569184466
88000000	-9477.898675464905	-8679.037306456888	-798.8613690080173	-8518.316935646573	42.68266810429726	582.1233783894843	0.24237102782466777	0.0913800613293721	0.033002688180689334	1.2238381422783764	2.8705414618543914	0.6859650204146736	0.5910202588658693	0.6649635826706735	2.5038715408753065	0.5630815020429737	0.46408925379599364	0.0913800613293721	0.033002688180689334	1.2238381422783764	2.8705414618543914	0.6859650204146736	0.5910202588658693	0.6649635826706735	2.5038715408753065	0.5630815020429737	0.46408925379599364	6.526588085854637	0.2999941999073902	0.21512129578729772	0.2128461820717386	0.2720383222335746	0.5919283950981236	51.29136284098457	-788.307664820759	9.664057498690874E-4	0.5584755080978949	9.233412884259218E-4	4.962765402892496E-7	0.721243454157711
88100000	-9510.135753871278	-8685.06110393215	-825.0746499391275	-8522.2379669956	54.42337096966935	708.9724141319294	0.19326001913791055	0.2907812072880774	0.20726549020083662	1.0141446882044762	0.46794467381323734	1.1346464701827668	1.2460209981306567	0.6359211133632219	2.7848376999026803	0.30664035223244085	1.9799885137190456	0.2907812072880774	0.20726549020083662	1.0141446882044762	0.46794467381323734	1.1346464701827668	1.2460209981306567	0.6359211133632219	2.7848376999026803	0.30664035223244085	1.9799885137190456	5.37386676549359	0.3123889930785035	0.21207879589773368	0.1971859055476582	0.2783463054761057	0.5638492530259205	60.82760075859453	-814.6254039475226	8.265945832732998E-4	0.4754349160740859	7.850722009886195E-4	1.9490510801106212E-7	0.5183593830157391
88200000	-9496.605378463615	-8664.084835573434	-832.5205428901816	-8502.27123281583	58.88966945647391	729.150210415137	0.16486964925687533	0.10257079081549017	0.04852126522476949	0.3323924587560361	0.7227577907021485	0.7610392531269909	1.0052751187402869	0.1519253314637027	2.2180491721930813	0.2839092982904002	0.23812463038813178	0.10257079081549017	0.04852126522476949	0.3323924587560361	0.7227577907021485	0.7610392531269909	1.0052751187402869	0.1519253314637027	2.2180491721930813	0.2839092982904002	0.23812463038813178	6.910920801882614	0.3149998130004973	0.20946797597573988	0.1971859055476582	0.2783463054761057	0.5738466795539353	62.230352110025414	-826.0807697963837	8.156899319377134E-4	0.38624538537642267	7.636922864056399E-4	1.5825893486795412E-7	0.4820682003851866
88300000	-9505.25629954658	-8692.3539591523	-812.9023403942791	-8541.207126235506	55.57097502406037	671.8566968600887	0.17662867108703292	0.13829044128444953	0.011519778536536938	1.0029338014415086	1.0242142333803812	0.8708206609075438	0.8882674666229714	0.13341871686341142	4.375442248523983	0.10493250291176733	1.8355957850104754	0.13829044128444953	0.011519778536536938	1.0029338014415086	1.0242142333803812	0.8708206609075438	0.8882674666229714	0.13341871686341142	4.375442248523983	0.10493250291176733	1.8355957850104754	6.141061139386187	0.30945392700611374	0.196598795686977	0.21554182864099722	0.2784054486659131	0.5615450522991684	44.810547773455916	-802.7293614827123	8.83935992639618E-4	0.30622751832920636	8.093837974093541E-4	1.5365002371596374E-7	0.4519490574370387
88400000	-9559.812639348409	-8712.448901538573	-847.3637378098356	-8551.631656028281	51.867656502733546	769.0652336145354	0.12610383761129182	0.6073899358643204	0.5650823208489939	0.33723356874956567	1.2218396286793463	1.4789279825953645	0.021765155885359464	0.09691446828319933	3.610428387744858	0.5645192547067903	0.8926551349998051	0.6073899358643204	0.5650823208489939	0.33723356874956567	1.2218396286793463	1.4789279825953645	0.021765155885359464	0.09691446828319933	3.610428387744858	0.5645192547067903	0.8926551349998051	6.190746319858337	0.2915121778301021	0.19950172842085356	0.22000432536851133	0.288981768380534	0.5032905198718497	63.87599370623993	-838.026265059673	7.124910094976834E-4	0.28957141027782374	6.875613615545223E-4	4.73478053145553E-8	0.3056370086279336
88500000	-9517.183835580545	-8679.311816807707	-837.8720187728368	-8515.529210794099	53.063554548462555	725.504463280875	0.2353513252591407	0.05587230159223929	0.07169198853135214	0.048075162754539706	2.1028258256733108	0.1753011614853973	0.4634410955715764	0.06549711402202107	1.6487713462057847	0.02408285791098821	0.7022546974642742	0.05587230159223929	0.07169198853135214	0.048075162754539706	2.1028258256733108	0.1753011614853973	0.4634410955715764	0.06549711402202107	1.6487713462057847	0.02408285791098821	0.7022546974642742	5.770968071284753	0.28802399775088516	0.21508301323057488	0.21572404601352885	0.28116894300501216	0.49058834003618024	70.29041478490407	-832.3370354696352	8.605961740490786E-4	0.41460577830780804	8.252109465285433E-4	8.388002902527546E-8	0.3477202637860811
88600000	-9448.084736743023	-8665.250425477436	-782.8343112655874	-8507.009008234809	49.10684568772006	565.1499614589278	0.2220335421704542	1.9662629911576537	0.15409118032566177	0.896535406482223	1.893055041271886	1.076110799557565	1.9413464740073683	0.5899488975972791	9.298060063013716	0.43343904455213944	3.044165500558652	1.9662629911576537	0.15409118032566177	0.896535406482223	1.893055041271886	1.076110799557565	1.9413464740073683	0.5899488975972791	9.298060063013716	0.43343904455213944	3.044165500558652	6.8757066612011375	0.28802399775088516	0.20084913911483138	0.22929684868512137	0.2818300144491631	0.5918225411601291	43.045937738130256	-760.3707247093645	0.0010126763862335216	0.6379503220122463	0.0010045308836762617	1.6529132361965553E-7	0.38949724526737906
88700000	-9511.035598127064	-8684.041856465949	-826.9937416611151	-8520.218975935068	55.10008400276253	638.9769069084997	0.11850003473091211	0.45339940527842604	0.20114777366459496	1.426753964046693	0.5413620343409941	1.2343174822560892	1.1324749820321975	0.06432651402133005	2.8473125863806787	0.1636573858136731	0.7236748849469196	0.45339940527842604	0.20114777366459496	1.426753964046693	0.5413620343409941	1.2343174822560892	1.1324749820321975	0.06432651402133005	2.8473125863806787	0.1636573858136731	0.7236748849469196	7.214538915582843	0.3049833526527608	0.20446467429226436	0.20707790690860112	0.2834740661463747	0.4908989023425751	58.13345324250891	-815.8174475782073	9.327951186544084E-4	0.7964727590930172	8.937066529518924E-4	1.993707067619323E-7	0.47667519593325974
88800000	-9488.617678055445	-8666.7946295943	-821.8230484611457	-8500.396267349463	45.170074347797424	629.8435402839164	0.09264441369401448	0.009345001031247033	1.0788963776526732	0.5805002782576465	2.1790809636566273	2.6916956874521905	1.18497690445219	0.6067114729193864	5.001077968632183	2.5312459443370017	1.533160525509884	0.009345001031247033	1.0788963776526732	0.5805002782576465	2.1790809636566273	2.6916956874521905	1.18497690445219	0.6067114729193864	5.001077968632183	2.5312459443370017	1.533160525509884	6.21123218769253	0.3038119256635531	0.21441777299024906	0.20858457859319826	0.27318572275300057	0.39203043170643	48.46512420289148	-802.7637969040851	8.48299305094256E-4	0.7115817799167546	8.945825024701668E-4	1.2520569578429062E-7	0.4159952972590773
88900000	-9501.816029329697	-8684.783286023934	-817.0327433057629	-8515.918164707276	55.49722645927141	680.3762310793929	0.13741390871849665	0.2506142835559173	0.671976029576438	0.21952268136330672	1.6321964196326866	0.23662607077175896	2.580928913150948	0.046747720063632085	4.100623269815661	1.125198951694593	0.46572422013189585	0.2506142835559173	0.671976029576438	0.21952268136330672	1.6321964196326866	0.23662607077175896	2.580928913150948	0.046747720063632085	4.100623269815661	1.125198951694593	0.46572422013189585	7.42312586538401	0.2898416423020386	0.206707233796225	0.20825763994434388	0.2951934839573935	0.46038875953725655	53.80797274521242	-804.5931391058156	7.930565069750968E-4	0.5574132509543822	7.589414762545786E-4	2.0884123200104993E-7	0.5778253646087698
89000000	-9503.903674138672	-8682.517282914952	-821.3863912237188	-8511.470305147543	46.96919329521407	644.411431275349	0.13938476301940037	0.15459263427451717	0.07907448998851299	1.0601255591638548	0.024973009564506963	0.31398824528374797	2.7699419106871392	1.5996059075343965	4.347344427009435	0.34870193420093415	0.6299416990045681	0.15459263427451717	0.07907448998851299	1.0601255591638548	0.024973009564506963	0.31398824528374797	2.7699419106871392	1.5996059075343965	4.347344427009435	0.34870193420093415	0.6299416990045681	5.819242438096943	0.287339437078278	0.22168005665452564	0.208410944360591	0.2825695619066063	0.48734462812172785	51.29739177601453	-809.2067502182929	9.109231048176533E-4	0.5532245110946183	9.262958746208327E-4	2.3068977714063486E-7	0.5383061586303466
89100000	-9439.361589850587	-8661.11114836697	-778.2504414836163	-8498.317555421228	41.69373015638538	525.8677733678941	0.2275335144547416	0.22708298404889452	0.10294809700735494	0.9970638524166466	0.689306238401025	0.8007845560391115	1.6161861680941023	0.25103986182719984	2.1471188819794667	0.07856940061014069	0.709390453110148	0.22708298404889452	0.10294809700735494	0.9970638524166466	0.689306238401025	0.8007845560391115	1.6161861680941023	0.25103986182719984	2.1471188819794667	0.07856940061014069	0.709390453110148	6.592553423724605	0.28603855858071514	0.20852055019753593	0.21147028755478847	0.2939706036669615	0.4403358673316013	38.354444953831056	-769.6417416571732	0.0010156054667203034	0.6791706354379137	0.0010567291649582768	6.020274768318549E-7	0.7068973795776292
89200000	-9455.694073979674	-8659.914766363338	-795.7793076163365	-8498.678734625217	46.71881658772341	598.8220604795931	0.2838326990319636	0.0315095699633173	0.06524605816280633	0.4067240270469829	2.0390344219841547	0.1023502306662503	1.6249964211058379	0.8060443370110512	4.016274349461989	0.5749583995944247	0.6729008246200213	0.0315095699633173	0.06524605816280633	0.4067240270469829	2.0390344219841547	0.1023502306662503	1.6249964211058379	0.8060443370110512	4.016274349461989	0.5749583995944247	0.6729008246200213	6.722819651332451	0.2964318152254422	0.1981272935528089	0.22538489209071155	0.2800559991310384	0.4987701948756559	48.673396577223784	-784.7667305056577	9.704286428285744E-4	0.5459806957280336	8.97804956434525E-4	3.349303962830719E-7	0.5908012781529154
89300000	-9501.117472789101	-8675.2713334383	-825.8461393508014	-8518.802465511157	47.760401395020224	677.3158960663225	0.16609020073414363	0.10218134126489953	0.12311124443592592	1.80437509232175	0.7212864793854891	0.8522908621349072	0.5101936726721643	0.42305478259659973	2.6905867260717016	0.2219188765946755	1.0240479123677892	0.10218134126489953	0.12311124443592592	1.80437509232175	0.7212864793854891	0.8522908621349072	0.5101936726721643	0.42305478259659973	2.6905867260717016	0.2219188765946755	1.0240479123677892	6.651042292483272	0.30513489417303374	0.2111413409596973	0.21976158359584957	0.2639621812714204	0.5157155100202435	64.7663125571308	-816.3252050190799	8.061600846606695E-4	0.5729661711892884	8.123619267804111E-4	3.103829521917525E-7	0.6790480825972756
89400000	-9481.155833071702	-8663.705805956995	-817.4500271147064	-8507.198267707336	44.903765760740185	675.1418365401903	0.17371518543385892	5.295038850580433E-4	0.057513301699912034	0.46376027304627565	0.8309152235235522	0.6451899329719294	0.03200414357226802	0.028166732645417185	2.3342908757513854	0.03676047923009369	1.3934908543194602	5.295038850580433E-4	0.057513301699912034	0.46376027304627565	0.8309152235235522	0.6451899329719294	0.03200414357226802	0.028166732645417185	2.3342908757513854	0.03676047923009369	1.3934908543194602	6.224275751607249	0.31124883503786094	0.21228519520629224	0.20619934745943486	0.270266622296413	0.47070636252986564	58.17769161401026	-811.0119729107981	8.799558129121546E-4	0.47884137595939547	8.116979295468282E-4	2.8846799687132736E-7	0.6403579958380773
89500000	-9552.648246157802	-8669.58601381125	-883.0622323465519	-8506.287750238083	55.04098748348125	860.3500532242497	0.17996985939530927	0.14188566712265854	0.0017405129765213079	0.1540010427641905	0.9952475236130113	0.6299783981738603	0.3933235077968397	0.8771806459469583	4.324870825479676	0.20732173011512717	1.5409745210088437	0.14188566712265854	0.0017405129765213079	0.1540010427641905	0.9952475236130113	0.6299783981738603	0.3933235077968397	0.8771806459469583	4.324870825479676	0.20732173011512717	1.5409745210088437	5.415419885669322	0.2973687262119346	0.21886178685758598	0.21497007429529275	0.2687994126351877	0.5449497606810184	87.61740294553043	-873.5799010809055	7.183365404327036E-4	0.40527905112765417	6.845881342911137E-4	9.965711512705438E-8	0.45535338808380427
89600000	-9513.824038422941	-8701.186554327789	-812.6374840951522	-8535.453762919136	41.63786003100532	622.2217713972587	0.14511687977011165	1.2913701266576052	0.09328157483901814	0.33230846391927893	0.06374662704174389	1.7297004012240214	0.781585037792796	0.41173562040480266	4.116118249350494	0.10465298509596961	0.6799111043681634	1.2913701266576052	0.09328157483901814	0.33230846391927893	0.06374662704174389	1.7297004012240214	0.781585037792796	0.41173562040480266	4.116118249350494	0.10465298509596961	0.6799111043681634	6.403108885881746	0.31291486818291825	0.21886178685758598	0.2012141125378077	0.2670092324216891	0.4492921962563819	54.337618940767804	-802.6721795817832	0.001021690699957737	0.31603162678545754	9.689753845155061E-4	1.5775694144147082E-7	0.3973874508703347
89700000	-9515.77531251194	-8678.783067485549	-836.9922450263913	-8519.911466418345	45.460112416777925	682.1039666502816	0.14222441270671643	0.07608382659678044	0.18845890993060457	0.5018278582885962	1.7727696453467685	0.2792454144018238	2.2218087552428	0.5179404644670875	3.773539529802398	0.6546634580602733	0.6815691240711017	0.07608382659678044	0.18845890993060457	0.5018278582885962	1.7727696453467685	0.2792454144018238	2.2218087552428	0.5179404644670875	3.773539529802398	0.6546634580602733	0.6815691240711017	5.833647800910769	0.29522819356523244	0.2032197170006164	0.2116455398981497	0.28990654953600253	0.5639161784230671	60.36625351471276	-826.4168058840951	8.020769800753024E-4	0.2827865913687992	8.00253289188667E-4	9.180161180201098E-8	0.3845464188421387
89800000	-9484.0455081708	-8672.629231047104	-811.4162771236971	-8506.315369874588	47.288946290343	629.7290729771504	0.152729184343281	0.3566419570827838	0.18943498008963627	0.21471229178038825	0.6725573318358385	0.8096591012385562	1.0485357482344375	0.007183596961623344	5.310767825867565	0.0664598801977757	0.5412977802971748	0.3566419570827838	0.18943498008963627	0.21471229178038825	0.6725573318358385	0.8096591012385562	1.0485357482344375	0.007183596961623344	5.310767825867565	0.0664598801977757	0.5412977802971748	6.626843500066512	0.29504839419057405	0.2088299701843003	0.22014692471064404	0.2759747109144827	0.5476921256927871	54.32239551881715	-801.489399498305	8.72326713564459E-4	0.4647528816352177	8.743953296429986E-4	1.4015230955529114E-7	0.4319634492582202
89900000	-9471.12650026761	-8670.80457985543	-800.3219204121798	-8505.50459892406	45.4135998783496	613.2842775069312	0.13159310611713756	0.5207636556764169	0.04817624287094552	0.4199805647701701	0.43333182925174507	2.111740347470614	0.5074902766938515	0.29563872254334944	2.67468525110306	0.2632880230919917	1.3756773303453225	0.5207636556764169	0.04817624287094552	0.4199805647701701	0.43333182925174507	2.111740347470614	0.5074902766938515	0.29563872254334944	2.67468525110306	0.2632880230919917	1.3756773303453225	7.226027663929796	0.3023026594917384	0.2088299701843003	0.21289265940947966	0.2759747109144827	0.44214628073933104	49.975268157733886	-790.27145693528	9.526462350977312E-4	0.5878929210640712	9.125286327813528E-4	3.3429720903248764E-7	0.604391514151405
90000000	-9463.8935758267	-8669.39986744817	-794.4937083785292	-8515.049242868674	48.333452652946214	591.6375963255381	0.20303299741206263	0.492762471135566	0.2387275937721968	0.5662802349757343	0.820464711924228	0.6397424261957628	0.4807235850768061	0.9478330198890602	6.291680194341593	1.1083955197418522	0.28257039148352286	0.492762471135566	0.2387275937721968	0.5662802349757343	0.820464711924228	0.6397424261957628	0.4807235850768061	0.9478330198890602	6.291680194341593	1.1083955197418522	0.28257039148352286	6.33204211300081	0.31866293963042297	0.2089638359853776	0.20463148195809489	0.26774174242610554	0.5300596268758044	49.65664459715371	-781.7955605158203	9.680243470732772E-4	0.5372245200292188	8.647284716800673E-4	2.401089066466946E-7	0.5305493641330421
90100000	-9503.394720388733	-8686.607921936296	-816.7867984524357	-8525.699031638134	51.16311814107629	646.9728417546141	0.12362663528250102	0.3473037926863296	0.03028598160045373	1.6573568356748911	1.1028076634220219	0.7136135275490099	0.4652556391848358	0.12415484528085251	3.0369943832482904	1.35800376631325	0.6597915294816701	0.3473037926863296	0.03028598160045373	1.6573568356748911	1.1028076634220219	0.7136135275490099	0.4652556391848358	0.12415484528085251	3.0369943832482904	1.35800376631325	0.6597915294816701	7.107555428924368	0.29083444682899534	0.2089638359853776	0.21481651146771227	0.2853852057179158	0.4444317075406793	54.902750291198345	-805.9544290308152	8.771198033213436E-4	0.5767232571983751	8.26146679732744E-4	2.7224808600487024E-7	0.5828650638001915
90200000	-9477.048089472393	-8656.916632439685	-820.1314570327088	-8495.704396023037	55.322862073848064	712.8137725775033	0.1219644632503978	0.10622757191648222	0.028600179331931482	0.30569797024827733	0.06333784616366328	0.5889388005184161	0.9585801640494054	0.25808147504260925	4.405388024175281	0.1345963099079321	1.7666696234976096	0.10622757191648222	0.028600179331931482	0.30569797024827733	0.06333784616366328	0.5889388005184161	0.9585801640494054	0.25808147504260925	4.405388024175281	0.1345963099079321	1.7666696234976096	6.106202986933256	0.3058281748597406	0.2089638359853776	0.20044380841188747	0.28476418074299537	0.4427234441122506	60.15230129636228	-810.8506624885324	8.033962914774914E-4	0.4465678890968247	7.465076311013244E-4	1.832535220316901E-7	0.533114141531247
90300000	-9481.140204008103	-8682.521334858415	-798.6188691496884	-8519.013036128865	46.84913766734978	638.8971210020067	0.22221177694470787	0.19319750734809785	0.03265694566672105	0.1504051203539206	1.0542286253502708	0.22424549933295482	1.988828088754911	0.6381165144796683	1.1677403881868105	0.21928692268514097	0.4322317101560491	0.19319750734809785	0.03265694566672105	0.1504051203539206	1.0542286253502708	0.22424549933295482	1.988828088754911	0.6381165144796683	1.1677403881868105	0.21928692268514097	0.4322317101560491	6.115653559863783	0.3058281748597406	0.22032888935165748	0.20044380841188747	0.2733991273767155	0.46961123234025476	51.45408219339184	-792.4505208514679	8.849432619470719E-4	0.41570575928196407	8.854209164156738E-4	1.4442197775177739E-7	0.43324656535610456
90400000	-9489.130882031683	-8677.27723777436	-811.8536442573217	-8512.588409911072	51.22987907883768	658.2186868064233	0.1807884312620369	0.5303089986670017	0.11476779444307518	0.37725496927875823	0.11028214587347948	1.099966962914378	0.6837935573957468	0.037887572674685364	4.119118389072992	0.36613749701111037	0.1232851371599483	0.5303089986670017	0.11476779444307518	0.37725496927875823	0.11028214587347948	1.099966962914378	0.6837935573957468	0.037887572674685364	4.119118389072992	0.36613749701111037	0.1232851371599483	7.2279304405061335	0.28138233887068315	0.20953776835942262	0.21612372396609605	0.29295616880379927	0.6009924888993589	46.3113759407865	-803.4492538616671	8.160006749133073E-4	0.559202247785738	8.312352332673733E-4	1.450366848001094E-7	0.4563289200949115
90500000	-9502.664776177207	-8684.289654252234	-818.3751219249733	-8522.628936064517	41.456388550444714	638.9870222573146	0.14910887849971735	0.4523742530989846	0.05494816768115125	0.11734853041094465	1.664248190287774	0.927862450019817	0.9306031253702403	0.42690413472163496	3.1103847694533147	0.18746171180826265	2.8227275864310135	0.4523742530989846	0.05494816768115125	0.11734853041094465	1.664248190287774	0.927862450019817	0.9306031253702403	0.42690413472163496	3.1103847694533147	0.18746171180826265	2.8227275864310135	5.712060575833493	0.29747351501747327	0.20053131227157311	0.22344322123964871	0.278551951471306	0.49027072874473077	51.57409449204441	-807.5370407163451	9.0917870222831E-4	0.37202250229010353	8.582583772349384E-4	1.2585355736073568E-7	0.3963193255515399
90600000	-9518.155472793462	-8673.17090154177	-844.9845712516926	-8514.277812196455	48.283345078807386	676.0651602457857	0.19981320465722585	0.32583151388630455	0.5368871249821652	0.27615666287000595	8.92441318013944	1.5118033704262321	0.9428619137743312	0.7217767849770367	2.8700109391176736	0.5043339503447071	0.4845220846214275	0.32583151388630455	0.5368871249821652	0.27615666287000595	8.92441318013944	1.5118033704262321	0.9428619137743312	0.7217767849770367	2.8700109391176736	0.5043339503447071	0.4845220846214275	6.219709970689254	0.30172390230924573	0.20891729368652873	0.20846859430247083	0.2808902097017558	0.47628608274645845	51.7126401789242	-827.6251157371465	8.514824847311707E-4	0.4567521659252557	7.910017570171462E-4	1.410888002999102E-7	0.45488093107527316
90700000	-9508.601099043852	-8682.658068532479	-825.9430305113721	-8516.800650645788	64.39280727612913	691.7033391770663	0.14517178320293037	1.1726350683571645	0.16356338297631895	1.0877759134750862	2.848233852270494	1.195521373355202	1.4786979500895425	0.25040190238066573	4.14606261582192	0.6691257316807367	0.18162947517925046	1.1726350683571645	0.16356338297631895	1.0877759134750862	2.848233852270494	1.195521373355202	1.4786979500895425	0.25040190238066573	4.14606261582192	0.6691257316807367	0.18162947517925046	6.6937246995504704	0.30621381988540086	0.21202990609627387	0.2055278665123947	0.27622840750593164	0.5639117581706471	50.68063799701703	-811.8577420834155	8.154951720428926E-4	0.5321403724877014	7.654791217780978E-4	1.4555999774707523E-7	0.4895666324364736
90800000	-9501.066933504077	-8679.151592550072	-821.9153409540043	-8518.719752911933	43.6123161659507	655.678326497282	0.25330527771021283	0.5020753399468514	0.12898900693584106	0.29983504867733385	0.7686297297910017	1.028312563688852	4.06266409371774	0.6819892538395874	2.7782024834690997	0.15217449680783426	0.9692490416977743	0.5020753399468514	0.12898900693584106	0.29983504867733385	0.7686297297910017	1.028312563688852	4.06266409371774	0.6819892538395874	2.7782024834690997	0.15217449680783426	0.9692490416977743	6.515613159908785	0.29796856269269223	0.199647491234694	0.2179102813739746	0.28447366469864027	0.553688282959045	62.40153177155149	-810.6323805869448	9.094079966190778E-4	0.28699887644768296	8.764850347451866E-4	6.676452019246354E-8	0.2897680853424345
90900000	-9537.606992274903	-8706.57859165447	-831.028400620433	-8539.677027029396	42.4414480268418	667.0134275833559	0.14566074585771105	0.05353827722636624	0.08844800241433401	1.3860961706048787	7.471270610905007E-4	0.7618786393227898	0.7407009237233564	3.2626609093436185	3.6019909504766594	0.7819417747512465	0.44673406238549174	0.05353827722636624	0.08844800241433401	1.3860961706048787	7.471270610905007E-4	0.7618786393227898	0.7407009237233564	3.2626609093436185	3.6019909504766594	0.7819417747512465	0.44673406238549174	5.688859560500519	0.2875977025011877	0.20883027226773868	0.22353620744219366	0.2800358177888811	0.662629816373903	57.0582411732202	-820.9918691707435	8.49955696137848E-4	0.0929279625128824	8.37447308581054E-4	6.520771049178957E-9	0.09530254637323532
91000000	-9491.166010741828	-8676.84635083572	-814.3196599061091	-8514.895824582698	43.237073914008384	630.5906169985188	0.15593253493499912	0.05879005953438686	0.017520505818317524	0.1659833889442408	1.306705588919038	1.158104884933693	0.5264352268937635	1.098530142967965	2.2282625390594415	0.31416647956884564	1.176159814892186	0.05879005953438686	0.017520505818317524	0.1659833889442408	1.306705588919038	1.158104884933693	0.5264352268937635	1.098530142967965	2.2282625390594415	0.31416647956884564	1.176159814892186	6.138826179592413	0.2875977025011877	0.21043838259007866	0.21130669550084696	0.2906572194078878	0.4905638062332063	43.2384768178333	-806.2910975244615	8.087377875218313E-4	0.40776813060531064	8.1949264440963E-4	3.983057985875128E-8	0.24656997925807123
91100000	-9494.366175232744	-8692.595950288909	-801.770224943835	-8535.581275673077	47.55664415799659	648.8050985268181	0.13294284774748927	0.2956985491727824	0.011957599183924082	0.4268837795275927	0.12685839268108737	0.7730262412613974	0.5723624971533057	0.5386379536407705	2.342029188309828	0.4217820267964138	0.06101124853683321	0.2956985491727824	0.011957599183924082	0.4268837795275927	0.12685839268108737	0.7730262412613974	0.5723624971533057	0.5386379536407705	2.342029188309828	0.4217820267964138	0.06101124853683321	7.0194836918436385	0.2994224198880323	0.19833941404738992	0.21130669550084696	0.2909314705637319	0.4473985596728734	54.29572169561487	-795.5241625663826	8.542894059894516E-4	0.413433878699693	8.204578579085993E-4	1.4785317187223052E-7	0.4417345048565484
91200000	-9504.7813635409	-8661.658319745697	-843.1230437952038	-8501.163592159613	49.22151159820957	708.298440978034	0.14787617208091192	0.14615226560152927	0.06148643795039941	0.1173978767332866	0.2844929553366786	0.8362455913117295	0.4971523574076802	0.1338990602139956	2.715413870136894	0.14412047730968278	1.796855707693753	0.14615226560152927	0.06148643795039941	0.1173978767332866	0.2844929553366786	0.8362455913117295	0.4971523574076802	0.1338990602139956	2.715413870136894	0.14412047730968278	1.796855707693753	6.9893716688510965	0.2994224198880323	0.20771062055623626	0.21668350308962459	0.276183456466108	0.5192035288018185	59.26219729621741	-835.0730783795665	8.636552174301354E-4	0.5893787462271131	7.75812088717645E-4	1.7109258911794547E-7	0.5080476206042888
91300000	-9491.339549196278	-8680.721324158398	-810.618225037881	-8521.017709386602	45.49488769205858	635.4045480830018	0.1547256627479307	1.5523908342180817	0.08056520915851806	0.06936368788500248	1.5371353919804551	0.003988161377079544	3.094980034254844	0.313467739527124	7.5263678124663995	0.293663531861926	1.12364204460861	1.5523908342180817	0.08056520915851806	0.06936368788500248	1.5371353919804551	0.003988161377079544	3.094980034254844	0.313467739527124	7.5263678124663995	0.293663531861926	1.12364204460861	6.547523805342293	0.31408760895482407	0.20771062055623626	0.19715864945598496	0.28104312103295587	0.542346455540216	50.52272686104637	-794.3490547913954	8.546385780449816E-4	0.4648981586826711	8.14750915867923E-4	1.8302344269630357E-7	0.510908144103215
91400000	-9468.082314165391	-8666.036469268665	-802.0458448967248	-8499.57521123156	70.35361568557903	649.9749394189745	0.22743019260560285	0.8485232139116471	0.15293550236937511	1.8839675785206567	2.1930372113383934	1.304687131923909	1.458371645231048	0.18034774344915722	3.526649472155851	0.6089200774176906	0.3832504002860592	0.8485232139116471	0.15293550236937511	1.8839675785206567	2.1930372113383934	1.304687131923909	1.458371645231048	0.18034774344915722	3.526649472155851	0.6089200774176906	0.3832504002860592	5.70728452452985	0.29841653589685263	0.20480996932637857	0.21818904131321812	0.2785844534635518	0.4823555995630521	50.04633956957098	-788.8184866347973	9.653787987749319E-4	0.5908575025699785	8.614716615462121E-4	4.141319668163086E-7	0.6790885685471713
91500000	-9507.903611788992	-8668.767753473847	-839.1358583151452	-8507.336629799469	56.50434364453646	772.9549740317722	0.12562085687157587	0.2738715855350002	0.4827206039296658	1.6232971136689143	2.4938578646353964	0.9672378484258344	0.04228351795422303	0.03533412074157453	4.547954733033875	0.5098183454081671	0.022734529972008775	0.2738715855350002	0.4827206039296658	1.6232971136689143	2.4938578646353964	0.9672378484258344	0.04228351795422303	0.03533412074157453	4.547954733033875	0.5098183454081671	0.022734529972008775	5.807400041649996	0.29841653589685263	0.22310768943899703	0.20263072420032274	0.27584505046382873	0.542044613235501	66.89229956897857	-827.7552606600991	7.57997161456971E-4	0.3836523456855583	7.331506022948352E-4	2.797924427464493E-7	0.6741320790467944
91600000	-9475.431682382026	-8661.783729259074	-813.6479531229517	-8500.735916450629	64.2353599091547	706.8746615029276	0.17634359686138779	0.7967028869410627	0.15720164071998619	0.14220896050672707	1.4286790612623048	0.7214499883332032	0.11451955910891579	0.20444814052440805	3.4199076505015666	0.9820404561930033	0.1769910203651508	0.7967028869410627	0.15720164071998619	0.14220896050672707	1.4286790612623048	0.7214499883332032	0.11451955910891579	0.20444814052440805	3.4199076505015666	0.9820404561930033	0.1769910203651508	6.047389890002351	0.3091850927438058	0.21004821699136214	0.21163170877484283	0.26913498148999043	0.5420408922109485	62.56397663590244	-804.6819111587847	8.05763700802448E-4	0.5569534212575026	7.83232608786419E-4	2.1812439026825982E-7	0.5532615585888299
91700000	-9519.560694268397	-8698.311849494961	-821.2488447734358	-8531.42031917599	40.776891635118226	621.6620365997477	0.17919094358746893	0.4185460566288576	0.18033801265711707	0.4382953288088553	2.7688446929992847	1.6541588314763591	0.8697521223076438	0.8251005964916029	3.4781281277748004	0.018875679080410657	1.129308656074807	0.4185460566288576	0.18033801265711707	0.4382953288088553	2.7688446929992847	1.6541588314763591	0.8697521223076438	0.8251005964916029	3.4781281277748004	0.018875679080410657	1.129308656074807	7.124394850628148	0.3008504630214765	0.22089144600744343	0.21163170877484283	0.26662638219623847	0.5422244092406535	59.60021909491091	-809.5093695687117	8.693017004452074E-4	0.2570001632926786	8.295425421906771E-4	1.856684957753378E-7	0.5068026961830955
91800000	-9490.23062261444	-8687.528325271553	-802.7022973428869	-8523.474739910298	41.4536528027257	603.7940537862473	0.13654361845164964	0.2021180561106541	0.4194803890115626	0.8090849614221427	0.3379145246850062	0.5290872312949629	0.1342922577107897	0.6099150337023093	5.191428350753245	0.6105449597210598	1.557613660903284	0.2021180561106541	0.4194803890115626	0.8090849614221427	0.3379145246850062	0.5290872312949629	0.1342922577107897	0.6099150337023093	5.191428350753245	0.6105449597210598	1.557613660903284	6.301037365407875	0.3008504630214765	0.22318672833381792	0.21163170877484283	0.264331099869864	0.5809015607434365	52.36550300131902	-791.5789836733906	9.993281009899333E-4	0.40268504936946903	9.619225866479708E-4	4.0596762996654866E-7	0.6360540080840471
91900000	-9482.586133816418	-8673.627605991378	-808.9585278250404	-8507.567976985436	44.657313914173244	614.2589982488028	0.1740149096398252	0.10962092389020514	0.13665356239329593	0.8468131313793319	0.19249132116496773	1.1139891497025034	2.284528204308875	0.31783988204367136	3.601924097991488	0.9142829987687222	1.8754740966889791	0.10962092389020514	0.13665356239329593	0.8468131313793319	0.19249132116496773	1.1139891497025034	2.284528204308875	0.31783988204367136	3.601924097991488	0.9142829987687222	1.8754740966889791	6.64470544060073	0.28753588132146995	0.2156819390883417	0.2060934819056311	0.2906886976845585	0.4355342066322128	53.7109835219075	-796.5619082826802	9.425451296098216E-4	0.568167995555446	9.346521563702939E-4	2.985069902659595E-7	0.5852928672525078
92000000	-9478.787184361086	-8681.291724366885	-797.4954599942018	-8516.829739783265	47.19282225961936	592.9603227951803	0.3001371756325043	0.10861072521101887	0.30310712407786655	1.0414315810781378	2.882412391292829	0.6443916398001364	0.5304374384448592	0.44563374589295585	7.80500710656173	0.40341879225071975	0.1928580015586308	0.10861072521101887	0.30310712407786655	1.0414315810781378	2.882412391292829	0.6443916398001364	0.5304374384448592	0.44563374589295585	7.80500710656173	0.40341879225071975	0.1928580015586308	5.74744872844321	0.30002025787855724	0.19932717254738744	0.2220927838910689	0.27855978568298767	0.6502036294665816	48.12216698303344	-782.5582581637933	0.001085999205451816	0.4946830210707762	0.0010013218421875045	3.625384229735173E-7	0.5439094327930838
92100000	-9450.116262344985	-8661.055566348658	-789.0606959963284	-8500.779102168412	46.40854473670071	589.6903510879171	0.19841081251377085	0.4135535043681995	0.31137091988581306	0.20262785928007557	0.3252212560900686	0.32136201614575616	1.4000961588433387	0.010545498656774352	4.929864478730079	0.4046063757145095	0.6407259938725053	0.4135535043681995	0.31137091988581306	0.20262785928007557	0.3252212560900686	0.32136201614575616	1.4000961588433387	0.010545498656774352	4.929864478730079	0.4046063757145095	0.6407259938725053	6.4655600269324225	0.3174461612432398	0.20418700552049934	0.20691036541794186	0.2714564678183202	0.4425609396702283	45.11085238755701	-779.2255251752731	0.0010381652690231089	0.5517066982261407	0.0010117346766372703	3.5666345977084934E-7	0.5740940119489107
92200000	-9506.876996543702	-8677.429020718399	-829.4479758253044	-8511.468964436543	50.9915611614064	677.1299765011797	0.14607599214180525	0.1153963832164055	0.47086524894549664	0.11407860526438832	1.4464597258606318	1.3002402302621001	1.1700998034770713	0.44127940034755486	2.9152694840856164	0.12964370732236233	0.7410448434544317	0.1153963832164055	0.47086524894549664	0.11407860526438832	1.4464597258606318	1.3002402302621001	1.1700998034770713	0.44127940034755486	2.9152694840856164	0.12964370732236233	0.7410448434544317	6.029485408031936	0.294457538982517	0.20631742099343586	0.22117175034762046	0.27805328967642795	0.5333279887033179	60.132232903079164	-820.1861170372852	9.099279531019831E-4	0.37112305552253344	8.582020134266723E-4	1.201555754946859E-7	0.39743795575742824
92300000	-9520.272669757578	-8698.01503364167	-822.257636115908	-8535.22626105802	46.58996747102037	653.1302782473979	0.1649228846350467	0.649007403734134	0.02612630766802586	0.6652314202079046	1.15884872151269	0.32665321897552646	0.4070638045653812	0.07483316978657048	4.233738931418205	0.21462688750100914	0.4509641507578776	0.649007403734134	0.02612630766802586	0.6652314202079046	1.15884872151269	0.32665321897552646	0.4070638045653812	0.07483316978657048	4.233738931418205	0.21462688750100914	0.4509641507578776	7.274101144336498	0.30348726953523536	0.2176033008222336	0.20375712658433456	0.2751523030581977	0.46946591142805955	63.763727519782854	-813.7945647243827	8.335039190562184E-4	0.31270310724800454	8.15130064622469E-4	9.789529201152975E-8	0.37840177332778885
92400000	-9541.891304655304	-8716.311126300967	-825.5801783543376	-8545.292827604684	50.38643034035635	709.4874440902757	0.22618895355766605	0.43573793966074253	0.11427439849609881	0.23523446207199308	0.9753898961395921	1.335534302146988	0.20948305707090986	1.0250791780315294	2.4122471903470966	0.39209389801609545	0.44427317034907776	0.43573793966074253	0.11427439849609881	0.23523446207199308	0.9753898961395921	1.335534302146988	0.20948305707090986	1.0250791780315294	2.4122471903470966	0.39209389801609545	0.44427317034907776	5.66746483370599	0.3090378210490291	0.20655803932741473	0.1998590350516295	0.2845451045719279	0.4426323980265209	55.38219013929558	-818.7069358385837	7.658985576984247E-4	0.2850112768931847	6.998333060705176E-4	8.300459071455795E-8	0.3859839768440137
92500000	-9484.9082277199	-8660.500269729648	-824.4079579902517	-8496.807130466917	48.6935368691983	684.8975535674919	0.10842544781310494	0.3129022863096472	0.012298850437402715	1.0932831936958274	0.29806471853120337	0.9638564017529695	1.2318347787180894	0.22143490919139594	3.0035172599146542	0.16567950768435316	0.46893676664234896	0.3129022863096472	0.012298850437402715	1.0932831936958274	0.29806471853120337	0.9638564017529695	1.2318347787180894	0.22143490919139594	3.0035172599146542	0.16567950768435316	0.46893676664234896	6.898166409624799	0.29325526522413303	0.21821383883720918	0.21594495816381132	0.27258593777484763	0.485686490760197	57.3319999583085	-815.3273774116229	8.092388471503244E-4	0.5665333680815907	8.142630358367935E-4	1.1080129836664202E-7	0.4018188163887591
92600000	-9465.068048662128	-8664.412562038791	-800.6554866233369	-8501.654397344288	45.24141159305472	603.1522761420341	0.176471029316558	1.062235202051042	0.019218583021034682	0.1793060559181482	2.1318883269243	0.7993833715787433	1.3215006461413976	0.04061393063419466	3.194931748141531	0.0881524014363081	0.724346780038645	1.062235202051042	0.019218583021034682	0.1793060559181482	2.1318883269243	0.7993833715787433	1.3215006461413976	0.04061393063419466	3.194931748141531	0.0881524014363081	0.724346780038645	6.788738596233578	0.3005125319903916	0.21359873993903644	0.21296778401404606	0.27292094405652706	0.523898427993212	48.588942542983055	-789.7665943816971	0.0011201117225766272	0.5714535768551848	0.0010551469811868083	1.498388086103269E-7	0.35073991541660277
92700000	-9464.978959592636	-8666.497747715799	-798.4812118768376	-8501.306349326966	49.711722335053175	615.7368335899621	0.20677305162563048	0.09149554111937669	0.20758070717601473	0.8638995565512948	0.7753531818032334	0.29398011470218016	0.6197993190997234	0.01966763907560881	1.8682738804868793	0.14646264739026932	1.309804732653102	0.09149554111937669	0.20758070717601473	0.8638995565512948	0.7753531818032334	0.29398011470218016	0.6197993190997234	0.01966763907560881	1.8682738804868793	0.14646264739026932	1.309804732653102	6.213806505677467	0.29386936261554714	0.21488687170746007	0.2176017008438127	0.27364206483318115	0.45469213508407663	51.65316966595049	-791.496690091754	0.0010365585079972553	0.5383524090665427	9.681716308993815E-4	1.6053271241592638E-7	0.38360316135590566
92800000	-9505.86120049832	-8679.177523713795	-826.6836767845256	-8515.003384607799	49.204879290258475	673.825196014813	0.15473664092624723	0.10074406841196841	0.6041530862879795	0.45702921090325965	0.2992786434711957	1.3079355846107878	1.455507928421687	0.6407338032680444	5.288698649226969	0.7086342998038456	0.5120056638491638	0.10074406841196841	0.6041530862879795	0.45702921090325965	0.2992786434711957	1.3079355846107878	1.455507928421687	0.6407338032680444	5.288698649226969	0.7086342998038456	0.5120056638491638	6.0973235199523925	0.3061350804265224	0.200167138688845	0.21530515762442418	0.2783926232602095	0.5666402172716078	60.60324105793503	-814.691015535659	7.716957724265263E-4	0.4808962186109513	7.69155118907325E-4	8.731400991566602E-8	0.3806170512660628
92900000	-9533.777186753332	-8695.041394783599	-838.7357919697336	-8529.238114336893	44.71096557544678	686.0769107191003	0.16892498496810862	0.3099635505576856	0.19964061024766053	0.8272473027381894	1.4649141285263	0.229403201033576	2.591047170941091	0.1935783062235292	7.941830722968992	0.6998787175587463	2.102106182907845	0.3099635505576856	0.19964061024766053	0.8272473027381894	1.4649141285263	0.229403201033576	2.591047170941091	0.1935783062235292	7.941830722968992	0.6998787175587463	2.102106182907845	6.3712125913049835	0.2977819520703281	0.20269543139316645	0.21344295556058412	0.2860796609759224	0.45312040567651923	60.944547391324505	-822.6463876729852	7.95162442707046E-4	0.22647786762999386	8.06456974568099E-4	3.397920874065881E-8	0.2260207051359497
93000000	-9528.431444745338	-8699.139168236878	-829.292276508461	-8535.08407884342	43.794152556731746	657.7803516487465	0.13844348694713388	0.1413057558143534	0.13941940984641144	0.8110074490557364	0.011228179903590228	1.8891655803546237	1.3392078071407998	0.05933394523359269	3.085105360713136	0.7571575787913322	1.1308372768154444	0.1413057558143534	0.13941940984641144	0.8110074490557364	0.011228179903590228	1.8891655803546237	1.3392078071407998	0.05933394523359269	3.085105360713136	0.7571575787913322	1.1308372768154444	6.781019990305654	0.30815616374318633	0.20071793991568443	0.21311182080292934	0.278014075538201	0.5419345219670267	58.98890813297464	-819.3325483049005	8.298395134711231E-4	0.3851897567510615	8.26902981937089E-4	1.0888308461307343E-7	0.3964775017644947
93100000	-9489.661459878174	-8683.751373242447	-805.9100866357284	-8524.65738728159	40.87790314928574	574.0320309100825	0.18048045132043888	0.08067599472057913	0.10493361561073254	1.8440173458535003	0.2371595099848876	0.5468848901455886	1.9590858519895513	0.21189184629532926	3.431539207588551	0.18323941310345312	0.47580448834271616	0.08067599472057913	0.10493361561073254	1.8440173458535003	0.2371595099848876	0.5468848901455886	1.9590858519895513	0.21189184629532926	3.431539207588551	0.18323941310345312	0.47580448834271616	6.783904930268557	0.3028955621237341	0.20409688475863105	0.2099266035193629	0.28308094959827307	0.49217974312417984	52.07692993115802	-796.812932491421	8.519376788522417E-4	0.32946280320182947	9.640822806453926E-4	1.3273959687454902E-7	0.411052998005732
93200000	-9510.14551813174	-8679.882410316473	-830.2631078152666	-8517.54708070441	50.725424409219976	670.38368370781	0.15160527061249715	0.04703536779455926	0.025342688089992942	1.2115597870752262	0.7245158233580803	2.1020115522205836	0.04509427281149733	0.16458954799396705	3.996322390607242	0.14165833948652368	0.461583717534659	0.04703536779455926	0.025342688089992942	1.2115597870752262	0.7245158233580803	2.1020115522205836	0.04509427281149733	0.16458954799396705	3.996322390607242	0.14165833948652368	0.461583717534659	6.314253356349018	0.29622578412295436	0.21004786739576484	0.21241496039263588	0.28131138808864603	0.5370222058501062	55.17096059903977	-820.856929575328	8.765240813473654E-4	0.41364106222042535	8.41471453622432E-4	1.3063146008582532E-7	0.4293574344573274
93300000	-9559.810129985533	-8683.28071664702	-876.5294133385132	-8523.549764749954	63.90908856321492	845.6643250304633	0.10121301748192965	0.5556409840705727	0.05212581615252754	0.7004557548931448	0.2588912318225786	1.0569464609843502	3.018149544698957	0.8238267332936021	8.762859694490961	0.8634703432675755	1.2552583296478081	0.5556409840705727	0.05212581615252754	0.7004557548931448	0.2588912318225786	1.0569464609843502	3.018149544698957	0.8238267332936021	8.762859694490961	0.8634703432675755	1.2552583296478081	5.987205875894251	0.30151871288893106	0.20891881364207715	0.20825108538034687	0.28131138808864603	0.48464612984063904	74.16045382021328	-858.4206357214805	7.140256203625021E-4	0.41761275319162566	6.733888066103381E-4	9.973678365315262E-8	0.4511308620688361
93400000	-9464.61311959478	-8677.239668958237	-787.3734506365437	-8507.024592493874	58.55958820335478	616.1083704067793	0.20222768233933755	1.2276692361030161	0.13659672582896676	0.31407576217233596	0.4826958847868406	0.9955975396819763	0.324278856846275	0.7031119520594198	3.0833384497907286	0.228624248403	1.0793107413487733	1.2276692361030161	0.13659672582896676	0.31407576217233596	0.4826958847868406	0.9955975396819763	0.324278856846275	0.7031119520594198	3.0833384497907286	0.228624248403	1.0793107413487733	5.765123812331251	0.2930315961591706	0.21308916895109034	0.20468826142446894	0.28919097346527123	0.47743452727147395	50.464924917880566	-777.9806200607628	9.463445527411751E-4	0.6081737735699132	8.923459373502797E-4	1.8628119633006663E-7	0.4482870659389139
93500000	-9472.80537315517	-8686.249523585764	-786.5558495694066	-8521.466774707227	48.879019698384035	605.1576675625945	0.1670249099158538	0.06320713818609838	0.10791679372772948	1.0349320831800533	0.1257941550079307	0.09254524860242488	1.8454701668245554	0.056737270703534265	3.2967910927534367	0.9848998229844516	0.026760294414351	0.06320713818609838	0.10791679372772948	1.0349320831800533	0.1257941550079307	0.09254524860242488	1.8454701668245554	0.056737270703534265	3.2967910927534367	0.9848998229844516	0.026760294414351	6.3775011467993	0.30208996054394577	0.2028862115003234	0.21776509666030802	0.27725873129542405	0.5530971581631501	43.78726518624429	-777.3359044017035	0.0010976208331423642	0.6914546508671109	0.0010045559316627095	2.468801012207272E-7	0.4450175707564069
93600000	-9516.005621692913	-8686.189840404177	-829.8157812887368	-8519.816290147373	48.361834807492286	700.0547542776744	0.11741348976238035	0.4406397730942118	0.056943744240475255	1.1809082919591778	0.0764723106437798	1.8995500808746633	0.9698867316251406	0.5734573401781273	3.555407254601478	0.5590475814990484	2.473750891161531	0.4406397730942118	0.056943744240475255	1.1809082919591778	0.0764723106437798	1.8995500808746633	0.9698867316251406	0.5734573401781273	3.555407254601478	0.5590475814990484	2.473750891161531	7.12165903045177	0.30057829199096237	0.21660204417713144	0.21381585128882624	0.2690038125430812	0.6161345885068282	55.55533058635128	-817.1442110240314	7.296543650017605E-4	0.46682279222942447	7.332201559257681E-4	1.3376402360025364E-7	0.488555974448676
93700000	-9519.991361383329	-8686.255158055483	-833.7362033278455	-8523.122207827124	48.43430332634871	698.9826760642577	0.16283931183520128	0.3425333720300785	0.20247708404737177	0.25995059644476065	1.759720973081449	0.7103376638347793	0.3323019817351145	0.16567831393297547	4.633915358854475	0.48821608202819133	2.05112870341489	0.3425333720300785	0.20247708404737177	0.25995059644476065	1.759720973081449	0.7103376638347793	0.3323019817351145	0.16567831393297547	4.633915358854475	0.48821608202819133	2.05112870341489	6.343317517645582	0.28251976122298983	0.21660407119961303	0.21381585128882624	0.2870603162885721	0.44372406794713626	64.41603969556888	-822.4957270125097	7.899125595777471E-4	0.412544623656796	7.496333367770154E-4	1.3623810858876988E-7	0.4758795944378626
93800000	-9525.243784403683	-8693.727365781418	-831.5164186222639	-8526.224125577603	47.32858518122413	694.9410156479854	0.10000508213147222	0.20650052258876153	0.5694147363650712	1.403687086314017	0.19562068563182383	1.8004782769049186	0.16577254389699464	0.03441378460186405	3.2813168039454377	0.18587739040875187	0.5652105160948488	0.20650052258876153	0.5694147363650712	1.403687086314017	0.19562068563182383	1.8004782769049186	0.16577254389699464	0.03441378460186405	3.2813168039454377	0.18587739040875187	0.5652105160948488	6.343317517645582	0.30658638821989964	0.2085862240997716	0.21928479873719736	0.26554258894313254	0.48880241596788776	62.2266725591398	-822.5542588813544	7.498377911952234E-4	0.36938532034490373	7.727114482448653E-4	1.35642882045691E-7	0.47459161759854596
93900000	-9550.877234582875	-8698.731896185367	-852.1453383975077	-8532.323559836523	48.13554153046375	760.2106517205033	0.17666296547633897	1.2630983353853855	0.13471465973064592	0.5283856710115035	0.038341381369508085	0.28193332384449526	1.672486514604562	2.2056518602934054	2.2964741843362186	0.2924786539755678	0.24882305295927235	1.2630983353853855	0.13471465973064592	0.5283856710115035	0.038341381369508085	0.28193332384449526	1.672486514604562	2.2056518602934054	2.2964741843362186	0.2924786539755678	0.24882305295927235	5.855934318487005	0.28558841382671263	0.22447667801508425	0.21001659102943326	0.279918317128771	0.466698109944368	75.9661223620756	-843.3150277806998	7.158085161438454E-4	0.34200144869992066	7.497345416548897E-4	6.717090057553657E-8	0.36483064702410745
94000000	-9464.810729767558	-8671.3503069815	-793.4604227860588	-8514.218522794927	50.83274813040656	619.707484364454	0.13967952709145365	0.22236466365174767	0.003635369421273549	0.9398985783205311	0.2420491524959655	0.419733691392088	1.1864562422999356	0.11933700427725621	2.584586873596961	0.3141575329978832	0.11503246383553348	0.22236466365174767	0.003635369421273549	0.9398985783205311	0.2420491524959655	0.419733691392088	1.1864562422999356	0.11933700427725621	2.584586873596961	0.3141575329978832	0.11503246383553348	6.0317802434835714	0.3021347000559599	0.21317295343230222	0.2168653439795388	0.2678270025322003	0.5689262756807909	42.49881861448598	-786.157740305524	9.31607266628548E-4	0.64535626884998	8.824681464310528E-4	2.0990057531830782E-7	0.4878897340927197
94100000	-9498.411521733138	-8675.106204835287	-823.3053168978515	-8524.641070788894	43.489788992037155	621.9398212938156	0.1453614459014327	0.1345645546045281	0.006075896367736581	1.336165073668489	2.0973450727811573	1.5476442701532342	0.11001405889213367	0.19957231012305954	5.08950087870166	0.05970087432428408	1.8613755438356738	0.1345645546045281	0.006075896367736581	1.336165073668489	2.0973450727811573	1.5476442701532342	0.11001405889213367	0.19957231012305954	5.08950087870166	0.05970087432428408	1.8613755438356738	5.430503029572275	0.3021347000559599	0.22155025638796358	0.20848804102387744	0.2678270025322003	0.4484121914833243	50.124750510704956	-810.3171959707528	8.838347601878686E-4	0.5346135483985303	8.612344870037871E-4	2.5871657671528856E-7	0.5762665864090648
94200000	-9492.187872723935	-8674.509747028153	-817.6781256957812	-8507.767372404009	48.67220964812378	651.5299399726789	0.08844552543040203	0.015019967399011815	0.14075625723276683	0.7285101016427296	1.4440287438325259	0.9838889320526069	1.3980732119119665	0.4497521178230126	2.3909160861100727	1.7355566229188866	0.9925259971386036	0.015019967399011815	0.14075625723276683	0.7285101016427296	1.4440287438325259	0.9838889320526069	1.3980732119119665	0.4497521178230126	2.3909160861100727	1.7355566229188866	0.9925259971386036	7.761614344970092	0.2966240908901998	0.2042464002433811	0.20848804102387744	0.29064146784254286	0.4483925739587314	54.52310881092058	-806.1704845929376	8.501196312330268E-4	0.4066791144669566	8.372711381017707E-4	1.1251911492729095E-7	0.3993686323448482
94300000	-9497.938793285419	-8671.803800111182	-826.1349931742363	-8521.150754708438	45.79503474338758	660.8427558404045	0.10591962975947572	0.060379108816980484	0.018823088789542138	1.175640377090354	0.09709881666174185	0.7769670263634181	0.2716846260982869	0.6528939853881316	3.0576001123172745	0.6378654146443542	2.7748007741548317	0.060379108816980484	0.018823088789542138	1.175640377090354	0.09709881666174185	0.7769670263634181	0.2716846260982869	0.6528939853881316	3.0576001123172745	0.6378654146443542	2.7748007741548317	7.05199178082777	0.3038888300280725	0.2125320433314289	0.20946971367102907	0.2741094129694708	0.5232228529808746	63.266940322398135	-815.826709263611	7.766565182487844E-4	0.3719076638462227	8.037311698001481E-4	8.077191274707549E-8	0.36129381502270086
94400000	-9497.109751696033	-8678.943312667365	-818.1664390286671	-8516.778445159003	48.70670998523657	673.8723567267838	0.25451634321977873	0.6305864564655917	0.11650930966579365	0.02939161943417801	0.44306475068887696	0.6561799261313979	1.5511000263001682	5.27983672674844E-5	1.8956676836053614	0.43993585834124593	3.241510469754825	0.6305864564655917	0.11650930966579365	0.02939161943417801	0.44306475068887696	0.6561799261313979	1.5511000263001682	5.27983672674844E-5	1.8956676836053614	0.43993585834124593	3.241510469754825	6.302883718887274	0.3023852131760063	0.20439936253075483	0.20946971367102907	0.283745710622211	0.5268933712889972	65.54051243786989	-809.019730026444	8.185080130140821E-4	0.39378537323879487	8.572702554788767E-4	1.0896317857216629E-7	0.3940906394514081
94500000	-9500.406471153363	-8676.985071861365	-823.4213992919982	-8521.338200345457	48.066741511409674	690.74729129089	0.09041819663280365	0.02891688030906356	0.060883258378892684	0.7039647181323294	0.24957943380974587	1.6923760019630072	0.22688076611597088	0.1138729958665196	4.7470876644598246	0.05368017865525187	0.9141149208487489	0.02891688030906356	0.060883258378892684	0.7039647181323294	0.24957943380974587	1.6923760019630072	0.22688076611597088	0.1138729958665196	4.7470876644598246	0.05368017865525187	0.9141149208487489	5.6511721974158915	0.29496955515662804	0.21831084757333208	0.20773142930428454	0.2789881679657566	0.5041023656364425	52.560006781900725	-813.9953246182007	8.687342618798527E-4	0.3868765561168798	8.103794012569644E-4	1.1662693715106435E-7	0.39750573654858395
94600000	-9526.175544561176	-8703.601660601273	-822.5738839599034	-8546.770396684235	42.435991681107765	642.8252367925887	0.18931490499588205	0.6309903304184877	0.041965259237640905	0.39574676067551645	1.832613847780422	0.669976587024205	0.8480506455712002	0.00301905685213365	1.8818513838265876	1.0171667094730397	2.1272588016837988	0.6309903304184877	0.041965259237640905	0.39574676067551645	1.832613847780422	0.669976587024205	0.8480506455712002	0.00301905685213365	1.8818513838265876	1.0171667094730397	2.1272588016837988	5.9144126643538275	0.30722350077249183	0.21831084757333208	0.19732168140135214	0.27714397025282517	0.5427895553878693	57.63529588383674	-812.7842052520716	8.368706560026153E-4	0.4439526035385397	8.901486454059988E-4	1.3509718426226182E-7	0.42674837526436693
94700000	-9512.111722398742	-8691.667079078316	-820.4446433204273	-8531.954953732926	43.29042592322855	662.3924649600697	0.19316820644638502	1.0558786608763049	0.07770679640935875	1.0854949342611497	1.2725742323951894	0.6444401006768624	0.14965706418822616	0.18835485676969746	1.919996744122739	0.07473123796914646	0.32086302065729283	1.0558786608763049	0.07770679640935875	1.0854949342611497	1.2725742323951894	0.6444401006768624	0.14965706418822616	0.18835485676969746	1.919996744122739	0.07473123796914646	0.32086302065729283	6.014247240857801	0.30607195559760086	0.20396911477191712	0.2028953741233506	0.2870635555071327	0.47343020264109087	53.91175614910068	-813.5516004569315	7.888297247055172E-4	0.43170381796204244	7.630309682052363E-4	1.130483889239883E-7	0.4323261348763287
94800000	-9478.392466828838	-8688.804324457997	-789.5881423708413	-8521.41348551341	52.67575460949473	616.582710075727	0.18161991908198663	0.5975174978652276	0.45338743116293195	0.19402103535526102	0.8754276867001308	0.2199634066923402	2.284862303245032	0.5993621879390884	3.2966260435093275	0.3158919878096761	0.07731684040058483	0.5975174978652276	0.45338743116293195	0.19402103535526102	0.8754276867001308	0.2199634066923402	2.284862303245032	0.5993621879390884	3.2966260435093275	0.3158919878096761	0.07731684040058483	6.723594591830877	0.29804335727983394	0.21252112701512713	0.20237196019790754	0.2870635555071327	0.43392900662318756	48.6379607883516	-779.8767759093387	9.837288327054308E-4	0.5117428824898937	9.105910393322412E-4	1.8785257857645323E-7	0.4494361556626903
94900000	-9513.029520908967	-8694.75971229633	-818.2698086126371	-8530.197002552899	55.2636924133968	700.1407231822293	0.13068937128180597	0.17381926795403155	0.700200481825314	0.6238085261564243	1.842634672913183	0.7958697027040139	3.2091649564933253	0.5826771545101505	3.268643635474261	0.39495568113815793	0.14420203368176862	0.17381926795403155	0.700200481825314	0.6238085261564243	1.842634672913183	0.7958697027040139	3.2091649564933253	0.5826771545101505	3.268643635474261	0.39495568113815793	0.14420203368176862	6.873436260496788	0.28639628930595173	0.22573990569127947	0.21726874592716544	0.2705950590756048	0.3999042031607602	56.53050458409225	-805.6809335663238	9.291471970517601E-4	0.4629732489748886	8.200022412117893E-4	1.88804366424805E-7	0.47072942356893643
95000000	-9544.428069625286	-8674.624215433627	-869.8038541916599	-8512.6254826799	51.549971347627206	831.3697625032096	0.11496016876256272	0.5053009098028712	0.0790832854586176	1.4644032838323477	0.31650972637566194	0.9316087048775077	0.23430569621630348	0.0036942096369637478	4.280122487170805	0.7231859802450326	0.43473336161111065	0.5053009098028712	0.0790832854586176	1.4644032838323477	0.31650972637566194	0.9316087048775077	0.23430569621630348	0.0036942096369637478	4.280122487170805	0.7231859802450326	0.43473336161111065	6.270760494492921	0.3037637456434162	0.20190329862605166	0.2119462021101791	0.28238675362035454	0.5097757851716602	82.15533715832531	-860.0146627869838	6.928252077268483E-4	0.42308676238329457	6.707688146556106E-4	9.589108708467212E-8	0.4419573329571453
95100000	-9474.237034592954	-8662.962968783308	-811.2740658096468	-8498.741264409786	48.54554501433483	650.3852036167109	0.15472654977995381	0.5639363272962523	0.5294594722512082	1.3805732623686013	0.07528959689702415	2.280828391227437	0.9838893031719671	0.09007404646276221	3.68081227333478	0.8089740449283591	0.021750618820389433	0.5639363272962523	0.5294594722512082	1.3805732623686013	0.07528959689702415	2.280828391227437	0.9838893031719671	0.09007404646276221	3.68081227333478	0.8089740449283591	0.021750618820389433	6.1474044533085	0.30057492741197817	0.2057980575543364	0.21646601105245233	0.2771610039812346	0.47338752911198423	56.347483529967704	-799.9386408882021	0.0010562459181866388	0.4685854168498322	9.860872194007106E-4	2.7252940688103373E-7	0.48598145096375445
95200000	-9503.095968793545	-8681.495470879347	-821.6004979141981	-8520.200929108363	47.57524415698555	648.1380276220943	0.16103329800327415	0.2587370647529756	0.15261636765737296	0.7570438804159805	0.5109404842016464	0.8987735055677422	1.1014372020974872	0.05358416773797974	2.2802507004397694	0.5654635426312085	0.36270356406981236	0.2587370647529756	0.15261636765737296	0.7570438804159805	0.5109404842016464	0.8987735055677422	1.1014372020974872	0.05358416773797974	2.2802507004397694	0.5654635426312085	0.36270356406981236	6.151271744112833	0.29246558457235955	0.2165673998512655	0.20807751087096607	0.28288950470541036	0.46549530338604395	50.21877315458384	-814.3364500787651	8.93662238613959E-4	0.4318488364140749	8.735052543313543E-4	1.6626216211198542E-7	0.46403871992517876
95300000	-9475.821918225585	-8654.331535928734	-821.4903822968511	-8495.425140927615	56.29796325186229	712.8607875854767	0.16895148413748548	0.37029959610238766	0.016858506772903542	0.16845141268980476	0.6264282922226109	0.1198522778156778	1.4160101310860167	0.030492212604011328	2.6689966563357883	0.413520379634753	0.1739502484201196	0.37029959610238766	0.016858506772903542	0.16845141268980476	0.6264282922226109	0.1198522778156778	1.4160101310860167	0.030492212604011328	2.6689966563357883	0.413520379634753	0.1739502484201196	5.816823926558684	0.30560199382605896	0.20151864614067663	0.21182013819130166	0.2810592218419642	0.5035842756432711	58.308360698701605	-814.5367208000091	7.92487998922477E-4	0.6338259923589155	7.488229297355944E-4	1.7372742089341546E-7	0.5214362869284594
95400000	-9521.538896756658	-8698.020560929974	-823.5183358266834	-8530.493496203013	39.53218787373252	610.1121380575798	0.1837733736952926	1.7322313080328555	0.5297005708611828	1.6349184038808735	1.1978816334152247	1.766038345994972	2.691500256821661	0.7127595800419201	4.137733041428184	0.34930551837764895	1.1836187746012667	1.7322313080328555	0.5297005708611828	1.6349184038808735	1.1978816334152247	1.766038345994972	2.691500256821661	0.7127595800419201	4.137733041428184	0.34930551837764895	1.1836187746012667	6.315259729557496	0.29485591288554847	0.21226472708118715	0.21182013819130166	0.2810592218419642	0.6096227600385332	62.47334113455381	-807.2735295091053	8.666048788460851E-4	0.36165369718324814	9.036037850597414E-4	9.6380441256162E-8	0.3586136493953642
95500000	-9517.414575741397	-8665.585480074986	-851.8290956664123	-8499.246895412758	54.44310486226894	754.9013939374936	0.13197932449101546	0.07221635889232929	0.2979747468541227	0.34453224328825405	1.0890370174943844	0.600721535287179	0.6814583008620675	0.0044900234113072705	2.2085527142910535	0.3117690257568983	0.302301819872369	0.07221635889232929	0.2979747468541227	0.34453224328825405	1.0890370174943844	0.600721535287179	0.6814583008620675	0.0044900234113072705	2.2085527142910535	0.3117690257568983	0.302301819872369	6.256626698451604	0.30443347138389004	0.19913383303583776	0.20977812882076316	0.28665456675951057	0.45617305444937456	71.78904255902306	-845.2361983571827	7.551576970073127E-4	0.4349077634733907	7.19177396645522E-4	1.054171924717522E-7	0.42482365862078975
95600000	-9509.678578087502	-8675.314816103033	-834.3637619844684	-8511.489308291902	49.214714142200734	726.0746154777577	0.1400539470078752	0.7329546956243068	0.20865469265157396	1.9878697718396705	0.1962780656074646	1.055841029782919	1.5230073444358567	0.3529133071853086	4.206791932925839	0.5481016536096133	0.3088748389478932	0.7329546956243068	0.20865469265157396	1.9878697718396705	0.1962780656074646	1.055841029782919	1.5230073444358567	0.3529133071853086	4.206791932925839	0.5481016536096133	0.3088748389478932	6.157086011540561	0.30443347138389004	0.21110817686621564	0.21028970132892164	0.2741686504209742	0.48588810834409907	64.3597697197492	-823.0029153940809	8.182337018864248E-4	0.3411154534360956	7.553030383803231E-4	8.639964519974617E-8	0.37347657408919455
95700000	-9522.508274604017	-8678.960562903598	-843.5477117004202	-8513.69457364059	76.53872248395889	792.577760786267	0.12417042215112685	0.17043555534590205	0.4108534984336799	0.10923223386037374	0.35239770654274805	2.4294412111260275	1.4037397798346485	0.05447018294119052	5.652114052512084	0.2911755070140885	0.25274341456843274	0.17043555534590205	0.4108534984336799	0.10923223386037374	0.35239770654274805	2.4294412111260275	1.4037397798346485	0.05447018294119052	5.652114052512084	0.2911755070140885	0.25274341456843274	7.118208376838526	0.30443347138389004	0.21102176309306334	0.21028970132892164	0.2742550641941265	0.5244634321093982	62.22225118511521	-831.2447279627038	7.691397433754626E-4	0.5272663951630084	7.394582922787201E-4	1.0142146187446291E-7	0.39383207639312384
95800000	-9490.668100766892	-8660.37998001275	-830.2881207541415	-8495.471479802532	86.41844980940205	800.0698916493999	0.19445157433401677	0.5386873559041919	0.03711487046200496	0.6823564824550635	0.3165987233852973	0.07362612459567192	1.5756955849829246	0.6380112842673724	3.4737936824007374	0.19263046952106602	1.3655487217728017	0.5386873559041919	0.03711487046200496	0.6823564824550635	0.3165987233852973	0.07362612459567192	1.5756955849829246	0.6380112842673724	3.4737936824007374	0.19263046952106602	1.3655487217728017	7.489077754543102	0.28821643915699824	0.21102176309306334	0.20918540115300344	0.29157639659693646	0.5440089036309871	60.19574067146905	-820.6789020387931	7.548747778925163E-4	0.4916696608837037	7.133943224427706E-4	1.0880597974246478E-7	0.4271368939924466
95900000	-9517.856279685804	-8681.194308123791	-836.6619715620127	-8517.718166623841	66.16892164754812	717.9573746221347	0.200266132100664	1.0585320148060882	0.20600977642053578	1.0578288409645302	0.2666907899842017	0.6568870510353643	2.633345038655806	1.283155368368204	2.2091464077904686	0.13480495274252852	0.08523567161633656	1.0585320148060882	0.20600977642053578	1.0578288409645302	0.2666907899842017	0.6568870510353643	2.633345038655806	1.283155368368204	2.2091464077904686	0.13480495274252852	0.08523567161633656	6.534423949762937	0.3016381299663427	0.21102176309306334	0.21786331596811687	0.2694767909724786	0.4498139025362888	58.71020877085468	-826.9951916698145	7.535070117402601E-4	0.42080676610118095	6.82080330599167E-4	1.0103442886391058E-7	0.42822381542915405
96000000	-9531.591100623242	-8666.436416386972	-865.15468423627	-8499.539285129684	55.92691527254124	818.9454386228242	0.20028200675690003	0.02072908192548746	0.033289101195445384	0.08009423201124348	2.757094899777963	1.3391337255675815	0.29404313129075693	0.5326908431680284	3.781762073393438	0.032505510153912946	0.9181182291925947	0.02072908192548746	0.033289101195445384	0.08009423201124348	2.757094899777963	1.3391337255675815	0.29404313129075693	0.5326908431680284	3.781762073393438	0.032505510153912946	0.9181182291925947	5.980875431220443	0.29522584764216925	0.20623916008169813	0.2224563666777162	0.27607862559841795	0.4649297929259921	78.67840057077049	-855.268724862407	7.021004117811963E-4	0.40884492134352934	6.79987895681174E-4	6.77254540919982E-8	0.37730287905788923
96100000	-9497.65467922674	-8678.369846230082	-819.2848329966578	-8510.651991227796	58.94722266309892	707.1617348686534	0.11147788051738716	0.7978874027293937	0.31863424730359075	1.0732835866002968	0.4735081258336886	1.64835059925676	0.8186305512933896	0.09960864986583588	3.017069958154065	0.24531493684525504	0.4651312904248437	0.7978874027293937	0.31863424730359075	1.0732835866002968	0.4735081258336886	1.64835059925676	0.8186305512933896	0.09960864986583588	3.017069958154065	0.24531493684525504	0.4651312904248437	5.3000172591297865	0.3111026054572874	0.21807723812962174	0.20872374822448428	0.26209640818860813	0.46702313259024825	60.812122783927514	-809.2912544931623	8.416007080399078E-4	0.5687409704022904	8.052577727370359E-4	1.641827217407944E-7	0.4763274982438932
96200000	-9528.27795560396	-8683.791058937304	-844.4868966666568	-8513.41248928303	61.3878309786911	766.8680935895394	0.17995133755643955	0.7170082201571746	0.0706717649489605	1.6105956104072894	0.51318367645338	0.9915278516858376	0.3862879170936304	0.7204073210312476	2.532985075100711	0.3133479191297106	1.1243245276912672	0.7170082201571746	0.0706717649489605	1.6105956104072894	0.51318367645338	0.9915278516858376	0.3862879170936304	0.7204073210312476	2.532985075100711	0.3133479191297106	1.1243245276912672	6.18911209973601	0.3111026054572874	0.2108989009314955	0.21264361055383996	0.2653548830573787	0.4457587058570427	62.987753375308614	-834.5476367838428	8.430622751035314E-4	0.5969322037328811	7.987215016718218E-4	1.8206850829099163E-7	0.4965980991210944
96300000	-9485.788473355155	-8672.096295713045	-813.6921776421103	-8510.854653044229	45.21888995380339	648.0680264179905	0.13901570230303367	1.092639673852355	0.005965519539186691	0.28915689774726216	0.2192903060236894	1.528054711663028	0.24188227300215498	0.6341908642096341	3.7308946684195954	0.4457630475592595	1.576119062584444	1.092639673852355	0.005965519539186691	0.28915689774726216	0.2192903060236894	1.528054711663028	0.24188227300215498	0.6341908642096341	3.7308946684195954	0.4457630475592595	1.576119062584444	6.049601190799785	0.30547903293233925	0.1938748644359464	0.21446377182076523	0.2861823308109506	0.572477096747466	52.31095675060388	-803.2011445727601	9.526011602633994E-4	0.42394936217091705	8.519943285230952E-4	2.1501509421460617E-7	0.5024930697171719
96400000	-9508.380336222343	-8678.280137420628	-830.1001988017143	-8509.057783100472	53.54265886683059	711.3779756351561	0.2974585550243654	0.6450098352175194	0.033848472758573146	0.15154120365012233	3.7547069323470152	0.42643606081376195	2.649044507734209	0.3899671425300109	2.035954963353803	0.8893697695477748	1.331729448701501	0.6450098352175194	0.033848472758573146	0.15154120365012233	3.7547069323470152	0.42643606081376195	2.649044507734209	0.3899671425300109	2.035954963353803	0.8893697695477748	1.331729448701501	5.898948160249873	0.3095523506013222	0.20993065977808373	0.20865247219069666	0.2718645174298989	0.5856959737828211	53.664078559117854	-817.7949845508018	8.831659066648381E-4	0.40851447220082115	7.947094026443659E-4	2.7384713415095685E-7	0.5850709650001459
96500000	-9501.92689354526	-8667.54998037121	-834.3769131740494	-8503.11738326339	52.45163744413114	722.3946419299878	0.16408384403260132	0.671642200435773	0.04407577596220714	0.9150771292576371	0.3921792782100641	0.7086059388678783	3.78885257354363	1.2717422235470843	5.006455923427377	0.6089686212744626	0.08853972712012338	0.671642200435773	0.04407577596220714	0.9150771292576371	0.3921792782100641	0.7086059388678783	3.78885257354363	1.2717422235470843	5.006455923427377	0.6089686212744626	0.08853972712012338	6.479145393151999	0.31057632883497305	0.21161832852965795	0.19487535565976652	0.28292998697560395	0.4322804185295229	51.74348558324515	-820.6670885834229	8.159266466577677E-4	0.4031244446211965	7.843795099314368E-4	1.050739766686705E-7	0.3967560426651481
96600000	-9548.200266291036	-8685.874534900267	-862.3257313907683	-8526.30747777233	58.772208281874036	818.403638340123	0.09649976499510185	9.223636506284046E-4	0.03377724204631881	0.5332151895087681	0.2914102411395221	0.5228518106531709	1.5677651055965405	0.3342879276327522	3.5653091487654325	0.24514833730296692	0.766257337096096	9.223636506284046E-4	0.03377724204631881	0.5332151895087681	0.2914102411395221	0.5228518106531709	1.5677651055965405	0.3342879276327522	3.5653091487654325	0.24514833730296692	0.766257337096096	5.8879913673077215	0.3091253287161524	0.20212717483078185	0.2219528734046079	0.26679462304845936	0.5234988041457015	78.03350064928966	-853.9631790987135	6.868386637738E-4	0.33592291965931087	6.622013350803703E-4	8.494166662813189E-8	0.4246826767963146
96700000	-9489.508262010866	-8681.127535056334	-808.3807269545317	-8524.276729419515	44.52196234910278	617.6485128011201	0.13274944031324704	0.011858288885258281	0.15295106252061952	0.7040093511125032	0.12444803004135668	0.5409034703925227	1.6610799242319794	0.24490238135800238	3.2929852008363034	0.08612533823294971	1.0287920291318622	0.011858288885258281	0.15295106252061952	0.7040093511125032	0.12444803004135668	0.5409034703925227	1.6610799242319794	0.24490238135800238	3.2929852008363034	0.08612533823294971	1.0287920291318622	6.0163566760948965	0.29635811353401176	0.20858325976511266	0.20525945156585476	0.2897991751350223	0.4874554512487377	63.293108002280526	-800.4565699273928	9.219438672522887E-4	0.24981392836118324	9.234986411129945E-4	5.484266023724714E-8	0.25208685089648647
96800000	-9507.33407783717	-8671.60210600874	-835.7319718284282	-8507.910931959921	55.287553426264495	765.3964856908208	0.11311126806045807	0.05940034648190312	0.029692133658519995	1.3369403169742158	0.07124011781701742	0.49013200779955113	1.2451197075914122	0.009774999956815217	2.4300525341752652	0.6200369014344972	0.05519476118048402	0.05940034648190312	0.029692133658519995	1.3369403169742158	0.07124011781701742	0.49013200779955113	1.2451197075914122	0.009774999956815217	2.4300525341752652	0.6200369014344972	0.05519476118048402	7.108975060770669	0.29084088392096513	0.20411738919635966	0.21524255174765436	0.2897991751350223	0.5141494609115858	64.33990313164657	-827.8556712080673	7.859898752453736E-4	0.586033400901894	7.530074582454346E-4	1.539750838686442E-7	0.4957014365781336
96900000	-9536.787330759635	-8694.516854892505	-842.2704758671292	-8528.823783154432	50.66598278917108	735.5306954226972	0.17466737539467572	0.013164015652950974	0.024333182678463176	0.4556594292991589	0.06914277475121117	0.5950970397117131	1.2627747925576993	0.6817443143993616	4.9455362821204005	0.18451722792845954	0.44070100917923627	0.013164015652950974	0.024333182678463176	0.4556594292991589	0.06914277475121117	0.5950970397117131	1.2627747925576993	0.6817443143993616	4.9455362821204005	0.18451722792845954	0.44070100917923627	6.594541569493937	0.2928790115250929	0.20411738919635966	0.21524255174765436	0.2877610475308946	0.5381818250139875	69.90601272347446	-833.7466363174694	6.649253606848945E-4	0.3064966449068287	6.940472895516826E-4	4.00049224603878E-8	0.2965188353883323
97000000	-9520.39211412915	-8676.569041801551	-843.8230723275999	-8509.25760943842	46.71998616212089	728.7766907888197	0.23091829855337506	0.2585904138109655	0.17705414878263837	0.3839334570519955	1.5945427872981315	0.5268950537562213	3.8450400323539817	0.2972294526415237	1.522254928067728	0.39076729587608167	0.7788983841610524	0.2585904138109655	0.17705414878263837	0.3839334570519955	1.5945427872981315	0.5268950537562213	3.8450400323539817	0.2972294526415237	1.522254928067728	0.39076729587608167	0.7788983841610524	6.820256477756889	0.3123456338797385	0.2038128453556844	0.20858972631278422	0.2752517944517943	0.4062351203628773	78.04536212369574	-834.7495092805464	7.690871216777154E-4	0.16624774199173964	7.489566881941622E-4	4.1841196875405295E-8	0.2675623825803654
97100000	-9492.294856384193	-8676.207738199002	-816.0871181851902	-8504.49571235116	72.25697959267963	757.2869152005433	0.11538539294360213	0.08232572807624215	0.24776871216455273	1.7037607626144489	0.791238798129692	1.1705631869637882	1.7951849554170434	0.10910213649846748	1.9262841959433048	0.47684205855462247	0.436719214004947	0.08232572807624215	0.24776871216455273	1.7037607626144489	0.791238798129692	1.1705631869637882	1.7951849554170434	0.10910213649846748	1.9262841959433048	0.47684205855462247	0.436719214004947	5.866529503230216	0.3072493194608839	0.192039396982636	0.22128050694839108	0.27943077660809046	0.482250126801384	53.112065242605624	-806.1474998000426	9.416499005085432E-4	0.5488058053697313	8.292602532357744E-4	1.5853248076888103E-7	0.4251664120478559
97200000	-9464.009079796597	-8665.098795933969	-798.9102838626276	-8502.507522174365	52.549880062392575	621.7161481308304	0.1598967902370021	0.13099291900482019	0.169005321127038	1.2714171528089153	1.0349541044705546	1.353391317658249	2.273301460223445	0.28011307338535124	4.596176218146971	0.7193455646826945	1.053714922014624	0.13099291900482019	0.169005321127038	1.2714171528089153	1.0349541044705546	1.353391317658249	2.273301460223445	0.28011307338535124	4.596176218146971	0.7193455646826945	1.053714922014624	5.973018795354572	0.30388712594149536	0.19970687794822337	0.2163895655619026	0.2800164305483801	0.5022225519258888	50.87123169806454	-785.0780474213091	9.128444944417533E-4	0.5845348630290149	8.6525772050433E-4	3.1852257786481974E-7	0.6043288172487088
97300000	-9512.668335844373	-8686.758602308517	-825.9097335358559	-8519.770767182044	44.66163427272704	698.4286389676498	0.12223337647364928	0.2722944412582092	0.11553479101213701	1.1013252582955302	0.6754228544089413	1.0236546481392472	0.7226291384452255	0.6184699630040508	2.689733908295031	0.009581680040477054	0.9093622165539818	0.2722944412582092	0.11553479101213701	1.1013252582955302	0.6754228544089413	1.0236546481392472	0.7226291384452255	0.6184699630040508	2.689733908295031	0.009581680040477054	0.9093622165539818	6.3332007550361	0.28641011357022106	0.2289935736911473	0.2041004152191457	0.28049589751948734	0.42955784099295446	54.36457777053374	-818.076446768259	8.372355326606883E-4	0.22671348513698672	8.162382492884375E-4	3.247156618491988E-8	0.2176460154153056
97400000	-9496.959122043541	-8687.860534457644	-809.0985875858963	-8515.069052037612	39.5498882539424	606.4695255305002	0.265774666944538	0.1636122404957122	0.01081383271105102	0.2585300737564803	0.03164862080339638	0.21730684285565005	1.2054177652045066	0.03659072159381539	1.7989501722915777	0.7401232053438506	3.1571649371437487	0.1636122404957122	0.01081383271105102	0.2585300737564803	0.03164862080339638	0.21730684285565005	1.2054177652045066	0.03659072159381539	1.7989501722915777	0.7401232053438506	3.1571649371437487	5.705117729516821	0.29234037829639714	0.21620307116315918	0.20443516810645024	0.2870213824339949	0.44895940651163085	51.228798572381976	-801.727381336654	9.234140882903038E-4	0.37638782900874596	8.979406859719397E-4	7.053042388643555E-8	0.28971408138389115
97500000	-9526.066030017659	-8694.678932960069	-831.3870970575892	-8535.13929838045	44.443909717098705	647.1656028416435	0.1670475626223226	0.008760617125088032	0.1580186335404907	0.20042202184372496	1.4153223536019852	1.6300538846756312	0.609034438369451	1.454782476977594	4.375699305596548	0.4367385094230925	1.6912053620661125	0.008760617125088032	0.1580186335404907	0.20042202184372496	1.4153223536019852	1.6300538846756312	0.609034438369451	1.454782476977594	4.375699305596548	0.4367385094230925	1.6912053620661125	6.342319865877898	0.29916067483797854	0.20406531962221186	0.20165940643217328	0.29511459910763777	0.497220384309113	60.852064284389265	-819.0132189283617	9.098837841199742E-4	0.3584313089960602	9.293125621026823E-4	7.864835125999803E-8	0.2982921856114536
97600000	-9485.240701944778	-8675.647985756594	-809.5927161881847	-8512.530039250423	47.697805557451744	640.9020994369223	0.10566067984800712	1.0866338518257654	0.6057037133688871	0.4832300238927776	0.013868580425180773	1.7647441236872912	1.37983771229623	0.041804765397497154	3.704790567051664	0.3952749486248604	0.39368306707167405	1.0866338518257654	0.6057037133688871	0.4832300238927776	0.013868580425180773	1.7647441236872912	1.37983771229623	0.041804765397497154	3.704790567051664	0.3952749486248604	0.39368306707167405	6.969562731753462	0.2918636605189734	0.20406531962221186	0.21038406649455424	0.293686953364262	0.402360843300783	51.14288165014897	-799.3971361827641	8.813102583400209E-4	0.28871260723074954	8.498972253087525E-4	7.335710723466723E-8	0.2980611602418195
97700000	-9482.044331815076	-8679.547508206208	-802.4968236088688	-8514.184311338193	48.33582703114951	620.6498572906473	0.23295478769788064	0.1286899456969846	0.06337837221202422	0.2674301731018671	1.0489724473362878	0.1008266588274737	4.323094691274809	0.09477159046168564	3.4107334949748194	0.1943466942152571	1.694180852471731	0.1286899456969846	0.06337837221202422	0.2674301731018671	1.0489724473362878	0.1008266588274737	4.323094691274809	0.09477159046168564	3.4107334949748194	0.1943466942152571	1.694180852471731	6.628331318627697	0.31884854071325613	0.20515009407481127	0.19632389948608814	0.27967746572584584	0.5259850210060367	47.06117892297683	-790.7909502477526	8.51563699907492E-4	0.4783182748902464	8.532130882559072E-4	6.915597513192045E-8	0.3038207761610093
97800000	-9526.174252758301	-8672.991123457121	-853.1831293011797	-8510.349183317116	52.180815709935715	784.1943504966382	0.10129875297411169	0.7109414586027605	0.08550120424366307	0.6884305483211197	0.8519185725027681	1.1802196714841027	1.8954136047824381	0.8236421703136684	5.438609620558177	0.4821535578443349	0.3104578983379063	0.7109414586027605	0.08550120424366307	0.6884305483211197	0.8519185725027681	1.1802196714841027	1.8954136047824381	0.8236421703136684	5.438609620558177	0.4821535578443349	0.3104578983379063	7.122984350868519	0.30624163447293395	0.2057997697174817	0.20975186530159282	0.2782067305079929	0.45750282646063356	68.07012108015664	-840.0917804847217	7.094661798311521E-4	0.34062677101124617	7.21437757007984E-4	7.097344689430394E-8	0.36565785203777823
97900000	-9477.373082330227	-8681.643001926748	-795.7300804034782	-8523.411112085876	43.93340497325143	599.5437303785376	0.13111586374062165	0.23288695066183132	0.3102326627266104	0.3651061109415515	0.0076432651881541405	1.9688935212754115	1.7920649076669048	0.014444585093267353	2.556909730335483	0.9112231819728105	0.3426505045905699	0.23288695066183132	0.3102326627266104	0.3651061109415515	0.0076432651881541405	1.9688935212754115	1.7920649076669048	0.014444585093267353	2.556909730335483	0.9112231819728105	0.3426505045905699	6.720245168360578	0.3034347345263259	0.21266767319122598	0.19795236557602533	0.2859452267064242	0.5748308664675869	52.087074774810496	-785.7801551409776	0.0010002482843548132	0.5455642739968118	9.675687287522056E-4	2.802348700620996E-7	0.5676118190886957
98000000	-9475.835065837051	-8688.852262641612	-786.982803195439	-8511.99614660858	38.82319831774452	533.7239086592228	0.19358864501471726	0.18973806344293853	0.2469536039772398	1.2370676913804666	1.6277963345687119	2.197008892472604	0.6831095922037316	0.555359433234521	2.496341491336728	0.8315233077177582	0.15469561892402056	0.18973806344293853	0.2469536039772398	1.2370676913804666	1.6277963345687119	2.197008892472604	0.6831095922037316	0.555359433234521	2.496341491336728	0.8315233077177582	0.15469561892402056	6.130544554871851	0.2981160353676625	0.20590943828410324	0.2085078318953625	0.28746669445287326	0.44581674354164347	42.97295630182867	-776.1910176074299	0.0010272371202444373	0.5110559508000644	0.0010300193100647754	4.001107661635701E-7	0.588978723965668
98100000	-9469.759732556477	-8663.61378920814	-806.145943348336	-8496.833904076526	59.929772423051226	625.6175609930928	0.22698261080602702	0.10558784746663005	0.8086902110276881	3.182052738592239	1.063624363194789	1.061796167474807	3.762513207420917	1.4059061790976008	4.050234938462077	0.39654508269495276	1.796600692104764	0.10558784746663005	0.8086902110276881	3.182052738592239	1.063624363194789	1.061796167474807	3.762513207420917	1.4059061790976008	4.050234938462077	0.39654508269495276	1.796600692104764	5.771391402575816	0.2957688920068237	0.20745734583741207	0.21609669149312538	0.28067707066264036	0.4840985021013896	51.12478046341135	-787.2426723052664	9.828329101723137E-4	0.7467464447041507	8.384667068860366E-4	8.622180694569144E-7	0.9197461089083726
98200000	-9557.346100558381	-8697.977586000367	-859.3685145580146	-8532.789859153954	55.26959070572164	762.9303441952902	0.12514479522937524	0.9255178894305507	0.6542576646358679	0.10380116286896751	0.16179080132856716	1.063400938391973	0.31397224856616607	0.5530754184085654	2.2998520625229615	0.24386826047202978	1.283587654398819	0.9255178894305507	0.6542576646358679	0.10380116286896751	0.16179080132856716	1.063400938391973	0.31397224856616607	0.5530754184085654	2.2998520625229615	0.24386826047202978	1.283587654398819	7.18395987925616	0.29753713762933826	0.21601510525565315	0.20405426724932893	0.2823934898656812	0.6000985497479397	75.65539852646154	-850.8405642240328	7.583037676171232E-4	0.3870507855216926	7.287336662285882E-4	3.3968475068252947E-7	0.810293929687787
98300000	-9515.890299837412	-8685.43860384392	-830.4516959934913	-8520.777527256743	42.68499776111876	662.3924952474484	0.11653347486090475	0.26901783358757725	0.0913532073638049	0.36193923958220553	1.5703351036729511	1.2096677097031518	1.005734481411795	0.1829323455889679	2.7154328611762435	0.3996783464245912	1.7838779378088823	0.26901783358757725	0.0913532073638049	0.36193923958220553	1.5703351036729511	1.2096677097031518	1.005734481411795	0.1829323455889679	2.7154328611762435	0.3996783464245912	1.7838779378088823	6.265983399162277	0.28534618240741666	0.21947511731502548	0.21716983246389224	0.2780088678136671	0.5492767932939239	64.26783535266861	-820.0159424723822	0.0010090765874872837	0.35287271601295545	9.521360575708846E-4	1.3180310259815972E-7	0.36428842528515465
98400000	-9483.439074456859	-8673.43999011957	-809.9990843372898	-8516.734129323977	45.940060503370006	616.2598458429293	0.13956573862767205	0.31036752079619717	0.08310608246956659	0.4090275660031355	1.4134370947315587	2.88878187124836	0.6837000162226411	0.3055455176379838	9.32420899565046	0.3064734689125232	2.133472472653524	0.31036752079619717	0.08310608246956659	0.4090275660031355	1.4134370947315587	2.88878187124836	0.6837000162226411	0.3055455176379838	9.32420899565046	0.3064734689125232	2.133472472653524	6.512466060295723	0.28925084243960436	0.212674355016203	0.21799163413700295	0.2800831684071912	0.4372418764702112	47.94502764369783	-791.6488522360505	9.261929147726716E-4	0.43061181290520684	8.73097244704959E-4	1.1516393296648113E-7	0.3821264584153017
98500000	-9493.965880957827	-8684.849157965276	-809.1167229925508	-8521.905207679385	44.24619867313619	621.5237927674129	0.21380532144248962	0.05300696003867241	0.019844714316295878	0.01896599473899409	1.7483551694103474	0.42554759926891417	0.35273607596818474	0.054421160004713795	1.773744950548932	0.23364254425408107	0.5297136827208946	0.05300696003867241	0.019844714316295878	0.01896599473899409	1.7483551694103474	0.42554759926891417	0.35273607596818474	0.054421160004713795	1.773744950548932	0.23364254425408107	0.5297136827208946	6.555433743780949	0.30446045369151453	0.20830534009337134	0.21656164461363114	0.2706725616014846	0.4245666484317084	50.82939916308889	-803.9185448297987	9.271809872619577E-4	0.36014975340462557	8.992852992366352E-4	1.0992652724720771E-7	0.35911462587914983
98600000	-9480.294076936567	-8663.12615000348	-817.1679269330876	-8493.279568773361	43.736202322887905	622.7969208392544	0.22378119446050038	0.0585336726784099	0.043337399527232236	0.5302967796801223	0.2742119736831307	0.4762241996990206	1.4251242238533053	1.2132749652571715	1.7591853783823317	0.4305378144962401	0.8386108702773041	0.0585336726784099	0.043337399527232236	0.5302967796801223	0.2742119736831307	0.4762241996990206	1.4251242238533053	1.2132749652571715	1.7591853783823317	0.4305378144962401	0.8386108702773041	6.331317882373675	0.2862746824702226	0.21520679633955414	0.21656164461363114	0.28195687657659374	0.4978697066715743	59.73073664107613	-809.4203809272007	9.189816185456756E-4	0.5258195547970137	8.666898668453023E-4	2.5600308017414904E-7	0.5647223158482976
98700000	-9478.064397372253	-8671.246463013482	-806.8179343587708	-8512.752638299818	41.58591754660671	582.6193471658304	0.15928583357653686	0.4898078201485748	0.009912114598633988	0.3298340365948151	0.6898311151447172	0.861601721463262	1.0112785423952872	0.48252036595044817	2.8095092613436687	0.5606164200582024	2.403530055529591	0.4898078201485748	0.009912114598633988	0.3298340365948151	0.6898311151447172	0.861601721463262	1.0112785423952872	0.48252036595044817	2.8095092613436687	0.5606164200582024	2.403530055529591	5.891054064457576	0.28930974406194726	0.21520679633955414	0.20889819959868733	0.2865852599998129	0.5448095212435725	44.90613191730589	-796.6291998912916	9.110687640951303E-4	0.5077637117467406	9.774257337865082E-4	2.892237178145567E-7	0.5644448519789005
98800000	-9475.080617770009	-8685.011762177353	-790.0688555926558	-8522.873172152398	51.77736137321094	621.5748929640963	0.12440907008998771	0.5403719763984355	0.04822986872399295	0.6802871448499331	0.08086984998249078	0.6807703527961491	0.31526316913787766	0.15337374126830966	2.755080163299134	0.43815929952657673	0.639889774885893	0.5403719763984355	0.04822986872399295	0.6802871448499331	0.08086984998249078	0.6807703527961491	0.31526316913787766	0.15337374126830966	2.755080163299134	0.43815929952657673	0.639889774885893	6.43238491379993	0.30497200325524565	0.1908329765754266	0.20536677376668275	0.29882824640264666	0.4045195966555465	52.949964283731696	-781.9579017477888	8.966851274551435E-4	0.7326584237882515	8.564069819359822E-4	2.9585513327826544E-7	0.5838307267018137
98900000	-9542.520412651973	-8696.270531184282	-846.2498814676903	-8546.155545269548	53.01392080219078	738.8035926676192	0.0890170318802138	0.7416179093445399	0.24333449113232683	1.0674715218820554	1.6462812017026476	2.829196975492667	0.1747893097690892	0.5699127117710993	5.124803068246848	1.3502644237929728	0.25018669351785777	0.7416179093445399	0.24333449113232683	1.0674715218820554	1.6462812017026476	2.829196975492667	0.1747893097690892	0.5699127117710993	5.124803068246848	1.3502644237929728	0.25018669351785777	7.207403749768865	0.2916719667172348	0.20094146587527278	0.20536677376668275	0.30201979364081133	0.5862661529001159	62.71485521508656	-830.9541317088473	7.150759443117443E-4	0.44965826990594	7.062014382931308E-4	1.1670112005272067E-7	0.4608467289563999
99000000	-9515.410612674474	-8685.98955003364	-829.4210626408327	-8535.97283644671	55.046036463111065	699.1555942177861	0.15888801054200616	0.02866076478314607	0.5275255774119842	0.022329213024958543	2.4634307541930087	1.5148784441434464	0.9889021122018721	0.7417994829642527	4.166863468961655	0.1981036329516517	3.768036902786502	0.02866076478314607	0.5275255774119842	0.022329213024958543	2.4634307541930087	1.5148784441434464	0.9889021122018721	0.7417994829642527	4.166863468961655	0.1981036329516517	3.768036902786502	6.412899893353339	0.31310052326787763	0.19857480886105747	0.21278059690069287	0.2755440709703737	0.5828551448996183	61.99151099674364	-813.9952436996514	8.207354606728631E-4	0.5301533184046487	7.540780735140645E-4	2.0611170308364884E-7	0.5608589432284147
99100000	-9486.780962457406	-8664.778983958635	-822.0019784987709	-8510.114135538144	48.267743312574744	692.6099277970148	0.1166123602211786	0.28646730917838675	0.23007327347828763	1.6494879325477647	0.23310035822655628	0.7604800627163627	1.1306330769576474	0.15285538139091473	2.5330244299561655	0.3938695634550828	0.09688713585792467	0.28646730917838675	0.23007327347828763	1.6494879325477647	0.23310035822655628	0.7604800627163627	1.1306330769576474	0.15285538139091473	2.5330244299561655	0.3938695634550828	0.09688713585792467	7.361465050113809	0.31310052326787763	0.2039530688976992	0.20899319015230108	0.2739532176821238	0.46844960320119033	59.29276318202153	-813.3241186239081	8.551595028993402E-4	0.4746818050879786	7.878709145168094E-4	2.1234139923497647E-7	0.5423099351328298
99200000	-9524.85235323347	-8695.51064747804	-829.3417057554284	-8524.910800538073	57.0686704156232	713.379962992395	0.2746918526442956	1.9589507750569959	0.3053812732912316	0.7723427518981929	0.6763111764270955	1.3901090052850003	4.3552636969915	0.8496129647557226	5.179617940469232	1.6445615763799157	0.6092489882012075	1.9589507750569959	0.3053812732912316	0.7723427518981929	0.6763111764270955	1.3901090052850003	4.3552636969915	0.8496129647557226	5.179617940469232	1.6445615763799157	0.6092489882012075	6.339052894997902	0.3067786454423647	0.21027494672321215	0.20899319015230108	0.2739532176821238	0.44782374845092343	62.57803049960116	-811.2074946919738	7.903869400012262E-4	0.5247928117436835	7.237656509682037E-4	1.5844529996941773E-7	0.5072596263161304
99300000	-9522.586478284513	-8675.103304343005	-847.4831739415082	-8510.139453956026	57.99155062461404	768.9839401965233	0.15009880777089832	0.0410935538827698	0.3657748316421004	0.7200469973964511	0.5531391989348026	0.7764487260727182	2.9728638281124753	0.010315979479711985	3.8445700229959	0.16710174391620375	0.02325990355357424	0.0410935538827698	0.3657748316421004	0.7200469973964511	0.5531391989348026	0.7764487260727182	2.9728638281124753	0.010315979479711985	3.8445700229959	0.16710174391620375	0.02325990355357424	6.001712092901763	0.2952995096170984	0.21027494672321215	0.2072809941355195	0.2871445495241717	0.46302462456461124	77.66875267659826	-837.3676904956453	7.779093903970653E-4	0.44846039775476604	7.536858278357044E-4	1.3532768814316412E-7	0.4621789983995694
99400000	-9490.848521670516	-8683.402834330513	-807.4456873400028	-8531.922084599144	45.9506932417001	621.3165864627508	0.14696692641773418	0.35051711158772864	0.02279253394092911	0.14312096171901406	0.7157514574183954	0.3756559015711543	0.5075713821681834	0.1692355184917248	1.1915613035337949	0.38596761078368363	0.10102049663637463	0.35051711158772864	0.02279253394092911	0.14312096171901406	0.7157514574183954	0.3756559015711543	0.5075713821681834	0.1692355184917248	1.1915613035337949	0.38596761078368363	0.10102049663637463	6.591484688833259	0.3068485503622963	0.20632580063591177	0.21123014022281988	0.27559550877897376	0.49601484834336657	51.29580304804286	-802.6718008923318	9.245483897511669E-4	0.47611509627414544	9.129698925089135E-4	2.5238467082219094E-7	0.5311386893741181
99500000	-9498.60915682392	-8674.084105367394	-824.5250514565265	-8503.88781204252	44.28748055212232	656.2581882285364	0.13087301737509296	0.001158081572146084	0.03655938969455204	1.8262533554313258	0.6893257173117723	0.40079327722095	0.9935593312584584	0.5551358766938012	5.2908672710338065	0.4611613323886445	0.5030438069815637	0.001158081572146084	0.03655938969455204	1.8262533554313258	0.6893257173117723	0.40079327722095	0.9935593312584584	0.5551358766938012	5.2908672710338065	0.4611613323886445	0.5030438069815637	7.30882116153143	0.3013128491046993	0.22408589277007918	0.1988640237555515	0.27573723436967174	0.4749321192512272	55.78311931718134	-812.3708487516067	9.296929381011581E-4	0.5491200375272518	8.569541254160656E-4	1.6589211653052922E-7	0.46091128391607694
99600000	-9525.964150713942	-8677.08986032309	-848.874290390851	-8512.602042017048	58.5932593615146	782.4550375252358	0.1421334106345504	0.17190842962715122	0.3904632221583948	1.8837902761864416	0.4380621828897082	0.9714250035067677	0.7793882709469178	0.25402730025306125	2.518522509027048	0.13916368875920143	1.2019726962786788	0.17190842962715122	0.3904632221583948	1.8837902761864416	0.4380621828897082	0.9714250035067677	0.7793882709469178	0.25402730025306125	2.518522509027048	0.13916368875920143	1.2019726962786788	6.67120209434574	0.3095556084134854	0.20749027844971238	0.21433000448907763	0.2686241086477263	0.4424101312864606	57.525226406974184	-840.2116717012407	7.057253641947004E-4	0.3255250929008051	6.57979760442786E-4	1.2266899238523617E-7	0.4809547691640715
99700000	-9531.984662799654	-8690.523921743237	-841.4607410564174	-8528.778360297396	46.94319066407609	718.8246387768448	0.10188114331158937	0.9795476650548559	0.07682330860171091	0.44000851847204636	1.662524686814206	1.5886905785479817	0.04292263638455297	0.716366609233949	3.21063121107033	0.25918928849277517	2.6102417391472845	0.9795476650548559	0.07682330860171091	0.44000851847204636	1.662524686814206	1.5886905785479817	0.04292263638455297	0.716366609233949	3.21063121107033	0.25918928849277517	2.6102417391472845	5.764853073353198	0.3161240681163361	0.20542210731323254	0.20161160331550163	0.27684222125493146	0.5857051637861654	63.91403353880283	-829.8878956606083	8.073690461538489E-4	0.20091547169527252	8.212470678695656E-4	2.6877625091882148E-8	0.20138683312119307
99800000	-9482.2970616241	-8680.008551343286	-802.2885102808137	-8518.1453976204	38.27391150265017	586.2043358584446	0.14219486045530605	0.8449162109588547	0.10132551241016793	0.16483391011032716	0.025094519482167253	0.5833633431947393	1.5912480819691368	0.2457632736239882	1.2709694561123424	0.13274247465497313	0.007105989218072599	0.8449162109588547	0.10132551241016793	0.16483391011032716	0.025094519482167253	0.5833633431947393	1.5912480819691368	0.2457632736239882	1.2709694561123424	0.13274247465497313	0.007105989218072599	5.979683963183797	0.2980740777543871	0.20700139922038285	0.2196615936774506	0.2752629293477812	0.5168824836240631	57.452294176006596	-796.7360524705874	9.410007806679208E-4	0.41238948672611336	9.331654267453267E-4	1.4005066993815557E-7	0.407602331597863
99900000	-9497.784753689777	-8696.352796169673	-801.4319575201037	-8534.11273260296	43.471167573002845	595.8844102397848	0.1796705720982916	0.1660956122482147	0.07489111407385324	0.8881257910746538	4.164289438341793	1.3558546051315332	1.2016008724094855	0.4200657197728066	2.730244143882476	1.0163985412926222	0.3300024155505643	0.1660956122482147	0.07489111407385324	0.8881257910746538	4.164289438341793	1.3558546051315332	1.2016008724094855	0.4200657197728066	2.730244143882476	1.0163985412926222	0.3300024155505643	6.344894916074812	0.2980740777543871	0.2002657013031969	0.20606893736486906	0.2955912835775487	0.5872145725005974	52.658675649944044	-788.4961390339053	9.595820928173501E-4	0.41473252524940635	9.512159194452019E-4	1.457504458780403E-7	0.39938391834344433
100000000	-9499.522344411951	-8689.387092961182	-810.1352514507688	-8516.844922603776	48.09883963118587	648.1995839772733	0.17719566198774733	1.536934652021954	0.06866342832912407	0.5966465000612687	1.7211004360938797	0.5906523598740374	0.051911834433763425	1.6560311962772192	2.4450226924283895	1.3187424211138656	0.30892996916355736	1.536934652021954	0.06866342832912407	0.5966465000612687	1.7211004360938797	0.5906523598740374	0.051911834433763425	1.6560311962772192	2.4450226924283895	1.3187424211138656	0.30892996916355736	6.804258637723292	0.29056562284003323	0.21573292782534503	0.1970306227140073	0.2966708266206162	0.4549973491321828	52.98951963331313	-798.9599998071159	8.600978514218219E-4	0.5567379840278662	8.279732933725103E-4	1.4778167190035522E-7	0.4444127344846435
